Fuel,Hydrogen Source,Carbon Source,Electricity Source,Pathway Name,Region,Number,Year,CapEx [$/tonne],OpEx [$/tonne],Fuel Production LCOF [$/tonne],Fuel Production Emissions [kg CO2e / kg fuel],Land Transport Cost [$/tonne],Land Transport Emissions [kg CO2e / kg fuel],Fuel Storage Cost [$/tonne],Fuel Storage Emissions [kg CO2e / kg fuel],Tanker Transport Cost [$/tonne],Tanker Transport Emissions [kg CO2e / kg fuel],Final LCOF [$/tonne],Final Emissions [kg CO2e / kg fuel]
ammonia,ATRCCS,,grid,ATRCCS_H_grid_E,South Africa,1,2024,153.0005125017031,260.53581734770614,413.5363298494093,1.290814396481858,33.88057380211861,0.0066445524812235,14.145041851870085,0.05672,30.07295742756918,0.1034608295379329,491.63490293096714,1.4576397785010144
ammonia,ATRCCS,,grid,ATRCCS_H_grid_E,Taiwan,1,2024,150.54595882520513,604.6960975057317,755.2420563309369,1.1810559456966798,14.355511307849394,0.0016441948150371,20.433624068150245,0.05088,43.001526987159345,0.1479393459790139,833.0327186940958,1.381519486490731
ammonia,ATRCCS,,grid,ATRCCS_H_grid_E,Switzerland,1,2024,180.81878750201273,1942.4770588783908,2123.2958463804034,0.2804352330895302,37.107292826734586,0.0074709134322373,30.847776734028276,0.00296,0.0,0.0,2191.250915941166,0.29086614652176757
ammonia,ATRCCS,,grid,ATRCCS_H_grid_E,Singapore,1,2024,151.36414338403782,2078.273210545302,2229.63735392934,0.9750709079217558,8.341303481694462,0.0001039595293176,29.91076332939019,0.03992,35.79768272946306,0.1231557607743187,2303.6871034698875,1.1382506282253921
ammonia,ATRCCS,,grid,ATRCCS_H_grid_E,Hungary,1,2024,147.27322058987463,889.2329910135959,1036.5062116034703,0.4999521346598872,63.197701394265366,0.0141526525832837,22.685067023190456,0.01464,0.0,0.0,1122.388980020926,0.5287447872431709
ammonia,ATRCCS,,grid,ATRCCS_H_grid_E,Philippines,1,2024,146.455036031042,563.1567882612874,709.6118242923294,1.14647451599724,18.23837230111739,0.0026385933599904,18.647927761950505,0.04904,41.35944655971732,0.1422900511399434,787.8575709151146,1.3404431604971738
ammonia,ATRCCS,,grid,ATRCCS_H_grid_E,Netherlands,1,2024,167.72783456069052,1382.2854082728777,1550.013242833568,0.6051999641799215,12.831049847445094,0.0012537810812744,26.25354855418913,0.02024,0.0,0.0,1589.0978412352022,0.6266937452611959
ammonia,ATRCCS,,grid,ATRCCS_H_grid_E,Norway,1,2024,185.72789485500857,938.8371856545936,1124.5650805096022,0.2714139905592416,30.667279796307408,0.0058216296700732,18.350612301467965,0.00248,2.5161084543944385,0.0086562377021293,1176.099081061772,0.2883718579314441
ammonia,ATRCCS,,grid,ATRCCS_H_grid_E,Oman,1,2024,156.27325073703364,353.19578929491075,509.4690400319443,1.0442337673206354,27.166098767846073,0.0049249791522318,23.17359889682987,0.0436,25.509822274515017,0.0877621491083225,585.3185599711353,1.1805208955811899
ammonia,ATRCCS,,grid,ATRCCS_H_grid_E,Italy,1,2024,157.09143529586626,1845.2855436078048,2002.3769789036708,0.6578238789399384,21.052123956557303,0.0033591935970013,43.850738158069824,0.0230399999999999,9.606466402457729,0.0330493928081517,2076.886307420756,0.7172724653450914
ammonia,ATRCCS,,grid,ATRCCS_H_grid_E,Austria,1,2024,170.18238823718846,1410.3252489020308,1580.5076371392192,0.3796689009227053,47.10675937684926,0.010031771264898,31.164966337908968,0.0082399999999999,0.0,0.0,1658.7793628539775,0.3979406721876032
ammonia,ATRCCS,,grid,ATRCCS_H_grid_E,Finland,1,2024,176.72786470784956,1225.6697890936814,1402.3976538015309,0.3330591478495474,27.529549154197397,0.0050180585944207,18.262080427828543,0.0057599999999999,4.899852683963293,0.0168570990903532,1453.08913606752,0.3606943055343212
ammonia,ATRCCS,,grid,ATRCCS_H_grid_E,Portugal,1,2024,148.90958970753988,1120.1811722008526,1269.0907619083926,0.3932007647181382,17.16609057239028,0.0023639826044998,18.75934554567035,0.00896,4.8427178184643145,0.0166605364278915,1309.8589158449174,0.42118528375052955
ammonia,ATRCCS,,grid,ATRCCS_H_grid_E,Germany,1,2024,168.54601911952318,1329.540348373852,1498.086367493375,0.7420221425559659,27.98770902087936,0.0051353930819479,30.530687815429072,0.02752,0.0,0.0,1556.6047643296833,0.7746775356379138
ammonia,ATRCCS,,grid,ATRCCS_H_grid_E,Greece,1,2024,150.54595882520516,845.6827835318696,996.2287423570748,0.7059371724348114,15.991134891457742,0.002063077106845,26.11362406815024,0.0256,12.105680641621706,0.0416475088730478,1050.4391819583045,0.7752477584147041
ammonia,ATRCCS,,grid,ATRCCS_H_grid_E,France,1,2024,165.27328088419264,1290.7550457177072,1456.0283266018998,0.2909600160415336,35.57181571589171,0.0070776785965121,22.702130770469285,0.0035199999999999,0.0,0.0,1514.3022730882608,0.3015576946380456
ammonia,ATRCCS,,grid,ATRCCS_H_grid_E,Brazil,1,2024,150.54595882520513,1176.8816860829904,1327.4276449081956,0.3796689009227053,82.03825245129546,0.0189777072503737,17.153624068150243,0.0082399999999999,23.34581834577179,0.0803172663717191,1449.965339773413,0.48720387454479797
ammonia,ATRCCS,,grid,ATRCCS_H_grid_E,United Kingdom,1,2024,174.2733110313516,1402.0500210706348,1576.3233321019864,0.5420512664679009,21.282326130476545,0.0034181482459541,43.270662644108704,0.01688,2.2784712434439927,0.0078386878142199,1643.1547921200156,0.570188102528075
ammonia,ATRCCS,,grid,ATRCCS_H_grid_E,Spain,1,2024,152.18232794287042,942.9641672935136,1095.146495236384,0.4443211390564405,30.463196077087932,0.0057693639428704,17.947902590630136,0.01168,5.974650796719941,0.0205547568481388,1149.532244700822,0.4823252598474497
ammonia,ATRCCS,,grid,ATRCCS_H_grid_E,Sweden,1,2024,180.0006029431801,1640.786118325626,1820.786721268806,0.2789316926678154,31.740731385979313,0.0060965400263024,13.886937472788334,0.0028799999999999,2.0826077853167044,0.0071648533267797,1868.4969979128905,0.2950730860208974
ammonia,ATRCCS,,grid,ATRCCS_H_grid_E,Czech Republic,1,2024,148.90958970753988,1091.2373894940472,1240.146979201587,0.847269972076,45.22934523515019,0.009550966545384,25.23934554567035,0.03312,0.0,0.0,1310.6156699824078,0.889940938621384
ammonia,ATRCCS,,grid,ATRCCS_H_grid_E,Japan,1,2024,176.72786470784956,1091.9883392941897,1268.7162040020394,0.9495107207526046,17.281036398859737,0.0023934201668509,24.582080427828544,0.03856,48.51616394412256,0.1669115044553502,1359.09548477285,1.1573756453748056
ammonia,ATRCCS,,grid,ATRCCS_H_grid_E,Belgium,1,2024,167.72783456069052,971.9586308404184,1139.686465401109,0.4322928156827224,14.751876711800598,0.0017457037749618,28.573548554189134,0.01104,0.0,0.0,1183.0118906670987,0.4450785194576842
ammonia,ATRCCS,,grid,ATRCCS_H_grid_E,Poland,1,2024,151.36414338403782,1452.9836481613945,1604.3477915454323,1.1494815968406695,19.458362490150392,0.0029510321701706,39.91076332939019,0.0492,3.6473177176904814,0.0125479683057283,1667.3642350826633,1.2141805973165685
ammonia,ATRCCS,,grid,ATRCCS_H_grid_E,India,1,2024,144.81866691337672,735.2457431357689,880.0644100491456,1.2893108560601436,52.05383412494387,0.0112987143617046,16.733649239470612,0.0566399999999999,26.93406883774407,0.0926620240625278,975.7859622513042,1.449911594484376
ammonia,ATRCCS,,grid,ATRCCS_H_grid_E,Indonesia,1,2024,131.72771397205452,971.8309536408668,1103.5586676129217,1.1960913499138277,23.18926299464231,0.0039065137183034,11.65942105963146,0.05168,40.68412884942023,0.1399667368906789,1179.0914805166158,1.39164460052281
ammonia,ATRCCS,,grid,ATRCCS_H_grid_E,South Korea,1,2024,153.8186970605357,792.6097456160392,946.4284426765748,0.847269972076,15.415252168520214,0.0019155938611801,16.262181113110028,0.03312,46.85808588748901,0.1612071725288637,1024.963961845694,1.0435127384660439
ammonia,ATRCCS,,grid,ATRCCS_H_grid_E,China,1,2024,149.7277742663725,680.2232426433324,829.9510169097049,1.066786873646357,92.1669955976749,0.0215716727475749,14.156484806910296,0.0448,45.1162208218348,0.1552145858313373,981.3907181361249,1.2883731322252694
ammonia,ATRCCS,,grid,ATRCCS_H_grid_E,United Arab Emirates,1,2024,156.27325073703364,216.0193841458013,372.29263488283493,0.800660219002842,19.114195355194887,0.0028628911579598,15.89359889682987,0.03064,26.093073925337656,0.089768725939644,433.39350306019736,0.9239318361004458
ammonia,ATRCCS,,grid,ATRCCS_H_grid_E,United States,1,2024,163.63691176652733,565.823422664639,729.4603344311663,0.8021637594245568,103.20169342816048,0.0243976527364693,19.18785224798939,0.03072,14.168984909328122,0.0487459517727928,866.0188650166444,0.9060273639338189
ammonia,ATRCCS,,grid,ATRCCS_H_grid_E,Turkey,1,2024,149.7277742663725,528.3288182563829,678.0565925227554,0.9314682356920272,18.28051142252689,0.0026493851655915,18.716484806910294,0.0376,14.658864380879152,0.0504312977060069,729.7124531330717,1.0221489185636257
ammonia,ATRCCS,,grid,ATRCCS_H_grid_E,Australia,1,2024,167.72783456069052,801.9115533711544,969.6393879318448,1.0547585502726389,92.70103380490208,0.0217084396359947,26.33354855418913,0.04416,41.38868772703431,0.1423906503388934,1130.0626580179703,1.263017640247527
ammonia,ATRCCS,,grid,ATRCCS_H_grid_E,Malaysia,1,2024,143.18229779571143,478.05047783544256,621.232775631154,1.1329426522018071,15.699284051622213,0.001988334268773,16.73937071699072,0.04832,35.32670879992707,0.1215354561016608,688.9981391996939,1.3047864425722409
ammonia,ATRCCS,,grid,ATRCCS_H_grid_E,Canada,1,2024,166.9096500018579,371.3232065842303,538.2328565860882,0.487923811286169,128.59682028848616,0.0309013306282598,16.136409292949182,0.0139999999999999,12.838994158135533,0.0441703477030043,695.8050803256591,0.5769954896174331
ammonia,ATRCCS,,grid,ATRCCS_H_grid_E,Mexico,1,2024,144.00048235454403,487.2303882072572,631.2308705618012,1.01416295888634,42.46513156735553,0.0088430529595099,23.416509978230664,0.042,21.628714574179465,0.0744098666409299,718.7412266815669,1.1394158784867796
ammonia,ATRCCS,,grid,ATRCCS_H_grid_E,Thailand,1,2024,145.63685147220934,504.2448697476827,649.881721219892,1.0577656311160686,19.93096669815586,0.0030720658454926,16.93078850071056,0.04432,39.21982592700727,0.134929054932975,725.9633023457658,1.240086751894536
ammonia,ATRCCS,,grid,ATRCCS_H_grid_E,Russia,1,2024,154.63688161936835,243.43459442927175,398.0714760486401,0.8998938868360171,155.5061256160206,0.0377927887849638,14.219320374349977,0.03592,5.257210331622058,0.0180865265172217,573.0541323706328,0.9916932021382026
ammonia,ATRCCS,,grid,ATRCCS_H_grid_E,Saudi Arabia,1,2024,156.27325073703364,152.81104827657038,309.084299013604,1.0547585502726389,38.28959708265963,0.0077737008958684,12.53359889682987,0.04416,16.41934638128767,0.0564879327605256,376.3268413743811,1.163180183929033
ammonia,BG,,grid,BG_H_grid_E,South Africa,1,2024,157.51313647152088,351.1193197775856,508.6324562491064,1.0311091778301718,33.88057380211861,0.0066445524812235,14.145041851870085,0.05672,30.07295742756918,0.1034608295379329,586.7310293306643,1.1979345598493283
ammonia,BG,,grid,BG_H_grid_E,Taiwan,1,2024,154.98618775807398,454.04055293234825,609.0267406904222,0.9460053108229812,14.355511307849394,0.0016441948150371,20.433624068150245,0.05088,43.001526987159345,0.1479393459790139,686.8174030535812,1.1464688516170323
ammonia,BG,,grid,BG_H_grid_E,Switzerland,1,2024,186.1518885572519,664.0876066283822,850.2394951856342,0.247687278805073,37.107292826734586,0.0074709134322373,30.847776734028276,0.00296,0.0,0.0,918.194564746397,0.2581181922373103
ammonia,BG,,grid,BG_H_grid_E,Singapore,1,2024,155.82850399588963,651.0996659430676,806.9281699389572,0.7862898343848286,8.341303481694462,0.0001039595293176,29.91076332939019,0.03992,35.79768272946306,0.1231557607743187,880.977919479505,0.9494695546884648
ammonia,BG,,grid,BG_H_grid_E,Hungary,1,2024,151.61692280681154,497.5391940359513,649.1561168427629,0.4178950128194546,63.197701394265366,0.0141526525832837,22.685067023190456,0.01464,0.0,0.0,735.0388852602186,0.4466876654027383
ammonia,BG,,grid,BG_H_grid_E,Philippines,1,2024,150.77460656899592,425.5117779846987,576.2863845536947,0.9191917636837292,18.23837230111739,0.0026385933599904,18.647927761950505,0.04904,41.35944655971732,0.1422900511399434,654.5321311764799,1.113160408183663
ammonia,BG,,grid,BG_H_grid_E,Netherlands,1,2024,172.67482875220202,570.8205670958139,743.495395848016,0.4995014606345691,12.831049847445094,0.0012537810812744,26.25354855418913,0.02024,0.0,0.0,782.5799942496502,0.5209952417158435
ammonia,BG,,grid,BG_H_grid_E,Norway,1,2024,191.20578598414568,443.68215331282136,634.887939296967,0.2406924404209204,30.667279796307408,0.0058216296700732,18.350612301467965,0.00248,2.5161084543944385,0.0086562377021293,686.4219398491368,0.25765030779312287
ammonia,BG,,grid,BG_H_grid_E,Oman,1,2024,160.88240142278335,479.4774008452098,640.3598022679931,0.8399169286633323,27.166098767846073,0.0049249791522318,23.17359889682987,0.0436,25.509822274515017,0.0877621491083225,716.2093222071841,0.9762040569238866
ammonia,BG,,grid,BG_H_grid_E,Italy,1,2024,161.72471766059894,836.0163019590485,997.7410196196474,0.5403046845421263,21.052123956557303,0.0033591935970013,43.850738158069824,0.0230399999999999,9.606466402457729,0.0330493928081517,1072.2503481367323,0.5997532709472793
ammonia,BG,,grid,BG_H_grid_E,Austria,1,2024,175.2017774656489,641.3990240818285,816.6008015474774,0.3246305010307524,47.10675937684926,0.010031771264898,31.164966337908968,0.0082399999999999,0.0,0.0,894.8725272622356,0.34290227229565035
ammonia,BG,,grid,BG_H_grid_E,Finland,1,2024,181.94030736817385,451.91857543448685,633.8588828026607,0.2884905027126303,27.529549154197397,0.0050180585944207,18.262080427828543,0.0057599999999999,4.899852683963293,0.0168570990903532,684.55036506865,0.31612566039740414
ammonia,BG,,grid,BG_H_grid_E,Portugal,1,2024,153.30155528244276,452.82980534488,606.1313606273227,0.3351227586069814,17.16609057239028,0.0023639826044998,18.75934554567035,0.00896,4.8427178184643145,0.0166605364278915,646.8995145638477,0.3631072776393727
ammonia,BG,,grid,BG_H_grid_E,Germany,1,2024,173.51714499001764,633.7071207667581,807.2242657567757,0.6055898427942179,27.98770902087936,0.0051353930819479,30.530687815429072,0.02752,0.0,0.0,865.7426625930841,0.6382452358761658
ammonia,BG,,grid,BG_H_grid_E,Greece,1,2024,154.98618775807398,546.0501584174367,701.0363461755107,0.5776104892576073,15.991134891457742,0.002063077106845,26.11362406815024,0.0256,12.105680641621706,0.0416475088730478,755.2467857767404,0.6469210752375
ammonia,BG,,grid,BG_H_grid_E,France,1,2024,170.14788003875515,521.2591016972744,691.4069817360296,0.2558479235865845,35.57181571589171,0.0070776785965121,22.702130770469285,0.0035199999999999,0.0,0.0,749.6809282223905,0.2664456021830965
ammonia,BG,,grid,BG_H_grid_E,Brazil,1,2024,154.98618775807398,429.0700920451944,584.0562798032684,0.3246305010307524,82.03825245129546,0.0189777072503737,17.153624068150243,0.0082399999999999,23.34581834577179,0.0803172663717191,706.5939746684859,0.4321654746528451
ammonia,BG,,grid,BG_H_grid_E,United Kingdom,1,2024,179.41335865472695,800.2090560131296,979.6224146678566,0.4505375919455004,21.282326130476545,0.0034181482459541,43.270662644108704,0.01688,2.2784712434439927,0.0078386878142199,1046.453874685886,0.47867442800567445
ammonia,BG,,grid,BG_H_grid_E,Spain,1,2024,156.67082023370523,441.06484575635073,597.735665990056,0.3747601761171798,30.463196077087932,0.0057693639428704,17.947902590630136,0.01168,5.974650796719941,0.0205547568481388,652.121415454494,0.41276429690818905
ammonia,BG,,grid,BG_H_grid_E,Sweden,1,2024,185.3095723194363,406.58705640076766,591.896628720204,0.2465214724077142,31.740731385979313,0.0060965400263024,13.886937472788334,0.0028799999999999,2.0826077853167044,0.0071648533267797,639.6069053642883,0.26266286576079617
ammonia,BG,,grid,BG_H_grid_E,Czech Republic,1,2024,153.30155528244276,542.492735896139,695.7942911785818,0.6871962906093324,45.22934523515019,0.009550966545384,25.23934554567035,0.03312,0.0,0.0,766.2629819594024,0.7298672571547165
ammonia,BG,,grid,BG_H_grid_E,Japan,1,2024,181.94030736817385,525.460042247894,707.4003496160678,0.7664711256297294,17.281036398859737,0.0023934201668509,24.582080427828544,0.03856,48.51616394412256,0.1669115044553502,797.7796303868788,0.9743360502519305
ammonia,BG,,grid,BG_H_grid_E,Belgium,1,2024,172.67482875220202,595.719546975557,768.3943757277591,0.3654337249383096,14.751876711800598,0.0017457037749618,28.573548554189134,0.01104,0.0,0.0,811.7198009937489,0.3782194287132714
ammonia,BG,,grid,BG_H_grid_E,Poland,1,2024,155.82850399588963,755.6413431339782,911.4698471298678,0.9215233764784468,19.458362490150392,0.0029510321701706,39.91076332939019,0.0492,3.6473177176904814,0.0125479683057283,974.486290667099,0.9862223769543458
ammonia,BG,,grid,BG_H_grid_E,India,1,2024,149.08997409336467,405.70371023103127,554.7936843243959,1.0299433714328132,52.05383412494387,0.0112987143617046,16.733649239470612,0.0566399999999999,26.93406883774407,0.0926620240625278,650.5152365265545,1.1905441098570455
ammonia,BG,,grid,BG_H_grid_E,Indonesia,1,2024,135.61291428831473,351.1311669291599,486.7440812174747,0.9576633747965688,23.18926299464231,0.0039065137183034,11.65942105963146,0.05168,40.68412884942023,0.1399667368906789,562.2768941211687,1.1532166254055511
ammonia,BG,,grid,BG_H_grid_E,South Korea,1,2024,158.35545270933648,409.5423905633441,567.8978432726806,0.6871962906093324,15.415252168520214,0.0019155938611801,16.262181113110028,0.03312,46.85808588748901,0.1612071725288637,646.4333624417998,0.8834390569993763
ammonia,BG,,grid,BG_H_grid_E,China,1,2024,154.1438715202584,366.82092286203726,520.9647943822956,0.8574040246237141,92.1669955976749,0.0215716727475749,14.156484806910296,0.0448,45.1162208218348,0.1552145858313373,672.4044956087156,1.0789902832026264
ammonia,BG,,grid,BG_H_grid_E,United Arab Emirates,1,2024,160.88240142278335,373.022071178446,533.9044726012294,0.6510562922912103,19.114195355194887,0.0028628911579598,15.89359889682987,0.03064,26.093073925337656,0.089768725939644,595.0053407785917,0.7743279093888141
ammonia,BG,,grid,BG_H_grid_E,United States,1,2024,168.46324756312393,447.3568221773321,615.820069740456,0.6522220986885692,103.20169342816048,0.0243976527364693,19.18785224798939,0.03072,14.168984909328122,0.0487459517727928,752.3786003259341,0.7560857031978313
ammonia,BG,,grid,BG_H_grid_E,Turkey,1,2024,154.1438715202584,425.7185342232276,579.862405743486,0.752481448861424,18.28051142252689,0.0026493851655915,18.716484806910294,0.0376,14.658864380879152,0.0504312977060069,631.5182663538023,0.8431621317330223
ammonia,BG,,grid,BG_H_grid_E,Australia,1,2024,172.67482875220202,553.0076302050171,725.6824589572191,0.8480775734448438,92.70103380490208,0.0217084396359947,26.33354855418913,0.04416,41.38868772703431,0.1423906503388934,886.1057290433446,1.0563366634197318
ammonia,BG,,grid,BG_H_grid_E,Malaysia,1,2024,147.40534161773346,398.23628544811675,545.6416270658502,0.9086995061075004,15.699284051622213,0.001988334268773,16.73937071699072,0.04832,35.32670879992707,0.1215354561016608,613.4069906343901,1.0805432964779342
ammonia,BG,,grid,BG_H_grid_E,Canada,1,2024,171.83251251438642,390.4245266856483,562.2570392000347,0.4085685616405844,128.59682028848616,0.0309013306282598,16.136409292949182,0.0139999999999999,12.838994158135533,0.0441703477030043,719.8292629396055,0.4976402399718484
ammonia,BG,,grid,BG_H_grid_E,Mexico,1,2024,148.24765785554905,491.3754140524211,639.6230719079701,0.8166008007161568,42.46513156735553,0.0088430529595099,23.416509978230664,0.042,21.628714574179465,0.0744098666409299,727.1334280277358,0.9418537203165966
ammonia,BG,,grid,BG_H_grid_E,Thailand,1,2024,149.9322903311803,399.67412436609146,549.6064146972717,0.8504091862395614,19.93096669815586,0.0030720658454926,16.93078850071056,0.04432,39.21982592700727,0.134929054932975,625.6879958231455,1.032730307018029
ammonia,BG,,grid,BG_H_grid_E,Russia,1,2024,159.1977689471521,348.5528216004495,507.7505905476016,0.7279995145168896,155.5061256160206,0.0377927887849638,14.219320374349977,0.03592,5.257210331622058,0.0180865265172217,682.7332468695943,0.819798829819075
ammonia,BG,,grid,BG_H_grid_E,Saudi Arabia,1,2024,160.88240142278335,323.552136125917,484.4345375487004,0.8480775734448438,38.28959708265963,0.0077737008958684,12.53359889682987,0.04416,16.41934638128767,0.0564879327605256,551.6770799094776,0.9564992071012377
ammonia,LTE,,grid,LTE_H_grid_E,South Africa,1,2024,180.824325,920.892276752878,1101.716601752878,7.12767760001,33.88057380211861,0.0066445524812235,14.145041851870085,0.05672,30.07295742756918,0.1034608295379329,1179.8151748344358,7.294502982029156
ammonia,LTE,,grid,LTE_H_grid_E,Taiwan,1,2024,177.92340000000002,1723.3275091508235,1901.2509091508236,6.39379824204,14.355511307849394,0.0016441948150371,20.433624068150245,0.05088,43.001526987159345,0.1479393459790139,1979.0415715139827,6.59426178283405
ammonia,LTE,,grid,LTE_H_grid_E,Switzerland,1,2024,213.701475,2882.8911521218747,3096.5926271218746,0.37196624993,37.107292826734586,0.0074709134322373,30.847776734028276,0.00296,0.0,0.0,3164.5476966826373,0.38239716336223734
ammonia,LTE,,grid,LTE_H_grid_E,Singapore,1,2024,178.890375,2917.498455170428,3096.388830170428,5.01651780311,8.341303481694462,0.0001039595293176,29.91076332939019,0.03992,35.79768272946306,0.1231557607743187,3170.4385797109753,5.179697523413637
ammonia,LTE,,grid,LTE_H_grid_E,Hungary,1,2024,174.05550000000002,2025.961347296341,2200.016847296341,1.83972496587,63.197701394265366,0.0141526525832837,22.685067023190456,0.01464,0.0,0.0,2285.899615713797,1.8685176184532837
ammonia,LTE,,grid,LTE_H_grid_E,Philippines,1,2024,173.08852500000003,1520.2338862009954,1693.3224112009957,6.16257597857,18.23837230111739,0.0026385933599904,18.647927761950505,0.04904,41.35944655971732,0.1422900511399434,1771.568157823781,6.356544623069933
ammonia,LTE,,grid,LTE_H_grid_E,Netherlands,1,2024,198.229875,2370.3831506036677,2568.6130256036677,2.5434448981699997,12.831049847445094,0.0012537810812744,26.25354855418913,0.02024,0.0,0.0,2607.697624005302,2.564938679251274
ammonia,LTE,,grid,LTE_H_grid_E,Norway,1,2024,219.503325,1281.9010519259252,1501.4043769259251,0.3116473985899999,30.667279796307408,0.0058216296700732,18.350612301467965,0.00248,2.5161084543944385,0.0086562377021293,1552.938377478095,0.3286052659622024
ammonia,LTE,,grid,LTE_H_grid_E,Oman,1,2024,184.69222500000004,2038.4590332403752,2223.1512582403757,5.47896233005,27.166098767846073,0.0049249791522318,23.17359889682987,0.0436,25.509822274515017,0.0877621491083225,2299.0007781795666,5.615249458310554
ammonia,LTE,,grid,LTE_H_grid_E,Italy,1,2024,185.65920000000003,4638.411770167932,4824.0709701679325,2.89530486432,21.052123956557303,0.0033591935970013,43.850738158069824,0.0230399999999999,9.606466402457729,0.0330493928081517,4898.580298685018,2.954753450725153
ammonia,LTE,,grid,LTE_H_grid_E,Austria,1,2024,201.1308,2974.568290201216,3175.699090201216,1.03547361467,47.10675937684926,0.010031771264898,31.164966337908968,0.0082399999999999,0.0,0.0,3253.9708159159745,1.053745385934898
ammonia,LTE,,grid,LTE_H_grid_E,Finland,1,2024,208.8666,1317.8081714391365,1526.6747714391363,0.72382621608,27.529549154197397,0.0050180585944207,18.262080427828543,0.0057599999999999,4.899852683963293,0.0168570990903532,1577.3662537051255,0.7514613737647737
ammonia,LTE,,grid,LTE_H_grid_E,Portugal,1,2024,175.98945000000003,1526.0387645619442,1702.0282145619442,1.12595189168,17.16609057239028,0.0023639826044998,18.75934554567035,0.00896,4.8427178184643145,0.0166605364278915,1742.796368498469,1.1539364107123915
ammonia,LTE,,grid,LTE_H_grid_E,Germany,1,2024,199.19685000000004,2907.827325985751,3107.024175985751,3.45828081016,27.98770902087936,0.0051353930819479,30.530687815429072,0.02752,0.0,0.0,3165.5425728220594,3.490936203241948
ammonia,LTE,,grid,LTE_H_grid_E,Greece,1,2024,177.92340000000002,2440.708151412983,2618.6315514129833,3.2170054047999996,15.991134891457742,0.002063077106845,26.11362406815024,0.0256,12.105680641621706,0.0416475088730478,2672.8419910142134,3.2863159907798924
ammonia,LTE,,grid,LTE_H_grid_E,France,1,2024,195.32895,1938.3001773843357,2133.629127384336,0.4423382431599999,35.57181571589171,0.0070776785965121,22.702130770469285,0.0035199999999999,0.0,0.0,2191.903073870697,0.45293592175651193
ammonia,LTE,,grid,LTE_H_grid_E,Brazil,1,2024,177.92340000000002,1311.822540871359,1489.745940871359,1.03547361467,82.03825245129546,0.0189777072503737,17.153624068150243,0.0082399999999999,23.34581834577179,0.0803172663717191,1612.2836357365763,1.1430085882920926
ammonia,LTE,,grid,LTE_H_grid_E,United Kingdom,1,2024,205.965675,4470.273306242968,4676.238981242968,2.12121293879,21.282326130476545,0.0034181482459541,43.270662644108704,0.01688,2.2784712434439927,0.0078386878142199,4743.0704412609975,2.1493497748501738
ammonia,LTE,,grid,LTE_H_grid_E,Spain,1,2024,179.85735000000005,1410.2016511059962,1590.0590011059962,1.4677587159399998,30.463196077087932,0.0057693639428704,17.947902590630136,0.01168,5.974650796719941,0.0205547568481388,1644.4447505704343,1.505762836731009
ammonia,LTE,,grid,LTE_H_grid_E,Sweden,1,2024,212.73450000000005,750.5312732274347,963.2657732274348,0.36191310804,31.740731385979313,0.0060965400263024,13.886937472788334,0.0028799999999999,2.0826077853167044,0.0071648533267797,1010.9760498715191,0.37805450139308194
ammonia,LTE,,grid,LTE_H_grid_E,Czech Republic,1,2024,175.98945000000003,2343.020696805572,2519.010146805572,4.16200074246,45.22934523515019,0.009550966545384,25.23934554567035,0.03312,0.0,0.0,2589.4788375863923,4.2046717090053845
ammonia,LTE,,grid,LTE_H_grid_E,Japan,1,2024,208.8666,2103.5995822680966,2312.4661822680964,4.845614390979999,17.281036398859737,0.0023934201668509,24.582080427828544,0.03856,48.51616394412256,0.1669115044553502,2402.8454630389074,5.053479315602201
ammonia,LTE,,grid,LTE_H_grid_E,Belgium,1,2024,198.229875,2666.2304643869347,2864.4603393869347,1.38733358082,14.751876711800598,0.0017457037749618,28.573548554189134,0.01104,0.0,0.0,2907.785764652924,1.4001192845949617
ammonia,LTE,,grid,LTE_H_grid_E,Poland,1,2024,178.890375,4169.0954557416035,4347.985830741603,6.182682262349999,19.458362490150392,0.0029510321701706,39.91076332939019,0.0492,3.6473177176904814,0.0125479683057283,4411.002274278835,6.247381262825899
ammonia,LTE,,grid,LTE_H_grid_E,India,1,2024,171.15457500000002,1287.8000450294169,1458.954620029417,7.11762445812,52.05383412494387,0.0112987143617046,16.733649239470612,0.0566399999999999,26.93406883774407,0.0926620240625278,1554.6761722315755,7.278225196544232
ammonia,LTE,,grid,LTE_H_grid_E,Indonesia,1,2024,155.682975,723.9187674270382,879.6017424270383,6.494329660939999,23.18926299464231,0.0039065137183034,11.65942105963146,0.05168,40.68412884942023,0.1399667368906789,955.1345553307322,6.689882911548981
ammonia,LTE,,grid,LTE_H_grid_E,South Korea,1,2024,181.7913,1185.245080548078,1367.036380548078,4.16200074246,15.415252168520214,0.0019155938611801,16.262181113110028,0.03312,46.85808588748901,0.1612071725288637,1445.5718997171973,4.358243508850044
ammonia,LTE,,grid,LTE_H_grid_E,China,1,2024,176.95642500000002,937.5378130830512,1114.4942380830512,5.629759458400001,92.1669955976749,0.0215716727475749,14.156484806910296,0.0448,45.1162208218348,0.1552145858313373,1265.9339393094713,5.851345716978913
ammonia,LTE,,grid,LTE_H_grid_E,United Arab Emirates,1,2024,184.69222500000004,1122.6280470724914,1307.3202720724914,3.85035334387,19.114195355194887,0.0028628911579598,15.89359889682987,0.03064,26.093073925337656,0.089768725939644,1368.4211402498538,3.9736249609676038
ammonia,LTE,,grid,LTE_H_grid_E,United States,1,2024,193.395,1506.3554430863144,1699.7504430863144,3.86040648576,103.20169342816048,0.0243976527364693,19.18785224798939,0.03072,14.168984909328122,0.0487459517727928,1836.3089736717925,3.9642700902692622
ammonia,LTE,,grid,LTE_H_grid_E,Turkey,1,2024,176.95642500000002,1511.4704532801825,1688.4268782801823,4.7249766883,18.28051142252689,0.0026493851655915,18.716484806910294,0.0376,14.658864380879152,0.0504312977060069,1740.0827388904986,4.815657371171599
ammonia,LTE,,grid,LTE_H_grid_E,Australia,1,2024,198.229875,2382.6763256580075,2580.9062006580075,5.54933432328,92.70103380490208,0.0217084396359947,26.33354855418913,0.04416,41.38868772703431,0.1423906503388934,2741.3294707441332,5.757593413254888
ammonia,LTE,,grid,LTE_H_grid_E,Malaysia,1,2024,169.220625,1298.3502016002758,1467.5708266002755,6.07209770156,15.699284051622213,0.001988334268773,16.73937071699072,0.04832,35.32670879992707,0.1215354561016608,1535.3361901688154,6.243941491930435
ammonia,LTE,,grid,LTE_H_grid_E,Canada,1,2024,197.26290000000003,1101.697074925346,1298.959974925346,1.7592998307499998,128.59682028848616,0.0309013306282598,16.136409292949182,0.0139999999999999,12.838994158135533,0.0441703477030043,1456.532198664917,1.8483715090812636
ammonia,LTE,,grid,LTE_H_grid_E,Mexico,1,2024,170.1876,2133.808898413049,2303.9964984130493,5.27789949225,42.46513156735553,0.0088430529595099,23.416509978230664,0.042,21.628714574179465,0.0744098666409299,2391.506854532815,5.40315241185044
ammonia,LTE,,grid,LTE_H_grid_E,Thailand,1,2024,172.12155,1308.616335284922,1480.7378852849222,5.569440607060001,19.93096669815586,0.0030720658454926,16.93078850071056,0.04432,39.21982592700727,0.134929054932975,1556.819466410796,5.751761727838469
ammonia,LTE,,grid,LTE_H_grid_E,Russia,1,2024,182.75827500000003,917.9995467885732,1100.7578217885734,4.51386070861,155.5061256160206,0.0377927887849638,14.219320374349977,0.03592,5.257210331622058,0.0180865265172217,1275.740478110566,4.605660023912186
ammonia,LTE,,grid,LTE_H_grid_E,Saudi Arabia,1,2024,184.69222500000004,700.1571809078364,884.8494059078364,5.54933432328,38.28959708265963,0.0077737008958684,12.53359889682987,0.04416,16.41934638128767,0.0564879327605256,952.0919482686136,5.657755956936394
ammonia,SMR,,grid,SMR_H_grid_E,South Africa,1,2024,119.73483389148348,215.3399475307631,335.07478142224664,2.6477589556245733,33.88057380211861,0.0066445524812235,14.145041851870085,0.05672,30.07295742756918,0.1034608295379329,413.1733545038045,2.81458433764373
ammonia,SMR,,grid,SMR_H_grid_E,Taiwan,1,2024,117.81395420338478,505.0686485733085,622.8826027766933,2.5669854749957652,14.355511307849394,0.0016441948150371,20.433624068150245,0.05088,43.001526987159345,0.1479393459790139,700.6732651398522,2.767449015789816
ammonia,SMR,,grid,SMR_H_grid_E,Switzerland,1,2024,141.50480368993502,1697.7458109841618,1839.2506146740968,1.9042003394251303,37.107292826734586,0.0074709134322373,30.847776734028276,0.00296,0.0,0.0,1907.2056842348597,1.9146312528573677
ammonia,SMR,,grid,SMR_H_grid_E,Singapore,1,2024,118.45424743275105,1816.6509995918595,1935.105247024611,2.4153968880622476,8.341303481694462,0.0001039595293176,29.91076332939019,0.03992,35.79768272946306,0.1231557607743187,2009.1549965651586,2.578576608365884
ammonia,SMR,,grid,SMR_H_grid_E,Hungary,1,2024,115.25278128591992,757.3273143415198,872.5800956274397,2.0657473006827476,63.197701394265366,0.0141526525832837,22.685067023190456,0.01464,0.0,0.0,958.4628640448955,2.094539953266031
ammonia,SMR,,grid,SMR_H_grid_E,Philippines,1,2024,114.61248805655369,472.9107248264546,587.5232128830083,2.5415362961675103,18.23837230111739,0.0026385933599904,18.647927761950505,0.04904,41.35944655971732,0.1422900511399434,665.7689595057935,2.7355049406674445
ammonia,SMR,,grid,SMR_H_grid_E,Netherlands,1,2024,131.26011202007544,1200.138618361317,1331.3987303813924,2.143201323203523,12.831049847445094,0.0012537810812744,26.25354855418913,0.02024,0.0,0.0,1370.4833287830265,2.1646951042847973
ammonia,SMR,,grid,SMR_H_grid_E,Norway,1,2024,145.34656306613235,826.9906770794055,972.337240145538,1.897561423209064,30.667279796307408,0.0058216296700732,18.350612301467965,0.00248,2.5161084543944385,0.0086562377021293,1023.8712406977078,1.9145192905812667
ammonia,SMR,,grid,SMR_H_grid_E,Oman,1,2024,122.29600680894836,271.384196261659,393.6802030706074,2.466295245718757,27.166098767846073,0.0049249791522318,23.17359889682987,0.0436,25.509822274515017,0.0877621491083225,469.5297230097983,2.6025823739793115
ammonia,SMR,,grid,SMR_H_grid_E,Italy,1,2024,122.93630003831456,1560.079611783978,1683.0159118222923,2.1819283344639104,21.052123956557303,0.0033591935970013,43.850738158069824,0.0230399999999999,9.606466402457729,0.0330493928081517,1757.5252403393772,2.2413769208690635
ammonia,SMR,,grid,SMR_H_grid_E,Austria,1,2024,133.18099170817413,1209.5098929491264,1342.6908846573006,1.977228417801861,47.10675937684926,0.010031771264898,31.164966337908968,0.0082399999999999,0.0,0.0,1420.9626103720589,1.995500189066759
ammonia,SMR,,grid,SMR_H_grid_E,Finland,1,2024,138.3033375431039,1086.0487281213736,1224.3520656644775,1.942927350685518,27.529549154197397,0.0050180585944207,18.262080427828543,0.0057599999999999,4.899852683963293,0.0168570990903532,1275.0435479304667,1.9705625083702918
ammonia,SMR,,grid,SMR_H_grid_E,Portugal,1,2024,116.53336774465237,981.9538085579244,1098.4871763025767,1.9871867921259612,17.16609057239028,0.0023639826044998,18.75934554567035,0.00896,4.8427178184643145,0.0166605364278915,1139.2553302391016,2.0151713111583525
ammonia,SMR,,grid,SMR_H_grid_E,Germany,1,2024,131.9004052494417,1140.189783619112,1272.0901888685537,2.2438915524805307,27.98770902087936,0.0051353930819479,30.530687815429072,0.02752,0.0,0.0,1330.608585704862,2.2765469455624787
ammonia,SMR,,grid,SMR_H_grid_E,Greece,1,2024,117.8139542033848,707.3167817338548,825.1307359372396,2.2173358876162648,15.991134891457742,0.002063077106845,26.11362406815024,0.0256,12.105680641621706,0.0416475088730478,879.3411755384692,2.2866464735961576
ammonia,SMR,,grid,SMR_H_grid_E,France,1,2024,129.3392323319768,1127.7218127412136,1257.0610450731904,1.911945741677208,35.57181571589171,0.0070776785965121,22.702130770469285,0.0035199999999999,0.0,0.0,1315.3349915595513,1.9225434202737202
ammonia,SMR,,grid,SMR_H_grid_E,Brazil,1,2024,117.81395420338478,1036.9611903157872,1154.775144519172,1.977228417801861,82.03825245129546,0.0189777072503737,17.153624068150243,0.0082399999999999,23.34581834577179,0.0803172663717191,1277.3128393843895,2.0847633914239534
ammonia,SMR,,grid,SMR_H_grid_E,United Kingdom,1,2024,136.3824578550052,1163.6648417366862,1300.0472995916914,2.0967289096910577,21.282326130476545,0.0034181482459541,43.270662644108704,0.01688,2.2784712434439927,0.0078386878142199,1366.8787596097206,2.1248657457512317
ammonia,SMR,,grid,SMR_H_grid_E,Spain,1,2024,119.09454066211724,824.8309351474464,943.9254758095636,2.0248073173503376,30.463196077087932,0.0057693639428704,17.947902590630136,0.01168,5.974650796719941,0.0205547568481388,998.3112252740017,2.062811438141347
ammonia,SMR,,grid,SMR_H_grid_E,Sweden,1,2024,140.8645104605688,1478.2706430361102,1619.1351534966789,1.9030938533891193,31.740731385979313,0.0060965400263024,13.886937472788334,0.0028799999999999,2.0826077853167044,0.0071648533267797,1666.8454301407633,1.9192352467422014
ammonia,SMR,,grid,SMR_H_grid_E,Czech Republic,1,2024,116.53336774465237,936.8495782474782,1053.3829459921303,2.321345575001306,45.22934523515019,0.009550966545384,25.23934554567035,0.03312,0.0,0.0,1123.851636772951,2.36401654154669
ammonia,SMR,,grid,SMR_H_grid_E,Japan,1,2024,138.3033375431039,939.7574216032256,1078.0607591463297,2.3965866254500594,17.281036398859737,0.0023934201668509,24.582080427828544,0.03856,48.51616394412256,0.1669115044553502,1168.4400399171404,2.6044515500722603
ammonia,SMR,,grid,SMR_H_grid_E,Belgium,1,2024,131.26011202007544,820.1621329185747,951.42224493865,2.0159554290622492,14.751876711800598,0.0017457037749618,28.573548554189134,0.01104,0.0,0.0,994.7476702046398,2.028741132837211
ammonia,SMR,,grid,SMR_H_grid_E,Poland,1,2024,118.45424743275105,1215.6550271794774,1334.1092746122283,2.5437492682395324,19.458362490150392,0.0029510321701706,39.91076332939019,0.0492,3.6473177176904814,0.0125479683057283,1397.1257181494593,2.608448268715431
ammonia,SMR,,grid,SMR_H_grid_E,India,1,2024,113.33190159782124,634.533113356503,747.8650149543242,2.6466524695885623,52.05383412494387,0.0112987143617046,16.733649239470612,0.0566399999999999,26.93406883774407,0.0926620240625278,843.5865671564828,2.8072532080127943
ammonia,SMR,,grid,SMR_H_grid_E,Indonesia,1,2024,103.0872099279617,864.5297521938274,967.6169621217892,2.5780503353558757,23.18926299464231,0.0039065137183034,11.65942105963146,0.05168,40.68412884942023,0.1399667368906789,1043.1497750254832,2.773603585964858
ammonia,SMR,,grid,SMR_H_grid_E,South Korea,1,2024,120.37512712084968,690.6791233764598,811.0542504973095,2.321345575001306,15.415252168520214,0.0019155938611801,16.262181113110028,0.03312,46.85808588748901,0.1612071725288637,889.5897696664287,2.51758834139135
ammonia,SMR,,grid,SMR_H_grid_E,China,1,2024,117.17366097401856,594.0447932933162,711.2184542673348,2.482892536258923,92.1669955976749,0.0215716727475749,14.156484806910296,0.0448,45.1162208218348,0.1552145858313373,862.6581554937547,2.704478794837835
ammonia,SMR,,grid,SMR_H_grid_E,United Arab Emirates,1,2024,122.29600680894836,169.53545631442444,291.8314631233728,2.287044507884963,19.114195355194887,0.0028628911579598,15.89359889682987,0.03064,26.093073925337656,0.089768725939644,352.93233130073526,2.4103161249825664
ammonia,SMR,,grid,SMR_H_grid_E,United States,1,2024,128.05864587324433,479.9257733760998,607.9844192493442,2.288150993920974,103.20169342816048,0.0243976527364693,19.18785224798939,0.03072,14.168984909328122,0.0487459517727928,744.5429498348224,2.392014598430236
ammonia,SMR,,grid,SMR_H_grid_E,Turkey,1,2024,117.17366097401856,441.42020632647217,558.5938673004907,2.3833087930179264,18.28051142252689,0.0026493851655915,18.716484806910294,0.0376,14.658864380879152,0.0504312977060069,610.249727910807,2.4739894758895247
ammonia,SMR,,grid,SMR_H_grid_E,Australia,1,2024,131.26011202007544,673.2574534477911,804.5175654678666,2.474040647970835,92.70103380490208,0.0217084396359947,26.33354855418913,0.04416,41.38868772703431,0.1423906503388934,964.9408355539921,2.6822997379457227
ammonia,SMR,,grid,SMR_H_grid_E,Malaysia,1,2024,112.0513151390888,400.5726208943739,512.6239360334628,2.531577921843411,15.699284051622213,0.001988334268773,16.73937071699072,0.04832,35.32670879992707,0.1215354561016608,580.3892996020027,2.7034217122138444
ammonia,SMR,,grid,SMR_H_grid_E,Canada,1,2024,130.61981879070922,313.27449572191,443.8943145126192,2.056895412394659,128.59682028848616,0.0309013306282598,16.136409292949182,0.0139999999999999,12.838994158135533,0.0441703477030043,601.46653825219,2.145967090725923
ammonia,SMR,,grid,SMR_H_grid_E,Mexico,1,2024,112.69160836845502,388.0002050474434,500.6918134158984,2.4441655249985357,42.46513156735553,0.0088430529595099,23.416509978230664,0.042,21.628714574179465,0.0744098666409299,588.2021695356641,2.569418444598975
ammonia,SMR,,grid,SMR_H_grid_E,Thailand,1,2024,113.97219482718748,424.51640570977105,538.4886005369585,2.476253620042857,19.93096669815586,0.0030720658454926,16.93078850071056,0.04432,39.21982592700727,0.134929054932975,614.5701816628323,2.6585747408213245
ammonia,SMR,,grid,SMR_H_grid_E,Russia,1,2024,121.01542035021592,197.698114044941,318.7135343951569,2.360072586261694,155.5061256160206,0.0377927887849638,14.219320374349977,0.03592,5.257210331622058,0.0180865265172217,493.69619071714953,2.4518719015638792
ammonia,SMR,,grid,SMR_H_grid_E,Saudi Arabia,1,2024,122.29600680894836,123.00340760798824,245.2994144169366,2.474040647970835,38.28959708265963,0.0077737008958684,12.53359889682987,0.04416,16.41934638128767,0.0564879327605256,312.5419567777137,2.5824622816272287
ammonia,SMRCCS,,grid,SMRCCS_H_grid_E,South Africa,1,2024,168.27093493540457,272.0229198357109,440.2938547711155,1.2877608536669851,33.88057380211861,0.0066445524812235,14.145041851870085,0.05672,30.07295742756918,0.1034608295379329,518.3924278526733,1.4545862356861416
ammonia,SMRCCS,,grid,SMRCCS_H_grid_E,Taiwan,1,2024,165.5714012198633,638.476333088554,804.0477343084174,1.188952123323993,14.355511307849394,0.0016441948150371,20.433624068150245,0.05088,43.001526987159345,0.1479393459790139,881.8383966715763,1.3894156641180442
ammonia,SMRCCS,,grid,SMRCCS_H_grid_E,Switzerland,1,2024,198.86565037820537,2164.63346956249,2363.499119940695,0.3781791168109484,37.107292826734586,0.0074709134322373,30.847776734028276,0.00296,0.0,0.0,2431.4541895014577,0.38861003024318574
ammonia,SMRCCS,,grid,SMRCCS_H_grid_E,Singapore,1,2024,166.4712457917104,2317.066647209594,2483.5378930013044,1.0035165608994736,8.341303481694462,0.0001039595293176,29.91076332939019,0.03992,35.79768272946306,0.1231557607743187,2557.587642541852,1.1666962812031099
ammonia,SMRCCS,,grid,SMRCCS_H_grid_E,Hungary,1,2024,161.97202293247497,961.0660077810152,1123.03803071349,0.5757965774969326,63.197701394265366,0.0141526525832837,22.685067023190456,0.01464,0.0,0.0,1208.9207991309456,0.6045892300802163
ammonia,SMRCCS,,grid,SMRCCS_H_grid_E,Philippines,1,2024,161.07217836062787,598.7302445804397,759.8024229410676,1.157820605544694,18.23837230111739,0.0026385933599904,18.647927761950505,0.04904,41.35944655971732,0.1422900511399434,838.0481695638528,1.3517892500446278
ammonia,SMRCCS,,grid,SMRCCS_H_grid_E,Netherlands,1,2024,184.46813722865204,1528.4122847506458,1712.8804219792978,0.670544675086103,12.831049847445094,0.0012537810812744,26.25354855418913,0.02024,0.0,0.0,1751.965020380932,0.6920384561673775
ammonia,SMRCCS,,grid,SMRCCS_H_grid_E,Norway,1,2024,204.2647178092879,1056.270264721175,1260.534982530463,0.3700578513033052,30.667279796307408,0.0058216296700732,18.350612301467965,0.00248,2.5161084543944385,0.0086562377021293,1312.0689830826327,0.3870157186755077
ammonia,SMRCCS,,grid,SMRCCS_H_grid_E,Oman,1,2024,171.8703132227929,336.5196121637588,508.3899253865517,1.0657795964580714,27.166098767846073,0.0049249791522318,23.17359889682987,0.0436,25.509822274515017,0.0877621491083225,584.2394453257426,1.2020667247186259
ammonia,SMRCCS,,grid,SMRCCS_H_grid_E,Italy,1,2024,172.77015779463994,1975.1495849658036,2147.9197427604436,0.7179187238806883,21.052123956557303,0.0033591935970013,43.850738158069824,0.0230399999999999,9.606466402457729,0.0330493928081517,2222.4290712775287,0.7773673102858413
ammonia,SMRCCS,,grid,SMRCCS_H_grid_E,Austria,1,2024,187.1676709441933,1536.1140728651635,1723.2817438093568,0.4675130373950235,47.10675937684926,0.010031771264898,31.164966337908968,0.0082399999999999,0.0,0.0,1801.5534695241151,0.4857848086599214
ammonia,SMRCCS,,grid,SMRCCS_H_grid_E,Finland,1,2024,194.36642751897,1389.1430942424104,1583.5095217613805,0.4255531656055337,27.529549154197397,0.0050180585944207,18.262080427828543,0.0057599999999999,4.899852683963293,0.0168570990903532,1634.2010040273697,0.4531883232903075
ammonia,SMRCCS,,grid,SMRCCS_H_grid_E,Portugal,1,2024,163.77171207616914,1253.6755587495877,1417.4472708257567,0.4796949356564882,17.16609057239028,0.0023639826044998,18.75934554567035,0.00896,4.8427178184643145,0.0166605364278915,1458.2154247622816,0.5076794546888795
ammonia,SMRCCS,,grid,SMRCCS_H_grid_E,Germany,1,2024,185.3679818004991,1447.8273884853447,1633.195370285844,0.7937172019520247,27.98770902087936,0.0051353930819479,30.530687815429072,0.02752,0.0,0.0,1691.7137671221524,0.8263725950339725
ammonia,SMRCCS,,grid,SMRCCS_H_grid_E,Greece,1,2024,165.5714012198633,893.8334739812492,1059.4048752011124,0.7612321399214519,15.991134891457742,0.002063077106845,26.11362406815024,0.0256,12.105680641621706,0.0416475088730478,1113.6153148023423,0.8305427259013446
ammonia,SMRCCS,,grid,SMRCCS_H_grid_E,France,1,2024,181.7686035131108,1438.1037230198183,1619.8723265329293,0.3876539265698654,35.57181571589171,0.0070776785965121,22.702130770469285,0.0035199999999999,0.0,0.0,1678.1462730192902,0.3982516051663774
ammonia,SMRCCS,,grid,SMRCCS_H_grid_E,Brazil,1,2024,165.5714012198633,1325.5418776033885,1491.1132788232517,0.4675130373950235,82.03825245129546,0.0189777072503737,17.153624068150243,0.0082399999999999,23.34581834577179,0.0803172663717191,1613.650973688469,0.5750480110171161
ammonia,SMRCCS,,grid,SMRCCS_H_grid_E,United Kingdom,1,2024,191.6668938034287,1467.2005882164892,1658.867482019918,0.6136958165326007,21.282326130476545,0.0034181482459541,43.270662644108704,0.01688,2.2784712434439927,0.0078386878142199,1725.6989420379473,0.6418326525927748
ammonia,SMRCCS,,grid,SMRCCS_H_grid_E,Spain,1,2024,167.37109036355747,1052.381220347596,1219.7523107111533,0.5257154401997995,30.463196077087932,0.0057693639428704,17.947902590630136,0.01168,5.974650796719941,0.0205547568481388,1274.1380601755914,0.5637195609908088
ammonia,SMRCCS,,grid,SMRCCS_H_grid_E,Sweden,1,2024,197.9658058063583,1897.4128487169223,2095.378654523281,0.3768255725596746,31.740731385979313,0.0060965400263024,13.886937472788334,0.0028799999999999,2.0826077853167044,0.0071648533267797,2143.0889311673654,0.39296696591275654
ammonia,SMRCCS,,grid,SMRCCS_H_grid_E,Czech Republic,1,2024,163.77171207616914,1190.525942528143,1354.2976546043124,0.8884652995411951,45.22934523515019,0.009550966545384,25.23934554567035,0.03312,0.0,0.0,1424.766345385133,0.9311362660865792
ammonia,SMRCCS,,grid,SMRCCS_H_grid_E,Japan,1,2024,194.36642751897,1194.9770035779206,1389.3434310968903,0.9805063086278178,17.281036398859737,0.0023934201668509,24.582080427828544,0.03856,48.51616394412256,0.1669115044553502,1479.722711867701,1.188371233250019
ammonia,SMRCCS,,grid,SMRCCS_H_grid_E,Belgium,1,2024,184.46813722865204,1037.6238267461624,1222.0919639748145,0.5148870861896087,14.751876711800598,0.0017457037749618,28.573548554189134,0.01104,0.0,0.0,1265.4173892408041,0.5276727899645705
ammonia,SMRCCS,,grid,SMRCCS_H_grid_E,Poland,1,2024,166.4712457917104,1535.9650597243792,1702.4363055160895,1.160527694047242,19.458362490150392,0.0029510321701706,39.91076332939019,0.0492,3.6473177176904814,0.0125479683057283,1765.4527490533205,1.225226694523141
ammonia,SMRCCS,,grid,SMRCCS_H_grid_E,India,1,2024,159.2724892169337,807.9923593521164,967.2648485690502,1.2864073094157111,52.05383412494387,0.0112987143617046,16.733649239470612,0.0566399999999999,26.93406883774407,0.0926620240625278,1062.9864007712085,1.4470080478399434
ammonia,SMRCCS,,grid,SMRCCS_H_grid_E,Indonesia,1,2024,144.87497606738037,1107.6247404727176,1252.499716540098,1.2024875658367316,23.18926299464231,0.0039065137183034,11.65942105963146,0.05168,40.68412884942023,0.1399667368906789,1328.032529443792,1.3980408164457139
ammonia,SMRCCS,,grid,SMRCCS_H_grid_E,South Korea,1,2024,169.1707795072516,880.7795778273764,1049.950357334628,0.8884652995411951,15.415252168520214,0.0019155938611801,16.262181113110028,0.03312,46.85808588748901,0.1612071725288637,1128.4858765037475,1.084708065931239
ammonia,SMRCCS,,grid,SMRCCS_H_grid_E,China,1,2024,164.6715566480162,758.4171872850902,923.0887439331063,1.0860827602271792,92.1669955976749,0.0215716727475749,14.156484806910296,0.0448,45.1162208218348,0.1552145858313373,1074.5284451595264,1.3076690188060915
ammonia,SMRCCS,,grid,SMRCCS_H_grid_E,United Arab Emirates,1,2024,171.8703132227929,211.68993549564203,383.56024871843493,0.8465054277517055,19.114195355194887,0.0028628911579598,15.89359889682987,0.03064,26.093073925337656,0.089768725939644,444.66111689579736,0.9697770448493093
ammonia,SMRCCS,,grid,SMRCCS_H_grid_E,United States,1,2024,179.96891436941664,608.0345208203806,788.0034351897973,0.8478589720029792,103.20169342816048,0.0243976527364693,19.18785224798939,0.03072,14.168984909328122,0.0487459517727928,924.5619657752754,0.9517225765122413
ammonia,SMRCCS,,grid,SMRCCS_H_grid_E,Turkey,1,2024,164.6715566480162,558.2224071152192,722.8939637632354,0.9642637776125316,18.28051142252689,0.0026493851655915,18.716484806910294,0.0376,14.658864380879152,0.0504312977060069,774.5498243735517,1.05494446048413
ammonia,SMRCCS,,grid,SMRCCS_H_grid_E,Australia,1,2024,184.46813722865204,850.9335377551018,1035.4016749837538,1.0752544062169882,92.70103380490208,0.0217084396359947,26.33354855418913,0.04416,41.38868772703431,0.1423906503388934,1195.8249450698793,1.2835134961918764
ammonia,SMRCCS,,grid,SMRCCS_H_grid_E,Malaysia,1,2024,157.47280007323954,507.0420622211085,664.5148622943481,1.1456387072832293,15.699284051622213,0.001988334268773,16.73937071699072,0.04832,35.32670879992707,0.1215354561016608,732.280225862888,1.317482497653663
ammonia,SMRCCS,,grid,SMRCCS_H_grid_E,Canada,1,2024,183.56829265680497,396.67580314796015,580.2440958047652,0.5649682234867417,128.59682028848616,0.0309013306282598,16.136409292949182,0.0139999999999999,12.838994158135533,0.0441703477030043,737.816319544336,0.6540399018180058
ammonia,SMRCCS,,grid,SMRCCS_H_grid_E,Mexico,1,2024,158.37264464508664,485.2548450162003,643.627489661287,1.0387087114325944,42.46513156735553,0.0088430529595099,23.416509978230664,0.042,21.628714574179465,0.0744098666409299,731.1378457810526,1.163961631033034
ammonia,SMRCCS,,grid,SMRCCS_H_grid_E,Thailand,1,2024,160.1723337887808,537.8932046737709,698.0655384625518,1.0779614947195362,19.93096669815586,0.0030720658454926,16.93078850071056,0.04432,39.21982592700727,0.134929054932975,774.1471195884255,1.2602826154980036
ammonia,SMRCCS,,grid,SMRCCS_H_grid_E,Russia,1,2024,170.07062407909874,248.9707634217436,419.04138750084235,0.9358393483357804,155.5061256160206,0.0377927887849638,14.219320374349977,0.03592,5.257210331622058,0.0180865265172217,594.0240438228351,1.027638663637966
ammonia,SMRCCS,,grid,SMRCCS_H_grid_E,Saudi Arabia,1,2024,171.8703132227929,154.7814387849293,326.65175200772217,1.0752544062169882,38.28959708265963,0.0077737008958684,12.53359889682987,0.04416,16.41934638128767,0.0564879327605256,393.8942943684993,1.1836760398733823
ammonia,ATRCCS,,solar,ATRCCS_H_solar_E,South Africa,1,2024,153.0005125017031,237.68200293764156,390.6825154393447,0.2804352330895302,33.88057380211861,0.0066445524812235,14.145041851870085,0.05672,30.07295742756918,0.1034608295379329,468.78108852090253,0.4472606151086866
ammonia,ATRCCS,,solar,ATRCCS_H_solar_E,Taiwan,1,2024,150.54595882520513,402.6202648272661,553.1662236524712,0.2804352330895302,14.355511307849394,0.0016441948150371,20.433624068150245,0.05088,43.001526987159345,0.1479393459790139,630.9568860156302,0.48089877388358115
ammonia,ATRCCS,,solar,ATRCCS_H_solar_E,Switzerland,1,2024,180.81878750201273,1611.0967499324547,1791.9155374344675,0.2804352330895302,37.107292826734586,0.0074709134322373,30.847776734028276,0.00296,0.0,0.0,1859.8706069952304,0.29086614652176757
ammonia,ATRCCS,,solar,ATRCCS_H_solar_E,Singapore,1,2024,151.36414338403782,1734.0225955894875,1885.386738973525,0.2804352330895302,8.341303481694462,0.0001039595293176,29.91076332939019,0.03992,35.79768272946306,0.1231557607743187,1959.4364885140728,0.4436149533931665
ammonia,ATRCCS,,solar,ATRCCS_H_solar_E,Hungary,1,2024,147.27322058987463,717.9045599591974,865.177780549072,0.2804352330895302,63.197701394265366,0.0141526525832837,22.685067023190456,0.01464,0.0,0.0,951.0605489665278,0.3092278856728139
ammonia,ATRCCS,,solar,ATRCCS_H_solar_E,Philippines,1,2024,146.455036031042,423.9289452104994,570.3839812415414,0.2804352330895302,18.23837230111739,0.0026385933599904,18.647927761950505,0.04904,41.35944655971732,0.1422900511399434,648.6297278643266,0.474403877589464
ammonia,ATRCCS,,solar,ATRCCS_H_solar_E,Netherlands,1,2024,167.72783456069052,1121.1204370210212,1288.8482715817115,0.2804352330895302,12.831049847445094,0.0012537810812744,26.25354855418913,0.02024,0.0,0.0,1327.9328699833457,0.3019290141708046
ammonia,ATRCCS,,solar,ATRCCS_H_solar_E,Norway,1,2024,185.72789485500857,891.6260164127498,1077.3539112677583,0.2804352330895302,30.667279796307408,0.0058216296700732,18.350612301467965,0.00248,2.5161084543944385,0.0086562377021293,1128.8879118199281,0.29739310046173273
ammonia,ATRCCS,,solar,ATRCCS_H_solar_E,Oman,1,2024,156.27325073703364,117.44065117003416,273.7139019070678,0.2804352330895302,27.166098767846073,0.0049249791522318,23.17359889682987,0.0436,25.509822274515017,0.0877621491083225,349.56342184625873,0.41672236135008445
ammonia,ATRCCS,,solar,ATRCCS_H_solar_E,Italy,1,2024,157.09143529586626,1236.5020268554929,1393.5934621513588,0.2804352330895302,21.052123956557303,0.0033591935970013,43.850738158069824,0.0230399999999999,9.606466402457729,0.0330493928081517,1468.1027906684437,0.33988381949468316
ammonia,ATRCCS,,solar,ATRCCS_H_solar_E,Austria,1,2024,170.18238823718846,1063.909535738947,1234.0919239761354,0.2804352330895302,47.10675937684926,0.010031771264898,31.164966337908968,0.0082399999999999,0.0,0.0,1312.3636496908937,0.29870700435442815
ammonia,ATRCCS,,solar,ATRCCS_H_solar_E,Finland,1,2024,176.72786470784956,1172.4444581649784,1349.172322872828,0.2804352330895302,27.529549154197397,0.0050180585944207,18.262080427828543,0.0057599999999999,4.899852683963293,0.0168570990903532,1399.8638051388173,0.30807039077430404
ammonia,ATRCCS,,solar,ATRCCS_H_solar_E,Portugal,1,2024,148.90958970753988,963.812968342516,1112.7225580500558,0.2804352330895302,17.16609057239028,0.0023639826044998,18.75934554567035,0.00896,4.8427178184643145,0.0166605364278915,1153.4907119865807,0.3084197521219216
ammonia,ATRCCS,,solar,ATRCCS_H_solar_E,Germany,1,2024,168.54601911952318,993.6494181627716,1162.1954372822947,0.2804352330895302,27.98770902087936,0.0051353930819479,30.530687815429072,0.02752,0.0,0.0,1220.713834118603,0.3130906261714781
ammonia,ATRCCS,,solar,ATRCCS_H_solar_E,Greece,1,2024,150.54595882520516,552.4924012974888,703.0383601226939,0.2804352330895302,15.991134891457742,0.002063077106845,26.11362406815024,0.0256,12.105680641621706,0.0416475088730478,757.2487997239235,0.34974581906942304
ammonia,ATRCCS,,solar,ATRCCS_H_solar_E,France,1,2024,165.27328088419264,1080.2593866776383,1245.5326675618312,0.2804352330895302,35.57181571589171,0.0070776785965121,22.702130770469285,0.0035199999999999,0.0,0.0,1303.8066140481922,0.29103291168604223
ammonia,ATRCCS,,solar,ATRCCS_H_solar_E,Brazil,1,2024,150.54595882520513,1071.934564647299,1222.4805234725045,0.2804352330895302,82.03825245129546,0.0189777072503737,17.153624068150243,0.0082399999999999,23.34581834577179,0.0803172663717191,1345.018218337722,0.3879702067116229
ammonia,ATRCCS,,solar,ATRCCS_H_solar_E,United Kingdom,1,2024,174.2733110313516,841.3797978131956,1015.6531088445472,0.2804352330895302,21.282326130476545,0.0034181482459541,43.270662644108704,0.01688,2.2784712434439927,0.0078386878142199,1082.4845688625765,0.30857206914970425
ammonia,ATRCCS,,solar,ATRCCS_H_solar_E,Spain,1,2024,152.18232794287042,793.211541290722,945.3938692335925,0.2804352330895302,30.463196077087932,0.0057693639428704,17.947902590630136,0.01168,5.974650796719941,0.0205547568481388,999.7796186980305,0.31843935388053946
ammonia,ATRCCS,,solar,ATRCCS_H_solar_E,Sweden,1,2024,180.0006029431801,1672.5803599683118,1852.580962911492,0.2804352330895302,31.740731385979313,0.0060965400263024,13.886937472788334,0.0028799999999999,2.0826077853167044,0.0071648533267797,1900.2912395555763,0.2965766264426122
ammonia,ATRCCS,,solar,ATRCCS_H_solar_E,Czech Republic,1,2024,148.90958970753988,838.0411824772796,986.9507721848196,0.2804352330895302,45.22934523515019,0.009550966545384,25.23934554567035,0.03312,0.0,0.0,1057.4194629656402,0.3231061996349142
ammonia,ATRCCS,,solar,ATRCCS_H_solar_E,Japan,1,2024,176.72786470784956,935.0187192671672,1111.7465839750168,0.2804352330895302,17.281036398859737,0.0023934201668509,24.582080427828544,0.03856,48.51616394412256,0.1669115044553502,1202.1258647458276,0.4883001577117313
ammonia,ATRCCS,,solar,ATRCCS_H_solar_E,Belgium,1,2024,167.72783456069052,713.6503863898204,881.3782209505109,0.2804352330895302,14.751876711800598,0.0017457037749618,28.573548554189134,0.01104,0.0,0.0,924.7036462165007,0.293220936864492
ammonia,ATRCCS,,solar,ATRCCS_H_solar_E,Poland,1,2024,151.36414338403782,999.064794845704,1150.4289382297418,0.2804352330895302,19.458362490150392,0.0029510321701706,39.91076332939019,0.0492,3.6473177176904814,0.0125479683057283,1213.4453817669728,0.34513423356542916
ammonia,ATRCCS,,solar,ATRCCS_H_solar_E,India,1,2024,144.81866691337672,616.6164038624731,761.4350707758499,0.2804352330895302,52.05383412494387,0.0112987143617046,16.733649239470612,0.0566399999999999,26.93406883774407,0.0926620240625278,857.1566229780085,0.4410359715137625
ammonia,ATRCCS,,solar,ATRCCS_H_solar_E,Indonesia,1,2024,131.72771397205452,969.515501391426,1101.2432153634804,0.2804352330895302,23.18926299464231,0.0039065137183034,11.65942105963146,0.05168,40.68412884942023,0.1399667368906789,1176.7760282671745,0.47598848369851254
ammonia,ATRCCS,,solar,ATRCCS_H_solar_E,South Korea,1,2024,153.8186970605357,719.6880351628726,873.5067322234082,0.2804352330895302,15.415252168520214,0.0019155938611801,16.262181113110028,0.03312,46.85808588748901,0.1612071725288637,952.0422513925274,0.476677999479574
ammonia,ATRCCS,,solar,ATRCCS_H_solar_E,China,1,2024,149.7277742663725,595.423562858619,745.1513371249915,0.2804352330895302,92.1669955976749,0.0215716727475749,14.156484806910296,0.0448,45.1162208218348,0.1552145858313373,896.5910383514115,0.5020214916684425
ammonia,ATRCCS,,solar,ATRCCS_H_solar_E,United Arab Emirates,1,2024,156.27325073703364,89.1205725530744,245.39382329010803,0.2804352330895302,19.114195355194887,0.0028628911579598,15.89359889682987,0.03064,26.093073925337656,0.089768725939644,306.49469146747043,0.40370685018713404
ammonia,ATRCCS,,solar,ATRCCS_H_solar_E,United States,1,2024,163.63691176652733,430.6551387524807,594.2920505190081,0.2804352330895302,103.20169342816048,0.0243976527364693,19.18785224798939,0.03072,14.168984909328122,0.0487459517727928,730.8505811044862,0.38429883759879235
ammonia,ATRCCS,,solar,ATRCCS_H_solar_E,Turkey,1,2024,149.7277742663725,428.6440882966934,578.3718625630659,0.2804352330895302,18.28051142252689,0.0026493851655915,18.716484806910294,0.0376,14.658864380879152,0.0504312977060069,630.0277231733821,0.37111591596112864
ammonia,ATRCCS,,solar,ATRCCS_H_solar_E,Australia,1,2024,167.72783456069052,500.7524069016851,668.4802414623756,0.2804352330895302,92.70103380490208,0.0217084396359947,26.33354855418913,0.04416,41.38868772703431,0.1423906503388934,828.9035115485011,0.4886943230644183
ammonia,ATRCCS,,solar,ATRCCS_H_solar_E,Malaysia,1,2024,143.18229779571143,377.8695795365872,521.0518773322987,0.2804352330895302,15.699284051622213,0.001988334268773,16.73937071699072,0.04832,35.32670879992707,0.1215354561016608,588.8172409008386,0.45227902345996407
ammonia,ATRCCS,,solar,ATRCCS_H_solar_E,Canada,1,2024,166.9096500018579,350.2736406802234,517.1832906820813,0.2804352330895302,128.59682028848616,0.0309013306282598,16.136409292949182,0.0139999999999999,12.838994158135533,0.0441703477030043,674.7555144216522,0.3695069114207942
ammonia,ATRCCS,,solar,ATRCCS_H_solar_E,Mexico,1,2024,144.00048235454403,267.4127785525572,411.4132609071012,0.2804352330895302,42.46513156735553,0.0088430529595099,23.416509978230664,0.042,21.628714574179465,0.0744098666409299,498.9236170268668,0.40568815268997
ammonia,ATRCCS,,solar,ATRCCS_H_solar_E,Thailand,1,2024,145.63685147220934,385.90120315451287,531.5380546267222,0.2804352330895302,19.93096669815586,0.0030720658454926,16.93078850071056,0.04432,39.21982592700727,0.134929054932975,607.619635752596,0.46275635386799785
ammonia,ATRCCS,,solar,ATRCCS_H_solar_E,Russia,1,2024,154.63688161936835,247.9452156944161,402.58209731378446,0.2804352330895302,155.5061256160206,0.0377927887849638,14.219320374349977,0.03592,5.257210331622058,0.0180865265172217,577.5647536357772,0.3722345483917157
ammonia,ATRCCS,,solar,ATRCCS_H_solar_E,Saudi Arabia,1,2024,156.27325073703364,116.12466198672988,272.3979127237635,0.2804352330895302,38.28959708265963,0.0077737008958684,12.53359889682987,0.04416,16.41934638128767,0.0564879327605256,339.64045508454063,0.3888568667459242
ammonia,BG,,solar,BG_H_solar_E,South Africa,1,2024,157.51313647152088,333.39906253773216,490.9121990092531,0.247687278805073,33.88057380211861,0.0066445524812235,14.145041851870085,0.05672,30.07295742756918,0.1034608295379329,569.0107720908111,0.4145126608242294
ammonia,BG,,solar,BG_H_solar_E,Taiwan,1,2024,154.98618775807398,297.3561731273284,452.3423608854024,0.247687278805073,14.355511307849394,0.0016441948150371,20.433624068150245,0.05088,43.001526987159345,0.1479393459790139,530.1330232485614,0.44815081959912395
ammonia,BG,,solar,BG_H_solar_E,Switzerland,1,2024,186.1518885572519,407.14387665050754,593.2957652077595,0.247687278805073,37.107292826734586,0.0074709134322373,30.847776734028276,0.00296,0.0,0.0,661.2508347685223,0.2581181922373103
ammonia,BG,,solar,BG_H_solar_E,Singapore,1,2024,155.82850399588963,384.1766332038019,540.0051371996915,0.247687278805073,8.341303481694462,0.0001039595293176,29.91076332939019,0.03992,35.79768272946306,0.1231557607743187,614.0548867402392,0.4108669991087093
ammonia,BG,,solar,BG_H_solar_E,Hungary,1,2024,151.61692280681154,364.69555505691847,516.31247786373,0.247687278805073,63.197701394265366,0.0141526525832837,22.685067023190456,0.01464,0.0,0.0,602.1952462811857,0.2764799313883567
ammonia,BG,,solar,BG_H_solar_E,Philippines,1,2024,150.77460656899592,317.5581055892759,468.3327121582718,0.247687278805073,18.23837230111739,0.0026385933599904,18.647927761950505,0.04904,41.35944655971732,0.1422900511399434,546.5784587810571,0.4416559233050068
ammonia,BG,,solar,BG_H_solar_E,Netherlands,1,2024,172.67482875220202,368.3199958745941,540.9948246267961,0.247687278805073,12.831049847445094,0.0012537810812744,26.25354855418913,0.02024,0.0,0.0,580.0794230284304,0.2691810598863474
ammonia,BG,,solar,BG_H_solar_E,Norway,1,2024,191.20578598414568,407.0758324357557,598.2816184199014,0.247687278805073,30.667279796307408,0.0058216296700732,18.350612301467965,0.00248,2.5161084543944385,0.0086562377021293,649.8156189720712,0.26464514617727547
ammonia,BG,,solar,BG_H_solar_E,Oman,1,2024,160.88240142278335,296.6789577393534,457.5613591621368,0.247687278805073,27.166098767846073,0.0049249791522318,23.17359889682987,0.0436,25.509822274515017,0.0877621491083225,533.4108791013277,0.38397440706562724
ammonia,BG,,solar,BG_H_solar_E,Italy,1,2024,161.72471766059894,363.98129166847934,525.7060093290783,0.247687278805073,21.052123956557303,0.0033591935970013,43.850738158069824,0.0230399999999999,9.606466402457729,0.0330493928081517,600.2153378461632,0.3071358652102259
ammonia,BG,,solar,BG_H_solar_E,Austria,1,2024,175.2017774656489,372.7972301303662,547.9990075960151,0.247687278805073,47.10675937684926,0.010031771264898,31.164966337908968,0.0082399999999999,0.0,0.0,626.2707333107733,0.2659590500699709
ammonia,BG,,solar,BG_H_solar_E,Finland,1,2024,181.94030736817385,410.6490289679861,592.5893363361599,0.247687278805073,27.529549154197397,0.0050180585944207,18.262080427828543,0.0057599999999999,4.899852683963293,0.0168570990903532,643.2808186021492,0.2753224364898468
ammonia,BG,,solar,BG_H_solar_E,Portugal,1,2024,153.30155528244276,331.5859400195671,484.8874953020098,0.247687278805073,17.16609057239028,0.0023639826044998,18.75934554567035,0.00896,4.8427178184643145,0.0166605364278915,525.6556492385347,0.2756717978374643
ammonia,BG,,solar,BG_H_solar_E,Germany,1,2024,173.51714499001764,373.26597159680705,546.7831165868247,0.247687278805073,27.98770902087936,0.0051353930819479,30.530687815429072,0.02752,0.0,0.0,605.3015134231331,0.2803426718870209
ammonia,BG,,solar,BG_H_solar_E,Greece,1,2024,154.98618775807398,318.717910932475,473.70409869054896,0.247687278805073,15.991134891457742,0.002063077106845,26.11362406815024,0.0256,12.105680641621706,0.0416475088730478,527.9145382917786,0.3169978647849658
ammonia,BG,,solar,BG_H_solar_E,France,1,2024,170.14788003875515,358.04620606704543,528.1940861058006,0.247687278805073,35.57181571589171,0.0070776785965121,22.702130770469285,0.0035199999999999,0.0,0.0,586.4680325921615,0.258284957401585
ammonia,BG,,solar,BG_H_solar_E,Brazil,1,2024,154.98618775807398,347.69680550955167,502.6829932676257,0.247687278805073,82.03825245129546,0.0189777072503737,17.153624068150243,0.0082399999999999,23.34581834577179,0.0803172663717191,625.2206881328433,0.3552222524271657
ammonia,BG,,solar,BG_H_solar_E,United Kingdom,1,2024,179.41335865472695,365.4798504380413,544.8932090927683,0.247687278805073,21.282326130476545,0.0034181482459541,43.270662644108704,0.01688,2.2784712434439927,0.0078386878142199,611.7246691107975,0.27582411486524705
ammonia,BG,,solar,BG_H_solar_E,Spain,1,2024,156.67082023370523,324.95052857941647,481.6213488131217,0.247687278805073,30.463196077087932,0.0057693639428704,17.947902590630136,0.01168,5.974650796719941,0.0205547568481388,536.0070982775597,0.2856913995960822
ammonia,BG,,solar,BG_H_solar_E,Sweden,1,2024,185.3095723194363,431.2394899309157,616.549062250352,0.247687278805073,31.740731385979313,0.0060965400263024,13.886937472788334,0.0028799999999999,2.0826077853167044,0.0071648533267797,664.2593388944363,0.263828672158155
ammonia,BG,,solar,BG_H_solar_E,Czech Republic,1,2024,153.30155528244276,346.1709385809208,499.4724938633635,0.247687278805073,45.22934523515019,0.009550966545384,25.23934554567035,0.03312,0.0,0.0,569.9411846441841,0.29035824535045696
ammonia,BG,,solar,BG_H_solar_E,Japan,1,2024,181.94030736817385,403.7498543636375,585.6901617318114,0.247687278805073,17.281036398859737,0.0023934201668509,24.582080427828544,0.03856,48.51616394412256,0.1669115044553502,676.0694425026222,0.45555220342727404
ammonia,BG,,solar,BG_H_solar_E,Belgium,1,2024,172.67482875220202,395.43400790931906,568.1088366615211,0.247687278805073,14.751876711800598,0.0017457037749618,28.573548554189134,0.01104,0.0,0.0,611.4342619275109,0.2604729825800348
ammonia,BG,,solar,BG_H_solar_E,Poland,1,2024,155.82850399588963,403.6843917713631,559.5128957672528,0.247687278805073,19.458362490150392,0.0029510321701706,39.91076332939019,0.0492,3.6473177176904814,0.0125479683057283,622.5293393044839,0.3123862792809719
ammonia,BG,,solar,BG_H_solar_E,India,1,2024,149.08997409336467,313.7215854794237,462.8115595727884,0.247687278805073,52.05383412494387,0.0112987143617046,16.733649239470612,0.0566399999999999,26.93406883774407,0.0926620240625278,558.533111774947,0.4082880172293053
ammonia,BG,,solar,BG_H_solar_E,Indonesia,1,2024,135.61291428831473,349.33582507722735,484.9487393655421,0.247687278805073,23.18926299464231,0.0039065137183034,11.65942105963146,0.05168,40.68412884942023,0.1399667368906789,560.4815522692361,0.4432405294140553
ammonia,BG,,solar,BG_H_solar_E,South Korea,1,2024,158.35545270933648,353.0007802914434,511.35623300077987,0.247687278805073,15.415252168520214,0.0019155938611801,16.262181113110028,0.03312,46.85808588748901,0.1612071725288637,589.8917521698991,0.4439300451951168
ammonia,BG,,solar,BG_H_solar_E,China,1,2024,154.1438715202584,301.0694420510022,455.21331357126064,0.247687278805073,92.1669955976749,0.0215716727475749,14.156484806910296,0.0448,45.1162208218348,0.1552145858313373,606.6530147976806,0.4692735373839852
ammonia,BG,,solar,BG_H_solar_E,United Arab Emirates,1,2024,160.88240142278335,274.6280112413652,435.5104126641486,0.247687278805073,19.114195355194887,0.0028628911579598,15.89359889682987,0.03064,26.093073925337656,0.089768725939644,496.611280841511,0.37095889590267683
ammonia,BG,,solar,BG_H_solar_E,United States,1,2024,168.46324756312393,342.5508270547778,511.01407461790177,0.247687278805073,103.20169342816048,0.0243976527364693,19.18785224798939,0.03072,14.168984909328122,0.0487459517727928,647.5726052033799,0.3515508833143351
ammonia,BG,,solar,BG_H_solar_E,Turkey,1,2024,154.1438715202584,348.42557007834057,502.5694415985989,0.247687278805073,18.28051142252689,0.0026493851655915,18.716484806910294,0.0376,14.658864380879152,0.0504312977060069,554.2253022089153,0.33836796167667144
ammonia,BG,,solar,BG_H_solar_E,Australia,1,2024,172.67482875220202,319.4966088140539,492.1714375662559,0.247687278805073,92.70103380490208,0.0217084396359947,26.33354855418913,0.04416,41.38868772703431,0.1423906503388934,652.5947076523814,0.4559463687799611
ammonia,BG,,solar,BG_H_solar_E,Malaysia,1,2024,147.40534161773346,320.5586051921013,467.96394680983474,0.247687278805073,15.699284051622213,0.001988334268773,16.73937071699072,0.04832,35.32670879992707,0.1215354561016608,535.7293103783747,0.41953106917550687
ammonia,BG,,solar,BG_H_solar_E,Canada,1,2024,171.83251251438642,374.10323712262544,545.9357496370119,0.247687278805073,128.59682028848616,0.0309013306282598,16.136409292949182,0.0139999999999999,12.838994158135533,0.0441703477030043,703.5079733765828,0.336758957136337
ammonia,BG,,solar,BG_H_solar_E,Mexico,1,2024,148.24765785554905,320.9345187585678,469.1821766141168,0.247687278805073,42.46513156735553,0.0088430529595099,23.416509978230664,0.042,21.628714574179465,0.0744098666409299,556.6925327338824,0.3729401984055128
ammonia,BG,,solar,BG_H_solar_E,Thailand,1,2024,149.9322903311803,307.91350282998206,457.8457931611624,0.247687278805073,19.93096669815586,0.0030720658454926,16.93078850071056,0.04432,39.21982592700727,0.134929054932975,533.9273742870362,0.43000839958354065
ammonia,BG,,solar,BG_H_solar_E,Russia,1,2024,159.1977689471521,352.0502407925258,511.2480097396779,0.247687278805073,155.5061256160206,0.0377927887849638,14.219320374349977,0.03592,5.257210331622058,0.0180865265172217,686.2306660616706,0.3394865941072585
ammonia,BG,,solar,BG_H_solar_E,Saudi Arabia,1,2024,160.88240142278335,295.1064600303629,455.9888614531462,0.247687278805073,38.28959708265963,0.0077737008958684,12.53359889682987,0.04416,16.41934638128767,0.0564879327605256,523.2314038139234,0.356108912461467
ammonia,LTE,,solar,LTE_H_solar_E,South Africa,1,2024,180.824325,768.0845200248782,948.9088450248782,0.37196624993,33.88057380211861,0.0066445524812235,14.145041851870085,0.05672,30.07295742756918,0.1034608295379329,1027.0074181064363,0.5387916319491564
ammonia,LTE,,solar,LTE_H_solar_E,Taiwan,1,2024,177.92340000000002,372.1852391348235,550.1086391348235,0.37196624993,14.355511307849394,0.0016441948150371,20.433624068150245,0.05088,43.001526987159345,0.1479393459790139,627.8993014979825,0.572429790724051
ammonia,LTE,,solar,LTE_H_solar_E,Switzerland,1,2024,213.701475,667.1786795658752,880.8801545658753,0.37196624993,37.107292826734586,0.0074709134322373,30.847776734028276,0.00296,0.0,0.0,948.8352241266381,0.38239716336223734
ammonia,LTE,,solar,LTE_H_solar_E,Singapore,1,2024,178.890375,615.731088036028,794.621463036028,0.37196624993,8.341303481694462,0.0001039595293176,29.91076332939019,0.03992,35.79768272946306,0.1231557607743187,868.6712125765757,0.5351459702336363
ammonia,LTE,,solar,LTE_H_solar_E,Hungary,1,2024,174.05550000000002,880.4058289308412,1054.461328930841,0.37196624993,63.197701394265366,0.0141526525832837,22.685067023190456,0.01464,0.0,0.0,1140.3440973482968,0.40075890251328367
ammonia,LTE,,solar,LTE_H_solar_E,Philippines,1,2024,173.08852500000003,589.3129471869955,762.4014721869955,0.37196624993,18.23837230111739,0.0026385933599904,18.647927761950505,0.04904,41.35944655971732,0.1422900511399434,840.6472188097807,0.5659348944299338
ammonia,LTE,,solar,LTE_H_solar_E,Netherlands,1,2024,198.229875,624.1524043106679,822.3822793106679,0.37196624993,12.831049847445094,0.0012537810812744,26.25354855418913,0.02024,0.0,0.0,861.4668777123021,0.39346003101127436
ammonia,LTE,,solar,LTE_H_solar_E,Norway,1,2024,219.503325,966.2323965799252,1185.7357215799252,0.37196624993,30.667279796307408,0.0058216296700732,18.350612301467965,0.00248,2.5161084543944385,0.0086562377021293,1237.269722132095,0.3889241173022025
ammonia,LTE,,solar,LTE_H_solar_E,Oman,1,2024,184.69222500000004,462.1263848883756,646.8186098883756,0.37196624993,27.166098767846073,0.0049249791522318,23.17359889682987,0.0436,25.509822274515017,0.0877621491083225,722.6681298275665,0.5082533781905543
ammonia,LTE,,solar,LTE_H_solar_E,Italy,1,2024,185.65920000000003,567.8946189069333,753.5538189069333,0.37196624993,21.052123956557303,0.0033591935970013,43.850738158069824,0.0230399999999999,9.606466402457729,0.0330493928081517,828.0631474240182,0.43141483633515293
ammonia,LTE,,solar,LTE_H_solar_E,Austria,1,2024,201.1308,658.3243987452166,859.4551987452166,0.37196624993,47.10675937684926,0.010031771264898,31.164966337908968,0.0082399999999999,0.0,0.0,937.7269244599748,0.3902380211948979
ammonia,LTE,,solar,LTE_H_solar_E,Finland,1,2024,208.8666,961.9269485331364,1170.7935485331363,0.37196624993,27.529549154197397,0.0050180585944207,18.262080427828543,0.0057599999999999,4.899852683963293,0.0168570990903532,1221.4850307991255,0.3996014076147738
ammonia,LTE,,solar,LTE_H_solar_E,Portugal,1,2024,175.98945000000003,480.5120080019443,656.5014580019443,0.37196624993,17.16609057239028,0.0023639826044998,18.75934554567035,0.00896,4.8427178184643145,0.0166605364278915,697.2696119384693,0.39995076896239135
ammonia,LTE,,solar,LTE_H_solar_E,Germany,1,2024,199.19685000000004,661.955427759751,861.1522777597511,0.37196624993,27.98770902087936,0.0051353930819479,30.530687815429072,0.02752,0.0,0.0,919.6706745960595,0.40462164301194786
ammonia,LTE,,solar,LTE_H_solar_E,Greece,1,2024,177.92340000000002,480.34548286298366,658.2688828629837,0.37196624993,15.991134891457742,0.002063077106845,26.11362406815024,0.0256,12.105680641621706,0.0416475088730478,712.4793224642133,0.4412768359098928
ammonia,LTE,,solar,LTE_H_solar_E,France,1,2024,195.32895,530.8603127843359,726.1892627843358,0.37196624993,35.57181571589171,0.0070776785965121,22.702130770469285,0.0035199999999999,0.0,0.0,784.4632092706968,0.382563928526512
ammonia,LTE,,solar,LTE_H_solar_E,Brazil,1,2024,177.92340000000002,610.113236949359,788.036636949359,0.37196624993,82.03825245129546,0.0189777072503737,17.153624068150243,0.0082399999999999,23.34581834577179,0.0803172663717191,910.5743318145766,0.4795012235520927
ammonia,LTE,,solar,LTE_H_solar_E,United Kingdom,1,2024,205.965675,721.4566954619679,927.422370461968,0.37196624993,21.282326130476545,0.0034181482459541,43.270662644108704,0.01688,2.2784712434439927,0.0078386878142199,994.2538304799972,0.400103085990174
ammonia,LTE,,solar,LTE_H_solar_E,Spain,1,2024,179.85735000000005,408.9087188619962,588.7660688619962,0.37196624993,30.463196077087932,0.0057693639428704,17.947902590630136,0.01168,5.974650796719941,0.0205547568481388,643.1518183264343,0.4099703707210092
ammonia,LTE,,solar,LTE_H_solar_E,Sweden,1,2024,212.73450000000005,963.1175249188472,1175.8520249188473,0.37196624993,31.740731385979313,0.0060965400263024,13.886937472788334,0.0028799999999999,2.0826077853167044,0.0071648533267797,1223.5623015629317,0.38810764328308195
ammonia,LTE,,solar,LTE_H_solar_E,Czech Republic,1,2024,175.98945000000003,650.0716025295718,826.0610525295718,0.37196624993,45.22934523515019,0.009550966545384,25.23934554567035,0.03312,0.0,0.0,896.5297433103924,0.414637216475384
ammonia,LTE,,solar,LTE_H_solar_E,Japan,1,2024,208.8666,1054.0515689520969,1262.9181689520967,0.37196624993,17.281036398859737,0.0023934201668509,24.582080427828544,0.03856,48.51616394412256,0.1669115044553502,1353.2974497229075,0.5798311745522011
ammonia,LTE,,solar,LTE_H_solar_E,Belgium,1,2024,198.229875,939.100687684935,1137.330562684935,0.37196624993,14.751876711800598,0.0017457037749618,28.573548554189134,0.01104,0.0,0.0,1180.6559879509248,0.3847519537049618
ammonia,LTE,,solar,LTE_H_solar_E,Poland,1,2024,178.890375,1134.0519191506032,1312.9422941506032,0.37196624993,19.458362490150392,0.0029510321701706,39.91076332939019,0.0492,3.6473177176904814,0.0125479683057283,1375.9587376878342,0.43666525040589893
ammonia,LTE,,solar,LTE_H_solar_E,India,1,2024,171.15457500000002,494.6071499084165,665.7617249084165,0.37196624993,52.05383412494387,0.0112987143617046,16.733649239470612,0.0566399999999999,26.93406883774407,0.0926620240625278,761.483277110575,0.5325669883542323
ammonia,LTE,,solar,LTE_H_solar_E,Indonesia,1,2024,155.682975,708.4369289164383,864.1199039164383,0.37196624993,23.18926299464231,0.0039065137183034,11.65942105963146,0.05168,40.68412884942023,0.1399667368906789,939.6527168201321,0.5675195005389824
ammonia,LTE,,solar,LTE_H_solar_E,South Korea,1,2024,181.7913,697.667698883078,879.4589988830779,0.37196624993,15.415252168520214,0.0019155938611801,16.262181113110028,0.03312,46.85808588748901,0.1612071725288637,957.9945180521971,0.5682090163200438
ammonia,LTE,,solar,LTE_H_solar_E,China,1,2024,176.95642500000002,370.5406104870511,547.4970354870511,0.37196624993,92.1669955976749,0.0215716727475749,14.156484806910296,0.0448,45.1162208218348,0.1552145858313373,698.9367367134711,0.5935525085089122
ammonia,LTE,,solar,LTE_H_solar_E,United Arab Emirates,1,2024,184.69222500000004,274.1428715564915,458.8350965564915,0.37196624993,19.114195355194887,0.0028628911579598,15.89359889682987,0.03064,26.093073925337656,0.089768725939644,519.935964733854,0.49523786702760375
ammonia,LTE,,solar,LTE_H_solar_E,United States,1,2024,193.395,602.5779871753147,795.9729871753146,0.37196624993,103.20169342816048,0.0243976527364693,19.18785224798939,0.03072,14.168984909328122,0.0487459517727928,932.5315177607928,0.4758298544392621
ammonia,LTE,,solar,LTE_H_solar_E,Turkey,1,2024,176.95642500000002,844.947145973182,1021.903570973182,0.37196624993,18.28051142252689,0.0026493851655915,18.716484806910294,0.0376,14.658864380879152,0.0504312977060069,1073.5594315834983,0.4626469328015984
ammonia,LTE,,solar,LTE_H_solar_E,Australia,1,2024,198.229875,369.03200509100776,567.2618800910077,0.37196624993,92.70103380490208,0.0217084396359947,26.33354855418913,0.04416,41.38868772703431,0.1423906503388934,727.6851501771332,0.5802253399048881
ammonia,LTE,,solar,LTE_H_solar_E,Malaysia,1,2024,169.220625,628.5093574695755,797.7299824695756,0.37196624993,15.699284051622213,0.001988334268773,16.73937071699072,0.04832,35.32670879992707,0.1215354561016608,865.4953460381155,0.5438100403004338
ammonia,LTE,,solar,LTE_H_solar_E,Canada,1,2024,197.26290000000003,960.953088465346,1158.215988465346,0.37196624993,128.59682028848616,0.0309013306282598,16.136409292949182,0.0139999999999999,12.838994158135533,0.0441703477030043,1315.788212204917,0.461037928261264
ammonia,LTE,,solar,LTE_H_solar_E,Mexico,1,2024,170.1876,664.0395540950491,834.2271540950491,0.37196624993,42.46513156735553,0.0088430529595099,23.416509978230664,0.042,21.628714574179465,0.0744098666409299,921.7375102148147,0.49721916953043976
ammonia,LTE,,solar,LTE_H_solar_E,Thailand,1,2024,172.12155,517.3335371230221,689.4550871230222,0.37196624993,19.93096669815586,0.0030720658454926,16.93078850071056,0.04432,39.21982592700727,0.134929054932975,765.5366682488959,0.5542873707084676
ammonia,LTE,,solar,LTE_H_solar_E,Russia,1,2024,182.75827500000003,948.1589724585734,1130.9172474585737,0.37196624993,155.5061256160206,0.0377927887849638,14.219320374349977,0.03592,5.257210331622058,0.0180865265172217,1305.8999037805663,0.4637655652321855
ammonia,LTE,,solar,LTE_H_solar_E,Saudi Arabia,1,2024,184.69222500000004,454.86051879183634,639.5527437918364,0.37196624993,38.28959708265963,0.0077737008958684,12.53359889682987,0.04416,16.41934638128767,0.0564879327605256,706.7952861526136,0.48038788358639395
ammonia,SMR,,solar,SMR_H_solar_E,South Africa,1,2024,119.73483389148348,198.5213597833948,318.25619367487826,1.9042003394251303,33.88057380211861,0.0066445524812235,14.145041851870085,0.05672,30.07295742756918,0.1034608295379329,396.3547667564361,2.071025721444287
ammonia,SMR,,solar,SMR_H_solar_E,Taiwan,1,2024,117.81395420338478,356.3569253334199,474.1708795368047,1.9042003394251303,14.355511307849394,0.0016441948150371,20.433624068150245,0.05088,43.001526987159345,0.1479393459790139,551.9615418999637,2.1046638802191815
ammonia,SMR,,solar,SMR_H_solar_E,Switzerland,1,2024,141.50480368993502,1453.8762886473207,1595.3810923372555,1.9042003394251303,37.107292826734586,0.0074709134322373,30.847776734028276,0.00296,0.0,0.0,1663.3361618980184,1.9146312528573677
ammonia,SMR,,solar,SMR_H_solar_E,Singapore,1,2024,118.45424743275105,1563.3099567867637,1681.7642042195148,1.9042003394251303,8.341303481694462,0.0001039595293176,29.91076332939019,0.03992,35.79768272946306,0.1231557607743187,1755.8139537600625,2.0673800597287664
ammonia,SMR,,solar,SMR_H_solar_E,Hungary,1,2024,115.25278128591992,631.2432305380578,746.4960118239777,1.9042003394251303,63.197701394265366,0.0141526525832837,22.685067023190456,0.01464,0.0,0.0,832.3787802414334,1.9329929920084141
ammonia,SMR,,solar,SMR_H_solar_E,Philippines,1,2024,114.61248805655369,370.450117891829,485.06260594838267,1.9042003394251303,18.23837230111739,0.0026385933599904,18.647927761950505,0.04904,41.35944655971732,0.1422900511399434,563.3083525711679,2.098168983925064
ammonia,SMR,,solar,SMR_H_solar_E,Netherlands,1,2024,131.26011202007544,1007.9419939061931,1139.2021059262686,1.9042003394251303,12.831049847445094,0.0012537810812744,26.25354855418913,0.02024,0.0,0.0,1178.2867043279027,1.9256941205064049
ammonia,SMR,,solar,SMR_H_solar_E,Norway,1,2024,145.34656306613235,792.2470155486576,937.59357861479,1.9042003394251303,30.667279796307408,0.0058216296700732,18.350612301467965,0.00248,2.5161084543944385,0.0086562377021293,989.1275791669598,1.921158206797333
ammonia,SMR,,solar,SMR_H_solar_E,Oman,1,2024,122.29600680894836,97.88718581512224,220.1831926240706,1.9042003394251303,27.166098767846073,0.0049249791522318,23.17359889682987,0.0436,25.509822274515017,0.0877621491083225,296.0327125632616,2.040487467685685
ammonia,SMR,,solar,SMR_H_solar_E,Italy,1,2024,122.93630003831456,1112.063415803093,1234.9997158414076,1.9042003394251303,21.052123956557303,0.0033591935970013,43.850738158069824,0.0230399999999999,9.606466402457729,0.0330493928081517,1309.5090443584925,1.9636489258302832
ammonia,SMR,,solar,SMR_H_solar_E,Austria,1,2024,133.18099170817413,954.5755102521744,1087.7565019603485,1.9042003394251303,47.10675937684926,0.010031771264898,31.164966337908968,0.0082399999999999,0.0,0.0,1166.0282276751068,1.9224721106900282
ammonia,SMR,,solar,SMR_H_solar_E,Finland,1,2024,138.3033375431039,1046.8791224465815,1185.1824599896854,1.9042003394251303,27.529549154197397,0.0050180585944207,18.262080427828543,0.0057599999999999,4.899852683963293,0.0168570990903532,1235.8739422556746,1.931835497109904
ammonia,SMR,,solar,SMR_H_solar_E,Portugal,1,2024,116.53336774465237,866.8792608127725,983.4126285574248,1.9042003394251303,17.16609057239028,0.0023639826044998,18.75934554567035,0.00896,4.8427178184643145,0.0166605364278915,1024.18078249395,1.9321848584575219
ammonia,SMR,,solar,SMR_H_solar_E,Germany,1,2024,131.9004052494417,893.0008031742377,1024.9012084236797,1.9042003394251303,27.98770902087936,0.0051353930819479,30.530687815429072,0.02752,0.0,0.0,1083.419605259988,1.9368557325070783
ammonia,SMR,,solar,SMR_H_solar_E,Greece,1,2024,117.8139542033848,491.55200471169496,609.3659589150798,1.9042003394251303,15.991134891457742,0.002063077106845,26.11362406815024,0.0256,12.105680641621706,0.0416475088730478,663.5763985163094,1.9735109254050234
ammonia,SMR,,solar,SMR_H_solar_E,France,1,2024,129.3392323319768,972.8137676996632,1102.15300003164,1.9042003394251303,35.57181571589171,0.0070776785965121,22.702130770469285,0.0035199999999999,0.0,0.0,1160.426946518001,1.9147980180216424
ammonia,SMR,,solar,SMR_H_solar_E,Brazil,1,2024,117.81395420338478,959.7284650022142,1077.542419205599,1.9042003394251303,82.03825245129546,0.0189777072503737,17.153624068150243,0.0082399999999999,23.34581834577179,0.0803172663717191,1200.0801140708163,2.0117353130472226
ammonia,SMR,,solar,SMR_H_solar_E,United Kingdom,1,2024,136.3824578550052,751.056198908156,887.4386567631612,1.9042003394251303,21.282326130476545,0.0034181482459541,43.270662644108704,0.01688,2.2784712434439927,0.0078386878142199,954.2701167811905,1.9323371754853043
ammonia,SMR,,solar,SMR_H_solar_E,Spain,1,2024,119.09454066211724,714.6249259607432,833.7194666228604,1.9042003394251303,30.463196077087932,0.0057693639428704,17.947902590630136,0.01168,5.974650796719941,0.0205547568481388,888.1052160872985,1.9422044602161395
ammonia,SMR,,solar,SMR_H_solar_E,Sweden,1,2024,140.8645104605688,1501.6686733751092,1642.5331838356778,1.9042003394251303,31.740731385979313,0.0060965400263024,13.886937472788334,0.0028799999999999,2.0826077853167044,0.0071648533267797,1690.2434604797622,1.9203417327782124
ammonia,SMR,,solar,SMR_H_solar_E,Czech Republic,1,2024,116.53336774465237,750.5173297832132,867.0506975278656,1.9042003394251303,45.22934523515019,0.009550966545384,25.23934554567035,0.03312,0.0,0.0,937.5193883086862,1.9468713059705143
ammonia,SMR,,solar,SMR_H_solar_E,Japan,1,2024,138.3033375431039,824.2402794436694,962.5436169867731,1.9042003394251303,17.281036398859737,0.0023934201668509,24.582080427828544,0.03856,48.51616394412256,0.1669115044553502,1052.922897757584,2.1120652640473314
ammonia,SMR,,solar,SMR_H_solar_E,Belgium,1,2024,131.26011202007544,630.0678319318719,761.3279439519473,1.9042003394251303,14.751876711800598,0.0017457037749618,28.573548554189134,0.01104,0.0,0.0,804.6533692179371,1.916986043200092
ammonia,SMR,,solar,SMR_H_solar_E,Poland,1,2024,118.45424743275105,881.6068929077336,1000.0611403404846,1.9042003394251303,19.458362490150392,0.0029510321701706,39.91076332939019,0.0492,3.6473177176904814,0.0125479683057283,1063.0775838777156,1.9688993399010293
ammonia,SMR,,solar,SMR_H_solar_E,India,1,2024,113.33190159782124,547.2313651152292,660.5632667130504,1.9042003394251303,52.05383412494387,0.0112987143617046,16.733649239470612,0.0566399999999999,26.93406883774407,0.0926620240625278,756.284818915209,2.0648010778493626
ammonia,SMR,,solar,SMR_H_solar_E,Indonesia,1,2024,103.0872099279617,862.8257636983703,965.912973626332,1.9042003394251303,23.18926299464231,0.0039065137183034,11.65942105963146,0.05168,40.68412884942023,0.1399667368906789,1041.445786530026,2.0997535900341124
ammonia,SMR,,solar,SMR_H_solar_E,South Korea,1,2024,120.37512712084968,637.0145506299225,757.3896777507722,1.9042003394251303,15.415252168520214,0.0019155938611801,16.262181113110028,0.03312,46.85808588748901,0.1612071725288637,835.9251969198914,2.1004431058151742
ammonia,SMR,,solar,SMR_H_solar_E,China,1,2024,117.17366097401856,531.6389808622914,648.81264183631,1.9042003394251303,92.1669955976749,0.0215716727475749,14.156484806910296,0.0448,45.1162208218348,0.1552145858313373,800.25234306273,2.1257865980040425
ammonia,SMR,,solar,SMR_H_solar_E,United Arab Emirates,1,2024,122.29600680894836,76.14803487508962,198.444041684038,1.9042003394251303,19.114195355194887,0.0028628911579598,15.89359889682987,0.03064,26.093073925337656,0.089768725939644,259.5449098614004,2.027471956522734
ammonia,SMR,,solar,SMR_H_solar_E,United States,1,2024,128.05864587324433,380.4526787387041,508.51132461194845,1.9042003394251303,103.20169342816048,0.0243976527364693,19.18785224798939,0.03072,14.168984909328122,0.0487459517727928,645.0698551974266,2.0080639439343924
ammonia,SMR,,solar,SMR_H_solar_E,Turkey,1,2024,117.17366097401856,368.0601821389378,485.2338431129564,1.9042003394251303,18.28051142252689,0.0026493851655915,18.716484806910294,0.0376,14.658864380879152,0.0504312977060069,536.8897037232728,1.9948810222967288
ammonia,SMR,,solar,SMR_H_solar_E,Australia,1,2024,131.26011202007544,451.62830043477265,582.8884124548481,1.9042003394251303,92.70103380490208,0.0217084396359947,26.33354855418913,0.04416,41.38868772703431,0.1423906503388934,743.3116825409736,2.1124594294000185
ammonia,SMR,,solar,SMR_H_solar_E,Malaysia,1,2024,112.0513151390888,326.847456314956,438.8987714540448,1.9042003394251303,15.699284051622213,0.001988334268773,16.73937071699072,0.04832,35.32670879992707,0.1215354561016608,506.6641350225848,2.076044129795564
ammonia,SMR,,solar,SMR_H_solar_E,Canada,1,2024,130.61981879070922,297.783691217755,428.4035100084642,1.9042003394251303,128.59682028848616,0.0309013306282598,16.136409292949182,0.0139999999999999,12.838994158135533,0.0441703477030043,585.975733748035,1.993272017756394
ammonia,SMR,,solar,SMR_H_solar_E,Mexico,1,2024,112.69160836845502,226.2319465826241,338.9235549510791,1.9042003394251303,42.46513156735553,0.0088430529595099,23.416509978230664,0.042,21.628714574179465,0.0744098666409299,426.4339110708448,2.02945325902557
ammonia,SMR,,solar,SMR_H_solar_E,Thailand,1,2024,113.97219482718748,337.4248898153393,451.3970846425268,1.9042003394251303,19.93096669815586,0.0030720658454926,16.93078850071056,0.04432,39.21982592700727,0.134929054932975,527.4786657684006,2.0865214602035977
ammonia,SMR,,solar,SMR_H_solar_E,Russia,1,2024,121.01542035021592,201.01757215297425,322.03299250319014,1.9042003394251303,155.5061256160206,0.0377927887849638,14.219320374349977,0.03592,5.257210331622058,0.0180865265172217,497.0156488251828,1.9959996547273158
ammonia,SMR,,solar,SMR_H_solar_E,Saudi Arabia,1,2024,122.29600680894836,96.00514832931798,218.30115513826632,1.9042003394251303,38.28959708265963,0.0077737008958684,12.53359889682987,0.04416,16.41934638128767,0.0564879327605256,285.54369749904345,2.0126219730815245
ammonia,SMRCCS,,solar,SMRCCS_H_solar_E,South Africa,1,2024,168.27093493540457,251.4490472163482,419.7199821517528,0.3781791168109484,33.88057380211861,0.0066445524812235,14.145041851870085,0.05672,30.07295742756918,0.1034608295379329,497.81855523331063,0.5450044988301048
ammonia,SMRCCS,,solar,SMRCCS_H_solar_E,Taiwan,1,2024,165.5714012198633,456.5599857173467,622.13138693721,0.3781791168109484,14.355511307849394,0.0016441948150371,20.433624068150245,0.05088,43.001526987159345,0.1479393459790139,699.9220493003689,0.5786426576049993
ammonia,SMRCCS,,solar,SMRCCS_H_solar_E,Switzerland,1,2024,198.86565037820537,1866.3123165817303,2065.177966959936,0.3781791168109484,37.107292826734586,0.0074709134322373,30.847776734028276,0.00296,0.0,0.0,2133.1330365206986,0.38861003024318574
ammonia,SMRCCS,,solar,SMRCCS_H_solar_E,Singapore,1,2024,166.4712457917104,2007.1591554379297,2173.63040122964,0.3781791168109484,8.341303481694462,0.0001039595293176,29.91076332939019,0.03992,35.79768272946306,0.1231557607743187,2247.6801507701875,0.5413588371145847
ammonia,SMRCCS,,solar,SMRCCS_H_solar_E,Hungary,1,2024,161.97202293247497,806.8296403483581,968.801663280833,0.3781791168109484,63.197701394265366,0.0141526525832837,22.685067023190456,0.01464,0.0,0.0,1054.6844316982888,0.4069717693942321
ammonia,SMRCCS,,solar,SMRCCS_H_solar_E,Philippines,1,2024,161.07217836062787,473.3920469124799,634.4642252731078,0.3781791168109484,18.23837230111739,0.0026385933599904,18.647927761950505,0.04904,41.35944655971732,0.1422900511399434,712.709971895893,0.5721477613108822
ammonia,SMRCCS,,solar,SMRCCS_H_solar_E,Netherlands,1,2024,184.46813722865204,1293.3016483043757,1477.7697855330275,0.3781791168109484,12.831049847445094,0.0012537810812744,26.25354855418913,0.02024,0.0,0.0,1516.8543839346617,0.39967289789222277
ammonia,SMRCCS,,solar,SMRCCS_H_solar_E,Norway,1,2024,204.2647178092879,1013.7689752311755,1218.0336930404635,0.3781791168109484,30.667279796307408,0.0058216296700732,18.350612301467965,0.00248,2.5161084543944385,0.0086562377021293,1269.5676935926333,0.3951369841831509
ammonia,SMRCCS,,solar,SMRCCS_H_solar_E,Oman,1,2024,171.8703132227929,124.28387356401691,296.1541867868098,0.3781791168109484,27.166098767846073,0.0049249791522318,23.17359889682987,0.0436,25.509822274515017,0.0877621491083225,372.0037067260007,0.5144662450715026
ammonia,SMRCCS,,solar,SMRCCS_H_solar_E,Italy,1,2024,172.77015779463994,1427.099517625016,1599.869675419656,0.3781791168109484,21.052123956557303,0.0033591935970013,43.850738158069824,0.0230399999999999,9.606466402457729,0.0330493928081517,1674.379003936741,0.43762770321610134
ammonia,SMRCCS,,solar,SMRCCS_H_solar_E,Austria,1,2024,187.1676709441933,1224.2574773716651,1411.425148315859,0.3781791168109484,47.10675937684926,0.010031771264898,31.164966337908968,0.0082399999999999,0.0,0.0,1489.6968740306172,0.39645088807584633
ammonia,SMRCCS,,solar,SMRCCS_H_solar_E,Finland,1,2024,194.36642751897,1341.2276277473154,1535.5940552662855,0.3781791168109484,27.529549154197397,0.0050180585944207,18.262080427828543,0.0057599999999999,4.899852683963293,0.0168570990903532,1586.2855375322747,0.4058142744957222
ammonia,SMRCCS,,solar,SMRCCS_H_solar_E,Portugal,1,2024,163.77171207616914,1112.906956617106,1276.678668693275,0.3781791168109484,17.16609057239028,0.0023639826044998,18.75934554567035,0.00896,4.8427178184643145,0.0166605364278915,1317.4468226298,0.40616363584333975
ammonia,SMRCCS,,solar,SMRCCS_H_solar_E,Germany,1,2024,185.3679818004991,1145.4456027507638,1330.813584551263,0.3781791168109484,27.98770902087936,0.0051353930819479,30.530687815429072,0.02752,0.0,0.0,1389.3319813875712,0.41083450989289627
ammonia,SMRCCS,,solar,SMRCCS_H_solar_E,Greece,1,2024,165.5714012198633,629.8923449828458,795.4637462027091,0.3781791168109484,15.991134891457742,0.002063077106845,26.11362406815024,0.0256,12.105680641621706,0.0416475088730478,849.6741858039387,0.4474897027908412
ammonia,SMRCCS,,solar,SMRCCS_H_solar_E,France,1,2024,181.7686035131108,1248.6075278414776,1430.3761313545883,0.3781791168109484,35.57181571589171,0.0070776785965121,22.702130770469285,0.0035199999999999,0.0,0.0,1488.6500778409493,0.3887767954074604
ammonia,SMRCCS,,solar,SMRCCS_H_solar_E,Brazil,1,2024,165.5714012198633,1231.0644888644729,1396.635890084336,0.3781791168109484,82.03825245129546,0.0189777072503737,17.153624068150243,0.0082399999999999,23.34581834577179,0.0803172663717191,1519.1735849495535,0.4857140904330411
ammonia,SMRCCS,,solar,SMRCCS_H_solar_E,United Kingdom,1,2024,191.6668938034287,962.4639369164652,1154.1308307198938,0.3781791168109484,21.282326130476545,0.0034181482459541,43.270662644108704,0.01688,2.2784712434439927,0.0078386878142199,1220.962290737923,0.40631595287112243
ammonia,SMRCCS,,solar,SMRCCS_H_solar_E,Spain,1,2024,167.37109036355747,917.5682129207192,1084.9393032842763,0.3781791168109484,30.463196077087932,0.0057693639428704,17.947902590630136,0.01168,5.974650796719941,0.0205547568481388,1139.3250527487144,0.41618323760195763
ammonia,SMRCCS,,solar,SMRCCS_H_solar_E,Sweden,1,2024,197.9658058063583,1926.0352338404225,2124.001039646781,0.3781791168109484,31.740731385979313,0.0060965400263024,13.886937472788334,0.0028799999999999,2.0826077853167044,0.0071648533267797,2171.7113162908654,0.39432051016403036
ammonia,SMRCCS,,solar,SMRCCS_H_solar_E,Czech Republic,1,2024,163.77171207616914,962.5890906136246,1126.3608026897937,0.3781791168109484,45.22934523515019,0.009550966545384,25.23934554567035,0.03312,0.0,0.0,1196.8294934706144,0.4208500833563324
ammonia,SMRCCS,,solar,SMRCCS_H_solar_E,Japan,1,2024,194.36642751897,1053.6669837449292,1248.033411263899,0.3781791168109484,17.281036398859737,0.0023934201668509,24.582080427828544,0.03856,48.51616394412256,0.1669115044553502,1338.4126920347098,0.5860440414331495
ammonia,SMRCCS,,solar,SMRCCS_H_solar_E,Belgium,1,2024,184.46813722865204,805.0849243773126,989.5530616059648,0.3781791168109484,14.751876711800598,0.0017457037749618,28.573548554189134,0.01104,0.0,0.0,1032.8784868719545,0.3909648205859102
ammonia,SMRCCS,,solar,SMRCCS_H_solar_E,Poland,1,2024,166.4712457917104,1127.3300502647996,1293.80129605651,0.3781791168109484,19.458362490150392,0.0029510321701706,39.91076332939019,0.0492,3.6473177176904814,0.0125479683057283,1356.817739593741,0.44287811728684734
ammonia,SMRCCS,,solar,SMRCCS_H_solar_E,India,1,2024,159.2724892169337,701.1977179266086,860.4702071435422,0.3781791168109484,52.05383412494387,0.0112987143617046,16.733649239470612,0.0566399999999999,26.93406883774407,0.0926620240625278,956.1917593457008,0.5387798552351807
ammonia,SMRCCS,,solar,SMRCCS_H_solar_E,Indonesia,1,2024,144.87497606738037,1105.5402823257557,1250.415258393136,0.3781791168109484,23.18926299464231,0.0039065137183034,11.65942105963146,0.05168,40.68412884942023,0.1399667368906789,1325.94807129683,0.5737323674199307
ammonia,SMRCCS,,solar,SMRCCS_H_solar_E,South Korea,1,2024,169.1707795072516,815.132681640594,984.3034611478456,0.3781791168109484,15.415252168520214,0.0019155938611801,16.262181113110028,0.03312,46.85808588748901,0.1612071725288637,1062.8389803169648,0.5744218832009922
ammonia,SMRCCS,,solar,SMRCCS_H_solar_E,China,1,2024,164.6715566480162,682.0772915132444,846.7488481612606,0.3781791168109484,92.1669955976749,0.0215716727475749,14.156484806910296,0.0448,45.1162208218348,0.1552145858313373,998.1885493876806,0.5997653753898606
ammonia,SMRCCS,,solar,SMRCCS_H_solar_E,United Arab Emirates,1,2024,171.8703132227929,97.45080068812788,269.32111391092076,0.3781791168109484,19.114195355194887,0.0028628911579598,15.89359889682987,0.03064,26.093073925337656,0.089768725939644,330.4219820882832,0.5014507339085522
ammonia,SMRCCS,,solar,SMRCCS_H_solar_E,United States,1,2024,179.96891436941664,486.35089263086024,666.3198070002769,0.3781791168109484,103.20169342816048,0.0243976527364693,19.18785224798939,0.03072,14.168984909328122,0.0487459517727928,802.878337585755,0.48204272132021053
ammonia,SMRCCS,,solar,SMRCCS_H_solar_E,Turkey,1,2024,164.6715566480162,468.482423255762,633.1539799037782,0.3781791168109484,18.28051142252689,0.0026493851655915,18.716484806910294,0.0376,14.658864380879152,0.0504312977060069,684.8098405140945,0.4688597996825468
ammonia,SMRCCS,,solar,SMRCCS_H_solar_E,Australia,1,2024,184.46813722865204,579.8186242249469,764.286761453599,0.3781791168109484,92.70103380490208,0.0217084396359947,26.33354855418913,0.04416,41.38868772703431,0.1423906503388934,924.7100315397245,0.5864382067858365
ammonia,SMRCCS,,solar,SMRCCS_H_solar_E,Malaysia,1,2024,157.47280007323954,416.8554087587309,574.3282088319704,0.3781791168109484,15.699284051622213,0.001988334268773,16.73937071699072,0.04832,35.32670879992707,0.1215354561016608,642.0935724005103,0.5500229071813822
ammonia,SMRCCS,,solar,SMRCCS_H_solar_E,Canada,1,2024,183.56829265680497,377.72618363012606,561.2944762869311,0.3781791168109484,128.59682028848616,0.0309013306282598,16.136409292949182,0.0139999999999999,12.838994158135533,0.0441703477030043,718.8667000265019,0.4672507951422124
ammonia,SMRCCS,,solar,SMRCCS_H_solar_E,Mexico,1,2024,158.37264464508664,287.36667547996143,445.739320125048,0.3781791168109484,42.46513156735553,0.0088430529595099,23.416509978230664,0.042,21.628714574179465,0.0744098666409299,533.2496762448136,0.5034320364113881
ammonia,SMRCCS,,solar,SMRCCS_H_solar_E,Thailand,1,2024,160.1723337887808,431.3557366560051,591.528070444786,0.3781791168109484,19.93096669815586,0.0030720658454926,16.93078850071056,0.04432,39.21982592700727,0.134929054932975,667.6096515706597,0.560500237589416
ammonia,SMRCCS,,solar,SMRCCS_H_solar_E,Russia,1,2024,170.07062407909874,253.0313961755651,423.1020202546639,0.3781791168109484,155.5061256160206,0.0377927887849638,14.219320374349977,0.03592,5.257210331622058,0.0180865265172217,598.0846765766565,0.4699784321131339
ammonia,SMRCCS,,solar,SMRCCS_H_solar_E,Saudi Arabia,1,2024,171.8703132227929,121.75495905384696,293.62527227663986,0.3781791168109484,38.28959708265963,0.0077737008958684,12.53359889682987,0.04416,16.41934638128767,0.0564879327605256,360.867814637417,0.48660075046734236
ammonia,ATRCCS,,wind,ATRCCS_H_wind_E,South Africa,1,2024,153.0005125017031,199.94313835260076,352.9436508543039,0.2395389336188883,33.88057380211861,0.0066445524812235,14.145041851870085,0.05672,30.07295742756918,0.1034608295379329,431.0422239358617,0.4063643156380447
ammonia,ATRCCS,,wind,ATRCCS_H_wind_E,Taiwan,1,2024,150.54595882520513,388.18627677880426,538.7322356040094,0.2395389336188883,14.355511307849394,0.0016441948150371,20.433624068150245,0.05088,43.001526987159345,0.1479393459790139,616.5228979671683,0.44000247441293927
ammonia,ATRCCS,,wind,ATRCCS_H_wind_E,Switzerland,1,2024,180.81878750201273,1597.1138240105072,1777.93261151252,0.2395389336188883,37.107292826734586,0.0074709134322373,30.847776734028276,0.00296,0.0,0.0,1845.887681073283,0.2499698470511256
ammonia,ATRCCS,,wind,ATRCCS_H_wind_E,Singapore,1,2024,151.36414338403782,1770.648840262459,1922.012983646497,0.2395389336188883,8.341303481694462,0.0001039595293176,29.91076332939019,0.03992,35.79768272946306,0.1231557607743187,1996.0627331870448,0.4027186539225246
ammonia,ATRCCS,,wind,ATRCCS_H_wind_E,Hungary,1,2024,147.27322058987463,657.2367039430063,804.509924532881,0.2395389336188883,63.197701394265366,0.0141526525832837,22.685067023190456,0.01464,0.0,0.0,890.3926929503367,0.268331586202172
ammonia,ATRCCS,,wind,ATRCCS_H_wind_E,Philippines,1,2024,146.455036031042,424.6807154213567,571.1357514523987,0.2395389336188883,18.23837230111739,0.0026385933599904,18.647927761950505,0.04904,41.35944655971732,0.1422900511399434,649.3814980751839,0.4335075781188221
ammonia,ATRCCS,,wind,ATRCCS_H_wind_E,Netherlands,1,2024,167.72783456069052,1094.5077715566697,1262.2356061173602,0.2395389336188883,12.831049847445094,0.0012537810812744,26.25354855418913,0.02024,0.0,0.0,1301.3202045189944,0.2610327147001627
ammonia,ATRCCS,,wind,ATRCCS_H_wind_E,Norway,1,2024,185.72789485500857,812.3894361883811,998.1173310433896,0.2395389336188883,30.667279796307408,0.0058216296700732,18.350612301467965,0.00248,2.5161084543944385,0.0086562377021293,1049.6513315955594,0.2564968009910908
ammonia,ATRCCS,,wind,ATRCCS_H_wind_E,Oman,1,2024,156.27325073703364,129.61932858592388,285.89257932295754,0.2395389336188883,27.166098767846073,0.0049249791522318,23.17359889682987,0.0436,25.509822274515017,0.0877621491083225,361.7420992621485,0.37582606187944256
ammonia,ATRCCS,,wind,ATRCCS_H_wind_E,Italy,1,2024,157.09143529586626,1230.788573252977,1387.8800085488429,0.2395389336188883,21.052123956557303,0.0033591935970013,43.850738158069824,0.0230399999999999,9.606466402457729,0.0330493928081517,1462.3893370659277,0.2989875200240412
ammonia,ATRCCS,,wind,ATRCCS_H_wind_E,Austria,1,2024,170.18238823718846,1038.4997026119672,1208.6820908491557,0.2395389336188883,47.10675937684926,0.010031771264898,31.164966337908968,0.0082399999999999,0.0,0.0,1286.953816563914,0.2578107048837862
ammonia,ATRCCS,,wind,ATRCCS_H_wind_E,Finland,1,2024,176.72786470784956,1097.26743707924,1273.9953017870894,0.2395389336188883,27.529549154197397,0.0050180585944207,18.262080427828543,0.0057599999999999,4.899852683963293,0.0168570990903532,1324.6867840530786,0.2671740913036621
ammonia,ATRCCS,,wind,ATRCCS_H_wind_E,Portugal,1,2024,148.90958970753988,972.3831487462902,1121.29273845383,0.2395389336188883,17.16609057239028,0.0023639826044998,18.75934554567035,0.00896,4.8427178184643145,0.0166605364278915,1162.0608923903549,0.26752345265127964
ammonia,ATRCCS,,wind,ATRCCS_H_wind_E,Germany,1,2024,168.54601911952318,979.666492240824,1148.2125113603474,0.2395389336188883,27.98770902087936,0.0051353930819479,30.530687815429072,0.02752,0.0,0.0,1206.7309081966557,0.2721943267008362
ammonia,ATRCCS,,wind,ATRCCS_H_wind_E,Greece,1,2024,150.54595882520516,553.0938174661746,703.6397762913798,0.2395389336188883,15.991134891457742,0.002063077106845,26.11362406815024,0.0256,12.105680641621706,0.0416475088730478,757.8502158926094,0.3088495195987811
ammonia,ATRCCS,,wind,ATRCCS_H_wind_E,France,1,2024,165.27328088419264,1077.853722002895,1243.1270028870877,0.2395389336188883,35.57181571589171,0.0070776785965121,22.702130770469285,0.0035199999999999,0.0,0.0,1301.4009493734486,0.2501366122154003
ammonia,ATRCCS,,wind,ATRCCS_H_wind_E,Brazil,1,2024,150.54595882520513,1019.7617120137968,1170.3076708390015,0.2395389336188883,82.03825245129546,0.0189777072503737,17.153624068150243,0.0082399999999999,23.34581834577179,0.0803172663717191,1292.845365704219,0.347073907240981
ammonia,ATRCCS,,wind,ATRCCS_H_wind_E,United Kingdom,1,2024,174.2733110313516,784.6963239145487,958.9696349459002,0.2395389336188883,21.282326130476545,0.0034181482459541,43.270662644108704,0.01688,2.2784712434439927,0.0078386878142199,1025.8010949639295,0.2676757696790623
ammonia,ATRCCS,,wind,ATRCCS_H_wind_E,Spain,1,2024,152.18232794287042,789.1519821520922,941.3343100949626,0.2395389336188883,30.463196077087932,0.0057693639428704,17.947902590630136,0.01168,5.974650796719941,0.0205547568481388,995.7200595594006,0.2775430544098975
ammonia,ATRCCS,,wind,ATRCCS_H_wind_E,Sweden,1,2024,180.0006029431801,1598.906879304288,1778.907482247468,0.2395389336188883,31.740731385979313,0.0060965400263024,13.886937472788334,0.0028799999999999,2.0826077853167044,0.0071648533267797,1826.6177588915523,0.2556803269719703
ammonia,ATRCCS,,wind,ATRCCS_H_wind_E,Czech Republic,1,2024,148.90958970753988,824.0582565553322,972.967846262872,0.2395389336188883,45.22934523515019,0.009550966545384,25.23934554567035,0.03312,0.0,0.0,1043.4365370436924,0.28220990016427233
ammonia,ATRCCS,,wind,ATRCCS_H_wind_E,Japan,1,2024,176.72786470784956,968.3973166292352,1145.1251813370848,0.2395389336188883,17.281036398859737,0.0023934201668509,24.582080427828544,0.03856,48.51616394412256,0.1669115044553502,1235.5044621078955,0.4474038582410894
ammonia,ATRCCS,,wind,ATRCCS_H_wind_E,Belgium,1,2024,167.72783456069052,650.8023967621428,818.5302313228334,0.2395389336188883,14.751876711800598,0.0017457037749618,28.573548554189134,0.01104,0.0,0.0,861.8556565888232,0.25232463739385014
ammonia,ATRCCS,,wind,ATRCCS_H_wind_E,Poland,1,2024,151.36414338403782,906.145996783731,1057.510140167769,0.2395389336188883,19.458362490150392,0.0029510321701706,39.91076332939019,0.0492,3.6473177176904814,0.0125479683057283,1120.526583705,0.3042379340947872
ammonia,ATRCCS,,wind,ATRCCS_H_wind_E,India,1,2024,144.81866691337672,614.060385145558,758.8790520589348,0.2395389336188883,52.05383412494387,0.0112987143617046,16.733649239470612,0.0566399999999999,26.93406883774407,0.0926620240625278,854.6006042610934,0.4001396720431206
ammonia,ATRCCS,,wind,ATRCCS_H_wind_E,Indonesia,1,2024,131.72771397205452,990.47485487013,1122.2025688421843,0.2395389336188883,23.18926299464231,0.0039065137183034,11.65942105963146,0.05168,40.68412884942023,0.1399667368906789,1197.7353817458784,0.4350921842278706
ammonia,ATRCCS,,wind,ATRCCS_H_wind_E,South Korea,1,2024,153.8186970605357,719.5376811207011,873.3563781812368,0.2395389336188883,15.415252168520214,0.0019155938611801,16.262181113110028,0.03312,46.85808588748901,0.1612071725288637,951.891897350356,0.4357817000089321
ammonia,ATRCCS,,wind,ATRCCS_H_wind_E,China,1,2024,149.7277742663725,580.9895748101573,730.7173490765298,0.2395389336188883,92.1669955976749,0.0215716727475749,14.156484806910296,0.0448,45.1162208218348,0.1552145858313373,882.1570503029498,0.4611251921978005
ammonia,ATRCCS,,wind,ATRCCS_H_wind_E,United Arab Emirates,1,2024,156.27325073703364,129.26510181285886,285.53835254989247,0.2395389336188883,19.114195355194887,0.0028628911579598,15.89359889682987,0.03064,26.093073925337656,0.089768725939644,346.6392207272549,0.36281055071649215
ammonia,ATRCCS,,wind,ATRCCS_H_wind_E,United States,1,2024,163.63691176652733,402.5389328664145,566.1758446329418,0.2395389336188883,103.20169342816048,0.0243976527364693,19.18785224798939,0.03072,14.168984909328122,0.0487459517727928,702.7343752184199,0.3434025381281504
ammonia,ATRCCS,,wind,ATRCCS_H_wind_E,Turkey,1,2024,149.7277742663725,420.5249700194336,570.2527442858061,0.2395389336188883,18.28051142252689,0.0026493851655915,18.716484806910294,0.0376,14.658864380879152,0.0504312977060069,621.9086048961224,0.3302196164904867
ammonia,ATRCCS,,wind,ATRCCS_H_wind_E,Australia,1,2024,167.72783456069052,513.5325004862607,681.2603350469512,0.2395389336188883,92.70103380490208,0.0217084396359947,26.33354855418913,0.04416,41.38868772703431,0.1423906503388934,841.6836051330768,0.4477980235937764
ammonia,ATRCCS,,wind,ATRCCS_H_wind_E,Malaysia,1,2024,143.18229779571143,410.99257502696366,554.1748728226751,0.2395389336188883,15.699284051622213,0.001988334268773,16.73937071699072,0.04832,35.32670879992707,0.1215354561016608,621.940236391215,0.4113827239893222
ammonia,ATRCCS,,wind,ATRCCS_H_wind_E,Canada,1,2024,166.9096500018579,265.1732528111673,432.0829028130251,0.2395389336188883,128.59682028848616,0.0309013306282598,16.136409292949182,0.0139999999999999,12.838994158135533,0.0441703477030043,589.655126552596,0.32861061195015234
ammonia,ATRCCS,,wind,ATRCCS_H_wind_E,Mexico,1,2024,144.00048235454403,240.80011308820568,384.8005954427497,0.2395389336188883,42.46513156735553,0.0088430529595099,23.416509978230664,0.042,21.628714574179465,0.0744098666409299,472.3109515625153,0.3647918532193281
ammonia,ATRCCS,,wind,ATRCCS_H_wind_E,Thailand,1,2024,145.63685147220934,419.3700129418838,565.0068644140931,0.2395389336188883,19.93096669815586,0.0030720658454926,16.93078850071056,0.04432,39.21982592700727,0.134929054932975,641.0884455399669,0.42186005439735597
ammonia,ATRCCS,,wind,ATRCCS_H_wind_E,Russia,1,2024,154.63688161936835,267.0401790501937,421.677060669562,0.2395389336188883,155.5061256160206,0.0377927887849638,14.219320374349977,0.03592,5.257210331622058,0.0180865265172217,596.6597169915548,0.33133824892107383
ammonia,ATRCCS,,wind,ATRCCS_H_wind_E,Saudi Arabia,1,2024,156.27325073703364,129.20546365564843,285.47871439268204,0.2395389336188883,38.28959708265963,0.0077737008958684,12.53359889682987,0.04416,16.41934638128767,0.0564879327605256,352.72125675345916,0.3479605672752823
ammonia,BG,,wind,BG_H_wind_E,South Africa,1,2024,157.51313647152088,304.1373219640268,461.6504584355477,0.2159773447969143,33.88057380211861,0.0066445524812235,14.145041851870085,0.05672,30.07295742756918,0.1034608295379329,539.7490315171055,0.3828027268160707
ammonia,BG,,wind,BG_H_wind_E,Taiwan,1,2024,154.98618775807398,286.1644317126842,441.15061947075816,0.2159773447969143,14.355511307849394,0.0016441948150371,20.433624068150245,0.05088,43.001526987159345,0.1479393459790139,518.9412818339172,0.41644088559096526
ammonia,BG,,wind,BG_H_wind_E,Switzerland,1,2024,186.1518885572519,396.30187715507094,582.4537657123228,0.2159773447969143,37.107292826734586,0.0074709134322373,30.847776734028276,0.00296,0.0,0.0,650.4088352730856,0.2264082582291516
ammonia,BG,,wind,BG_H_wind_E,Singapore,1,2024,155.82850399588963,412.5756770434618,568.4041810393514,0.2159773447969143,8.341303481694462,0.0001039595293176,29.91076332939019,0.03992,35.79768272946306,0.1231557607743187,642.4539305798992,0.3791570651005506
ammonia,BG,,wind,BG_H_wind_E,Hungary,1,2024,151.61692280681154,317.65526692349175,469.2721897303033,0.2159773447969143,63.197701394265366,0.0141526525832837,22.685067023190456,0.01464,0.0,0.0,555.1549581477591,0.244769997380198
ammonia,BG,,wind,BG_H_wind_E,Philippines,1,2024,150.77460656899592,318.1410087879553,468.9156153569512,0.2159773447969143,18.23837230111739,0.0026385933599904,18.647927761950505,0.04904,41.35944655971732,0.1422900511399434,547.1613619797364,0.4099459892968481
ammonia,BG,,wind,BG_H_wind_E,Netherlands,1,2024,172.67482875220202,347.68522264134367,520.3600513935457,0.2159773447969143,12.831049847445094,0.0012537810812744,26.25354855418913,0.02024,0.0,0.0,559.44464979518,0.23747112587818872
ammonia,BG,,wind,BG_H_wind_E,Norway,1,2024,191.20578598414568,345.63783529494805,536.8436212790937,0.2159773447969143,30.667279796307408,0.0058216296700732,18.350612301467965,0.00248,2.5161084543944385,0.0086562377021293,588.3776218312635,0.2329352121691168
ammonia,BG,,wind,BG_H_wind_E,Oman,1,2024,160.88240142278335,306.1219895579595,467.00439098074287,0.2159773447969143,27.166098767846073,0.0049249791522318,23.17359889682987,0.0436,25.509822274515017,0.0877621491083225,542.8539109199338,0.35226447305746855
ammonia,BG,,wind,BG_H_wind_E,Italy,1,2024,161.72471766059894,359.551227358516,521.2759450191149,0.2159773447969143,21.052123956557303,0.0033591935970013,43.850738158069824,0.0230399999999999,9.606466402457729,0.0330493928081517,595.7852735361998,0.2754259312020672
ammonia,BG,,wind,BG_H_wind_E,Austria,1,2024,175.2017774656489,353.09510201500285,528.2968794806518,0.2159773447969143,47.10675937684926,0.010031771264898,31.164966337908968,0.0082399999999999,0.0,0.0,606.56860519541,0.2342491160618122
ammonia,BG,,wind,BG_H_wind_E,Finland,1,2024,181.94030736817385,352.3587091000472,534.299016468221,0.2159773447969143,27.529549154197397,0.0050180585944207,18.262080427828543,0.0057599999999999,4.899852683963293,0.0168570990903532,584.9904987342103,0.24361250248168811
ammonia,BG,,wind,BG_H_wind_E,Portugal,1,2024,153.30155528244276,338.23103648451206,491.53259176695485,0.2159773447969143,17.16609057239028,0.0023639826044998,18.75934554567035,0.00896,4.8427178184643145,0.0166605364278915,532.3007457034797,0.2439618638293056
ammonia,BG,,wind,BG_H_wind_E,Germany,1,2024,173.51714499001764,362.4239721013704,535.941117091388,0.2159773447969143,27.98770902087936,0.0051353930819479,30.530687815429072,0.02752,0.0,0.0,594.4595139276964,0.2486327378788622
ammonia,BG,,wind,BG_H_wind_E,Greece,1,2024,154.98618775807398,319.18423349141847,474.1704212494925,0.2159773447969143,15.991134891457742,0.002063077106845,26.11362406815024,0.0256,12.105680641621706,0.0416475088730478,528.3808608507222,0.28528793077680714
ammonia,BG,,wind,BG_H_wind_E,France,1,2024,170.14788003875515,356.18091583127136,526.3287958700265,0.2159773447969143,35.57181571589171,0.0070776785965121,22.702130770469285,0.0035199999999999,0.0,0.0,584.6027423563875,0.2265750233934263
ammonia,BG,,wind,BG_H_wind_E,Brazil,1,2024,154.98618775807398,307.2433235212021,462.2295112792761,0.2159773447969143,82.03825245129546,0.0189777072503737,17.153624068150243,0.0082399999999999,23.34581834577179,0.0803172663717191,584.7672061444937,0.323512318419007
ammonia,BG,,wind,BG_H_wind_E,United Kingdom,1,2024,179.41335865472695,321.5289492576154,500.9423079123424,0.2159773447969143,21.282326130476545,0.0034181482459541,43.270662644108704,0.01688,2.2784712434439927,0.0078386878142199,567.7737679303716,0.2441141808570883
ammonia,BG,,wind,BG_H_wind_E,Spain,1,2024,156.67082023370523,321.8028513065477,478.47367154025295,0.2159773447969143,30.463196077087932,0.0057693639428704,17.947902590630136,0.01168,5.974650796719941,0.0205547568481388,532.8594210046911,0.2539814655879235
ammonia,BG,,wind,BG_H_wind_E,Sweden,1,2024,185.3095723194363,374.1149764603356,559.424548779772,0.2159773447969143,31.740731385979313,0.0060965400263024,13.886937472788334,0.0028799999999999,2.0826077853167044,0.0071648533267797,607.1348254238562,0.2321187381499963
ammonia,BG,,wind,BG_H_wind_E,Czech Republic,1,2024,153.30155528244276,335.3289390854842,488.630494367927,0.2159773447969143,45.22934523515019,0.009550966545384,25.23934554567035,0.03312,0.0,0.0,559.0991851487476,0.2586483113422983
ammonia,BG,,wind,BG_H_wind_E,Japan,1,2024,181.94030736817385,429.6307563850024,611.5710637531763,0.2159773447969143,17.281036398859737,0.0023934201668509,24.582080427828544,0.03856,48.51616394412256,0.1669115044553502,701.9503445239873,0.4238422694191154
ammonia,BG,,wind,BG_H_wind_E,Belgium,1,2024,172.67482875220202,346.7033004997221,519.3781292519241,0.2159773447969143,14.751876711800598,0.0017457037749618,28.573548554189134,0.01104,0.0,0.0,562.7035545179139,0.2287630485718761
ammonia,BG,,wind,BG_H_wind_E,Poland,1,2024,155.82850399588963,331.6375564145906,487.4660604104803,0.2159773447969143,19.458362490150392,0.0029510321701706,39.91076332939019,0.0492,3.6473177176904814,0.0125479683057283,550.4825039477114,0.2806763452728132
ammonia,BG,,wind,BG_H_wind_E,India,1,2024,149.08997409336467,311.73971460391374,460.8296886972784,0.2159773447969143,52.05383412494387,0.0112987143617046,16.733649239470612,0.0566399999999999,26.93406883774407,0.0926620240625278,556.5512408994371,0.3765780832211466
ammonia,BG,,wind,BG_H_wind_E,Indonesia,1,2024,135.61291428831473,365.5871662564088,501.2000805447235,0.2159773447969143,23.18926299464231,0.0039065137183034,11.65942105963146,0.05168,40.68412884942023,0.1399667368906789,576.7328934484174,0.4115305954058966
ammonia,BG,,wind,BG_H_wind_E,South Korea,1,2024,158.35545270933648,352.88419965170743,511.2396523610439,0.2159773447969143,15.415252168520214,0.0019155938611801,16.262181113110028,0.03312,46.85808588748901,0.1612071725288637,589.7751715301631,0.4122201111869581
ammonia,BG,,wind,BG_H_wind_E,China,1,2024,154.1438715202584,289.87770063635793,444.02157215661634,0.2159773447969143,92.1669955976749,0.0215716727475749,14.156484806910296,0.0448,45.1162208218348,0.1552145858313373,595.4612733830363,0.4375636033758265
ammonia,BG,,wind,BG_H_wind_E,United Arab Emirates,1,2024,160.88240142278335,305.75504205084457,466.637443473628,0.2159773447969143,19.114195355194887,0.0028628911579598,15.89359889682987,0.03064,26.093073925337656,0.089768725939644,527.7383116509905,0.3392489618945181
ammonia,BG,,wind,BG_H_wind_E,United States,1,2024,168.46324756312393,320.7502474241687,489.2134949872926,0.2159773447969143,103.20169342816048,0.0243976527364693,19.18785224798939,0.03072,14.168984909328122,0.0487459517727928,625.7720255727708,0.3198409493061764
ammonia,BG,,wind,BG_H_wind_E,Turkey,1,2024,154.1438715202584,342.13021553260313,496.27408705286155,0.2159773447969143,18.28051142252689,0.0026493851655915,18.716484806910294,0.0376,14.658864380879152,0.0504312977060069,547.9299476631779,0.3066580276685127
ammonia,BG,,wind,BG_H_wind_E,Australia,1,2024,172.67482875220202,329.40596319160346,502.0807919438055,0.2159773447969143,92.70103380490208,0.0217084396359947,26.33354855418913,0.04416,41.38868772703431,0.1423906503388934,662.504062029931,0.4242364347718024
ammonia,BG,,wind,BG_H_wind_E,Malaysia,1,2024,147.40534161773346,346.24132012591525,493.6466617436487,0.2159773447969143,15.699284051622213,0.001988334268773,16.73937071699072,0.04832,35.32670879992707,0.1215354561016608,561.4120253121887,0.3878211351673482
ammonia,BG,,wind,BG_H_wind_E,Canada,1,2024,171.83251251438642,308.1185950321186,479.951107546505,0.2159773447969143,128.59682028848616,0.0309013306282598,16.136409292949182,0.0139999999999999,12.838994158135533,0.0441703477030043,637.5233312860759,0.30504902312817833
ammonia,BG,,wind,BG_H_wind_E,Mexico,1,2024,148.24765785554905,300.29974552531746,448.5474033808665,0.2159773447969143,42.46513156735553,0.0088430529595099,23.416509978230664,0.042,21.628714574179465,0.0744098666409299,536.0577595006321,0.3412302643973541
ammonia,BG,,wind,BG_H_wind_E,Thailand,1,2024,149.9322903311803,333.8643532351885,483.7966435663688,0.2159773447969143,19.93096669815586,0.0030720658454926,16.93078850071056,0.04432,39.21982592700727,0.134929054932975,559.8782246922425,0.39829846557538195
ammonia,BG,,wind,BG_H_wind_E,Russia,1,2024,159.1977689471521,366.85598203898235,526.0537509861344,0.2159773447969143,155.5061256160206,0.0377927887849638,14.219320374349977,0.03592,5.257210331622058,0.0180865265172217,701.0364073081272,0.3077766600990998
ammonia,BG,,wind,BG_H_wind_E,Saudi Arabia,1,2024,160.88240142278335,305.24897568738425,466.1313771101676,0.2159773447969143,38.28959708265963,0.0077737008958684,12.53359889682987,0.04416,16.41934638128767,0.0564879327605256,533.3739194709448,0.3243989784533083
ammonia,LTE,,wind,LTE_H_wind_E,South Africa,1,2024,180.824325,515.7506585858781,696.5749835858782,0.098520790522,33.88057380211861,0.0066445524812235,14.145041851870085,0.05672,30.07295742756918,0.1034608295379329,774.6735566674361,0.2653461725411564
ammonia,LTE,,wind,LTE_H_wind_E,Taiwan,1,2024,177.92340000000002,275.6750769908235,453.59847699082354,0.098520790522,14.355511307849394,0.0016441948150371,20.433624068150245,0.05088,43.001526987159345,0.1479393459790139,531.3891393539825,0.29898433131605096
ammonia,LTE,,wind,LTE_H_wind_E,Switzerland,1,2024,213.701475,573.6844599888752,787.3859349888753,0.098520790522,37.107292826734586,0.0074709134322373,30.847776734028276,0.00296,0.0,0.0,855.3410045496381,0.1089517039542373
ammonia,LTE,,wind,LTE_H_wind_E,Singapore,1,2024,178.890375,860.6256244764281,1039.515999476428,0.098520790522,8.341303481694462,0.0001039595293176,29.91076332939019,0.03992,35.79768272946306,0.1231557607743187,1113.5657490169758,0.2617005108256363
ammonia,LTE,,wind,LTE_H_wind_E,Hungary,1,2024,174.05550000000002,474.7615536693412,648.8170536693412,0.098520790522,63.197701394265366,0.0141526525832837,22.685067023190456,0.01464,0.0,0.0,734.699822086797,0.1273134431052837
ammonia,LTE,,wind,LTE_H_wind_E,Philippines,1,2024,173.08852500000003,594.3395181319956,767.4280431319957,0.098520790522,18.23837230111739,0.0026385933599904,18.647927761950505,0.04904,41.35944655971732,0.1422900511399434,845.6737897547808,0.2924894350219338
ammonia,LTE,,wind,LTE_H_wind_E,Netherlands,1,2024,198.229875,446.2117928576679,644.4416678576679,0.098520790522,12.831049847445094,0.0012537810812744,26.25354855418913,0.02024,0.0,0.0,683.5262662593021,0.12001457160327439
ammonia,LTE,,wind,LTE_H_wind_E,Norway,1,2024,219.503325,436.43181897692534,655.9351439769254,0.098520790522,30.667279796307408,0.0058216296700732,18.350612301467965,0.00248,2.5161084543944385,0.0086562377021293,707.4691445290952,0.11547865789420249
ammonia,LTE,,wind,LTE_H_wind_E,Oman,1,2024,184.69222500000004,543.5568341973756,728.2490591973756,0.098520790522,27.166098767846073,0.0049249791522318,23.17359889682987,0.0436,25.509822274515017,0.0877621491083225,804.0985791365665,0.2348079187825543
ammonia,LTE,,wind,LTE_H_wind_E,Italy,1,2024,185.65920000000003,529.6926797249332,715.3518797249333,0.098520790522,21.052123956557303,0.0033591935970013,43.850738158069824,0.0230399999999999,9.606466402457729,0.0330493928081517,789.8612082420182,0.1579693769271529
ammonia,LTE,,wind,LTE_H_wind_E,Austria,1,2024,201.1308,488.4263008042166,689.5571008042166,0.098520790522,47.10675937684926,0.010031771264898,31.164966337908968,0.0082399999999999,0.0,0.0,767.8288265189748,0.1167925617868979
ammonia,LTE,,wind,LTE_H_wind_E,Finland,1,2024,208.8666,459.2698540331364,668.1364540331365,0.098520790522,27.529549154197397,0.0050180585944207,18.262080427828543,0.0057599999999999,4.899852683963293,0.0168570990903532,718.8279362991258,0.1261559482067738
ammonia,LTE,,wind,LTE_H_wind_E,Portugal,1,2024,175.98945000000003,537.8149167749444,713.8043667749445,0.098520790522,17.16609057239028,0.0023639826044998,18.75934554567035,0.00896,4.8427178184643145,0.0166605364278915,754.5725207114695,0.1265053095543913
ammonia,LTE,,wind,LTE_H_wind_E,Germany,1,2024,199.19685000000004,568.461208182751,767.658058182751,0.098520790522,27.98770902087936,0.0051353930819479,30.530687815429072,0.02752,0.0,0.0,826.1764550190594,0.1311761836039479
ammonia,LTE,,wind,LTE_H_wind_E,Greece,1,2024,177.92340000000002,484.3667396189837,662.2901396189836,0.098520790522,15.991134891457742,0.002063077106845,26.11362406815024,0.0256,12.105680641621706,0.0416475088730478,716.5005792202132,0.1678313765018928
ammonia,LTE,,wind,LTE_H_wind_E,France,1,2024,195.32895,514.7752857603358,710.1042357603358,0.098520790522,35.57181571589171,0.0070776785965121,22.702130770469285,0.0035199999999999,0.0,0.0,768.3781822466967,0.10911846911851199
ammonia,LTE,,wind,LTE_H_wind_E,Brazil,1,2024,177.92340000000002,261.2692133663591,439.1926133663591,0.098520790522,82.03825245129546,0.0189777072503737,17.153624068150243,0.0082399999999999,23.34581834577179,0.0803172663717191,561.7303082315767,0.2060557641440927
ammonia,LTE,,wind,LTE_H_wind_E,United Kingdom,1,2024,205.965675,342.453246208968,548.418921208968,0.098520790522,21.282326130476545,0.0034181482459541,43.270662644108704,0.01688,2.2784712434439927,0.0078386878142199,615.2503812269972,0.126657626582174
ammonia,LTE,,wind,LTE_H_wind_E,Spain,1,2024,179.85735000000005,381.76523575899625,561.6225857589963,0.098520790522,30.463196077087932,0.0057693639428704,17.947902590630136,0.01168,5.974650796719941,0.0205547568481388,616.0083352234343,0.1365249113130092
ammonia,LTE,,wind,LTE_H_wind_E,Sweden,1,2024,212.73450000000005,470.5135723088472,683.2480723088472,0.098520790522,31.740731385979313,0.0060965400263024,13.886937472788334,0.0028799999999999,2.0826077853167044,0.0071648533267797,730.9583489529315,0.114662183875082
ammonia,LTE,,wind,LTE_H_wind_E,Czech Republic,1,2024,175.98945000000003,556.5773829525717,732.5668329525718,0.098520790522,45.22934523515019,0.009550966545384,25.23934554567035,0.03312,0.0,0.0,803.0355237333923,0.141191757067384
ammonia,LTE,,wind,LTE_H_wind_E,Japan,1,2024,208.8666,1277.231318910097,1486.0979189100967,0.098520790522,17.281036398859737,0.0023934201668509,24.582080427828544,0.03856,48.51616394412256,0.1669115044553502,1576.4771996809075,0.3063857151442011
ammonia,LTE,,wind,LTE_H_wind_E,Belgium,1,2024,198.229875,518.879356682935,717.109231682935,0.098520790522,14.751876711800598,0.0017457037749618,28.573548554189134,0.01104,0.0,0.0,760.4346569489248,0.1113064942969618
ammonia,LTE,,wind,LTE_H_wind_E,Poland,1,2024,178.890375,512.7677503486034,691.6581253486033,0.098520790522,19.458362490150392,0.0029510321701706,39.91076332939019,0.0492,3.6473177176904814,0.0125479683057283,754.6745688858344,0.1632197909978989
ammonia,LTE,,wind,LTE_H_wind_E,India,1,2024,171.15457500000002,477.5168086954165,648.6713836954166,0.098520790522,52.05383412494387,0.0112987143617046,16.733649239470612,0.0566399999999999,26.93406883774407,0.0926620240625278,744.3929358975752,0.2591215289462323
ammonia,LTE,,wind,LTE_H_wind_E,Indonesia,1,2024,155.682975,848.5777268630385,1004.2607018630384,0.098520790522,23.18926299464231,0.0039065137183034,11.65942105963146,0.05168,40.68412884942023,0.1399667368906789,1079.7935147667324,0.2940740411309823
ammonia,LTE,,wind,LTE_H_wind_E,South Korea,1,2024,181.7913,696.662384694078,878.453684694078,0.098520790522,15.415252168520214,0.0019155938611801,16.262181113110028,0.03312,46.85808588748901,0.1612071725288637,956.9892038631972,0.2947635569120438
ammonia,LTE,,wind,LTE_H_wind_E,China,1,2024,176.95642500000002,274.0304483430511,450.9868733430511,0.098520790522,92.1669955976749,0.0215716727475749,14.156484806910296,0.0448,45.1162208218348,0.1552145858313373,602.4265745694711,0.3201070491009122
ammonia,LTE,,wind,LTE_H_wind_E,United Arab Emirates,1,2024,184.69222500000004,542.5617600194915,727.2539850194916,0.098520790522,19.114195355194887,0.0028628911579598,15.89359889682987,0.03064,26.093073925337656,0.089768725939644,788.3548531968539,0.2217924076196038
ammonia,LTE,,wind,LTE_H_wind_E,United States,1,2024,193.395,414.5842338323146,607.9792338323147,0.098520790522,103.20169342816048,0.0243976527364693,19.18785224798939,0.03072,14.168984909328122,0.0487459517727928,744.5377644177928,0.2023843950312621
ammonia,LTE,,wind,LTE_H_wind_E,Turkey,1,2024,176.95642500000002,790.660179767182,967.616604767182,0.098520790522,18.28051142252689,0.0026493851655915,18.716484806910294,0.0376,14.658864380879152,0.0504312977060069,1019.2724653774983,0.1892014733935984
ammonia,LTE,,wind,LTE_H_wind_E,Australia,1,2024,198.229875,454.4837111560077,652.7135861560078,0.098520790522,92.70103380490208,0.0217084396359947,26.33354855418913,0.04416,41.38868772703431,0.1423906503388934,813.1368562421333,0.3067798804968881
ammonia,LTE,,wind,LTE_H_wind_E,Malaysia,1,2024,169.220625,849.9800733062757,1019.2006983062756,0.098520790522,15.699284051622213,0.001988334268773,16.73937071699072,0.04832,35.32670879992707,0.1215354561016608,1086.9660618748158,0.27036458089243376
ammonia,LTE,,wind,LTE_H_wind_E,Canada,1,2024,197.26290000000003,391.94525749134624,589.2081574913462,0.098520790522,128.59682028848616,0.0309013306282598,16.136409292949182,0.0139999999999999,12.838994158135533,0.0441703477030043,746.7803812309171,0.187592468853264
ammonia,LTE,,wind,LTE_H_wind_E,Mexico,1,2024,170.1876,486.0989426420492,656.2865426420492,0.098520790522,42.46513156735553,0.0088430529595099,23.416509978230664,0.042,21.628714574179465,0.0744098666409299,743.7968987618149,0.2237737101224398
ammonia,LTE,,wind,LTE_H_wind_E,Thailand,1,2024,172.12155,741.1164755944221,913.2380255944222,0.098520790522,19.93096669815586,0.0030720658454926,16.93078850071056,0.04432,39.21982592700727,0.134929054932975,989.319606720296,0.2808419113004676
ammonia,LTE,,wind,LTE_H_wind_E,Russia,1,2024,182.75827500000003,1075.8338744615735,1258.5921494615736,0.098520790522,155.5061256160206,0.0377927887849638,14.219320374349977,0.03592,5.257210331622058,0.0180865265172217,1433.5748057835663,0.19032010582418551
ammonia,LTE,,wind,LTE_H_wind_E,Saudi Arabia,1,2024,184.69222500000004,542.3228532348364,727.0150782348364,0.098520790522,38.28959708265963,0.0077737008958684,12.53359889682987,0.04416,16.41934638128767,0.0564879327605256,794.2576205956136,0.206942424178394
ammonia,SMR,,wind,SMR_H_wind_E,South Africa,1,2024,119.73483389148348,170.74856027951677,290.48339417100027,1.8741039192456292,33.88057380211861,0.0066445524812235,14.145041851870085,0.05672,30.07295742756918,0.1034608295379329,368.5819672525581,2.0409293012647858
ammonia,SMR,,wind,SMR_H_wind_E,Taiwan,1,2024,117.81395420338478,345.7346593877135,463.5486135910983,1.8741039192456292,14.355511307849394,0.0016441948150371,20.433624068150245,0.05088,43.001526987159345,0.1479393459790139,541.3392759542572,2.07456746003968
ammonia,SMR,,wind,SMR_H_wind_E,Switzerland,1,2024,141.50480368993502,1443.5859685124176,1585.0907722023526,1.8741039192456292,37.107292826734586,0.0074709134322373,30.847776734028276,0.00296,0.0,0.0,1653.0458417631155,1.8845348326778666
ammonia,SMR,,wind,SMR_H_wind_E,Singapore,1,2024,118.45424743275105,1590.2639566239934,1708.7182040567443,1.8741039192456292,8.341303481694462,0.0001039595293176,29.91076332939019,0.03992,35.79768272946306,0.1231557607743187,1782.767953597292,2.0372836395492655
ammonia,SMR,,wind,SMR_H_wind_E,Hungary,1,2024,115.25278128591992,586.5965189850108,701.8493002709307,1.8741039192456292,63.197701394265366,0.0141526525832837,22.685067023190456,0.01464,0.0,0.0,787.7320686883864,1.902896571828913
ammonia,SMR,,wind,SMR_H_wind_E,Philippines,1,2024,114.61248805655369,371.00336090983456,485.6158489663882,1.8741039192456292,18.23837230111739,0.0026385933599904,18.647927761950505,0.04904,41.35944655971732,0.1422900511399434,563.8615955891735,2.068072563745563
ammonia,SMR,,wind,SMR_H_wind_E,Netherlands,1,2024,131.26011202007544,988.3571910687972,1119.6173030888726,1.8741039192456292,12.831049847445094,0.0012537810812744,26.25354855418913,0.02024,0.0,0.0,1158.7019014905068,1.8955977003269038
ammonia,SMR,,wind,SMR_H_wind_E,Norway,1,2024,145.34656306613235,733.9352014508738,879.2817645170062,1.8741039192456292,30.667279796307408,0.0058216296700732,18.350612301467965,0.00248,2.5161084543944385,0.0086562377021293,930.815765069176,1.8910617866178319
ammonia,SMR,,wind,SMR_H_wind_E,Oman,1,2024,122.29600680894836,106.84972270681196,229.1457295157603,1.8741039192456292,27.166098767846073,0.0049249791522318,23.17359889682987,0.0436,25.509822274515017,0.0877621491083225,304.99524945495125,2.0103910475061837
ammonia,SMR,,wind,SMR_H_wind_E,Italy,1,2024,122.93630003831456,1107.858768866251,1230.7950689045656,1.8741039192456292,21.052123956557303,0.0033591935970013,43.850738158069824,0.0230399999999999,9.606466402457729,0.0330493928081517,1305.3043974216505,1.933552505650782
ammonia,SMR,,wind,SMR_H_wind_E,Austria,1,2024,133.18099170817413,935.8758962435874,1069.0568879517614,1.8741039192456292,47.10675937684926,0.010031771264898,31.164966337908968,0.0082399999999999,0.0,0.0,1147.3286136665197,1.8923756905105271
ammonia,SMR,,wind,SMR_H_wind_E,Finland,1,2024,138.3033375431039,991.5548206460276,1129.8581581891317,1.8741039192456292,27.529549154197397,0.0050180585944207,18.262080427828543,0.0057599999999999,4.899852683963293,0.0168570990903532,1180.5496404551209,1.901739076930403
ammonia,SMR,,wind,SMR_H_wind_E,Portugal,1,2024,116.53336774465237,873.1862312180355,989.7195989626878,1.8741039192456292,17.16609057239028,0.0023639826044998,18.75934554567035,0.00896,4.8427178184643145,0.0166605364278915,1030.4877528992126,1.9020884382780208
ammonia,SMR,,wind,SMR_H_wind_E,Germany,1,2024,131.9004052494417,882.7104830393348,1014.6108882887766,1.8741039192456292,27.98770902087936,0.0051353930819479,30.530687815429072,0.02752,0.0,0.0,1073.1292851250848,1.9067593123275772
ammonia,SMR,,wind,SMR_H_wind_E,Greece,1,2024,117.8139542033848,491.99459912609944,609.8085533294843,1.8741039192456292,15.991134891457742,0.002063077106845,26.11362406815024,0.0256,12.105680641621706,0.0416475088730478,664.0189929307139,1.943414505225522
ammonia,SMR,,wind,SMR_H_wind_E,France,1,2024,129.3392323319768,971.0433900420452,1100.382622374022,1.8741039192456292,35.57181571589171,0.0070776785965121,22.702130770469285,0.0035199999999999,0.0,0.0,1158.656568860383,1.8847015978421413
ammonia,SMR,,wind,SMR_H_wind_E,Brazil,1,2024,117.81395420338478,921.3333995526298,1039.1473537560146,1.8741039192456292,82.03825245129546,0.0189777072503737,17.153624068150243,0.0082399999999999,23.34581834577179,0.0803172663717191,1161.685048621232,1.9816388928677218
ammonia,SMR,,wind,SMR_H_wind_E,United Kingdom,1,2024,136.3824578550052,709.3416753505385,845.7241332055437,1.8741039192456292,21.282326130476545,0.0034181482459541,43.270662644108704,0.01688,2.2784712434439927,0.0078386878142199,912.5555932235729,1.9022407553058032
ammonia,SMR,,wind,SMR_H_wind_E,Spain,1,2024,119.09454066211724,711.6374136635133,830.7319543256306,1.8741039192456292,30.463196077087932,0.0057693639428704,17.947902590630136,0.01168,5.974650796719941,0.0205547568481388,885.1177037900686,1.9121080400366384
ammonia,SMR,,wind,SMR_H_wind_E,Sweden,1,2024,140.8645104605688,1447.4508576105666,1588.3153680711353,1.8741039192456292,31.740731385979313,0.0060965400263024,13.886937472788334,0.0028799999999999,2.0826077853167044,0.0071648533267797,1636.0256447152196,1.8902453125987113
ammonia,SMR,,wind,SMR_H_wind_E,Czech Republic,1,2024,116.53336774465237,740.2270096483102,856.7603773929625,1.8741039192456292,45.22934523515019,0.009550966545384,25.23934554567035,0.03312,0.0,0.0,927.229068173783,1.9167748857910132
ammonia,SMR,,wind,SMR_H_wind_E,Japan,1,2024,138.3033375431039,848.8042694431152,987.1076069862193,1.8741039192456292,17.281036398859737,0.0023934201668509,24.582080427828544,0.03856,48.51616394412256,0.1669115044553502,1077.4868877570302,2.0819688438678305
ammonia,SMR,,wind,SMR_H_wind_E,Belgium,1,2024,131.26011202007544,583.8167156266088,715.0768276466843,1.8741039192456292,14.751876711800598,0.0017457037749618,28.573548554189134,0.01104,0.0,0.0,758.402252912674,1.886889623020591
ammonia,SMR,,wind,SMR_H_wind_E,Poland,1,2024,118.45424743275105,813.226055882249,931.680303315,1.8741039192456292,19.458362490150392,0.0029510321701706,39.91076332939019,0.0492,3.6473177176904814,0.0125479683057283,994.6967468522311,1.9388029197215282
ammonia,SMR,,wind,SMR_H_wind_E,India,1,2024,113.33190159782124,545.3503388540104,658.6822404518316,1.8741039192456292,52.05383412494387,0.0112987143617046,16.733649239470612,0.0566399999999999,26.93406883774407,0.0926620240625278,754.4037926539902,2.0347046576698617
ammonia,SMR,,wind,SMR_H_wind_E,Indonesia,1,2024,103.0872099279617,878.2501790403647,981.3373889683264,1.8741039192456292,23.18926299464231,0.0039065137183034,11.65942105963146,0.05168,40.68412884942023,0.1399667368906789,1056.8702018720203,2.0696571698546116
ammonia,SMR,,wind,SMR_H_wind_E,South Korea,1,2024,120.37512712084968,636.9039020263214,757.2790291471711,1.8741039192456292,15.415252168520214,0.0019155938611801,16.262181113110028,0.03312,46.85808588748901,0.1612071725288637,835.8145483162903,2.070346685635673
ammonia,SMR,,wind,SMR_H_wind_E,China,1,2024,117.17366097401856,521.0167149165852,638.1903758906038,1.8741039192456292,92.1669955976749,0.0215716727475749,14.156484806910296,0.0448,45.1162208218348,0.1552145858313373,789.6300771170238,2.0956901778245416
ammonia,SMR,,wind,SMR_H_wind_E,United Arab Emirates,1,2024,122.29600680894836,105.69121203658534,227.9872188455337,1.8741039192456292,19.114195355194887,0.0028628911579598,15.89359889682987,0.03064,26.093073925337656,0.089768725939644,289.0880870228961,1.997375536343233
ammonia,SMR,,wind,SMR_H_wind_E,United States,1,2024,128.05864587324433,359.76138986529696,487.82003573854126,1.8741039192456292,103.20169342816048,0.0243976527364693,19.18785224798939,0.03072,14.168984909328122,0.0487459517727928,624.3785663240194,1.9779675237548915
ammonia,SMR,,wind,SMR_H_wind_E,Turkey,1,2024,117.17366097401856,362.085157544478,479.2588185184965,1.8741039192456292,18.28051142252689,0.0026493851655915,18.716484806910294,0.0376,14.658864380879152,0.0504312977060069,530.9146791288128,1.9647846021172277
ammonia,SMR,,wind,SMR_H_wind_E,Australia,1,2024,131.26011202007544,461.0334317408668,592.2935437609423,1.8741039192456292,92.70103380490208,0.0217084396359947,26.33354855418913,0.04416,41.38868772703431,0.1423906503388934,752.7168138470678,2.082363009220517
ammonia,SMR,,wind,SMR_H_wind_E,Malaysia,1,2024,112.0513151390888,351.22334368827995,463.27465882736874,1.8741039192456292,15.699284051622213,0.001988334268773,16.73937071699072,0.04832,35.32670879992707,0.1215354561016608,531.0400223959087,2.0459477096160628
ammonia,SMR,,wind,SMR_H_wind_E,Canada,1,2024,130.61981879070922,235.15658157952808,365.7764003702373,1.8741039192456292,128.59682028848616,0.0309013306282598,16.136409292949182,0.0139999999999999,12.838994158135533,0.0441703477030043,523.3486241098082,1.963175597576893
ammonia,SMR,,wind,SMR_H_wind_E,Mexico,1,2024,112.69160836845502,206.647143745228,319.33875211368303,1.8741039192456292,42.46513156735553,0.0088430529595099,23.416509978230664,0.042,21.628714574179465,0.0744098666409299,406.8491082334487,1.999356838846069
ammonia,SMR,,wind,SMR_H_wind_E,Thailand,1,2024,113.97219482718748,362.05526897694585,476.02746380413333,1.8741039192456292,19.93096669815586,0.0030720658454926,16.93078850071056,0.04432,39.21982592700727,0.134929054932975,552.109044930007,2.056425040024097
ammonia,SMR,,wind,SMR_H_wind_E,Russia,1,2024,121.01542035021592,215.06994481031492,336.08536516053084,1.8741039192456292,155.5061256160206,0.0377927887849638,14.219320374349977,0.03592,5.257210331622058,0.0180865265172217,511.0680214825235,1.9659032345478147
ammonia,SMR,,wind,SMR_H_wind_E,Saudi Arabia,1,2024,122.29600680894836,105.63157684261436,227.9275836515627,1.8741039192456292,38.28959708265963,0.0077737008958684,12.53359889682987,0.04416,16.41934638128767,0.0564879327605256,295.17012601233984,1.9825255529020234
ammonia,SMRCCS,,wind,SMRCCS_H_wind_E,South Africa,1,2024,168.27093493540457,217.47508650937425,385.7460214447787,0.3413627131762993,33.88057380211861,0.0066445524812235,14.145041851870085,0.05672,30.07295742756918,0.1034608295379329,463.84459452633655,0.5081880951954556
ammonia,SMRCCS,,wind,SMRCCS_H_wind_E,Taiwan,1,2024,165.5714012198633,443.5659609051176,609.1373621249809,0.3413627131762993,14.355511307849394,0.0016441948150371,20.433624068150245,0.05088,43.001526987159345,0.1479393459790139,686.9280244881398,0.5418262539703502
ammonia,SMRCCS,,wind,SMRCCS_H_wind_E,Switzerland,1,2024,198.86565037820537,1853.7243550448836,2052.5900054230888,0.3413627131762993,37.107292826734586,0.0074709134322373,30.847776734028276,0.00296,0.0,0.0,2120.5450749838515,0.35179362660853664
ammonia,SMRCCS,,wind,SMRCCS_H_wind_E,Singapore,1,2024,166.4712457917104,2040.1314933989613,2206.602739190672,0.3413627131762993,8.341303481694462,0.0001039595293176,29.91076332939019,0.03992,35.79768272946306,0.1231557607743187,2280.6524887312194,0.5045424334799355
ammonia,SMRCCS,,wind,SMRCCS_H_wind_E,Hungary,1,2024,161.97202293247497,752.2141298094576,914.1861527419326,0.3413627131762993,63.197701394265366,0.0141526525832837,22.685067023190456,0.01464,0.0,0.0,1000.0689211593883,0.37015536575958297
ammonia,SMRCCS,,wind,SMRCCS_H_wind_E,Philippines,1,2024,161.07217836062787,474.0688190381168,635.1409973987447,0.3413627131762993,18.23837230111739,0.0026385933599904,18.647927761950505,0.04904,41.35944655971732,0.1422900511399434,713.3867440215299,0.5353313576762331
ammonia,SMRCCS,,wind,SMRCCS_H_wind_E,Netherlands,1,2024,184.46813722865204,1269.3439150568283,1453.8120522854804,0.3413627131762993,12.831049847445094,0.0012537810812744,26.25354855418913,0.02024,0.0,0.0,1492.8966506871145,0.36285649425757366
ammonia,SMRCCS,,wind,SMRCCS_H_wind_E,Norway,1,2024,204.2647178092879,942.4371931890432,1146.701910998331,0.3413627131762993,30.667279796307408,0.0058216296700732,18.350612301467965,0.00248,2.5161084543944385,0.0086562377021293,1198.2359115505008,0.3583205805485018
ammonia,SMRCCS,,wind,SMRCCS_H_wind_E,Oman,1,2024,171.8703132227929,135.24758199933524,307.11789522212814,0.3413627131762993,27.166098767846073,0.0049249791522318,23.17359889682987,0.0436,25.509822274515017,0.0877621491083225,382.9674151613191,0.4776498414368535
ammonia,SMRCCS,,wind,SMRCCS_H_wind_E,Italy,1,2024,172.77015779463994,1421.9560494701752,1594.7262072648152,0.3413627131762993,21.052123956557303,0.0033591935970013,43.850738158069824,0.0230399999999999,9.606466402457729,0.0330493928081517,1669.2355357819001,0.40081129958145223
ammonia,SMRCCS,,wind,SMRCCS_H_wind_E,Austria,1,2024,187.1676709441933,1201.3825795251369,1388.5502504693302,0.3413627131762993,47.10675937684926,0.010031771264898,31.164966337908968,0.0082399999999999,0.0,0.0,1466.8219761840885,0.3596344844411972
ammonia,SMRCCS,,wind,SMRCCS_H_wind_E,Finland,1,2024,194.36642751897,1273.5504151836224,1467.9168427025925,0.3413627131762993,27.529549154197397,0.0050180585944207,18.262080427828543,0.0057599999999999,4.899852683963293,0.0168570990903532,1518.6083249685817,0.3689978708610731
ammonia,SMRCCS,,wind,SMRCCS_H_wind_E,Portugal,1,2024,163.77171207616914,1120.622158849367,1284.3938709255362,0.3413627131762993,17.16609057239028,0.0023639826044998,18.75934554567035,0.00896,4.8427178184643145,0.0166605364278915,1325.1620248620611,0.36934723220869065
ammonia,SMRCCS,,wind,SMRCCS_H_wind_E,Germany,1,2024,185.3679818004991,1132.8576412139166,1318.2256230144158,0.3413627131762993,27.98770902087936,0.0051353930819479,30.530687815429072,0.02752,0.0,0.0,1376.744019850724,0.37401810625824716
ammonia,SMRCCS,,wind,SMRCCS_H_wind_E,Greece,1,2024,165.5714012198633,630.4337626833553,796.0051639032187,0.3413627131762993,15.991134891457742,0.002063077106845,26.11362406815024,0.0256,12.105680641621706,0.0416475088730478,850.2156035044483,0.4106732991561921
ammonia,SMRCCS,,wind,SMRCCS_H_wind_E,France,1,2024,181.7686035131108,1246.4418570394396,1428.2104605525503,0.3413627131762993,35.57181571589171,0.0070776785965121,22.702130770469285,0.0035199999999999,0.0,0.0,1486.4844070389113,0.3519603917728113
ammonia,SMRCCS,,wind,SMRCCS_H_wind_E,Brazil,1,2024,165.5714012198633,1184.09650334527,1349.667904565133,0.3413627131762993,82.03825245129546,0.0189777072503737,17.153624068150243,0.0082399999999999,23.34581834577179,0.0803172663717191,1472.2055994303505,0.448897686798392
ammonia,SMRCCS,,wind,SMRCCS_H_wind_E,United Kingdom,1,2024,191.6668938034287,911.4353186434404,1103.102212446869,0.3413627131762993,21.282326130476545,0.0034181482459541,43.270662644108704,0.01688,2.2784712434439927,0.0078386878142199,1169.9336724648983,0.3694995492364733
ammonia,SMRCCS,,wind,SMRCCS_H_wind_E,Spain,1,2024,167.37109036355747,913.9136434422796,1081.284733805837,0.3413627131762993,30.463196077087932,0.0057693639428704,17.947902590630136,0.01168,5.974650796719941,0.0205547568481388,1135.670483270275,0.3793668339673085
ammonia,SMRCCS,,wind,SMRCCS_H_wind_E,Sweden,1,2024,197.9658058063583,1859.7115655280031,2057.6773713343614,0.3413627131762993,31.740731385979313,0.0060965400263024,13.886937472788334,0.0028799999999999,2.0826077853167044,0.0071648533267797,2105.387647978446,0.35750410652938125
ammonia,SMRCCS,,wind,SMRCCS_H_wind_E,Czech Republic,1,2024,163.77171207616914,950.0011290767776,1113.772841152947,0.3413627131762993,45.22934523515019,0.009550966545384,25.23934554567035,0.03312,0.0,0.0,1184.2415319337676,0.3840336797216833
ammonia,SMRCCS,,wind,SMRCCS_H_wind_E,Japan,1,2024,194.36642751897,1083.7156661232093,1278.0820936421792,0.3413627131762993,17.281036398859737,0.0023934201668509,24.582080427828544,0.03856,48.51616394412256,0.1669115044553502,1368.46137441299,0.5492276377985004
ammonia,SMRCCS,,wind,SMRCCS_H_wind_E,Belgium,1,2024,184.46813722865204,748.5067746740651,932.9749119027172,0.3413627131762993,14.751876711800598,0.0017457037749618,28.573548554189134,0.01104,0.0,0.0,976.300337168707,0.3541484169512611
ammonia,SMRCCS,,wind,SMRCCS_H_wind_E,Poland,1,2024,166.4712457917104,1043.6810155360747,1210.152261327785,0.3413627131762993,19.458362490150392,0.0029510321701706,39.91076332939019,0.0492,3.6473177176904814,0.0125479683057283,1273.168704865016,0.40606171365219823
ammonia,SMRCCS,,wind,SMRCCS_H_wind_E,India,1,2024,159.2724892169337,698.896692699443,858.1691819163766,0.3413627131762993,52.05383412494387,0.0112987143617046,16.733649239470612,0.0566399999999999,26.93406883774407,0.0926620240625278,953.8907341185352,0.5019634516005316
ammonia,SMRCCS,,wind,SMRCCS_H_wind_E,Indonesia,1,2024,144.87497606738037,1124.408689188513,1269.2836652558938,0.3413627131762993,23.18926299464231,0.0039065137183034,11.65942105963146,0.05168,40.68412884942023,0.1399667368906789,1344.8164781595879,0.5369159637852816
ammonia,SMRCCS,,wind,SMRCCS_H_wind_E,South Korea,1,2024,169.1707795072516,814.9973272154667,984.1681067227184,0.3413627131762993,15.415252168520214,0.0019155938611801,16.262181113110028,0.03312,46.85808588748901,0.1612071725288637,1062.7036258918376,0.5376054795663431
ammonia,SMRCCS,,wind,SMRCCS_H_wind_E,China,1,2024,164.6715566480162,669.0832667010154,833.7548233490317,0.3413627131762993,92.1669955976749,0.0215716727475749,14.156484806910296,0.0448,45.1162208218348,0.1552145858313373,985.1945245754516,0.5629489717552114
ammonia,SMRCCS,,wind,SMRCCS_H_wind_E,United Arab Emirates,1,2024,171.8703132227929,133.59043219714005,305.46074541993295,0.3413627131762993,19.114195355194887,0.0028628911579598,15.89359889682987,0.03064,26.093073925337656,0.089768725939644,366.5616135972954,0.4646343302739031
ammonia,SMRCCS,,wind,SMRCCS_H_wind_E,United States,1,2024,179.96891436941664,461.039615132039,641.0085295014557,0.3413627131762993,103.20169342816048,0.0243976527364693,19.18785224798939,0.03072,14.168984909328122,0.0487459517727928,777.5670600869338,0.4452263176855614
ammonia,SMRCCS,,wind,SMRCCS_H_wind_E,Turkey,1,2024,164.6715566480162,461.1732842988831,625.8448409468994,0.3413627131762993,18.28051142252689,0.0026493851655915,18.716484806910294,0.0376,14.658864380879152,0.0504312977060069,677.5007015572157,0.4320433960478977
ammonia,SMRCCS,,wind,SMRCCS_H_wind_E,Australia,1,2024,184.46813722865204,591.3237503607747,775.7918875894268,0.3413627131762993,92.70103380490208,0.0217084396359947,26.33354855418913,0.04416,41.38868772703431,0.1423906503388934,936.2151576755523,0.5496218031511874
ammonia,SMRCCS,,wind,SMRCCS_H_wind_E,Malaysia,1,2024,157.47280007323954,446.6739886142941,604.1467886875337,0.3413627131762993,15.699284051622213,0.001988334268773,16.73937071699072,0.04832,35.32670879992707,0.1215354561016608,671.9121522560736,0.5132065035467331
ammonia,SMRCCS,,wind,SMRCCS_H_wind_E,Canada,1,2024,183.56829265680497,301.1155790080254,484.6838716648303,0.3413627131762993,128.59682028848616,0.0309013306282598,16.136409292949182,0.0139999999999999,12.838994158135533,0.0441703477030043,642.2560954044012,0.4304343915075633
ammonia,SMRCCS,,wind,SMRCCS_H_wind_E,Mexico,1,2024,158.37264464508664,263.408942232414,421.7815868775007,0.3413627131762993,42.46513156735553,0.0088430529595099,23.416509978230664,0.042,21.628714574179465,0.0744098666409299,509.2919429972663,0.46661563277673906
ammonia,SMRCCS,,wind,SMRCCS_H_wind_E,Thailand,1,2024,160.1723337887808,461.4856316893613,621.657965478142,0.3413627131762993,19.93096669815586,0.0030720658454926,16.93078850071056,0.04432,39.21982592700727,0.134929054932975,697.7395466040158,0.5236838339547669
ammonia,SMRCCS,,wind,SMRCCS_H_wind_E,Russia,1,2024,170.07062407909874,270.2214081667433,440.2920322458421,0.3413627131762993,155.5061256160206,0.0377927887849638,14.219320374349977,0.03592,5.257210331622058,0.0180865265172217,615.2746885678348,0.4331620284784848
ammonia,SMRCCS,,wind,SMRCCS_H_wind_E,Saudi Arabia,1,2024,171.8703132227929,133.5307940399296,305.40110726272246,0.3413627131762993,38.28959708265963,0.0077737008958684,12.53359889682987,0.04416,16.41934638128767,0.0564879327605256,372.6436496234996,0.44978434683269325
