Fuel,Hydrogen Source,Carbon Source,Electricity Source,Pathway Name,Region,Number,Year,CapEx [$/tonne],OpEx [$/tonne],Fuel Production LCOF [$/tonne],Fuel Production Emissions [kg CO2e / kg fuel],Land Transport Cost [$/tonne],Land Transport Emissions [kg CO2e / kg fuel],Fuel Storage Cost [$/tonne],Fuel Storage Emissions [kg CO2e / kg fuel],Tanker Transport Cost [$/tonne],Tanker Transport Emissions [kg CO2e / kg fuel],Final LCOF [$/tonne],Final Emissions [kg CO2e / kg fuel]
compressed_hydrogen,ATRCCS,,grid,ATRCCS_H_grid_E,South Africa,1,2024,527.6615847731491,1213.9102976831073,1741.5718824562564,5.436339828918278,438.1704908749996,0.4433861978391045,449.5806429320899,0.140382,516.6185633652943,1.7773371724148683,3145.9415796286407,7.797445199172251
compressed_hydrogen,ATRCCS,,grid,ATRCCS_H_grid_E,Taiwan,1,2024,519.1964256591414,2946.053064022879,3465.2494896820203,5.006954735750576,108.29765925058994,0.1099631873647823,458.4940016016286,0.125928,738.7164081925108,2.5414265480525833,4770.757558726749,7.784272471167942
compressed_hydrogen,ATRCCS,,grid,ATRCCS_H_grid_E,Switzerland,1,2024,623.6000547319036,10182.663254852345,10806.263309584248,1.483644176744365,492.6853966182634,0.4984878074476782,566.2965780106518,0.007326,0.0,0.0,11865.245284213162,1.9894579841920432
compressed_hydrogen,ATRCCS,,grid,ATRCCS_H_grid_E,Singapore,1,2024,522.0181453638106,10938.994089631442,11461.012234995253,4.201122437613931,6.688572663865257,0.0072605568557443,484.16688204511576,0.098802,614.9627108688618,2.1156732707326307,12566.830400573095,6.422858265202306
compressed_hydrogen,ATRCCS,,grid,ATRCCS_H_grid_E,Hungary,1,2024,507.9095468404644,4471.0507738389315,4978.960320679396,2.3424143630797687,933.4787080320028,0.9440250533153642,455.1984798276802,0.036234,0.0,0.0,6367.637508539079,3.322673416395133
compressed_hydrogen,ATRCCS,,grid,ATRCCS_H_grid_E,Philippines,1,2024,505.0878271357951,2764.279686139093,3269.367513274888,4.871669021464863,173.897979404711,0.1762695155523986,442.989599384193,0.121374,710.5073691115168,2.444378208499784,4596.762461175309,7.6136907455170455
compressed_hydrogen,ATRCCS,,grid,ATRCCS_H_grid_E,Netherlands,1,2024,578.4525394571956,7159.113116675213,7737.565656132409,2.7541534935145515,82.54212485506892,0.0839304650813442,519.454490914858,0.050094,0.0,0.0,8339.562271902336,2.8881779585958958
compressed_hydrogen,ATRCCS,,grid,ATRCCS_H_grid_E,Norway,1,2024,640.530372959919,4940.898975949509,5581.429348909428,1.4483522512785267,383.8823986934868,0.3885138428199527,548.6678606715745,0.006138,43.22382785634779,0.1487041338249927,6557.203436130837,1.9917082279234721
compressed_hydrogen,ATRCCS,,grid,ATRCCS_H_grid_E,Oman,1,2024,538.9484635918261,1448.1860181099744,1987.1344817018005,4.47169386618536,324.730500960653,0.328725336684938,480.79416470603854,0.10791,438.2291886956989,1.507652032540957,3230.8883360641903,6.415981235411255
compressed_hydrogen,ATRCCS,,grid,ATRCCS_H_grid_E,Italy,1,2024,541.7701832964954,9184.08836370598,9725.858547002475,2.9600230587319425,221.43586699612143,0.2243190184904427,534.1870451495255,0.057024,165.0279618759741,0.5677502744372671,10646.509421024097,3.809116351659653
compressed_hydrogen,ATRCCS,,grid,ATRCCS_H_grid_E,Austria,1,2024,586.9176985712033,7161.679692180648,7748.597390751851,1.8718553568685887,661.6247967655381,0.6692453781983527,538.2611322453193,0.020394,0.0,0.0,8948.483319762709,2.5614947350669417
compressed_hydrogen,ATRCCS,,grid,ATRCCS_H_grid_E,Finland,1,2024,609.4914562085573,6547.202506908135,7156.6939631166915,1.6895137419617563,330.87093754752107,0.3349318582779358,524.0621757932163,0.014256,84.17379169931907,0.2895854302171521,8095.800868156748,2.3282870304568446
compressed_hydrogen,ATRCCS,,grid,ATRCCS_H_grid_E,Portugal,1,2024,513.552986249803,5900.391728006981,6413.944714256784,1.9247932450673468,155.78194980131548,0.1579585164365832,449.9162407146544,0.022176,83.19228091165398,0.2862087114312849,7102.835185684408,2.391136472935215
compressed_hydrogen,ATRCCS,,grid,ATRCCS_H_grid_E,Germany,1,2024,581.274259161865,6724.590931419635,7305.8651905815,3.2894143630797688,338.61147577132436,0.3427557022258079,532.257371358345,0.0681119999999999,0.0,0.0,8176.73403771117,3.7002820653055766
compressed_hydrogen,ATRCCS,,grid,ATRCCS_H_grid_E,Greece,1,2024,519.1964256591415,4119.315766721682,4638.512192380824,3.148246661216415,135.93126007286196,0.1378941883236556,472.5520016016286,0.06336,207.96156668982383,0.7154559458795628,5454.957020745138,4.064956795419633
compressed_hydrogen,ATRCCS,,grid,ATRCCS_H_grid_E,France,1,2024,569.9873803431879,6755.229547009095,7325.216927352283,1.5248180897878436,466.7437545570985,0.472266974558569,504.01384958439667,0.008712,0.0,0.0,8295.974531493779,2.0057970643464125
compressed_hydrogen,ATRCCS,,grid,ATRCCS_H_grid_E,Brazil,1,2024,519.1964256591414,6274.179960475998,6793.37638613514,1.8718553568685887,1251.7868275768665,1.2657588892134022,450.3760016016286,0.020394,401.054108609984,1.3797575734386005,8896.59332392362,4.537765819520591
compressed_hydrogen,ATRCCS,,grid,ATRCCS_H_grid_E,United Kingdom,1,2024,601.0262970945495,6729.202373638692,7330.228670733241,2.507110015253682,225.3250961844594,0.2282501045941831,579.3075344627548,0.041778,39.141495920120995,0.1346595740377326,8174.002797300577,2.9117976938855974
compressed_hydrogen,ATRCCS,,grid,ATRCCS_H_grid_E,Spain,1,2024,524.8398650684798,4932.807701397312,5457.647566465791,2.1247808227070983,380.43443665151494,0.3850287728965696,456.7757624886029,0.028908,102.63757791846348,0.3531069060561896,6397.495343524372,2.8918245016598574
compressed_hydrogen,ATRCCS,,grid,ATRCCS_H_grid_E,Sweden,1,2024,620.7783350272343,9030.724229473566,9651.5025645008,1.4777621891667256,402.0181929118524,0.4068448192627633,522.1015400671648,0.007128,35.776788654559006,0.1230838783089108,10611.399086134375,2.0148188867384
compressed_hydrogen,ATRCCS,,grid,ATRCCS_H_grid_E,Czech Republic,1,2024,513.552986249803,5527.5163601023505,6041.069346352154,3.701153493514552,629.9061828437772,0.6371854001462417,465.9542407146544,0.081972,0.0,0.0,7136.9297699105855,4.420310893660794
compressed_hydrogen,ATRCCS,,grid,ATRCCS_H_grid_E,Japan,1,2024,609.4914562085573,5590.930885096573,6200.4223413051295,4.101128648794054,157.72394129414766,0.1599214081566048,539.7041757932162,0.095436,833.4514813574708,2.86734624782239,7731.301939749965,7.223832304773049
compressed_hydrogen,ATRCCS,,grid,ATRCCS_H_grid_E,Belgium,1,2024,578.4525394571956,4773.225879342196,5351.678418799392,2.0777249220859804,114.99418983520208,0.1167317877865259,525.196490914858,0.027324,0.0,0.0,5991.869099549452,2.2217807098725064
compressed_hydrogen,ATRCCS,,grid,ATRCCS_H_grid_E,Poland,1,2024,522.0181453638106,7094.398316101816,7616.416461465627,4.883432996620141,194.5095199991873,0.1971028830100399,508.91688204511576,0.12177,62.656692278713074,0.2155595562848052,8382.499555788643,5.417865435914987
compressed_hydrogen,ATRCCS,,grid,ATRCCS_H_grid_E,India,1,2024,499.44438772645674,3793.262576899028,4292.706964625485,5.430457841340638,745.2048393846368,0.7537249313898133,433.8178384972189,0.140184,462.69609439147257,1.591826206817229,5934.425736898814,7.91619297954768
compressed_hydrogen,ATRCCS,,grid,ATRCCS_H_grid_E,Indonesia,1,2024,454.29687245174864,5272.070621295941,5726.36749374769,5.065774611526974,257.5424918161488,0.2608142323771918,385.78775140142506,0.127908,698.9061933326097,2.4044663616988187,7068.603930297873,7.858963205602985
compressed_hydrogen,ATRCCS,,grid,ATRCCS_H_grid_E,South Korea,1,2024,530.4833044778184,4143.364496422302,4673.847800900121,3.701153493514552,126.20181287878846,0.1280600302399958,457.03752337557705,0.081972,804.9676215432621,2.7693524348787184,6062.054758697748,6.680537958633266
compressed_hydrogen,ATRCCS,,grid,ATRCCS_H_grid_E,China,1,2024,516.3747059544721,3573.1545155101912,4089.5292214646634,4.559923679849955,1422.9103352979398,1.4387240734825033,440.7411211581416,0.11088,775.044397997263,2.6664067389665513,6728.225075918009,8.77593449229901
compressed_hydrogen,ATRCCS,,grid,ATRCCS_H_grid_E,United Arab Emirates,1,2024,538.9484635918261,911.0967868056268,1450.045250397453,3.5188118786077194,188.6948708838179,0.1912256550996622,462.77616470603857,0.075834,448.2487762488737,1.5421226975021984,2549.765062236183,5.32799423120958
compressed_hydrogen,ATRCCS,,grid,ATRCCS_H_grid_E,United States,1,2024,564.3439409338494,2784.06678615569,3348.4107270895393,3.524693866185359,1609.3398036046551,1.6271599451420615,490.8820886974225,0.076032,243.40674327863428,0.8373989700011273,5692.039362670252,6.065284781328547
compressed_hydrogen,ATRCCS,,grid,ATRCCS_H_grid_E,Turkey,1,2024,516.3747059544721,2570.3162743720845,3086.6909803265567,4.030544797862378,174.60991317217503,0.176989111339773,452.0271211581416,0.09306,251.82230498134976,0.8663512603399688,3965.1503196382228,5.16694516954212
compressed_hydrogen,ATRCCS,,grid,ATRCCS_H_grid_E,Australia,1,2024,578.4525394571956,3887.884799430613,4466.337338887808,4.512867779228838,1431.9328260410734,1.447843666662513,519.6524909148579,0.109296,711.0096984845694,2.446106386174443,7128.932354328308,8.516113832065793
compressed_hydrogen,ATRCCS,,grid,ATRCCS_H_grid_E,Malaysia,1,2024,493.8009483171182,2342.445220151372,2836.24616846849,4.818731133266104,131.0004864593708,0.132910348417587,429.3980776102447,0.119592,606.8719244722989,2.087838313887474,4003.5166570104043,7.1590717955711645
compressed_hydrogen,ATRCCS,,grid,ATRCCS_H_grid_E,Canada,1,2024,575.6308197525263,1791.7335845522884,2367.364404304815,2.2953584624586507,2038.38644093734,2.060824096108664,492.19761047137087,0.03465,220.5590432203636,0.7587953937896461,5118.50749893389,5.149627952356961
compressed_hydrogen,ATRCCS,,grid,ATRCCS_H_grid_E,Mexico,1,2024,496.62266802178743,2179.309733166511,2675.932401188298,4.354054114632564,583.2052316904606,0.5899818409780763,448.1409580537317,0.10395,371.55625540529974,1.2782752909096788,4078.83484633779,6.326261246520319
compressed_hydrogen,ATRCCS,,grid,ATRCCS_H_grid_E,Thailand,1,2024,502.266107431126,2486.9718169828357,2989.2379244139615,4.524631754384117,202.49409307689865,0.2051733881796016,436.52271894070594,0.109692,673.7511657989664,2.3179248227780604,4302.005902230532,7.157421965341779
compressed_hydrogen,ATRCCS,,grid,ATRCCS_H_grid_E,Russia,1,2024,533.3050241824877,1117.8003826944205,1651.105406876908,3.907023058731943,2493.0148831277284,2.5203453700975524,454.19840381906425,0.088902,90.31278201930088,0.3107055688852698,4688.631475843002,6.826975997714766
compressed_hydrogen,ATRCCS,,grid,ATRCCS_H_grid_E,Saudi Arabia,1,2024,538.9484635918261,663.7174494781916,1202.6659130700175,4.512867779228838,512.660239354775,0.5186776247362443,454.4601647060385,0.109296,282.0653458951686,0.9703972328130612,2451.8516630259996,6.111238636778143
compressed_hydrogen,BG,,grid,BG_H_grid_E,South Africa,1,2024,553.0749400000001,1724.0415960894725,2277.1165360894724,3.9737803468950577,438.1704908749996,0.4433861978391045,449.5806429320899,0.140382,516.6185633652943,1.7773371724148683,3681.4862332618563,6.33488571714903
compressed_hydrogen,BG,,grid,BG_H_grid_E,Taiwan,1,2024,544.2020799999999,2097.619226693276,2641.8213066932763,3.683240346895058,108.29765925058994,0.1099631873647823,458.4940016016286,0.125928,738.7164081925108,2.5414265480525833,3947.329375738005,6.460558082312424
compressed_hydrogen,BG,,grid,BG_H_grid_E,Switzerland,1,2024,653.6340200000001,2983.2676292512697,3636.9016492512696,1.2992203468950578,492.6853966182634,0.4984878074476782,566.2965780106518,0.007326,0.0,0.0,4695.883623880184,1.805034154342736
compressed_hydrogen,BG,,grid,BG_H_grid_E,Singapore,1,2024,547.1597,2901.7039227742816,3448.863622774282,3.137980346895058,6.688572663865257,0.0072605568557443,484.16688204511576,0.098802,614.9627108688618,2.1156732707326307,4554.681788352124,5.359716174483433
compressed_hydrogen,BG,,grid,BG_H_grid_E,Hungary,1,2024,532.3716000000001,2265.1825983993517,2797.5541983993517,1.8803003468950577,933.4787080320028,0.9440250533153642,455.1984798276802,0.036234,0.0,0.0,4186.2313862590345,2.860559400210422
compressed_hydrogen,BG,,grid,BG_H_grid_E,Philippines,1,2024,529.4139799999999,1989.116152736214,2518.530132736214,3.591700346895058,173.897979404711,0.1762695155523986,442.989599384193,0.121374,710.5073691115168,2.444378208499784,3845.9250806366344,6.333722070947241
compressed_hydrogen,BG,,grid,BG_H_grid_E,Netherlands,1,2024,606.3121,2589.2565540940636,3195.5686540940637,2.1589003468950576,82.54212485506892,0.0839304650813442,519.454490914858,0.050094,0.0,0.0,3797.5652698639906,2.292924811976402
compressed_hydrogen,BG,,grid,BG_H_grid_E,Norway,1,2024,671.37974,2152.3770841570545,2823.7568241570543,1.275340346895058,383.8823986934868,0.3885138428199527,548.6678606715745,0.006138,43.22382785634779,0.1487041338249927,3799.5309113784633,1.8186963235400033
compressed_hydrogen,BG,,grid,BG_H_grid_E,Oman,1,2024,564.90542,2159.355278923993,2724.260698923993,3.321060346895058,324.730500960653,0.328725336684938,480.79416470603854,0.10791,438.2291886956989,1.507652032540957,3968.0145532863835,5.265347716120953
compressed_hydrogen,BG,,grid,BG_H_grid_E,Italy,1,2024,567.86304,3500.2738183097126,4068.136858309713,2.2982003468950576,221.43586699612143,0.2243190184904427,534.1870451495255,0.057024,165.0279618759741,0.5677502744372671,4988.787732331333,3.1472936398227676
compressed_hydrogen,BG,,grid,BG_H_grid_E,Austria,1,2024,615.18496,2831.384186662114,3446.5691466621142,1.561900346895058,661.6247967655381,0.6692453781983527,538.2611322453193,0.020394,0.0,0.0,4646.455075672971,2.251539725093411
compressed_hydrogen,BG,,grid,BG_H_grid_E,Finland,1,2024,638.8459200000001,2189.7345278684224,2828.5804478684227,1.4385203468950578,330.87093754752107,0.3349318582779358,524.0621757932163,0.014256,84.17379169931907,0.2895854302171521,3767.687352908479,2.077293635390146
compressed_hydrogen,BG,,grid,BG_H_grid_E,Portugal,1,2024,538.2868400000001,2142.126589925892,2680.413429925892,1.597720346895058,155.78194980131548,0.1579585164365832,449.9162407146544,0.022176,83.19228091165398,0.2862087114312849,3369.3039013535163,2.064063574762926
compressed_hydrogen,BG,,grid,BG_H_grid_E,Germany,1,2024,609.26972,2805.926954518574,3415.1966745185737,2.521080346895058,338.61147577132436,0.3427557022258079,532.257371358345,0.0681119999999999,0.0,0.0,4286.065521648243,2.931948049120866
compressed_hydrogen,BG,,grid,BG_H_grid_E,Greece,1,2024,544.20208,2431.9005531969483,2976.1026331969483,2.4255603468950575,135.93126007286196,0.1378941883236556,472.5520016016286,0.06336,207.96156668982383,0.7154559458795628,3792.547461561263,3.342270481098276
compressed_hydrogen,BG,,grid,BG_H_grid_E,France,1,2024,597.43924,2421.725603005136,3019.164843005136,1.327080346895058,466.7437545570985,0.472266974558569,504.01384958439667,0.008712,0.0,0.0,3989.922447146631,1.8080593214536271
compressed_hydrogen,BG,,grid,BG_H_grid_E,Brazil,1,2024,544.2020799999999,2062.793900137483,2606.9959801374835,1.561900346895058,1251.7868275768665,1.2657588892134022,450.3760016016286,0.020394,401.054108609984,1.3797575734386005,4710.212917925963,4.227810809547061
compressed_hydrogen,BG,,grid,BG_H_grid_E,United Kingdom,1,2024,629.9730599999999,3339.8665155271456,3969.839575527146,1.991740346895058,225.3250961844594,0.2282501045941831,579.3075344627548,0.041778,39.141495920120995,0.1346595740377326,4813.613702094482,2.3964280255269736
compressed_hydrogen,BG,,grid,BG_H_grid_E,Spain,1,2024,550.1173200000001,2106.3045777935135,2656.4218977935134,1.7330403468950577,380.43443665151494,0.3850287728965696,456.7757624886029,0.028908,102.63757791846348,0.3531069060561896,3596.2696748520952,2.500084025847817
compressed_hydrogen,BG,,grid,BG_H_grid_E,Sweden,1,2024,650.6764000000001,2080.1918139377417,2730.8682139377415,1.2952403468950575,402.0181929118524,0.4068448192627633,522.1015400671648,0.007128,35.776788654559006,0.1230838783089108,3690.764735571318,1.8322970444667315
compressed_hydrogen,BG,,grid,BG_H_grid_E,Czech Republic,1,2024,538.2868400000001,2437.198420032119,2975.485260032119,2.799680346895058,629.9061828437772,0.6371854001462417,465.9542407146544,0.081972,0.0,0.0,4071.345683590551,3.5188377470412995
compressed_hydrogen,BG,,grid,BG_H_grid_E,Japan,1,2024,638.8459200000001,2400.4623339396876,3039.308253939688,3.070320346895058,157.72394129414766,0.1599214081566048,539.7041757932162,0.095436,833.4514813574708,2.86734624782239,4570.187852384523,6.193024002874052
compressed_hydrogen,BG,,grid,BG_H_grid_E,Belgium,1,2024,606.3121,2654.392678873085,3260.704778873085,1.701200346895058,114.99418983520208,0.1167317877865259,525.196490914858,0.027324,0.0,0.0,3900.895459623145,1.845256134681584
compressed_hydrogen,BG,,grid,BG_H_grid_E,Poland,1,2024,547.1597,3167.235798040673,3714.3954980406734,3.5996603468950576,194.5095199991873,0.1971028830100399,508.91688204511576,0.12177,62.656692278713074,0.2155595562848052,4480.47859236369,4.134092786189903
compressed_hydrogen,BG,,grid,BG_H_grid_E,India,1,2024,523.49874,1937.4091310102451,2460.907871010245,3.969800346895058,745.2048393846368,0.7537249313898133,433.8178384972189,0.140184,462.69609439147257,1.591826206817229,4102.626643283573,6.4555354851021
compressed_hydrogen,BG,,grid,BG_H_grid_E,Indonesia,1,2024,476.17682,1776.5291637230673,2252.705983723067,3.7230403468950577,257.5424918161488,0.2608142323771918,385.78775140142506,0.127908,698.9061933326097,2.4044663616988187,3594.9424202732507,6.516228940971068
compressed_hydrogen,BG,,grid,BG_H_grid_E,South Korea,1,2024,556.03256,1986.077109997899,2542.109669997899,2.799680346895058,126.20181287878846,0.1280600302399958,457.03752337557705,0.081972,804.9676215432621,2.7693524348787184,3930.316627795527,5.779064812013772
compressed_hydrogen,BG,,grid,BG_H_grid_E,China,1,2024,541.24446,1808.193700075186,2349.438160075186,3.380760346895058,1422.9103352979398,1.4387240734825033,440.7411211581416,0.11088,775.044397997263,2.6664067389665513,4988.134014528531,7.5967711593441125
compressed_hydrogen,BG,,grid,BG_H_grid_E,United Arab Emirates,1,2024,564.90542,1795.2752789239937,2360.1806989239935,2.676300346895058,188.6948708838179,0.1912256550996622,462.77616470603857,0.075834,448.2487762488737,1.5421226975021984,3459.9005107627236,4.485482699496918
compressed_hydrogen,BG,,grid,BG_H_grid_E,United States,1,2024,591.524,2116.9086491521066,2708.4326491521065,2.6802803468950582,1609.3398036046551,1.6271599451420615,490.8820886974225,0.076032,243.40674327863428,0.8373989700011273,5052.061284732818,5.220871262038246
compressed_hydrogen,BG,,grid,BG_H_grid_E,Turkey,1,2024,541.24446,1992.4547872409216,2533.6992472409215,3.022560346895058,174.60991317217503,0.176989111339773,452.0271211581416,0.09306,251.82230498134976,0.8663512603399688,3412.1585865525876,4.158960718574799
compressed_hydrogen,BG,,grid,BG_H_grid_E,Australia,1,2024,606.3121,2486.15404165306,3092.4661416530603,3.348920346895058,1431.9328260410734,1.447843666662513,519.6524909148579,0.109296,711.0096984845694,2.446106386174443,5755.061157093562,7.352166399732013
compressed_hydrogen,BG,,grid,BG_H_grid_E,Malaysia,1,2024,517.5835,1892.9625163298904,2410.5460163298903,3.5558803468950577,131.0004864593708,0.132910348417587,429.3980776102447,0.119592,606.8719244722989,2.087838313887474,3577.8165048718047,5.896221009200119
compressed_hydrogen,BG,,grid,BG_H_grid_E,Canada,1,2024,603.3544800000001,1899.304841604917,2502.6593216049173,1.8484603468950576,2038.38644093734,2.060824096108664,492.19761047137087,0.03465,220.5590432203636,0.7587953937896461,5253.802416233992,4.702729836793368
compressed_hydrogen,BG,,grid,BG_H_grid_E,Mexico,1,2024,520.5411200000001,2202.652917737656,2723.194037737656,3.241460346895058,583.2052316904606,0.5899818409780763,448.1409580537317,0.10395,371.55625540529974,1.2782752909096788,4126.096482887147,5.2136674787828134
compressed_hydrogen,BG,,grid,BG_H_grid_E,Thailand,1,2024,526.45636,1898.069768752512,2424.526128752512,3.356880346895058,202.49409307689865,0.2051733881796016,436.52271894070594,0.109692,673.7511657989664,2.3179248227780604,3737.294106569083,5.98967055785272
compressed_hydrogen,BG,,grid,BG_H_grid_E,Russia,1,2024,558.99018,1709.785636902475,2268.775816902475,2.938980346895058,2493.0148831277284,2.5203453700975524,454.19840381906425,0.088902,90.31278201930088,0.3107055688852698,5306.301885868569,5.858933285877881
compressed_hydrogen,BG,,grid,BG_H_grid_E,Saudi Arabia,1,2024,564.90542,1625.2653086297703,2190.1707286297706,3.348920346895058,512.660239354775,0.5186776247362443,454.4601647060385,0.109296,282.0653458951686,0.9703972328130612,3439.356478585753,4.9472912044443635
compressed_hydrogen,LTE,,grid,LTE_H_grid_E,South Africa,1,2024,684.35455,4932.782818738027,5617.137368738027,38.30729894138,438.1704908749996,0.4433861978391045,449.5806429320899,0.140382,516.6185633652943,1.7773371724148683,7021.507065910411,40.66840431163397
compressed_hydrogen,LTE,,grid,LTE_H_grid_E,Taiwan,1,2024,673.3756,9245.753110423646,9919.128710423643,34.363105961520006,108.29765925058994,0.1099631873647823,458.4940016016286,0.125928,738.7164081925108,2.5414265480525833,11224.636779468372,37.140423696937376
compressed_hydrogen,LTE,,grid,LTE_H_grid_E,Switzerland,1,2024,808.78265,15478.7121992758,16287.4948492758,1.99911151034,492.6853966182634,0.4984878074476782,566.2965780106518,0.007326,0.0,0.0,17346.476823904715,2.504925317787678
compressed_hydrogen,LTE,,grid,LTE_H_grid_E,Singapore,1,2024,677.03525,15665.186522159844,16342.221772159844,26.960990369180003,6.688572663865257,0.0072605568557443,484.16688204511576,0.098802,614.9627108688618,2.1156732707326307,17448.039937737685,29.182726196768378
compressed_hydrogen,LTE,,grid,LTE_H_grid_E,Hungary,1,2024,658.737,10872.665822613784,11531.402822613783,9.88749747006,933.4787080320028,0.9440250533153642,455.1984798276802,0.036234,0.0,0.0,12920.080010473466,10.867756523375364
compressed_hydrogen,LTE,,grid,LTE_H_grid_E,Philippines,1,2024,655.07735,8154.168237036325,8809.245587036325,33.120415022660005,173.897979404711,0.1762695155523986,442.989599384193,0.121374,710.5073691115168,2.444378208499784,10136.640534936747,35.86243674671219
compressed_hydrogen,LTE,,grid,LTE_H_grid_E,Netherlands,1,2024,750.2282499999999,12723.697955264286,13473.926205264286,13.66960032746,82.54212485506892,0.0839304650813442,519.454490914858,0.050094,0.0,0.0,14075.922821034212,13.803624792541344
compressed_hydrogen,LTE,,grid,LTE_H_grid_E,Norway,1,2024,830.74055,6872.902164640243,7703.642714640244,1.67493126542,383.8823986934868,0.3885138428199527,548.6678606715745,0.006138,43.22382785634779,0.1487041338249927,8679.416801861653,2.2182872420649455
compressed_hydrogen,LTE,,grid,LTE_H_grid_E,Oman,1,2024,698.9931499999999,10938.93768622878,11637.93083622878,29.446372246900005,324.730500960653,0.328725336684938,480.79416470603854,0.10791,438.2291886956989,1.507652032540957,12881.68469059117,31.390659616125898
compressed_hydrogen,LTE,,grid,LTE_H_grid_E,Italy,1,2024,702.6528,24913.896445160673,25616.549245160673,15.56065175616,221.43586699612143,0.2243190184904427,534.1870451495255,0.057024,165.0279618759741,0.5677502744372671,26537.200119182296,16.40974504908771
compressed_hydrogen,LTE,,grid,LTE_H_grid_E,Austria,1,2024,761.2072,15970.892322248485,16732.09952224848,5.56509420446,661.6247967655381,0.6692453781983527,538.2611322453193,0.020394,0.0,0.0,17931.98545125934,6.2547335826583526
compressed_hydrogen,LTE,,grid,LTE_H_grid_E,Finland,1,2024,790.4843999999999,7066.090288436935,7856.574688436936,3.89016293904,330.87093754752107,0.3349318582779358,524.0621757932163,0.014256,84.17379169931907,0.2895854302171521,8795.681593476993,4.5289362275350875
compressed_hydrogen,LTE,,grid,LTE_H_grid_E,Portugal,1,2024,666.0563000000001,8186.024928373843,8852.081228373843,6.051364571840001,155.78194980131548,0.1579585164365832,449.9162407146544,0.022176,83.19228091165398,0.2862087114312849,9540.971699801466,6.5177077997078685
compressed_hydrogen,LTE,,grid,LTE_H_grid_E,Germany,1,2024,753.8879000000001,15612.893586423152,16366.781486423151,18.58633404208,338.61147577132436,0.3427557022258079,532.257371358345,0.0681119999999999,0.0,0.0,17237.65033355282,18.99720174430581
compressed_hydrogen,LTE,,grid,LTE_H_grid_E,Greece,1,2024,673.3756,13101.882570628884,13775.258170628882,17.2896130624,135.93126007286196,0.1378941883236556,472.5520016016286,0.06336,207.96156668982383,0.7154559458795628,14591.702998993198,18.20632319660322
compressed_hydrogen,LTE,,grid,LTE_H_grid_E,France,1,2024,739.2493,10401.953618531146,11141.202918531146,2.37732179608,466.7437545570985,0.472266974558569,504.01384958439667,0.008712,0.0,0.0,12111.960522672642,2.858300770638569
compressed_hydrogen,LTE,,grid,LTE_H_grid_E,Brazil,1,2024,673.3756,7034.114734631394,7707.490334631394,5.56509420446,1251.7868275768665,1.2657588892134022,450.3760016016286,0.020394,401.054108609984,1.3797575734386005,9810.707272419873,8.231004667112003
compressed_hydrogen,LTE,,grid,LTE_H_grid_E,United Kingdom,1,2024,779.50545,24008.250834777853,24787.756284777857,11.40033861302,225.3250961844594,0.2282501045941831,579.3075344627548,0.041778,39.141495920120995,0.1346595740377326,25631.530411345193,11.805026291651917
compressed_hydrogen,LTE,,grid,LTE_H_grid_E,Spain,1,2024,680.6949,7564.108742841287,8244.803642841287,7.88838595972,380.43443665151494,0.3850287728965696,456.7757624886029,0.028908,102.63757791846348,0.3531069060561896,9184.651419899868,8.655429638672759
compressed_hydrogen,LTE,,grid,LTE_H_grid_E,Sweden,1,2024,805.1230000000002,4017.152796926544,4822.275796926545,1.94508146952,402.0181929118524,0.4068448192627633,522.1015400671648,0.007128,35.776788654559006,0.1230838783089108,5782.172318560121,2.482138167091674
compressed_hydrogen,LTE,,grid,LTE_H_grid_E,Czech Republic,1,2024,666.0563000000001,12577.0764538574,13243.1327538574,22.36843689948,629.9061828437772,0.6371854001462417,465.9542407146544,0.081972,0.0,0.0,14338.993177415832,23.08759429962624
compressed_hydrogen,LTE,,grid,LTE_H_grid_E,Japan,1,2024,790.4843999999999,11287.934677373569,12078.419077373566,26.042479675240003,157.72394129414766,0.1599214081566048,539.7041757932162,0.095436,833.4514813574708,2.86734624782239,13609.298675818402,29.165183331218998
compressed_hydrogen,LTE,,grid,LTE_H_grid_E,Belgium,1,2024,750.2282499999999,14314.710444585971,15064.938694585971,7.456145633160001,114.99418983520208,0.1167317877865259,525.196490914858,0.027324,0.0,0.0,15705.129375336031,7.600201420946527
compressed_hydrogen,LTE,,grid,LTE_H_grid_E,Poland,1,2024,677.03525,22390.490936171576,23067.526186171577,33.2284751043,194.5095199991873,0.1971028830100399,508.91688204511576,0.12177,62.656692278713074,0.2155595562848052,23833.609280494595,33.76290754359484
compressed_hydrogen,LTE,,grid,LTE_H_grid_E,India,1,2024,647.75805,6905.034984719407,7552.793034719407,38.25326890056,745.2048393846368,0.7537249313898133,433.8178384972189,0.140184,462.69609439147257,1.591826206817229,9194.511806992736,40.73900403876704
compressed_hydrogen,LTE,,grid,LTE_H_grid_E,Indonesia,1,2024,589.2036499999999,3875.924942981952,4465.128592981952,34.90340636972,257.5424918161488,0.2608142323771918,385.78775140142506,0.127908,698.9061933326097,2.4044663616988187,5807.365029532137,37.69659496379601
compressed_hydrogen,LTE,,grid,LTE_H_grid_E,South Korea,1,2024,688.0142000000001,6354.535049958224,7042.549249958223,22.36843689948,126.20181287878846,0.1280600302399958,457.03752337557705,0.081972,804.9676215432621,2.7693524348787184,8430.75620775585,25.347821364598715
compressed_hydrogen,LTE,,grid,LTE_H_grid_E,China,1,2024,669.71595,5022.250790175671,5691.966740175671,30.256822859200003,1422.9103352979398,1.4387240734825033,440.7411211581416,0.11088,775.044397997263,2.6664067389665513,8330.662594629015,34.47283367164906
compressed_hydrogen,LTE,,grid,LTE_H_grid_E,United Arab Emirates,1,2024,698.9931499999999,6016.7666048087785,6715.759754808779,20.693505634060003,188.6948708838179,0.1912256550996622,462.77616470603857,0.075834,448.2487762488737,1.5421226975021984,7815.479566647509,22.50268798666186
compressed_hydrogen,LTE,,grid,LTE_H_grid_E,United States,1,2024,731.93,8080.779850898131,8812.70985089813,20.74753567488,1609.3398036046551,1.6271599451420615,490.8820886974225,0.076032,243.40674327863428,0.8373989700011273,11156.338486478842,23.288126590023193
compressed_hydrogen,LTE,,grid,LTE_H_grid_E,Turkey,1,2024,669.71595,8106.990230871853,8776.706180871854,25.3941191854,174.60991317217503,0.176989111339773,452.0271211581416,0.09306,251.82230498134976,0.8663512603399688,9655.16552018352,26.530519557079742
compressed_hydrogen,LTE,,grid,LTE_H_grid_E,Australia,1,2024,750.2282499999999,12790.141437011667,13540.36968701167,29.824582532640004,1431.9328260410734,1.447843666662513,519.6524909148579,0.109296,711.0096984845694,2.446106386174443,16202.96470245217,33.827828585476965
compressed_hydrogen,LTE,,grid,LTE_H_grid_E,Malaysia,1,2024,640.4387499999999,6962.0564290518705,7602.495179051871,32.634144655280004,131.0004864593708,0.132910348417587,429.3980776102447,0.119592,606.8719244722989,2.087838313887474,8769.765667593785,34.974485317585064
compressed_hydrogen,LTE,,grid,LTE_H_grid_E,Canada,1,2024,746.5686000000001,5904.917108973321,6651.485708973321,9.4552571435,2038.38644093734,2.060824096108664,492.19761047137087,0.03465,220.5590432203636,0.7587953937896461,9402.628803602396,12.30952663339831
compressed_hydrogen,LTE,,grid,LTE_H_grid_E,Mexico,1,2024,644.0984000000001,11452.203922586034,12096.302322586034,28.3657714305,583.2052316904606,0.5899818409780763,448.1409580537317,0.10395,371.55625540529974,1.2782752909096788,13499.204767735526,30.337978562387757
compressed_hydrogen,LTE,,grid,LTE_H_grid_E,Thailand,1,2024,651.4177,7016.881227729921,7668.298927729921,29.93264261428,202.49409307689865,0.2051733881796016,436.52271894070594,0.109692,673.7511657989664,2.3179248227780604,8981.066905546493,32.565432825237664
compressed_hydrogen,LTE,,grid,LTE_H_grid_E,Russia,1,2024,691.67385,4916.689648130567,5608.363498130567,24.259488328180005,2493.0148831277284,2.5203453700975524,454.19840381906425,0.088902,90.31278201930088,0.3107055688852698,8645.88956709666,27.179441267162826
compressed_hydrogen,LTE,,grid,LTE_H_grid_E,Saudi Arabia,1,2024,698.9931499999999,3746.159459633768,4445.1526096337675,29.824582532640004,512.660239354775,0.5186776247362443,454.4601647060385,0.109296,282.0653458951686,0.9703972328130612,5694.3383595897485,31.42295339018931
compressed_hydrogen,SMR,,grid,SMR_H_grid_E,South Africa,1,2024,340.32213148874445,959.3846154798864,1299.706746968631,13.078127475148584,438.1704908749996,0.4433861978391045,449.5806429320899,0.140382,516.6185633652943,1.7773371724148683,2704.076444141015,15.439232845402557
compressed_hydrogen,SMR,,grid,SMR_H_grid_E,Taiwan,1,2024,334.8624181493528,2384.9897520787104,2719.852170228063,12.811974538648531,108.29765925058994,0.1099631873647823,458.4940016016286,0.125928,738.7164081925108,2.5414265480525833,4025.360239272792,15.589292274065897
compressed_hydrogen,SMR,,grid,SMR_H_grid_E,Switzerland,1,2024,402.1988826685161,8804.431392537952,9206.630275206468,10.628062087093332,492.6853966182634,0.4984878074476782,566.2965780106518,0.007326,0.0,0.0,10265.612249835382,11.13387589454101
compressed_hydrogen,SMR,,grid,SMR_H_grid_E,Singapore,1,2024,336.68232259581663,9465.638847390328,9802.321169986144,12.312482041381315,6.688572663865257,0.0072605568557443,484.16688204511576,0.098802,614.9627108688618,2.1156732707326307,10908.139335563987,14.534217868969689
compressed_hydrogen,SMR,,grid,SMR_H_grid_E,Hungary,1,2024,327.5828003634973,3728.208950517022,4055.791750880519,11.16036796009343,933.4787080320028,0.9440250533153642,455.1984798276802,0.036234,0.0,0.0,5444.468938740201,12.140627013408794
compressed_hydrogen,SMR,,grid,SMR_H_grid_E,Philippines,1,2024,325.76289591703346,2256.048713819251,2581.8116097362845,12.728118133997834,173.897979404711,0.1762695155523986,442.989599384193,0.121374,710.5073691115168,2.444378208499784,3909.206557636705,15.470139858050015
compressed_hydrogen,SMR,,grid,SMR_H_grid_E,Netherlands,1,2024,373.0804115250941,6133.332748886233,6506.413160411327,11.41558310468252,82.54212485506892,0.0839304650813442,519.454490914858,0.050094,0.0,0.0,7108.4097761812545,11.549607569763864
compressed_hydrogen,SMR,,grid,SMR_H_grid_E,Norway,1,2024,413.11830934729943,4311.02263962826,4724.140948975559,10.60618650327141,383.8823986934868,0.3885138428199527,548.6678606715745,0.006138,43.22382785634779,0.1487041338249927,5699.915036196969,11.149542479916354
compressed_hydrogen,SMR,,grid,SMR_H_grid_E,Oman,1,2024,347.60174927459997,987.4547253334276,1335.0564746080277,12.480194850682718,324.730500960653,0.328725336684938,480.79416470603854,0.10791,438.2291886956989,1.507652032540957,2578.8103289704177,14.424482219908613
compressed_hydrogen,SMR,,grid,SMR_H_grid_E,Italy,1,2024,349.42165372106376,7577.918714579075,7927.340368300139,11.543190676977062,221.43586699612143,0.2243190184904427,534.1870451495255,0.057024,165.0279618759741,0.5677502744372671,8847.99124232176,12.392283969904772
compressed_hydrogen,SMR,,grid,SMR_H_grid_E,Austria,1,2024,378.5401248644858,6030.7651710569835,6409.305295921469,10.868693509134472,661.6247967655381,0.6692453781983527,538.2611322453193,0.020394,0.0,0.0,7609.191224932327,11.558332887332824
compressed_hydrogen,SMR,,grid,SMR_H_grid_E,Finland,1,2024,393.0993604361968,5760.910619223476,6154.009979659672,10.755669659387875,330.87093754752107,0.3349318582779358,524.0621757932163,0.014256,84.17379169931907,0.2895854302171521,7093.116884699728,11.394442947882961
compressed_hydrogen,SMR,,grid,SMR_H_grid_E,Portugal,1,2024,331.22260925642513,5121.948605375015,5453.17121463144,10.901506884867356,155.78194980131548,0.1579585164365832,449.9162407146544,0.022176,83.19228091165398,0.2862087114312849,6142.061686059064,11.367850112735224
compressed_hydrogen,SMR,,grid,SMR_H_grid_E,Germany,1,2024,374.900315971558,5658.241686124258,6033.142002095816,11.747362792648335,338.61147577132436,0.3427557022258079,532.257371358345,0.0681119999999999,0.0,0.0,6904.010849225485,12.158230494874143
compressed_hydrogen,SMR,,grid,SMR_H_grid_E,Greece,1,2024,334.8624181493528,3340.091887548338,3674.954305697691,11.659860457360647,135.93126007286196,0.1378941883236556,472.5520016016286,0.06336,207.96156668982383,0.7154559458795628,4491.399134062005,12.576570591563867
compressed_hydrogen,SMR,,grid,SMR_H_grid_E,France,1,2024,367.6206981857025,5837.089349393459,6204.710047579161,10.65358360155224,466.7437545570985,0.472266974558569,504.01384958439667,0.008712,0.0,0.0,7175.467651720656,11.134562576110808
compressed_hydrogen,SMR,,grid,SMR_H_grid_E,Brazil,1,2024,334.8624181493528,5486.2017716812,5821.064189830552,10.868693509134472,1251.7868275768665,1.2657588892134022,450.3760016016286,0.020394,401.054108609984,1.3797575734386005,7924.2811276190305,13.534603971786474
compressed_hydrogen,SMR,,grid,SMR_H_grid_E,United Kingdom,1,2024,387.6396470968051,5386.709118328789,5774.348765425594,11.262454017929066,225.3250961844594,0.2282501045941831,579.3075344627548,0.041778,39.141495920120995,0.1346595740377326,6618.12289199293,11.667141696560982
compressed_hydrogen,SMR,,grid,SMR_H_grid_E,Spain,1,2024,338.5022270422805,4267.526966130273,4606.029193172553,11.025468526524913,380.43443665151494,0.3850287728965696,456.7757624886029,0.028908,102.63757791846348,0.3531069060561896,5545.876970231135,11.792512205477673
compressed_hydrogen,SMR,,grid,SMR_H_grid_E,Sweden,1,2024,400.37897822205224,8115.499843170507,8515.87882139256,10.624416156456345,402.0181929118524,0.4068448192627633,522.1015400671648,0.007128,35.776788654559006,0.1230838783089108,9475.775343026135,11.16147285402802
compressed_hydrogen,SMR,,grid,SMR_H_grid_E,Czech Republic,1,2024,331.22260925642513,4658.063838432684,4989.286447689109,12.002577937237422,629.9061828437772,0.6371854001462417,465.9542407146544,0.081972,0.0,0.0,6085.146871247541,12.721735337383665
compressed_hydrogen,SMR,,grid,SMR_H_grid_E,Japan,1,2024,393.0993604361968,4733.625154846202,5126.724515282399,12.250501220552538,157.72394129414766,0.1599214081566048,539.7041757932162,0.095436,833.4514813574708,2.86734624782239,6657.604113727234,15.373204876531531
compressed_hydrogen,SMR,,grid,SMR_H_grid_E,Belgium,1,2024,373.0804115250941,3918.366633439748,4291.4470449648425,10.996301081429015,114.99418983520208,0.1167317877865259,525.196490914858,0.027324,0.0,0.0,4931.637725714902,11.140356869215541
compressed_hydrogen,SMR,,grid,SMR_H_grid_E,Poland,1,2024,336.68232259581663,5757.855189341881,6094.537511937698,12.735409995271809,194.5095199991873,0.1971028830100399,508.91688204511576,0.12177,62.656692278713074,0.2155595562848052,6860.620606260714,13.269842434566653
compressed_hydrogen,SMR,,grid,SMR_H_grid_E,India,1,2024,322.12308702410564,3226.087945569367,3548.2110325934727,13.074481544511595,745.2048393846368,0.7537249313898133,433.8178384972189,0.140184,462.69609439147257,1.591826206817229,5189.9298048668015,15.560216682718638
compressed_hydrogen,SMR,,grid,SMR_H_grid_E,Indonesia,1,2024,293.0046158806837,4667.79169912561,4960.796315006293,12.848433845018404,257.5424918161488,0.2608142323771918,385.78775140142506,0.127908,698.9061933326097,2.4044663616988187,6303.032751556477,15.641622439094412
compressed_hydrogen,SMR,,grid,SMR_H_grid_E,South Korea,1,2024,342.1420359352083,3569.330601997687,3911.4726379328954,12.002577937237422,126.20181287878846,0.1280600302399958,457.03752337557705,0.081972,804.9676215432621,2.7693524348787184,5299.679595730523,14.981962402356135
compressed_hydrogen,SMR,,grid,SMR_H_grid_E,China,1,2024,333.042513702889,3087.830774626998,3420.873288329887,12.534883810237522,1422.9103352979398,1.4387240734825033,440.7411211581416,0.11088,775.044397997263,2.6664067389665513,6059.569142783233,16.750894622686577
compressed_hydrogen,SMR,,grid,SMR_H_grid_E,United Arab Emirates,1,2024,347.60174927459997,649.3172593690035,996.9190086436035,11.889554087490826,188.6948708838179,0.1912256550996622,462.77616470603857,0.075834,448.2487762488737,1.5421226975021984,2096.638820482334,13.698736440092688
compressed_hydrogen,SMR,,grid,SMR_H_grid_E,United States,1,2024,363.9808892927748,2300.3244027615697,2664.3052920543446,11.893200018127814,1609.3398036046551,1.6271599451420615,490.8820886974225,0.076032,243.40674327863428,0.8373989700011273,5007.9339276350565,14.433790933271002
compressed_hydrogen,SMR,,grid,SMR_H_grid_E,Turkey,1,2024,333.042513702889,2080.8805398593927,2413.923053562282,12.206750052908694,174.60991317217503,0.176989111339773,452.0271211581416,0.09306,251.82230498134976,0.8663512603399688,3292.382392873948,13.343150424588435
compressed_hydrogen,SMR,,grid,SMR_H_grid_E,Australia,1,2024,373.0804115250941,3163.354600457439,3536.435011982533,12.505716365141629,1431.9328260410734,1.447843666662513,519.6524909148579,0.109296,711.0096984845694,2.446106386174443,6199.030027423034,16.508962417978584
compressed_hydrogen,SMR,,grid,SMR_H_grid_E,Malaysia,1,2024,318.48327813117794,1906.1198551690975,2224.6031333002757,12.69530475826495,131.0004864593708,0.132910348417587,429.3980776102447,0.119592,606.8719244722989,2.087838313887474,3391.87362184219,15.035645420570011
compressed_hydrogen,SMR,,grid,SMR_H_grid_E,Canada,1,2024,371.2605070786302,1464.8256659063516,1836.086172984982,11.131200514997536,2038.38644093734,2.060824096108664,492.19761047137087,0.03465,220.5590432203636,0.7587953937896461,4587.229267614057,13.985470004895845
compressed_hydrogen,SMR,,grid,SMR_H_grid_E,Mexico,1,2024,320.3031825776418,1620.483668612401,1940.7868511900429,12.407276237942977,583.2052316904606,0.5899818409780763,448.1409580537317,0.10395,371.55625540529974,1.2782752909096788,3343.689296339535,14.379483369830732
compressed_hydrogen,SMR,,grid,SMR_H_grid_E,Thailand,1,2024,323.9429914705696,2037.971902113247,2361.914893583817,12.513008226415602,202.49409307689865,0.2051733881796016,436.52271894070594,0.109692,673.7511657989664,2.3179248227780604,3674.6828714003877,15.145798437373264
compressed_hydrogen,SMR,,grid,SMR_H_grid_E,Russia,1,2024,343.96194038167215,860.2301905829282,1204.1921309646004,12.130185509531968,2493.0148831277284,2.5203453700975524,454.19840381906425,0.088902,90.31278201930088,0.3107055688852698,4241.718199930694,15.05013844851479
compressed_hydrogen,SMR,,grid,SMR_H_grid_E,Saudi Arabia,1,2024,347.60174927459997,495.8523302368049,843.4540795114049,12.505716365141629,512.660239354775,0.5186776247362443,454.4601647060385,0.109296,282.0653458951686,0.9703972328130612,2092.6398294673872,14.104087222690934
compressed_hydrogen,SMRCCS,,grid,SMRCCS_H_grid_E,South Africa,1,2024,613.6587058200857,1278.6012220781874,1892.2599278982732,5.419143455195629,438.1704908749996,0.4433861978391045,449.5806429320899,0.140382,516.6185633652943,1.7773371724148683,3296.6296250706573,7.780248825449601
compressed_hydrogen,SMRCCS,,grid,SMRCCS_H_grid_E,Taiwan,1,2024,603.8139137481056,3136.2903034327555,3740.1042171808617,5.0514229583012185,108.29765925058994,0.1099631873647823,458.4940016016286,0.125928,738.7164081925108,2.5414265480525833,5045.612286225592,7.828740693718584
compressed_hydrogen,SMRCCS,,grid,SMRCCS_H_grid_E,Switzerland,1,2024,725.2330159691923,11433.762353380853,12158.995369350045,2.034099976934759,492.6853966182634,0.4984878074476782,566.2965780106518,0.007326,0.0,0.0,13217.977343978959,2.5399137843824375
compressed_hydrogen,SMRCCS,,grid,SMRCCS_H_grid_E,Singapore,1,2024,607.0955111054325,12283.786492539144,12890.882003644576,4.361317368239107,6.688572663865257,0.0072605568557443,484.16688204511576,0.098802,614.9627108688618,2.1156732707326307,13996.700169222418,6.583053195827482
compressed_hydrogen,SMRCCS,,grid,SMRCCS_H_grid_E,Hungary,1,2024,590.6875243187991,4875.586579245396,5466.274103564195,2.7695409707235794,933.4787080320028,0.9440250533153642,455.1984798276802,0.036234,0.0,0.0,6854.951291423878,3.7498000240389433
compressed_hydrogen,SMRCCS,,grid,SMRCCS_H_grid_E,Philippines,1,2024,587.4059269614725,2964.6156521163293,3552.021579077802,4.935565815444076,173.897979404711,0.1762695155523986,442.989599384193,0.121374,710.5073691115168,2.444378208499784,4879.4165269782225,7.677587539496259
compressed_hydrogen,SMRCCS,,grid,SMRCCS_H_grid_E,Netherlands,1,2024,672.7274582519656,7982.043244458414,8654.770702710379,3.122149666375753,82.54212485506892,0.0839304650813442,519.454490914858,0.050094,0.0,0.0,9256.767318480304,3.2561741314570973
compressed_hydrogen,SMRCCS,,grid,SMRCCS_H_grid_E,Norway,1,2024,744.9226001131523,5602.236719502381,6347.159319615533,2.0038763744502877,383.8823986934868,0.3885138428199527,548.6678606715745,0.006138,43.22382785634779,0.1487041338249927,7322.933406836942,2.547232351095233
compressed_hydrogen,SMRCCS,,grid,SMRCCS_H_grid_E,Oman,1,2024,626.7850952493924,1354.2722295704514,1981.057324819844,4.5930316539533935,324.730500960653,0.328725336684938,480.79416470603854,0.10791,438.2291886956989,1.507652032540957,3224.811179182234,6.537319023179289
compressed_hydrogen,SMRCCS,,grid,SMRCCS_H_grid_E,Italy,1,2024,630.066692606719,9915.432485507146,10545.499178113863,3.29845401420184,221.43586699612143,0.2243190184904427,534.1870451495255,0.057024,165.0279618759741,0.5677502744372671,11466.150052135485,4.1475473071295506
compressed_hydrogen,SMRCCS,,grid,SMRCCS_H_grid_E,Austria,1,2024,682.5722503239457,7870.0737636396925,8552.646013963638,2.3665596042639523,661.6247967655381,0.6692453781983527,538.2611322453193,0.020394,0.0,0.0,9752.531942974496,3.056198982462305
compressed_hydrogen,SMRCCS,,grid,SMRCCS_H_grid_E,Finland,1,2024,708.825029182559,7467.8210210228335,8176.646050205392,2.2104043247608463,330.87093754752107,0.3349318582779358,524.0621757932163,0.014256,84.17379169931907,0.2895854302171521,9115.752955245449,2.849177613255934
compressed_hydrogen,SMRCCS,,grid,SMRCCS_H_grid_E,Portugal,1,2024,597.2507190334525,6652.1805517255525,7249.431270759005,2.41189500799066,155.78194980131548,0.1579585164365832,449.9162407146544,0.022176,83.19228091165398,0.2862087114312849,7938.321742186629,2.878238235858528
compressed_hydrogen,SMRCCS,,grid,SMRCCS_H_grid_E,Germany,1,2024,676.0090556092923,7390.737853740642,8066.746909349935,3.5805409707235794,338.61147577132436,0.3427557022258079,532.257371358345,0.0681119999999999,0.0,0.0,8937.615756479603,3.991408672949387
compressed_hydrogen,SMRCCS,,grid,SMRCCS_H_grid_E,Greece,1,2024,603.8139137481057,4390.481857446859,4994.295771194965,3.459646560785691,135.93126007286196,0.1378941883236556,472.5520016016286,0.06336,207.96156668982383,0.7154559458795628,5810.740599559279,4.3763566949889094
compressed_hydrogen,SMRCCS,,grid,SMRCCS_H_grid_E,France,1,2024,662.8826661799856,7585.040385122507,8247.923051302492,2.0693608464999773,466.7437545570985,0.472266974558569,504.01384958439667,0.008712,0.0,0.0,9218.680655443988,2.550339821058546
compressed_hydrogen,SMRCCS,,grid,SMRCCS_H_grid_E,Brazil,1,2024,603.8139137481056,7111.376740103108,7715.190653851214,2.3665596042639523,1251.7868275768665,1.2657588892134022,450.3760016016286,0.020394,401.054108609984,1.3797575734386005,9818.407591639694,5.032470066915955
compressed_hydrogen,SMRCCS,,grid,SMRCCS_H_grid_E,United Kingdom,1,2024,698.9802371105789,7096.105203828472,7795.085440939051,2.9105844489844492,225.3250961844594,0.2282501045941831,579.3075344627548,0.041778,39.141495920120995,0.1346595740377326,8638.859567506386,3.315272127616365
compressed_hydrogen,SMRCCS,,grid,SMRCCS_H_grid_E,Spain,1,2024,610.3771084627591,5549.002282584818,6159.379391047577,2.5831620887360014,380.43443665151494,0.3850287728965696,456.7757624886029,0.028908,102.63757791846348,0.3531069060561896,7099.227168106158,3.3502057676887604
compressed_hydrogen,SMRCCS,,grid,SMRCCS_H_grid_E,Sweden,1,2024,721.9514186118656,10475.946854660004,11197.898273271869,2.0290627098540144,402.0181929118524,0.4068448192627633,522.1015400671648,0.007128,35.776788654559006,0.1230838783089108,12157.794794905443,2.5661194074256883
compressed_hydrogen,SMRCCS,,grid,SMRCCS_H_grid_E,Czech Republic,1,2024,597.2507190334525,6086.67114124344,6683.921860276892,3.9331496663757535,629.9061828437772,0.6371854001462417,465.9542407146544,0.081972,0.0,0.0,7779.782283835324,4.652307066521995
compressed_hydrogen,SMRCCS,,grid,SMRCCS_H_grid_E,Japan,1,2024,708.825029182559,6170.923263652108,6879.748292834667,4.275683827866437,157.72394129414766,0.1599214081566048,539.7041757932162,0.095436,833.4514813574708,2.86734624782239,8410.627891279502,7.398387483845433
compressed_hydrogen,SMRCCS,,grid,SMRCCS_H_grid_E,Belgium,1,2024,672.7274582519656,5143.02689993572,5815.754358187686,2.5428639520900393,114.99418983520208,0.1167317877865259,525.196490914858,0.027324,0.0,0.0,6455.945038937746,2.6869197398765654
compressed_hydrogen,SMRCCS,,grid,SMRCCS_H_grid_E,Poland,1,2024,607.0955111054325,7561.71757500315,8168.813086108583,4.945640349605567,194.5095199991873,0.1971028830100399,508.91688204511576,0.12177,62.656692278713074,0.2155595562848052,8934.896180431599,5.480072788900412
compressed_hydrogen,SMRCCS,,grid,SMRCCS_H_grid_E,India,1,2024,580.8427322468192,4202.943421530114,4783.786153776933,5.414106188114883,745.2048393846368,0.7537249313898133,433.8178384972189,0.140184,462.69609439147257,1.591826206817229,6425.504926050262,7.899841326321925
compressed_hydrogen,SMRCCS,,grid,SMRCCS_H_grid_E,Indonesia,1,2024,528.3371745295925,6036.808779280868,6565.145953810461,5.101795629108673,257.5424918161488,0.2608142323771918,385.78775140142506,0.127908,698.9061933326097,2.4044663616988187,7907.382390360644,7.894984223184683
compressed_hydrogen,SMRCCS,,grid,SMRCCS_H_grid_E,South Korea,1,2024,616.9403031774124,4639.902936421996,5256.843239599409,3.9331496663757535,126.20181287878846,0.1280600302399958,457.03752337557705,0.081972,804.9676215432621,2.7693524348787184,6645.050197397036,6.912534131494468
compressed_hydrogen,SMRCCS,,grid,SMRCCS_H_grid_E,China,1,2024,600.5323163907791,4013.5126098386104,4614.04492622939,4.668590660164574,1422.9103352979398,1.4387240734825033,440.7411211581416,0.11088,775.044397997263,2.6664067389665513,7252.740780682735,8.884601472613628
compressed_hydrogen,SMRCCS,,grid,SMRCCS_H_grid_E,United Arab Emirates,1,2024,626.7850952493924,886.7150042288366,1513.500099478229,3.776994386872648,188.6948708838179,0.1912256550996622,462.77616470603857,0.075834,448.2487762488737,1.5421226975021984,2613.219911316959,5.586176739474508
compressed_hydrogen,SMRCCS,,grid,SMRCCS_H_grid_E,United States,1,2024,656.3194714653323,3021.783387211339,3678.102858676671,3.7820316539533936,1609.3398036046551,1.6271599451420615,490.8820886974225,0.076032,243.40674327863428,0.8373989700011273,6021.731494257383,6.322622569096582
compressed_hydrogen,SMRCCS,,grid,SMRCCS_H_grid_E,Turkey,1,2024,600.5323163907791,2738.665420624063,3339.197737014842,4.215236622897493,174.60991317217503,0.176989111339773,452.0271211581416,0.09306,251.82230498134976,0.8663512603399688,4217.657076326508,5.351636994577235
compressed_hydrogen,SMRCCS,,grid,SMRCCS_H_grid_E,Australia,1,2024,672.7274582519656,4163.957681063755,4836.685139315721,4.628292523518611,1431.9328260410734,1.447843666662513,519.6524909148579,0.109296,711.0096984845694,2.446106386174443,7499.280154756221,8.631538576355567
compressed_hydrogen,SMRCCS,,grid,SMRCCS_H_grid_E,Malaysia,1,2024,574.2795375321658,2505.7146256037163,3079.994163135882,4.8902304117173685,131.0004864593708,0.132910348417587,429.3980776102447,0.119592,606.8719244722989,2.087838313887474,4247.264651677797,7.230571074022429
compressed_hydrogen,SMRCCS,,grid,SMRCCS_H_grid_E,Canada,1,2024,669.4458608946389,1934.509616126468,2603.955477021107,2.7292428340776165,2038.38644093734,2.060824096108664,492.19761047137087,0.03465,220.5590432203636,0.7587953937896461,5355.098571650182,5.583512323975927
compressed_hydrogen,SMRCCS,,grid,SMRCCS_H_grid_E,Mexico,1,2024,577.5611348894925,2168.184236954971,2745.745371844463,4.492286312338487,583.2052316904606,0.5899818409780763,448.1409580537317,0.10395,371.55625540529974,1.2782752909096788,4148.647816993955,6.4644934442262425
compressed_hydrogen,SMRCCS,,grid,SMRCCS_H_grid_E,Thailand,1,2024,584.1243296041458,2676.466242839741,3260.5905724438867,4.638367057680101,202.49409307689865,0.2051733881796016,436.52271894070594,0.109692,673.7511657989664,2.3179248227780604,4573.358550260457,7.271157268637763
compressed_hydrogen,SMRCCS,,grid,SMRCCS_H_grid_E,Russia,1,2024,620.2219005347391,1148.977948151363,1769.199848686102,4.109454014201841,2493.0148831277284,2.5203453700975524,454.19840381906425,0.088902,90.31278201930088,0.3107055688852698,4806.725917652196,7.0294069531846635
compressed_hydrogen,SMRCCS,,grid,SMRCCS_H_grid_E,Saudi Arabia,1,2024,626.7850952493924,674.813927770967,1301.5990230203593,4.628292523518611,512.660239354775,0.5186776247362443,454.4601647060385,0.109296,282.0653458951686,0.9703972328130612,2550.7847729763416,6.226663381067916
compressed_hydrogen,ATRCCS,,solar,ATRCCS_H_solar_E,South Africa,1,2024,527.6615847731491,1124.5040865029832,1652.1656712761323,1.483644176744365,438.1704908749996,0.4433861978391045,449.5806429320899,0.140382,516.6185633652943,1.7773371724148683,3056.5353684485167,3.844749546998338
compressed_hydrogen,ATRCCS,,solar,ATRCCS_H_solar_E,Taiwan,1,2024,519.1964256591414,2155.5139335880967,2674.710359247238,1.483644176744365,108.29765925058994,0.1099631873647823,458.4940016016286,0.125928,738.7164081925108,2.5414265480525833,3980.218428291967,4.260961912161731
compressed_hydrogen,ATRCCS,,solar,ATRCCS_H_solar_E,Switzerland,1,2024,623.6000547319036,8886.273192740542,9509.873247472446,1.483644176744365,492.6853966182634,0.4984878074476782,566.2965780106518,0.007326,0.0,0.0,10568.85522210136,1.9894579841920432
compressed_hydrogen,ATRCCS,,solar,ATRCCS_H_solar_E,Singapore,1,2024,522.0181453638106,9592.254213855043,10114.272359218856,1.483644176744365,6.688572663865257,0.0072605568557443,484.16688204511576,0.098802,614.9627108688618,2.1156732707326307,11220.090524796698,3.7053800043327403
compressed_hydrogen,ATRCCS,,solar,ATRCCS_H_solar_E,Hungary,1,2024,507.9095468404644,3800.7982893668823,4308.707836207347,1.483644176744365,933.4787080320028,0.9440250533153642,455.1984798276802,0.036234,0.0,0.0,5697.38502406703,2.463903230059729
compressed_hydrogen,ATRCCS,,solar,ATRCCS_H_solar_E,Philippines,1,2024,505.0878271357951,2219.607636449652,2724.695463585447,1.483644176744365,173.897979404711,0.1762695155523986,442.989599384193,0.121374,710.5073691115168,2.444378208499784,4052.0904114858677,4.225665900796548
compressed_hydrogen,ATRCCS,,solar,ATRCCS_H_solar_E,Netherlands,1,2024,578.4525394571956,6137.411874439188,6715.864413896384,1.483644176744365,82.54212485506892,0.0839304650813442,519.454490914858,0.050094,0.0,0.0,7317.861029666311,1.6176686418257094
compressed_hydrogen,ATRCCS,,solar,ATRCCS_H_solar_E,Norway,1,2024,640.530372959919,4756.204566011621,5396.73493897154,1.483644176744365,383.8823986934868,0.3885138428199527,548.6678606715745,0.006138,43.22382785634779,0.1487041338249927,6372.50902619295,2.0270001533893107
compressed_hydrogen,ATRCCS,,solar,ATRCCS_H_solar_E,Oman,1,2024,538.9484635918261,525.8903659360616,1064.8388295278878,1.483644176744365,324.730500960653,0.328725336684938,480.79416470603854,0.10791,438.2291886956989,1.507652032540957,2308.5926838902783,3.42793154597026
compressed_hydrogen,ATRCCS,,solar,ATRCCS_H_solar_E,Italy,1,2024,541.7701832964954,6802.471593519646,7344.241776816141,1.483644176744365,221.43586699612143,0.2243190184904427,534.1870451495255,0.057024,165.0279618759741,0.5677502744372671,8264.89265083776,2.332737469672075
compressed_hydrogen,ATRCCS,,solar,ATRCCS_H_solar_E,Austria,1,2024,586.9176985712033,5806.469754292449,6393.387452863652,1.483644176744365,661.6247967655381,0.6692453781983527,538.2611322453193,0.020394,0.0,0.0,7593.273381874509,2.1732835549427176
compressed_hydrogen,ATRCCS,,solar,ATRCCS_H_solar_E,Finland,1,2024,609.4914562085573,6338.980146659687,6948.471602868245,1.483644176744365,330.87093754752107,0.3349318582779358,524.0621757932163,0.014256,84.17379169931907,0.2895854302171521,7887.578507908302,2.1224174652394527
compressed_hydrogen,ATRCCS,,solar,ATRCCS_H_solar_E,Portugal,1,2024,513.552986249803,5288.665019932447,5802.21800618225,1.483644176744365,155.78194980131548,0.1579585164365832,449.9162407146544,0.022176,83.19228091165398,0.2862087114312849,6491.108477609873,1.9499874046122332
compressed_hydrogen,ATRCCS,,solar,ATRCCS_H_solar_E,Germany,1,2024,581.274259161865,5410.554906574914,5991.829165736779,1.483644176744365,338.61147577132436,0.3427557022258079,532.257371358345,0.0681119999999999,0.0,0.0,6862.698012866448,1.894511878970173
compressed_hydrogen,ATRCCS,,solar,ATRCCS_H_solar_E,Greece,1,2024,519.1964256591415,2972.3281890819308,3491.524614741072,1.483644176744365,135.93126007286196,0.1378941883236556,472.5520016016286,0.06336,207.96156668982383,0.7154559458795628,4307.969443105387,2.4003543109475833
compressed_hydrogen,ATRCCS,,solar,ATRCCS_H_solar_E,France,1,2024,569.9873803431879,5931.751286139529,6501.738666482717,1.483644176744365,466.7437545570985,0.472266974558569,504.01384958439667,0.008712,0.0,0.0,7472.496270624212,1.9646231513029342
compressed_hydrogen,ATRCCS,,solar,ATRCCS_H_solar_E,Brazil,1,2024,519.1964256591414,5863.617227556744,6382.813653215886,1.483644176744365,1251.7868275768665,1.2657588892134022,450.3760016016286,0.020394,401.054108609984,1.3797575734386005,8486.030591004366,4.149554639396368
compressed_hydrogen,ATRCCS,,solar,ATRCCS_H_solar_E,United Kingdom,1,2024,601.0262970945495,4535.809205936828,5136.835503031378,1.483644176744365,225.3250961844594,0.2282501045941831,579.3075344627548,0.041778,39.141495920120995,0.1346595740377326,5980.609629598714,1.888331855376281
compressed_hydrogen,ATRCCS,,solar,ATRCCS_H_solar_E,Spain,1,2024,524.8398650684798,4346.961738664391,4871.801603732871,1.483644176744365,380.43443665151494,0.3850287728965696,456.7757624886029,0.028908,102.63757791846348,0.3531069060561896,5811.649380791452,2.2506878556971244
compressed_hydrogen,ATRCCS,,solar,ATRCCS_H_solar_E,Sweden,1,2024,620.7783350272343,9155.10620928723,9775.884544314466,1.483644176744365,402.0181929118524,0.4068448192627633,522.1015400671648,0.007128,35.776788654559006,0.1230838783089108,10735.78106594804,2.0207008743160393
compressed_hydrogen,ATRCCS,,solar,ATRCCS_H_solar_E,Czech Republic,1,2024,513.552986249803,4536.989652027816,5050.5426382776195,1.483644176744365,629.9061828437772,0.6371854001462417,465.9542407146544,0.081972,0.0,0.0,6146.403061836051,2.202801576890607
compressed_hydrogen,ATRCCS,,solar,ATRCCS_H_solar_E,Japan,1,2024,609.4914562085573,4976.851381990982,5586.34283819954,1.483644176744365,157.72394129414766,0.1599214081566048,539.7041757932162,0.095436,833.4514813574708,2.86734624782239,7117.222436644375,4.60634783272336
compressed_hydrogen,ATRCCS,,solar,ATRCCS_H_solar_E,Belgium,1,2024,578.4525394571956,3762.7004135036864,4341.1529529608815,1.483644176744365,114.99418983520208,0.1167317877865259,525.196490914858,0.027324,0.0,0.0,4981.3436337109415,1.627699964530891
compressed_hydrogen,ATRCCS,,solar,ATRCCS_H_solar_E,Poland,1,2024,522.0181453638106,5318.626266412375,5840.644411776186,1.483644176744365,194.5095199991873,0.1971028830100399,508.91688204511576,0.12177,62.656692278713074,0.2155595562848052,6606.727506099202,2.01807661603921
compressed_hydrogen,ATRCCS,,solar,ATRCCS_H_solar_E,India,1,2024,499.44438772645674,3329.173757023252,3828.618144749709,1.483644176744365,745.2048393846368,0.7537249313898133,433.8178384972189,0.140184,462.69609439147257,1.591826206817229,5470.336917023037,3.969379314951407
compressed_hydrogen,ATRCCS,,solar,ATRCCS_H_solar_E,Indonesia,1,2024,454.29687245174864,5263.012360426376,5717.309232878125,1.483644176744365,257.5424918161488,0.2608142323771918,385.78775140142506,0.127908,698.9061933326097,2.4044663616988187,7059.545669428309,4.276832770820375
compressed_hydrogen,ATRCCS,,solar,ATRCCS_H_solar_E,South Korea,1,2024,530.4833044778184,3858.088098906774,4388.5714033845925,1.483644176744365,126.20181287878846,0.1280600302399958,457.03752337557705,0.081972,804.9676215432621,2.7693524348787184,5776.77836118222,4.46302864186308
compressed_hydrogen,ATRCCS,,solar,ATRCCS_H_solar_E,China,1,2024,516.3747059544721,3241.410416131309,3757.785122085781,1.483644176744365,1422.9103352979398,1.4387240734825033,440.7411211581416,0.11088,775.044397997263,2.6664067389665513,6396.4809765391265,5.699654989193419
compressed_hydrogen,ATRCCS,,solar,ATRCCS_H_solar_E,United Arab Emirates,1,2024,538.9484635918261,414.6570352528316,953.6054988446576,1.483644176744365,188.6948708838179,0.1912256550996622,462.77616470603857,0.075834,448.2487762488737,1.5421226975021984,2053.3253106833877,3.2928265293462258
compressed_hydrogen,ATRCCS,,solar,ATRCCS_H_solar_E,United States,1,2024,564.3439409338494,2255.2761029258763,2819.6200438597257,1.483644176744365,1609.3398036046551,1.6271599451420615,490.8820886974225,0.076032,243.40674327863428,0.8373989700011273,5163.248679440438,4.0242350918875545
compressed_hydrogen,ATRCCS,,solar,ATRCCS_H_solar_E,Turkey,1,2024,516.3747059544721,2180.340497974569,2696.7152039290413,1.483644176744365,174.60991317217503,0.176989111339773,452.0271211581416,0.09306,251.82230498134976,0.8663512603399688,3575.1745432407074,2.620044548424107
compressed_hydrogen,ATRCCS,,solar,ATRCCS_H_solar_E,Australia,1,2024,578.4525394571956,2709.7226876293703,3288.175227086566,1.483644176744365,1431.9328260410734,1.447843666662513,519.6524909148579,0.109296,711.0096984845694,2.446106386174443,5950.770242527067,5.486890229581322
compressed_hydrogen,ATRCCS,,solar,ATRCCS_H_solar_E,Malaysia,1,2024,493.8009483171182,1950.5283878532352,2444.3293361703536,1.483644176744365,131.0004864593708,0.132910348417587,429.3980776102447,0.119592,606.8719244722989,2.087838313887474,3611.599824712268,3.8239848390494258
compressed_hydrogen,ATRCCS,,solar,ATRCCS_H_solar_E,Canada,1,2024,575.6308197525263,1709.385758465332,2285.0165782178583,1.483644176744365,2038.38644093734,2.060824096108664,492.19761047137087,0.03465,220.5590432203636,0.7587953937896461,5036.159672846933,4.337913666642676
compressed_hydrogen,ATRCCS,,solar,ATRCCS_H_solar_E,Mexico,1,2024,496.62266802178743,1319.3631493155794,1815.9858173373668,1.483644176744365,583.2052316904606,0.5899818409780763,448.1409580537317,0.10395,371.55625540529974,1.2782752909096788,3218.888262486859,3.4558513086321203
compressed_hydrogen,ATRCCS,,solar,ATRCCS_H_solar_E,Thailand,1,2024,502.266107431126,2024.0005747468103,2526.2666821779367,1.483644176744365,202.49409307689865,0.2051733881796016,436.52271894070594,0.109692,673.7511657989664,2.3179248227780604,3839.034659994508,4.116434387702027
compressed_hydrogen,ATRCCS,,solar,ATRCCS_H_solar_E,Russia,1,2024,533.3050241824877,1135.4463454273398,1668.7513696098276,1.483644176744365,2493.0148831277284,2.5203453700975524,454.19840381906425,0.088902,90.31278201930088,0.3107055688852698,4706.277438575921,4.403597115727187
compressed_hydrogen,ATRCCS,,solar,ATRCCS_H_solar_E,Saudi Arabia,1,2024,538.9484635918261,520.1969525837817,1059.1454161756078,1.483644176744365,512.660239354775,0.5186776247362443,454.4601647060385,0.109296,282.0653458951686,0.9703972328130612,2308.33116613159,3.0820150342936703
compressed_hydrogen,BG,,solar,BG_H_solar_E,South Africa,1,2024,553.0749400000001,1663.5455960894726,2216.620536089473,1.2992203468950578,438.1704908749996,0.4433861978391045,449.5806429320899,0.140382,516.6185633652943,1.7773371724148683,3620.990233261857,3.6603257171490307
compressed_hydrogen,BG,,solar,BG_H_solar_E,Taiwan,1,2024,544.2020799999999,1562.707226693276,2106.909306693276,1.2992203468950578,108.29765925058994,0.1099631873647823,458.4940016016286,0.125928,738.7164081925108,2.5414265480525833,3412.417375738005,4.076538082312424
compressed_hydrogen,BG,,solar,BG_H_solar_E,Switzerland,1,2024,653.6340200000001,2106.0756292512697,2759.7096492512696,1.2992203468950578,492.6853966182634,0.4984878074476782,566.2965780106518,0.007326,0.0,0.0,3818.691623880185,1.805034154342736
compressed_hydrogen,BG,,solar,BG_H_solar_E,Singapore,1,2024,547.1597,1990.443122774282,2537.6028227742822,1.2992203468950578,6.688572663865257,0.0072605568557443,484.16688204511576,0.098802,614.9627108688618,2.1156732707326307,3643.4209883521253,3.520956174483433
compressed_hydrogen,BG,,solar,BG_H_solar_E,Hungary,1,2024,532.3716000000001,1811.6615983993513,2344.0331983993515,1.2992203468950578,933.4787080320028,0.9440250533153642,455.1984798276802,0.036234,0.0,0.0,3732.7103862590347,2.279479400210422
compressed_hydrogen,BG,,solar,BG_H_solar_E,Philippines,1,2024,529.4139799999999,1620.568152736214,2149.9821327362138,1.2992203468950578,173.897979404711,0.1762695155523986,442.989599384193,0.121374,710.5073691115168,2.444378208499784,3477.377080636634,4.0412420709472405
compressed_hydrogen,BG,,solar,BG_H_solar_E,Netherlands,1,2024,606.3121,1897.9305540940636,2504.2426540940637,1.2992203468950578,82.54212485506892,0.0839304650813442,519.454490914858,0.050094,0.0,0.0,3106.2392698639906,1.433244811976402
compressed_hydrogen,BG,,solar,BG_H_solar_E,Norway,1,2024,671.37974,2027.4050841570545,2698.7848241570546,1.2992203468950578,383.8823986934868,0.3885138428199527,548.6678606715745,0.006138,43.22382785634779,0.1487041338249927,3674.5589113784636,1.8425763235400034
compressed_hydrogen,BG,,solar,BG_H_solar_E,Oman,1,2024,564.90542,1535.291278923993,2100.196698923993,1.2992203468950578,324.730500960653,0.328725336684938,480.79416470603854,0.10791,438.2291886956989,1.507652032540957,3343.950553286383,3.243507716120953
compressed_hydrogen,BG,,solar,BG_H_solar_E,Italy,1,2024,567.86304,1888.7718183097131,2456.6348583097133,1.2992203468950578,221.43586699612143,0.2243190184904427,534.1870451495255,0.057024,165.0279618759741,0.5677502744372671,3377.2857323313347,2.1483136398227676
compressed_hydrogen,BG,,solar,BG_H_solar_E,Austria,1,2024,615.18496,1914.3921866621145,2529.5771466621145,1.2992203468950578,661.6247967655381,0.6692453781983527,538.2611322453193,0.020394,0.0,0.0,3729.463075672972,1.9888597250934106
compressed_hydrogen,BG,,solar,BG_H_solar_E,Finland,1,2024,638.8459200000001,2048.842527868422,2687.6884478684224,1.2992203468950578,330.87093754752107,0.3349318582779358,524.0621757932163,0.014256,84.17379169931907,0.2895854302171521,3626.795352908479,1.9379936353901457
compressed_hydrogen,BG,,solar,BG_H_solar_E,Portugal,1,2024,538.2868400000001,1728.206589925892,2266.493429925892,1.2992203468950578,155.78194980131548,0.1579585164365832,449.9162407146544,0.022176,83.19228091165398,0.2862087114312849,2955.383901353516,1.765563574762926
compressed_hydrogen,BG,,solar,BG_H_solar_E,Germany,1,2024,609.26972,1916.7949545185736,2526.064674518574,1.2992203468950578,338.61147577132436,0.3427557022258079,532.257371358345,0.0681119999999999,0.0,0.0,3396.9335216482436,1.7100880491208656
compressed_hydrogen,BG,,solar,BG_H_solar_E,Greece,1,2024,544.20208,1655.8005531969486,2200.0026331969484,1.2992203468950578,135.93126007286196,0.1378941883236556,472.5520016016286,0.06336,207.96156668982383,0.7154559458795628,3016.4474615612626,2.215930481098276
compressed_hydrogen,BG,,solar,BG_H_solar_E,France,1,2024,597.43924,1864.525603005136,2461.964843005136,1.2992203468950578,466.7437545570985,0.472266974558569,504.01384958439667,0.008712,0.0,0.0,3432.722447146631,1.780199321453627
compressed_hydrogen,BG,,solar,BG_H_solar_E,Brazil,1,2024,544.2020799999999,1784.9899001374831,2329.191980137483,1.2992203468950578,1251.7868275768665,1.2657588892134022,450.3760016016286,0.020394,401.054108609984,1.3797575734386005,4432.408917925962,3.9651308095470608
compressed_hydrogen,BG,,solar,BG_H_solar_E,United Kingdom,1,2024,629.9730599999999,1855.7245155271455,2485.6975755271455,1.2992203468950578,225.3250961844594,0.2282501045941831,579.3075344627548,0.041778,39.141495920120995,0.1346595740377326,3329.471702094481,1.7039080255269736
compressed_hydrogen,BG,,solar,BG_H_solar_E,Spain,1,2024,550.1173200000001,1709.8965777935136,2260.013897793514,1.2992203468950578,380.43443665151494,0.3850287728965696,456.7757624886029,0.028908,102.63757791846348,0.3531069060561896,3199.861674852096,2.066264025847817
compressed_hydrogen,BG,,solar,BG_H_solar_E,Sweden,1,2024,650.6764000000001,2164.353888937742,2815.0302889377417,1.2992203468950578,402.0181929118524,0.4068448192627633,522.1015400671648,0.007128,35.776788654559006,0.1230838783089108,3774.926810571318,1.8362770444667318
compressed_hydrogen,BG,,solar,BG_H_solar_E,Czech Republic,1,2024,538.2868400000001,1766.9664200321192,2305.253260032119,1.2992203468950578,629.9061828437772,0.6371854001462417,465.9542407146544,0.081972,0.0,0.0,3401.113683590551,2.0183777470412996
compressed_hydrogen,BG,,solar,BG_H_solar_E,Japan,1,2024,638.8459200000001,1984.9503339396877,2623.7962539396876,1.2992203468950578,157.72394129414766,0.1599214081566048,539.7041757932162,0.095436,833.4514813574708,2.86734624782239,4154.675852384522,4.421924002874053
compressed_hydrogen,BG,,solar,BG_H_solar_E,Belgium,1,2024,606.3121,1970.628678873085,2576.940778873085,1.2992203468950578,114.99418983520208,0.1167317877865259,525.196490914858,0.027324,0.0,0.0,3217.131459623145,1.4432761346815837
compressed_hydrogen,BG,,solar,BG_H_solar_E,Poland,1,2024,547.1597,1965.673798040673,2512.8334980406735,1.2992203468950578,194.5095199991873,0.1971028830100399,508.91688204511576,0.12177,62.656692278713074,0.2155595562848052,3278.9165923636897,1.8336527861899028
compressed_hydrogen,BG,,solar,BG_H_solar_E,India,1,2024,523.49874,1623.387131010245,2146.885871010245,1.2992203468950578,745.2048393846368,0.7537249313898133,433.8178384972189,0.140184,462.69609439147257,1.591826206817229,3788.604643283573,3.7849554851021
compressed_hydrogen,BG,,solar,BG_H_solar_E,Indonesia,1,2024,476.17682,1770.3999637230677,2246.5767837230674,1.2992203468950578,257.5424918161488,0.2608142323771918,385.78775140142506,0.127908,698.9061933326097,2.4044663616988187,3588.813220273251,4.092408940971068
compressed_hydrogen,BG,,solar,BG_H_solar_E,South Korea,1,2024,556.03256,1793.047109997899,2349.079669997899,1.2992203468950578,126.20181287878846,0.1280600302399958,457.03752337557705,0.081972,804.9676215432621,2.7693524348787184,3737.2866277955272,4.278604812013771
compressed_hydrogen,BG,,solar,BG_H_solar_E,China,1,2024,541.24446,1583.721700075186,2124.966160075186,1.2992203468950578,1422.9103352979398,1.4387240734825033,440.7411211581416,0.11088,775.044397997263,2.6664067389665513,4763.662014528531,5.515231159344112
compressed_hydrogen,BG,,solar,BG_H_solar_E,United Arab Emirates,1,2024,564.90542,1459.3632789239932,2024.2686989239933,1.2992203468950578,188.6948708838179,0.1912256550996622,462.77616470603857,0.075834,448.2487762488737,1.5421226975021984,3123.9885107627233,3.1084026994969185
compressed_hydrogen,BG,,solar,BG_H_solar_E,United States,1,2024,591.524,1759.106649152107,2350.630649152107,1.2992203468950578,1609.3398036046551,1.6271599451420615,490.8820886974225,0.076032,243.40674327863428,0.8373989700011273,4694.259284732819,3.8398112620382467
compressed_hydrogen,BG,,solar,BG_H_solar_E,Turkey,1,2024,541.24446,1728.5807872409218,2269.8252472409217,1.2992203468950578,174.60991317217503,0.176989111339773,452.0271211581416,0.09306,251.82230498134976,0.8663512603399688,3148.284586552588,2.4356207185748
compressed_hydrogen,BG,,solar,BG_H_solar_E,Australia,1,2024,606.3121,1688.96004165306,2295.27214165306,1.2992203468950578,1431.9328260410734,1.447843666662513,519.6524909148579,0.109296,711.0096984845694,2.446106386174443,4957.86715709356,5.302466399732014
compressed_hydrogen,BG,,solar,BG_H_solar_E,Malaysia,1,2024,517.5835,1627.7751163298906,2145.3586163298905,1.2992203468950578,131.0004864593708,0.132910348417587,429.3980776102447,0.119592,606.8719244722989,2.087838313887474,3312.629104871805,3.6395610092001185
compressed_hydrogen,BG,,solar,BG_H_solar_E,Canada,1,2024,603.3544800000001,1843.5848416049173,2446.9393216049175,1.2992203468950578,2038.38644093734,2.060824096108664,492.19761047137087,0.03465,220.5590432203636,0.7587953937896461,5198.082416233992,4.153489836793368
compressed_hydrogen,BG,,solar,BG_H_solar_E,Mexico,1,2024,520.5411200000001,1620.776917737656,2141.318037737656,1.2992203468950578,583.2052316904606,0.5899818409780763,448.1409580537317,0.10395,371.55625540529974,1.2782752909096788,3544.220482887148,3.2714274787828126
compressed_hydrogen,BG,,solar,BG_H_solar_E,Thailand,1,2024,526.45636,1584.8039687525118,2111.2603287525117,1.2992203468950578,202.49409307689865,0.2051733881796016,436.52271894070594,0.109692,673.7511657989664,2.3179248227780604,3424.028306569083,3.9320105578527196
compressed_hydrogen,BG,,solar,BG_H_solar_E,Russia,1,2024,558.99018,1721.7256369024751,2280.715816902475,1.2992203468950578,2493.0148831277284,2.5203453700975524,454.19840381906425,0.088902,90.31278201930088,0.3107055688852698,5318.241885868569,4.21917328587788
compressed_hydrogen,BG,,solar,BG_H_solar_E,Saudi Arabia,1,2024,564.90542,1528.1533086297704,2093.0587286297705,1.2992203468950578,512.660239354775,0.5186776247362443,454.4601647060385,0.109296,282.0653458951686,0.9703972328130612,3342.244478585753,2.8975912044443635
compressed_hydrogen,LTE,,solar,LTE_H_solar_E,South Africa,1,2024,684.35455,4111.526198274028,4795.880748274028,1.99911151034,438.1704908749996,0.4433861978391045,449.5806429320899,0.140382,516.6185633652943,1.7773371724148683,6200.2504454464115,4.360216880593972
compressed_hydrogen,LTE,,solar,LTE_H_solar_E,Taiwan,1,2024,673.3756,1984.115624215644,2657.4912242156443,1.99911151034,108.29765925058994,0.1099631873647823,458.4940016016286,0.125928,738.7164081925108,2.5414265480525833,3962.999293260373,4.776429245757365
compressed_hydrogen,LTE,,solar,LTE_H_solar_E,Switzerland,1,2024,808.78265,3570.491202547801,4379.273852547801,1.99911151034,492.6853966182634,0.4984878074476782,566.2965780106518,0.007326,0.0,0.0,5438.255827176716,2.504925317787678
compressed_hydrogen,LTE,,solar,LTE_H_solar_E,Singapore,1,2024,677.03525,3294.4683760126454,3971.503626012646,1.99911151034,6.688572663865257,0.0072605568557443,484.16688204511576,0.098802,614.9627108688618,2.1156732707326307,5077.321791590489,4.220847337928375
compressed_hydrogen,LTE,,solar,LTE_H_solar_E,Hungary,1,2024,658.737,4715.942671174783,5374.679671174783,1.99911151034,933.4787080320028,0.9440250533153642,455.1984798276802,0.036234,0.0,0.0,6763.356859034466,2.979370563655364
compressed_hydrogen,LTE,,solar,LTE_H_solar_E,Philippines,1,2024,655.07735,3150.9864571043245,3806.063807104325,1.99911151034,173.897979404711,0.1762695155523986,442.989599384193,0.121374,710.5073691115168,2.444378208499784,5133.458755004745,4.741133234392183
compressed_hydrogen,LTE,,solar,LTE_H_solar_E,Netherlands,1,2024,750.2282499999999,3338.6798648302865,4088.908114830286,1.99911151034,82.54212485506892,0.0839304650813442,519.454490914858,0.050094,0.0,0.0,4690.904730600213,2.1331359754213444
compressed_hydrogen,LTE,,solar,LTE_H_solar_E,Norway,1,2024,830.74055,5176.358882892243,6007.0994328922425,1.99911151034,383.8823986934868,0.3885138428199527,548.6678606715745,0.006138,43.22382785634779,0.1487041338249927,6982.873520113652,2.5424674869849455
compressed_hydrogen,LTE,,solar,LTE_H_solar_E,Oman,1,2024,698.9931499999999,2467.027285652779,3166.020435652779,1.99911151034,324.730500960653,0.328725336684938,480.79416470603854,0.10791,438.2291886956989,1.507652032540957,4409.774290015169,3.943398879565895
compressed_hydrogen,LTE,,solar,LTE_H_solar_E,Italy,1,2024,702.6528,3037.132917142673,3739.7857171426726,1.99911151034,221.43586699612143,0.2243190184904427,534.1870451495255,0.057024,165.0279618759741,0.5677502744372671,4660.4365911642935,2.84820480326771
compressed_hydrogen,LTE,,solar,LTE_H_solar_E,Austria,1,2024,761.2072,3522.370917320482,4283.578117320482,1.99911151034,661.6247967655381,0.6692453781983527,538.2611322453193,0.020394,0.0,0.0,5483.46404633134,2.6887508885383524
compressed_hydrogen,LTE,,solar,LTE_H_solar_E,Finland,1,2024,790.4843999999999,5153.426843408935,5943.911243408936,1.99911151034,330.87093754752107,0.3349318582779358,524.0621757932163,0.014256,84.17379169931907,0.2895854302171521,6883.018148448991,2.6378847988350875
compressed_hydrogen,LTE,,solar,LTE_H_solar_E,Portugal,1,2024,666.0563000000001,2566.9006830938433,3232.9569830938435,1.99911151034,155.78194980131548,0.1579585164365832,449.9162407146544,0.022176,83.19228091165398,0.2862087114312849,3921.8474545214676,2.465454738207868
compressed_hydrogen,LTE,,solar,LTE_H_solar_E,Germany,1,2024,753.8879000000001,3542.5824672351528,4296.4703672351525,1.99911151034,338.61147577132436,0.3427557022258079,532.257371358345,0.0681119999999999,0.0,0.0,5167.339214364822,2.4099792125658075
compressed_hydrogen,LTE,,solar,LTE_H_solar_E,Greece,1,2024,673.3756,2566.0246107288813,3239.400210728881,1.99911151034,135.93126007286196,0.1378941883236556,472.5520016016286,0.06336,207.96156668982383,0.7154559458795628,4055.8450390931957,2.915821644543218
compressed_hydrogen,LTE,,solar,LTE_H_solar_E,France,1,2024,739.2493,2837.747903731147,3576.997203731147,1.99911151034,466.7437545570985,0.472266974558569,504.01384958439667,0.008712,0.0,0.0,4547.754807872641,2.480090484898569
compressed_hydrogen,LTE,,solar,LTE_H_solar_E,Brazil,1,2024,673.3756,3262.817885395393,3936.193485395393,1.99911151034,1251.7868275768665,1.2657588892134022,450.3760016016286,0.020394,401.054108609984,1.3797575734386005,6039.410423183872,4.665021972992003
compressed_hydrogen,LTE,,solar,LTE_H_solar_E,United Kingdom,1,2024,779.50545,3860.448612999855,4639.954062999855,1.99911151034,225.3250961844594,0.2282501045941831,579.3075344627548,0.041778,39.141495920120995,0.1346595740377326,5483.72818956719,2.4037991889719152
compressed_hydrogen,LTE,,solar,LTE_H_solar_E,Spain,1,2024,680.6949,2182.716677169285,2863.411577169285,1.99911151034,380.43443665151494,0.3850287728965696,456.7757624886029,0.028908,102.63757791846348,0.3531069060561896,3803.259354227867,2.766155189292759
compressed_hydrogen,LTE,,solar,LTE_H_solar_E,Sweden,1,2024,805.1230000000002,5159.68554761647,5964.808547616471,1.99911151034,402.0181929118524,0.4068448192627633,522.1015400671648,0.007128,35.776788654559006,0.1230838783089108,6924.705069250047,2.5361682079116736
compressed_hydrogen,LTE,,solar,LTE_H_solar_E,Czech Republic,1,2024,666.0563000000001,3478.4175797693965,4144.473879769396,1.99911151034,629.9061828437772,0.6371854001462417,465.9542407146544,0.081972,0.0,0.0,5240.334303327828,2.7182689104862416
compressed_hydrogen,LTE,,solar,LTE_H_solar_E,Japan,1,2024,790.4843999999999,5647.198415765567,6437.682815765567,1.99911151034,157.72394129414766,0.1599214081566048,539.7041757932162,0.095436,833.4514813574708,2.86734624782239,7968.5624142104025,5.121815166318995
compressed_hydrogen,LTE,,solar,LTE_H_solar_E,Belgium,1,2024,750.2282499999999,5032.34943170997,5782.57768170997,1.99911151034,114.99418983520208,0.1167317877865259,525.196490914858,0.027324,0.0,0.0,6422.76836246003,2.1431672981265257
compressed_hydrogen,LTE,,solar,LTE_H_solar_E,Poland,1,2024,677.03525,6078.821612613578,6755.8568626135775,1.99911151034,194.5095199991873,0.1971028830100399,508.91688204511576,0.12177,62.656692278713074,0.2155595562848052,7521.939956936594,2.5335439496348453
compressed_hydrogen,LTE,,solar,LTE_H_solar_E,India,1,2024,647.75805,2642.0647640214047,3289.8228140214046,1.99911151034,745.2048393846368,0.7537249313898133,433.8178384972189,0.140184,462.69609439147257,1.591826206817229,4931.541586294733,4.484846648547042
compressed_hydrogen,LTE,,solar,LTE_H_solar_E,Indonesia,1,2024,589.2036499999999,3792.718680119152,4381.922330119152,1.99911151034,257.5424918161488,0.2608142323771918,385.78775140142506,0.127908,698.9061933326097,2.4044663616988187,5724.158766669336,4.792300104416011
compressed_hydrogen,LTE,,solar,LTE_H_solar_E,South Korea,1,2024,688.0142000000001,3734.078070188223,4422.092270188223,1.99911151034,126.20181287878846,0.1280600302399958,457.03752337557705,0.081972,804.9676215432621,2.7693524348787184,5810.29922798585,4.9784959754587135
compressed_hydrogen,LTE,,solar,LTE_H_solar_E,China,1,2024,669.71595,1974.9564879276704,2644.67243792767,1.99911151034,1422.9103352979398,1.4387240734825033,440.7411211581416,0.11088,775.044397997263,2.6664067389665513,5283.368292381015,6.215122322789054
compressed_hydrogen,LTE,,solar,LTE_H_solar_E,United Arab Emirates,1,2024,698.9931499999999,1456.6311596007793,2155.6243096007793,1.99911151034,188.6948708838179,0.1912256550996622,462.77616470603857,0.075834,448.2487762488737,1.5421226975021984,3255.3441214395098,3.80829386294186
compressed_hydrogen,LTE,,solar,LTE_H_solar_E,United States,1,2024,731.93,3223.4791811801297,3955.4091811801295,1.99911151034,1609.3398036046551,1.6271599451420615,490.8820886974225,0.076032,243.40674327863428,0.8373989700011273,6299.037816760841,4.539702425483188
compressed_hydrogen,LTE,,solar,LTE_H_solar_E,Turkey,1,2024,669.71595,4524.798524505853,5194.514474505852,1.99911151034,174.60991317217503,0.176989111339773,452.0271211581416,0.09306,251.82230498134976,0.8663512603399688,6072.973813817518,3.135511882019742
compressed_hydrogen,LTE,,solar,LTE_H_solar_E,Australia,1,2024,750.2282499999999,1967.9242607656672,2718.152510765667,1.99911151034,1431.9328260410734,1.447843666662513,519.6524909148579,0.109296,711.0096984845694,2.446106386174443,5380.747526206167,6.002357563176956
compressed_hydrogen,LTE,,solar,LTE_H_solar_E,Malaysia,1,2024,640.4387499999999,3362.03480921527,4002.4735592152697,1.99911151034,131.0004864593708,0.132910348417587,429.3980776102447,0.119592,606.8719244722989,2.087838313887474,5169.744047757184,4.339452172645061
compressed_hydrogen,LTE,,solar,LTE_H_solar_E,Canada,1,2024,746.5686000000001,5148.496537493322,5895.065137493322,1.99911151034,2038.38644093734,2.060824096108664,492.19761047137087,0.03465,220.5590432203636,0.7587953937896461,8646.208232122397,4.85338100023831
compressed_hydrogen,LTE,,solar,LTE_H_solar_E,Mexico,1,2024,644.0984000000001,3553.0119547020336,4197.110354702034,1.99911151034,583.2052316904606,0.5899818409780763,448.1409580537317,0.10395,371.55625540529974,1.2782752909096788,5600.012799851526,3.971318642227755
compressed_hydrogen,LTE,,solar,LTE_H_solar_E,Thailand,1,2024,651.4177,2764.176714787721,3415.594414787721,1.99911151034,202.49409307689865,0.2051733881796016,436.52271894070594,0.109692,673.7511657989664,2.3179248227780604,4728.362392604292,4.631901721297662
compressed_hydrogen,LTE,,solar,LTE_H_solar_E,Russia,1,2024,691.67385,5078.779770590567,5770.453620590567,1.99911151034,2493.0148831277284,2.5203453700975524,454.19840381906425,0.088902,90.31278201930088,0.3107055688852698,8807.97968955666,4.919064449322822
compressed_hydrogen,LTE,,solar,LTE_H_solar_E,Saudi Arabia,1,2024,698.9931499999999,2427.8264636257672,3126.819613625767,1.99911151034,512.660239354775,0.5186776247362443,454.4601647060385,0.109296,282.0653458951686,0.9703972328130612,4376.005363581749,3.597482367889305
compressed_hydrogen,SMR,,solar,SMR_H_solar_E,South Africa,1,2024,340.32213148874445,903.9664697976845,1244.288601286429,10.628062087093332,438.1704908749996,0.4433861978391045,449.5806429320899,0.140382,516.6185633652943,1.7773371724148683,2648.658298458813,12.989167457347307
compressed_hydrogen,SMR,,solar,SMR_H_solar_E,Taiwan,1,2024,334.8624181493528,1894.9766744676597,2229.8390926170123,10.628062087093332,108.29765925058994,0.1099631873647823,458.4940016016286,0.125928,738.7164081925108,2.5414265480525833,3535.347161661741,13.405379822510696
compressed_hydrogen,SMR,,solar,SMR_H_solar_E,Switzerland,1,2024,402.1988826685161,8000.868280146021,8403.067162814537,10.628062087093332,492.6853966182634,0.4984878074476782,566.2965780106518,0.007326,0.0,0.0,9462.049137443451,11.13387589454101
compressed_hydrogen,SMR,,solar,SMR_H_solar_E,Singapore,1,2024,336.68232259581663,8630.866568745789,8967.548891341605,10.628062087093332,6.688572663865257,0.0072605568557443,484.16688204511576,0.098802,614.9627108688618,2.1156732707326307,10073.367056919447,12.849797914681705
compressed_hydrogen,SMR,,solar,SMR_H_solar_E,Hungary,1,2024,327.5828003634973,3312.755154432355,3640.337954795853,10.628062087093332,933.4787080320028,0.9440250533153642,455.1984798276802,0.036234,0.0,0.0,5029.015142655536,11.608321140408696
compressed_hydrogen,SMR,,solar,SMR_H_solar_E,Philippines,1,2024,325.76289591703346,1918.4355368342567,2244.19843275129,10.628062087093332,173.897979404711,0.1762695155523986,442.989599384193,0.121374,710.5073691115168,2.444378208499784,3571.5933806517105,13.370083811145513
compressed_hydrogen,SMR,,solar,SMR_H_solar_E,Netherlands,1,2024,373.0804115250941,5500.034597241594,5873.115008766688,10.628062087093332,82.54212485506892,0.0839304650813442,519.454490914858,0.050094,0.0,0.0,6475.111624536616,10.762086552174676
compressed_hydrogen,SMR,,solar,SMR_H_solar_E,Norway,1,2024,413.11830934729943,4196.5404176268685,4609.658726974168,10.628062087093332,383.8823986934868,0.3885138428199527,548.6678606715745,0.006138,43.22382785634779,0.1487041338249927,5585.432814195577,11.171418063738276
compressed_hydrogen,SMR,,solar,SMR_H_solar_E,Oman,1,2024,347.60174927459997,415.77280145386896,763.3745507284689,10.628062087093332,324.730500960653,0.328725336684938,480.79416470603854,0.10791,438.2291886956989,1.507652032540957,2007.1284050908594,12.572349456319227
compressed_hydrogen,SMR,,solar,SMR_H_solar_E,Italy,1,2024,349.42165372106376,6101.681399663045,6451.103053384109,10.628062087093332,221.43586699612143,0.2243190184904427,534.1870451495255,0.057024,165.0279618759741,0.5677502744372671,7371.75392740573,11.477155380021042
compressed_hydrogen,SMR,,solar,SMR_H_solar_E,Austria,1,2024,378.5401248644858,5190.742752295183,5569.282877159669,10.628062087093332,661.6247967655381,0.6692453781983527,538.2611322453193,0.020394,0.0,0.0,6769.168806170526,11.317701465291684
compressed_hydrogen,SMR,,solar,SMR_H_solar_E,Finland,1,2024,393.0993604361968,5631.844674674137,6024.944035110334,10.628062087093332,330.87093754752107,0.3349318582779358,524.0621757932163,0.014256,84.17379169931907,0.2895854302171521,6964.05094015039,11.266835375588418
compressed_hydrogen,SMR,,solar,SMR_H_solar_E,Portugal,1,2024,331.22260925642513,4742.771819128368,5073.9944283847935,10.628062087093332,155.78194980131548,0.1579585164365832,449.9162407146544,0.022176,83.19228091165398,0.2862087114312849,5762.884899812417,11.0944053149612
compressed_hydrogen,SMR,,solar,SMR_H_solar_E,Germany,1,2024,374.900315971558,4843.740781821367,5218.6410977929245,10.628062087093332,338.61147577132436,0.3427557022258079,532.257371358345,0.0681119999999999,0.0,0.0,6089.509944922594,11.03892978931914
compressed_hydrogen,SMR,,solar,SMR_H_solar_E,Greece,1,2024,334.8624181493528,2629.135413335877,2963.9978314852297,10.628062087093332,135.93126007286196,0.1378941883236556,472.5520016016286,0.06336,207.96156668982383,0.7154559458795628,3780.442659849544,11.544772221296551
compressed_hydrogen,SMR,,solar,SMR_H_solar_E,France,1,2024,367.6206981857025,5326.659060215282,5694.279758400984,10.628062087093332,466.7437545570985,0.472266974558569,504.01384958439667,0.008712,0.0,0.0,6665.037362542479,11.109041061651899
compressed_hydrogen,SMR,,solar,SMR_H_solar_E,Brazil,1,2024,334.8624181493528,5231.715813219508,5566.5782313688605,10.628062087093332,1251.7868275768665,1.2657588892134022,450.3760016016286,0.020394,401.054108609984,1.3797575734386005,7669.795169157339,13.293972549745334
compressed_hydrogen,SMR,,solar,SMR_H_solar_E,United Kingdom,1,2024,387.6396470968051,4027.141583796343,4414.781230893148,10.628062087093332,225.3250961844594,0.2282501045941831,579.3075344627548,0.041778,39.141495920120995,0.1346595740377326,5258.555357460484,11.032749765725248
compressed_hydrogen,SMR,,solar,SMR_H_solar_E,Spain,1,2024,338.5022270422805,3904.392274686369,4242.89450172865,10.628062087093332,380.43443665151494,0.3850287728965696,456.7757624886029,0.028908,102.63757791846348,0.3531069060561896,5182.742278787231,11.395105766046091
compressed_hydrogen,SMR,,solar,SMR_H_solar_E,Sweden,1,2024,400.37897822205224,8192.597603902894,8592.976582124946,10.628062087093332,402.0181929118524,0.4068448192627633,522.1015400671648,0.007128,35.776788654559006,0.1230838783089108,9552.87310375852,11.165118784665006
compressed_hydrogen,SMR,,solar,SMR_H_solar_E,Czech Republic,1,2024,331.22260925642513,4044.0891191640753,4375.3117284205,10.628062087093332,629.9061828437772,0.6371854001462417,465.9542407146544,0.081972,0.0,0.0,5471.172151978932,11.347219487239574
compressed_hydrogen,SMR,,solar,SMR_H_solar_E,Japan,1,2024,393.0993604361968,4352.9899963447615,4746.089356780958,10.628062087093332,157.72394129414766,0.1599214081566048,539.7041757932162,0.095436,833.4514813574708,2.86734624782239,6276.968955225793,13.750765743072325
compressed_hydrogen,SMR,,solar,SMR_H_solar_E,Belgium,1,2024,373.0804115250941,3291.9957500053843,3665.076161530478,10.628062087093332,114.99418983520208,0.1167317877865259,525.196490914858,0.027324,0.0,0.0,4305.266842280538,10.772117874879857
compressed_hydrogen,SMR,,solar,SMR_H_solar_E,Poland,1,2024,336.68232259581663,4657.148730035511,4993.831052631328,10.628062087093332,194.5095199991873,0.1971028830100399,508.91688204511576,0.12177,62.656692278713074,0.2155595562848052,5759.914146954345,11.162494526388176
compressed_hydrogen,SMR,,solar,SMR_H_solar_E,India,1,2024,322.12308702410564,2938.424018311094,3260.5471053352,10.628062087093332,745.2048393846368,0.7537249313898133,433.8178384972189,0.140184,462.69609439147257,1.591826206817229,4902.265877608528,13.113797225300374
compressed_hydrogen,SMR,,solar,SMR_H_solar_E,Indonesia,1,2024,293.0046158806837,4662.17696594465,4955.1815818253335,10.628062087093332,257.5424918161488,0.2608142323771918,385.78775140142506,0.127908,698.9061933326097,2.4044663616988187,6297.418018375518,13.42125068116934
compressed_hydrogen,SMR,,solar,SMR_H_solar_E,South Korea,1,2024,342.1420359352083,3392.502966103819,3734.645002039027,10.628062087093332,126.20181287878846,0.1280600302399958,457.03752337557705,0.081972,804.9676215432621,2.7693524348787184,5122.851959836655,13.607446552212046
compressed_hydrogen,SMR,,solar,SMR_H_solar_E,China,1,2024,333.042513702889,2882.200286700932,3215.242800403821,10.628062087093332,1422.9103352979398,1.4387240734825033,440.7411211581416,0.11088,775.044397997263,2.6664067389665513,5853.9386548571665,14.844072899542386
compressed_hydrogen,SMR,,solar,SMR_H_solar_E,United Arab Emirates,1,2024,347.60174927459997,341.60071360730234,689.2024628819023,10.628062087093332,188.6948708838179,0.1912256550996622,462.77616470603857,0.075834,448.2487762488737,1.5421226975021984,1788.9222747206322,12.437244439695194
compressed_hydrogen,SMR,,solar,SMR_H_solar_E,United States,1,2024,363.9808892927748,1972.5552384964403,2336.5361277892152,10.628062087093332,1609.3398036046551,1.6271599451420615,490.8820886974225,0.076032,243.40674327863428,0.8373989700011273,4680.164763369927,13.16865300223652
compressed_hydrogen,SMR,,solar,SMR_H_solar_E,Turkey,1,2024,333.042513702889,1839.1553386271555,2172.197852330045,10.628062087093332,174.60991317217503,0.176989111339773,452.0271211581416,0.09306,251.82230498134976,0.8663512603399688,3050.657191641711,11.764462458773073
compressed_hydrogen,SMR,,solar,SMR_H_solar_E,Australia,1,2024,373.0804115250941,2433.0746938689467,2806.1551053940407,10.628062087093332,1431.9328260410734,1.447843666662513,519.6524909148579,0.109296,711.0096984845694,2.446106386174443,5468.750120834542,14.631308139930287
compressed_hydrogen,SMR,,solar,SMR_H_solar_E,Malaysia,1,2024,318.48327813117794,1663.1914968266549,1981.6747749578328,10.628062087093332,131.0004864593708,0.132910348417587,429.3980776102447,0.119592,606.8719244722989,2.087838313887474,3148.9452634997474,12.968402749398393
compressed_hydrogen,SMR,,solar,SMR_H_solar_E,Canada,1,2024,371.2605070786302,1413.7826369885338,1785.043144067164,10.628062087093332,2038.38644093734,2.060824096108664,492.19761047137087,0.03465,220.5590432203636,0.7587953937896461,4536.186238696238,13.48233157699164
compressed_hydrogen,SMR,,solar,SMR_H_solar_E,Mexico,1,2024,320.3031825776418,1087.4486094849044,1407.7517920625462,10.628062087093332,583.2052316904606,0.5899818409780763,448.1409580537317,0.10395,371.55625540529974,1.2782752909096788,2810.6542372120384,12.600269218981087
compressed_hydrogen,SMR,,solar,SMR_H_solar_E,Thailand,1,2024,323.9429914705696,1751.000701676002,2074.9436931465716,10.628062087093332,202.49409307689865,0.2051733881796016,436.52271894070594,0.109692,673.7511657989664,2.3179248227780604,3387.7116709631428,13.260852298050994
compressed_hydrogen,SMR,,solar,SMR_H_solar_E,Russia,1,2024,343.96194038167215,871.1679824938893,1215.1299228755615,10.628062087093332,2493.0148831277284,2.5203453700975524,454.19840381906425,0.088902,90.31278201930088,0.3107055688852698,4252.655991841655,13.548015026076154
compressed_hydrogen,SMR,,solar,SMR_H_solar_E,Saudi Arabia,1,2024,347.60174927459997,406.8916226943226,754.4933719689226,10.628062087093332,512.660239354775,0.5186776247362443,454.4601647060385,0.109296,282.0653458951686,0.9703972328130612,2003.6791219249046,12.226432944642637
compressed_hydrogen,SMRCCS,,solar,SMRCCS_H_solar_E,South Africa,1,2024,613.6587058200857,1202.0347624508584,1815.693468270944,2.034099976934759,438.1704908749996,0.4433861978391045,449.5806429320899,0.140382,516.6185633652943,1.7773371724148683,3220.063165443328,4.395205347188732
compressed_hydrogen,SMRCCS,,solar,SMRCCS_H_solar_E,Taiwan,1,2024,603.8139137481056,2459.281607780582,3063.0955215286876,2.034099976934759,108.29765925058994,0.1099631873647823,458.4940016016286,0.125928,738.7164081925108,2.5414265480525833,4368.603590573417,4.8114177123521245
compressed_hydrogen,SMRCCS,,solar,SMRCCS_H_solar_E,Switzerland,1,2024,725.2330159691923,10323.54868878458,11048.781704753772,2.034099976934759,492.6853966182634,0.4984878074476782,566.2965780106518,0.007326,0.0,0.0,12107.763679382686,2.5399137843824375
compressed_hydrogen,SMRCCS,,solar,SMRCCS_H_solar_E,Singapore,1,2024,607.0955111054325,11130.453821731691,11737.549332837125,2.034099976934759,6.688572663865257,0.0072605568557443,484.16688204511576,0.098802,614.9627108688618,2.1156732707326307,12843.367498414967,4.255835804523134
compressed_hydrogen,SMRCCS,,solar,SMRCCS_H_solar_E,Hungary,1,2024,590.6875243187991,4301.589995394464,4892.277519713262,2.034099976934759,933.4787080320028,0.9440250533153642,455.1984798276802,0.036234,0.0,0.0,6280.954707572945,3.0143590302501235
compressed_hydrogen,SMRCCS,,solar,SMRCCS_H_solar_E,Philippines,1,2024,587.4059269614725,2498.1647204393103,3085.570647400783,2.034099976934759,173.897979404711,0.1762695155523986,442.989599384193,0.121374,710.5073691115168,2.444378208499784,4412.965595301203,4.776121700986941
compressed_hydrogen,SMRCCS,,solar,SMRCCS_H_solar_E,Netherlands,1,2024,672.7274582519656,7107.069952532947,7779.797410784913,2.034099976934759,82.54212485506892,0.0839304650813442,519.454490914858,0.050094,0.0,0.0,8381.79402655484,2.1681244420161034
compressed_hydrogen,SMRCCS,,solar,SMRCCS_H_solar_E,Norway,1,2024,744.9226001131523,5444.066533166978,6188.98913328013,2.034099976934759,383.8823986934868,0.3885138428199527,548.6678606715745,0.006138,43.22382785634779,0.1487041338249927,7164.763220501539,2.5774559535797046
compressed_hydrogen,SMRCCS,,solar,SMRCCS_H_solar_E,Oman,1,2024,626.7850952493924,564.428751309582,1191.2138465589744,2.034099976934759,324.730500960653,0.328725336684938,480.79416470603854,0.10791,438.2291886956989,1.507652032540957,2434.9677009213647,3.9783873461606545
compressed_hydrogen,SMRCCS,,solar,SMRCCS_H_solar_E,Italy,1,2024,630.066692606719,7875.843044513358,8505.909737120077,2.034099976934759,221.43586699612143,0.2243190184904427,534.1870451495255,0.057024,165.0279618759741,0.5677502744372671,9426.560611141698,2.8831932698624696
compressed_hydrogen,SMRCCS,,solar,SMRCCS_H_solar_E,Austria,1,2024,682.5722503239457,6709.487428235966,7392.059678559912,2.034099976934759,661.6247967655381,0.6692453781983527,538.2611322453193,0.020394,0.0,0.0,8591.94560757077,2.723739355133112
compressed_hydrogen,SMRCCS,,solar,SMRCCS_H_solar_E,Finland,1,2024,708.825029182559,7289.501766364448,7998.326795547007,2.034099976934759,330.87093754752107,0.3349318582779358,524.0621757932163,0.014256,84.17379169931907,0.2895854302171521,8937.433700587064,2.672873265429847
compressed_hydrogen,SMRCCS,,solar,SMRCCS_H_solar_E,Portugal,1,2024,597.2507190334525,6128.304775328037,6725.55549436149,2.034099976934759,155.78194980131548,0.1579585164365832,449.9162407146544,0.022176,83.19228091165398,0.2862087114312849,7414.445965789114,2.500443204802627
compressed_hydrogen,SMRCCS,,solar,SMRCCS_H_solar_E,Germany,1,2024,676.0090556092923,6265.412387902133,6941.4214435114245,2.034099976934759,338.61147577132436,0.3427557022258079,532.257371358345,0.0681119999999999,0.0,0.0,7812.290290641094,2.444967679160567
compressed_hydrogen,SMRCCS,,solar,SMRCCS_H_solar_E,Greece,1,2024,603.8139137481057,3408.214776701517,4012.028690449623,2.034099976934759,135.93126007286196,0.1378941883236556,472.5520016016286,0.06336,207.96156668982383,0.7154559458795628,4828.4735188139375,2.9508101111379776
compressed_hydrogen,SMRCCS,,solar,SMRCCS_H_solar_E,France,1,2024,662.8826661799856,6879.82299381816,7542.705659998146,2.034099976934759,466.7437545570985,0.472266974558569,504.01384958439667,0.008712,0.0,0.0,8513.463264139642,2.515078951493328
compressed_hydrogen,SMRCCS,,solar,SMRCCS_H_solar_E,Brazil,1,2024,603.8139137481056,6759.775497867083,7363.5894116151885,2.034099976934759,1251.7868275768665,1.2657588892134022,450.3760016016286,0.020394,401.054108609984,1.3797575734386005,9466.806349403669,4.700010439586762
compressed_hydrogen,SMRCCS,,solar,SMRCCS_H_solar_E,United Kingdom,1,2024,698.9802371105789,5217.708309418535,5916.688546529113,2.034099976934759,225.3250961844594,0.2282501045941831,579.3075344627548,0.041778,39.141495920120995,0.1346595740377326,6760.462673096449,2.4387876555666748
compressed_hydrogen,SMRCCS,,solar,SMRCCS_H_solar_E,Spain,1,2024,610.3771084627591,5047.290481342583,5657.667589805342,2.034099976934759,380.43443665151494,0.3850287728965696,456.7757624886029,0.028908,102.63757791846348,0.3531069060561896,6597.515366863923,2.8011436558875182
compressed_hydrogen,SMRCCS,,solar,SMRCCS_H_solar_E,Sweden,1,2024,721.9514186118656,10582.466163666217,11304.41758227808,2.034099976934759,402.0181929118524,0.4068448192627633,522.1015400671648,0.007128,35.776788654559006,0.1230838783089108,12264.314103911654,2.571156674506433
compressed_hydrogen,SMRCCS,,solar,SMRCCS_H_solar_E,Czech Republic,1,2024,597.2507190334525,5238.395364845924,5835.646083879376,2.034099976934759,629.9061828437772,0.6371854001462417,465.9542407146544,0.081972,0.0,0.0,6931.506507437808,2.7532573770810007
compressed_hydrogen,SMRCCS,,solar,SMRCCS_H_solar_E,Japan,1,2024,708.825029182559,5645.032580422295,6353.857609604854,2.034099976934759,157.72394129414766,0.1599214081566048,539.7041757932162,0.095436,833.4514813574708,2.86734624782239,7884.737208049689,5.156803632913753
compressed_hydrogen,SMRCCS,,solar,SMRCCS_H_solar_E,Belgium,1,2024,672.7274582519656,4277.624415463671,4950.351873715636,2.034099976934759,114.99418983520208,0.1167317877865259,525.196490914858,0.027324,0.0,0.0,5590.542554465696,2.1781557647212852
compressed_hydrogen,SMRCCS,,solar,SMRCCS_H_solar_E,Poland,1,2024,607.0955111054325,6040.966643326131,6648.062154431564,2.034099976934759,194.5095199991873,0.1971028830100399,508.91688204511576,0.12177,62.656692278713074,0.2155595562848052,7414.14524875458,2.5685324162296044
compressed_hydrogen,SMRCCS,,solar,SMRCCS_H_solar_E,India,1,2024,580.8427322468192,3805.503048859306,4386.345781106125,2.034099976934759,745.2048393846368,0.7537249313898133,433.8178384972189,0.140184,462.69609439147257,1.591826206817229,6028.064553379454,4.5198351151418015
compressed_hydrogen,SMRCCS,,solar,SMRCCS_H_solar_E,Indonesia,1,2024,528.3371745295925,6029.051387976519,6557.388562506112,2.034099976934759,257.5424918161488,0.2608142323771918,385.78775140142506,0.127908,698.9061933326097,2.4044663616988187,7899.624999056296,4.8272885710107705
compressed_hydrogen,SMRCCS,,solar,SMRCCS_H_solar_E,South Korea,1,2024,616.9403031774124,4395.595483005847,5012.53578618326,2.034099976934759,126.20181287878846,0.1280600302399958,457.03752337557705,0.081972,804.9676215432621,2.7693524348787184,6400.742743980887,5.013484442053473
compressed_hydrogen,SMRCCS,,solar,SMRCCS_H_solar_E,China,1,2024,600.5323163907791,3729.410746484573,4329.943062875352,2.034099976934759,1422.9103352979398,1.4387240734825033,440.7411211581416,0.11088,775.044397997263,2.6664067389665513,6968.638917328696,6.250110789383814
compressed_hydrogen,SMRCCS,,solar,SMRCCS_H_solar_E,United Arab Emirates,1,2024,626.7850952493924,461.56966261392984,1088.3547578633222,2.034099976934759,188.6948708838179,0.1912256550996622,462.77616470603857,0.075834,448.2487762488737,1.5421226975021984,2188.0745697020525,3.8432823295366196
compressed_hydrogen,SMRCCS,,solar,SMRCCS_H_solar_E,United States,1,2024,656.3194714653323,2568.933076652333,3225.252548117666,2.034099976934759,1609.3398036046551,1.6271599451420615,490.8820886974225,0.076032,243.40674327863428,0.8373989700011273,5568.881183698378,4.574690892077948
compressed_hydrogen,SMRCCS,,solar,SMRCCS_H_solar_E,Turkey,1,2024,600.5323163907791,2404.694613170647,3005.226929561426,2.034099976934759,174.60991317217503,0.176989111339773,452.0271211581416,0.09306,251.82230498134976,0.8663512603399688,3883.686268873092,3.1705003486145005
compressed_hydrogen,SMRCCS,,solar,SMRCCS_H_solar_E,Australia,1,2024,672.7274582519656,3154.993084790464,3827.720543042429,2.034099976934759,1431.9328260410734,1.447843666662513,519.6524909148579,0.109296,711.0096984845694,2.446106386174443,6490.315558482929,6.037346029771715
compressed_hydrogen,SMRCCS,,solar,SMRCCS_H_solar_E,Malaysia,1,2024,574.2795375321658,2170.081520013654,2744.3610575458197,2.034099976934759,131.0004864593708,0.132910348417587,429.3980776102447,0.119592,606.8719244722989,2.087838313887474,3911.631546087734,4.37444063923982
compressed_hydrogen,SMRCCS,,solar,SMRCCS_H_solar_E,Canada,1,2024,669.4458608946389,1863.9878769960335,2533.4337378906725,2.034099976934759,2038.38644093734,2.060824096108664,492.19761047137087,0.03465,220.5590432203636,0.7587953937896461,5284.576832519748,4.888369466833069
compressed_hydrogen,SMRCCS,,solar,SMRCCS_H_solar_E,Mexico,1,2024,577.5611348894925,1431.735789750002,2009.2969246394944,2.034099976934759,583.2052316904606,0.5899818409780763,448.1409580537317,0.10395,371.55625540529974,1.2782752909096788,3412.1993697889866,4.006307108822515
compressed_hydrogen,SMRCCS,,solar,SMRCCS_H_solar_E,Thailand,1,2024,584.1243296041458,2279.9829509142746,2864.1072805184203,2.034099976934759,202.49409307689865,0.2051733881796016,436.52271894070594,0.109692,673.7511657989664,2.3179248227780604,4176.8752583349915,4.666890187892421
compressed_hydrogen,SMRCCS,,solar,SMRCCS_H_solar_E,Russia,1,2024,620.2219005347391,1164.0897493935993,1784.3116499283385,2.034099976934759,2493.0148831277284,2.5203453700975524,454.19840381906425,0.088902,90.31278201930088,0.3107055688852698,4821.837718894432,4.954052915917582
compressed_hydrogen,SMRCCS,,solar,SMRCCS_H_solar_E,Saudi Arabia,1,2024,626.7850952493924,551.9046110007805,1178.689706250173,2.034099976934759,512.660239354775,0.5186776247362443,454.4601647060385,0.109296,282.0653458951686,0.9703972328130612,2427.8754562061554,3.6324708344840646
compressed_hydrogen,ATRCCS,,wind,ATRCCS_H_wind_E,South Africa,1,2024,527.6615847731491,976.8661983042252,1504.5277830773744,1.323654114632564,438.1704908749996,0.4433861978391045,449.5806429320899,0.140382,516.6185633652943,1.7773371724148683,2908.8974802497582,3.684759484886537
compressed_hydrogen,ATRCCS,,wind,ATRCCS_H_wind_E,Taiwan,1,2024,519.1964256591414,2099.046852842755,2618.2432785018964,1.323654114632564,108.29765925058994,0.1099631873647823,458.4940016016286,0.125928,738.7164081925108,2.5414265480525833,3923.7513475466253,4.1009718500499295
compressed_hydrogen,ATRCCS,,wind,ATRCCS_H_wind_E,Switzerland,1,2024,623.6000547319036,8831.570708268493,9455.170763000397,1.323654114632564,492.6853966182634,0.4984878074476782,566.2965780106518,0.007326,0.0,0.0,10514.15273762931,1.8294679220802421
compressed_hydrogen,ATRCCS,,wind,ATRCCS_H_wind_E,Singapore,1,2024,522.0181453638106,9735.53943124635,10257.55757661016,1.323654114632564,6.688572663865257,0.0072605568557443,484.16688204511576,0.098802,614.9627108688618,2.1156732707326307,11363.375742188002,3.5453899422209387
compressed_hydrogen,ATRCCS,,wind,ATRCCS_H_wind_E,Hungary,1,2024,507.9095468404644,3563.460090609118,4071.3696374495826,1.323654114632564,933.4787080320028,0.9440250533153642,455.1984798276802,0.036234,0.0,0.0,5460.046825309265,2.303913167947928
compressed_hydrogen,ATRCCS,,wind,ATRCCS_H_wind_E,Philippines,1,2024,505.0878271357951,2222.548630238472,2727.636457374267,1.323654114632564,173.897979404711,0.1762695155523986,442.989599384193,0.121374,710.5073691115168,2.444378208499784,4055.0314052746876,4.065675838684747
compressed_hydrogen,ATRCCS,,wind,ATRCCS_H_wind_E,Netherlands,1,2024,578.4525394571956,6033.300694314964,6611.75323377216,1.323654114632564,82.54212485506892,0.0839304650813442,519.454490914858,0.050094,0.0,0.0,7213.749849542087,1.4576785797139082
compressed_hydrogen,ATRCCS,,wind,ATRCCS_H_wind_E,Norway,1,2024,640.530372959919,4446.223820670006,5086.754193629925,1.323654114632564,383.8823986934868,0.3885138428199527,548.6678606715745,0.006138,43.22382785634779,0.1487041338249927,6062.528280851334,1.8670100912775096
compressed_hydrogen,ATRCCS,,wind,ATRCCS_H_wind_E,Oman,1,2024,538.9484635918261,573.5344653149434,1112.4829289067695,1.323654114632564,324.730500960653,0.328725336684938,480.79416470603854,0.10791,438.2291886956989,1.507652032540957,2356.23678326916,3.2679414838584586
compressed_hydrogen,ATRCCS,,wind,ATRCCS_H_wind_E,Italy,1,2024,541.7701832964954,6780.120040724615,7321.89022402111,1.323654114632564,221.43586699612143,0.2243190184904427,534.1870451495255,0.057024,165.0279618759741,0.5677502744372671,8242.54109804273,2.1727474075602737
compressed_hydrogen,ATRCCS,,wind,ATRCCS_H_wind_E,Austria,1,2024,586.9176985712033,5707.064164230338,6293.981862801542,1.323654114632564,661.6247967655381,0.6692453781983527,538.2611322453193,0.020394,0.0,0.0,7493.867791812399,2.0132934928309165
compressed_hydrogen,ATRCCS,,wind,ATRCCS_H_wind_E,Finland,1,2024,609.4914562085573,6044.8807677777,6654.372223986258,1.323654114632564,330.87093754752107,0.3349318582779358,524.0621757932163,0.014256,84.17379169931907,0.2895854302171521,7593.479129026315,1.9624274031276518
compressed_hydrogen,ATRCCS,,wind,ATRCCS_H_wind_E,Portugal,1,2024,513.552986249803,5322.192349124994,5835.745335374797,1.323654114632564,155.78194980131548,0.1579585164365832,449.9162407146544,0.022176,83.19228091165398,0.2862087114312849,6524.635806802421,1.789997342500432
compressed_hydrogen,ATRCCS,,wind,ATRCCS_H_wind_E,Germany,1,2024,581.274259161865,5355.852422102865,5937.12668126473,1.323654114632564,338.61147577132436,0.3427557022258079,532.257371358345,0.0681119999999999,0.0,0.0,6807.995528394399,1.7345218168583718
compressed_hydrogen,ATRCCS,,wind,ATRCCS_H_wind_E,Greece,1,2024,519.1964256591415,2974.6809841129866,3493.877409772128,1.323654114632564,135.93126007286196,0.1378941883236556,472.5520016016286,0.06336,207.96156668982383,0.7154559458795628,4310.322238136442,2.2403642488357827
compressed_hydrogen,ATRCCS,,wind,ATRCCS_H_wind_E,France,1,2024,569.9873803431879,5922.340106015306,6492.327486358494,1.323654114632564,466.7437545570985,0.472266974558569,504.01384958439667,0.008712,0.0,0.0,7463.085090499989,1.804633089191133
compressed_hydrogen,ATRCCS,,wind,ATRCCS_H_wind_E,Brazil,1,2024,519.1964256591414,5659.5122586126445,6178.708684271785,1.323654114632564,1251.7868275768665,1.2657588892134022,450.3760016016286,0.020394,401.054108609984,1.3797575734386005,8281.925622060266,3.9895645772845665
compressed_hydrogen,ATRCCS,,wind,ATRCCS_H_wind_E,United Kingdom,1,2024,601.0262970945495,4314.05827425981,4915.0845713543595,1.323654114632564,225.3250961844594,0.2282501045941831,579.3075344627548,0.041778,39.141495920120995,0.1346595740377326,5758.858697921695,1.7283417932644798
compressed_hydrogen,ATRCCS,,wind,ATRCCS_H_wind_E,Spain,1,2024,524.8398650684798,4331.080372204764,4855.920237273243,1.323654114632564,380.43443665151494,0.3850287728965696,456.7757624886029,0.028908,102.63757791846348,0.3531069060561896,5795.768014331825,2.0906977935853233
compressed_hydrogen,ATRCCS,,wind,ATRCCS_H_wind_E,Sweden,1,2024,620.7783350272343,8866.888817982883,9487.667153010118,1.323654114632564,402.0181929118524,0.4068448192627633,522.1015400671648,0.007128,35.776788654559006,0.1230838783089108,10447.563674643692,1.860710812204238
compressed_hydrogen,ATRCCS,,wind,ATRCCS_H_wind_E,Czech Republic,1,2024,513.552986249803,4482.287167555767,4995.8401538055705,1.323654114632564,629.9061828437772,0.6371854001462417,465.9542407146544,0.081972,0.0,0.0,6091.700577364002,2.0428115147788057
compressed_hydrogen,ATRCCS,,wind,ATRCCS_H_wind_E,Japan,1,2024,609.4914562085573,5107.431506214584,5716.922962423141,1.323654114632564,157.72394129414766,0.1599214081566048,539.7041757932162,0.095436,833.4514813574708,2.86734624782239,7247.802560867976,4.446357770611559
compressed_hydrogen,ATRCCS,,wind,ATRCCS_H_wind_E,Belgium,1,2024,578.4525394571956,3516.833332758345,4095.2858722155406,1.323654114632564,114.99418983520208,0.1167317877865259,525.196490914858,0.027324,0.0,0.0,4735.476552965601,1.4677099024190898
compressed_hydrogen,ATRCCS,,wind,ATRCCS_H_wind_E,Poland,1,2024,522.0181453638106,4955.119434114238,5477.137579478049,1.323654114632564,194.5095199991873,0.1971028830100399,508.91688204511576,0.12177,62.656692278713074,0.2155595562848052,6243.2206738010655,1.858086553927409
compressed_hydrogen,ATRCCS,,wind,ATRCCS_H_wind_E,India,1,2024,499.44438772645674,3319.1743781412647,3818.618765867722,1.323654114632564,745.2048393846368,0.7537249313898133,433.8178384972189,0.140184,462.69609439147257,1.591826206817229,5460.337538141051,3.8093892528396065
compressed_hydrogen,ATRCCS,,wind,ATRCCS_H_wind_E,Indonesia,1,2024,454.29687245174864,5345.007267258675,5799.304139710423,1.323654114632564,257.5424918161488,0.2608142323771918,385.78775140142506,0.127908,698.9061933326097,2.4044663616988187,7141.540576260608,4.116842708708575
compressed_hydrogen,ATRCCS,,wind,ATRCCS_H_wind_E,South Korea,1,2024,530.4833044778184,3857.49990014901,4387.983204626828,1.323654114632564,126.20181287878846,0.1280600302399958,457.03752337557705,0.081972,804.9676215432621,2.7693524348787184,5776.190162424456,4.303038579751278
compressed_hydrogen,ATRCCS,,wind,ATRCCS_H_wind_E,China,1,2024,516.3747059544721,3184.9433353859677,3701.31804134044,1.323654114632564,1422.9103352979398,1.4387240734825033,440.7411211581416,0.11088,775.044397997263,2.6664067389665513,6340.013895793784,5.539664927081619
compressed_hydrogen,ATRCCS,,wind,ATRCCS_H_wind_E,United Arab Emirates,1,2024,538.9484635918261,571.706103575813,1110.654567167639,1.323654114632564,188.6948708838179,0.1912256550996622,462.77616470603857,0.075834,448.2487762488737,1.5421226975021984,2210.374379006369,3.1328364672344247
compressed_hydrogen,ATRCCS,,wind,ATRCCS_H_wind_E,United States,1,2024,564.3439409338494,2145.2829352240133,2709.6268761578626,1.323654114632564,1609.3398036046551,1.6271599451420615,490.8820886974225,0.076032,243.40674327863428,0.8373989700011273,5053.255511738575,3.864245029775753
compressed_hydrogen,ATRCCS,,wind,ATRCCS_H_wind_E,Turkey,1,2024,516.3747059544721,2148.5777650553146,2664.9524710097867,1.323654114632564,174.60991317217503,0.176989111339773,452.0271211581416,0.09306,251.82230498134976,0.8663512603399688,3543.411810321453,2.4600544863123055
compressed_hydrogen,ATRCCS,,wind,ATRCCS_H_wind_E,Australia,1,2024,578.4525394571956,2759.719582039308,3338.1721214965037,1.323654114632564,1431.9328260410734,1.447843666662513,519.6524909148579,0.109296,711.0096984845694,2.446106386174443,6000.767136937004,5.326900167469519
compressed_hydrogen,ATRCCS,,wind,ATRCCS_H_wind_E,Malaysia,1,2024,493.8009483171182,2080.108574188639,2573.909522505757,1.323654114632564,131.0004864593708,0.132910348417587,429.3980776102447,0.119592,606.8719244722989,2.087838313887474,3741.1800110476715,3.663994776937625
compressed_hydrogen,ATRCCS,,wind,ATRCCS_H_wind_E,Canada,1,2024,575.6308197525263,1376.465261570922,1952.0960813234483,1.323654114632564,2038.38644093734,2.060824096108664,492.19761047137087,0.03465,220.5590432203636,0.7587953937896461,4703.239175952523,4.177923604530874
compressed_hydrogen,ATRCCS,,wind,ATRCCS_H_wind_E,Mexico,1,2024,496.62266802178743,1215.251969191356,1711.8746372131434,1.323654114632564,583.2052316904606,0.5899818409780763,448.1409580537317,0.10395,371.55625540529974,1.2782752909096788,3114.777082362635,3.295861246520319
compressed_hydrogen,ATRCCS,,wind,ATRCCS_H_wind_E,Thailand,1,2024,502.266107431126,2154.9336182250713,2657.199725656197,1.323654114632564,202.49409307689865,0.2051733881796016,436.52271894070594,0.109692,673.7511657989664,2.3179248227780604,3969.9677034727683,3.956444325590226
compressed_hydrogen,ATRCCS,,wind,ATRCCS_H_wind_E,Russia,1,2024,533.3050241824877,1210.147587663365,1743.4526118458523,1.323654114632564,2493.0148831277284,2.5203453700975524,454.19840381906425,0.088902,90.31278201930088,0.3107055688852698,4780.978680811946,4.243607053615387
compressed_hydrogen,ATRCCS,,wind,ATRCCS_H_wind_E,Saudi Arabia,1,2024,538.9484635918261,571.3702445092474,1110.3187081010735,1.323654114632564,512.660239354775,0.5186776247362443,454.4601647060385,0.109296,282.0653458951686,0.9703972328130612,2359.5044580570557,2.9220249721818696
compressed_hydrogen,BG,,wind,BG_H_wind_E,South Africa,1,2024,553.0749400000001,1563.6475960894725,2116.7225360894727,1.190964346895058,438.1704908749996,0.4433861978391045,449.5806429320899,0.140382,516.6185633652943,1.7773371724148683,3521.092233261857,3.5520697171490307
compressed_hydrogen,BG,,wind,BG_H_wind_E,Taiwan,1,2024,544.2020799999999,1524.499226693276,2068.701306693276,1.190964346895058,108.29765925058994,0.1099631873647823,458.4940016016286,0.125928,738.7164081925108,2.5414265480525833,3374.209375738005,3.968282082312424
compressed_hydrogen,BG,,wind,BG_H_wind_E,Switzerland,1,2024,653.6340200000001,2069.06162925127,2722.69564925127,1.190964346895058,492.6853966182634,0.4984878074476782,566.2965780106518,0.007326,0.0,0.0,3781.6776238801854,1.696778154342736
compressed_hydrogen,BG,,wind,BG_H_wind_E,Singapore,1,2024,547.1597,2087.3959227742816,2634.555622774282,1.190964346895058,6.688572663865257,0.0072605568557443,484.16688204511576,0.098802,614.9627108688618,2.1156732707326307,3740.373788352125,3.412700174483433
compressed_hydrogen,BG,,wind,BG_H_wind_E,Hungary,1,2024,532.3716000000001,1651.0685983993517,2183.4401983993516,1.190964346895058,933.4787080320028,0.9440250533153642,455.1984798276802,0.036234,0.0,0.0,3572.117386259035,2.171223400210422
compressed_hydrogen,BG,,wind,BG_H_wind_E,Philippines,1,2024,529.4139799999999,1622.558152736214,2151.972132736214,1.190964346895058,173.897979404711,0.1762695155523986,442.989599384193,0.121374,710.5073691115168,2.444378208499784,3479.3670806366345,3.9329860709472406
compressed_hydrogen,BG,,wind,BG_H_wind_E,Netherlands,1,2024,606.3121,1827.4845540940637,2433.796654094064,1.190964346895058,82.54212485506892,0.0839304650813442,519.454490914858,0.050094,0.0,0.0,3035.7932698639906,1.3249888119764022
compressed_hydrogen,BG,,wind,BG_H_wind_E,Norway,1,2024,671.37974,1817.6590841570544,2489.0388241570545,1.190964346895058,383.8823986934868,0.3885138428199527,548.6678606715745,0.006138,43.22382785634779,0.1487041338249927,3464.8129113784635,1.7343203235400035
compressed_hydrogen,BG,,wind,BG_H_wind_E,Oman,1,2024,564.90542,1567.5292789239932,2132.434698923993,1.190964346895058,324.730500960653,0.328725336684938,480.79416470603854,0.10791,438.2291886956989,1.507652032540957,3376.1885532863835,3.135251716120953
compressed_hydrogen,BG,,wind,BG_H_wind_E,Italy,1,2024,567.86304,1873.6478183097129,2441.5108583097126,1.190964346895058,221.43586699612143,0.2243190184904427,534.1870451495255,0.057024,165.0279618759741,0.5677502744372671,3362.161732331334,2.0400576398227677
compressed_hydrogen,BG,,wind,BG_H_wind_E,Austria,1,2024,615.18496,1847.1301866621145,2462.3151466621143,1.190964346895058,661.6247967655381,0.6692453781983527,538.2611322453193,0.020394,0.0,0.0,3662.201075672972,1.8806037250934107
compressed_hydrogen,BG,,wind,BG_H_wind_E,Finland,1,2024,638.8459200000001,1849.8425278684224,2488.688447868423,1.190964346895058,330.87093754752107,0.3349318582779358,524.0621757932163,0.014256,84.17379169931907,0.2895854302171521,3427.7953529084793,1.8297376353901458
compressed_hydrogen,BG,,wind,BG_H_wind_E,Portugal,1,2024,538.2868400000001,1750.892589925892,2289.179429925892,1.190964346895058,155.78194980131548,0.1579585164365832,449.9162407146544,0.022176,83.19228091165398,0.2862087114312849,2978.069901353516,1.657307574762926
compressed_hydrogen,BG,,wind,BG_H_wind_E,Germany,1,2024,609.26972,1879.780954518574,2489.050674518574,1.190964346895058,338.61147577132436,0.3427557022258079,532.257371358345,0.0681119999999999,0.0,0.0,3359.9195216482435,1.6018320491208657
compressed_hydrogen,BG,,wind,BG_H_wind_E,Greece,1,2024,544.20208,1657.3925531969487,2201.594633196949,1.190964346895058,135.93126007286196,0.1378941883236556,472.5520016016286,0.06336,207.96156668982383,0.7154559458795628,3018.039461561263,2.107674481098276
compressed_hydrogen,BG,,wind,BG_H_wind_E,France,1,2024,597.43924,1858.1576030051365,2455.596843005136,1.190964346895058,466.7437545570985,0.472266974558569,504.01384958439667,0.008712,0.0,0.0,3426.354447146631,1.671943321453627
compressed_hydrogen,BG,,wind,BG_H_wind_E,Brazil,1,2024,544.2020799999999,1646.8839001374831,2191.085980137483,1.190964346895058,1251.7868275768665,1.2657588892134022,450.3760016016286,0.020394,401.054108609984,1.3797575734386005,4294.302917925962,3.856874809547061
compressed_hydrogen,BG,,wind,BG_H_wind_E,United Kingdom,1,2024,629.9730599999999,1705.6785155271457,2335.6515755271457,1.190964346895058,225.3250961844594,0.2282501045941831,579.3075344627548,0.041778,39.141495920120995,0.1346595740377326,3179.4257020944806,1.5956520255269737
compressed_hydrogen,BG,,wind,BG_H_wind_E,Spain,1,2024,550.1173200000001,1699.1505777935135,2249.267897793514,1.190964346895058,380.43443665151494,0.3850287728965696,456.7757624886029,0.028908,102.63757791846348,0.3531069060561896,3189.1156748520957,1.958008025847817
compressed_hydrogen,BG,,wind,BG_H_wind_E,Sweden,1,2024,650.6764000000001,1969.3338889377417,2620.0102889377417,1.190964346895058,402.0181929118524,0.4068448192627633,522.1015400671648,0.007128,35.776788654559006,0.1230838783089108,3579.906810571318,1.7280210444667319
compressed_hydrogen,BG,,wind,BG_H_wind_E,Czech Republic,1,2024,538.2868400000001,1729.952420032119,2268.2392600321195,1.190964346895058,629.9061828437772,0.6371854001462417,465.9542407146544,0.081972,0.0,0.0,3364.099683590551,1.9101217470412997
compressed_hydrogen,BG,,wind,BG_H_wind_E,Japan,1,2024,638.8459200000001,2073.3063339396876,2712.152253939688,1.190964346895058,157.72394129414766,0.1599214081566048,539.7041757932162,0.095436,833.4514813574708,2.86734624782239,4243.031852384523,4.313668002874053
compressed_hydrogen,BG,,wind,BG_H_wind_E,Belgium,1,2024,606.3121,1804.264678873085,2410.5767788730845,1.190964346895058,114.99418983520208,0.1167317877865259,525.196490914858,0.027324,0.0,0.0,3050.7674596231445,1.3350201346815838
compressed_hydrogen,BG,,wind,BG_H_wind_E,Poland,1,2024,547.1597,1719.7097980406731,2266.869498040673,1.190964346895058,194.5095199991873,0.1971028830100399,508.91688204511576,0.12177,62.656692278713074,0.2155595562848052,3032.9525923636893,1.7253967861899029
compressed_hydrogen,BG,,wind,BG_H_wind_E,India,1,2024,523.49874,1616.6211310102449,2140.119871010245,1.190964346895058,745.2048393846368,0.7537249313898133,433.8178384972189,0.140184,462.69609439147257,1.591826206817229,3781.838643283573,3.6766994851021
compressed_hydrogen,BG,,wind,BG_H_wind_E,Indonesia,1,2024,476.17682,1825.8811637230672,2302.0579837230675,1.190964346895058,257.5424918161488,0.2608142323771918,385.78775140142506,0.127908,698.9061933326097,2.4044663616988187,3644.294420273251,3.984152940971068
compressed_hydrogen,BG,,wind,BG_H_wind_E,South Korea,1,2024,556.03256,1792.6491099978991,2348.681669997899,1.190964346895058,126.20181287878846,0.1280600302399958,457.03752337557705,0.081972,804.9676215432621,2.7693524348787184,3736.888627795527,4.170348812013772
compressed_hydrogen,BG,,wind,BG_H_wind_E,China,1,2024,541.24446,1545.513700075186,2086.758160075186,1.190964346895058,1422.9103352979398,1.4387240734825033,440.7411211581416,0.11088,775.044397997263,2.6664067389665513,4725.45401452853,5.406975159344112
compressed_hydrogen,BG,,wind,BG_H_wind_E,United Arab Emirates,1,2024,564.90542,1565.629278923993,2130.5346989239933,1.190964346895058,188.6948708838179,0.1912256550996622,462.77616470603857,0.075834,448.2487762488737,1.5421226975021984,3230.254510762724,3.0001466994969186
compressed_hydrogen,BG,,wind,BG_H_wind_E,United States,1,2024,591.524,1684.6806491521068,2276.204649152107,1.190964346895058,1609.3398036046551,1.6271599451420615,490.8820886974225,0.076032,243.40674327863428,0.8373989700011273,4619.833284732818,3.731555262038247
compressed_hydrogen,BG,,wind,BG_H_wind_E,Turkey,1,2024,541.24446,1707.088787240922,2248.333247240922,1.190964346895058,174.60991317217503,0.176989111339773,452.0271211581416,0.09306,251.82230498134976,0.8663512603399688,3126.792586552588,2.3273647185748
compressed_hydrogen,BG,,wind,BG_H_wind_E,Australia,1,2024,606.3121,1722.79004165306,2329.10214165306,1.190964346895058,1431.9328260410734,1.447843666662513,519.6524909148579,0.109296,711.0096984845694,2.446106386174443,4991.69715709356,5.194210399732015
compressed_hydrogen,BG,,wind,BG_H_wind_E,Malaysia,1,2024,517.5835,1715.4545163298906,2233.0380163298905,1.190964346895058,131.0004864593708,0.132910348417587,429.3980776102447,0.119592,606.8719244722989,2.087838313887474,3400.308504871805,3.5313050092001186
compressed_hydrogen,BG,,wind,BG_H_wind_E,Canada,1,2024,603.3544800000001,1618.3168416049173,2221.6713216049175,1.190964346895058,2038.38644093734,2.060824096108664,492.19761047137087,0.03465,220.5590432203636,0.7587953937896461,4972.814416233992,4.0452338367933685
compressed_hydrogen,BG,,wind,BG_H_wind_E,Mexico,1,2024,520.5411200000001,1550.3309177376564,2070.8720377376567,1.190964346895058,583.2052316904606,0.5899818409780763,448.1409580537317,0.10395,371.55625540529974,1.2782752909096788,3473.7744828871487,3.1631714787828127
compressed_hydrogen,BG,,wind,BG_H_wind_E,Thailand,1,2024,526.45636,1673.3987687525118,2199.855128752512,1.190964346895058,202.49409307689865,0.2051733881796016,436.52271894070594,0.109692,673.7511657989664,2.3179248227780604,3512.6231065690827,3.8237545578527197
compressed_hydrogen,BG,,wind,BG_H_wind_E,Russia,1,2024,558.99018,1772.2716369024752,2331.2618169024754,1.190964346895058,2493.0148831277284,2.5203453700975524,454.19840381906425,0.088902,90.31278201930088,0.3107055688852698,5368.787885868569,4.11091728587788
compressed_hydrogen,BG,,wind,BG_H_wind_E,Saudi Arabia,1,2024,564.90542,1562.7793086297706,2127.6847286297707,1.190964346895058,512.660239354775,0.5186776247362443,454.4601647060385,0.109296,282.0653458951686,0.9703972328130612,3376.870478585753,2.7893352044443636
compressed_hydrogen,LTE,,wind,LTE_H_wind_E,South Africa,1,2024,684.35455,2755.372173692028,3439.726723692028,0.529494400036,438.1704908749996,0.4433861978391045,449.5806429320899,0.140382,516.6185633652943,1.7773371724148683,4844.096420864412,2.890599770289973
compressed_hydrogen,LTE,,wind,LTE_H_wind_E,Taiwan,1,2024,673.3756,1465.4272323436442,2138.802832343644,0.529494400036,108.29765925058994,0.1099631873647823,458.4940016016286,0.125928,738.7164081925108,2.5414265480525833,3444.3109013883727,3.3068121354533657
compressed_hydrogen,LTE,,wind,LTE_H_wind_E,Switzerland,1,2024,808.78265,3068.011822921801,3876.794472921801,0.529494400036,492.6853966182634,0.4984878074476782,566.2965780106518,0.007326,0.0,0.0,4935.776447550716,1.0353082074836781
compressed_hydrogen,LTE,,wind,LTE_H_wind_E,Singapore,1,2024,677.03525,4610.640170387846,5287.675420387846,0.529494400036,6.688572663865257,0.0072605568557443,484.16688204511576,0.098802,614.9627108688618,2.1156732707326307,6393.49358596569,2.751230227624375
compressed_hydrogen,LTE,,wind,LTE_H_wind_E,Hungary,1,2024,658.737,2535.830524087782,3194.567524087782,0.529494400036,933.4787080320028,0.9440250533153642,455.1984798276802,0.036234,0.0,0.0,4583.244711947465,1.5097534533513643
compressed_hydrogen,LTE,,wind,LTE_H_wind_E,Philippines,1,2024,655.07735,3178.001477514325,3833.078827514325,0.529494400036,173.897979404711,0.1762695155523986,442.989599384193,0.121374,710.5073691115168,2.444378208499784,5160.473775414745,3.2715161240881825
compressed_hydrogen,LTE,,wind,LTE_H_wind_E,Netherlands,1,2024,750.2282499999999,2382.348142316286,3132.576392316286,0.529494400036,82.54212485506892,0.0839304650813442,519.454490914858,0.050094,0.0,0.0,3734.5730080862127,0.6635188651173441
compressed_hydrogen,LTE,,wind,LTE_H_wind_E,Norway,1,2024,830.74055,2328.975731678242,3159.716281678242,0.529494400036,383.8823986934868,0.3885138428199527,548.6678606715745,0.006138,43.22382785634779,0.1487041338249927,4135.490368899651,1.0728503766809454
compressed_hydrogen,LTE,,wind,LTE_H_wind_E,Oman,1,2024,698.9931499999999,2904.6706162947794,3603.663766294779,0.529494400036,324.730500960653,0.328725336684938,480.79416470603854,0.10791,438.2291886956989,1.507652032540957,4847.41762065717,2.473781769261895
compressed_hydrogen,LTE,,wind,LTE_H_wind_E,Italy,1,2024,702.6528,2831.818762026672,3534.471562026672,0.529494400036,221.43586699612143,0.2243190184904427,534.1870451495255,0.057024,165.0279618759741,0.5677502744372671,4455.122436048293,1.3785876929637098
compressed_hydrogen,LTE,,wind,LTE_H_wind_E,Austria,1,2024,761.2072,2609.263227462482,3370.470427462482,0.529494400036,661.6247967655381,0.6692453781983527,538.2611322453193,0.020394,0.0,0.0,4570.3563564733395,1.2191337782343528
compressed_hydrogen,LTE,,wind,LTE_H_wind_E,Finland,1,2024,790.4843999999999,2451.924802408935,3242.409202408935,0.529494400036,330.87093754752107,0.3349318582779358,524.0621757932163,0.014256,84.17379169931907,0.2895854302171521,4181.5161074489915,1.1682676885310879
compressed_hydrogen,LTE,,wind,LTE_H_wind_E,Portugal,1,2024,666.0563000000001,2874.8719157678433,3540.9282157678435,0.529494400036,155.78194980131548,0.1579585164365832,449.9162407146544,0.022176,83.19228091165398,0.2862087114312849,4229.818687195468,0.9958376279038681
compressed_hydrogen,LTE,,wind,LTE_H_wind_E,Germany,1,2024,753.8879000000001,3040.1030876091527,3793.990987609153,0.529494400036,338.61147577132436,0.3427557022258079,532.257371358345,0.0681119999999999,0.0,0.0,4664.859834738822,0.9403621022618078
compressed_hydrogen,LTE,,wind,LTE_H_wind_E,Greece,1,2024,673.3756,2587.6366270568815,3261.0122270568813,0.529494400036,135.93126007286196,0.1378941883236556,472.5520016016286,0.06336,207.96156668982383,0.7154559458795628,4077.457055421196,1.4462045342392185
compressed_hydrogen,LTE,,wind,LTE_H_wind_E,France,1,2024,739.2493,2751.299838419147,3490.549138419147,0.529494400036,466.7437545570985,0.472266974558569,504.01384958439667,0.008712,0.0,0.0,4461.306742560642,1.010473374594569
compressed_hydrogen,LTE,,wind,LTE_H_wind_E,Brazil,1,2024,673.3756,1387.9754689413933,2061.351068941394,0.529494400036,1251.7868275768665,1.2657588892134022,450.3760016016286,0.020394,401.054108609984,1.3797575734386005,4164.568006729873,3.1954048626880027
compressed_hydrogen,LTE,,wind,LTE_H_wind_E,United Kingdom,1,2024,779.50545,1823.5160740858544,2603.0215240858543,0.529494400036,225.3250961844594,0.2282501045941831,579.3075344627548,0.041778,39.141495920120995,0.1346595740377326,3446.795650653189,0.9341820786679158
compressed_hydrogen,LTE,,wind,LTE_H_wind_E,Spain,1,2024,680.6949,2036.8355669552852,2717.530466955285,0.529494400036,380.43443665151494,0.3850287728965696,456.7757624886029,0.028908,102.63757791846348,0.3531069060561896,3657.378244013867,1.2965380789887593
compressed_hydrogen,LTE,,wind,LTE_H_wind_E,Sweden,1,2024,805.1230000000002,2512.2135474364695,3317.3365474364696,0.529494400036,402.0181929118524,0.4068448192627633,522.1015400671648,0.007128,35.776788654559006,0.1230838783089108,4277.2330690700455,1.0665510976076742
compressed_hydrogen,LTE,,wind,LTE_H_wind_E,Czech Republic,1,2024,666.0563000000001,2975.9382001433964,3641.9945001433966,0.529494400036,629.9061828437772,0.6371854001462417,465.9542407146544,0.081972,0.0,0.0,4737.854923701829,1.2486518001822415
compressed_hydrogen,LTE,,wind,LTE_H_wind_E,Japan,1,2024,790.4843999999999,6846.665321969567,7637.149721969568,0.529494400036,157.72394129414766,0.1599214081566048,539.7041757932162,0.095436,833.4514813574708,2.86734624782239,9168.029320414404,3.6521980560149947
compressed_hydrogen,LTE,,wind,LTE_H_wind_E,Belgium,1,2024,750.2282499999999,2773.8937254339703,3524.12197543397,0.529494400036,114.99418983520208,0.1167317877865259,525.196490914858,0.027324,0.0,0.0,4164.31265618403,0.673550187822526
compressed_hydrogen,LTE,,wind,LTE_H_wind_E,Poland,1,2024,677.03525,2739.7650899375767,3416.8003399375766,0.529494400036,194.5095199991873,0.1971028830100399,508.91688204511576,0.12177,62.656692278713074,0.2155595562848052,4182.883434260593,1.0639268393308452
compressed_hydrogen,LTE,,wind,LTE_H_wind_E,India,1,2024,647.75805,2550.2136946274054,3197.9717446274053,0.529494400036,745.2048393846368,0.7537249313898133,433.8178384972189,0.140184,462.69609439147257,1.591826206817229,4839.690516900733,3.0152295382430427
compressed_hydrogen,LTE,,wind,LTE_H_wind_E,Indonesia,1,2024,589.2036499999999,4545.897449149954,5135.101099149953,0.529494400036,257.5424918161488,0.2608142323771918,385.78775140142506,0.127908,698.9061933326097,2.4044663616988187,6477.337535700137,3.3226829941120104
compressed_hydrogen,LTE,,wind,LTE_H_wind_E,South Korea,1,2024,688.0142000000001,3728.6750661062233,4416.689266106223,0.529494400036,126.20181287878846,0.1280600302399958,457.03752337557705,0.081972,804.9676215432621,2.7693524348787184,5804.89622390385,3.5088788651547143
compressed_hydrogen,LTE,,wind,LTE_H_wind_E,China,1,2024,669.71595,1456.2680960556702,2125.98404605567,0.529494400036,1422.9103352979398,1.4387240734825033,440.7411211581416,0.11088,775.044397997263,2.6664067389665513,4764.679900509014,4.745505212485055
compressed_hydrogen,LTE,,wind,LTE_H_wind_E,United Arab Emirates,1,2024,698.9931499999999,2899.233249494779,3598.226399494779,0.529494400036,188.6948708838179,0.1912256550996622,462.77616470603857,0.075834,448.2487762488737,1.5421226975021984,4697.946211333509,2.3386767526378605
compressed_hydrogen,LTE,,wind,LTE_H_wind_E,United States,1,2024,731.93,2213.1174178461297,2945.0474178461295,0.529494400036,1609.3398036046551,1.6271599451420615,490.8820886974225,0.076032,243.40674327863428,0.8373989700011273,5288.6760534268415,3.070085315179189
compressed_hydrogen,LTE,,wind,LTE_H_wind_E,Turkey,1,2024,669.71595,4233.036304077853,4902.752254077853,0.529494400036,174.60991317217503,0.176989111339773,452.0271211581416,0.09306,251.82230498134976,0.8663512603399688,5781.211593389518,1.6658947717157417
compressed_hydrogen,LTE,,wind,LTE_H_wind_E,Australia,1,2024,750.2282499999999,2427.179607735667,3177.4078577356668,0.529494400036,1431.9328260410734,1.447843666662513,519.6524909148579,0.109296,711.0096984845694,2.446106386174443,5840.002873176167,4.532740452872956
compressed_hydrogen,LTE,,wind,LTE_H_wind_E,Malaysia,1,2024,640.4387499999999,4552.31660847987,5192.755358479871,0.529494400036,131.0004864593708,0.132910348417587,429.3980776102447,0.119592,606.8719244722989,2.087838313887474,6360.025847021785,2.869835062341061
compressed_hydrogen,LTE,,wind,LTE_H_wind_E,Canada,1,2024,746.5686000000001,2090.3962270813217,2836.964827081322,0.529494400036,2038.38644093734,2.060824096108664,492.19761047137087,0.03465,220.5590432203636,0.7587953937896461,5588.107921710396,3.3837638899343103
compressed_hydrogen,LTE,,wind,LTE_H_wind_E,Mexico,1,2024,644.0984000000001,2596.6802321880336,3240.778632188034,0.529494400036,583.2052316904606,0.5899818409780763,448.1409580537317,0.10395,371.55625540529974,1.2782752909096788,4643.6810773375255,2.5017015319237554
compressed_hydrogen,LTE,,wind,LTE_H_wind_E,Thailand,1,2024,651.4177,3966.8854234409214,4618.303123440921,0.529494400036,202.49409307689865,0.2051733881796016,436.52271894070594,0.109692,673.7511657989664,2.3179248227780604,5931.071101257492,3.162284610993662
compressed_hydrogen,LTE,,wind,LTE_H_wind_E,Russia,1,2024,691.67385,5764.961289004567,6456.6351390045675,0.529494400036,2493.0148831277284,2.5203453700975524,454.19840381906425,0.088902,90.31278201930088,0.3107055688852698,9494.161207970661,3.449447339018822
compressed_hydrogen,LTE,,wind,LTE_H_wind_E,Saudi Arabia,1,2024,698.9931499999999,2897.8878187597675,3596.8809687597673,0.529494400036,512.660239354775,0.5186776247362443,454.4601647060385,0.109296,282.0653458951686,0.9703972328130612,4846.066718715749,2.127865257585306
compressed_hydrogen,SMR,,wind,SMR_H_wind_E,South Africa,1,2024,340.32213148874445,812.4536108093113,1152.7757422980558,10.528892773767286,438.1704908749996,0.4433861978391045,449.5806429320899,0.140382,516.6185633652943,1.7773371724148683,2557.1454394704397,12.88999814402126
compressed_hydrogen,SMR,,wind,SMR_H_wind_E,Taiwan,1,2024,334.8624181493528,1859.9757403525848,2194.8381585019374,10.528892773767286,108.29765925058994,0.1099631873647823,458.4940016016286,0.125928,738.7164081925108,2.5414265480525833,3500.3462275466663,13.306210509184652
compressed_hydrogen,SMR,,wind,SMR_H_wind_E,Switzerland,1,2024,402.1988826685161,7966.961125222042,8369.160007890558,10.528892773767286,492.6853966182634,0.4984878074476782,566.2965780106518,0.007326,0.0,0.0,9428.141982519472,11.034706581214964
compressed_hydrogen,SMR,,wind,SMR_H_wind_E,Singapore,1,2024,336.68232259581663,8719.681439062793,9056.36376165861,10.528892773767286,6.688572663865257,0.0072605568557443,484.16688204511576,0.098802,614.9627108688618,2.1156732707326307,10162.181927236452,12.75062860135566
compressed_hydrogen,SMR,,wind,SMR_H_wind_E,Hungary,1,2024,327.5828003634973,3165.641853229931,3493.224653593428,10.528892773767286,933.4787080320028,0.9440250533153642,455.1984798276802,0.036234,0.0,0.0,4881.90184145311,11.50915182708265
compressed_hydrogen,SMR,,wind,SMR_H_wind_E,Philippines,1,2024,325.76289591703346,1920.25850215275,2246.0213980697836,10.528892773767286,173.897979404711,0.1762695155523986,442.989599384193,0.121374,710.5073691115168,2.444378208499784,3573.416345970204,13.270914497819469
compressed_hydrogen,SMR,,wind,SMR_H_wind_E,Netherlands,1,2024,373.0804115250941,5435.501624966925,5808.582036492019,10.528892773767286,82.54212485506892,0.0839304650813442,519.454490914858,0.050094,0.0,0.0,6410.578652261946,10.66291723884863
compressed_hydrogen,SMR,,wind,SMR_H_wind_E,Norway,1,2024,413.11830934729943,4004.399873057655,4417.518182404954,10.528892773767286,383.8823986934868,0.3885138428199527,548.6678606715745,0.006138,43.22382785634779,0.1487041338249927,5393.292269626364,11.07224875041223
compressed_hydrogen,SMR,,wind,SMR_H_wind_E,Oman,1,2024,347.60174927459997,445.30483961346346,792.9065888880634,10.528892773767286,324.730500960653,0.328725336684938,480.79416470603854,0.10791,438.2291886956989,1.507652032540957,2036.660443250454,12.473180142993181
compressed_hydrogen,SMR,,wind,SMR_H_wind_E,Italy,1,2024,349.42165372106376,6087.826863242495,6437.248516963559,10.528892773767286,221.43586699612143,0.2243190184904427,534.1870451495255,0.057024,165.0279618759741,0.5677502744372671,7357.89939098518,11.377986066694996
compressed_hydrogen,SMR,,wind,SMR_H_wind_E,Austria,1,2024,378.5401248644858,5129.126524530102,5507.666649394588,10.528892773767286,661.6247967655381,0.6692453781983527,538.2611322453193,0.020394,0.0,0.0,6707.552578405445,11.218532151965638
compressed_hydrogen,SMR,,wind,SMR_H_wind_E,Finland,1,2024,393.0993604361968,5449.548142824788,5842.647503260984,10.528892773767286,330.87093754752107,0.3349318582779358,524.0621757932163,0.014256,84.17379169931907,0.2895854302171521,6781.75440830104,11.167666062262372
compressed_hydrogen,SMR,,wind,SMR_H_wind_E,Portugal,1,2024,331.22260925642513,4763.553623759194,5094.776233015619,10.528892773767286,155.78194980131548,0.1579585164365832,449.9162407146544,0.022176,83.19228091165398,0.2862087114312849,5783.666704443242,10.995236001635154
compressed_hydrogen,SMR,,wind,SMR_H_wind_E,Germany,1,2024,374.900315971558,4809.833626897387,5184.733942868945,10.528892773767286,338.61147577132436,0.3427557022258079,532.257371358345,0.0681119999999999,0.0,0.0,6055.602789998614,10.939760475993094
compressed_hydrogen,SMR,,wind,SMR_H_wind_E,Greece,1,2024,334.8624181493528,2630.5937855906714,2965.456203740024,10.528892773767286,135.93126007286196,0.1378941883236556,472.5520016016286,0.06336,207.96156668982383,0.7154559458795628,3781.901032104339,11.445602907970505
compressed_hydrogen,SMR,,wind,SMR_H_wind_E,France,1,2024,367.6206981857025,5320.825571196102,5688.446269381804,10.528892773767286,466.7437545570985,0.472266974558569,504.01384958439667,0.008712,0.0,0.0,6659.203873523299,11.009871748325853
compressed_hydrogen,SMR,,wind,SMR_H_wind_E,Brazil,1,2024,334.8624181493528,5105.202020116059,5440.064438265412,10.528892773767286,1251.7868275768665,1.2657588892134022,450.3760016016286,0.020394,401.054108609984,1.3797575734386005,7543.281376053891,13.194803236419288
compressed_hydrogen,SMR,,wind,SMR_H_wind_E,United Kingdom,1,2024,387.6396470968051,3889.6899987819343,4277.32964587874,10.528892773767286,225.3250961844594,0.2282501045941831,579.3075344627548,0.041778,39.141495920120995,0.1346595740377326,5121.103772446076,10.933580452399202
compressed_hydrogen,SMR,,wind,SMR_H_wind_E,Spain,1,2024,338.5022270422805,3894.548261966505,4233.050489008785,10.528892773767286,380.43443665151494,0.3850287728965696,456.7757624886029,0.028908,102.63757791846348,0.3531069060561896,5172.898266067366,11.295936452720046
compressed_hydrogen,SMR,,wind,SMR_H_wind_E,Sweden,1,2024,400.37897822205224,8013.947002690532,8414.325980912585,10.528892773767286,402.0181929118524,0.4068448192627633,522.1015400671648,0.007128,35.776788654559006,0.1230838783089108,9374.22250254616,11.06594947133896
compressed_hydrogen,SMR,,wind,SMR_H_wind_E,Czech Republic,1,2024,331.22260925642513,4010.181964240097,4341.404573496522,10.528892773767286,629.9061828437772,0.6371854001462417,465.9542407146544,0.081972,0.0,0.0,5437.264997054954,11.248050173913528
compressed_hydrogen,SMR,,wind,SMR_H_wind_E,Japan,1,2024,393.0993604361968,4433.929656485872,4827.029016922069,10.528892773767286,157.72394129414766,0.1599214081566048,539.7041757932162,0.095436,833.4514813574708,2.86734624782239,6357.908615366904,13.651596429746279
compressed_hydrogen,SMR,,wind,SMR_H_wind_E,Belgium,1,2024,373.0804115250941,3139.595849379329,3512.676260904423,10.528892773767286,114.99418983520208,0.1167317877865259,525.196490914858,0.027324,0.0,0.0,4152.8669416544835,10.672948561553811
compressed_hydrogen,SMR,,wind,SMR_H_wind_E,Poland,1,2024,336.68232259581663,4431.830216669716,4768.512539265533,10.528892773767286,194.5095199991873,0.1971028830100399,508.91688204511576,0.12177,62.656692278713074,0.2155595562848052,5534.595633588549,11.06332521306213
compressed_hydrogen,SMR,,wind,SMR_H_wind_E,India,1,2024,322.12308702410564,2932.225936228216,3254.349023252322,10.528892773767286,745.2048393846368,0.7537249313898133,433.8178384972189,0.140184,462.69609439147257,1.591826206817229,4896.067795525651,13.014627911974328
compressed_hydrogen,SMR,,wind,SMR_H_wind_E,Indonesia,1,2024,293.0046158806837,4713.001239024248,5006.005854904932,10.528892773767286,257.5424918161488,0.2608142323771918,385.78775140142506,0.127908,698.9061933326097,2.4044663616988187,6348.242291455115,13.322081367843296
compressed_hydrogen,SMR,,wind,SMR_H_wind_E,South Korea,1,2024,342.1420359352083,3392.13837304012,3734.280408975328,10.528892773767286,126.20181287878846,0.1280600302399958,457.03752337557705,0.081972,804.9676215432621,2.7693524348787184,5122.487366772955,13.508277238885999
compressed_hydrogen,SMR,,wind,SMR_H_wind_E,China,1,2024,333.042513702889,2847.199352585857,3180.2418662887458,10.528892773767286,1422.9103352979398,1.4387240734825033,440.7411211581416,0.11088,775.044397997263,2.6664067389665513,5818.93772074209,14.744903586216342
compressed_hydrogen,SMR,,wind,SMR_H_wind_E,United Arab Emirates,1,2024,347.60174927459997,438.9470616148547,786.5488108894547,10.528892773767286,188.6948708838179,0.1912256550996622,462.77616470603857,0.075834,448.2487762488737,1.5421226975021984,1886.2686227281847,12.338075126369148
compressed_hydrogen,SMR,,wind,SMR_H_wind_E,United States,1,2024,363.9808892927748,1904.3763355847836,2268.3572248775586,10.528892773767286,1609.3398036046551,1.6271599451420615,490.8820886974225,0.076032,243.40674327863428,0.8373989700011273,4611.9858604582705,13.069483688910474
compressed_hydrogen,SMR,,wind,SMR_H_wind_E,Turkey,1,2024,333.042513702889,1819.467313187426,2152.509826890315,10.528892773767286,174.60991317217503,0.176989111339773,452.0271211581416,0.09306,251.82230498134976,0.8663512603399688,3030.969166201981,11.665293145447027
compressed_hydrogen,SMR,,wind,SMR_H_wind_E,Australia,1,2024,373.0804115250941,2464.065104283336,2837.14551580843,10.528892773767286,1431.9328260410734,1.447843666662513,519.6524909148579,0.109296,711.0096984845694,2.446106386174443,5499.74053124893,14.532138826604243
compressed_hydrogen,SMR,,wind,SMR_H_wind_E,Malaysia,1,2024,318.48327813117794,1743.511348759478,2061.994626890656,10.528892773767286,131.0004864593708,0.132910348417587,429.3980776102447,0.119592,606.8719244722989,2.087838313887474,3229.2651154325704,12.869233436072347
compressed_hydrogen,SMR,,wind,SMR_H_wind_E,Canada,1,2024,371.2605070786302,1207.4229629350705,1578.6834700137008,10.528892773767286,2038.38644093734,2.060824096108664,492.19761047137087,0.03465,220.5590432203636,0.7587953937896461,4329.826564642775,13.383162263665595
compressed_hydrogen,SMR,,wind,SMR_H_wind_E,Mexico,1,2024,320.3031825776418,1022.9156372102348,1343.2188197878766,10.528892773767286,583.2052316904606,0.5899818409780763,448.1409580537317,0.10395,371.55625540529974,1.2782752909096788,2746.121264937369,12.50109990565504
compressed_hydrogen,SMR,,wind,SMR_H_wind_E,Thailand,1,2024,323.9429914705696,1832.159117655332,2156.1021091259017,10.528892773767286,202.49409307689865,0.2051733881796016,436.52271894070594,0.109692,673.7511657989664,2.3179248227780604,3468.870086942473,13.161682984724948
compressed_hydrogen,SMR,,wind,SMR_H_wind_E,Russia,1,2024,343.96194038167215,917.471301583624,1261.433241965296,10.528892773767286,2493.0148831277284,2.5203453700975524,454.19840381906425,0.088902,90.31278201930088,0.3107055688852698,4298.95931093139,13.448845712750106
compressed_hydrogen,SMR,,wind,SMR_H_wind_E,Saudi Arabia,1,2024,347.60174927459997,438.6112192361093,786.2129685107093,10.528892773767286,512.660239354775,0.5186776247362443,454.4601647060385,0.109296,282.0653458951686,0.9703972328130612,2035.3987184666914,12.127263631316593
compressed_hydrogen,SMRCCS,,wind,SMRCCS_H_wind_E,South Africa,1,2024,613.6587058200857,1075.59935872415,1689.2580645442358,1.8970863123384865,438.1704908749996,0.4433861978391045,449.5806429320899,0.140382,516.6185633652943,1.7773371724148683,3093.62776171662,4.258191682592459
compressed_hydrogen,SMRCCS,,wind,SMRCCS_H_wind_E,Taiwan,1,2024,603.8139137481056,2410.9238438054263,3014.737757553532,1.8970863123384865,108.29765925058994,0.1099631873647823,458.4940016016286,0.125928,738.7164081925108,2.5414265480525833,4320.245826598261,4.674404047755852
compressed_hydrogen,SMRCCS,,wind,SMRCCS_H_wind_E,Switzerland,1,2024,725.2330159691923,10276.702104933647,11001.93512090284,1.8970863123384865,492.6853966182634,0.4984878074476782,566.2965780106518,0.007326,0.0,0.0,12060.917095531753,2.402900119786165
compressed_hydrogen,SMRCCS,,wind,SMRCCS_H_wind_E,Singapore,1,2024,607.0955111054325,11253.161647818648,11860.25715892408,1.8970863123384865,6.688572663865257,0.0072605568557443,484.16688204511576,0.098802,614.9627108688618,2.1156732707326307,12966.075324501922,4.118822139926861
compressed_hydrogen,SMRCCS,,wind,SMRCCS_H_wind_E,Hungary,1,2024,590.6875243187991,4098.336268686389,4689.023793005188,1.8970863123384865,933.4787080320028,0.9440250533153642,455.1984798276802,0.036234,0.0,0.0,6077.700980864871,2.877345365653851
compressed_hydrogen,SMRCCS,,wind,SMRCCS_H_wind_E,Philippines,1,2024,587.4059269614725,2500.6833539796835,3088.089280941156,1.8970863123384865,173.897979404711,0.1762695155523986,442.989599384193,0.121374,710.5073691115168,2.444378208499784,4415.484228841577,4.6391080363906685
compressed_hydrogen,SMRCCS,,wind,SMRCCS_H_wind_E,Netherlands,1,2024,672.7274582519656,7017.910325203755,7690.637783455721,1.8970863123384865,82.54212485506892,0.0839304650813442,519.454490914858,0.050094,0.0,0.0,8292.634399225648,2.0311107774198307
compressed_hydrogen,SMRCCS,,wind,SMRCCS_H_wind_E,Norway,1,2024,744.9226001131523,5178.6025580116975,5923.525158124849,1.8970863123384865,383.8823986934868,0.3885138428199527,548.6678606715745,0.006138,43.22382785634779,0.1487041338249927,6899.299245346258,2.440442288983432
compressed_hydrogen,SMRCCS,,wind,SMRCCS_H_wind_E,Oman,1,2024,626.7850952493924,605.2306146636193,1232.0157099130115,1.8970863123384865,324.730500960653,0.328725336684938,480.79416470603854,0.10791,438.2291886956989,1.507652032540957,2475.769564275402,3.8413736815643817
compressed_hydrogen,SMRCCS,,wind,SMRCCS_H_wind_E,Italy,1,2024,630.066692606719,7856.701429606525,8486.768122213245,1.8970863123384865,221.43586699612143,0.2243190184904427,534.1870451495255,0.057024,165.0279618759741,0.5677502744372671,9407.418996234866,2.746179605266197
compressed_hydrogen,SMRCCS,,wind,SMRCCS_H_wind_E,Austria,1,2024,682.5722503239457,6624.35761457137,7306.929864895315,1.8970863123384865,661.6247967655381,0.6692453781983527,538.2611322453193,0.020394,0.0,0.0,8506.815793906173,2.586725690536839
compressed_hydrogen,SMRCCS,,wind,SMRCCS_H_wind_E,Finland,1,2024,708.825029182559,7037.638412327182,7746.463441509741,1.8970863123384865,330.87093754752107,0.3349318582779358,524.0621757932163,0.014256,84.17379169931907,0.2895854302171521,8685.570346549797,2.5358596008335743
compressed_hydrogen,SMRCCS,,wind,SMRCCS_H_wind_E,Portugal,1,2024,597.2507190334525,6157.017197688285,6754.2679167217375,1.8970863123384865,155.78194980131548,0.1579585164365832,449.9162407146544,0.022176,83.19228091165398,0.2862087114312849,7443.158388149362,2.3634295402063543
compressed_hydrogen,SMRCCS,,wind,SMRCCS_H_wind_E,Germany,1,2024,676.0090556092923,6218.565804051202,6894.5748596604935,1.8970863123384865,338.61147577132436,0.3427557022258079,532.257371358345,0.0681119999999999,0.0,0.0,7765.443706790163,2.3079540145642943
compressed_hydrogen,SMRCCS,,wind,SMRCCS_H_wind_E,Greece,1,2024,603.8139137481057,3410.229683533815,4014.043597281921,1.8970863123384865,135.93126007286196,0.1378941883236556,472.5520016016286,0.06336,207.96156668982383,0.7154559458795628,4830.488425646236,2.813796446541705
compressed_hydrogen,SMRCCS,,wind,SMRCCS_H_wind_E,France,1,2024,662.8826661799856,6871.763366488968,7534.646032668954,1.8970863123384865,466.7437545570985,0.472266974558569,504.01384958439667,0.008712,0.0,0.0,8505.40363681045,2.3780652868970553
compressed_hydrogen,SMRCCS,,wind,SMRCCS_H_wind_E,Brazil,1,2024,603.8139137481056,6584.9823301652195,7188.796243913325,1.8970863123384865,1251.7868275768665,1.2657588892134022,450.3760016016286,0.020394,401.054108609984,1.3797575734386005,9292.013181701805,4.56299677499049
compressed_hydrogen,SMRCCS,,wind,SMRCCS_H_wind_E,United Kingdom,1,2024,698.9802371105789,5027.803340474435,5726.7835775850135,1.8970863123384865,225.3250961844594,0.2282501045941831,579.3075344627548,0.041778,39.141495920120995,0.1346595740377326,6570.557704152349,2.301773990970402
compressed_hydrogen,SMRCCS,,wind,SMRCCS_H_wind_E,Spain,1,2024,610.3771084627591,5033.68986022457,5644.066968687329,1.8970863123384865,380.43443665151494,0.3850287728965696,456.7757624886029,0.028908,102.63757791846348,0.3531069060561896,6583.91474574591,2.6641299912912455
compressed_hydrogen,SMRCCS,,wind,SMRCCS_H_wind_E,Sweden,1,2024,721.9514186118656,10335.640076709697,11057.59149532156,1.8970863123384865,402.0181929118524,0.4068448192627633,522.1015400671648,0.007128,35.776788654559006,0.1230838783089108,12017.488016955134,2.4341430099101604
compressed_hydrogen,SMRCCS,,wind,SMRCCS_H_wind_E,Czech Republic,1,2024,597.2507190334525,5191.548780994992,5788.7995000284445,1.8970863123384865,629.9061828437772,0.6371854001462417,465.9542407146544,0.081972,0.0,0.0,6884.659923586876,2.616243712484728
compressed_hydrogen,SMRCCS,,wind,SMRCCS_H_wind_E,Japan,1,2024,708.825029182559,5756.859909614842,6465.684938797401,1.8970863123384865,157.72394129414766,0.1599214081566048,539.7041757932162,0.095436,833.4514813574708,2.86734624782239,7996.564537242236,5.019789968317481
compressed_hydrogen,SMRCCS,,wind,SMRCCS_H_wind_E,Belgium,1,2024,672.7274582519656,4067.066651488515,4739.794109740481,1.8970863123384865,114.99418983520208,0.1167317877865259,525.196490914858,0.027324,0.0,0.0,5379.984790490541,2.0411421001250125
compressed_hydrogen,SMRCCS,,wind,SMRCCS_H_wind_E,Poland,1,2024,607.0955111054325,5729.663537736068,6336.759048841501,1.8970863123384865,194.5095199991873,0.1971028830100399,508.91688204511576,0.12177,62.656692278713074,0.2155595562848052,7102.842143164517,2.4315187516333316
compressed_hydrogen,SMRCCS,,wind,SMRCCS_H_wind_E,India,1,2024,580.8427322468192,3796.939694822039,4377.782427068858,1.8970863123384865,745.2048393846368,0.7537249313898133,433.8178384972189,0.140184,462.69609439147257,1.591826206817229,6019.501199342187,4.382821450545529
compressed_hydrogen,SMRCCS,,wind,SMRCCS_H_wind_E,Indonesia,1,2024,528.3371745295925,6099.27089108211,6627.608065611703,1.8970863123384865,257.5424918161488,0.2608142323771918,385.78775140142506,0.127908,698.9061933326097,2.4044663616988187,7969.844502161886,4.690274906414498
compressed_hydrogen,SMRCCS,,wind,SMRCCS_H_wind_E,South Korea,1,2024,616.9403031774124,4395.091756297773,5012.032059475186,1.8970863123384865,126.20181287878846,0.1280600302399958,457.03752337557705,0.081972,804.9676215432621,2.7693524348787184,6400.239017272813,4.8764707774572
compressed_hydrogen,SMRCCS,,wind,SMRCCS_H_wind_E,China,1,2024,600.5323163907791,3681.0529825094177,4281.585298900197,1.8970863123384865,1422.9103352979398,1.4387240734825033,440.7411211581416,0.11088,775.044397997263,2.6664067389665513,6920.281153353541,6.113097124787541
compressed_hydrogen,SMRCCS,,wind,SMRCCS_H_wind_E,United Arab Emirates,1,2024,626.7850952493924,596.0646936698305,1222.8497889192229,1.8970863123384865,188.6948708838179,0.1912256550996622,462.77616470603857,0.075834,448.2487762488737,1.5421226975021984,2322.569600757953,3.706268664940347
compressed_hydrogen,SMRCCS,,wind,SMRCCS_H_wind_E,United States,1,2024,656.3194714653323,2474.7361822423945,3131.055653707727,1.8970863123384865,1609.3398036046551,1.6271599451420615,490.8820886974225,0.076032,243.40674327863428,0.8373989700011273,5474.684289288439,4.437677227481675
compressed_hydrogen,SMRCCS,,wind,SMRCCS_H_wind_E,Turkey,1,2024,600.5323163907791,2377.493370934622,2978.025687325401,1.8970863123384865,174.60991317217503,0.176989111339773,452.0271211581416,0.09306,251.82230498134976,0.8663512603399688,3856.485026637067,3.0334866840182277
compressed_hydrogen,SMRCCS,,wind,SMRCCS_H_wind_E,Australia,1,2024,672.7274582519656,3197.809854976799,3870.537313228765,1.8970863123384865,1431.9328260410734,1.447843666662513,519.6524909148579,0.109296,711.0096984845694,2.446106386174443,6533.132328669266,5.9003323651754425
compressed_hydrogen,SMRCCS,,wind,SMRCCS_H_wind_E,Malaysia,1,2024,574.2795375321658,2281.0525138024736,2855.3320513346393,1.8970863123384865,131.0004864593708,0.132910348417587,429.3980776102447,0.119592,606.8719244722989,2.087838313887474,4022.6025398765537,4.237426974643547
compressed_hydrogen,SMRCCS,,wind,SMRCCS_H_wind_E,Canada,1,2024,669.4458608946389,1578.878560225847,2248.324421120486,1.8970863123384865,2038.38644093734,2.060824096108664,492.19761047137087,0.03465,220.5590432203636,0.7587953937896461,4999.46751574956,4.751355802236796
compressed_hydrogen,SMRCCS,,wind,SMRCCS_H_wind_E,Mexico,1,2024,577.5611348894925,1342.5761624208094,1920.1372973103016,1.8970863123384865,583.2052316904606,0.5899818409780763,448.1409580537317,0.10395,371.55625540529974,1.2782752909096788,3323.0397424597936,3.869293444226242
compressed_hydrogen,SMRCCS,,wind,SMRCCS_H_wind_E,Thailand,1,2024,584.1243296041458,2392.1125161316663,2976.236845735812,1.8970863123384865,202.49409307689865,0.2051733881796016,436.52271894070594,0.109692,673.7511657989664,2.3179248227780604,4289.004823552383,4.529876523296148
compressed_hydrogen,SMRCCS,,wind,SMRCCS_H_wind_E,Russia,1,2024,620.2219005347391,1228.0630413190652,1848.2849418538044,1.8970863123384865,2493.0148831277284,2.5203453700975524,454.19840381906425,0.088902,90.31278201930088,0.3107055688852698,4885.811010819898,4.817039251321309
compressed_hydrogen,SMRCCS,,wind,SMRCCS_H_wind_E,Saudi Arabia,1,2024,626.7850952493924,595.728834603265,1222.5139298526574,1.8970863123384865,512.660239354775,0.5186776247362443,454.4601647060385,0.109296,282.0653458951686,0.9703972328130612,2471.6996798086398,3.495457169887792
