Fuel,Hydrogen Source,Carbon Source,Electricity Source,Pathway Name,Region,Number,Year,CapEx [$/tonne],OpEx [$/tonne],Fuel Production LCOF [$/tonne],Fuel Production Emissions [kg CO2e / kg fuel],Land Transport Cost [$/tonne],Land Transport Emissions [kg CO2e / kg fuel],Fuel Storage Cost [$/tonne],Fuel Storage Emissions [kg CO2e / kg fuel],Tanker Transport Cost [$/tonne],Tanker Transport Emissions [kg CO2e / kg fuel],Final LCOF [$/tonne],Final Emissions [kg CO2e / kg fuel]
FTdiesel,ATRCCS,BEC,grid,ATRCCS_H_BEC_C_grid_E,South Africa,1,2024,534.5250098309498,783.3548740146193,1317.879883845569,-0.6830747438595287,24.44615260753832,0.0610332155761023,2.3548013591949744,0.0004340817049999,25.733697572901107,0.088532353506738,1370.4145353852034,-0.5330750930716884
FTdiesel,ATRCCS,BEC,grid,ATRCCS_H_BEC_C_grid_E,Taiwan,1,2024,525.9497422935549,1756.8982922282055,2282.8480345217604,-0.8346272780210192,6.501058897936567,0.0172561782346967,2.3668873873897067,0.0003893878199999,36.79678971799583,0.1265930162580772,2328.512770525083,-0.6903886957082455
FTdiesel,ATRCCS,BEC,grid,ATRCCS_H_BEC_C_grid_E,Switzerland,1,2024,631.7113752547588,6273.854001082822,6905.56537633758,-2.0781884829899635,27.41176540843376,0.0682678249030787,2.8910917913213336,2.2653065e-05,0.0,0.0,6935.868233537336,-2.009898005021885
FTdiesel,ATRCCS,BEC,grid,ATRCCS_H_BEC_C_grid_E,Singapore,1,2024,528.8081648060198,6672.920847002205,7201.729011808225,-1.119047787337789,0.9735209932027128,0.0037717552956236,2.4514301546581305,0.000305510255,30.63239601191193,0.1053854816161674,7235.786358967996,-1.009585040170998
FTdiesel,ATRCCS,BEC,grid,ATRCCS_H_BEC_C_grid_E,Hungary,1,2024,514.5160522436948,2673.8013791320823,3188.3174313757772,-1.775083414666982,51.39093714238112,0.1267649892757182,2.336063308316018,0.0001120408349999,0.0,0.0,3242.0444318264745,-1.648206384556264
FTdiesel,ATRCCS,BEC,grid,ATRCCS_H_BEC_C_grid_E,Philippines,1,2024,511.65762973123,1658.913460685694,2170.571090416924,-0.8823767065924479,10.06971863492859,0.0259619199317423,2.293153201047596,0.0003753061849999,35.39164686791369,0.1217588643380695,2218.3256091208136,-0.7342806161376362
FTdiesel,ATRCCS,BEC,grid,ATRCCS_H_BEC_C_grid_E,Netherlands,1,2024,585.9766150553191,4382.648616880025,4968.625231935344,-1.629759066840895,5.099956915719565,0.0138381914140532,2.663713825026576,0.000154897985,0.0,0.0,4976.38890267609,-1.6157659774418418
FTdiesel,ATRCCS,BEC,grid,ATRCCS_H_BEC_C_grid_E,Norway,1,2024,648.8619103295486,3186.0100901731503,3834.872000502699,-2.090644855660771,21.492878472425655,0.0538287064114019,2.867531979931867,1.8979595e-05,2.1530564189422923,0.0074072197149964,3861.385467373999,-2.029389949939372
FTdiesel,ATRCCS,BEC,grid,ATRCCS_H_BEC_C_grid_E,Oman,1,2024,545.9586998808096,752.7942715856176,1298.7529714664272,-1.0235489301949323,18.275013143264257,0.0459787273054728,2.471951983268664,0.000333673525,21.828982172169688,0.0750988528128933,1341.3289187651296,-0.9021376765515662
FTdiesel,ATRCCS,BEC,grid,ATRCCS_H_BEC_C_grid_E,Italy,1,2024,548.8171223932745,5286.803698721239,5835.620821114513,-1.5570968929278517,12.655781401551565,0.0322706173469638,2.6422090505370863,0.00017632656,8.220338878891056,0.0282806598433619,5859.139150445493,-1.496369289177526
FTdiesel,ATRCCS,BEC,grid,ATRCCS_H_BEC_C_grid_E,Austria,1,2024,594.551882592714,4294.564911632388,4889.116794225102,-1.9411683836110811,36.6020747526678,0.090687574939064,2.7373420968318425,6.3061235e-05,0.0,0.0,4928.456211074602,-1.850417747437017
FTdiesel,ATRCCS,BEC,grid,ATRCCS_H_BEC_C_grid_E,Finland,1,2024,617.419262692434,4178.085052642671,4795.504315335105,-2.00552630907692,18.609053110807498,0.0467936174570265,2.7347045299792216,4.408164e-05,4.192847591547009,0.0144247698615068,4821.04092056744,-1.944263840118387
FTdiesel,ATRCCS,BEC,grid,ATRCCS_H_BEC_C_grid_E,Portugal,1,2024,520.2328972686249,3670.5244080018974,4190.757305270522,-1.9224838246048703,9.084205983650287,0.0235577628493887,2.330046772852863,6.857144e-05,4.143956778158924,0.0142565694401781,4206.315514805185,-1.8846009208753036
FTdiesel,ATRCCS,BEC,grid,ATRCCS_H_BEC_C_grid_E,Germany,1,2024,588.8350375677842,4037.588803490713,4626.423841058497,-1.440837414666982,19.030138664003527,0.0478208552237663,2.708460667294999,0.00021061228,0.0,0.0,4648.162440389796,-1.3928059471632157
FTdiesel,ATRCCS,BEC,grid,ATRCCS_H_BEC_C_grid_E,Greece,1,2024,525.9497422935549,2397.2651747983223,2923.2149170918774,-1.4906629053502118,8.004327760205324,0.020923401052402,2.410356782389708,0.0001959184,10.358938767360106,0.0356381443556068,2943.9885404018323,-1.433905441542203
FTdiesel,ATRCCS,BEC,grid,ATRCCS_H_BEC_C_grid_E,France,1,2024,577.4013475179243,4203.3216571676685,4780.723004685593,-2.063656048207355,26.000539162622182,0.0648251399519821,2.600493718221309,2.693878e-05,0.0,0.0,4809.324037566436,-1.9988039694753728
FTdiesel,ATRCCS,BEC,grid,ATRCCS_H_BEC_C_grid_E,Brazil,1,2024,525.9497422935549,3935.3106942487702,4461.260436542326,-1.9411683836110811,68.70691010575452,0.1690072872145006,2.341785342389707,6.3061235e-05,19.977224732517392,0.0687282003331398,4552.286356722987,-1.7033698348284407
FTdiesel,ATRCCS,BEC,grid,ATRCCS_H_BEC_C_grid_E,United Kingdom,1,2024,608.8439951550389,3750.951856476534,4359.795851631573,-1.716953675536547,12.86735560697842,0.0327867523998833,2.890055888173955,0.000129183695,1.9497081405631156,0.0067076349928456,4377.502971267289,-1.6773301044488182
FTdiesel,ATRCCS,BEC,grid,ATRCCS_H_BEC_C_grid_E,Spain,1,2024,531.6665873184847,3102.1911444872717,3633.857731805757,-1.851897712803628,21.30530921537091,0.0533711314049369,2.371891261926552,8.938776999999999e-05,5.112561911371392,0.0175888885450824,3662.6474941944257,-1.7808483050836088
FTdiesel,ATRCCS,BEC,grid,ATRCCS_H_BEC_C_grid_E,Sweden,1,2024,628.8529527422938,5855.25565164629,6484.108604388584,-2.0802645451017647,22.479466319457497,0.056235486432672,2.7492758002216604,2.204082e-05,1.7821060346122866,0.0061310288191515,6511.1194525428755,-2.0178759890299416
FTdiesel,ATRCCS,BEC,grid,ATRCCS_H_BEC_C_grid_E,Czech Republic,1,2024,520.2328972686249,3300.60565030268,3820.838547571305,-1.295513066840895,34.87658103327972,0.0864782348147717,2.379638617852863,0.00025346943,0.0,0.0,3858.0947672224374,-1.2087813625961232
FTdiesel,ATRCCS,BEC,grid,ATRCCS_H_BEC_C_grid_E,Japan,1,2024,617.419262692434,3411.8456419200193,4029.2649046124534,-1.1543408432384106,9.189850389558206,0.0238154822671406,2.7830718849792215,0.0002951020899999,41.5157136886971,0.1428276612779785,4082.7535405756876,-0.9874025976032915
FTdiesel,ATRCCS,BEC,grid,ATRCCS_H_BEC_C_grid_E,Belgium,1,2024,585.9766150553191,2845.5835905735144,3431.5602056288335,-1.8685062096980376,6.865350398628882,0.0181448669697369,2.681468930026576,8.448981e-05,0.0,0.0,3441.107024957489,-1.8502768529183007
FTdiesel,ATRCCS,BEC,grid,ATRCCS_H_BEC_C_grid_E,Poland,1,2024,528.8081648060198,3987.417525876677,4516.225690682697,-0.8782245823688454,11.190987172400249,0.0286972533565199,2.5279607796581307,0.000376530675,3.1210422628166983,0.0107374082616145,4533.065680897572,-0.838413390075711
FTdiesel,ATRCCS,BEC,grid,ATRCCS_H_BEC_C_grid_E,India,1,2024,505.9407847063,2349.0095482710003,2854.9503329773,-0.6851508059713302,41.14883202778633,0.1017793845576825,2.2544758515107515,0.0004334694599999,23.047722644092165,0.0792917194612848,2921.4013635006895,-0.503646232492363
FTdiesel,ATRCCS,BEC,grid,ATRCCS_H_BEC_C_grid_E,Indonesia,1,2024,460.2060245068605,3378.419307399512,3838.6253319063726,-0.8138666569030066,14.61998306903098,0.0370622852610349,2.0234244152159944,0.00039551027,34.81377148720778,0.1197707836379461,3890.0825108778276,-0.6566380777340256
FTdiesel,ATRCCS,BEC,grid,ATRCCS_H_BEC_C_grid_E,South Korea,1,2024,537.3834323434147,2634.197610681349,3171.581043024764,-1.295513066840895,7.475045488669049,0.0196322175044002,2.3830175864633967,0.00025346943,40.096881524802384,0.1379464136319763,3221.5359876246985,-1.1376809662745184
FTdiesel,ATRCCS,BEC,grid,ATRCCS_H_BEC_C_grid_E,China,1,2024,523.0913197810899,2273.124795867536,2796.2161156486263,-0.9924079985179134,78.01603497926587,0.1917168876099259,2.3068344201212856,0.0003428572,38.60635207087997,0.1328185038105044,2915.1453371188936,-0.667529749897483
FTdiesel,ATRCCS,BEC,grid,ATRCCS_H_BEC_C_grid_E,United Arab Emirates,1,2024,545.9586998808096,562.0808097073566,1108.0395095881663,-1.3598709923067338,10.874670054831256,0.0279255980789476,2.4162376882686636,0.000234489835,22.32807580562143,0.0768158984828572,1143.6584931368877,-1.2548950059099289
FTdiesel,ATRCCS,BEC,grid,ATRCCS_H_BEC_C_grid_E,United States,1,2024,571.6845024929944,1755.5482595437936,2327.232762036788,-1.357794930194932,88.15780465008372,0.2164577241177772,2.549571468684465,0.00023510208,12.124526609989683,0.0417123451807336,2430.0646647655453,-1.0993897588164212
FTdiesel,ATRCCS,BEC,grid,ATRCCS_H_BEC_C_grid_E,Turkey,1,2024,523.0913197810899,1545.766498699664,2068.857818480754,-1.1792535885800255,10.108447857063252,0.026056399828645,2.3417323851212855,0.00028775515,12.543720837841384,0.0431545107095316,2093.8517195607797,-1.1097549228918488
FTdiesel,ATRCCS,BEC,grid,ATRCCS_H_BEC_C_grid_E,Australia,1,2024,585.9766150553191,2311.8023062153156,2897.778921270635,-1.0090164954123235,78.5068587948625,0.1929142517948745,2.664326070026576,0.00033795924,35.416668795279044,0.1218449479687896,3014.366774930803,-0.6939193364086593
FTdiesel,ATRCCS,BEC,grid,ATRCCS_H_BEC_C_grid_E,Malaysia,1,2024,500.2239396813701,1429.4257098935468,1929.6496495749168,-0.901061265598659,7.736093501205551,0.0202690438580345,2.230492381973906,0.0003697959799999,30.229379424780753,0.1039989724734412,1969.8456148828768,-0.7764234532871834
FTdiesel,ATRCCS,BEC,grid,ATRCCS_H_BEC_C_grid_E,Canada,1,2024,583.1181925428542,1173.769480789584,1756.8876733324382,-1.7916919115613918,111.49795689848374,0.2733960011235748,2.5742730977581543,0.0001071428749999,10.986441676095902,0.0377969600168744,1881.946345004776,-1.4803918075459428
FTdiesel,ATRCCS,BEC,grid,ATRCCS_H_BEC_C_grid_E,Mexico,1,2024,503.0823621938351,1189.8010002484614,1692.8833624422964,-1.065070172430957,32.336047638495636,0.0802806062545461,2.2936065742423297,0.000321428625,18.507883738507395,0.0636731857579852,1746.0209003935418,-0.9207949517934257
FTdiesel,ATRCCS,BEC,grid,ATRCCS_H_BEC_C_grid_E,Thailand,1,2024,508.79920721876505,1516.8246532870633,2025.6238605058284,-1.0048643711887209,11.625348230281595,0.0297568767030589,2.267998198779174,0.00033918373,33.5607544318933,0.11545999430902,2073.0779613667823,-0.859308316446642
FTdiesel,ATRCCS,BEC,grid,ATRCCS_H_BEC_C_grid_E,Russia,1,2024,540.2418548558798,717.0455304215761,1257.287385277456,-1.2228508929278517,136.22976023609783,0.333729209506417,2.379397073731819,0.000274898005,4.498641714135814,0.0154768018629174,1400.3951843014213,-0.8733699835535171
FTdiesel,ATRCCS,BEC,grid,ATRCCS_H_BEC_C_grid_E,Saudi Arabia,1,2024,545.9586998808096,472.99348066593814,1018.9521805467476,-1.0090164954123235,28.498397559908987,0.0709186629004334,2.390523398268664,0.00033795924,14.05018096868029,0.0483372272806505,1063.8912824736055,-0.8894226459912397
FTdiesel,BG,BEC,grid,BG_H_BEC_C_grid_E,South Africa,1,2024,550.6624904,1107.2882485026612,1657.9507389026612,-1.6118000149442735,24.44615260753832,0.0610332155761023,2.3548013591949744,0.0004340817049999,25.733697572901107,0.088532353506738,1710.4853904422955,-1.4618003641564334
FTdiesel,BG,BEC,grid,BG_H_BEC_C_grid_E,Taiwan,1,2024,541.8283328,1218.1428055239076,1759.9711383239076,-1.6751859149442738,6.501058897936567,0.0172561782346967,2.3668873873897067,0.0003893878199999,36.79678971799583,0.1265930162580772,1805.6358743272297,-1.5309473326315
FTdiesel,BG,BEC,grid,BG_H_BEC_C_grid_E,Switzerland,1,2024,650.7829432000001,1702.23777882614,2353.02072202614,-2.195297614944274,27.41176540843376,0.0682678249030787,2.8910917913213336,2.2653065e-05,0.0,0.0,2383.323579225895,-2.127007136976195
FTdiesel,BG,BEC,grid,BG_H_BEC_C_grid_E,Singapore,1,2024,544.773052,1569.2415910479076,2114.0146430479076,-1.7941430149442736,0.9735209932027128,0.0037717552956236,2.4514301546581305,0.000305510255,30.63239601191193,0.1053854816161674,2148.0719902076808,-1.6846802677774826
FTdiesel,BG,BEC,grid,BG_H_BEC_C_grid_E,Hungary,1,2024,530.049456,1273.0750877279488,1803.1245437279488,-2.068525814944274,51.39093714238112,0.1267649892757182,2.336063308316018,0.0001120408349999,0.0,0.0,1856.8515441786458,-1.941648784833556
FTdiesel,BG,BEC,grid,BG_H_BEC_C_grid_E,Philippines,1,2024,527.1047368000001,1166.684616974866,1693.789353774866,-1.6951568149442735,10.06971863492859,0.0259619199317423,2.293153201047596,0.0003753061849999,35.39164686791369,0.1217588643380695,1741.543872478756,-1.5470607244894619
FTdiesel,BG,BEC,grid,BG_H_BEC_C_grid_E,Netherlands,1,2024,603.667436,1480.789699640996,2084.457135640996,-2.0077448149442736,5.099956915719565,0.0138381914140532,2.663713825026576,0.000154897985,0.0,0.0,2092.2208063817425,-1.9937517255452204
FTdiesel,BG,BEC,grid,BG_H_BEC_C_grid_E,Norway,1,2024,668.4512583999999,1415.298688884942,2083.749947284942,-2.2005074149442736,21.492878472425655,0.0538287064114019,2.867531979931867,1.8979595e-05,2.1530564189422923,0.0074072197149964,2110.263414156242,-2.139252509222875
FTdiesel,BG,BEC,grid,BG_H_BEC_C_grid_E,Oman,1,2024,562.4413672000001,1204.3867522025196,1766.8281194025196,-1.7542012149442738,18.275013143264257,0.0459787273054728,2.471951983268664,0.000333673525,21.828982172169688,0.0750988528128933,1809.404066701222,-1.6327899613009078
FTdiesel,BG,BEC,grid,BG_H_BEC_C_grid_E,Italy,1,2024,565.3860864,1677.5814623946076,2242.9675487946074,-1.9773543149442736,12.655781401551565,0.0322706173469638,2.6422090505370863,0.00017632656,8.220338878891056,0.0282806598433619,2266.485878125587,-1.916626711193948
FTdiesel,BG,BEC,grid,BG_H_BEC_C_grid_E,Austria,1,2024,612.5015936,1544.82726562812,2157.32885922812,-2.1379898149442735,36.6020747526678,0.090687574939064,2.7373420968318425,6.3061235e-05,0.0,0.0,2196.66827607762,-2.0472391787702096
FTdiesel,BG,BEC,grid,BG_H_BEC_C_grid_E,Finland,1,2024,636.0593472,1411.0928859524545,2047.1522331524543,-2.1649071149442736,18.609053110807498,0.0467936174570265,2.7347045299792216,4.408164e-05,4.192847591547009,0.0144247698615068,2072.688838384788,-2.10364464598574
FTdiesel,BG,BEC,grid,BG_H_BEC_C_grid_E,Portugal,1,2024,535.9388944,1284.0260453204055,1819.9649397204057,-2.1301751149442736,9.084205983650287,0.0235577628493887,2.330046772852863,6.857144e-05,4.143956778158924,0.0142565694401781,1835.523149255068,-2.0922922112147067
FTdiesel,BG,BEC,grid,BG_H_BEC_C_grid_E,Germany,1,2024,606.6121552,1549.2371781585389,2155.849333358539,-1.9287295149442736,19.030138664003527,0.0478208552237663,2.708460667294999,0.00021061228,0.0,0.0,2177.5879326898375,-1.8806980474405073
FTdiesel,BG,BEC,grid,BG_H_BEC_C_grid_E,Greece,1,2024,541.8283328,1325.7565142101162,1867.584847010116,-1.9495687149442735,8.004327760205324,0.020923401052402,2.410356782389708,0.0001959184,10.358938767360106,0.0356381443556068,1888.358470320071,-1.8928112511362647
FTdiesel,BG,BEC,grid,BG_H_BEC_C_grid_E,France,1,2024,594.8332784000002,1451.5466527251558,2046.379931125156,-2.189219514944274,26.000539162622182,0.0648251399519821,2.600493718221309,2.693878e-05,0.0,0.0,2074.980964006,-2.124367436212292
FTdiesel,BG,BEC,grid,BG_H_BEC_C_grid_E,Brazil,1,2024,541.8283328,1261.0805459338137,1802.9088787338137,-2.1379898149442735,68.70691010575452,0.1690072872145006,2.341785342389707,6.3061235e-05,19.977224732517392,0.0687282003331398,1893.9347989144756,-1.9001912661616331
FTdiesel,BG,BEC,grid,BG_H_BEC_C_grid_E,United Kingdom,1,2024,627.2251896,1598.7235865757016,2225.948776175702,-2.0442134149442737,12.86735560697842,0.0327867523998833,2.890055888173955,0.000129183695,1.9497081405631156,0.0067076349928456,2243.6558958114174,-2.004589843856545
FTdiesel,BG,BEC,grid,BG_H_BEC_C_grid_E,Spain,1,2024,547.7177712,1307.3616609988603,1855.0794321988603,-2.100652914944274,21.30530921537091,0.0533711314049369,2.371891261926552,8.938776999999999e-05,5.112561911371392,0.0175888885450824,1883.8691945875291,-2.0296035072242544
FTdiesel,BG,BEC,grid,BG_H_BEC_C_grid_E,Sweden,1,2024,647.838224,1441.6675677810426,2089.5057917810427,-2.1961659149442734,22.479466319457497,0.056235486432672,2.7492758002216604,2.204082e-05,1.7821060346122866,0.0061310288191515,2116.5166399353343,-2.1337773588724502
FTdiesel,BG,BEC,grid,BG_H_BEC_C_grid_E,Czech Republic,1,2024,535.9388944,1338.2537583580822,1874.1926527580824,-1.8679485149442736,34.87658103327972,0.0864782348147717,2.379638617852863,0.00025346943,0.0,0.0,1911.448872409215,-1.7812168106995019
FTdiesel,BG,BEC,grid,BG_H_BEC_C_grid_E,Japan,1,2024,636.0593472,1385.898111935398,2021.957459135398,-1.8089041149442735,9.189850389558206,0.0238154822671406,2.7830718849792215,0.0002951020899999,41.5157136886971,0.1428276612779785,2075.446095098632,-1.6419658693091546
FTdiesel,BG,BEC,grid,BG_H_BEC_C_grid_E,Belgium,1,2024,603.667436,1500.1245082756288,2103.791944275629,-2.1075993149442733,6.865350398628882,0.0181448669697369,2.681468930026576,8.448981e-05,0.0,0.0,2113.3387636042844,-2.0893699581645366
FTdiesel,BG,BEC,grid,BG_H_BEC_C_grid_E,Poland,1,2024,544.773052,1493.669326907851,2038.442378907851,-1.6934202149442736,11.190987172400249,0.0286972533565199,2.5279607796581307,0.000376530675,3.1210422628166983,0.0107374082616145,2055.2823691227263,-1.653609022651139
FTdiesel,BG,BEC,grid,BG_H_BEC_C_grid_E,India,1,2024,521.2152984,1170.542610131622,1691.757908531622,-1.612668314944274,41.14883202778633,0.1017793845576825,2.2544758515107515,0.0004334694599999,23.047722644092165,0.0792917194612848,1758.2089390550111,-1.431163741465307
FTdiesel,BG,BEC,grid,BG_H_BEC_C_grid_E,Indonesia,1,2024,474.0997912,1158.7504818407365,1632.8502730407365,-1.6665029149442736,14.61998306903098,0.0370622852610349,2.0234244152159944,0.00039551027,34.81377148720778,0.1197707836379461,1684.307452012191,-1.5092743357752927
FTdiesel,BG,BEC,grid,BG_H_BEC_C_grid_E,South Korea,1,2024,553.6072096,1264.3201203018532,1817.9273299018532,-1.8679485149442736,7.475045488669049,0.0196322175044002,2.3830175864633967,0.00025346943,40.096881524802384,0.1379464136319763,1867.8822745017883,-1.710116414377897
FTdiesel,BG,BEC,grid,BG_H_BEC_C_grid_E,China,1,2024,538.8836136,1152.374678066308,1691.258291666308,-1.7411767149442736,78.01603497926587,0.1917168876099259,2.3068344201212856,0.0003428572,38.60635207087997,0.1328185038105044,1810.187513136575,-1.4162984663238436
FTdiesel,BG,BEC,grid,BG_H_BEC_C_grid_E,United Arab Emirates,1,2024,562.4413672000001,1123.5341522025196,1685.9755194025197,-1.894865814944274,10.874670054831256,0.0279255980789476,2.4162376882686636,0.000234489835,22.32807580562143,0.0768158984828572,1721.594502951241,-1.7898898285474691
FTdiesel,BG,BEC,grid,BG_H_BEC_C_grid_E,United States,1,2024,588.94384,1331.9028425465183,1920.8466825465184,-1.8939975149442736,88.15780465008372,0.2164577241177772,2.549571468684465,0.00023510208,12.124526609989683,0.0417123451807336,2023.6785852752764,-1.6355923435657629
FTdiesel,BG,BEC,grid,BG_H_BEC_C_grid_E,Turkey,1,2024,538.8836136,1178.824454371376,1717.7080679713758,-1.8193237149442736,10.108447857063252,0.026056399828645,2.3417323851212855,0.00028775515,12.543720837841384,0.0431545107095316,1742.7019690514019,-1.749825049256097
FTdiesel,BG,BEC,grid,BG_H_BEC_C_grid_E,Australia,1,2024,603.667436,1421.7032750265696,2025.3707110265696,-1.7481231149442735,78.5068587948625,0.1929142517948745,2.664326070026576,0.00033795924,35.416668795279044,0.1218449479687896,2141.9585646867376,-1.4330259559406096
FTdiesel,BG,BEC,grid,BG_H_BEC_C_grid_E,Malaysia,1,2024,515.32586,1144.0041929669062,1659.3300529669064,-1.7029715149442737,7.736093501205551,0.0202690438580345,2.230492381973906,0.0003697959799999,30.229379424780753,0.1039989724734412,1699.5260182748664,-1.5783337026327982
FTdiesel,BG,BEC,grid,BG_H_BEC_C_grid_E,Canada,1,2024,600.7227168,1242.0772290180032,1842.7999458180032,-2.0754722149442735,111.49795689848374,0.2733960011235748,2.5742730977581543,0.0001071428749999,10.986441676095902,0.0377969600168744,1967.858617490341,-1.7641721109288244
FTdiesel,BG,BEC,grid,BG_H_BEC_C_grid_E,Mexico,1,2024,518.2705791999999,1204.6239224511385,1722.8945016511384,-1.7715672149442736,32.336047638495636,0.0802806062545461,2.2936065742423297,0.000321428625,18.507883738507395,0.0636731857579852,1776.0320396023837,-1.6272919943067423
FTdiesel,BG,BEC,grid,BG_H_BEC_C_grid_E,Thailand,1,2024,524.1600176000001,1142.8718526608077,1667.031870260808,-1.7463865149442734,11.625348230281595,0.0297568767030589,2.267998198779174,0.00033918373,33.5607544318933,0.11545999430902,1714.485971121762,-1.6008304602021945
FTdiesel,BG,BEC,grid,BG_H_BEC_C_grid_E,Russia,1,2024,556.5519288,1092.9561668436909,1649.508095643691,-1.8375580149442736,136.22976023609783,0.333729209506417,2.379397073731819,0.000274898005,4.498641714135814,0.0154768018629174,1792.6158946676562,-1.488077105569939
FTdiesel,BG,BEC,grid,BG_H_BEC_C_grid_E,Saudi Arabia,1,2024,562.4413672000001,1083.5763712271907,1646.0177384271908,-1.7481231149442735,28.498397559908987,0.0709186629004334,2.390523398268664,0.00033795924,14.05018096868029,0.0483372272806505,1690.9568403540486,-1.6285292655231896
FTdiesel,LTE,BEC,grid,LTE_H_BEC_C_grid_E,South Africa,1,2024,634.02504275,3144.8389248844933,3778.8639676344937,20.189984292553664,24.44615260753832,0.0610332155761023,2.3548013591949744,0.0004340817049999,25.733697572901107,0.088532353506738,3831.3986191741283,20.339983943341505
FTdiesel,LTE,BEC,grid,LTE_H_BEC_C_grid_E,Taiwan,1,2024,623.853518,5757.207821692692,6381.061339692692,17.806528750342565,6.501058897936567,0.0172561782346967,2.3668873873897067,0.0003893878199999,36.79678971799583,0.1265930162580772,6426.726075696014,17.95076733265534
FTdiesel,LTE,BEC,grid,LTE_H_BEC_C_grid_E,Switzerland,1,2024,749.30232325,9636.845080791718,10386.147404041718,-1.7508667261567354,27.41176540843376,0.0682678249030787,2.8910917913213336,2.2653065e-05,0.0,0.0,10416.450261241473,-1.6825762481886566
FTdiesel,LTE,BEC,grid,LTE_H_BEC_C_grid_E,Singapore,1,2024,627.24402625,9674.05304165774,10301.29706790774,13.333468349206663,0.9735209932027128,0.0037717552956236,2.4514301546581305,0.000305510255,30.63239601191193,0.1053854816161674,10335.354415067513,13.442931096373455
FTdiesel,LTE,BEC,grid,LTE_H_BEC_C_grid_E,Hungary,1,2024,610.2914850000001,6738.8269351041135,7349.118420104113,3.016044358265465,51.39093714238112,0.1267649892757182,2.336063308316018,0.0001120408349999,0.0,0.0,7402.8454205548105,3.142921388376183
FTdiesel,LTE,BEC,grid,LTE_H_BEC_C_grid_E,Philippines,1,2024,606.90097675,5081.492690505437,5688.393667255437,17.055577004166466,10.06971863492859,0.0259619199317423,2.293153201047596,0.0003753061849999,35.39164686791369,0.1217588643380695,5736.148185959328,17.203673094621276
FTdiesel,LTE,BEC,grid,LTE_H_BEC_C_grid_E,Netherlands,1,2024,695.0541912499999,7916.159989384088,8611.214180634088,5.301549672714464,5.099956915719565,0.0138381914140532,2.663713825026576,0.000154897985,0.0,0.0,8618.977851374833,5.315542762113518
FTdiesel,LTE,BEC,grid,LTE_H_BEC_C_grid_E,Norway,1,2024,769.64537275,4412.8321149917665,5182.477487741767,-1.946767181680935,21.492878472425655,0.0538287064114019,2.867531979931867,1.8979595e-05,2.1530564189422923,0.0074072197149964,5208.990954613067,-1.8855122759595369
FTdiesel,LTE,BEC,grid,LTE_H_BEC_C_grid_E,Oman,1,2024,647.5870757499999,6779.421580841059,7427.008656591059,14.835371841558866,18.275013143264257,0.0459787273054728,2.471951983268664,0.000333673525,21.828982172169688,0.0750988528128933,7469.584603889762,14.956783095202232
FTdiesel,LTE,BEC,grid,LTE_H_BEC_C_grid_E,Italy,1,2024,650.9775840000001,15275.23183044497,15926.20941444497,6.444302329938964,12.655781401551565,0.0322706173469638,2.6422090505370863,0.00017632656,8.220338878891056,0.0282806598433619,15949.72774377595,6.50502993368929
FTdiesel,LTE,BEC,grid,LTE_H_BEC_C_grid_E,Austria,1,2024,705.2257159999999,9888.414931725463,10593.640647725464,0.4040382846094646,36.6020747526678,0.090687574939064,2.7373420968318425,6.3061235e-05,0.0,0.0,10632.980064574964,0.4947889207835286
FTdiesel,LTE,BEC,grid,LTE_H_BEC_C_grid_E,Finland,1,2024,732.349782,4507.57879391346,5239.92857591346,-0.6081140689322355,18.609053110807498,0.0467936174570265,2.7347045299792216,4.408164e-05,4.192847591547009,0.0144247698615068,5265.465181145794,-0.5468515999737023
FTdiesel,LTE,BEC,grid,LTE_H_BEC_C_grid_E,Portugal,1,2024,617.0725015,5121.9014902348545,5738.973991734854,0.6978889678957647,9.084205983650287,0.0235577628493887,2.330046772852863,6.857144e-05,4.143956778158924,0.0142565694401781,5754.532201269517,0.7357718716253315
FTdiesel,LTE,BEC,grid,LTE_H_BEC_C_grid_E,Germany,1,2024,698.4446995,9681.660989417946,10380.105688917944,8.272706581498165,19.030138664003527,0.0478208552237663,2.708460667294999,0.00021061228,0.0,0.0,10401.844288249242,8.320738049001932
FTdiesel,LTE,BEC,grid,LTE_H_BEC_C_grid_E,Greece,1,2024,623.853518,8101.195095279394,8725.048613279394,7.489104759401363,8.004327760205324,0.020923401052402,2.410356782389708,0.0001959184,10.358938767360106,0.0356381443556068,8745.822236589349,7.545862223209372
FTdiesel,LTE,BEC,grid,LTE_H_BEC_C_grid_E,France,1,2024,684.8826665,6518.991442584173,7203.874109084172,-1.5223161947118355,26.000539162622182,0.0648251399519821,2.600493718221309,2.693878e-05,0.0,0.0,7232.475141965016,-1.4574641159798534
FTdiesel,LTE,BEC,grid,LTE_H_BEC_C_grid_E,Brazil,1,2024,623.853518,4417.869275837446,5041.722793837446,0.4040382846094646,68.70691010575452,0.1690072872145006,2.341785342389707,6.3061235e-05,19.977224732517392,0.0687282003331398,5132.748714018107,0.641836833392105
FTdiesel,LTE,BEC,grid,LTE_H_BEC_C_grid_E,United Kingdom,1,2024,722.17825725,14723.1476292999,15445.3258865499,3.930246484045064,12.86735560697842,0.0327867523998833,2.890055888173955,0.000129183695,1.9497081405631156,0.0067076349928456,15463.033006185615,3.969870055132793
FTdiesel,LTE,BEC,grid,LTE_H_BEC_C_grid_E,Spain,1,2024,630.6345345,4773.067305804197,5403.701840304197,1.8079915491995648,21.30530921537091,0.0533711314049369,2.371891261926552,8.938776999999999e-05,5.112561911371392,0.0175888885450824,5432.491602692866,1.879040956919584
FTdiesel,LTE,BEC,grid,LTE_H_BEC_C_grid_E,Sweden,1,2024,745.9118150000002,2671.6377919789325,3417.5496069789324,-1.7835168020774357,22.479466319457497,0.056235486432672,2.7492758002216604,2.204082e-05,1.7821060346122866,0.0061310288191515,3444.560455133224,-1.7211282460056123
FTdiesel,LTE,BEC,grid,LTE_H_BEC_C_grid_E,Czech Republic,1,2024,617.0725015,7777.076309837133,8394.148811337134,10.558211895947164,34.87658103327972,0.0864782348147717,2.379638617852863,0.00025346943,0.0,0.0,8431.405030988266,10.644943600191935
FTdiesel,LTE,BEC,grid,LTE_H_BEC_C_grid_E,Japan,1,2024,732.349782,7029.443050015912,7761.792832015913,12.778417058554766,9.189850389558206,0.0238154822671406,2.7830718849792215,0.0002951020899999,41.5157136886971,0.1428276612779785,7815.281467979147,12.945355304189885
FTdiesel,LTE,BEC,grid,LTE_H_BEC_C_grid_E,Belgium,1,2024,695.0541912499999,8904.426289503313,9599.480480753313,1.546790941833966,6.865350398628882,0.0181448669697369,2.681468930026576,8.448981e-05,0.0,0.0,9609.027300081969,1.565020298613703
FTdiesel,LTE,BEC,grid,LTE_H_BEC_C_grid_E,Poland,1,2024,627.24402625,13700.436339620974,14327.680365870974,17.12087715600786,11.190987172400249,0.0286972533565199,2.5279607796581307,0.000376530675,3.1210422628166983,0.0107374082616145,14344.52035608585,17.160688348300994
FTdiesel,LTE,BEC,grid,LTE_H_BEC_C_grid_E,India,1,2024,600.1199602500001,4324.985027236939,4925.104987486939,20.157334216632965,41.14883202778633,0.1017793845576825,2.2544758515107515,0.0004334694599999,23.047722644092165,0.0792917194612848,4991.556018010328,20.338838790111932
FTdiesel,LTE,BEC,grid,LTE_H_BEC_C_grid_E,Indonesia,1,2024,545.8718282499999,2491.866801670129,3037.738629920129,18.13302950954957,14.61998306903098,0.0370622852610349,2.0234244152159944,0.00039551027,34.81377148720778,0.1197707836379461,3089.195808891584,18.29025808871855
FTdiesel,LTE,BEC,grid,LTE_H_BEC_C_grid_E,South Korea,1,2024,637.415551,4038.2909121766593,4675.706463176659,10.558211895947164,7.475045488669049,0.0196322175044002,2.3830175864633967,0.00025346943,40.096881524802384,0.1379464136319763,4725.6614077765935,10.71604399651354
FTdiesel,LTE,BEC,grid,LTE_H_BEC_C_grid_E,China,1,2024,620.46300975,3193.300930280116,3813.763940030116,15.325122980369365,78.01603497926587,0.1917168876099259,2.3068344201212856,0.0003428572,38.60635207087997,0.1328185038105044,3932.693161500383,15.650001228989796
FTdiesel,LTE,BEC,grid,LTE_H_BEC_C_grid_E,United Arab Emirates,1,2024,647.5870757499999,3804.1811441393584,4451.768219889358,9.546059542405466,10.874670054831256,0.0279255980789476,2.4162376882686636,0.000234489835,22.32807580562143,0.0768158984828572,4487.387203438079,9.651035528802272
FTdiesel,LTE,BEC,grid,LTE_H_BEC_C_grid_E,United States,1,2024,678.10165,5118.961055655243,5797.062705655243,9.578709618326164,88.15780465008372,0.2164577241177772,2.549571468684465,0.00023510208,12.124526609989683,0.0417123451807336,5899.894608384001,9.837114789704675
FTdiesel,LTE,BEC,grid,LTE_H_BEC_C_grid_E,Turkey,1,2024,620.46300975,5061.554461077018,5682.017470827018,12.386616147506365,10.108447857063252,0.026056399828645,2.3417323851212855,0.00028775515,12.543720837841384,0.0431545107095316,5707.011371907043,12.45611481319454
FTdiesel,LTE,BEC,grid,LTE_H_BEC_C_grid_E,Australia,1,2024,695.0541912499999,7964.735271079288,8659.789462329287,15.063922373003768,78.5068587948625,0.1929142517948745,2.664326070026576,0.00033795924,35.416668795279044,0.1218449479687896,8776.377315989454,15.379019532007431
FTdiesel,LTE,BEC,grid,LTE_H_BEC_C_grid_E,Malaysia,1,2024,593.3389437500001,4362.8788275453635,4956.2177712953635,16.761726320880165,7.736093501205551,0.0202690438580345,2.230492381973906,0.0003697959799999,30.229379424780753,0.1039989724734412,4996.413736603324,16.88636413319164
FTdiesel,LTE,BEC,grid,LTE_H_BEC_C_grid_E,Canada,1,2024,691.663683,3785.641018796939,4477.304701796939,2.7548437508998647,111.49795689848374,0.2733960011235748,2.5742730977581543,0.0001071428749999,10.986441676095902,0.0377969600168744,4602.363373469277,3.066143854915314
FTdiesel,LTE,BEC,grid,LTE_H_BEC_C_grid_E,Mexico,1,2024,596.7294519999999,7078.088810529858,7674.818262529858,14.182370323144864,32.336047638495636,0.0802806062545461,2.2936065742423297,0.000321428625,18.507883738507395,0.0636731857579852,7727.955800481103,14.326645543782394
FTdiesel,LTE,BEC,grid,LTE_H_BEC_C_grid_E,Thailand,1,2024,603.5104685,4393.317129111463,4996.827597611463,15.129222524845163,11.625348230281595,0.0297568767030589,2.267998198779174,0.00033918373,33.5607544318933,0.11545999430902,5044.281698472418,15.274778579587243
FTdiesel,LTE,BEC,grid,LTE_H_BEC_C_grid_E,Russia,1,2024,640.80605925,3129.340213973529,3770.146273223529,11.700964553171668,136.22976023609783,0.333729209506417,2.379397073731819,0.000274898005,4.498641714135814,0.0154768018629174,3913.2540722474946,12.050445462546001
FTdiesel,LTE,BEC,grid,LTE_H_BEC_C_grid_E,Saudi Arabia,1,2024,647.5870757499999,2430.3441571147287,3077.9312328647284,15.063922373003768,28.498397559908987,0.0709186629004334,2.390523398268664,0.00033795924,14.05018096868029,0.0483372272806505,3122.870334791586,15.183516222424853
FTdiesel,SMR,BEC,grid,SMR_H_BEC_C_grid_E,South Africa,1,2024,415.5644569953527,621.7310658155741,1037.2955228109267,4.169460411496715,24.44615260753832,0.0610332155761023,2.3548013591949744,0.0004340817049999,25.733697572901107,0.088532353506738,1089.830174350561,4.319460062284555
FTdiesel,SMR,BEC,grid,SMR_H_BEC_C_grid_E,Taiwan,1,2024,408.89764752483904,1400.623089143658,1809.5207366684972,4.121560296819183,6.501058897936567,0.0172561782346967,2.3668873873897067,0.0003893878199999,36.79678971799583,0.1265930162580772,1855.1854726718193,4.265798879131958
FTdiesel,SMR,BEC,grid,SMR_H_BEC_C_grid_E,Switzerland,1,2024,491.12163099450777,5398.676768513183,5889.79839950769,3.7285168900816306,27.41176540843376,0.0682678249030787,2.8910917913213336,2.2653065e-05,0.0,0.0,5920.101256707446,3.796807368049709
FTdiesel,SMR,BEC,grid,SMR_H_BEC_C_grid_E,Singapore,1,2024,411.1199173483436,5737.340268179098,6148.460185527441,4.031665561054501,0.9735209932027128,0.0037717552956236,2.4514301546581305,0.000305510255,30.63239601191193,0.1053854816161674,6182.517532687213,4.141128308221292
FTdiesel,SMR,BEC,grid,SMR_H_BEC_C_grid_E,Hungary,1,2024,400.0085682308208,2202.0968213226697,2602.1053895534906,3.8243171194366927,51.39093714238112,0.1267649892757182,2.336063308316018,0.0001120408349999,0.0,0.0,2655.832390004188,3.951194149547411
FTdiesel,SMR,BEC,grid,SMR_H_BEC_C_grid_E,Philippines,1,2024,397.7862984073162,1336.1867932625946,1733.973091669911,4.106468479865988,10.06971863492859,0.0259619199317423,2.293153201047596,0.0003753061849999,35.39164686791369,0.1217588643380695,1781.7276103738009,4.2545645703208
FTdiesel,SMR,BEC,grid,SMR_H_BEC_C_grid_E,Netherlands,1,2024,455.56531381843473,3731.278083334023,4186.843397152458,3.870248736250765,5.099956915719565,0.0138381914140532,2.663713825026576,0.000154897985,0.0,0.0,4194.607067893204,3.884241825649818
FTdiesel,SMR,BEC,grid,SMR_H_BEC_C_grid_E,Norway,1,2024,504.4552499355352,2786.0386166091575,3290.4938665446925,3.72457989435471,21.492878472425655,0.0538287064114019,2.867531979931867,1.8979595e-05,2.1530564189422923,0.0074072197149964,3317.0073334159924,3.785834800076109
FTdiesel,SMR,BEC,grid,SMR_H_BEC_C_grid_E,Oman,1,2024,424.453536289371,460.2299006725102,884.6834369618813,4.061849194960891,18.275013143264257,0.0459787273054728,2.471951983268664,0.000333673525,21.828982172169688,0.0750988528128933,927.2593842605839,4.183260448604257
FTdiesel,SMR,BEC,grid,SMR_H_BEC_C_grid_E,Italy,1,2024,426.6758061128755,4266.885971525653,4693.561777638529,3.8932145446578006,12.655781401551565,0.0322706173469638,2.6422090505370863,0.00017632656,8.220338878891056,0.0282806598433619,4717.080106969509,3.9539421484081263
FTdiesel,SMR,BEC,grid,SMR_H_BEC_C_grid_E,Austria,1,2024,462.23212328894846,3576.4341907188614,4038.66631400781,3.771823843077754,36.6020747526678,0.090687574939064,2.7373420968318425,6.3061235e-05,0.0,0.0,4078.0057308573096,3.862574479251818
FTdiesel,SMR,BEC,grid,SMR_H_BEC_C_grid_E,Finland,1,2024,480.01028187698495,3678.789703962914,4158.799985839899,3.7514826984886662,18.609053110807498,0.0467936174570265,2.7347045299792216,4.408164e-05,4.192847591547009,0.0144247698615068,4184.336591072233,3.8127451674471997
FTdiesel,SMR,BEC,grid,SMR_H_BEC_C_grid_E,Portugal,1,2024,404.4531078778299,3176.2130251305985,3580.6661330084285,3.777729336668135,9.084205983650287,0.0235577628493887,2.330046772852863,6.857144e-05,4.143956778158924,0.0142565694401781,3596.2243425430906,3.815612240397702
FTdiesel,SMR,BEC,grid,SMR_H_BEC_C_grid_E,Germany,1,2024,457.78758364193936,3360.4570327281485,3818.244616370088,3.9299598381090575,19.030138664003527,0.0478208552237663,2.708460667294999,0.00021061228,0.0,0.0,3839.9832157013866,3.9779913056128238
FTdiesel,SMR,BEC,grid,SMR_H_BEC_C_grid_E,Greece,1,2024,408.89764752483904,1902.4580115232488,2311.3556590480875,3.914211855201376,8.004327760205324,0.020923401052402,2.410356782389708,0.0001959184,10.358938767360106,0.0356381443556068,2332.1292823580425,3.970969319009385
FTdiesel,SMR,BEC,grid,SMR_H_BEC_C_grid_E,France,1,2024,448.8985043479211,3620.302631681741,4069.2011360296615,3.733110051763038,26.000539162622182,0.0648251399519821,2.600493718221309,2.693878e-05,0.0,0.0,4097.802168910505,3.7979621304950197
FTdiesel,SMR,BEC,grid,SMR_H_BEC_C_grid_E,Brazil,1,2024,408.89764752483904,3434.944544364073,3843.842191888912,3.771823843077754,68.70691010575452,0.1690072872145006,2.341785342389707,6.3061235e-05,19.977224732517392,0.0687282003331398,3934.8681120695737,4.009622391860395
FTdiesel,SMR,BEC,grid,SMR_H_BEC_C_grid_E,United Kingdom,1,2024,473.3434724064713,2898.4686393547454,3371.812111761217,3.8426897661623216,12.86735560697842,0.0327867523998833,2.890055888173955,0.000129183695,1.9497081405631156,0.0067076349928456,3389.5192313969324,3.8823133372500505
FTdiesel,SMR,BEC,grid,SMR_H_BEC_C_grid_E,Spain,1,2024,413.3421871718482,2679.737877592702,3093.08006476455,3.800038979120684,21.30530921537091,0.0533711314049369,2.371891261926552,8.938776999999999e-05,5.112561911371392,0.0175888885450824,3121.869827153219,3.8710883868407033
FTdiesel,SMR,BEC,grid,SMR_H_BEC_C_grid_E,Sweden,1,2024,488.8993611710032,5274.088166343848,5762.987527514851,3.727860724127144,22.479466319457497,0.056235486432672,2.7492758002216604,2.204082e-05,1.7821060346122866,0.0061310288191515,5789.998375669142,3.7902492801989673
FTdiesel,SMR,BEC,grid,SMR_H_BEC_C_grid_E,Czech Republic,1,2024,404.4531078778299,2748.5032990424406,3152.95640692027,3.975891454923129,34.87658103327972,0.0864782348147717,2.379638617852863,0.00025346943,0.0,0.0,3190.212626571403,4.0626231591679005
FTdiesel,SMR,BEC,grid,SMR_H_BEC_C_grid_E,Japan,1,2024,480.01028187698495,2867.456503211035,3347.46678508802,4.020510739828227,9.189850389558206,0.0238154822671406,2.7830718849792215,0.0002951020899999,41.5157136886971,0.1428276612779785,3400.9554210512542,4.187448985463346
FTdiesel,SMR,BEC,grid,SMR_H_BEC_C_grid_E,Belgium,1,2024,455.56531381843473,2302.74796942546,2758.3132832438946,3.7947896514847903,6.865350398628882,0.0181448669697369,2.681468930026576,8.448981e-05,0.0,0.0,2767.86010257255,3.813019008264527
FTdiesel,SMR,BEC,grid,SMR_H_BEC_C_grid_E,Poland,1,2024,411.1199173483436,3138.7126403841175,3549.8325577324613,4.107780811774962,11.190987172400249,0.0286972533565199,2.5279607796581307,0.000376530675,3.1210422628166983,0.0107374082616145,3566.6725479473366,4.1475920040680965
FTdiesel,SMR,BEC,grid,SMR_H_BEC_C_grid_E,India,1,2024,393.3417587603071,1988.8536573766648,2382.1954161369717,4.168804245542229,41.14883202778633,0.1017793845576825,2.2544758515107515,0.0004334694599999,23.047722644092165,0.0792917194612848,2448.646446660361,4.350308819021196
FTdiesel,SMR,BEC,grid,SMR_H_BEC_C_grid_E,Indonesia,1,2024,357.78544158423415,2994.702191821352,3352.487633405586,4.128121956364051,14.61998306903098,0.0370622852610349,2.0234244152159944,0.00039551027,34.81377148720778,0.1197707836379461,3403.944812377041,4.285350535533032
FTdiesel,SMR,BEC,grid,SMR_H_BEC_C_grid_E,South Korea,1,2024,417.7867268188573,2269.686087721718,2687.472814540576,3.975891454923129,7.475045488669049,0.0196322175044002,2.3830175864633967,0.00025346943,40.096881524802384,0.1379464136319763,2737.4277591405107,4.133723555489506
FTdiesel,SMR,BEC,grid,SMR_H_BEC_C_grid_E,China,1,2024,406.67537770133447,1964.9442204067088,2371.619598108043,4.071691684278192,78.01603497926587,0.1917168876099259,2.3068344201212856,0.0003428572,38.60635207087997,0.1328185038105044,2490.5488195783105,4.396569932898622
FTdiesel,SMR,BEC,grid,SMR_H_BEC_C_grid_E,United Arab Emirates,1,2024,424.453536289371,395.85080978510103,820.304346074472,3.95555031033404,10.874670054831256,0.0279255980789476,2.4162376882686636,0.000234489835,22.32807580562143,0.0768158984828572,855.9233296231935,4.060526296730845
FTdiesel,SMR,BEC,grid,SMR_H_BEC_C_grid_E,United States,1,2024,444.453964700912,1448.371846088527,1892.825810789439,3.9562064762885263,88.15780465008372,0.2164577241177772,2.549571468684465,0.00023510208,12.124526609989683,0.0417123451807336,1995.657713518197,4.214611647667037
FTdiesel,SMR,BEC,grid,SMR_H_BEC_C_grid_E,Turkey,1,2024,406.67537770133447,1234.9748072841044,1641.650184985439,4.012636748374386,10.108447857063252,0.026056399828645,2.3417323851212855,0.00028775515,12.543720837841384,0.0431545107095316,1666.644086065465,4.082135414062563
FTdiesel,SMR,BEC,grid,SMR_H_BEC_C_grid_E,Australia,1,2024,455.56531381843473,1851.72562986735,2307.290943685785,4.066442356642298,78.5068587948625,0.1929142517948745,2.664326070026576,0.00033795924,35.416668795279044,0.1218449479687896,2423.878797345953,4.381539515645963
FTdiesel,SMR,BEC,grid,SMR_H_BEC_C_grid_E,Malaysia,1,2024,388.897219113298,1152.3591031298026,1541.2563222431006,4.100562986275608,7.736093501205551,0.0202690438580345,2.230492381973906,0.0003697959799999,30.229379424780753,0.1039989724734412,1581.4522875510606,4.225200798587084
FTdiesel,SMR,BEC,grid,SMR_H_BEC_C_grid_E,Canada,1,2024,453.3430439949302,966.1829524494136,1419.525996444344,3.819067791800799,111.49795689848374,0.2733960011235748,2.5742730977581543,0.0001071428749999,10.986441676095902,0.0377969600168744,1544.5846681166818,4.1303678958162475
FTdiesel,SMR,BEC,grid,SMR_H_BEC_C_grid_E,Mexico,1,2024,391.11948893680255,834.9464492566015,1226.065938193404,4.048725875871156,32.336047638495636,0.0802806062545461,2.2936065742423297,0.000321428625,18.507883738507395,0.0636731857579852,1279.2034761446494,4.193001096508688
FTdiesel,SMR,BEC,grid,SMR_H_BEC_C_grid_E,Thailand,1,2024,395.5640285838117,1231.7097073448747,1627.2737359286864,4.067754688551272,11.625348230281595,0.0297568767030589,2.267998198779174,0.00033918373,33.5607544318933,0.11545999430902,1674.7278367896404,4.213310743293351
FTdiesel,SMR,BEC,grid,SMR_H_BEC_C_grid_E,Russia,1,2024,420.00899664236186,553.4884584307786,973.4974550731404,3.998857263330165,136.22976023609783,0.333729209506417,2.379397073731819,0.000274898005,4.498641714135814,0.0154768018629174,1116.6052540971057,4.348338172704499
FTdiesel,SMR,BEC,grid,SMR_H_BEC_C_grid_E,Saudi Arabia,1,2024,424.453536289371,366.3991299476576,790.8526662370286,4.066442356642298,28.498397559908987,0.0709186629004334,2.390523398268664,0.00033795924,14.05018096868029,0.0483372272806505,835.7917681638866,4.186036206063382
FTdiesel,SMRCCS,BEC,grid,SMRCCS_H_BEC_C_grid_E,South Africa,1,2024,589.1331816957545,824.4336110054952,1413.5667927012496,-0.6939944411734112,24.44615260753832,0.0610332155761023,2.3548013591949744,0.0004340817049999,25.733697572901107,0.088532353506738,1466.101444240884,-0.543994790385571
FTdiesel,SMRCCS,BEC,grid,SMRCCS_H_BEC_C_grid_E,Taiwan,1,2024,579.6818472300471,1877.6989392534772,2457.3807864835244,-0.8063899567013614,6.501058897936567,0.0172561782346967,2.3668873873897067,0.0003893878199999,36.79678971799583,0.1265930162580772,2503.045522486847,-0.6621513743885876
FTdiesel,SMRCCS,BEC,grid,SMRCCS_H_BEC_C_grid_E,Switzerland,1,2024,696.2483056404371,7068.301928648427,7764.550234288864,-1.7286490498690632,27.41176540843376,0.0682678249030787,2.8910917913213336,2.2653065e-05,0.0,0.0,7794.85309148862,-1.6603585719009846
FTdiesel,SMRCCS,BEC,grid,SMRCCS_H_BEC_C_grid_E,Singapore,1,2024,582.8322920519496,7526.864022848596,8109.696314900545,-1.017324006390802,0.9735209932027128,0.0037717552956236,2.4514301546581305,0.000305510255,30.63239601191193,0.1053854816161674,8143.753662060317,-0.907861259224011
FTdiesel,SMRCCS,BEC,grid,SMRCCS_H_BEC_C_grid_E,Hungary,1,2024,567.0800679424375,2930.6816155651873,3497.7616835076246,-1.5038580188131625,51.39093714238112,0.1267649892757182,2.336063308316018,0.0001120408349999,0.0,0.0,3551.488683958322,-1.3769809887024445
FTdiesel,SMRCCS,BEC,grid,SMRCCS_H_BEC_C_grid_E,Philippines,1,2024,563.9296231205351,1786.1267990812396,2350.0564222017747,-0.841802242415647,10.06971863492859,0.0259619199317423,2.293153201047596,0.0003753061849999,35.39164686791369,0.1217588643380695,2397.810940905664,-0.6937061519608353
FTdiesel,SMRCCS,BEC,grid,SMRCCS_H_BEC_C_grid_E,Netherlands,1,2024,645.8411884899982,4905.209248022358,5551.050436512356,-1.396081497074032,5.099956915719565,0.0138381914140532,2.663713825026576,0.000154897985,0.0,0.0,5558.814107253102,-1.3820884076749789
FTdiesel,SMRCCS,BEC,grid,SMRCCS_H_BEC_C_grid_E,Norway,1,2024,715.1509745718516,3605.959557329224,4321.110531901076,-1.7378870374467028,21.492878472425655,0.0538287064114019,2.867531979931867,1.8979595e-05,2.1530564189422923,0.0074072197149964,4347.623998772376,-1.6766321317253046
FTdiesel,SMRCCS,BEC,grid,SMRCCS_H_BEC_C_grid_E,Oman,1,2024,601.7349609833642,693.1590158630204,1294.8939768463847,-0.9464994349622308,18.275013143264257,0.0459787273054728,2.471951983268664,0.000333673525,21.828982172169688,0.0750988528128933,1337.4699241450871,-0.8250881813188646
FTdiesel,SMRCCS,BEC,grid,SMRCCS_H_BEC_C_grid_E,Italy,1,2024,604.8854058052666,5751.207216064979,6356.092621870245,-1.3421932362044668,12.655781401551565,0.0322706173469638,2.6422090505370863,0.00017632656,8.220338878891056,0.0282806598433619,6379.610951201225,-1.2814656324541411
FTdiesel,SMRCCS,BEC,grid,SMRCCS_H_BEC_C_grid_E,Austria,1,2024,655.2925229557055,4744.395147008881,5399.687669964587,-1.6270311865150258,36.6020747526678,0.090687574939064,2.7373420968318425,6.3061235e-05,0.0,0.0,5439.027086814087,-1.5362805503409616
FTdiesel,SMRCCS,BEC,grid,SMRCCS_H_BEC_C_grid_E,Finland,1,2024,680.496081530925,4762.677809105506,5443.173890636431,-1.6747607889994978,18.609053110807498,0.0467936174570265,2.7347045299792216,4.408164e-05,4.192847591547009,0.0144247698615068,5468.710495868765,-1.6134983200409645
FTdiesel,SMRCCS,BEC,grid,SMRCCS_H_BEC_C_grid_E,Portugal,1,2024,573.3809575862423,4147.910311063191,4721.291268649434,-1.613174205148566,9.084205983650287,0.0235577628493887,2.330046772852863,6.857144e-05,4.143956778158924,0.0142565694401781,4736.849478184096,-1.5752913014189993
FTdiesel,SMRCCS,BEC,grid,SMRCCS_H_BEC_C_grid_E,Germany,1,2024,648.9916333119006,4460.592099164553,5109.583732476453,-1.2559720188131624,19.030138664003527,0.0478208552237663,2.708460667294999,0.00021061228,0.0,0.0,5131.322331807753,-1.2079405513093961
FTdiesel,SMRCCS,BEC,grid,SMRCCS_H_BEC_C_grid_E,Greece,1,2024,579.6818472300471,2569.455642408809,3149.137489638856,-1.2929239691237215,8.004327760205324,0.020923401052402,2.410356782389708,0.0001959184,10.358938767360106,0.0356381443556068,3169.911112948811,-1.2361665053157127
FTdiesel,SMRCCS,BEC,grid,SMRCCS_H_BEC_C_grid_E,France,1,2024,636.3898540242909,4730.251539369686,5366.641393393977,-1.71787139769515,26.000539162622182,0.0648251399519821,2.600493718221309,2.693878e-05,0.0,0.0,5395.24242627482,-1.653019318963168
FTdiesel,SMRCCS,BEC,grid,SMRCCS_H_BEC_C_grid_E,Brazil,1,2024,579.6818472300471,4466.930649311987,5046.612496542034,-1.6270311865150258,68.70691010575452,0.1690072872145006,2.341785342389707,6.3061235e-05,19.977224732517392,0.0687282003331398,5137.638416722695,-1.3892326377323854
FTdiesel,SMRCCS,BEC,grid,SMRCCS_H_BEC_C_grid_E,United Kingdom,1,2024,671.0447470652176,3983.935153647045,4654.979900712262,-1.4607474101175102,12.86735560697842,0.0327867523998833,2.890055888173955,0.000129183695,1.9497081405631156,0.0067076349928456,4672.6870203479775,-1.4211238390297813
FTdiesel,SMRCCS,BEC,grid,SMRCCS_H_BEC_C_grid_E,Spain,1,2024,585.9827368738521,3493.474703541339,4079.457440415191,-1.560825608875274,21.30530921537091,0.0533711314049369,2.371891261926552,8.938776999999999e-05,5.112561911371392,0.0175888885450824,4108.24720280386,-1.4897762011552549
FTdiesel,SMRCCS,BEC,grid,SMRCCS_H_BEC_C_grid_E,Sweden,1,2024,693.0978608185347,6772.972018639678,7466.069879458213,-1.7301887144653365,22.479466319457497,0.056235486432672,2.7492758002216604,2.204082e-05,1.7821060346122866,0.0061310288191515,7493.080727612504,-1.6678001583935131
FTdiesel,SMRCCS,BEC,grid,SMRCCS_H_BEC_C_grid_E,Czech Republic,1,2024,573.3809575862423,3655.6689363272712,4229.049893913513,-1.148195497074032,34.87658103327972,0.0864782348147717,2.379638617852863,0.00025346943,0.0,0.0,4266.306113564646,-1.0614637928292603
FTdiesel,SMRCCS,BEC,grid,SMRCCS_H_BEC_C_grid_E,Japan,1,2024,680.496081530925,3780.140802302784,4460.636883833709,-1.0434983045274482,9.189850389558206,0.0238154822671406,2.7830718849792215,0.0002951020899999,41.5157136886971,0.1428276612779785,4514.125519796944,-0.8765600588923291
FTdiesel,SMRCCS,BEC,grid,SMRCCS_H_BEC_C_grid_E,Belgium,1,2024,645.8411884899982,3080.407238650402,3726.248427140401,-1.5731429256454603,6.865350398628882,0.0181448669697369,2.681468930026576,8.448981e-05,0.0,0.0,3735.7952464690566,-1.5549135688657234
FTdiesel,SMRCCS,BEC,grid,SMRCCS_H_BEC_C_grid_E,Poland,1,2024,582.8322920519496,4284.165255279025,4866.997547330974,-0.8387229132231003,11.190987172400249,0.0286972533565199,2.5279607796581307,0.000376530675,3.1210422628166983,0.0107374082616145,4883.837537545849,-0.798911720929966
FTdiesel,SMRCCS,BEC,grid,SMRCCS_H_BEC_C_grid_E,India,1,2024,557.6287334767302,2609.156884611739,3166.785618088469,-0.6955341057696843,41.14883202778633,0.1017793845576825,2.2544758515107515,0.0004334694599999,23.047722644092165,0.0792917194612848,3233.2366486118585,-0.5140295322907171
FTdiesel,SMRCCS,BEC,grid,SMRCCS_H_BEC_C_grid_E,Indonesia,1,2024,507.22161632629127,3864.02803771994,4371.249654046232,-0.7909933107386284,14.61998306903098,0.0370622852610349,2.0234244152159944,0.00039551027,34.81377148720778,0.1197707836379461,4422.706833017687,-0.6337647315696474
FTdiesel,SMRCCS,BEC,grid,SMRCCS_H_BEC_C_grid_E,South Korea,1,2024,592.2836265176569,2949.499520081155,3541.783146598812,-1.148195497074032,7.475045488669049,0.0196322175044002,2.3830175864633967,0.00025346943,40.096881524802384,0.1379464136319763,3591.7380911987466,-0.9903633965076555
FTdiesel,SMRCCS,BEC,grid,SMRCCS_H_BEC_C_grid_E,China,1,2024,576.5314024081447,2552.7521857660818,3129.2835881742267,-0.9234044660181314,78.01603497926587,0.1917168876099259,2.3068344201212856,0.0003428572,38.60635207087997,0.1328185038105044,3248.212809644494,-0.5985262173977011
FTdiesel,SMRCCS,BEC,grid,SMRCCS_H_BEC_C_grid_E,United Arab Emirates,1,2024,601.7349609833642,546.598377771095,1148.3333387544592,-1.1959250995585042,10.874670054831256,0.0279255980789476,2.4162376882686636,0.000234489835,22.32807580562143,0.0768158984828572,1183.9523223031806,-1.0909491131616993
FTdiesel,SMRCCS,BEC,grid,SMRCCS_H_BEC_C_grid_E,United States,1,2024,630.0889643804861,1906.4983012141304,2536.587265594617,-1.1943854349622305,88.15780465008372,0.2164577241177772,2.549571468684465,0.00023510208,12.124526609989683,0.0417123451807336,2639.4191683233744,-0.9359802635837197
FTdiesel,SMRCCS,BEC,grid,SMRCCS_H_BEC_C_grid_E,Turkey,1,2024,576.5314024081447,1652.6682065696702,2229.199608977815,-1.0619742796827276,10.108447857063252,0.026056399828645,2.3417323851212855,0.00028775515,12.543720837841384,0.0431545107095316,2254.1935100578407,-0.9924756139945511
FTdiesel,SMRCCS,BEC,grid,SMRCCS_H_BEC_C_grid_E,Australia,1,2024,645.8411884899982,2487.1085860523613,3132.9497745423596,-0.9357217827883176,78.5068587948625,0.1929142517948745,2.664326070026576,0.00033795924,35.416668795279044,0.1218449479687896,3249.5376282025277,-0.6206246237846534
FTdiesel,SMRCCS,BEC,grid,SMRCCS_H_BEC_C_grid_E,Malaysia,1,2024,551.3278438329253,1533.101782355786,2084.429626188711,-0.8556592237821068,7.736093501205551,0.0202690438580345,2.230492381973906,0.0003697959799999,30.229379424780753,0.1039989724734412,2124.6255914966714,-0.7310214114706313
FTdiesel,SMRCCS,BEC,grid,SMRCCS_H_BEC_C_grid_E,Canada,1,2024,642.6907436680957,1264.432260839188,1907.123004507284,-1.5161753355833487,111.49795689848374,0.2733960011235748,2.5742730977581543,0.0001071428749999,10.986441676095902,0.0377969600168744,2032.1816761796217,-1.2048752315678997
FTdiesel,SMRCCS,BEC,grid,SMRCCS_H_BEC_C_grid_E,Mexico,1,2024,554.4782886548277,1182.7363101541332,1737.214598808961,-0.9772927268876966,32.336047638495636,0.0802806062545461,2.2936065742423297,0.000321428625,18.507883738507395,0.0636731857579852,1790.3521367602063,-0.8330175062501654
FTdiesel,SMRCCS,BEC,grid,SMRCCS_H_BEC_C_grid_E,Thailand,1,2024,560.7791782986327,1637.153613706198,2197.932792004831,-0.9326424535957708,11.625348230281595,0.0297568767030589,2.267998198779174,0.00033918373,33.5607544318933,0.11545999430902,2245.386892865785,-0.7870863988536919
FTdiesel,SMRCCS,BEC,grid,SMRCCS_H_BEC_C_grid_E,Russia,1,2024,595.4340713395594,736.8432844867348,1332.2773558262943,-1.0943072362044666,136.22976023609783,0.333729209506417,2.379397073731819,0.000274898005,4.498641714135814,0.0154768018629174,1475.3851548502596,-0.7448263268301321
FTdiesel,SMRCCS,BEC,grid,SMRCCS_H_BEC_C_grid_E,Saudi Arabia,1,2024,601.7349609833642,480.0397443818504,1081.774705365215,-0.9357217827883176,28.498397559908987,0.0709186629004334,2.390523398268664,0.00033795924,14.05018096868029,0.0483372272806505,1126.7138072920727,-0.8161279333672338
FTdiesel,BG,BG,grid,BG_H_C_grid_E,South Africa,1,2024,550.6624904,971.2882485026612,1521.9507389026612,-1.494216293122654,24.44615260753832,0.0610332155761023,2.3548013591949744,0.0004340817049999,25.733697572901107,0.088532353506738,1574.4853904422955,-1.3442166423348139
FTdiesel,BG,BG,grid,BG_H_C_grid_E,Taiwan,1,2024,541.8283328,1082.1428055239076,1623.9711383239076,-1.557602193122654,6.501058897936567,0.0172561782346967,2.3668873873897067,0.0003893878199999,36.79678971799583,0.1265930162580772,1669.6358743272297,-1.4133636108098802
FTdiesel,BG,BG,grid,BG_H_C_grid_E,Switzerland,1,2024,650.7829432000001,1566.23777882614,2217.02072202614,-2.077713893122654,27.41176540843376,0.0682678249030787,2.8910917913213336,2.2653065e-05,0.0,0.0,2247.323579225895,-2.0094234151545756
FTdiesel,BG,BG,grid,BG_H_C_grid_E,Singapore,1,2024,544.773052,1433.2415910479076,1978.0146430479076,-1.6765592931226545,0.9735209932027128,0.0037717552956236,2.4514301546581305,0.000305510255,30.63239601191193,0.1053854816161674,2012.0719902076803,-1.5670965459558635
FTdiesel,BG,BG,grid,BG_H_C_grid_E,Hungary,1,2024,530.049456,1137.0750877279488,1667.1245437279488,-1.9509420931226544,51.39093714238112,0.1267649892757182,2.336063308316018,0.0001120408349999,0.0,0.0,1720.8515441786458,-1.8240650630119364
FTdiesel,BG,BG,grid,BG_H_C_grid_E,Philippines,1,2024,527.1047368000001,1030.684616974866,1557.789353774866,-1.577573093122654,10.06971863492859,0.0259619199317423,2.293153201047596,0.0003753061849999,35.39164686791369,0.1217588643380695,1605.543872478756,-1.4294770026678423
FTdiesel,BG,BG,grid,BG_H_C_grid_E,Netherlands,1,2024,603.667436,1344.789699640996,1948.457135640996,-1.890161093122654,5.099956915719565,0.0138381914140532,2.663713825026576,0.000154897985,0.0,0.0,1956.2208063817422,-1.8761680037236008
FTdiesel,BG,BG,grid,BG_H_C_grid_E,Norway,1,2024,668.4512583999999,1279.298688884942,1947.749947284942,-2.082923693122654,21.492878472425655,0.0538287064114019,2.867531979931867,1.8979595e-05,2.1530564189422923,0.0074072197149964,1974.2634141562417,-2.0216687874012553
FTdiesel,BG,BG,grid,BG_H_C_grid_E,Oman,1,2024,562.4413672000001,1068.3867522025196,1630.8281194025196,-1.636617493122654,18.275013143264257,0.0459787273054728,2.471951983268664,0.000333673525,21.828982172169688,0.0750988528128933,1673.404066701222,-1.515206239479288
FTdiesel,BG,BG,grid,BG_H_C_grid_E,Italy,1,2024,565.3860864,1541.5814623946071,2106.9675487946074,-1.8597705931226545,12.655781401551565,0.0322706173469638,2.6422090505370863,0.00017632656,8.220338878891056,0.0282806598433619,2130.485878125587,-1.7990429893723288
FTdiesel,BG,BG,grid,BG_H_C_grid_E,Austria,1,2024,612.5015936,1408.82726562812,2021.32885922812,-2.020406093122654,36.6020747526678,0.090687574939064,2.7373420968318425,6.3061235e-05,0.0,0.0,2060.66827607762,-1.9296554569485898
FTdiesel,BG,BG,grid,BG_H_C_grid_E,Finland,1,2024,636.0593472,1275.0928859524545,1911.1522331524543,-2.047323393122654,18.609053110807498,0.0467936174570265,2.7347045299792216,4.408164e-05,4.192847591547009,0.0144247698615068,1936.688838384788,-1.9860609241641207
FTdiesel,BG,BG,grid,BG_H_C_grid_E,Portugal,1,2024,535.9388944,1148.0260453204055,1683.9649397204057,-2.012591393122654,9.084205983650287,0.0235577628493887,2.330046772852863,6.857144e-05,4.143956778158924,0.0142565694401781,1699.523149255068,-1.9747084893930873
FTdiesel,BG,BG,grid,BG_H_C_grid_E,Germany,1,2024,606.6121552,1413.2371781585389,2019.8493333585384,-1.811145793122654,19.030138664003527,0.0478208552237663,2.708460667294999,0.00021061228,0.0,0.0,2041.5879326898369,-1.7631143256188877
FTdiesel,BG,BG,grid,BG_H_C_grid_E,Greece,1,2024,541.8283328,1189.7565142101164,1731.5848470101164,-1.8319849931226535,8.004327760205324,0.020923401052402,2.410356782389708,0.0001959184,10.358938767360106,0.0356381443556068,1752.3584703200715,-1.7752275293146447
FTdiesel,BG,BG,grid,BG_H_C_grid_E,France,1,2024,594.8332784000002,1315.5466527251556,1910.3799311251555,-2.0716357931226543,26.000539162622182,0.0648251399519821,2.600493718221309,2.693878e-05,0.0,0.0,1938.9809640059989,-2.0067837143906724
FTdiesel,BG,BG,grid,BG_H_C_grid_E,Brazil,1,2024,541.8283328,1125.0805459338133,1666.9088787338133,-2.020406093122654,68.70691010575452,0.1690072872145006,2.341785342389707,6.3061235e-05,19.977224732517392,0.0687282003331398,1757.934798914475,-1.7826075443400136
FTdiesel,BG,BG,grid,BG_H_C_grid_E,United Kingdom,1,2024,627.2251896,1462.7235865757016,2089.948776175702,-1.926629693122654,12.86735560697842,0.0327867523998833,2.890055888173955,0.000129183695,1.9497081405631156,0.0067076349928456,2107.6558958114174,-1.8870061220349252
FTdiesel,BG,BG,grid,BG_H_C_grid_E,Spain,1,2024,547.7177712,1171.36166099886,1719.07943219886,-1.9830691931226545,21.30530921537091,0.0533711314049369,2.371891261926552,8.938776999999999e-05,5.112561911371392,0.0175888885450824,1747.869194587529,-1.9120197854026353
FTdiesel,BG,BG,grid,BG_H_C_grid_E,Sweden,1,2024,647.838224,1305.6675677810426,1953.5057917810427,-2.078582193122654,22.479466319457497,0.056235486432672,2.7492758002216604,2.204082e-05,1.7821060346122866,0.0061310288191515,1980.5166399353343,-2.0161936370508307
FTdiesel,BG,BG,grid,BG_H_C_grid_E,Czech Republic,1,2024,535.9388944,1202.2537583580822,1738.1926527580822,-1.7503647931226545,34.87658103327972,0.0864782348147717,2.379638617852863,0.00025346943,0.0,0.0,1775.4488724092148,-1.6636330888778827
FTdiesel,BG,BG,grid,BG_H_C_grid_E,Japan,1,2024,636.0593472,1249.898111935398,1885.957459135398,-1.691320393122654,9.189850389558206,0.0238154822671406,2.7830718849792215,0.0002951020899999,41.5157136886971,0.1428276612779785,1939.4460950986324,-1.524382147487535
FTdiesel,BG,BG,grid,BG_H_C_grid_E,Belgium,1,2024,603.667436,1364.1245082756288,1967.7919442756288,-1.9900155931226535,6.865350398628882,0.0181448669697369,2.681468930026576,8.448981e-05,0.0,0.0,1977.3387636042842,-1.9717862363429166
FTdiesel,BG,BG,grid,BG_H_C_grid_E,Poland,1,2024,544.773052,1357.6693269078507,1902.4423789078508,-1.575836493122654,11.190987172400249,0.0286972533565199,2.5279607796581307,0.000376530675,3.1210422628166983,0.0107374082616145,1919.2823691227259,-1.5360253008295195
FTdiesel,BG,BG,grid,BG_H_C_grid_E,India,1,2024,521.2152984,1034.542610131622,1555.757908531622,-1.4950845931226544,41.14883202778633,0.1017793845576825,2.2544758515107515,0.0004334694599999,23.047722644092165,0.0792917194612848,1622.2089390550111,-1.3135800196436873
FTdiesel,BG,BG,grid,BG_H_C_grid_E,Indonesia,1,2024,474.0997912,1022.7504818407368,1496.8502730407367,-1.548919193122654,14.61998306903098,0.0370622852610349,2.0234244152159944,0.00039551027,34.81377148720778,0.1197707836379461,1548.3074520121913,-1.391690613953673
FTdiesel,BG,BG,grid,BG_H_C_grid_E,South Korea,1,2024,553.6072096,1128.3201203018532,1681.9273299018532,-1.7503647931226545,7.475045488669049,0.0196322175044002,2.3830175864633967,0.00025346943,40.096881524802384,0.1379464136319763,1731.8822745017883,-1.592532692556278
FTdiesel,BG,BG,grid,BG_H_C_grid_E,China,1,2024,538.8836136,1016.374678066308,1555.2582916663082,-1.6235929931226545,78.01603497926587,0.1917168876099259,2.3068344201212856,0.0003428572,38.60635207087997,0.1328185038105044,1674.1875131365753,-1.2987147445022245
FTdiesel,BG,BG,grid,BG_H_C_grid_E,United Arab Emirates,1,2024,562.4413672000001,987.5341522025196,1549.9755194025197,-1.777282093122654,10.874670054831256,0.0279255980789476,2.4162376882686636,0.000234489835,22.32807580562143,0.0768158984828572,1585.594502951241,-1.6723061067258491
FTdiesel,BG,BG,grid,BG_H_C_grid_E,United States,1,2024,588.94384,1195.9028425465183,1784.8466825465184,-1.7764137931226545,88.15780465008372,0.2164577241177772,2.549571468684465,0.00023510208,12.124526609989683,0.0417123451807336,1887.6785852752764,-1.5180086217441437
FTdiesel,BG,BG,grid,BG_H_C_grid_E,Turkey,1,2024,538.8836136,1042.824454371376,1581.7080679713758,-1.7017399931226542,10.108447857063252,0.026056399828645,2.3417323851212855,0.00028775515,12.543720837841384,0.0431545107095316,1606.7019690514019,-1.6322413274344776
FTdiesel,BG,BG,grid,BG_H_C_grid_E,Australia,1,2024,603.667436,1285.7032750265696,1889.3707110265696,-1.6305393931226542,78.5068587948625,0.1929142517948745,2.664326070026576,0.00033795924,35.416668795279044,0.1218449479687896,2005.9585646867376,-1.3154422341189902
FTdiesel,BG,BG,grid,BG_H_C_grid_E,Malaysia,1,2024,515.32586,1008.0041929669064,1523.3300529669064,-1.585387793122654,7.736093501205551,0.0202690438580345,2.230492381973906,0.0003697959799999,30.229379424780753,0.1039989724734412,1563.5260182748664,-1.4607499808111786
FTdiesel,BG,BG,grid,BG_H_C_grid_E,Canada,1,2024,600.7227168,1106.0772290180032,1706.7999458180032,-1.957888493122654,111.49795689848374,0.2733960011235748,2.5742730977581543,0.0001071428749999,10.986441676095902,0.0377969600168744,1831.858617490341,-1.6465883891072048
FTdiesel,BG,BG,grid,BG_H_C_grid_E,Mexico,1,2024,518.2705791999999,1068.6239224511387,1586.8945016511386,-1.653983493122654,32.336047638495636,0.0802806062545461,2.2936065742423297,0.000321428625,18.507883738507395,0.0636731857579852,1640.032039602384,-1.5097082724851227
FTdiesel,BG,BG,grid,BG_H_C_grid_E,Thailand,1,2024,524.1600176000001,1006.8718526608078,1531.031870260808,-1.628802793122654,11.625348230281595,0.0297568767030589,2.267998198779174,0.00033918373,33.5607544318933,0.11545999430902,1578.485971121762,-1.4832467383805752
FTdiesel,BG,BG,grid,BG_H_C_grid_E,Russia,1,2024,556.5519288,956.9561668436908,1513.508095643691,-1.7199742931226545,136.22976023609783,0.333729209506417,2.379397073731819,0.000274898005,4.498641714135814,0.0154768018629174,1656.6158946676562,-1.37049338374832
FTdiesel,BG,BG,grid,BG_H_C_grid_E,Saudi Arabia,1,2024,562.4413672000001,947.5763712271907,1510.0177384271908,-1.6305393931226542,28.498397559908987,0.0709186629004334,2.390523398268664,0.00033795924,14.05018096868029,0.0483372272806505,1554.9568403540486,-1.5109455437015702
FTdiesel,ATRCCS,DAC,grid,ATRCCS_H_DAC_C_grid_E,South Africa,1,2024,534.5250098309498,2007.354874014619,2541.8798838455687,2.0208143707805615,24.44615260753832,0.0610332155761023,2.3548013591949744,0.0004340817049999,25.733697572901107,0.088532353506738,2594.414535385203,2.1708140215684018
FTdiesel,ATRCCS,DAC,grid,ATRCCS_H_DAC_C_grid_E,Taiwan,1,2024,525.9497422935549,2980.8982922282053,3506.8480345217604,1.6071350588412925,6.501058897936567,0.0172561782346967,2.3668873873897067,0.0003893878199999,36.79678971799583,0.1265930162580772,3552.512770525083,1.7513736411540664
FTdiesel,ATRCCS,DAC,grid,ATRCCS_H_DAC_C_grid_E,Switzerland,1,2024,631.7113752547588,7497.854001082822,8129.56537633758,-1.7873020350165407,27.41176540843376,0.0682678249030787,2.8910917913213336,2.2653065e-05,0.0,0.0,8159.868233537336,-1.7190115570484619
FTdiesel,ATRCCS,DAC,grid,ATRCCS_H_DAC_C_grid_E,Singapore,1,2024,528.8081648060198,7896.920847002205,8425.729011808226,0.830777993968967,0.9735209932027128,0.0037717552956236,2.4514301546581305,0.000305510255,30.63239601191193,0.1053854816161674,8459.786358967998,0.9402407411357581
FTdiesel,ATRCCS,DAC,grid,ATRCCS_H_DAC_C_grid_E,Hungary,1,2024,514.5160522436948,3897.801379132082,4412.317431375776,-0.959943411138004,51.39093714238112,0.1267649892757182,2.336063308316018,0.0001120408349999,0.0,0.0,4466.044431826474,-0.8330663810272858
FTdiesel,ATRCCS,DAC,grid,ATRCCS_H_DAC_C_grid_E,Philippines,1,2024,511.65762973123,2882.913460685694,3394.571090416925,1.4767977413809743,10.06971863492859,0.0259619199317423,2.293153201047596,0.0003753061849999,35.39164686791369,0.1217588643380695,3442.3256091208145,1.624893831835786
FTdiesel,ATRCCS,DAC,grid,ATRCCS_H_DAC_C_grid_E,Netherlands,1,2024,585.9766150553191,5606.648616880025,6192.625231935344,-0.5632646188674724,5.099956915719565,0.0138381914140532,2.663713825026576,0.000154897985,0.0,0.0,6200.38890267609,-0.5492715294684192
FTdiesel,ATRCCS,DAC,grid,ATRCCS_H_DAC_C_grid_E,Norway,1,2024,648.8619103295486,4410.0100901731485,5058.872000502697,-1.8213030743540148,21.492878472425655,0.0538287064114019,2.867531979931867,1.8979595e-05,2.1530564189422923,0.0074072197149964,5085.385467373997,-1.7600481686326166
FTdiesel,ATRCCS,DAC,grid,ATRCCS_H_DAC_C_grid_E,Oman,1,2024,545.9586998808096,1976.7942715856177,2522.7529714664274,1.0914526288896012,18.275013143264257,0.0459787273054728,2.471951983268664,0.000333673525,21.828982172169688,0.0750988528128933,2565.3289187651303,1.2128638825329672
FTdiesel,ATRCCS,DAC,grid,ATRCCS_H_DAC_C_grid_E,Italy,1,2024,548.8171223932745,6510.803698721239,7059.620821114513,-0.3649252227322066,12.655781401551565,0.0322706173469638,2.6422090505370863,0.00017632656,8.220338878891056,0.0282806598433619,7083.139150445493,-0.3041976189818809
FTdiesel,ATRCCS,DAC,grid,ATRCCS_H_DAC_C_grid_E,Austria,1,2024,594.551882592714,5518.564911632388,6113.116794225102,-1.4132906023043252,36.6020747526678,0.090687574939064,2.7373420968318425,6.3061235e-05,0.0,0.0,6152.456211074602,-1.322539966130261
FTdiesel,ATRCCS,DAC,grid,ATRCCS_H_DAC_C_grid_E,Finland,1,2024,617.419262692434,5402.085052642671,6019.504315335105,-1.588962638881275,18.609053110807498,0.0467936174570265,2.7347045299792216,4.408164e-05,4.192847591547009,0.0144247698615068,6045.04092056744,-1.5277001699227417
FTdiesel,ATRCCS,DAC,grid,ATRCCS_H_DAC_C_grid_E,Portugal,1,2024,520.2328972686249,4894.524408001898,5414.757305270523,-1.362289043298114,9.084205983650287,0.0235577628493887,2.330046772852863,6.857144e-05,4.143956778158924,0.0142565694401781,5430.315514805186,-1.3244061395685474
FTdiesel,ATRCCS,DAC,grid,ATRCCS_H_DAC_C_grid_E,Germany,1,2024,588.8350375677842,5261.588803490713,5850.423841058497,-0.0475821889157817,19.030138664003527,0.0478208552237663,2.708460667294999,0.00021061228,0.0,0.0,5872.162440389796,0.00044927858798460155
FTdiesel,ATRCCS,DAC,grid,ATRCCS_H_DAC_C_grid_E,Greece,1,2024,525.9497422935549,3621.2651747983223,4147.214917091877,-0.1835863462656776,8.004327760205324,0.020923401052402,2.410356782389708,0.0001959184,10.358938767360106,0.0356381443556068,4167.988540401832,-0.1268288824576688
FTdiesel,ATRCCS,DAC,grid,ATRCCS_H_DAC_C_grid_E,France,1,2024,577.4013475179243,5427.3216571676685,6004.723004685593,-1.7476341557894874,26.000539162622182,0.0648251399519821,2.600493718221309,2.693878e-05,0.0,0.0,6033.324037566436,-1.6827820770575053
FTdiesel,ATRCCS,DAC,grid,ATRCCS_H_DAC_C_grid_E,Brazil,1,2024,525.9497422935549,5159.310694248772,5685.260436542327,-1.4132906023043252,68.70691010575452,0.1690072872145006,2.341785342389707,6.3061235e-05,19.977224732517392,0.0687282003331398,5776.286356722988,-1.1754920535216848
FTdiesel,ATRCCS,DAC,grid,ATRCCS_H_DAC_C_grid_E,United Kingdom,1,2024,608.8439951550389,4974.951856476533,5583.795851631572,-0.8012718942297907,12.86735560697842,0.0327867523998833,2.890055888173955,0.000129183695,1.9497081405631156,0.0067076349928456,5601.502971267288,-0.7616483231420619
FTdiesel,ATRCCS,DAC,grid,ATRCCS_H_DAC_C_grid_E,Spain,1,2024,531.6665873184847,4326.191144487271,4857.857731805756,-1.1696164870524275,21.30530921537091,0.0533711314049369,2.371891261926552,8.938776999999999e-05,5.112561911371392,0.0175888885450824,4886.647494194425,-1.0985670793324083
FTdiesel,ATRCCS,DAC,grid,ATRCCS_H_DAC_C_grid_E,Sweden,1,2024,628.8529527422938,7079.255651646291,7708.108604388584,-1.7929688749061197,22.479466319457497,0.056235486432672,2.7492758002216604,2.204082e-05,1.7821060346122866,0.0061310288191515,7735.1194525428755,-1.7305803188342963
FTdiesel,ATRCCS,DAC,grid,ATRCCS_H_DAC_C_grid_E,Czech Republic,1,2024,520.2328972686249,4524.60565030268,5044.838547571305,0.3490966033547502,34.87658103327972,0.0864782348147717,2.379638617852863,0.00025346943,0.0,0.0,5082.094767222437,0.43582830759952185
FTdiesel,ATRCCS,DAC,grid,ATRCCS_H_DAC_C_grid_E,Japan,1,2024,617.419262692434,4635.84564192002,5253.264904612454,0.7344417158461237,9.189850389558206,0.0238154822671406,2.7830718849792215,0.0002951020899999,41.5157136886971,0.1428276612779785,5306.753540575689,0.9013799614812428
FTdiesel,ATRCCS,DAC,grid,ATRCCS_H_DAC_C_grid_E,Belgium,1,2024,585.9766150553191,4069.5835905735144,4655.5602056288335,-1.2149512061690595,6.865350398628882,0.0181448669697369,2.681468930026576,8.448981e-05,0.0,0.0,4665.107024957489,-1.1967218493893226
FTdiesel,ATRCCS,DAC,grid,ATRCCS_H_DAC_C_grid_E,Poland,1,2024,528.8081648060198,5211.417525876677,5740.225690682697,1.4881314211601326,11.190987172400249,0.0286972533565199,2.5279607796581307,0.000376530675,3.1210422628166983,0.0107374082616145,5757.065680897572,1.5279426134532672
FTdiesel,ATRCCS,DAC,grid,ATRCCS_H_DAC_C_grid_E,India,1,2024,505.9407847063,3573.009548271,4078.9503329773,2.015147530890981,41.14883202778633,0.1017793845576825,2.2544758515107515,0.0004334694599999,23.047722644092165,0.0792917194612848,4145.4013635006895,2.1966521043699485
FTdiesel,ATRCCS,DAC,grid,ATRCCS_H_DAC_C_grid_E,Indonesia,1,2024,460.2060245068605,4602.419307399511,5062.625331906372,1.6638034577370826,14.61998306903098,0.0370622852610349,2.0234244152159944,0.00039551027,34.81377148720778,0.1197707836379461,5114.082510877827,1.8210320369060635
FTdiesel,ATRCCS,DAC,grid,ATRCCS_H_DAC_C_grid_E,South Korea,1,2024,537.3834323434147,3858.197610681349,4395.581043024764,0.3490966033547502,7.475045488669049,0.0196322175044002,2.3830175864633967,0.00025346943,40.096881524802384,0.1379464136319763,4445.5359876246985,0.5069287039211267
FTdiesel,ATRCCS,DAC,grid,ATRCCS_H_DAC_C_grid_E,China,1,2024,523.0913197810899,3497.124795867536,4020.2161156486263,1.1764552272332875,78.01603497926587,0.1917168876099259,2.3068344201212856,0.0003428572,38.60635207087997,0.1328185038105044,4139.145337118894,1.5013334758537178
FTdiesel,ATRCCS,DAC,grid,ATRCCS_H_DAC_C_grid_E,United Arab Emirates,1,2024,545.9586998808096,1786.0808097073568,2332.0395095881663,0.1734245667778003,10.874670054831256,0.0279255980789476,2.4162376882686636,0.000234489835,22.32807580562143,0.0768158984828572,2367.6584931368875,0.2784005531746051
FTdiesel,ATRCCS,DAC,grid,ATRCCS_H_DAC_C_grid_E,United States,1,2024,571.6845024929944,2979.548259543794,3551.232762036788,0.1790914066673795,88.15780465008372,0.2164577241177772,2.549571468684465,0.00023510208,12.124526609989683,0.0417123451807336,3654.0646647655453,0.43749657804589026
FTdiesel,ATRCCS,DAC,grid,ATRCCS_H_DAC_C_grid_E,Turkey,1,2024,523.0913197810899,2769.766498699664,3292.857818480754,0.666439637171175,10.108447857063252,0.026056399828645,2.3417323851212855,0.00028775515,12.543720837841384,0.0431545107095316,3317.8517195607797,0.7359383028593517
FTdiesel,ATRCCS,DAC,grid,ATRCCS_H_DAC_C_grid_E,Australia,1,2024,585.9766150553191,3535.8023062153156,4121.778921270635,1.1311205081166555,78.5068587948625,0.1929142517948745,2.664326070026576,0.00033795924,35.416668795279044,0.1218449479687896,4238.366774930803,1.4462176671203195
FTdiesel,ATRCCS,DAC,grid,ATRCCS_H_DAC_C_grid_E,Malaysia,1,2024,500.2239396813701,2653.425709893547,3153.649649574917,1.4257961823747634,7.736093501205551,0.0202690438580345,2.230492381973906,0.0003697959799999,30.229379424780753,0.1039989724734412,3193.8456148828773,1.5504339946862389
FTdiesel,ATRCCS,DAC,grid,ATRCCS_H_DAC_C_grid_E,Canada,1,2024,583.1181925428542,2397.769480789584,2980.887673332438,-1.0052781302546356,111.49795689848374,0.2733960011235748,2.5742730977581543,0.0001071428749999,10.986441676095902,0.0377969600168744,3105.946345004776,-0.6939780262391866
FTdiesel,ATRCCS,DAC,grid,ATRCCS_H_DAC_C_grid_E,Mexico,1,2024,503.0823621938351,2413.8010002484607,2916.883362442296,0.9781158310980208,32.336047638495636,0.0802806062545461,2.2936065742423297,0.000321428625,18.507883738507395,0.0636731857579852,2970.020900393541,1.1223910517355522
FTdiesel,ATRCCS,DAC,grid,ATRCCS_H_DAC_C_grid_E,Thailand,1,2024,508.79920721876505,2740.824653287064,3249.623860505829,1.1424541878958132,11.625348230281595,0.0297568767030589,2.267998198779174,0.00033918373,33.5607544318933,0.11545999430902,3297.077961366783,1.288010242637892
FTdiesel,ATRCCS,DAC,grid,ATRCCS_H_DAC_C_grid_E,Russia,1,2024,540.2418548558798,1941.0455304215764,2481.287385277456,0.5474359994900155,136.22976023609783,0.333729209506417,2.379397073731819,0.000274898005,4.498641714135814,0.0154768018629174,2624.3951843014215,0.89691690886435
FTdiesel,ATRCCS,DAC,grid,ATRCCS_H_DAC_C_grid_E,Saudi Arabia,1,2024,545.9586998808096,1696.9934806659385,2242.952180546748,1.1311205081166555,28.498397559908987,0.0709186629004334,2.390523398268664,0.00033795924,14.05018096868029,0.0483372272806505,2287.8912824736058,1.2507143575377395
FTdiesel,BG,DAC,grid,BG_H_DAC_C_grid_E,South Africa,1,2024,550.6624904,2331.2882485026603,2881.9507389026603,1.0920890996958157,24.44615260753832,0.0610332155761023,2.3548013591949744,0.0004340817049999,25.733697572901107,0.088532353506738,2934.485390442295,1.2420887504836557
FTdiesel,BG,DAC,grid,BG_H_DAC_C_grid_E,Taiwan,1,2024,541.8283328,2442.142805523907,2983.9711383239073,0.7665764219180381,6.501058897936567,0.0172561782346967,2.3668873873897067,0.0003893878199999,36.79678971799583,0.1265930162580772,3029.63587432723,0.9108150042308119
FTdiesel,BG,DAC,grid,BG_H_DAC_C_grid_E,Switzerland,1,2024,650.7829432000001,2926.2377788261406,3577.020722026141,-1.904411166970851,27.41176540843376,0.0682678249030787,2.8910917913213336,2.2653065e-05,0.0,0.0,3607.323579225896,-1.8361206890027721
FTdiesel,BG,DAC,grid,BG_H_DAC_C_grid_E,Singapore,1,2024,544.773052,2793.2415910479076,3338.0146430479076,0.155682766362482,0.9735209932027128,0.0037717552956236,2.4514301546581305,0.000305510255,30.63239601191193,0.1053854816161674,3372.0719902076808,0.26514551352927296
FTdiesel,BG,DAC,grid,BG_H_DAC_C_grid_E,Hungary,1,2024,530.049456,2497.075087727949,3027.1245437279485,-1.2533858114152954,51.39093714238112,0.1267649892757182,2.336063308316018,0.0001120408349999,0.0,0.0,3080.851544178646,-1.1265087813045773
FTdiesel,BG,DAC,grid,BG_H_DAC_C_grid_E,Philippines,1,2024,527.1047368000001,2390.6846169748665,2917.7893537748664,0.664017633029149,10.06971863492859,0.0259619199317423,2.293153201047596,0.0003753061849999,35.39164686791369,0.1217588643380695,2965.543872478756,0.8121137234839607
FTdiesel,BG,DAC,grid,BG_H_DAC_C_grid_E,Netherlands,1,2024,603.667436,2704.789699640996,3308.457135640996,-0.941250366970851,5.099956915719565,0.0138381914140532,2.663713825026576,0.000154897985,0.0,0.0,3316.2208063817425,-0.9272572775717978
FTdiesel,BG,DAC,grid,BG_H_DAC_C_grid_E,Norway,1,2024,668.4512583999999,2639.298688884942,3307.7499472849418,-1.9311656336375176,21.492878472425655,0.0538287064114019,2.867531979931867,1.8979595e-05,2.1530564189422923,0.0074072197149964,3334.2634141562417,-1.8699107279161193
FTdiesel,BG,DAC,grid,BG_H_DAC_C_grid_E,Oman,1,2024,562.4413672000001,2428.3867522025193,2990.8281194025194,0.3608003441402597,18.275013143264257,0.0459787273054728,2.471951983268664,0.000333673525,21.828982172169688,0.0750988528128933,3033.4040667012223,0.4822115977836258
FTdiesel,BG,DAC,grid,BG_H_DAC_C_grid_E,Italy,1,2024,565.3860864,2901.581462394607,3466.967548794607,-0.7851826447486288,12.655781401551565,0.0322706173469638,2.6422090505370863,0.00017632656,8.220338878891056,0.0282806598433619,3490.4858781255866,-0.724455040998303
FTdiesel,BG,DAC,grid,BG_H_DAC_C_grid_E,Austria,1,2024,612.5015936,2768.8272656281197,3381.3288592281197,-1.6101120336375174,36.6020747526678,0.090687574939064,2.7373420968318425,6.3061235e-05,0.0,0.0,3420.6682760776193,-1.5193613974634532
FTdiesel,BG,DAC,grid,BG_H_DAC_C_grid_E,Finland,1,2024,636.0593472,2635.0928859524543,3271.1522331524543,-1.7483434447486288,18.609053110807498,0.0467936174570265,2.7347045299792216,4.408164e-05,4.192847591547009,0.0144247698615068,3296.688838384788,-1.6870809757900955
FTdiesel,BG,DAC,grid,BG_H_DAC_C_grid_E,Portugal,1,2024,535.9388944,2508.026045320406,3043.9649397204057,-1.569980333637517,9.084205983650287,0.0235577628493887,2.330046772852863,6.857144e-05,4.143956778158924,0.0142565694401781,3059.523149255068,-1.5320974299079504
FTdiesel,BG,DAC,grid,BG_H_DAC_C_grid_E,Germany,1,2024,606.6121552,2773.2371781585384,3379.8493333585384,-0.535474289193073,19.030138664003527,0.0478208552237663,2.708460667294999,0.00021061228,0.0,0.0,3401.587932689837,-0.48744282168930675
FTdiesel,BG,DAC,grid,BG_H_DAC_C_grid_E,Greece,1,2024,541.8283328,2549.7565142101166,3091.5848470101164,-0.6424921558597397,8.004327760205324,0.020923401052402,2.410356782389708,0.0001959184,10.358938767360106,0.0356381443556068,3112.3584703200713,-0.585734692051731
FTdiesel,BG,DAC,grid,BG_H_DAC_C_grid_E,France,1,2024,594.8332784000002,2675.5466527251556,3270.379931125156,-1.8731976225264064,26.000539162622182,0.0648251399519821,2.600493718221309,2.693878e-05,0.0,0.0,3298.980964006,-1.8083455437944242
FTdiesel,BG,DAC,grid,BG_H_DAC_C_grid_E,Brazil,1,2024,541.8283328,2485.080545933813,3026.9088787338133,-1.6101120336375174,68.70691010575452,0.1690072872145006,2.341785342389707,6.3061235e-05,19.977224732517392,0.0687282003331398,3117.934798914475,-1.372313484854877
FTdiesel,BG,DAC,grid,BG_H_DAC_C_grid_E,United Kingdom,1,2024,627.2251896,2822.7235865757016,3449.948776175702,-1.1285316336375175,12.86735560697842,0.0327867523998833,2.890055888173955,0.000129183695,1.9497081405631156,0.0067076349928456,3467.6558958114174,-1.0889080625497887
FTdiesel,BG,DAC,grid,BG_H_DAC_C_grid_E,Spain,1,2024,547.7177712,2531.3616609988603,3079.079432198861,-1.418371689193073,21.30530921537091,0.0533711314049369,2.371891261926552,8.938776999999999e-05,5.112561911371392,0.0175888885450824,3107.86919458753,-1.3473222814730539
FTdiesel,BG,DAC,grid,BG_H_DAC_C_grid_E,Sweden,1,2024,647.838224,2665.667567781042,3313.5057917810427,-1.9088702447486288,22.479466319457497,0.056235486432672,2.7492758002216604,2.204082e-05,1.7821060346122866,0.0061310288191515,3340.5166399353343,-1.8464816886768054
FTdiesel,BG,DAC,grid,BG_H_DAC_C_grid_E,Czech Republic,1,2024,535.9388944,2562.253758358082,3098.1926527580817,-0.2233388447486287,34.87658103327972,0.0864782348147717,2.379638617852863,0.00025346943,0.0,0.0,3135.4488724092143,-0.13660714050385703
FTdiesel,BG,DAC,grid,BG_H_DAC_C_grid_E,Japan,1,2024,636.0593472,2609.8981119353975,3245.9574591353976,0.0798784441402605,9.189850389558206,0.0238154822671406,2.7830718849792215,0.0002951020899999,41.5157136886971,0.1428276612779785,3299.4460950986318,0.24681668977537952
FTdiesel,BG,DAC,grid,BG_H_DAC_C_grid_E,Belgium,1,2024,603.667436,2724.124508275629,3327.7919442756292,-1.454044311415295,6.865350398628882,0.0181448669697369,2.681468930026576,8.448981e-05,0.0,0.0,3337.338763604285,-1.435814954635558
FTdiesel,BG,DAC,grid,BG_H_DAC_C_grid_E,Poland,1,2024,544.773052,2717.669326907851,3262.442378907851,0.6729357885847042,11.190987172400249,0.0286972533565199,2.5279607796581307,0.000376530675,3.1210422628166983,0.0107374082616145,3279.2823691227263,0.7127469808778385
FTdiesel,BG,DAC,grid,BG_H_DAC_C_grid_E,India,1,2024,521.2152984,2394.542610131622,2915.757908531622,1.0876300219180377,41.14883202778633,0.1017793845576825,2.2544758515107515,0.0004334694599999,23.047722644092165,0.0792917194612848,2982.2089390550113,1.2691345953970048
FTdiesel,BG,DAC,grid,BG_H_DAC_C_grid_E,Indonesia,1,2024,474.0997912,2382.7504818407374,2856.850273040737,0.8111671996958156,14.61998306903098,0.0370622852610349,2.0234244152159944,0.00039551027,34.81377148720778,0.1197707836379461,2908.3074520121922,0.9683957788647967
FTdiesel,BG,DAC,grid,BG_H_DAC_C_grid_E,South Korea,1,2024,553.6072096,2488.3201203018534,3041.927329901853,-0.2233388447486287,7.475045488669049,0.0196322175044002,2.3830175864633967,0.00025346943,40.096881524802384,0.1379464136319763,3091.882274501788,-0.06550674418225222
FTdiesel,BG,DAC,grid,BG_H_DAC_C_grid_E,China,1,2024,538.8836136,2376.374678066308,2915.2582916663077,0.4276865108069264,78.01603497926587,0.1917168876099259,2.3068344201212856,0.0003428572,38.60635207087997,0.1328185038105044,3034.187513136575,0.7525647594273568
FTdiesel,BG,DAC,grid,BG_H_DAC_C_grid_E,United Arab Emirates,1,2024,562.4413672000001,2347.5341522025196,2909.9755194025197,-0.3615702558597401,10.874670054831256,0.0279255980789476,2.4162376882686636,0.000234489835,22.32807580562143,0.0768158984828572,2945.594502951241,-0.2565942694629353
FTdiesel,BG,DAC,grid,BG_H_DAC_C_grid_E,United States,1,2024,588.94384,2555.9028425465185,3144.8466825465184,-0.3571111780819621,88.15780465008372,0.2164577241177772,2.549571468684465,0.00023510208,12.124526609989683,0.0417123451807336,3247.678585275276,-0.09870600670345128
FTdiesel,BG,DAC,grid,BG_H_DAC_C_grid_E,Turkey,1,2024,538.8836136,2402.8244543713754,2941.7080679713754,0.0263695108069269,10.108447857063252,0.026056399828645,2.3417323851212855,0.00028775515,12.543720837841384,0.0431545107095316,2966.701969051401,0.0958681764951035
FTdiesel,BG,DAC,grid,BG_H_DAC_C_grid_E,Australia,1,2024,603.667436,2645.70327502657,3249.3707110265696,0.392013888584705,78.5068587948625,0.1929142517948745,2.664326070026576,0.00033795924,35.416668795279044,0.1218449479687896,3365.9585646867376,0.7071110475883692
FTdiesel,BG,DAC,grid,BG_H_DAC_C_grid_E,Malaysia,1,2024,515.32586,2368.0041929669064,2883.3300529669064,0.6238859330291486,7.736093501205551,0.0202690438580345,2.230492381973906,0.0003697959799999,30.229379424780753,0.1039989724734412,2923.5260182748666,0.7485237453406242
FTdiesel,BG,DAC,grid,BG_H_DAC_C_grid_E,Canada,1,2024,600.7227168,2466.077229018003,3066.799945818003,-1.2890584336375177,111.49795689848374,0.2733960011235748,2.5742730977581543,0.0001071428749999,10.986441676095902,0.0377969600168744,3191.8586174903407,-0.9777583296220687
FTdiesel,BG,DAC,grid,BG_H_DAC_C_grid_E,Mexico,1,2024,518.2705791999999,2428.6239224511382,2946.894501651138,0.2716187885847047,32.336047638495636,0.0802806062545461,2.2936065742423297,0.000321428625,18.507883738507395,0.0636731857579852,3000.032039602383,0.41589400922223596
FTdiesel,BG,DAC,grid,BG_H_DAC_C_grid_E,Thailand,1,2024,524.1600176000001,2366.871852660808,2891.0318702608083,0.4009320441402601,11.625348230281595,0.0297568767030589,2.267998198779174,0.00033918373,33.5607544318933,0.11545999430902,2938.4859711217623,0.5464880988823391
FTdiesel,BG,DAC,grid,BG_H_DAC_C_grid_E,Russia,1,2024,556.5519288,2316.956166843691,2873.508095643691,-0.0672711225264064,136.22976023609783,0.333729209506417,2.379397073731819,0.000274898005,4.498641714135814,0.0154768018629174,3016.6158946676564,0.282209786847928
FTdiesel,BG,DAC,grid,BG_H_DAC_C_grid_E,Saudi Arabia,1,2024,562.4413672000001,2307.576371227191,2870.017738427191,0.392013888584705,28.498397559908987,0.0709186629004334,2.390523398268664,0.00033795924,14.05018096868029,0.0483372272806505,2914.956840354049,0.511607738005789
FTdiesel,LTE,DAC,grid,LTE_H_DAC_C_grid_E,South Africa,1,2024,634.02504275,4368.838924884493,5002.863967634494,22.893873407193755,24.44615260753832,0.0610332155761023,2.3548013591949744,0.0004340817049999,25.733697572901107,0.088532353506738,5055.398619174129,23.043873057981596
FTdiesel,LTE,DAC,grid,LTE_H_DAC_C_grid_E,Taiwan,1,2024,623.853518,6981.207821692691,7605.061339692691,20.24829108720488,6.501058897936567,0.0172561782346967,2.3668873873897067,0.0003893878199999,36.79678971799583,0.1265930162580772,7650.726075696013,20.392529669517653
FTdiesel,LTE,DAC,grid,LTE_H_DAC_C_grid_E,Switzerland,1,2024,749.30232325,10860.845080791718,11610.147404041718,-1.4599802781833129,27.41176540843376,0.0682678249030787,2.8910917913213336,2.2653065e-05,0.0,0.0,11640.450261241473,-1.3916898002152343
FTdiesel,LTE,DAC,grid,LTE_H_DAC_C_grid_E,Singapore,1,2024,627.24402625,10898.05304165774,11525.29706790774,15.283294130513422,0.9735209932027128,0.0037717552956236,2.4514301546581305,0.000305510255,30.63239601191193,0.1053854816161674,11559.354415067513,15.392756877680213
FTdiesel,LTE,DAC,grid,LTE_H_DAC_C_grid_E,Hungary,1,2024,610.2914850000001,7962.826935104113,8573.118420104112,3.8311843617944423,51.39093714238112,0.1267649892757182,2.336063308316018,0.0001120408349999,0.0,0.0,8626.84542055481,3.9580613919051606
FTdiesel,LTE,DAC,grid,LTE_H_DAC_C_grid_E,Philippines,1,2024,606.90097675,6305.492690505436,6912.393667255436,19.41475145213989,10.06971863492859,0.0259619199317423,2.293153201047596,0.0003753061849999,35.39164686791369,0.1217588643380695,6960.148185959327,19.5628475425947
FTdiesel,LTE,DAC,grid,LTE_H_DAC_C_grid_E,Netherlands,1,2024,695.0541912499999,9140.159989384088,9835.214180634088,6.368044120687887,5.099956915719565,0.0138381914140532,2.663713825026576,0.000154897985,0.0,0.0,9842.977851374833,6.38203721008694
FTdiesel,LTE,DAC,grid,LTE_H_DAC_C_grid_E,Norway,1,2024,769.64537275,5636.8321149917665,6406.477487741767,-1.677425400374179,21.492878472425655,0.0538287064114019,2.867531979931867,1.8979595e-05,2.1530564189422923,0.0074072197149964,6432.990954613067,-1.6161704946527808
FTdiesel,LTE,DAC,grid,LTE_H_DAC_C_grid_E,Oman,1,2024,647.5870757499999,8003.421580841058,8651.008656591059,16.950373400643404,18.275013143264257,0.0459787273054728,2.471951983268664,0.000333673525,21.828982172169688,0.0750988528128933,8693.584603889762,17.07178465428677
FTdiesel,LTE,DAC,grid,LTE_H_DAC_C_grid_E,Italy,1,2024,650.9775840000001,16499.23183044497,17150.20941444497,7.636474000134608,12.655781401551565,0.0322706173469638,2.6422090505370863,0.00017632656,8.220338878891056,0.0282806598433619,17173.727743775948,7.697201603884934
FTdiesel,LTE,DAC,grid,LTE_H_DAC_C_grid_E,Austria,1,2024,705.2257159999999,11112.414931725463,11817.640647725464,0.931916065916221,36.6020747526678,0.090687574939064,2.7373420968318425,6.3061235e-05,0.0,0.0,11856.980064574964,1.022666702090285
FTdiesel,LTE,DAC,grid,LTE_H_DAC_C_grid_E,Finland,1,2024,732.349782,5731.57879391346,6463.92857591346,-0.1915503987365902,18.609053110807498,0.0467936174570265,2.7347045299792216,4.408164e-05,4.192847591547009,0.0144247698615068,6489.465181145794,-0.13028792977805687
FTdiesel,LTE,DAC,grid,LTE_H_DAC_C_grid_E,Portugal,1,2024,617.0725015,6345.901490234855,6962.973991734855,1.258083749202521,9.084205983650287,0.0235577628493887,2.330046772852863,6.857144e-05,4.143956778158924,0.0142565694401781,6978.532201269518,1.2959666529320877
FTdiesel,LTE,DAC,grid,LTE_H_DAC_C_grid_E,Germany,1,2024,698.4446995,10905.660989417946,11604.105688917944,9.665961807249364,19.030138664003527,0.0478208552237663,2.708460667294999,0.00021061228,0.0,0.0,11625.844288249242,9.71399327475313
FTdiesel,LTE,DAC,grid,LTE_H_DAC_C_grid_E,Greece,1,2024,623.853518,9325.195095279394,9949.048613279394,8.796181318485898,8.004327760205324,0.020923401052402,2.410356782389708,0.0001959184,10.358938767360106,0.0356381443556068,9969.822236589349,8.852938782293906
FTdiesel,LTE,DAC,grid,LTE_H_DAC_C_grid_E,France,1,2024,684.8826665,7742.991442584173,8427.874109084172,-1.2062943022939685,26.000539162622182,0.0648251399519821,2.600493718221309,2.693878e-05,0.0,0.0,8456.475141965015,-1.1414422235619863
FTdiesel,LTE,DAC,grid,LTE_H_DAC_C_grid_E,Brazil,1,2024,623.853518,5641.869275837447,6265.722793837447,0.931916065916221,68.70691010575452,0.1690072872145006,2.341785342389707,6.3061235e-05,19.977224732517392,0.0687282003331398,6356.748714018108,1.1697146146988615
FTdiesel,LTE,DAC,grid,LTE_H_DAC_C_grid_E,United Kingdom,1,2024,722.17825725,15947.1476292999,16669.3258865499,4.84592826535182,12.86735560697842,0.0327867523998833,2.890055888173955,0.000129183695,1.9497081405631156,0.0067076349928456,16687.033006185615,4.885551836439549
FTdiesel,LTE,DAC,grid,LTE_H_DAC_C_grid_E,Spain,1,2024,630.6345345,5997.067305804197,6627.701840304197,2.490272774950764,21.30530921537091,0.0533711314049369,2.371891261926552,8.938776999999999e-05,5.112561911371392,0.0175888885450824,6656.491602692866,2.5613221826707835
FTdiesel,LTE,DAC,grid,LTE_H_DAC_C_grid_E,Sweden,1,2024,745.9118150000002,3895.637791978933,4641.549606978932,-1.4962211318817904,22.479466319457497,0.056235486432672,2.7492758002216604,2.204082e-05,1.7821060346122866,0.0061310288191515,4668.5604551332235,-1.433832575809967
FTdiesel,LTE,DAC,grid,LTE_H_DAC_C_grid_E,Czech Republic,1,2024,617.0725015,9001.076309837135,9618.148811337136,12.202821566142813,34.87658103327972,0.0864782348147717,2.379638617852863,0.00025346943,0.0,0.0,9655.405030988268,12.289553270387584
FTdiesel,LTE,DAC,grid,LTE_H_DAC_C_grid_E,Japan,1,2024,732.349782,8253.443050015912,8985.792832015912,14.667199617639302,9.189850389558206,0.0238154822671406,2.7830718849792215,0.0002951020899999,41.5157136886971,0.1428276612779785,9039.281467979148,14.834137863274421
FTdiesel,LTE,DAC,grid,LTE_H_DAC_C_grid_E,Belgium,1,2024,695.0541912499999,10128.426289503312,10823.480480753313,2.200345945362944,6.865350398628882,0.0181448669697369,2.681468930026576,8.448981e-05,0.0,0.0,10833.027300081969,2.2185753021426806
FTdiesel,LTE,DAC,grid,LTE_H_DAC_C_grid_E,Poland,1,2024,627.24402625,14924.436339620974,15551.680365870974,19.48723315953684,11.190987172400249,0.0286972533565199,2.5279607796581307,0.000376530675,3.1210422628166983,0.0107374082616145,15568.52035608585,19.52704435182997
FTdiesel,LTE,DAC,grid,LTE_H_DAC_C_grid_E,India,1,2024,600.1199602500001,5548.985027236939,6149.104987486939,22.85763255349528,41.14883202778633,0.1017793845576825,2.2544758515107515,0.0004334694599999,23.047722644092165,0.0792917194612848,6215.556018010328,23.039137126974246
FTdiesel,LTE,DAC,grid,LTE_H_DAC_C_grid_E,Indonesia,1,2024,545.8718282499999,3715.866801670129,4261.738629920129,20.610699624189657,14.61998306903098,0.0370622852610349,2.0234244152159944,0.00039551027,34.81377148720778,0.1197707836379461,4313.195808891584,20.767928203358636
FTdiesel,LTE,DAC,grid,LTE_H_DAC_C_grid_E,South Korea,1,2024,637.415551,5262.29091217666,5899.70646317666,12.202821566142813,7.475045488669049,0.0196322175044002,2.3830175864633967,0.00025346943,40.096881524802384,0.1379464136319763,5949.661407776594,12.360653666709188
FTdiesel,LTE,DAC,grid,LTE_H_DAC_C_grid_E,China,1,2024,620.46300975,4417.300930280116,5037.763940030116,17.493986206120567,78.01603497926587,0.1917168876099259,2.3068344201212856,0.0003428572,38.60635207087997,0.1328185038105044,5156.693161500383,17.818864454740996
FTdiesel,LTE,DAC,grid,LTE_H_DAC_C_grid_E,United Arab Emirates,1,2024,647.5870757499999,5028.181144139358,5675.768219889358,11.07935510149,10.874670054831256,0.0279255980789476,2.4162376882686636,0.000234489835,22.32807580562143,0.0768158984828572,5711.387203438079,11.184331087886806
FTdiesel,LTE,DAC,grid,LTE_H_DAC_C_grid_E,United States,1,2024,678.10165,6342.9610556552425,7021.062705655242,11.115595955188477,88.15780465008372,0.2164577241177772,2.549571468684465,0.00023510208,12.124526609989683,0.0417123451807336,7123.894608384,11.374001126566988
FTdiesel,LTE,DAC,grid,LTE_H_DAC_C_grid_E,Turkey,1,2024,620.46300975,6285.554461077018,6906.017470827018,14.232309373257564,10.108447857063252,0.026056399828645,2.3417323851212855,0.00028775515,12.543720837841384,0.0431545107095316,6931.011371907043,14.30180803894574
FTdiesel,LTE,DAC,grid,LTE_H_DAC_C_grid_E,Australia,1,2024,695.0541912499999,9188.735271079286,9883.789462329283,17.204059376532747,78.5068587948625,0.1929142517948745,2.664326070026576,0.00033795924,35.416668795279044,0.1218449479687896,10000.37731598945,17.51915653553641
FTdiesel,LTE,DAC,grid,LTE_H_DAC_C_grid_E,Malaysia,1,2024,593.3389437500001,5586.8788275453635,6180.2177712953635,19.08858376885359,7.736093501205551,0.0202690438580345,2.230492381973906,0.0003697959799999,30.229379424780753,0.1039989724734412,6220.413736603324,19.213221581165065
FTdiesel,LTE,DAC,grid,LTE_H_DAC_C_grid_E,Canada,1,2024,691.663683,5009.6410187969395,5701.304701796939,3.5412575322066204,111.49795689848374,0.2733960011235748,2.5742730977581543,0.0001071428749999,10.986441676095902,0.0377969600168744,5826.363373469277,3.8525576362220697
FTdiesel,LTE,DAC,grid,LTE_H_DAC_C_grid_E,Mexico,1,2024,596.7294519999999,8302.088810529858,8898.818262529858,16.225556326673843,32.336047638495636,0.0802806062545461,2.2936065742423297,0.000321428625,18.507883738507395,0.0636731857579852,8951.955800481102,16.369831547311374
FTdiesel,LTE,DAC,grid,LTE_H_DAC_C_grid_E,Thailand,1,2024,603.5104685,5617.317129111464,6220.827597611464,17.2765410839297,11.625348230281595,0.0297568767030589,2.267998198779174,0.00033918373,33.5607544318933,0.11545999430902,6268.281698472419,17.422097138671777
FTdiesel,LTE,DAC,grid,LTE_H_DAC_C_grid_E,Russia,1,2024,640.80605925,4353.340213973529,4994.146273223529,13.471251445589534,136.22976023609783,0.333729209506417,2.379397073731819,0.000274898005,4.498641714135814,0.0154768018629174,5137.254072247493,13.820732354963868
FTdiesel,LTE,DAC,grid,LTE_H_DAC_C_grid_E,Saudi Arabia,1,2024,647.5870757499999,3654.3441571147287,4301.931232864728,17.204059376532747,28.498397559908987,0.0709186629004334,2.390523398268664,0.00033795924,14.05018096868029,0.0483372272806505,4346.870334791586,17.32365322595383
FTdiesel,SMR,DAC,grid,SMR_H_DAC_C_grid_E,South Africa,1,2024,415.5644569953527,1845.731065815574,2261.2955228109267,6.873349526136804,24.44615260753832,0.0610332155761023,2.3548013591949744,0.0004340817049999,25.733697572901107,0.088532353506738,2313.8301743505613,7.0233491769246434
FTdiesel,SMR,DAC,grid,SMR_H_DAC_C_grid_E,Taiwan,1,2024,408.89764752483904,2624.623089143658,3033.520736668497,6.563322633681494,6.501058897936567,0.0172561782346967,2.3668873873897067,0.0003893878199999,36.79678971799583,0.1265930162580772,3079.1854726718198,6.707561215994269
FTdiesel,SMR,DAC,grid,SMR_H_DAC_C_grid_E,Switzerland,1,2024,491.12163099450777,6622.676768513183,7113.79839950769,4.019403338055053,27.41176540843376,0.0682678249030787,2.8910917913213336,2.2653065e-05,0.0,0.0,7144.101256707446,4.0876938160231315
FTdiesel,SMR,DAC,grid,SMR_H_DAC_C_grid_E,Singapore,1,2024,411.1199173483436,6961.340268179098,7372.460185527441,5.981491342361255,0.9735209932027128,0.0037717552956236,2.4514301546581305,0.000305510255,30.63239601191193,0.1053854816161674,7406.517532687213,6.090954089528046
FTdiesel,SMR,DAC,grid,SMR_H_DAC_C_grid_E,Hungary,1,2024,400.0085682308208,3426.0968213226697,3826.1053895534906,4.639457122965671,51.39093714238112,0.1267649892757182,2.336063308316018,0.0001120408349999,0.0,0.0,3879.832390004188,4.7663341530763885
FTdiesel,SMR,DAC,grid,SMR_H_DAC_C_grid_E,Philippines,1,2024,397.7862984073162,2560.1867932625955,2957.973091669912,6.46564292783941,10.06971863492859,0.0259619199317423,2.293153201047596,0.0003753061849999,35.39164686791369,0.1217588643380695,3005.7276103738013,6.613739018294221
FTdiesel,SMR,DAC,grid,SMR_H_DAC_C_grid_E,Netherlands,1,2024,455.56531381843473,4955.278083334023,5410.843397152457,4.936743184224187,5.099956915719565,0.0138381914140532,2.663713825026576,0.000154897985,0.0,0.0,5418.607067893203,4.9507362736232405
FTdiesel,SMR,DAC,grid,SMR_H_DAC_C_grid_E,Norway,1,2024,504.4552499355352,4010.038616609157,4514.4938665446925,3.9939216756614657,21.492878472425655,0.0538287064114019,2.867531979931867,1.8979595e-05,2.1530564189422923,0.0074072197149964,4541.007333415992,4.055176581382863
FTdiesel,SMR,DAC,grid,SMR_H_DAC_C_grid_E,Oman,1,2024,424.453536289371,1684.2299006725104,2108.6834369618814,6.176850754045424,18.275013143264257,0.0459787273054728,2.471951983268664,0.000333673525,21.828982172169688,0.0750988528128933,2151.2593842605843,6.298262007688789
FTdiesel,SMR,DAC,grid,SMR_H_DAC_C_grid_E,Italy,1,2024,426.6758061128755,5490.885971525653,5917.561777638529,5.085386214853445,12.655781401551565,0.0322706173469638,2.6422090505370863,0.00017632656,8.220338878891056,0.0282806598433619,5941.080106969509,5.146113818603771
FTdiesel,SMR,DAC,grid,SMR_H_DAC_C_grid_E,Austria,1,2024,462.23212328894846,4800.434190718861,5262.666314007809,4.299701624384509,36.6020747526678,0.090687574939064,2.7373420968318425,6.3061235e-05,0.0,0.0,5302.005730857309,4.390452260558574
FTdiesel,SMR,DAC,grid,SMR_H_DAC_C_grid_E,Finland,1,2024,480.01028187698495,4902.789703962913,5382.799985839898,4.168046368684311,18.609053110807498,0.0467936174570265,2.7347045299792216,4.408164e-05,4.192847591547009,0.0144247698615068,5408.336591072232,4.2293088376428445
FTdiesel,SMR,DAC,grid,SMR_H_DAC_C_grid_E,Portugal,1,2024,404.4531078778299,4400.2130251306,4804.66613300843,4.337924117974891,9.084205983650287,0.0235577628493887,2.330046772852863,6.857144e-05,4.143956778158924,0.0142565694401781,4820.2243425430925,4.375807021704458
FTdiesel,SMR,DAC,grid,SMR_H_DAC_C_grid_E,Germany,1,2024,457.78758364193936,4584.457032728149,5042.244616370088,5.323215063860257,19.030138664003527,0.0478208552237663,2.708460667294999,0.00021061228,0.0,0.0,5063.983215701387,5.371246531364023
FTdiesel,SMR,DAC,grid,SMR_H_DAC_C_grid_E,Greece,1,2024,408.89764752483904,3126.458011523249,3535.355659048088,5.221288414285909,8.004327760205324,0.020923401052402,2.410356782389708,0.0001959184,10.358938767360106,0.0356381443556068,3556.129282358043,5.278045878093918
FTdiesel,SMR,DAC,grid,SMR_H_DAC_C_grid_E,France,1,2024,448.8985043479211,4844.30263168174,5293.201136029662,4.049131944180904,26.000539162622182,0.0648251399519821,2.600493718221309,2.693878e-05,0.0,0.0,5321.802168910505,4.113984022912886
FTdiesel,SMR,DAC,grid,SMR_H_DAC_C_grid_E,Brazil,1,2024,408.89764752483904,4658.944544364074,5067.8421918889135,4.299701624384509,68.70691010575452,0.1690072872145006,2.341785342389707,6.3061235e-05,19.977224732517392,0.0687282003331398,5158.868112069575,4.53750017316715
FTdiesel,SMR,DAC,grid,SMR_H_DAC_C_grid_E,United Kingdom,1,2024,473.3434724064713,4122.468639354745,4595.812111761216,4.7583715474690775,12.86735560697842,0.0327867523998833,2.890055888173955,0.000129183695,1.9497081405631156,0.0067076349928456,4613.519231396932,4.797995118556806
FTdiesel,SMR,DAC,grid,SMR_H_DAC_C_grid_E,Spain,1,2024,413.3421871718482,3903.7378775927023,4317.08006476455,4.482320204871884,21.30530921537091,0.0533711314049369,2.371891261926552,8.938776999999999e-05,5.112561911371392,0.0175888885450824,4345.869827153219,4.553369612591904
FTdiesel,SMR,DAC,grid,SMR_H_DAC_C_grid_E,Sweden,1,2024,488.8993611710032,6498.088166343849,6986.9875275148515,4.015156394322787,22.479466319457497,0.056235486432672,2.7492758002216604,2.204082e-05,1.7821060346122866,0.0061310288191515,7013.998375669143,4.077544950394611
FTdiesel,SMR,DAC,grid,SMR_H_DAC_C_grid_E,Czech Republic,1,2024,404.4531078778299,3972.5032990424406,4376.956406920271,5.620501125118773,34.87658103327972,0.0864782348147717,2.379638617852863,0.00025346943,0.0,0.0,4414.212626571403,5.707232829363544
FTdiesel,SMR,DAC,grid,SMR_H_DAC_C_grid_E,Japan,1,2024,480.01028187698495,4091.4565032110354,4571.4667850880205,5.909293298912761,9.189850389558206,0.0238154822671406,2.7830718849792215,0.0002951020899999,41.5157136886971,0.1428276612779785,4624.955421051255,6.0762315445478805
FTdiesel,SMR,DAC,grid,SMR_H_DAC_C_grid_E,Belgium,1,2024,455.56531381843473,3526.74796942546,3982.3132832438946,4.448344655013767,6.865350398628882,0.0181448669697369,2.681468930026576,8.448981e-05,0.0,0.0,3991.86010257255,4.466574011793504
FTdiesel,SMR,DAC,grid,SMR_H_DAC_C_grid_E,Poland,1,2024,411.1199173483436,4362.7126403841185,4773.832557732462,6.474136815303939,11.190987172400249,0.0286972533565199,2.5279607796581307,0.000376530675,3.1210422628166983,0.0107374082616145,4790.672547947337,6.513948007597073
FTdiesel,SMR,DAC,grid,SMR_H_DAC_C_grid_E,India,1,2024,393.3417587603071,3212.853657376665,3606.195416136972,6.869102582404539,41.14883202778633,0.1017793845576825,2.2544758515107515,0.0004334694599999,23.047722644092165,0.0792917194612848,3672.6464466603616,7.0506071558835055
FTdiesel,SMR,DAC,grid,SMR_H_DAC_C_grid_E,Indonesia,1,2024,357.78544158423415,4218.702191821351,4576.487633405585,6.605792071004139,14.61998306903098,0.0370622852610349,2.0234244152159944,0.00039551027,34.81377148720778,0.1197707836379461,4627.944812377041,6.76302065017312
FTdiesel,SMR,DAC,grid,SMR_H_DAC_C_grid_E,South Korea,1,2024,417.7867268188573,3493.686087721718,3911.472814540576,5.620501125118773,7.475045488669049,0.0196322175044002,2.3830175864633967,0.00025346943,40.096881524802384,0.1379464136319763,3961.4277591405107,5.778333225685149
FTdiesel,SMR,DAC,grid,SMR_H_DAC_C_grid_E,China,1,2024,406.67537770133447,3188.9442204067086,3595.619598108043,6.240554910029392,78.01603497926587,0.1917168876099259,2.3068344201212856,0.0003428572,38.60635207087997,0.1328185038105044,3714.5488195783105,6.565433158649822
FTdiesel,SMR,DAC,grid,SMR_H_DAC_C_grid_E,United Arab Emirates,1,2024,424.453536289371,1619.850809785101,2044.3043460744725,5.488845869418572,10.874670054831256,0.0279255980789476,2.4162376882686636,0.000234489835,22.32807580562143,0.0768158984828572,2079.9233296231937,5.593821855815377
FTdiesel,SMR,DAC,grid,SMR_H_DAC_C_grid_E,United States,1,2024,444.453964700912,2672.3718460885275,3116.8258107894394,5.493092813150838,88.15780465008372,0.2164577241177772,2.549571468684465,0.00023510208,12.124526609989683,0.0417123451807336,3219.657713518197,5.751497984529349
FTdiesel,SMR,DAC,grid,SMR_H_DAC_C_grid_E,Turkey,1,2024,406.67537770133447,2458.9748072841044,2865.650184985439,5.858329974125585,10.108447857063252,0.026056399828645,2.3417323851212855,0.00028775515,12.543720837841384,0.0431545107095316,2890.6440860654648,5.927828639813762
FTdiesel,SMR,DAC,grid,SMR_H_DAC_C_grid_E,Australia,1,2024,455.56531381843473,3075.7256298673506,3531.290943685786,6.2065793601712755,78.5068587948625,0.1929142517948745,2.664326070026576,0.00033795924,35.416668795279044,0.1218449479687896,3647.878797345954,6.521676519174941
FTdiesel,SMR,DAC,grid,SMR_H_DAC_C_grid_E,Malaysia,1,2024,388.897219113298,2376.359103129803,2765.256322243101,6.427420434249029,7.736093501205551,0.0202690438580345,2.230492381973906,0.0003697959799999,30.229379424780753,0.1039989724734412,2805.452287551061,6.552058246560505
FTdiesel,SMR,DAC,grid,SMR_H_DAC_C_grid_E,Canada,1,2024,453.3430439949302,2190.182952449414,2643.5259964443444,4.6054815731075545,111.49795689848374,0.2733960011235748,2.5742730977581543,0.0001071428749999,10.986441676095902,0.0377969600168744,2768.584668116682,4.916781677123003
FTdiesel,SMR,DAC,grid,SMR_H_DAC_C_grid_E,Mexico,1,2024,391.11948893680255,2058.9464492566008,2450.0659381934033,6.091911879400134,32.336047638495636,0.0802806062545461,2.2936065742423297,0.000321428625,18.507883738507395,0.0636731857579852,2503.2034761446484,6.236187100037665
FTdiesel,SMR,DAC,grid,SMR_H_DAC_C_grid_E,Thailand,1,2024,395.5640285838117,2455.7097073448754,2851.273735928687,6.215073247635804,11.625348230281595,0.0297568767030589,2.267998198779174,0.00033918373,33.5607544318933,0.11545999430902,2898.727836789641,6.360629302377883
FTdiesel,SMR,DAC,grid,SMR_H_DAC_C_grid_E,Russia,1,2024,420.00899664236186,1777.4884584307786,2197.4974550731404,5.769144155748031,136.22976023609783,0.333729209506417,2.379397073731819,0.000274898005,4.498641714135814,0.0154768018629174,2340.605254097106,6.118625065122365
FTdiesel,SMR,DAC,grid,SMR_H_DAC_C_grid_E,Saudi Arabia,1,2024,424.453536289371,1590.399129947658,2014.8526662370289,6.2065793601712755,28.498397559908987,0.0709186629004334,2.390523398268664,0.00033795924,14.05018096868029,0.0483372272806505,2059.791768163887,6.326173209592359
FTdiesel,SMRCCS,DAC,grid,SMRCCS_H_DAC_C_grid_E,South Africa,1,2024,589.1331816957545,2048.433611005494,2637.566792701249,2.009894673466679,24.44615260753832,0.0610332155761023,2.3548013591949744,0.0004340817049999,25.733697572901107,0.088532353506738,2690.1014442408837,2.159894324254519
FTdiesel,SMRCCS,DAC,grid,SMRCCS_H_DAC_C_grid_E,Taiwan,1,2024,579.6818472300471,3101.698939253477,3681.380786483524,1.63537238016095,6.501058897936567,0.0172561782346967,2.3668873873897067,0.0003893878199999,36.79678971799583,0.1265930162580772,3727.0455224868465,1.779610962473724
FTdiesel,SMRCCS,DAC,grid,SMRCCS_H_DAC_C_grid_E,Switzerland,1,2024,696.2483056404371,8292.301928648425,8988.550234288861,-1.4377626018956406,27.41176540843376,0.0682678249030787,2.8910917913213336,2.2653065e-05,0.0,0.0,9018.853091488616,-1.3694721239275618
FTdiesel,SMRCCS,DAC,grid,SMRCCS_H_DAC_C_grid_E,Singapore,1,2024,582.8322920519496,8750.864022848597,9333.696314900546,0.932501774915954,0.9735209932027128,0.0037717552956236,2.4514301546581305,0.000305510255,30.63239601191193,0.1053854816161674,9367.753662060319,1.041964522082745
FTdiesel,SMRCCS,DAC,grid,SMRCCS_H_DAC_C_grid_E,Hungary,1,2024,567.0800679424375,4154.681615565188,4721.761683507625,-0.6887180152841841,51.39093714238112,0.1267649892757182,2.336063308316018,0.0001120408349999,0.0,0.0,4775.488683958322,-0.5618409851734659
FTdiesel,SMRCCS,DAC,grid,SMRCCS_H_DAC_C_grid_E,Philippines,1,2024,563.9296231205351,3010.1267990812403,3574.0564222017756,1.5173722055577756,10.06971863492859,0.0259619199317423,2.293153201047596,0.0003753061849999,35.39164686791369,0.1217588643380695,3621.810940905665,1.6654682960125873
FTdiesel,SMRCCS,DAC,grid,SMRCCS_H_DAC_C_grid_E,Netherlands,1,2024,645.8411884899982,6129.209248022358,6775.050436512356,-0.3295870491006092,5.099956915719565,0.0138381914140532,2.663713825026576,0.000154897985,0.0,0.0,6782.814107253102,-0.315593959701556
FTdiesel,SMRCCS,DAC,grid,SMRCCS_H_DAC_C_grid_E,Norway,1,2024,715.1509745718516,4829.959557329223,5545.110531901074,-1.4685452561399468,21.492878472425655,0.0538287064114019,2.867531979931867,1.8979595e-05,2.1530564189422923,0.0074072197149964,5571.623998772374,-1.4072903504185486
FTdiesel,SMRCCS,DAC,grid,SMRCCS_H_DAC_C_grid_E,Oman,1,2024,601.7349609833642,1917.1590158630208,2518.893976846385,1.1685021241223028,18.275013143264257,0.0459787273054728,2.471951983268664,0.000333673525,21.828982172169688,0.0750988528128933,2561.469924145088,1.2899133777656688
FTdiesel,SMRCCS,DAC,grid,SMRCCS_H_DAC_C_grid_E,Italy,1,2024,604.8854058052666,6975.207216064979,7580.092621870245,-0.150021566008822,12.655781401551565,0.0322706173469638,2.6422090505370863,0.00017632656,8.220338878891056,0.0282806598433619,7603.610951201225,-0.08929396225849631
FTdiesel,SMRCCS,DAC,grid,SMRCCS_H_DAC_C_grid_E,Austria,1,2024,655.2925229557055,5968.395147008881,6623.687669964587,-1.0991534052082694,36.6020747526678,0.090687574939064,2.7373420968318425,6.3061235e-05,0.0,0.0,6663.027086814087,-1.0084027690342052
FTdiesel,SMRCCS,DAC,grid,SMRCCS_H_DAC_C_grid_E,Finland,1,2024,680.496081530925,5986.677809105506,6667.173890636431,-1.2581971188038528,18.609053110807498,0.0467936174570265,2.7347045299792216,4.408164e-05,4.192847591547009,0.0144247698615068,6692.710495868765,-1.1969346498453195
FTdiesel,SMRCCS,DAC,grid,SMRCCS_H_DAC_C_grid_E,Portugal,1,2024,573.3809575862423,5371.910311063192,5945.291268649435,-1.0529794238418098,9.084205983650287,0.0235577628493887,2.330046772852863,6.857144e-05,4.143956778158924,0.0142565694401781,5960.849478184097,-1.015096520112243
FTdiesel,SMRCCS,DAC,grid,SMRCCS_H_DAC_C_grid_E,Germany,1,2024,648.9916333119006,5684.592099164553,6333.583732476453,0.1372832069380375,19.030138664003527,0.0478208552237663,2.708460667294999,0.00021061228,0.0,0.0,6355.322331807753,0.1853146744418038
FTdiesel,SMRCCS,DAC,grid,SMRCCS_H_DAC_C_grid_E,Greece,1,2024,579.6818472300471,3793.455642408809,4373.137489638856,0.0141525899608126,8.004327760205324,0.020923401052402,2.410356782389708,0.0001959184,10.358938767360106,0.0356381443556068,4393.911112948811,0.0709100537688214
FTdiesel,SMRCCS,DAC,grid,SMRCCS_H_DAC_C_grid_E,France,1,2024,636.3898540242909,5954.251539369686,6590.641393393977,-1.401849505277283,26.000539162622182,0.0648251399519821,2.600493718221309,2.693878e-05,0.0,0.0,6619.24242627482,-1.3369974265453008
FTdiesel,SMRCCS,DAC,grid,SMRCCS_H_DAC_C_grid_E,Brazil,1,2024,579.6818472300471,5690.9306493119875,6270.612496542035,-1.0991534052082694,68.70691010575452,0.1690072872145006,2.341785342389707,6.3061235e-05,19.977224732517392,0.0687282003331398,6361.638416722696,-0.8613548564256291
FTdiesel,SMRCCS,DAC,grid,SMRCCS_H_DAC_C_grid_E,United Kingdom,1,2024,671.0447470652176,5207.935153647043,5878.979900712261,-0.545065628810754,12.86735560697842,0.0327867523998833,2.890055888173955,0.000129183695,1.9497081405631156,0.0067076349928456,5896.687020347977,-0.5054420577230252
FTdiesel,SMRCCS,DAC,grid,SMRCCS_H_DAC_C_grid_E,Spain,1,2024,585.9827368738521,4717.474703541339,5303.457440415192,-0.8785443831240739,21.30530921537091,0.0533711314049369,2.371891261926552,8.938776999999999e-05,5.112561911371392,0.0175888885450824,5332.247202803861,-0.8074949754040546
FTdiesel,SMRCCS,DAC,grid,SMRCCS_H_DAC_C_grid_E,Sweden,1,2024,693.0978608185347,7996.972018639679,8690.069879458213,-1.4428930442696914,22.479466319457497,0.056235486432672,2.7492758002216604,2.204082e-05,1.7821060346122866,0.0061310288191515,8717.080727612503,-1.380504488197868
FTdiesel,SMRCCS,DAC,grid,SMRCCS_H_DAC_C_grid_E,Czech Republic,1,2024,573.3809575862423,4879.668936327272,5453.049893913514,0.4964141731216129,34.87658103327972,0.0864782348147717,2.379638617852863,0.00025346943,0.0,0.0,5490.306113564647,0.5831458773663847
FTdiesel,SMRCCS,DAC,grid,SMRCCS_H_DAC_C_grid_E,Japan,1,2024,680.496081530925,5004.140802302784,5684.636883833709,0.8452842545570861,9.189850389558206,0.0238154822671406,2.7830718849792215,0.0002951020899999,41.5157136886971,0.1428276612779785,5738.125519796944,1.0122225001922052
FTdiesel,SMRCCS,DAC,grid,SMRCCS_H_DAC_C_grid_E,Belgium,1,2024,645.8411884899982,4304.407238650402,4950.2484271404,-0.9195879221164824,6.865350398628882,0.0181448669697369,2.681468930026576,8.448981e-05,0.0,0.0,4959.795246469055,-0.9013585653367455
FTdiesel,SMRCCS,DAC,grid,SMRCCS_H_DAC_C_grid_E,Poland,1,2024,582.8322920519496,5508.165255279025,6090.997547330974,1.5276330903058772,11.190987172400249,0.0286972533565199,2.5279607796581307,0.000376530675,3.1210422628166983,0.0107374082616145,6107.837537545849,1.5674442825990118
FTdiesel,SMRCCS,DAC,grid,SMRCCS_H_DAC_C_grid_E,India,1,2024,557.6287334767302,3833.1568846117393,4390.785618088469,2.004764231092627,41.14883202778633,0.1017793845576825,2.2544758515107515,0.0004334694599999,23.047722644092165,0.0792917194612848,4457.236648611859,2.1862688045715943
FTdiesel,SMRCCS,DAC,grid,SMRCCS_H_DAC_C_grid_E,Indonesia,1,2024,507.22161632629127,5088.02803771994,5595.249654046231,1.6866768039014604,14.61998306903098,0.0370622852610349,2.0234244152159944,0.00039551027,34.81377148720778,0.1197707836379461,5646.706833017686,1.8439053830704413
FTdiesel,SMRCCS,DAC,grid,SMRCCS_H_DAC_C_grid_E,South Korea,1,2024,592.2836265176569,4173.499520081156,4765.783146598813,0.4964141731216129,7.475045488669049,0.0196322175044002,2.3830175864633967,0.00025346943,40.096881524802384,0.1379464136319763,4815.7380911987475,0.6542462736879895
FTdiesel,SMRCCS,DAC,grid,SMRCCS_H_DAC_C_grid_E,China,1,2024,576.5314024081447,3776.752185766082,4353.283588174227,1.245458759733069,78.01603497926587,0.1917168876099259,2.3068344201212856,0.0003428572,38.60635207087997,0.1328185038105044,4472.212809644494,1.5703370083534993
FTdiesel,SMRCCS,DAC,grid,SMRCCS_H_DAC_C_grid_E,United Arab Emirates,1,2024,601.7349609833642,1770.598377771095,2372.3333387544594,0.3373704595260299,10.874670054831256,0.0279255980789476,2.4162376882686636,0.000234489835,22.32807580562143,0.0768158984828572,2407.9523223031806,0.44234644592283473
FTdiesel,SMRCCS,DAC,grid,SMRCCS_H_DAC_C_grid_E,United States,1,2024,630.0889643804861,3130.4983012141306,3760.587265594617,0.3425009019000812,88.15780465008372,0.2164577241177772,2.549571468684465,0.00023510208,12.124526609989683,0.0417123451807336,3863.4191683233744,0.600906073278592
FTdiesel,SMRCCS,DAC,grid,SMRCCS_H_DAC_C_grid_E,Turkey,1,2024,576.5314024081447,2876.6682065696705,3453.199608977815,0.7837189460684729,10.108447857063252,0.026056399828645,2.3417323851212855,0.00028775515,12.543720837841384,0.0431545107095316,3478.1935100578407,0.8532176117566496
FTdiesel,SMRCCS,DAC,grid,SMRCCS_H_DAC_C_grid_E,Australia,1,2024,645.8411884899982,3711.1085860523617,4356.94977454236,1.2044152207406604,78.5068587948625,0.1929142517948745,2.664326070026576,0.00033795924,35.416668795279044,0.1218449479687896,4473.537628202528,1.5195123797443244
FTdiesel,SMRCCS,DAC,grid,SMRCCS_H_DAC_C_grid_E,Malaysia,1,2024,551.3278438329253,2757.1017823557854,3308.4296261887107,1.4711982241913164,7.736093501205551,0.0202690438580345,2.230492381973906,0.0003697959799999,30.229379424780753,0.1039989724734412,3348.625591496671,1.595836036502792
FTdiesel,SMRCCS,DAC,grid,SMRCCS_H_DAC_C_grid_E,Canada,1,2024,642.6907436680957,2488.4322608391876,3131.123004507283,-0.7297615542765925,111.49795689848374,0.2733960011235748,2.5742730977581543,0.0001071428749999,10.986441676095902,0.0377969600168744,3256.181676179621,-0.4184614502611434
FTdiesel,SMRCCS,DAC,grid,SMRCCS_H_DAC_C_grid_E,Mexico,1,2024,554.4782886548277,2406.736310154133,2961.214598808961,1.065893276641282,32.336047638495636,0.0802806062545461,2.2936065742423297,0.000321428625,18.507883738507395,0.0636731857579852,3014.352136760206,1.2101684972788131
FTdiesel,SMRCCS,DAC,grid,SMRCCS_H_DAC_C_grid_E,Thailand,1,2024,560.7791782986327,2861.1536137061985,3421.9327920048313,1.2146761054887631,11.625348230281595,0.0297568767030589,2.267998198779174,0.00033918373,33.5607544318933,0.11545999430902,3469.3868928657853,1.360232160230842
FTdiesel,SMRCCS,DAC,grid,SMRCCS_H_DAC_C_grid_E,Russia,1,2024,595.4340713395594,1960.8432844867348,2556.2773558262943,0.6759796562134006,136.22976023609783,0.333729209506417,2.379397073731819,0.000274898005,4.498641714135814,0.0154768018629174,2699.38515485026,1.0254605655877351
FTdiesel,SMRCCS,DAC,grid,SMRCCS_H_DAC_C_grid_E,Saudi Arabia,1,2024,601.7349609833642,1704.0397443818506,2305.7747053652147,1.2044152207406604,28.498397559908987,0.0709186629004334,2.390523398268664,0.00033795924,14.05018096868029,0.0483372272806505,2350.7138072920725,1.3240090701617444
FTdiesel,SMR,SMR,grid,SMR_H_C_grid_E,South Africa,1,2024,415.5644569953527,485.731065815574,901.2955228109269,4.287044133318334,24.44615260753832,0.0610332155761023,2.3548013591949744,0.0004340817049999,25.733697572901107,0.088532353506738,953.8301743505613,4.437043784106174
FTdiesel,SMR,SMR,grid,SMR_H_C_grid_E,Taiwan,1,2024,408.89764752483904,1264.623089143658,1673.5207366684972,4.239144018640802,6.501058897936567,0.0172561782346967,2.3668873873897067,0.0003893878199999,36.79678971799583,0.1265930162580772,1719.1854726718193,4.383382600953577
FTdiesel,SMR,SMR,grid,SMR_H_C_grid_E,Switzerland,1,2024,491.12163099450777,5262.676768513183,5753.79839950769,3.84610061190325,27.41176540843376,0.0682678249030787,2.8910917913213336,2.2653065e-05,0.0,0.0,5784.101256707446,3.9143910898713288
FTdiesel,SMR,SMR,grid,SMR_H_C_grid_E,Singapore,1,2024,411.1199173483436,5601.340268179097,6012.46018552744,4.14924928287612,0.9735209932027128,0.0037717552956236,2.4514301546581305,0.000305510255,30.63239601191193,0.1053854816161674,6046.517532687212,4.258712030042911
FTdiesel,SMR,SMR,grid,SMR_H_C_grid_E,Hungary,1,2024,400.0085682308208,2066.0968213226697,2466.1053895534906,3.941900841258312,51.39093714238112,0.1267649892757182,2.336063308316018,0.0001120408349999,0.0,0.0,2519.832390004188,4.06877787136903
FTdiesel,SMR,SMR,grid,SMR_H_C_grid_E,Philippines,1,2024,397.7862984073162,1200.1867932625944,1597.973091669911,4.224052201687608,10.06971863492859,0.0259619199317423,2.293153201047596,0.0003753061849999,35.39164686791369,0.1217588643380695,1645.7276103738009,4.37214829214242
FTdiesel,SMR,SMR,grid,SMR_H_C_grid_E,Netherlands,1,2024,455.56531381843473,3595.278083334023,4050.843397152458,3.987832458072385,5.099956915719565,0.0138381914140532,2.663713825026576,0.000154897985,0.0,0.0,4058.607067893204,4.001825547471438
FTdiesel,SMR,SMR,grid,SMR_H_C_grid_E,Norway,1,2024,504.4552499355352,2650.0386166091575,3154.4938665446925,3.8421636161763297,21.492878472425655,0.0538287064114019,2.867531979931867,1.8979595e-05,2.1530564189422923,0.0074072197149964,3181.0073334159924,3.9034185218977284
FTdiesel,SMR,SMR,grid,SMR_H_C_grid_E,Oman,1,2024,424.453536289371,324.22990067251027,748.6834369618813,4.17943291678251,18.275013143264257,0.0459787273054728,2.471951983268664,0.000333673525,21.828982172169688,0.0750988528128933,791.2593842605839,4.300844170425876
FTdiesel,SMR,SMR,grid,SMR_H_C_grid_E,Italy,1,2024,426.6758061128755,4130.885971525653,4557.561777638529,4.01079826647942,12.655781401551565,0.0322706173469638,2.6422090505370863,0.00017632656,8.220338878891056,0.0282806598433619,4581.080106969509,4.071525870229746
FTdiesel,SMR,SMR,grid,SMR_H_C_grid_E,Austria,1,2024,462.23212328894846,3440.4341907188614,3902.66631400781,3.8894075648993742,36.6020747526678,0.090687574939064,2.7373420968318425,6.3061235e-05,0.0,0.0,3942.0057308573096,3.980158201073438
FTdiesel,SMR,SMR,grid,SMR_H_C_grid_E,Finland,1,2024,480.01028187698495,3542.789703962914,4022.799985839899,3.869066420310286,18.609053110807498,0.0467936174570265,2.7347045299792216,4.408164e-05,4.192847591547009,0.0144247698615068,4048.3365910722327,3.9303288892688193
FTdiesel,SMR,SMR,grid,SMR_H_C_grid_E,Portugal,1,2024,404.4531078778299,3040.2130251305985,3444.6661330084285,3.895313058489755,9.084205983650287,0.0235577628493887,2.330046772852863,6.857144e-05,4.143956778158924,0.0142565694401781,3460.2243425430906,3.933195962219322
FTdiesel,SMR,SMR,grid,SMR_H_C_grid_E,Germany,1,2024,457.78758364193936,3224.4570327281485,3682.244616370088,4.047543559930677,19.030138664003527,0.0478208552237663,2.708460667294999,0.00021061228,0.0,0.0,3703.9832157013866,4.095575027434443
FTdiesel,SMR,SMR,grid,SMR_H_C_grid_E,Greece,1,2024,408.89764752483904,1766.4580115232484,2175.3556590480875,4.031795577022995,8.004327760205324,0.020923401052402,2.410356782389708,0.0001959184,10.358938767360106,0.0356381443556068,2196.1292823580425,4.0885530408310045
FTdiesel,SMR,SMR,grid,SMR_H_C_grid_E,France,1,2024,448.8985043479211,3484.3026316817404,3933.2011360296615,3.850693773584657,26.000539162622182,0.0648251399519821,2.600493718221309,2.693878e-05,0.0,0.0,3961.8021689105053,3.915545852316639
FTdiesel,SMR,SMR,grid,SMR_H_C_grid_E,Brazil,1,2024,408.89764752483904,3298.944544364073,3707.842191888912,3.8894075648993742,68.70691010575452,0.1690072872145006,2.341785342389707,6.3061235e-05,19.977224732517392,0.0687282003331398,3798.8681120695737,4.127206113682014
FTdiesel,SMR,SMR,grid,SMR_H_C_grid_E,United Kingdom,1,2024,473.3434724064713,2762.4686393547454,3235.812111761217,3.960273487983941,12.86735560697842,0.0327867523998833,2.890055888173955,0.000129183695,1.9497081405631156,0.0067076349928456,3253.5192313969324,3.99989705907167
FTdiesel,SMR,SMR,grid,SMR_H_C_grid_E,Spain,1,2024,413.3421871718482,2543.737877592702,2957.08006476455,3.917622700942303,21.30530921537091,0.0533711314049369,2.371891261926552,8.938776999999999e-05,5.112561911371392,0.0175888885450824,2985.869827153219,3.9886721086623225
FTdiesel,SMR,SMR,grid,SMR_H_C_grid_E,Sweden,1,2024,488.8993611710032,5138.088166343848,5626.987527514851,3.8454444459487633,22.479466319457497,0.056235486432672,2.7492758002216604,2.204082e-05,1.7821060346122866,0.0061310288191515,5653.998375669142,3.9078330020205865
FTdiesel,SMR,SMR,grid,SMR_H_C_grid_E,Czech Republic,1,2024,404.4531078778299,2612.50329904244,3016.95640692027,4.093475176744748,34.87658103327972,0.0864782348147717,2.379638617852863,0.00025346943,0.0,0.0,3054.212626571403,4.18020688098952
FTdiesel,SMR,SMR,grid,SMR_H_C_grid_E,Japan,1,2024,480.01028187698495,2731.456503211035,3211.46678508802,4.138094461649846,9.189850389558206,0.0238154822671406,2.7830718849792215,0.0002951020899999,41.5157136886971,0.1428276612779785,3264.9554210512542,4.3050327072849655
FTdiesel,SMR,SMR,grid,SMR_H_C_grid_E,Belgium,1,2024,455.56531381843473,2166.74796942546,2622.3132832438946,3.91237337330641,6.865350398628882,0.0181448669697369,2.681468930026576,8.448981e-05,0.0,0.0,2631.86010257255,3.9306027300861466
FTdiesel,SMR,SMR,grid,SMR_H_C_grid_E,Poland,1,2024,411.1199173483436,3002.7126403841175,3413.8325577324613,4.225364533596581,11.190987172400249,0.0286972533565199,2.5279607796581307,0.000376530675,3.1210422628166983,0.0107374082616145,3430.6725479473366,4.265175725889716
FTdiesel,SMR,SMR,grid,SMR_H_C_grid_E,India,1,2024,393.3417587603071,1852.8536573766648,2246.1954161369717,4.286387967363848,41.14883202778633,0.1017793845576825,2.2544758515107515,0.0004334694599999,23.047722644092165,0.0792917194612848,2312.646446660361,4.467892540842815
FTdiesel,SMR,SMR,grid,SMR_H_C_grid_E,Indonesia,1,2024,357.78544158423415,2858.702191821352,3216.487633405586,4.24570567818567,14.61998306903098,0.0370622852610349,2.0234244152159944,0.00039551027,34.81377148720778,0.1197707836379461,3267.944812377041,4.4029342573546515
FTdiesel,SMR,SMR,grid,SMR_H_C_grid_E,South Korea,1,2024,417.7867268188573,2133.686087721718,2551.4728145405757,4.093475176744748,7.475045488669049,0.0196322175044002,2.3830175864633967,0.00025346943,40.096881524802384,0.1379464136319763,2601.4277591405103,4.251307277311124
FTdiesel,SMR,SMR,grid,SMR_H_C_grid_E,China,1,2024,406.67537770133447,1828.9442204067088,2235.619598108043,4.189275406099812,78.01603497926587,0.1917168876099259,2.3068344201212856,0.0003428572,38.60635207087997,0.1328185038105044,2354.5488195783105,4.514153654720242
FTdiesel,SMR,SMR,grid,SMR_H_C_grid_E,United Arab Emirates,1,2024,424.453536289371,259.850809785101,684.304346074472,4.073134032155659,10.874670054831256,0.0279255980789476,2.4162376882686636,0.000234489835,22.32807580562143,0.0768158984828572,719.9233296231935,4.178110018552464
FTdiesel,SMR,SMR,grid,SMR_H_C_grid_E,United States,1,2024,444.453964700912,1312.3718460885273,1756.8258107894394,4.073790198110146,88.15780465008372,0.2164577241177772,2.549571468684465,0.00023510208,12.124526609989683,0.0417123451807336,1859.6577135181974,4.332195369488657
FTdiesel,SMR,SMR,grid,SMR_H_C_grid_E,Turkey,1,2024,406.67537770133447,1098.9748072841046,1505.650184985439,4.130220470196005,10.108447857063252,0.026056399828645,2.3417323851212855,0.00028775515,12.543720837841384,0.0431545107095316,1530.644086065465,4.199719135884182
FTdiesel,SMR,SMR,grid,SMR_H_C_grid_E,Australia,1,2024,455.56531381843473,1715.72562986735,2171.290943685785,4.184026078463917,78.5068587948625,0.1929142517948745,2.664326070026576,0.00033795924,35.416668795279044,0.1218449479687896,2287.878797345953,4.4991232374675825
FTdiesel,SMR,SMR,grid,SMR_H_C_grid_E,Malaysia,1,2024,388.897219113298,1016.3591031298024,1405.2563222431004,4.218146708097227,7.736093501205551,0.0202690438580345,2.230492381973906,0.0003697959799999,30.229379424780753,0.1039989724734412,1445.4522875510604,4.342784520408703
FTdiesel,SMR,SMR,grid,SMR_H_C_grid_E,Canada,1,2024,453.3430439949302,830.1829524494137,1283.525996444344,3.9366515136224183,111.49795689848374,0.2733960011235748,2.5742730977581543,0.0001071428749999,10.986441676095902,0.0377969600168744,1408.5846681166818,4.247951617637867
FTdiesel,SMR,SMR,grid,SMR_H_C_grid_E,Mexico,1,2024,391.11948893680255,698.9464492566015,1090.065938193404,4.166309597692776,32.336047638495636,0.0802806062545461,2.2936065742423297,0.000321428625,18.507883738507395,0.0636731857579852,1143.2034761446494,4.310584818330308
FTdiesel,SMR,SMR,grid,SMR_H_C_grid_E,Thailand,1,2024,395.5640285838117,1095.7097073448747,1491.2737359286864,4.185338410372891,11.625348230281595,0.0297568767030589,2.267998198779174,0.00033918373,33.5607544318933,0.11545999430902,1538.7278367896404,4.33089446511497
FTdiesel,SMR,SMR,grid,SMR_H_C_grid_E,Russia,1,2024,420.00899664236186,417.4884584307785,837.4974550731404,4.116440985151784,136.22976023609783,0.333729209506417,2.379397073731819,0.000274898005,4.498641714135814,0.0154768018629174,980.6052540971059,4.465921894526118
FTdiesel,SMR,SMR,grid,SMR_H_C_grid_E,Saudi Arabia,1,2024,424.453536289371,230.39912994765763,654.8526662370286,4.184026078463917,28.498397559908987,0.0709186629004334,2.390523398268664,0.00033795924,14.05018096868029,0.0483372272806505,699.7917681638866,4.303619927885001
FTdiesel,ATRCCS,BEC,solar,ATRCCS_H_BEC_C_solar_E,South Africa,1,2024,534.5250098309498,751.7987299152404,1286.3237397461903,-2.0781884829899635,24.44615260753832,0.0610332155761023,2.3548013591949744,0.0004340817049999,25.733697572901107,0.088532353506738,1338.8583912858246,-1.9281888322021232
FTdiesel,ATRCCS,BEC,solar,ATRCCS_H_BEC_C_solar_E,Taiwan,1,2024,525.9497422935549,1477.8755444021187,2003.8252866956736,-2.0781884829899635,6.501058897936567,0.0172561782346967,2.3668873873897067,0.0003893878199999,36.79678971799583,0.1265930162580772,2049.4900226989957,-1.9339499006771899
FTdiesel,ATRCCS,BEC,solar,ATRCCS_H_BEC_C_solar_E,Switzerland,1,2024,631.7113752547588,5816.289911641828,6448.001286896587,-2.0781884829899635,27.41176540843376,0.0682678249030787,2.8910917913213336,2.2653065e-05,0.0,0.0,6478.3041440963425,-2.009898005021885
FTdiesel,ATRCCS,BEC,solar,ATRCCS_H_BEC_C_solar_E,Singapore,1,2024,528.8081648060198,6197.585665884192,6726.393830690212,-2.0781884829899635,0.9735209932027128,0.0037717552956236,2.4514301546581305,0.000305510255,30.63239601191193,0.1053854816161674,6760.451177849984,-1.9687257358231722
FTdiesel,ATRCCS,BEC,solar,ATRCCS_H_BEC_C_solar_E,Hungary,1,2024,514.5160522436948,2437.234101492331,2951.750153736026,-2.0781884829899635,51.39093714238112,0.1267649892757182,2.336063308316018,0.0001120408349999,0.0,0.0,3005.477154186723,-1.9513114528792455
FTdiesel,ATRCCS,BEC,solar,ATRCCS_H_BEC_C_solar_E,Philippines,1,2024,511.65762973123,1466.670109132899,1978.3277388641288,-2.0781884829899635,10.06971863492859,0.0259619199317423,2.293153201047596,0.0003753061849999,35.39164686791369,0.1217588643380695,2026.0822575680188,-1.9300923925351514
FTdiesel,ATRCCS,BEC,solar,ATRCCS_H_BEC_C_solar_E,Netherlands,1,2024,585.9766150553191,4022.0366280601497,4608.013243115469,-2.0781884829899635,5.099956915719565,0.0138381914140532,2.663713825026576,0.000154897985,0.0,0.0,4615.776913856214,-2.0641953935909103
FTdiesel,ATRCCS,BEC,solar,ATRCCS_H_BEC_C_solar_E,Norway,1,2024,648.8619103295486,3120.821739862591,3769.68365019214,-2.0781884829899635,21.492878472425655,0.0538287064114019,2.867531979931867,1.8979595e-05,2.1530564189422923,0.0074072197149964,3796.1971170634397,-2.016933577268565
FTdiesel,ATRCCS,BEC,solar,ATRCCS_H_BEC_C_solar_E,Oman,1,2024,545.9586998808096,427.26773245518274,973.2264323359924,-2.0781884829899635,18.275013143264257,0.0459787273054728,2.471951983268664,0.000333673525,21.828982172169688,0.0750988528128933,1015.8023796346951,-1.9567772293465975
FTdiesel,ATRCCS,BEC,solar,ATRCCS_H_BEC_C_solar_E,Italy,1,2024,548.8171223932745,4446.206149652916,4995.02327204619,-2.0781884829899635,12.655781401551565,0.0322706173469638,2.6422090505370863,0.00017632656,8.220338878891056,0.0282806598433619,5018.54160137717,-2.017460879239638
FTdiesel,ATRCCS,BEC,solar,ATRCCS_H_BEC_C_solar_E,Austria,1,2024,594.551882592714,3816.240201073383,4410.792083666097,-2.0781884829899635,36.6020747526678,0.090687574939064,2.7373420968318425,6.3061235e-05,0.0,0.0,4450.131500515597,-1.9874378468158993
FTdiesel,ATRCCS,BEC,solar,ATRCCS_H_BEC_C_solar_E,Finland,1,2024,617.419262692434,4104.592453884907,4722.011716577341,-2.0781884829899635,18.609053110807498,0.0467936174570265,2.7347045299792216,4.408164e-05,4.192847591547009,0.0144247698615068,4747.548321809675,-2.01692601403143
FTdiesel,ATRCCS,BEC,solar,ATRCCS_H_BEC_C_solar_E,Portugal,1,2024,520.2328972686249,3454.613948374568,3974.846845643193,-2.0781884829899635,9.084205983650287,0.0235577628493887,2.330046772852863,6.857144e-05,4.143956778158924,0.0142565694401781,3990.405055177855,-2.0403055792603966
FTdiesel,ATRCCS,BEC,solar,ATRCCS_H_BEC_C_solar_E,Germany,1,2024,588.8350375677842,3573.796527714315,4162.6315652820995,-2.0781884829899635,19.030138664003527,0.0478208552237663,2.708460667294999,0.00021061228,0.0,0.0,4184.370164613399,-2.030157015486197
FTdiesel,ATRCCS,BEC,solar,ATRCCS_H_BEC_C_solar_E,Greece,1,2024,525.9497422935549,1992.43306299708,2518.3828052906347,-2.0781884829899635,8.004327760205324,0.020923401052402,2.410356782389708,0.0001959184,10.358938767360106,0.0356381443556068,2539.1564286005896,-2.0214310191819544
FTdiesel,ATRCCS,BEC,solar,ATRCCS_H_BEC_C_solar_E,France,1,2024,577.4013475179243,3912.672961515495,4490.07430903342,-2.0781884829899635,26.000539162622182,0.0648251399519821,2.600493718221309,2.693878e-05,0.0,0.0,4518.675341914263,-2.0133364042579815
FTdiesel,ATRCCS,BEC,solar,ATRCCS_H_BEC_C_solar_E,Brazil,1,2024,525.9497422935549,3790.401558845044,4316.3513011385985,-2.0781884829899635,68.70691010575452,0.1690072872145006,2.341785342389707,6.3061235e-05,19.977224732517392,0.0687282003331398,4407.37722131926,-1.840389934207323
FTdiesel,ATRCCS,BEC,solar,ATRCCS_H_BEC_C_solar_E,United Kingdom,1,2024,608.8439951550389,2976.788294985851,3585.63229014089,-2.0781884829899635,12.86735560697842,0.0327867523998833,2.890055888173955,0.000129183695,1.9497081405631156,0.0067076349928456,3603.3394097766054,-2.0385649119022347
FTdiesel,ATRCCS,BEC,solar,ATRCCS_H_BEC_C_solar_E,Spain,1,2024,531.6665873184847,2895.4153581518676,3427.0819454703524,-2.0781884829899635,21.30530921537091,0.0533711314049369,2.371891261926552,8.938776999999999e-05,5.112561911371392,0.0175888885450824,3455.871707859021,-2.007139075269944
FTdiesel,ATRCCS,BEC,solar,ATRCCS_H_BEC_C_solar_E,Sweden,1,2024,628.8529527422938,5899.156580077967,6528.009532820261,-2.0781884829899635,22.479466319457497,0.056235486432672,2.7492758002216604,2.204082e-05,1.7821060346122866,0.0061310288191515,6555.020380974552,-2.0157999269181404
FTdiesel,ATRCCS,BEC,solar,ATRCCS_H_BEC_C_solar_E,Czech Republic,1,2024,520.2328972686249,2950.99679067535,3471.229687943975,-2.0781884829899635,34.87658103327972,0.0864782348147717,2.379638617852863,0.00025346943,0.0,0.0,3508.4859075951076,-1.9914567787451918
FTdiesel,ATRCCS,BEC,solar,ATRCCS_H_BEC_C_solar_E,Japan,1,2024,617.419262692434,3195.10475744797,3812.524020140404,-2.0781884829899635,9.189850389558206,0.0238154822671406,2.7830718849792215,0.0002951020899999,41.5157136886971,0.1428276612779785,3866.012656103638,-1.9112502373548443
FTdiesel,ATRCCS,BEC,solar,ATRCCS_H_BEC_C_solar_E,Belgium,1,2024,585.9766150553191,2488.9161197660605,3074.8927348213797,-2.0781884829899635,6.865350398628882,0.0181448669697369,2.681468930026576,8.448981e-05,0.0,0.0,3084.4395541500353,-2.059959126210227
FTdiesel,ATRCCS,BEC,solar,ATRCCS_H_BEC_C_solar_E,Poland,1,2024,528.8081648060198,3360.6543743238813,3889.462539129901,-2.0781884829899635,11.190987172400249,0.0286972533565199,2.5279607796581307,0.000376530675,3.1210422628166983,0.0107374082616145,3906.3025293447763,-2.038377290696829
FTdiesel,ATRCCS,BEC,solar,ATRCCS_H_BEC_C_solar_E,India,1,2024,505.9407847063,2185.2082476498817,2691.1490323561816,-2.0781884829899635,41.14883202778633,0.1017793845576825,2.2544758515107515,0.0004334694599999,23.047722644092165,0.0792917194612848,2757.600062879571,-1.8966839095109964
FTdiesel,ATRCCS,BEC,solar,ATRCCS_H_BEC_C_solar_E,Indonesia,1,2024,460.2060245068605,3375.2221717473376,3835.428196254198,-2.0781884829899635,14.61998306903098,0.0370622852610349,2.0234244152159944,0.00039551027,34.81377148720778,0.1197707836379461,3886.885375225653,-1.9209599038209824
FTdiesel,ATRCCS,BEC,solar,ATRCCS_H_BEC_C_solar_E,South Korea,1,2024,537.3834323434147,2533.508598258989,3070.892030602404,-2.0781884829899635,7.475045488669049,0.0196322175044002,2.3830175864633967,0.00025346943,40.096881524802384,0.1379464136319763,3120.8469752023384,-1.9203563824235867
FTdiesel,ATRCCS,BEC,solar,ATRCCS_H_BEC_C_solar_E,China,1,2024,523.0913197810899,2156.0348927619457,2679.126212543036,-2.0781884829899635,78.01603497926587,0.1917168876099259,2.3068344201212856,0.0003428572,38.60635207087997,0.1328185038105044,2798.0554340133035,-1.7533102343695333
FTdiesel,ATRCCS,BEC,solar,ATRCCS_H_BEC_C_solar_E,United Arab Emirates,1,2024,545.9586998808096,386.8611674713318,932.8198673521414,-2.0781884829899635,10.874670054831256,0.0279255980789476,2.4162376882686636,0.000234489835,22.32807580562143,0.0768158984828572,968.4388509008627,-1.9732124965931588
FTdiesel,ATRCCS,BEC,solar,ATRCCS_H_BEC_C_solar_E,United States,1,2024,571.6845024929944,1568.910275692862,2140.5947781858567,-2.0781884829899635,88.15780465008372,0.2164577241177772,2.549571468684465,0.00023510208,12.124526609989683,0.0417123451807336,2243.4266809146143,-1.8197833116114528
FTdiesel,ATRCCS,BEC,solar,ATRCCS_H_BEC_C_solar_E,Turkey,1,2024,523.0913197810899,1408.1235806872417,1931.2149004683315,-2.0781884829899635,10.108447857063252,0.026056399828645,2.3417323851212855,0.00028775515,12.543720837841384,0.0431545107095316,1956.2088015483575,-2.008689817301787
FTdiesel,ATRCCS,BEC,solar,ATRCCS_H_BEC_C_solar_E,Australia,1,2024,585.9766150553191,1895.9670652215264,2481.9436802768455,-2.0781884829899635,78.5068587948625,0.1929142517948745,2.664326070026576,0.00033795924,35.416668795279044,0.1218449479687896,2598.5315339370136,-1.7630913239862995
FTdiesel,ATRCCS,BEC,solar,ATRCCS_H_BEC_C_solar_E,Malaysia,1,2024,500.2239396813701,1291.0976913842303,1791.3216310656005,-2.0781884829899635,7.736093501205551,0.0202690438580345,2.230492381973906,0.0003697959799999,30.229379424780753,0.1039989724734412,1831.5175963735605,-1.9535506706784882
FTdiesel,ATRCCS,BEC,solar,ATRCCS_H_BEC_C_solar_E,Canada,1,2024,583.1181925428542,1144.7046112243663,1727.8228037672206,-2.0781884829899635,111.49795689848374,0.2733960011235748,2.5742730977581543,0.0001071428749999,10.986441676095902,0.0377969600168744,1852.8814754395585,-1.7668883789745145
FTdiesel,ATRCCS,BEC,solar,ATRCCS_H_BEC_C_solar_E,Mexico,1,2024,503.0823621938351,886.2807195031196,1389.3630816969546,-2.0781884829899635,32.336047638495636,0.0802806062545461,2.2936065742423297,0.000321428625,18.507883738507395,0.0636731857579852,1442.5006196482,-1.9339132623524322
FTdiesel,ATRCCS,BEC,solar,ATRCCS_H_BEC_C_solar_E,Thailand,1,2024,508.79920721876505,1353.4178044671876,1862.217011685953,-2.0781884829899635,11.625348230281595,0.0297568767030589,2.267998198779174,0.00033918373,33.5607544318933,0.11545999430902,1909.671112546907,-1.9326324282478846
FTdiesel,ATRCCS,BEC,solar,ATRCCS_H_BEC_C_solar_E,Russia,1,2024,540.2418548558798,723.2737167569798,1263.5155716128595,-2.0781884829899635,136.22976023609783,0.333729209506417,2.379397073731819,0.000274898005,4.498641714135814,0.0154768018629174,1406.623370636825,-1.728707573615629
FTdiesel,ATRCCS,BEC,solar,ATRCCS_H_BEC_C_solar_E,Saudi Arabia,1,2024,545.9586998808096,422.33756513798784,968.2962650187974,-2.0781884829899635,28.498397559908987,0.0709186629004334,2.390523398268664,0.00033795924,14.05018096868029,0.0483372272806505,1013.2353669456553,-1.9585946335688795
FTdiesel,BG,BEC,solar,BG_H_BEC_C_solar_E,South Africa,1,2024,550.6624904,1094.0900885026613,1644.7525789026613,-2.195297614944274,24.44615260753832,0.0610332155761023,2.3548013591949744,0.0004340817049999,25.733697572901107,0.088532353506738,1697.2872304422956,-2.0452979641564335
FTdiesel,BG,BEC,solar,BG_H_BEC_C_solar_E,Taiwan,1,2024,541.8283328,1101.4432855239077,1643.2716183239077,-2.195297614944274,6.501058897936567,0.0172561782346967,2.3668873873897067,0.0003893878199999,36.79678971799583,0.1265930162580772,1688.9363543272298,-2.0510590326315
FTdiesel,BG,BEC,solar,BG_H_BEC_C_solar_E,Switzerland,1,2024,650.7829432000001,1510.86445882614,2161.6474020261403,-2.195297614944274,27.41176540843376,0.0682678249030787,2.8910917913213336,2.2653065e-05,0.0,0.0,2191.9502592258955,-2.127007136976195
FTdiesel,BG,BEC,solar,BG_H_BEC_C_solar_E,Singapore,1,2024,544.773052,1370.4356230479077,1915.2086750479075,-2.195297614944274,0.9735209932027128,0.0037717552956236,2.4514301546581305,0.000305510255,30.63239601191193,0.1053854816161674,1949.2660222076802,-2.0858348677774825
FTdiesel,BG,BEC,solar,BG_H_BEC_C_solar_E,Hungary,1,2024,530.049456,1174.1323027279489,1704.1817587279488,-2.195297614944274,51.39093714238112,0.1267649892757182,2.336063308316018,0.0001120408349999,0.0,0.0,1757.9087591786458,-2.0684205848335555
FTdiesel,BG,BEC,solar,BG_H_BEC_C_solar_E,Philippines,1,2024,527.1047368000001,1086.2800369748657,1613.3847737748656,-2.195297614944274,10.06971863492859,0.0259619199317423,2.293153201047596,0.0003753061849999,35.39164686791369,0.1217588643380695,1661.1392924787556,-2.047201524489462
FTdiesel,BG,BEC,solar,BG_H_BEC_C_solar_E,Netherlands,1,2024,603.667436,1329.965989640996,1933.633425640996,-2.195297614944274,5.099956915719565,0.0138381914140532,2.663713825026576,0.000154897985,0.0,0.0,1941.3970963817421,-2.1813045255452206
FTdiesel,BG,BEC,solar,BG_H_BEC_C_solar_E,Norway,1,2024,668.4512583999999,1388.034068884942,2056.485327284942,-2.195297614944274,21.492878472425655,0.0538287064114019,2.867531979931867,1.8979595e-05,2.1530564189422923,0.0074072197149964,2082.9987941562417,-2.134042709222875
FTdiesel,BG,BEC,solar,BG_H_BEC_C_solar_E,Oman,1,2024,562.4413672000001,1068.2373122025197,1630.6786794025195,-2.195297614944274,18.275013143264257,0.0459787273054728,2.471951983268664,0.000333673525,21.828982172169688,0.0750988528128933,1673.254626701222,-2.0738863613009078
FTdiesel,BG,BEC,solar,BG_H_BEC_C_solar_E,Italy,1,2024,565.3860864,1326.0067923946076,1891.3928787946072,-2.195297614944274,12.655781401551565,0.0322706173469638,2.6422090505370863,0.00017632656,8.220338878891056,0.0282806598433619,1914.9112081255869,-2.134570011193948
FTdiesel,BG,BEC,solar,BG_H_BEC_C_solar_E,Austria,1,2024,612.5015936,1344.7709456281202,1957.27253922812,-2.195297614944274,36.6020747526678,0.090687574939064,2.7373420968318425,6.3061235e-05,0.0,0.0,1996.6119560776194,-2.10454697877021
FTdiesel,BG,BEC,solar,BG_H_BEC_C_solar_E,Finland,1,2024,636.0593472,1380.3550659524544,2016.4144131524545,-2.195297614944274,18.609053110807498,0.0467936174570265,2.7347045299792216,4.408164e-05,4.192847591547009,0.0144247698615068,2041.951018384788,-2.1340351459857403
FTdiesel,BG,BEC,solar,BG_H_BEC_C_solar_E,Portugal,1,2024,535.9388944,1193.722845320406,1729.661739720406,-2.195297614944274,9.084205983650287,0.0235577628493887,2.330046772852863,6.857144e-05,4.143956778158924,0.0142565694401781,1745.2199492550683,-2.157414711214707
FTdiesel,BG,BEC,solar,BG_H_BEC_C_solar_E,Germany,1,2024,606.6121552,1355.258958158539,1961.8711133585389,-2.195297614944274,19.030138664003527,0.0478208552237663,2.708460667294999,0.00021061228,0.0,0.0,1983.6097126898374,-2.1472661474405075
FTdiesel,BG,BEC,solar,BG_H_BEC_C_solar_E,Greece,1,2024,541.8283328,1156.4380142101163,1698.2663470101163,-2.195297614944274,8.004327760205324,0.020923401052402,2.410356782389708,0.0001959184,10.358938767360106,0.0356381443556068,1719.0399703200715,-2.1385401511362647
FTdiesel,BG,BEC,solar,BG_H_BEC_C_solar_E,France,1,2024,594.8332784000002,1329.9846527251557,1924.817931125156,-2.195297614944274,26.000539162622182,0.0648251399519821,2.600493718221309,2.693878e-05,0.0,0.0,1953.4189640059994,-2.130445536212292
FTdiesel,BG,BEC,solar,BG_H_BEC_C_solar_E,Brazil,1,2024,541.8283328,1200.4732059338137,1742.3015387338137,-2.195297614944274,68.70691010575452,0.1690072872145006,2.341785342389707,6.3061235e-05,19.977224732517392,0.0687282003331398,1833.3274589144755,-1.9574990661616332
FTdiesel,BG,BEC,solar,BG_H_BEC_C_solar_E,United Kingdom,1,2024,627.2251896,1274.9345165757013,1902.159706175701,-2.195297614944274,12.86735560697842,0.0327867523998833,2.890055888173955,0.000129183695,1.9497081405631156,0.0067076349928456,1919.8668258114167,-2.155674043856545
FTdiesel,BG,BEC,solar,BG_H_BEC_C_solar_E,Spain,1,2024,547.7177712,1220.87898099886,1768.59675219886,-2.195297614944274,21.30530921537091,0.0533711314049369,2.371891261926552,8.938776999999999e-05,5.112561911371392,0.0175888885450824,1797.3865145875288,-2.1242482072242543
FTdiesel,BG,BEC,solar,BG_H_BEC_C_solar_E,Sweden,1,2024,647.838224,1460.0288566560428,2107.8670806560426,-2.195297614944274,22.479466319457497,0.056235486432672,2.7492758002216604,2.204082e-05,1.7821060346122866,0.0061310288191515,2134.877928810334,-2.1329090588724506
FTdiesel,BG,BEC,solar,BG_H_BEC_C_solar_E,Czech Republic,1,2024,535.9388944,1192.0320383580822,1727.9709327580822,-2.195297614944274,34.87658103327972,0.0864782348147717,2.379638617852863,0.00025346943,0.0,0.0,1765.2271524092148,-2.108565910699502
FTdiesel,BG,BEC,solar,BG_H_BEC_C_solar_E,Japan,1,2024,636.0593472,1295.2475919353978,1931.306939135398,-2.195297614944274,9.189850389558206,0.0238154822671406,2.7830718849792215,0.0002951020899999,41.5157136886971,0.1428276612779785,1984.7955750986323,-2.0283593693091544
FTdiesel,BG,BEC,solar,BG_H_BEC_C_solar_E,Belgium,1,2024,603.667436,1350.9505682756287,1954.618004275629,-2.195297614944274,6.865350398628882,0.0181448669697369,2.681468930026576,8.448981e-05,0.0,0.0,1964.1648236042843,-2.177068258164537
FTdiesel,BG,BEC,solar,BG_H_BEC_C_solar_E,Poland,1,2024,544.773052,1231.5295569078507,1776.3026089078508,-2.195297614944274,11.190987172400249,0.0286972533565199,2.5279607796581307,0.000376530675,3.1210422628166983,0.0107374082616145,1793.1425991227259,-2.155486422651139
FTdiesel,BG,BEC,solar,BG_H_BEC_C_solar_E,India,1,2024,521.2152984,1102.033740131622,1623.249038531622,-2.195297614944274,41.14883202778633,0.1017793845576825,2.2544758515107515,0.0004334694599999,23.047722644092165,0.0792917194612848,1689.7000690550112,-2.0137930414653065
FTdiesel,BG,BEC,solar,BG_H_BEC_C_solar_E,Indonesia,1,2024,474.0997912,1157.4132998407367,1631.5130910407368,-2.195297614944274,14.61998306903098,0.0370622852610349,2.0234244152159944,0.00039551027,34.81377148720778,0.1197707836379461,1682.9702700121913,-2.0380690357752926
FTdiesel,BG,BEC,solar,BG_H_BEC_C_solar_E,South Korea,1,2024,553.6072096,1222.2075703018534,1775.8147799018534,-2.195297614944274,7.475045488669049,0.0196322175044002,2.3830175864633967,0.00025346943,40.096881524802384,0.1379464136319763,1825.7697245017885,-2.0374655143778972
FTdiesel,BG,BEC,solar,BG_H_BEC_C_solar_E,China,1,2024,538.8836136,1103.402558066308,1642.286171666308,-2.195297614944274,78.01603497926587,0.1917168876099259,2.3068344201212856,0.0003428572,38.60635207087997,0.1328185038105044,1761.2153931365751,-1.8704193663238433
FTdiesel,BG,BEC,solar,BG_H_BEC_C_solar_E,United Arab Emirates,1,2024,562.4413672000001,1050.2496322025197,1612.6909994025198,-2.195297614944274,10.874670054831256,0.0279255980789476,2.4162376882686636,0.000234489835,22.32807580562143,0.0768158984828572,1648.3099829512412,-2.090321628547469
FTdiesel,BG,BEC,solar,BG_H_BEC_C_solar_E,United States,1,2024,588.94384,1253.842672546518,1842.7865125465185,-2.195297614944274,88.15780465008372,0.2164577241177772,2.549571468684465,0.00023510208,12.124526609989683,0.0417123451807336,1945.6184152752764,-1.936892443565763
FTdiesel,BG,BEC,solar,BG_H_BEC_C_solar_E,Turkey,1,2024,538.8836136,1121.256164371376,1660.139777971376,-2.195297614944274,10.108447857063252,0.026056399828645,2.3417323851212855,0.00028775515,12.543720837841384,0.0431545107095316,1685.133679051402,-2.1257989492560974
FTdiesel,BG,BEC,solar,BG_H_BEC_C_solar_E,Australia,1,2024,603.667436,1247.7827850265696,1851.4502210265696,-2.195297614944274,78.5068587948625,0.1929142517948745,2.664326070026576,0.00033795924,35.416668795279044,0.1218449479687896,1968.0380746867377,-1.88020045594061
FTdiesel,BG,BEC,solar,BG_H_BEC_C_solar_E,Malaysia,1,2024,515.32586,1086.1493639669063,1601.4752239669065,-2.195297614944274,7.736093501205551,0.0202690438580345,2.230492381973906,0.0003697959799999,30.229379424780753,0.1039989724734412,1641.6711892748665,-2.0706598026327985
FTdiesel,BG,BEC,solar,BG_H_BEC_C_solar_E,Canada,1,2024,600.7227168,1229.921029018003,1830.643745818003,-2.195297614944274,111.49795689848374,0.2733960011235748,2.5742730977581543,0.0001071428749999,10.986441676095902,0.0377969600168744,1955.7024174903408,-1.8839975109288247
FTdiesel,BG,BEC,solar,BG_H_BEC_C_solar_E,Mexico,1,2024,518.2705791999999,1077.6784624511386,1595.9490416511385,-2.195297614944274,32.336047638495636,0.0802806062545461,2.2936065742423297,0.000321428625,18.507883738507395,0.0636731857579852,1649.0865796023838,-2.0510223943067425
FTdiesel,BG,BEC,solar,BG_H_BEC_C_solar_E,Thailand,1,2024,524.1600176000001,1074.527959660808,1598.687977260808,-2.195297614944274,11.625348230281595,0.0297568767030589,2.267998198779174,0.00033918373,33.5607544318933,0.11545999430902,1646.142078121762,-2.049741560202195
FTdiesel,BG,BEC,solar,BG_H_BEC_C_solar_E,Russia,1,2024,556.5519288,1095.561066843691,1652.112995643691,-2.195297614944274,136.22976023609783,0.333729209506417,2.379397073731819,0.000274898005,4.498641714135814,0.0154768018629174,1795.2207946676565,-1.8458167055699393
FTdiesel,BG,BEC,solar,BG_H_BEC_C_solar_E,Saudi Arabia,1,2024,562.4413672000001,1062.3898512271908,1624.8312184271908,-2.195297614944274,28.498397559908987,0.0709186629004334,2.390523398268664,0.00033795924,14.05018096868029,0.0483372272806505,1669.7703203540486,-2.07570376552319
FTdiesel,LTE,BEC,solar,LTE_H_BEC_C_solar_E,South Africa,1,2024,634.02504275,2648.557770889854,3282.582813639854,-1.7508667261567354,24.44615260753832,0.0610332155761023,2.3548013591949744,0.0004340817049999,25.733697572901107,0.088532353506738,3335.1174651794886,-1.6008670753688954
FTdiesel,LTE,BEC,solar,LTE_H_BEC_C_solar_E,Taiwan,1,2024,623.853518,1369.037617950611,1992.891135950611,-1.7508667261567354,6.501058897936567,0.0172561782346967,2.3668873873897067,0.0003893878199999,36.79678971799583,0.1265930162580772,2038.555871953933,-1.6066281438439616
FTdiesel,LTE,BEC,solar,LTE_H_BEC_C_solar_E,Switzerland,1,2024,749.30232325,2440.7683478694375,3190.0706711194375,-1.7508667261567354,27.41176540843376,0.0682678249030787,2.8910917913213336,2.2653065e-05,0.0,0.0,3220.3735283191927,-1.6825762481886566
FTdiesel,LTE,BEC,solar,LTE_H_BEC_C_solar_E,Singapore,1,2024,627.24402625,2198.4916588542687,2825.7356851042687,-1.7508667261567354,0.9735209932027128,0.0037717552956236,2.4514301546581305,0.000305510255,30.63239601191193,0.1053854816161674,2859.793032264042,-1.6414039789899444
FTdiesel,LTE,BEC,solar,LTE_H_BEC_C_solar_E,Hungary,1,2024,610.2914850000001,3018.350783940348,3628.642268940348,-1.7508667261567354,51.39093714238112,0.1267649892757182,2.336063308316018,0.0001120408349999,0.0,0.0,3682.3692693910452,-1.6239896960460174
FTdiesel,LTE,BEC,solar,LTE_H_BEC_C_solar_E,Philippines,1,2024,606.90097675,2058.095660248616,2664.9966369986164,-1.7508667261567354,10.06971863492859,0.0259619199317423,2.293153201047596,0.0003753061849999,35.39164686791369,0.1217588643380695,2712.751155702506,-1.6027706357019238
FTdiesel,LTE,BEC,solar,LTE_H_BEC_C_solar_E,Netherlands,1,2024,695.0541912499999,2244.8418019584974,2939.895993208497,-1.7508667261567354,5.099956915719565,0.0138381914140532,2.663713825026576,0.000154897985,0.0,0.0,2947.6596639492436,-1.7368736367576822
FTdiesel,LTE,BEC,solar,LTE_H_BEC_C_solar_E,Norway,1,2024,769.64537275,3387.619731081786,4157.265103831786,-1.7508667261567354,21.492878472425655,0.0538287064114019,2.867531979931867,1.8979595e-05,2.1530564189422923,0.0074072197149964,4183.778570703086,-1.6896118204353372
FTdiesel,LTE,BEC,solar,LTE_H_BEC_C_solar_E,Oman,1,2024,647.5870757499999,1659.8896764752983,2307.4767522252987,-1.7508667261567354,18.275013143264257,0.0459787273054728,2.471951983268664,0.000333673525,21.828982172169688,0.0750988528128933,2350.0526995240016,-1.6294554725133694
FTdiesel,LTE,BEC,solar,LTE_H_BEC_C_solar_E,Italy,1,2024,650.9775840000001,2055.216090153537,2706.193674153538,-1.7508667261567354,12.655781401551565,0.0322706173469638,2.6422090505370863,0.00017632656,8.220338878891056,0.0282806598433619,2729.7120034845175,-1.6901391224064097
FTdiesel,LTE,BEC,solar,LTE_H_BEC_C_solar_E,Austria,1,2024,705.2257159999999,2365.8374395961837,3071.0631555961836,-1.7508667261567354,36.6020747526678,0.090687574939064,2.7373420968318425,6.3061235e-05,0.0,0.0,3110.4025724456833,-1.6601160899826712
FTdiesel,LTE,BEC,solar,LTE_H_BEC_C_solar_E,Finland,1,2024,732.349782,3351.76610632068,4084.11588832068,-1.7508667261567354,18.609053110807498,0.0467936174570265,2.7347045299792216,4.408164e-05,4.192847591547009,0.0144247698615068,4109.652493553014,-1.6896042571982022
FTdiesel,LTE,BEC,solar,LTE_H_BEC_C_solar_E,Portugal,1,2024,617.0725015,1726.2935944820551,2343.3660959820554,-1.7508667261567354,9.084205983650287,0.0235577628493887,2.330046772852863,6.857144e-05,4.143956778158924,0.0142565694401781,2358.9243055167176,-1.7129838224271687
FTdiesel,LTE,BEC,solar,LTE_H_BEC_C_solar_E,Germany,1,2024,698.4446995,2387.6340287335665,3086.0787282335664,-1.7508667261567354,19.030138664003527,0.0478208552237663,2.708460667294999,0.00021061228,0.0,0.0,3107.817327564865,-1.7028352586529691
FTdiesel,LTE,BEC,solar,LTE_H_BEC_C_solar_E,Greece,1,2024,623.853518,1734.430290742894,2358.283808742894,-1.7508667261567354,8.004327760205324,0.020923401052402,2.410356782389708,0.0001959184,10.358938767360106,0.0356381443556068,2379.057432052849,-1.6941092623487266
FTdiesel,LTE,BEC,solar,LTE_H_BEC_C_solar_E,France,1,2024,684.8826665,1947.9808136861725,2632.8634801861726,-1.7508667261567354,26.000539162622182,0.0648251399519821,2.600493718221309,2.693878e-05,0.0,0.0,2661.4645130670165,-1.6860146474247533
FTdiesel,LTE,BEC,solar,LTE_H_BEC_C_solar_E,Brazil,1,2024,623.853518,2138.8939765725863,2762.747494572586,-1.7508667261567354,68.70691010575452,0.1690072872145006,2.341785342389707,6.3061235e-05,19.977224732517392,0.0687282003331398,2853.773414753248,-1.513068177374095
FTdiesel,LTE,BEC,solar,LTE_H_BEC_C_solar_E,United Kingdom,1,2024,722.17825725,2547.9343184708714,3270.1125757208715,-1.7508667261567354,12.86735560697842,0.0327867523998833,2.890055888173955,0.000129183695,1.9497081405631156,0.0067076349928456,3287.819695356587,-1.7112431550690066
FTdiesel,LTE,BEC,solar,LTE_H_BEC_C_solar_E,Spain,1,2024,630.6345345,1521.119744102475,2151.754278602475,-1.7508667261567354,21.30530921537091,0.0533711314049369,2.371891261926552,8.938776999999999e-05,5.112561911371392,0.0175888885450824,2180.544040991144,-1.6798173184367162
FTdiesel,LTE,BEC,solar,LTE_H_BEC_C_solar_E,Sweden,1,2024,745.9118150000002,3362.0644599170355,4107.976274917036,-1.7508667261567354,22.479466319457497,0.056235486432672,2.7492758002216604,2.204082e-05,1.7821060346122866,0.0061310288191515,4134.987123071327,-1.688478170084912
FTdiesel,LTE,BEC,solar,LTE_H_BEC_C_solar_E,Czech Republic,1,2024,617.0725015,2278.8035247912535,2895.8760262912538,-1.7508667261567354,34.87658103327972,0.0864782348147717,2.379638617852863,0.00025346943,0.0,0.0,2933.1322459423864,-1.6641350219119637
FTdiesel,LTE,BEC,solar,LTE_H_BEC_C_solar_E,Japan,1,2024,732.349782,3620.775123894831,4353.124905894831,-1.7508667261567354,9.189850389558206,0.0238154822671406,2.7830718849792215,0.0002951020899999,41.5157136886971,0.1428276612779785,4406.613541858065,-1.5839284805216165
FTdiesel,LTE,BEC,solar,LTE_H_BEC_C_solar_E,Belgium,1,2024,695.0541912499999,3295.143246327051,3990.197437577051,-1.7508667261567354,6.865350398628882,0.0181448669697369,2.681468930026576,8.448981e-05,0.0,0.0,3999.7442569057066,-1.7326373693769985
FTdiesel,LTE,BEC,solar,LTE_H_BEC_C_solar_E,Poland,1,2024,627.24402625,3843.3784191616446,4470.622445411645,-1.7508667261567354,11.190987172400249,0.0286972533565199,2.5279607796581307,0.000376530675,3.1210422628166983,0.0107374082616145,4487.462435626519,-1.7110555338636009
FTdiesel,LTE,BEC,solar,LTE_H_BEC_C_solar_E,India,1,2024,600.1199602500001,1748.8940370937084,2349.0139973437085,-1.7508667261567354,41.14883202778633,0.1017793845576825,2.2544758515107515,0.0004334694599999,23.047722644092165,0.0792917194612848,2415.465027867098,-1.5693621526777684
FTdiesel,LTE,BEC,solar,LTE_H_BEC_C_solar_E,Indonesia,1,2024,545.8718282499999,2441.5856847522514,2987.4575130022513,-1.7508667261567354,14.61998306903098,0.0370622852610349,2.0234244152159944,0.00039551027,34.81377148720778,0.1197707836379461,3038.9146919737063,-1.5936381469877545
FTdiesel,LTE,BEC,solar,LTE_H_BEC_C_solar_E,South Korea,1,2024,637.415551,2454.762230022709,3092.177781022709,-1.7508667261567354,7.475045488669049,0.0196322175044002,2.3830175864633967,0.00025346943,40.096881524802384,0.1379464136319763,3142.1327256226436,-1.593034625590359
FTdiesel,LTE,BEC,solar,LTE_H_BEC_C_solar_E,China,1,2024,620.46300975,1351.8366483526356,1972.2996581026357,-1.7508667261567354,78.01603497926587,0.1917168876099259,2.3068344201212856,0.0003428572,38.60635207087997,0.1328185038105044,2091.2288795729028,-1.4259884775363052
FTdiesel,LTE,BEC,solar,LTE_H_BEC_C_solar_E,United Arab Emirates,1,2024,647.5870757499999,1048.5147364322786,1696.1018121822783,-1.7508667261567354,10.874670054831256,0.0279255980789476,2.4162376882686636,0.000234489835,22.32807580562143,0.0768158984828572,1731.7207957309997,-1.6458907397599305
FTdiesel,LTE,BEC,solar,LTE_H_BEC_C_solar_E,United States,1,2024,678.10165,2183.719230384313,2861.820880384313,-1.7508667261567354,88.15780465008372,0.2164577241177772,2.549571468684465,0.00023510208,12.124526609989683,0.0417123451807336,2964.6527831130707,-1.4924615547782247
FTdiesel,LTE,BEC,solar,LTE_H_BEC_C_solar_E,Turkey,1,2024,620.46300975,2896.854427534607,3517.317437284607,-1.7508667261567354,10.108447857063252,0.026056399828645,2.3417323851212855,0.00028775515,12.543720837841384,0.0431545107095316,3542.311338364633,-1.6813680604685588
FTdiesel,LTE,BEC,solar,LTE_H_BEC_C_solar_E,Australia,1,2024,695.0541912499999,1424.9250641630754,2119.9792554130754,-1.7508667261567354,78.5068587948625,0.1929142517948745,2.664326070026576,0.00033795924,35.416668795279044,0.1218449479687896,2236.5671090732435,-1.4357695671530715
FTdiesel,LTE,BEC,solar,LTE_H_BEC_C_solar_E,Malaysia,1,2024,593.3389437500001,2187.404268949122,2780.743212699122,-1.7508667261567354,7.736093501205551,0.0202690438580345,2.230492381973906,0.0003697959799999,30.229379424780753,0.1039989724734412,2820.9391780070823,-1.62622891384526
FTdiesel,LTE,BEC,solar,LTE_H_BEC_C_solar_E,Canada,1,2024,691.663683,3328.53995590714,4020.20363890714,-1.7508667261567354,111.49795689848374,0.2733960011235748,2.5742730977581543,0.0001071428749999,10.986441676095902,0.0377969600168744,4145.262310579477,-1.4395666221412864
FTdiesel,LTE,BEC,solar,LTE_H_BEC_C_solar_E,Mexico,1,2024,596.7294519999999,2304.647710923518,2901.377162923518,-1.7508667261567354,32.336047638495636,0.0802806062545461,2.2936065742423297,0.000321428625,18.507883738507395,0.0636731857579852,2954.514700874763,-1.6065915055192042
FTdiesel,LTE,BEC,solar,LTE_H_BEC_C_solar_E,Thailand,1,2024,603.5104685,1823.4296533931656,2426.9401218931657,-1.7508667261567354,11.625348230281595,0.0297568767030589,2.267998198779174,0.00033918373,33.5607544318933,0.11545999430902,2474.3942227541197,-1.6053106714146566
FTdiesel,LTE,BEC,solar,LTE_H_BEC_C_solar_E,Russia,1,2024,640.80605925,3227.2904417356294,3868.0965009856295,-1.7508667261567354,136.22976023609783,0.333729209506417,2.379397073731819,0.000274898005,4.498641714135814,0.0154768018629174,4011.204300009595,-1.401385816782401
FTdiesel,LTE,BEC,solar,LTE_H_BEC_C_solar_E,Saudi Arabia,1,2024,647.5870757499999,1633.6823046496486,2281.2693803996485,-1.7508667261567354,28.498397559908987,0.0709186629004334,2.390523398268664,0.00033795924,14.05018096868029,0.0483372272806505,2326.2084823265063,-1.6312728767356515
FTdiesel,SMR,BEC,solar,SMR_H_BEC_C_solar_E,South Africa,1,2024,415.5644569953527,611.7573433073758,1027.3218003027284,3.7285168900816306,24.44615260753832,0.0610332155761023,2.3548013591949744,0.0004340817049999,25.733697572901107,0.088532353506738,1079.8564518423627,3.878516540869471
FTdiesel,SMR,BEC,solar,SMR_H_BEC_C_solar_E,Taiwan,1,2024,408.89764752483904,1312.434384860641,1721.33203238548,3.7285168900816306,6.501058897936567,0.0172561782346967,2.3668873873897067,0.0003893878199999,36.79678971799583,0.1265930162580772,1766.9967683888021,3.872755472394404
FTdiesel,SMR,BEC,solar,SMR_H_BEC_C_solar_E,Switzerland,1,2024,491.12163099450777,5254.057792144307,5745.179423138815,3.7285168900816306,27.41176540843376,0.0682678249030787,2.8910917913213336,2.2653065e-05,0.0,0.0,5775.4822803385705,3.796807368049709
FTdiesel,SMR,BEC,solar,SMR_H_BEC_C_solar_E,Singapore,1,2024,411.1199173483436,5587.104511239815,5998.224428588159,3.7285168900816306,0.9735209932027128,0.0037717552956236,2.4514301546581305,0.000305510255,30.63239601191193,0.1053854816161674,6032.281775747931,3.837979637248422
FTdiesel,SMR,BEC,solar,SMR_H_BEC_C_solar_E,Hungary,1,2024,400.0085682308208,2127.3267108089062,2527.335279039727,3.7285168900816306,51.39093714238112,0.1267649892757182,2.336063308316018,0.0001120408349999,0.0,0.0,2581.0622794904243,3.855393920192349
FTdiesel,SMR,BEC,solar,SMR_H_BEC_C_solar_E,Philippines,1,2024,397.7862984073162,1275.4258258771229,1673.2121242844391,3.7285168900816306,10.06971863492859,0.0259619199317423,2.293153201047596,0.0003753061849999,35.39164686791369,0.1217588643380695,1720.966642988329,3.8766129805364424
FTdiesel,SMR,BEC,solar,SMR_H_BEC_C_solar_E,Netherlands,1,2024,455.56531381843473,3617.3020570396775,4072.867370858112,3.7285168900816306,5.099956915719565,0.0138381914140532,2.663713825026576,0.000154897985,0.0,0.0,4080.6310415988582,3.7425099794806838
FTdiesel,SMR,BEC,solar,SMR_H_BEC_C_solar_E,Norway,1,2024,504.4552499355352,2765.435005638274,3269.890255573809,3.7285168900816306,21.492878472425655,0.0538287064114019,2.867531979931867,1.8979595e-05,2.1530564189422923,0.0074072197149964,3296.403722445109,3.7897717958030293
FTdiesel,SMR,BEC,solar,SMR_H_BEC_C_solar_E,Oman,1,2024,424.453536289371,357.34307900899046,781.7966152983615,3.7285168900816306,18.275013143264257,0.0459787273054728,2.471951983268664,0.000333673525,21.828982172169688,0.0750988528128933,824.3725625970642,3.8499281437249966
FTdiesel,SMR,BEC,solar,SMR_H_BEC_C_solar_E,Italy,1,2024,426.6758061128755,4001.204376553974,4427.880182666849,3.7285168900816306,12.655781401551565,0.0322706173469638,2.6422090505370863,0.00017632656,8.220338878891056,0.0282806598433619,4451.398511997829,3.7892444938319563
FTdiesel,SMR,BEC,solar,SMR_H_BEC_C_solar_E,Austria,1,2024,462.23212328894846,3425.253554805118,3887.4856780940663,3.7285168900816306,36.6020747526678,0.090687574939064,2.7373420968318425,6.3061235e-05,0.0,0.0,3926.825094943566,3.8192675262556945
FTdiesel,SMR,BEC,solar,SMR_H_BEC_C_solar_E,Finland,1,2024,480.01028187698495,3655.561429174083,4135.571711051068,3.7285168900816306,18.609053110807498,0.0467936174570265,2.7347045299792216,4.408164e-05,4.192847591547009,0.0144247698615068,4161.108316283402,3.789779359040164
FTdiesel,SMR,BEC,solar,SMR_H_BEC_C_solar_E,Portugal,1,2024,404.4531078778299,3107.9717658639784,3512.4248737418084,3.7285168900816306,9.084205983650287,0.0235577628493887,2.330046772852863,6.857144e-05,4.143956778158924,0.0142565694401781,3527.9830832764706,3.7663997938111975
FTdiesel,SMR,BEC,solar,SMR_H_BEC_C_solar_E,Germany,1,2024,457.78758364193936,3213.8695584958123,3671.657142137752,3.7285168900816306,19.030138664003527,0.0478208552237663,2.708460667294999,0.00021061228,0.0,0.0,3693.395741469051,3.776548357585397
FTdiesel,SMR,BEC,solar,SMR_H_BEC_C_solar_E,Greece,1,2024,408.89764752483904,1774.505650398335,2183.4032979231743,3.7285168900816306,8.004327760205324,0.020923401052402,2.410356782389708,0.0001959184,10.358938767360106,0.0356381443556068,2204.176921233129,3.7852743538896396
FTdiesel,SMR,BEC,solar,SMR_H_BEC_C_solar_E,France,1,2024,448.8985043479211,3528.4393980535983,3977.3379024015194,3.7285168900816306,26.000539162622182,0.0648251399519821,2.600493718221309,2.693878e-05,0.0,0.0,4005.938935282363,3.7933689688136125
FTdiesel,SMR,BEC,solar,SMR_H_BEC_C_solar_E,Brazil,1,2024,408.89764752483904,3389.144160740899,3798.0418082657384,3.7285168900816306,68.70691010575452,0.1690072872145006,2.341785342389707,6.3061235e-05,19.977224732517392,0.0687282003331398,3889.0677284464,3.9663154388642714
FTdiesel,SMR,BEC,solar,SMR_H_BEC_C_solar_E,United Kingdom,1,2024,473.3434724064713,2653.7843549266427,3127.127827333114,3.7285168900816306,12.86735560697842,0.0327867523998833,2.890055888173955,0.000129183695,1.9497081405631156,0.0067076349928456,3144.8349469688296,3.7681404611693594
FTdiesel,SMR,BEC,solar,SMR_H_BEC_C_solar_E,Spain,1,2024,413.3421871718482,2614.383748525823,3027.7259356976715,3.7285168900816306,21.30530921537091,0.0533711314049369,2.371891261926552,8.938776999999999e-05,5.112561911371392,0.0175888885450824,3056.5156980863403,3.79956629780165
FTdiesel,SMR,BEC,solar,SMR_H_BEC_C_solar_E,Sweden,1,2024,488.8993611710032,5287.963615658913,5776.862976829916,3.7285168900816306,22.479466319457497,0.056235486432672,2.7492758002216604,2.204082e-05,1.7821060346122866,0.0061310288191515,5803.873824984207,3.7909054461534537
FTdiesel,SMR,BEC,solar,SMR_H_BEC_C_solar_E,Czech Republic,1,2024,404.4531078778299,2638.0049523068747,3042.4580601847047,3.7285168900816306,34.87658103327972,0.0864782348147717,2.379638617852863,0.00025346943,0.0,0.0,3079.7142798358373,3.8152485943264023
FTdiesel,SMR,BEC,solar,SMR_H_BEC_C_solar_E,Japan,1,2024,480.01028187698495,2798.9527775626193,3278.9630594396044,3.7285168900816306,9.189850389558206,0.0238154822671406,2.7830718849792215,0.0002951020899999,41.5157136886971,0.1428276612779785,3332.4516954028386,3.89545513571675
FTdiesel,SMR,BEC,solar,SMR_H_BEC_C_solar_E,Belgium,1,2024,455.56531381843473,2190.018658444639,2645.583972263074,3.7285168900816306,6.865350398628882,0.0181448669697369,2.681468930026576,8.448981e-05,0.0,0.0,2655.1307915917296,3.7467462468613673
FTdiesel,SMR,BEC,solar,SMR_H_BEC_C_solar_E,Poland,1,2024,411.1199173483436,2940.616138724573,3351.7360560729167,3.7285168900816306,11.190987172400249,0.0286972533565199,2.5279607796581307,0.000376530675,3.1210422628166983,0.0107374082616145,3368.576046287792,3.768328082374765
FTdiesel,SMR,BEC,solar,SMR_H_BEC_C_solar_E,India,1,2024,393.3417587603071,1937.0821635676616,2330.4239223279683,3.7285168900816306,41.14883202778633,0.1017793845576825,2.2544758515107515,0.0004334694599999,23.047722644092165,0.0792917194612848,2396.8749528513576,3.910021463560598
FTdiesel,SMR,BEC,solar,SMR_H_BEC_C_solar_E,Indonesia,1,2024,357.78544158423415,2993.6916962514424,3351.4771378356763,3.7285168900816306,14.61998306903098,0.0370622852610349,2.0234244152159944,0.00039551027,34.81377148720778,0.1197707836379461,3402.9343168071314,3.8857454692506117
FTdiesel,SMR,BEC,solar,SMR_H_BEC_C_solar_E,South Korea,1,2024,417.7867268188573,2237.8620389291123,2655.6487657479697,3.7285168900816306,7.475045488669049,0.0196322175044002,2.3830175864633967,0.00025346943,40.096881524802384,0.1379464136319763,2705.6037103479043,3.886348990648007
FTdiesel,SMR,BEC,solar,SMR_H_BEC_C_solar_E,China,1,2024,406.67537770133447,1927.9364605736569,2334.611838274991,3.7285168900816306,78.01603497926587,0.1917168876099259,2.3068344201212856,0.0003428572,38.60635207087997,0.1328185038105044,2453.5410597452583,4.0533951387020615
FTdiesel,SMR,BEC,solar,SMR_H_BEC_C_solar_E,United Arab Emirates,1,2024,424.453536289371,340.4704032264206,764.9239395157916,3.7285168900816306,10.874670054831256,0.0279255980789476,2.4162376882686636,0.000234489835,22.32807580562143,0.0768158984828572,800.5429230645129,3.8334928764784353
FTdiesel,SMR,BEC,solar,SMR_H_BEC_C_solar_E,United States,1,2024,444.453964700912,1389.3825267801697,1833.8364914810816,3.7285168900816306,88.15780465008372,0.2164577241177772,2.549571468684465,0.00023510208,12.124526609989683,0.0417123451807336,1936.6683942098396,3.9869220614601417
FTdiesel,SMR,BEC,solar,SMR_H_BEC_C_solar_E,Turkey,1,2024,406.67537770133447,1191.471004501634,1598.1463822029689,3.7285168900816306,10.108447857063252,0.026056399828645,2.3417323851212855,0.00028775515,12.543720837841384,0.0431545107095316,1623.140283282995,3.798015555769807
FTdiesel,SMR,BEC,solar,SMR_H_BEC_C_solar_E,Australia,1,2024,455.56531381843473,1720.2955891836575,2175.8609030020925,3.7285168900816306,78.5068587948625,0.1929142517948745,2.664326070026576,0.00033795924,35.416668795279044,0.1218449479687896,2292.4487566622606,4.043614049085295
FTdiesel,SMR,BEC,solar,SMR_H_BEC_C_solar_E,Malaysia,1,2024,388.897219113298,1108.6387655823514,1497.5359846956494,3.7285168900816306,7.736093501205551,0.0202690438580345,2.230492381973906,0.0003697959799999,30.229379424780753,0.1039989724734412,1537.7319500036094,3.853154702393106
FTdiesel,SMR,BEC,solar,SMR_H_BEC_C_solar_E,Canada,1,2024,453.3430439949302,956.9966290865996,1410.3396730815298,3.7285168900816306,111.49795689848374,0.2733960011235748,2.5742730977581543,0.0001071428749999,10.986441676095902,0.0377969600168744,1535.3983447538676,4.039816994097079
FTdiesel,SMR,BEC,solar,SMR_H_BEC_C_solar_E,Mexico,1,2024,391.11948893680255,739.014986710641,1130.1344756474437,3.7285168900816306,32.336047638495636,0.0802806062545461,2.2936065742423297,0.000321428625,18.507883738507395,0.0636731857579852,1183.272013598689,3.872792110719162
FTdiesel,SMR,BEC,solar,SMR_H_BEC_C_solar_E,Thailand,1,2024,395.5640285838117,1180.0628850672242,1575.626913651036,3.7285168900816306,11.625348230281595,0.0297568767030589,2.267998198779174,0.00033918373,33.5607544318933,0.11545999430902,1623.08101451199,3.8740729448237095
FTdiesel,SMR,BEC,solar,SMR_H_BEC_C_solar_E,Russia,1,2024,420.00899664236186,555.4569562942386,975.4659529366004,3.7285168900816306,136.22976023609783,0.333729209506417,2.379397073731819,0.000274898005,4.498641714135814,0.0154768018629174,1118.5737519605657,4.077997799455964
FTdiesel,SMR,BEC,solar,SMR_H_BEC_C_solar_E,Saudi Arabia,1,2024,424.453536289371,350.3886806581812,774.8422169475523,3.7285168900816306,28.498397559908987,0.0709186629004334,2.390523398268664,0.00033795924,14.05018096868029,0.0483372272806505,819.7813188744102,3.8481107395027143
FTdiesel,SMRCCS,BEC,solar,SMRCCS_H_BEC_C_solar_E,South Africa,1,2024,589.1331816957545,801.0307091421411,1390.1638908378957,-1.7286490498690632,24.44615260753832,0.0610332155761023,2.3548013591949744,0.0004340817049999,25.733697572901107,0.088532353506738,1442.69854237753,-1.5786493990812231
FTdiesel,SMRCCS,BEC,solar,SMRCCS_H_BEC_C_solar_E,Taiwan,1,2024,579.6818472300471,1670.7680175143464,2250.4498647443934,-1.7286490498690632,6.501058897936567,0.0172561782346967,2.3668873873897067,0.0003893878199999,36.79678971799583,0.1265930162580772,2296.114600747716,-1.5844104675562893
FTdiesel,SMRCCS,BEC,solar,SMRCCS_H_BEC_C_solar_E,Switzerland,1,2024,696.2483056404371,6728.959851629793,7425.20815727023,-1.7286490498690632,27.41176540843376,0.0682678249030787,2.8910917913213336,2.2653065e-05,0.0,0.0,7455.511014469986,-1.6603585719009846
FTdiesel,SMRCCS,BEC,solar,SMRCCS_H_BEC_C_solar_E,Singapore,1,2024,582.8322920519496,7174.342416885862,7757.174708937811,-1.7286490498690632,0.9735209932027128,0.0037717552956236,2.4514301546581305,0.000305510255,30.63239601191193,0.1053854816161674,7791.232056097583,-1.6191863027022722
FTdiesel,SMRCCS,BEC,solar,SMRCCS_H_BEC_C_solar_E,Hungary,1,2024,567.0800679424375,2755.236834819845,3322.3169027622826,-1.7286490498690632,51.39093714238112,0.1267649892757182,2.336063308316018,0.0001120408349999,0.0,0.0,3376.04390321298,-1.6017720197583452
FTdiesel,SMRCCS,BEC,solar,SMRCCS_H_BEC_C_solar_E,Philippines,1,2024,563.9296231205351,1643.5538574663324,2207.4834805868677,-1.7286490498690632,10.06971863492859,0.0259619199317423,2.293153201047596,0.0003753061849999,35.39164686791369,0.1217588643380695,2255.237999290757,-1.5805529594142516
FTdiesel,SMRCCS,BEC,solar,SMRCCS_H_BEC_C_solar_E,Netherlands,1,2024,645.8411884899982,4637.7695076496875,5283.610696139685,-1.7286490498690632,5.099956915719565,0.0138381914140532,2.663713825026576,0.000154897985,0.0,0.0,5291.374366880431,-1.71465596047001
FTdiesel,SMRCCS,BEC,solar,SMRCCS_H_BEC_C_solar_E,Norway,1,2024,715.1509745718516,3557.6140890062425,4272.765063578094,-1.7286490498690632,21.492878472425655,0.0538287064114019,2.867531979931867,1.8979595e-05,2.1530564189422923,0.0074072197149964,4299.278530449394,-1.667394144147665
FTdiesel,SMRCCS,BEC,solar,SMRCCS_H_BEC_C_solar_E,Oman,1,2024,601.7349609833642,451.7396071673683,1053.4745681507325,-1.7286490498690632,18.275013143264257,0.0459787273054728,2.471951983268664,0.000333673525,21.828982172169688,0.0750988528128933,1096.050515449435,-1.6072377962256972
FTdiesel,SMRCCS,BEC,solar,SMRCCS_H_BEC_C_solar_E,Italy,1,2024,604.8854058052666,5127.797021033923,5732.682426839189,-1.7286490498690632,12.655781401551565,0.0322706173469638,2.6422090505370863,0.00017632656,8.220338878891056,0.0282806598433619,5756.200756170169,-1.6679214461187375
FTdiesel,SMRCCS,BEC,solar,SMRCCS_H_BEC_C_solar_E,Austria,1,2024,655.2925229557055,4389.656424027515,5044.948946983221,-1.7286490498690632,36.6020747526678,0.090687574939064,2.7373420968318425,6.3061235e-05,0.0,0.0,5084.28836383272,-1.637898413694999
FTdiesel,SMRCCS,BEC,solar,SMRCCS_H_BEC_C_solar_E,Finland,1,2024,680.496081530925,4708.173682397431,5388.669763928356,-1.7286490498690632,18.609053110807498,0.0467936174570265,2.7347045299792216,4.408164e-05,4.192847591547009,0.0144247698615068,5414.20636916069,-1.66738658091053
FTdiesel,SMRCCS,BEC,solar,SMRCCS_H_BEC_C_solar_E,Portugal,1,2024,573.3809575862423,3987.785193050768,4561.16615063701,-1.7286490498690632,9.084205983650287,0.0235577628493887,2.330046772852863,6.857144e-05,4.143956778158924,0.0142565694401781,4576.724360171673,-1.6907661461394965
FTdiesel,SMRCCS,BEC,solar,SMRCCS_H_BEC_C_solar_E,Germany,1,2024,648.9916333119006,4116.631028357098,4765.622661668999,-1.7286490498690632,19.030138664003527,0.0478208552237663,2.708460667294999,0.00021061228,0.0,0.0,4787.361261000298,-1.680617582365297
FTdiesel,SMRCCS,BEC,solar,SMRCCS_H_BEC_C_solar_E,Greece,1,2024,579.6818472300471,2269.221046135517,2848.902893365564,-1.7286490498690632,8.004327760205324,0.020923401052402,2.410356782389708,0.0001959184,10.358938767360106,0.0356381443556068,2869.676516675519,-1.6718915860610544
FTdiesel,SMRCCS,BEC,solar,SMRCCS_H_BEC_C_solar_E,France,1,2024,636.3898540242909,4514.6984958914245,5151.088349915715,-1.7286490498690632,26.000539162622182,0.0648251399519821,2.600493718221309,2.693878e-05,0.0,0.0,5179.689382796559,-1.663796971137081
FTdiesel,SMRCCS,BEC,solar,SMRCCS_H_BEC_C_solar_E,Brazil,1,2024,579.6818472300471,4359.462060492111,4939.1439077221585,-1.7286490498690632,68.70691010575452,0.1690072872145006,2.341785342389707,6.3061235e-05,19.977224732517392,0.0687282003331398,5030.16982790282,-1.4908505010864228
FTdiesel,SMRCCS,BEC,solar,SMRCCS_H_BEC_C_solar_E,United Kingdom,1,2024,671.0447470652176,3409.7942256967344,4080.838972761952,-1.7286490498690632,12.86735560697842,0.0327867523998833,2.890055888173955,0.000129183695,1.9497081405631156,0.0067076349928456,4098.546092397668,-1.6890254787813344
FTdiesel,SMRCCS,BEC,solar,SMRCCS_H_BEC_C_solar_E,Spain,1,2024,585.9827368738521,3340.124109752519,3926.106846626371,-1.7286490498690632,21.30530921537091,0.0533711314049369,2.371891261926552,8.938776999999999e-05,5.112561911371392,0.0175888885450824,3954.8966090150398,-1.657599642149044
FTdiesel,SMRCCS,BEC,solar,SMRCCS_H_BEC_C_solar_E,Sweden,1,2024,693.0978608185347,6805.530151108623,7498.628011927158,-1.7286490498690632,22.479466319457497,0.056235486432672,2.7492758002216604,2.204082e-05,1.7821060346122866,0.0061310288191515,7525.638860081449,-1.6662604937972398
FTdiesel,SMRCCS,BEC,solar,SMRCCS_H_BEC_C_solar_E,Czech Republic,1,2024,573.3809575862423,3396.3894183148486,3969.770375901091,-1.7286490498690632,34.87658103327972,0.0864782348147717,2.379638617852863,0.00025346943,0.0,0.0,4007.0265955522236,-1.6419173456242915
FTdiesel,SMRCCS,BEC,solar,SMRCCS_H_BEC_C_solar_E,Japan,1,2024,680.496081530925,3619.399818451853,4299.895899982778,-1.7286490498690632,9.189850389558206,0.0238154822671406,2.7830718849792215,0.0002951020899999,41.5157136886971,0.1428276612779785,4353.384535946013,-1.5617108042339443
FTdiesel,SMRCCS,BEC,solar,SMRCCS_H_BEC_C_solar_E,Belgium,1,2024,645.8411884899982,2815.8928610106504,3461.734049500649,-1.7286490498690632,6.865350398628882,0.0181448669697369,2.681468930026576,8.448981e-05,0.0,0.0,3471.2808688293044,-1.7104196930893263
FTdiesel,SMRCCS,BEC,solar,SMRCCS_H_BEC_C_solar_E,Poland,1,2024,582.8322920519496,3819.340513664116,4402.172805716065,-1.7286490498690632,11.190987172400249,0.0286972533565199,2.5279607796581307,0.000376530675,3.1210422628166983,0.0107374082616145,4419.01279593094,-1.6888378575759286
FTdiesel,SMRCCS,BEC,solar,SMRCCS_H_BEC_C_solar_E,India,1,2024,557.6287334767302,2487.677347965776,3045.306081442506,-1.7286490498690632,41.14883202778633,0.1017793845576825,2.2544758515107515,0.0004334694599999,23.047722644092165,0.0792917194612848,3111.7571119658955,-1.5471444763900961
FTdiesel,SMRCCS,BEC,solar,SMRCCS_H_BEC_C_solar_E,Indonesia,1,2024,507.22161632629127,3861.65695424168,4368.878570567971,-1.7286490498690632,14.61998306903098,0.0370622852610349,2.0234244152159944,0.00039551027,34.81377148720778,0.1197707836379461,4420.335749539427,-1.5714204707000823
FTdiesel,SMRCCS,BEC,solar,SMRCCS_H_BEC_C_solar_E,South Korea,1,2024,592.2836265176569,2874.8257871619007,3467.1094136795577,-1.7286490498690632,7.475045488669049,0.0196322175044002,2.3830175864633967,0.00025346943,40.096881524802384,0.1379464136319763,3517.0643582794924,-1.5708169493026867
FTdiesel,SMRCCS,BEC,solar,SMRCCS_H_BEC_C_solar_E,China,1,2024,576.5314024081447,2465.915102536268,3042.4465049444125,-1.7286490498690632,78.01603497926587,0.1917168876099259,2.3068344201212856,0.0003428572,38.60635207087997,0.1328185038105044,3161.37572641468,-1.4037708012486332
FTdiesel,SMRCCS,BEC,solar,SMRCCS_H_BEC_C_solar_E,United Arab Emirates,1,2024,601.7349609833642,416.65068584562914,1018.3856468289932,-1.7286490498690632,10.874670054831256,0.0279255980789476,2.4162376882686636,0.000234489835,22.32807580562143,0.0768158984828572,1054.0046303777146,-1.6236730634722583
FTdiesel,SMRCCS,BEC,solar,SMRCCS_H_BEC_C_solar_E,United States,1,2024,630.0889643804861,1768.0824540091614,2398.171418389647,-1.7286490498690632,88.15780465008372,0.2164577241177772,2.549571468684465,0.00023510208,12.124526609989683,0.0417123451807336,2501.0033211184045,-1.4702438784905525
FTdiesel,SMRCCS,BEC,solar,SMRCCS_H_BEC_C_solar_E,Turkey,1,2024,576.5314024081447,1550.5884438367511,2127.1198462448956,-1.7286490498690632,10.108447857063252,0.026056399828645,2.3417323851212855,0.00028775515,12.543720837841384,0.0431545107095316,2152.1137473249214,-1.6591503841808866
FTdiesel,SMRCCS,BEC,solar,SMRCCS_H_BEC_C_solar_E,Australia,1,2024,645.8411884899982,2178.713767418821,2824.5549559088195,-1.7286490498690632,78.5068587948625,0.1929142517948745,2.664326070026576,0.00033795924,35.416668795279044,0.1218449479687896,2941.1428095689876,-1.4135518908653992
FTdiesel,SMRCCS,BEC,solar,SMRCCS_H_BEC_C_solar_E,Malaysia,1,2024,551.3278438329253,1430.5139303060962,1981.8417741390217,-1.7286490498690632,7.736093501205551,0.0202690438580345,2.230492381973906,0.0003697959799999,30.229379424780753,0.1039989724734412,2022.0377394469817,-1.6040112375575877
FTdiesel,SMRCCS,BEC,solar,SMRCCS_H_BEC_C_solar_E,Canada,1,2024,642.6907436680957,1242.876956491362,1885.5677001594577,-1.7286490498690632,111.49795689848374,0.2733960011235748,2.5742730977581543,0.0001071428749999,10.986441676095902,0.0377969600168744,2010.6263718317955,-1.4173489458536142
FTdiesel,SMRCCS,BEC,solar,SMRCCS_H_BEC_C_solar_E,Mexico,1,2024,554.4782886548277,957.637346178978,1512.115634833806,-1.7286490498690632,32.336047638495636,0.0802806062545461,2.2936065742423297,0.000321428625,18.507883738507395,0.0636731857579852,1565.2531727850514,-1.5843738292315321
FTdiesel,SMRCCS,BEC,solar,SMRCCS_H_BEC_C_solar_E,Thailand,1,2024,560.7791782986327,1515.9666133335274,2076.74579163216,-1.7286490498690632,11.625348230281595,0.0297568767030589,2.267998198779174,0.00033918373,33.5607544318933,0.11545999430902,2124.199892493114,-1.5830929951269843
FTdiesel,SMRCCS,BEC,solar,SMRCCS_H_BEC_C_solar_E,Russia,1,2024,595.4340713395594,741.4622782755546,1336.896349615114,-1.7286490498690632,136.22976023609783,0.333729209506417,2.379397073731819,0.000274898005,4.498641714135814,0.0154768018629174,1480.0041486390794,-1.3791681404947287
FTdiesel,SMRCCS,BEC,solar,SMRCCS_H_BEC_C_solar_E,Saudi Arabia,1,2024,601.7349609833642,442.4719282327821,1044.2068892161462,-1.7286490498690632,28.498397559908987,0.0709186629004334,2.390523398268664,0.00033795924,14.05018096868029,0.0483372272806505,1089.145991143004,-1.6090552004479792
FTdiesel,BG,BG,solar,BG_H_C_solar_E,South Africa,1,2024,550.6624904,958.0900885026612,1508.7525789026613,-2.077713893122654,24.44615260753832,0.0610332155761023,2.3548013591949744,0.0004340817049999,25.733697572901107,0.088532353506738,1561.2872304422956,-1.927714242334814
FTdiesel,BG,BG,solar,BG_H_C_solar_E,Taiwan,1,2024,541.8283328,965.4432855239072,1507.2716183239072,-2.077713893122654,6.501058897936567,0.0172561782346967,2.3668873873897067,0.0003893878199999,36.79678971799583,0.1265930162580772,1552.9363543272293,-1.9334753108098806
FTdiesel,BG,BG,solar,BG_H_C_solar_E,Switzerland,1,2024,650.7829432000001,1374.8644588261398,2025.64740202614,-2.077713893122654,27.41176540843376,0.0682678249030787,2.8910917913213336,2.2653065e-05,0.0,0.0,2055.950259225895,-2.0094234151545756
FTdiesel,BG,BG,solar,BG_H_C_solar_E,Singapore,1,2024,544.773052,1234.4356230479077,1779.2086750479075,-2.077713893122654,0.9735209932027128,0.0037717552956236,2.4514301546581305,0.000305510255,30.63239601191193,0.1053854816161674,1813.2660222076802,-1.968251145955863
FTdiesel,BG,BG,solar,BG_H_C_solar_E,Hungary,1,2024,530.049456,1038.132302727949,1568.181758727949,-2.077713893122654,51.39093714238112,0.1267649892757182,2.336063308316018,0.0001120408349999,0.0,0.0,1621.908759178646,-1.9508368630119362
FTdiesel,BG,BG,solar,BG_H_C_solar_E,Philippines,1,2024,527.1047368000001,950.280036974866,1477.384773774866,-2.077713893122654,10.06971863492859,0.0259619199317423,2.293153201047596,0.0003753061849999,35.39164686791369,0.1217588643380695,1525.139292478756,-1.929617802667842
FTdiesel,BG,BG,solar,BG_H_C_solar_E,Netherlands,1,2024,603.667436,1193.965989640996,1797.633425640996,-2.077713893122654,5.099956915719565,0.0138381914140532,2.663713825026576,0.000154897985,0.0,0.0,1805.3970963817421,-2.063720803723601
FTdiesel,BG,BG,solar,BG_H_C_solar_E,Norway,1,2024,668.4512583999999,1252.034068884942,1920.4853272849416,-2.077713893122654,21.492878472425655,0.0538287064114019,2.867531979931867,1.8979595e-05,2.1530564189422923,0.0074072197149964,1946.9987941562413,-2.0164589874012555
FTdiesel,BG,BG,solar,BG_H_C_solar_E,Oman,1,2024,562.4413672000001,932.2373122025195,1494.6786794025195,-2.077713893122654,18.275013143264257,0.0459787273054728,2.471951983268664,0.000333673525,21.828982172169688,0.0750988528128933,1537.254626701222,-1.9563026394792882
FTdiesel,BG,BG,solar,BG_H_C_solar_E,Italy,1,2024,565.3860864,1190.0067923946074,1755.3928787946074,-2.077713893122654,12.655781401551565,0.0322706173469638,2.6422090505370863,0.00017632656,8.220338878891056,0.0282806598433619,1778.911208125587,-2.0169862893723285
FTdiesel,BG,BG,solar,BG_H_C_solar_E,Austria,1,2024,612.5015936,1208.7709456281204,1821.2725392281204,-2.077713893122654,36.6020747526678,0.090687574939064,2.7373420968318425,6.3061235e-05,0.0,0.0,1860.6119560776199,-1.98696325694859
FTdiesel,BG,BG,solar,BG_H_C_solar_E,Finland,1,2024,636.0593472,1244.3550659524542,1880.4144131524545,-2.077713893122654,18.609053110807498,0.0467936174570265,2.7347045299792216,4.408164e-05,4.192847591547009,0.0144247698615068,1905.951018384788,-2.0164514241641207
FTdiesel,BG,BG,solar,BG_H_C_solar_E,Portugal,1,2024,535.9388944,1057.722845320406,1593.661739720406,-2.077713893122654,9.084205983650287,0.0235577628493887,2.330046772852863,6.857144e-05,4.143956778158924,0.0142565694401781,1609.2199492550683,-2.0398309893930873
FTdiesel,BG,BG,solar,BG_H_C_solar_E,Germany,1,2024,606.6121552,1219.2589581585387,1825.8711133585389,-2.077713893122654,19.030138664003527,0.0478208552237663,2.708460667294999,0.00021061228,0.0,0.0,1847.6097126898374,-2.029682425618888
FTdiesel,BG,BG,solar,BG_H_C_solar_E,Greece,1,2024,541.8283328,1020.4380142101166,1562.2663470101163,-2.077713893122654,8.004327760205324,0.020923401052402,2.410356782389708,0.0001959184,10.358938767360106,0.0356381443556068,1583.0399703200715,-2.020956429314645
FTdiesel,BG,BG,solar,BG_H_C_solar_E,France,1,2024,594.8332784000002,1193.9846527251557,1788.8179311251558,-2.077713893122654,26.000539162622182,0.0648251399519821,2.600493718221309,2.693878e-05,0.0,0.0,1817.4189640059992,-2.0128618143906722
FTdiesel,BG,BG,solar,BG_H_C_solar_E,Brazil,1,2024,541.8283328,1064.4732059338132,1606.3015387338132,-2.077713893122654,68.70691010575452,0.1690072872145006,2.341785342389707,6.3061235e-05,19.977224732517392,0.0687282003331398,1697.327458914475,-1.8399153443400138
FTdiesel,BG,BG,solar,BG_H_C_solar_E,United Kingdom,1,2024,627.2251896,1138.9345165757015,1766.1597061757016,-2.077713893122654,12.86735560697842,0.0327867523998833,2.890055888173955,0.000129183695,1.9497081405631156,0.0067076349928456,1783.8668258114171,-2.0380903220349254
FTdiesel,BG,BG,solar,BG_H_C_solar_E,Spain,1,2024,547.7177712,1084.87898099886,1632.59675219886,-2.077713893122654,21.30530921537091,0.0533711314049369,2.371891261926552,8.938776999999999e-05,5.112561911371392,0.0175888885450824,1661.3865145875288,-2.0066644854026348
FTdiesel,BG,BG,solar,BG_H_C_solar_E,Sweden,1,2024,647.838224,1324.0288566560423,1971.8670806560424,-2.077713893122654,22.479466319457497,0.056235486432672,2.7492758002216604,2.204082e-05,1.7821060346122866,0.0061310288191515,1998.877928810334,-2.015325337050831
FTdiesel,BG,BG,solar,BG_H_C_solar_E,Czech Republic,1,2024,535.9388944,1056.0320383580824,1591.9709327580824,-2.077713893122654,34.87658103327972,0.0864782348147717,2.379638617852863,0.00025346943,0.0,0.0,1629.227152409215,-1.9909821888778825
FTdiesel,BG,BG,solar,BG_H_C_solar_E,Japan,1,2024,636.0593472,1159.2475919353978,1795.306939135398,-2.077713893122654,9.189850389558206,0.0238154822671406,2.7830718849792215,0.0002951020899999,41.5157136886971,0.1428276612779785,1848.7955750986323,-1.910775647487535
FTdiesel,BG,BG,solar,BG_H_C_solar_E,Belgium,1,2024,603.667436,1214.9505682756287,1818.618004275629,-2.077713893122654,6.865350398628882,0.0181448669697369,2.681468930026576,8.448981e-05,0.0,0.0,1828.1648236042843,-2.0594845363429175
FTdiesel,BG,BG,solar,BG_H_C_solar_E,Poland,1,2024,544.773052,1095.5295569078507,1640.3026089078508,-2.077713893122654,11.190987172400249,0.0286972533565199,2.5279607796581307,0.000376530675,3.1210422628166983,0.0107374082616145,1657.1425991227259,-2.0379027008295196
FTdiesel,BG,BG,solar,BG_H_C_solar_E,India,1,2024,521.2152984,966.033740131622,1487.249038531622,-2.077713893122654,41.14883202778633,0.1017793845576825,2.2544758515107515,0.0004334694599999,23.047722644092165,0.0792917194612848,1553.7000690550112,-1.896209319643687
FTdiesel,BG,BG,solar,BG_H_C_solar_E,Indonesia,1,2024,474.0997912,1021.4132998407368,1495.513091040737,-2.077713893122654,14.61998306903098,0.0370622852610349,2.0234244152159944,0.00039551027,34.81377148720778,0.1197707836379461,1546.9702700121916,-1.920485313953673
FTdiesel,BG,BG,solar,BG_H_C_solar_E,South Korea,1,2024,553.6072096,1086.2075703018531,1639.8147799018532,-2.077713893122654,7.475045488669049,0.0196322175044002,2.3830175864633967,0.00025346943,40.096881524802384,0.1379464136319763,1689.7697245017882,-1.9198817925562774
FTdiesel,BG,BG,solar,BG_H_C_solar_E,China,1,2024,538.8836136,967.402558066308,1506.286171666308,-2.077713893122654,78.01603497926587,0.1917168876099259,2.3068344201212856,0.0003428572,38.60635207087997,0.1328185038105044,1625.2153931365751,-1.752835644502224
FTdiesel,BG,BG,solar,BG_H_C_solar_E,United Arab Emirates,1,2024,562.4413672000001,914.2496322025196,1476.6909994025195,-2.077713893122654,10.874670054831256,0.0279255980789476,2.4162376882686636,0.000234489835,22.32807580562143,0.0768158984828572,1512.309982951241,-1.9727379067258495
FTdiesel,BG,BG,solar,BG_H_C_solar_E,United States,1,2024,588.94384,1117.842672546518,1706.7865125465182,-2.077713893122654,88.15780465008372,0.2164577241177772,2.549571468684465,0.00023510208,12.124526609989683,0.0417123451807336,1809.6184152752762,-1.8193087217441435
FTdiesel,BG,BG,solar,BG_H_C_solar_E,Turkey,1,2024,538.8836136,985.256164371376,1524.139777971376,-2.077713893122654,10.108447857063252,0.026056399828645,2.3417323851212855,0.00028775515,12.543720837841384,0.0431545107095316,1549.133679051402,-2.008215227434478
FTdiesel,BG,BG,solar,BG_H_C_solar_E,Australia,1,2024,603.667436,1111.78278502657,1715.4502210265698,-2.077713893122654,78.5068587948625,0.1929142517948745,2.664326070026576,0.00033795924,35.416668795279044,0.1218449479687896,1832.038074686738,-1.7626167341189902
FTdiesel,BG,BG,solar,BG_H_C_solar_E,Malaysia,1,2024,515.32586,950.149363966906,1465.475223966906,-2.077713893122654,7.736093501205551,0.0202690438580345,2.230492381973906,0.0003697959799999,30.229379424780753,0.1039989724734412,1505.671189274866,-1.953076080811179
FTdiesel,BG,BG,solar,BG_H_C_solar_E,Canada,1,2024,600.7227168,1093.921029018003,1694.643745818003,-2.077713893122654,111.49795689848374,0.2733960011235748,2.5742730977581543,0.0001071428749999,10.986441676095902,0.0377969600168744,1819.7024174903408,-1.7664137891072051
FTdiesel,BG,BG,solar,BG_H_C_solar_E,Mexico,1,2024,518.2705791999999,941.6784624511386,1459.9490416511385,-2.077713893122654,32.336047638495636,0.0802806062545461,2.2936065742423297,0.000321428625,18.507883738507395,0.0636731857579852,1513.0865796023838,-1.933438672485123
FTdiesel,BG,BG,solar,BG_H_C_solar_E,Thailand,1,2024,524.1600176000001,938.527959660808,1462.687977260808,-2.077713893122654,11.625348230281595,0.0297568767030589,2.267998198779174,0.00033918373,33.5607544318933,0.11545999430902,1510.142078121762,-1.9321578383805753
FTdiesel,BG,BG,solar,BG_H_C_solar_E,Russia,1,2024,556.5519288,959.5610668436908,1516.1129956436907,-2.077713893122654,136.22976023609783,0.333729209506417,2.379397073731819,0.000274898005,4.498641714135814,0.0154768018629174,1659.220794667656,-1.7282329837483197
FTdiesel,BG,BG,solar,BG_H_C_solar_E,Saudi Arabia,1,2024,562.4413672000001,926.3898512271908,1488.8312184271908,-2.077713893122654,28.498397559908987,0.0709186629004334,2.390523398268664,0.00033795924,14.05018096868029,0.0483372272806505,1533.7703203540486,-1.9581200437015702
FTdiesel,ATRCCS,DAC,solar,ATRCCS_H_DAC_C_solar_E,South Africa,1,2024,534.5250098309498,1975.7987299152403,2510.3237397461903,-1.7873020350165407,24.44615260753832,0.0610332155761023,2.3548013591949744,0.0004340817049999,25.733697572901107,0.088532353506738,2562.858391285825,-1.6373023842287007
FTdiesel,ATRCCS,DAC,solar,ATRCCS_H_DAC_C_solar_E,Taiwan,1,2024,525.9497422935549,2701.8755444021185,3227.8252866956736,-1.7873020350165407,6.501058897936567,0.0172561782346967,2.3668873873897067,0.0003893878199999,36.79678971799583,0.1265930162580772,3273.490022698996,-1.6430634527037669
FTdiesel,ATRCCS,DAC,solar,ATRCCS_H_DAC_C_solar_E,Switzerland,1,2024,631.7113752547588,7040.289911641828,7672.001286896587,-1.7873020350165407,27.41176540843376,0.0682678249030787,2.8910917913213336,2.2653065e-05,0.0,0.0,7702.3041440963425,-1.7190115570484619
FTdiesel,ATRCCS,DAC,solar,ATRCCS_H_DAC_C_solar_E,Singapore,1,2024,528.8081648060198,7421.585665884192,7950.393830690212,-1.7873020350165407,0.9735209932027128,0.0037717552956236,2.4514301546581305,0.000305510255,30.63239601191193,0.1053854816161674,7984.451177849984,-1.6778392878497497
FTdiesel,ATRCCS,DAC,solar,ATRCCS_H_DAC_C_solar_E,Hungary,1,2024,514.5160522436948,3661.2341014923304,4175.750153736025,-1.7873020350165407,51.39093714238112,0.1267649892757182,2.336063308316018,0.0001120408349999,0.0,0.0,4229.477154186722,-1.6604250049058227
FTdiesel,ATRCCS,DAC,solar,ATRCCS_H_DAC_C_solar_E,Philippines,1,2024,511.65762973123,2690.6701091328996,3202.3277388641295,-1.7873020350165407,10.06971863492859,0.0259619199317423,2.293153201047596,0.0003753061849999,35.39164686791369,0.1217588643380695,3250.082257568019,-1.639205944561729
FTdiesel,ATRCCS,DAC,solar,ATRCCS_H_DAC_C_solar_E,Netherlands,1,2024,585.9766150553191,5246.03662806015,5832.013243115469,-1.7873020350165407,5.099956915719565,0.0138381914140532,2.663713825026576,0.000154897985,0.0,0.0,5839.776913856214,-1.7733089456174875
FTdiesel,ATRCCS,DAC,solar,ATRCCS_H_DAC_C_solar_E,Norway,1,2024,648.8619103295486,4344.82173986259,4993.683650192139,-1.7873020350165407,21.492878472425655,0.0538287064114019,2.867531979931867,1.8979595e-05,2.1530564189422923,0.0074072197149964,5020.197117063439,-1.7260471292951425
FTdiesel,ATRCCS,DAC,solar,ATRCCS_H_DAC_C_solar_E,Oman,1,2024,545.9586998808096,1651.267732455183,2197.2264323359927,-1.7873020350165407,18.275013143264257,0.0459787273054728,2.471951983268664,0.000333673525,21.828982172169688,0.0750988528128933,2239.8023796346956,-1.6658907813731747
FTdiesel,ATRCCS,DAC,solar,ATRCCS_H_DAC_C_solar_E,Italy,1,2024,548.8171223932745,5670.206149652916,6219.02327204619,-1.7873020350165407,12.655781401551565,0.0322706173469638,2.6422090505370863,0.00017632656,8.220338878891056,0.0282806598433619,6242.54160137717,-1.726574431266215
FTdiesel,ATRCCS,DAC,solar,ATRCCS_H_DAC_C_solar_E,Austria,1,2024,594.551882592714,5040.240201073383,5634.792083666097,-1.7873020350165407,36.6020747526678,0.090687574939064,2.7373420968318425,6.3061235e-05,0.0,0.0,5674.131500515597,-1.6965513988424765
FTdiesel,ATRCCS,DAC,solar,ATRCCS_H_DAC_C_solar_E,Finland,1,2024,617.419262692434,5328.592453884906,5946.01171657734,-1.7873020350165407,18.609053110807498,0.0467936174570265,2.7347045299792216,4.408164e-05,4.192847591547009,0.0144247698615068,5971.548321809674,-1.7260395660580075
FTdiesel,ATRCCS,DAC,solar,ATRCCS_H_DAC_C_solar_E,Portugal,1,2024,520.2328972686249,4678.613948374569,5198.846845643194,-1.7873020350165407,9.084205983650287,0.0235577628493887,2.330046772852863,6.857144e-05,4.143956778158924,0.0142565694401781,5214.405055177856,-1.749419131286974
FTdiesel,ATRCCS,DAC,solar,ATRCCS_H_DAC_C_solar_E,Germany,1,2024,588.8350375677842,4797.796527714315,5386.6315652820995,-1.7873020350165407,19.030138664003527,0.0478208552237663,2.708460667294999,0.00021061228,0.0,0.0,5408.370164613399,-1.7392705675127744
FTdiesel,ATRCCS,DAC,solar,ATRCCS_H_DAC_C_solar_E,Greece,1,2024,525.9497422935549,3216.43306299708,3742.382805290634,-1.7873020350165407,8.004327760205324,0.020923401052402,2.410356782389708,0.0001959184,10.358938767360106,0.0356381443556068,3763.156428600589,-1.730544571208532
FTdiesel,ATRCCS,DAC,solar,ATRCCS_H_DAC_C_solar_E,France,1,2024,577.4013475179243,5136.6729615154945,5714.074309033419,-1.7873020350165407,26.000539162622182,0.0648251399519821,2.600493718221309,2.693878e-05,0.0,0.0,5742.675341914262,-1.7224499562845585
FTdiesel,ATRCCS,DAC,solar,ATRCCS_H_DAC_C_solar_E,Brazil,1,2024,525.9497422935549,5014.401558845046,5540.3513011386,-1.7873020350165407,68.70691010575452,0.1690072872145006,2.341785342389707,6.3061235e-05,19.977224732517392,0.0687282003331398,5631.3772213192615,-1.5495034862339003
FTdiesel,ATRCCS,DAC,solar,ATRCCS_H_DAC_C_solar_E,United Kingdom,1,2024,608.8439951550389,4200.78829498585,4809.632290140889,-1.7873020350165407,12.86735560697842,0.0327867523998833,2.890055888173955,0.000129183695,1.9497081405631156,0.0067076349928456,4827.339409776605,-1.7476784639288119
FTdiesel,ATRCCS,DAC,solar,ATRCCS_H_DAC_C_solar_E,Spain,1,2024,531.6665873184847,4119.4153581518685,4651.081945470353,-1.7873020350165407,21.30530921537091,0.0533711314049369,2.371891261926552,8.938776999999999e-05,5.112561911371392,0.0175888885450824,4679.8717078590225,-1.7162526272965215
FTdiesel,ATRCCS,DAC,solar,ATRCCS_H_DAC_C_solar_E,Sweden,1,2024,628.8529527422938,7123.156580077968,7752.009532820262,-1.7873020350165407,22.479466319457497,0.056235486432672,2.7492758002216604,2.204082e-05,1.7821060346122866,0.0061310288191515,7779.0203809745535,-1.7249134789447174
FTdiesel,ATRCCS,DAC,solar,ATRCCS_H_DAC_C_solar_E,Czech Republic,1,2024,520.2328972686249,4174.996790675351,4695.2296879439755,-1.7873020350165407,34.87658103327972,0.0864782348147717,2.379638617852863,0.00025346943,0.0,0.0,4732.485907595108,-1.700570330771769
FTdiesel,ATRCCS,DAC,solar,ATRCCS_H_DAC_C_solar_E,Japan,1,2024,617.419262692434,4419.10475744797,5036.524020140404,-1.7873020350165407,9.189850389558206,0.0238154822671406,2.7830718849792215,0.0002951020899999,41.5157136886971,0.1428276612779785,5090.012656103639,-1.6203637893814218
FTdiesel,ATRCCS,DAC,solar,ATRCCS_H_DAC_C_solar_E,Belgium,1,2024,585.9766150553191,3712.916119766061,4298.89273482138,-1.7873020350165407,6.865350398628882,0.0181448669697369,2.681468930026576,8.448981e-05,0.0,0.0,4308.439554150035,-1.7690726782368038
FTdiesel,ATRCCS,DAC,solar,ATRCCS_H_DAC_C_solar_E,Poland,1,2024,528.8081648060198,4584.654374323883,5113.462539129902,-1.7873020350165407,11.190987172400249,0.0286972533565199,2.5279607796581307,0.000376530675,3.1210422628166983,0.0107374082616145,5130.302529344777,-1.7474908427234062
FTdiesel,ATRCCS,DAC,solar,ATRCCS_H_DAC_C_solar_E,India,1,2024,505.9407847063,3409.2082476498817,3915.1490323561816,-1.7873020350165407,41.14883202778633,0.1017793845576825,2.2544758515107515,0.0004334694599999,23.047722644092165,0.0792917194612848,3981.600062879571,-1.6057974615375736
FTdiesel,ATRCCS,DAC,solar,ATRCCS_H_DAC_C_solar_E,Indonesia,1,2024,460.2060245068605,4599.222171747338,5059.428196254198,-1.7873020350165407,14.61998306903098,0.0370622852610349,2.0234244152159944,0.00039551027,34.81377148720778,0.1197707836379461,5110.885375225654,-1.6300734558475598
FTdiesel,ATRCCS,DAC,solar,ATRCCS_H_DAC_C_solar_E,South Korea,1,2024,537.3834323434147,3757.508598258989,4294.892030602404,-1.7873020350165407,7.475045488669049,0.0196322175044002,2.3830175864633967,0.00025346943,40.096881524802384,0.1379464136319763,4344.846975202338,-1.6294699344501642
FTdiesel,ATRCCS,DAC,solar,ATRCCS_H_DAC_C_solar_E,China,1,2024,523.0913197810899,3380.0348927619457,3903.126212543036,-1.7873020350165407,78.01603497926587,0.1917168876099259,2.3068344201212856,0.0003428572,38.60635207087997,0.1328185038105044,4022.0554340133035,-1.4624237863961105
FTdiesel,ATRCCS,DAC,solar,ATRCCS_H_DAC_C_solar_E,United Arab Emirates,1,2024,545.9586998808096,1610.8611674713318,2156.8198673521415,-1.7873020350165407,10.874670054831256,0.0279255980789476,2.4162376882686636,0.000234489835,22.32807580562143,0.0768158984828572,2192.4388509008627,-1.6823260486197358
FTdiesel,ATRCCS,DAC,solar,ATRCCS_H_DAC_C_solar_E,United States,1,2024,571.6845024929944,2792.910275692862,3364.5947781858563,-1.7873020350165407,88.15780465008372,0.2164577241177772,2.549571468684465,0.00023510208,12.124526609989683,0.0417123451807336,3467.426680914614,-1.52889686363803
FTdiesel,ATRCCS,DAC,solar,ATRCCS_H_DAC_C_solar_E,Turkey,1,2024,523.0913197810899,2632.1235806872414,3155.2149004683315,-1.7873020350165407,10.108447857063252,0.026056399828645,2.3417323851212855,0.00028775515,12.543720837841384,0.0431545107095316,3180.2088015483573,-1.717803369328364
FTdiesel,ATRCCS,DAC,solar,ATRCCS_H_DAC_C_solar_E,Australia,1,2024,585.9766150553191,3119.9670652215264,3705.9436802768455,-1.7873020350165407,78.5068587948625,0.1929142517948745,2.664326070026576,0.00033795924,35.416668795279044,0.1218449479687896,3822.5315339370136,-1.4722048760128768
FTdiesel,ATRCCS,DAC,solar,ATRCCS_H_DAC_C_solar_E,Malaysia,1,2024,500.2239396813701,2515.0976913842296,3015.3216310656,-1.7873020350165407,7.736093501205551,0.0202690438580345,2.230492381973906,0.0003697959799999,30.229379424780753,0.1039989724734412,3055.51759637356,-1.6626642227050652
FTdiesel,ATRCCS,DAC,solar,ATRCCS_H_DAC_C_solar_E,Canada,1,2024,583.1181925428542,2368.7046112243665,2951.8228037672206,-1.7873020350165407,111.49795689848374,0.2733960011235748,2.5742730977581543,0.0001071428749999,10.986441676095902,0.0377969600168744,3076.8814754395585,-1.4760019310010917
FTdiesel,ATRCCS,DAC,solar,ATRCCS_H_DAC_C_solar_E,Mexico,1,2024,503.0823621938351,2110.280719503119,2613.3630816969544,-1.7873020350165407,32.336047638495636,0.0802806062545461,2.2936065742423297,0.000321428625,18.507883738507395,0.0636731857579852,2666.5006196481995,-1.6430268143790094
FTdiesel,ATRCCS,DAC,solar,ATRCCS_H_DAC_C_solar_E,Thailand,1,2024,508.79920721876505,2577.417804467188,3086.217011685953,-1.7873020350165407,11.625348230281595,0.0297568767030589,2.267998198779174,0.00033918373,33.5607544318933,0.11545999430902,3133.671112546907,-1.6417459802744618
FTdiesel,ATRCCS,DAC,solar,ATRCCS_H_DAC_C_solar_E,Russia,1,2024,540.2418548558798,1947.27371675698,2487.5155716128597,-1.7873020350165407,136.22976023609783,0.333729209506417,2.379397073731819,0.000274898005,4.498641714135814,0.0154768018629174,2630.6233706368253,-1.4378211256422062
FTdiesel,ATRCCS,DAC,solar,ATRCCS_H_DAC_C_solar_E,Saudi Arabia,1,2024,545.9586998808096,1646.337565137988,2192.2962650187974,-1.7873020350165407,28.498397559908987,0.0709186629004334,2.390523398268664,0.00033795924,14.05018096868029,0.0483372272806505,2237.235366945655,-1.6677081855954567
FTdiesel,BG,DAC,solar,BG_H_DAC_C_solar_E,South Africa,1,2024,550.6624904,2318.090088502661,2868.752578902661,-1.904411166970851,24.44615260753832,0.0610332155761023,2.3548013591949744,0.0004340817049999,25.733697572901107,0.088532353506738,2921.2872304422954,-1.754411516183011
FTdiesel,BG,DAC,solar,BG_H_DAC_C_solar_E,Taiwan,1,2024,541.8283328,2325.443285523907,2867.271618323907,-1.904411166970851,6.501058897936567,0.0172561782346967,2.3668873873897067,0.0003893878199999,36.79678971799583,0.1265930162580772,2912.9363543272298,-1.7601725846580771
FTdiesel,BG,DAC,solar,BG_H_DAC_C_solar_E,Switzerland,1,2024,650.7829432000001,2734.8644588261395,3385.6474020261394,-1.904411166970851,27.41176540843376,0.0682678249030787,2.8910917913213336,2.2653065e-05,0.0,0.0,3415.9502592258946,-1.8361206890027721
FTdiesel,BG,DAC,solar,BG_H_DAC_C_solar_E,Singapore,1,2024,544.773052,2594.4356230479075,3139.2086750479075,-1.904411166970851,0.9735209932027128,0.0037717552956236,2.4514301546581305,0.000305510255,30.63239601191193,0.1053854816161674,3173.2660222076806,-1.79494841980406
FTdiesel,BG,DAC,solar,BG_H_DAC_C_solar_E,Hungary,1,2024,530.049456,2398.132302727949,2928.1817587279493,-1.904411166970851,51.39093714238112,0.1267649892757182,2.336063308316018,0.0001120408349999,0.0,0.0,2981.9087591786465,-1.777534136860133
FTdiesel,BG,DAC,solar,BG_H_DAC_C_solar_E,Philippines,1,2024,527.1047368000001,2310.2800369748666,2837.3847737748665,-1.904411166970851,10.06971863492859,0.0259619199317423,2.293153201047596,0.0003753061849999,35.39164686791369,0.1217588643380695,2885.139292478756,-1.7563150765160394
FTdiesel,BG,DAC,solar,BG_H_DAC_C_solar_E,Netherlands,1,2024,603.667436,2553.965989640996,3157.6334256409964,-1.904411166970851,5.099956915719565,0.0138381914140532,2.663713825026576,0.000154897985,0.0,0.0,3165.397096381743,-1.8904180775717978
FTdiesel,BG,DAC,solar,BG_H_DAC_C_solar_E,Norway,1,2024,668.4512583999999,2612.034068884942,3280.485327284942,-1.904411166970851,21.492878472425655,0.0538287064114019,2.867531979931867,1.8979595e-05,2.1530564189422923,0.0074072197149964,3306.9987941562417,-1.8431562612494528
FTdiesel,BG,DAC,solar,BG_H_DAC_C_solar_E,Oman,1,2024,562.4413672000001,2292.237312202519,2854.6786794025193,-1.904411166970851,18.275013143264257,0.0459787273054728,2.471951983268664,0.000333673525,21.828982172169688,0.0750988528128933,2897.254626701222,-1.782999913327485
FTdiesel,BG,DAC,solar,BG_H_DAC_C_solar_E,Italy,1,2024,565.3860864,2550.006792394607,3115.392878794607,-1.904411166970851,12.655781401551565,0.0322706173469638,2.6422090505370863,0.00017632656,8.220338878891056,0.0282806598433619,3138.9112081255867,-1.8436835632205253
FTdiesel,BG,DAC,solar,BG_H_DAC_C_solar_E,Austria,1,2024,612.5015936,2568.77094562812,3181.27253922812,-1.904411166970851,36.6020747526678,0.090687574939064,2.7373420968318425,6.3061235e-05,0.0,0.0,3220.6119560776197,-1.8136605307967868
FTdiesel,BG,DAC,solar,BG_H_DAC_C_solar_E,Finland,1,2024,636.0593472,2604.355065952454,3240.414413152454,-1.904411166970851,18.609053110807498,0.0467936174570265,2.7347045299792216,4.408164e-05,4.192847591547009,0.0144247698615068,3265.951018384788,-1.8431486980123177
FTdiesel,BG,DAC,solar,BG_H_DAC_C_solar_E,Portugal,1,2024,535.9388944,2417.7228453204057,2953.6617397204054,-1.904411166970851,9.084205983650287,0.0235577628493887,2.330046772852863,6.857144e-05,4.143956778158924,0.0142565694401781,2969.2199492550676,-1.8665282632412843
FTdiesel,BG,DAC,solar,BG_H_DAC_C_solar_E,Germany,1,2024,606.6121552,2579.2589581585385,3185.8711133585384,-1.904411166970851,19.030138664003527,0.0478208552237663,2.708460667294999,0.00021061228,0.0,0.0,3207.609712689837,-1.8563796994670847
FTdiesel,BG,DAC,solar,BG_H_DAC_C_solar_E,Greece,1,2024,541.8283328,2380.438014210116,2922.266347010116,-1.904411166970851,8.004327760205324,0.020923401052402,2.410356782389708,0.0001959184,10.358938767360106,0.0356381443556068,2943.039970320071,-1.8476537031628422
FTdiesel,BG,DAC,solar,BG_H_DAC_C_solar_E,France,1,2024,594.8332784000002,2553.984652725156,3148.817931125156,-1.904411166970851,26.000539162622182,0.0648251399519821,2.600493718221309,2.693878e-05,0.0,0.0,3177.418964006,-1.8395590882388688
FTdiesel,BG,DAC,solar,BG_H_DAC_C_solar_E,Brazil,1,2024,541.8283328,2424.473205933813,2966.301538733813,-1.904411166970851,68.70691010575452,0.1690072872145006,2.341785342389707,6.3061235e-05,19.977224732517392,0.0687282003331398,3057.3274589144744,-1.6666126181882106
FTdiesel,BG,DAC,solar,BG_H_DAC_C_solar_E,United Kingdom,1,2024,627.2251896,2498.9345165757018,3126.159706175702,-1.904411166970851,12.86735560697842,0.0327867523998833,2.890055888173955,0.000129183695,1.9497081405631156,0.0067076349928456,3143.8668258114176,-1.8647875958831222
FTdiesel,BG,DAC,solar,BG_H_DAC_C_solar_E,Spain,1,2024,547.7177712,2444.87898099886,2992.5967521988596,-1.904411166970851,21.30530921537091,0.0533711314049369,2.371891261926552,8.938776999999999e-05,5.112561911371392,0.0175888885450824,3021.3865145875284,-1.8333617592508318
FTdiesel,BG,DAC,solar,BG_H_DAC_C_solar_E,Sweden,1,2024,647.838224,2684.0288566560425,3331.8670806560426,-1.904411166970851,22.479466319457497,0.056235486432672,2.7492758002216604,2.204082e-05,1.7821060346122866,0.0061310288191515,3358.877928810334,-1.8420226108990276
FTdiesel,BG,DAC,solar,BG_H_DAC_C_solar_E,Czech Republic,1,2024,535.9388944,2416.032038358082,2951.970932758082,-1.904411166970851,34.87658103327972,0.0864782348147717,2.379638617852863,0.00025346943,0.0,0.0,2989.227152409215,-1.8176794627260793
FTdiesel,BG,DAC,solar,BG_H_DAC_C_solar_E,Japan,1,2024,636.0593472,2519.2475919353974,3155.3069391353974,-1.904411166970851,9.189850389558206,0.0238154822671406,2.7830718849792215,0.0002951020899999,41.5157136886971,0.1428276612779785,3208.7955750986316,-1.737472921335732
FTdiesel,BG,DAC,solar,BG_H_DAC_C_solar_E,Belgium,1,2024,603.667436,2574.9505682756285,3178.6180042756287,-1.904411166970851,6.865350398628882,0.0181448669697369,2.681468930026576,8.448981e-05,0.0,0.0,3188.1648236042843,-1.886181810191114
FTdiesel,BG,DAC,solar,BG_H_DAC_C_solar_E,Poland,1,2024,544.773052,2455.5295569078507,3000.3026089078508,-1.904411166970851,11.190987172400249,0.0286972533565199,2.5279607796581307,0.000376530675,3.1210422628166983,0.0107374082616145,3017.142599122726,-1.8645999746777164
FTdiesel,BG,DAC,solar,BG_H_DAC_C_solar_E,India,1,2024,521.2152984,2326.033740131622,2847.249038531622,-1.904411166970851,41.14883202778633,0.1017793845576825,2.2544758515107515,0.0004334694599999,23.047722644092165,0.0792917194612848,2913.700069055011,-1.722906593491884
FTdiesel,BG,DAC,solar,BG_H_DAC_C_solar_E,Indonesia,1,2024,474.0997912,2381.4132998407367,2855.513091040737,-1.904411166970851,14.61998306903098,0.0370622852610349,2.0234244152159944,0.00039551027,34.81377148720778,0.1197707836379461,2906.970270012192,-1.74718258780187
FTdiesel,BG,DAC,solar,BG_H_DAC_C_solar_E,South Korea,1,2024,553.6072096,2446.2075703018536,2999.8147799018534,-1.904411166970851,7.475045488669049,0.0196322175044002,2.3830175864633967,0.00025346943,40.096881524802384,0.1379464136319763,3049.769724501788,-1.7465790664044745
FTdiesel,BG,DAC,solar,BG_H_DAC_C_solar_E,China,1,2024,538.8836136,2327.4025580663074,2866.2861716663074,-1.904411166970851,78.01603497926587,0.1917168876099259,2.3068344201212856,0.0003428572,38.60635207087997,0.1328185038105044,2985.2153931365747,-1.5795329183504208
FTdiesel,BG,DAC,solar,BG_H_DAC_C_solar_E,United Arab Emirates,1,2024,562.4413672000001,2274.2496322025195,2836.6909994025195,-1.904411166970851,10.874670054831256,0.0279255980789476,2.4162376882686636,0.000234489835,22.32807580562143,0.0768158984828572,2872.3099829512407,-1.799435180574046
FTdiesel,BG,DAC,solar,BG_H_DAC_C_solar_E,United States,1,2024,588.94384,2477.8426725465183,3066.786512546518,-1.904411166970851,88.15780465008372,0.2164577241177772,2.549571468684465,0.00023510208,12.124526609989683,0.0417123451807336,3169.6184152752758,-1.6460059955923403
FTdiesel,BG,DAC,solar,BG_H_DAC_C_solar_E,Turkey,1,2024,538.8836136,2345.2561643713757,2884.1397779713757,-1.904411166970851,10.108447857063252,0.026056399828645,2.3417323851212855,0.00028775515,12.543720837841384,0.0431545107095316,2909.1336790514015,-1.8349125012826744
FTdiesel,BG,DAC,solar,BG_H_DAC_C_solar_E,Australia,1,2024,603.667436,2471.78278502657,3075.45022102657,-1.904411166970851,78.5068587948625,0.1929142517948745,2.664326070026576,0.00033795924,35.416668795279044,0.1218449479687896,3192.038074686738,-1.589314007967187
FTdiesel,BG,DAC,solar,BG_H_DAC_C_solar_E,Malaysia,1,2024,515.32586,2310.1493639669065,2825.4752239669065,-1.904411166970851,7.736093501205551,0.0202690438580345,2.230492381973906,0.0003697959799999,30.229379424780753,0.1039989724734412,2865.6711892748667,-1.7797733546593755
FTdiesel,BG,DAC,solar,BG_H_DAC_C_solar_E,Canada,1,2024,600.7227168,2453.921029018003,3054.643745818003,-1.904411166970851,111.49795689848374,0.2733960011235748,2.5742730977581543,0.0001071428749999,10.986441676095902,0.0377969600168744,3179.702417490341,-1.593111062955402
FTdiesel,BG,DAC,solar,BG_H_DAC_C_solar_E,Mexico,1,2024,518.2705791999999,2301.6784624511383,2819.949041651138,-1.904411166970851,32.336047638495636,0.0802806062545461,2.2936065742423297,0.000321428625,18.507883738507395,0.0636731857579852,2873.086579602383,-1.7601359463333197
FTdiesel,BG,DAC,solar,BG_H_DAC_C_solar_E,Thailand,1,2024,524.1600176000001,2298.527959660808,2822.687977260808,-1.904411166970851,11.625348230281595,0.0297568767030589,2.267998198779174,0.00033918373,33.5607544318933,0.11545999430902,2870.142078121762,-1.758855112228772
FTdiesel,BG,DAC,solar,BG_H_DAC_C_solar_E,Russia,1,2024,556.5519288,2319.561066843691,2876.112995643691,-1.904411166970851,136.22976023609783,0.333729209506417,2.379397073731819,0.000274898005,4.498641714135814,0.0154768018629174,3019.2207946676567,-1.5549302575965165
FTdiesel,BG,DAC,solar,BG_H_DAC_C_solar_E,Saudi Arabia,1,2024,562.4413672000001,2286.389851227191,2848.831218427191,-1.904411166970851,28.498397559908987,0.0709186629004334,2.390523398268664,0.00033795924,14.05018096868029,0.0483372272806505,2893.7703203540486,-1.784817317549767
FTdiesel,LTE,DAC,solar,LTE_H_DAC_C_solar_E,South Africa,1,2024,634.02504275,3872.557770889854,4506.582813639854,-1.4599802781833129,24.44615260753832,0.0610332155761023,2.3548013591949744,0.0004340817049999,25.733697572901107,0.088532353506738,4559.117465179489,-1.3099806273954728
FTdiesel,LTE,DAC,solar,LTE_H_DAC_C_solar_E,Taiwan,1,2024,623.853518,2593.0376179506115,3216.891135950611,-1.4599802781833129,6.501058897936567,0.0172561782346967,2.3668873873897067,0.0003893878199999,36.79678971799583,0.1265930162580772,3262.5558719539335,-1.315741695870539
FTdiesel,LTE,DAC,solar,LTE_H_DAC_C_solar_E,Switzerland,1,2024,749.30232325,3664.768347869437,4414.070671119437,-1.4599802781833129,27.41176540843376,0.0682678249030787,2.8910917913213336,2.2653065e-05,0.0,0.0,4444.373528319193,-1.3916898002152343
FTdiesel,LTE,DAC,solar,LTE_H_DAC_C_solar_E,Singapore,1,2024,627.24402625,3422.4916588542687,4049.7356851042687,-1.4599802781833129,0.9735209932027128,0.0037717552956236,2.4514301546581305,0.000305510255,30.63239601191193,0.1053854816161674,4083.793032264042,-1.3505175310165218
FTdiesel,LTE,DAC,solar,LTE_H_DAC_C_solar_E,Hungary,1,2024,610.2914850000001,4242.350783940347,4852.642268940347,-1.4599802781833129,51.39093714238112,0.1267649892757182,2.336063308316018,0.0001120408349999,0.0,0.0,4906.369269391044,-1.3331032480725948
FTdiesel,LTE,DAC,solar,LTE_H_DAC_C_solar_E,Philippines,1,2024,606.90097675,3282.0956602486167,3888.996636998617,-1.4599802781833129,10.06971863492859,0.0259619199317423,2.293153201047596,0.0003753061849999,35.39164686791369,0.1217588643380695,3936.7511557025064,-1.3118841877285012
FTdiesel,LTE,DAC,solar,LTE_H_DAC_C_solar_E,Netherlands,1,2024,695.0541912499999,3468.841801958498,4163.895993208498,-1.4599802781833129,5.099956915719565,0.0138381914140532,2.663713825026576,0.000154897985,0.0,0.0,4171.659663949244,-1.4459871887842597
FTdiesel,LTE,DAC,solar,LTE_H_DAC_C_solar_E,Norway,1,2024,769.64537275,4611.619731081786,5381.265103831786,-1.4599802781833129,21.492878472425655,0.0538287064114019,2.867531979931867,1.8979595e-05,2.1530564189422923,0.0074072197149964,5407.778570703086,-1.3987253724619146
FTdiesel,LTE,DAC,solar,LTE_H_DAC_C_solar_E,Oman,1,2024,647.5870757499999,2883.889676475299,3531.4767522252987,-1.4599802781833129,18.275013143264257,0.0459787273054728,2.471951983268664,0.000333673525,21.828982172169688,0.0750988528128933,3574.0526995240016,-1.3385690245399469
FTdiesel,LTE,DAC,solar,LTE_H_DAC_C_solar_E,Italy,1,2024,650.9775840000001,3279.216090153537,3930.193674153538,-1.4599802781833129,12.655781401551565,0.0322706173469638,2.6422090505370863,0.00017632656,8.220338878891056,0.0282806598433619,3953.7120034845175,-1.3992526744329872
FTdiesel,LTE,DAC,solar,LTE_H_DAC_C_solar_E,Austria,1,2024,705.2257159999999,3589.837439596184,4295.0631555961845,-1.4599802781833129,36.6020747526678,0.090687574939064,2.7373420968318425,6.3061235e-05,0.0,0.0,4334.402572445684,-1.3692296420092487
FTdiesel,LTE,DAC,solar,LTE_H_DAC_C_solar_E,Finland,1,2024,732.349782,4575.76610632068,5308.11588832068,-1.4599802781833129,18.609053110807498,0.0467936174570265,2.7347045299792216,4.408164e-05,4.192847591547009,0.0144247698615068,5333.652493553014,-1.3987178092247796
FTdiesel,LTE,DAC,solar,LTE_H_DAC_C_solar_E,Portugal,1,2024,617.0725015,2950.2935944820556,3567.3660959820554,-1.4599802781833129,9.084205983650287,0.0235577628493887,2.330046772852863,6.857144e-05,4.143956778158924,0.0142565694401781,3582.9243055167176,-1.4220973744537462
FTdiesel,LTE,DAC,solar,LTE_H_DAC_C_solar_E,Germany,1,2024,698.4446995,3611.634028733566,4310.078728233566,-1.4599802781833129,19.030138664003527,0.0478208552237663,2.708460667294999,0.00021061228,0.0,0.0,4331.817327564865,-1.4119488106795466
FTdiesel,LTE,DAC,solar,LTE_H_DAC_C_solar_E,Greece,1,2024,623.853518,2958.430290742894,3582.283808742894,-1.4599802781833129,8.004327760205324,0.020923401052402,2.410356782389708,0.0001959184,10.358938767360106,0.0356381443556068,3603.057432052849,-1.403222814375304
FTdiesel,LTE,DAC,solar,LTE_H_DAC_C_solar_E,France,1,2024,684.8826665,3171.9808136861725,3856.8634801861726,-1.4599802781833129,26.000539162622182,0.0648251399519821,2.600493718221309,2.693878e-05,0.0,0.0,3885.4645130670165,-1.3951281994513307
FTdiesel,LTE,DAC,solar,LTE_H_DAC_C_solar_E,Brazil,1,2024,623.853518,3362.8939765725863,3986.747494572586,-1.4599802781833129,68.70691010575452,0.1690072872145006,2.341785342389707,6.3061235e-05,19.977224732517392,0.0687282003331398,4077.773414753248,-1.2221817294006725
FTdiesel,LTE,DAC,solar,LTE_H_DAC_C_solar_E,United Kingdom,1,2024,722.17825725,3771.934318470872,4494.112575720872,-1.4599802781833129,12.86735560697842,0.0327867523998833,2.890055888173955,0.000129183695,1.9497081405631156,0.0067076349928456,4511.8196953565875,-1.420356707095584
FTdiesel,LTE,DAC,solar,LTE_H_DAC_C_solar_E,Spain,1,2024,630.6345345,2745.119744102475,3375.754278602475,-1.4599802781833129,21.30530921537091,0.0533711314049369,2.371891261926552,8.938776999999999e-05,5.112561911371392,0.0175888885450824,3404.544040991144,-1.3889308704632937
FTdiesel,LTE,DAC,solar,LTE_H_DAC_C_solar_E,Sweden,1,2024,745.9118150000002,4586.0644599170355,5331.976274917036,-1.4599802781833129,22.479466319457497,0.056235486432672,2.7492758002216604,2.204082e-05,1.7821060346122866,0.0061310288191515,5358.987123071327,-1.3975917221114895
FTdiesel,LTE,DAC,solar,LTE_H_DAC_C_solar_E,Czech Republic,1,2024,617.0725015,3502.8035247912535,4119.876026291254,-1.4599802781833129,34.87658103327972,0.0864782348147717,2.379638617852863,0.00025346943,0.0,0.0,4157.132245942386,-1.3732485739385412
FTdiesel,LTE,DAC,solar,LTE_H_DAC_C_solar_E,Japan,1,2024,732.349782,4844.775123894831,5577.1249058948315,-1.4599802781833129,9.189850389558206,0.0238154822671406,2.7830718849792215,0.0002951020899999,41.5157136886971,0.1428276612779785,5630.613541858066,-1.293042032548194
FTdiesel,LTE,DAC,solar,LTE_H_DAC_C_solar_E,Belgium,1,2024,695.0541912499999,4519.143246327052,5214.197437577052,-1.4599802781833129,6.865350398628882,0.0181448669697369,2.681468930026576,8.448981e-05,0.0,0.0,5223.7442569057075,-1.441750921403576
FTdiesel,LTE,DAC,solar,LTE_H_DAC_C_solar_E,Poland,1,2024,627.24402625,5067.378419161645,5694.6224454116455,-1.4599802781833129,11.190987172400249,0.0286972533565199,2.5279607796581307,0.000376530675,3.1210422628166983,0.0107374082616145,5711.46243562652,-1.4201690858901783
FTdiesel,LTE,DAC,solar,LTE_H_DAC_C_solar_E,India,1,2024,600.1199602500001,2972.894037093709,3573.013997343709,-1.4599802781833129,41.14883202778633,0.1017793845576825,2.2544758515107515,0.0004334694599999,23.047722644092165,0.0792917194612848,3639.4650278670983,-1.2784757047043458
FTdiesel,LTE,DAC,solar,LTE_H_DAC_C_solar_E,Indonesia,1,2024,545.8718282499999,3665.5856847522514,4211.457513002251,-1.4599802781833129,14.61998306903098,0.0370622852610349,2.0234244152159944,0.00039551027,34.81377148720778,0.1197707836379461,4262.914691973707,-1.302751699014332
FTdiesel,LTE,DAC,solar,LTE_H_DAC_C_solar_E,South Korea,1,2024,637.415551,3678.762230022709,4316.177781022709,-1.4599802781833129,7.475045488669049,0.0196322175044002,2.3830175864633967,0.00025346943,40.096881524802384,0.1379464136319763,4366.132725622643,-1.3021481776169364
FTdiesel,LTE,DAC,solar,LTE_H_DAC_C_solar_E,China,1,2024,620.46300975,2575.8366483526356,3196.2996581026355,-1.4599802781833129,78.01603497926587,0.1917168876099259,2.3068344201212856,0.0003428572,38.60635207087997,0.1328185038105044,3315.2288795729028,-1.1351020295628829
FTdiesel,LTE,DAC,solar,LTE_H_DAC_C_solar_E,United Arab Emirates,1,2024,647.5870757499999,2272.514736432279,2920.101812182279,-1.4599802781833129,10.874670054831256,0.0279255980789476,2.4162376882686636,0.000234489835,22.32807580562143,0.0768158984828572,2955.720795731,-1.355004291786508
FTdiesel,LTE,DAC,solar,LTE_H_DAC_C_solar_E,United States,1,2024,678.10165,3407.719230384313,4085.820880384313,-1.4599802781833129,88.15780465008372,0.2164577241177772,2.549571468684465,0.00023510208,12.124526609989683,0.0417123451807336,4188.652783113072,-1.2015751068048022
FTdiesel,LTE,DAC,solar,LTE_H_DAC_C_solar_E,Turkey,1,2024,620.46300975,4120.854427534608,4741.317437284608,-1.4599802781833129,10.108447857063252,0.026056399828645,2.3417323851212855,0.00028775515,12.543720837841384,0.0431545107095316,4766.311338364633,-1.3904816124951362
FTdiesel,LTE,DAC,solar,LTE_H_DAC_C_solar_E,Australia,1,2024,695.0541912499999,2648.9250641630756,3343.9792554130754,-1.4599802781833129,78.5068587948625,0.1929142517948745,2.664326070026576,0.00033795924,35.416668795279044,0.1218449479687896,3460.5671090732435,-1.144883119179649
FTdiesel,LTE,DAC,solar,LTE_H_DAC_C_solar_E,Malaysia,1,2024,593.3389437500001,3411.404268949122,4004.743212699122,-1.4599802781833129,7.736093501205551,0.0202690438580345,2.230492381973906,0.0003697959799999,30.229379424780753,0.1039989724734412,4044.9391780070823,-1.3353424658718374
FTdiesel,LTE,DAC,solar,LTE_H_DAC_C_solar_E,Canada,1,2024,691.663683,4552.539955907139,5244.203638907139,-1.4599802781833129,111.49795689848374,0.2733960011235748,2.5742730977581543,0.0001071428749999,10.986441676095902,0.0377969600168744,5369.262310579476,-1.1486801741678638
FTdiesel,LTE,DAC,solar,LTE_H_DAC_C_solar_E,Mexico,1,2024,596.7294519999999,3528.647710923518,4125.377162923518,-1.4599802781833129,32.336047638495636,0.0802806062545461,2.2936065742423297,0.000321428625,18.507883738507395,0.0636731857579852,4178.514700874764,-1.3157050575457818
FTdiesel,LTE,DAC,solar,LTE_H_DAC_C_solar_E,Thailand,1,2024,603.5104685,3047.429653393166,3650.940121893166,-1.4599802781833129,11.625348230281595,0.0297568767030589,2.267998198779174,0.00033918373,33.5607544318933,0.11545999430902,3698.39422275412,-1.314424223441234
FTdiesel,LTE,DAC,solar,LTE_H_DAC_C_solar_E,Russia,1,2024,640.80605925,4451.290441735629,5092.096500985629,-1.4599802781833129,136.22976023609783,0.333729209506417,2.379397073731819,0.000274898005,4.498641714135814,0.0154768018629174,5235.204300009594,-1.1104993688089784
FTdiesel,LTE,DAC,solar,LTE_H_DAC_C_solar_E,Saudi Arabia,1,2024,647.5870757499999,2857.682304649649,3505.269380399649,-1.4599802781833129,28.498397559908987,0.0709186629004334,2.390523398268664,0.00033795924,14.05018096868029,0.0483372272806505,3550.208482326507,-1.340386428762229
FTdiesel,SMR,DAC,solar,SMR_H_DAC_C_solar_E,South Africa,1,2024,415.5644569953527,1835.757343307376,2251.3218003027287,4.019403338055053,24.44615260753832,0.0610332155761023,2.3548013591949744,0.0004340817049999,25.733697572901107,0.088532353506738,2303.856451842363,4.169402988842893
FTdiesel,SMR,DAC,solar,SMR_H_DAC_C_solar_E,Taiwan,1,2024,408.89764752483904,2536.434384860641,2945.33203238548,4.019403338055053,6.501058897936567,0.0172561782346967,2.3668873873897067,0.0003893878199999,36.79678971799583,0.1265930162580772,2990.9967683888026,4.163641920367827
FTdiesel,SMR,DAC,solar,SMR_H_DAC_C_solar_E,Switzerland,1,2024,491.12163099450777,6478.057792144307,6969.179423138815,4.019403338055053,27.41176540843376,0.0682678249030787,2.8910917913213336,2.2653065e-05,0.0,0.0,6999.4822803385705,4.0876938160231315
FTdiesel,SMR,DAC,solar,SMR_H_DAC_C_solar_E,Singapore,1,2024,411.1199173483436,6811.104511239815,7222.224428588159,4.019403338055053,0.9735209932027128,0.0037717552956236,2.4514301546581305,0.000305510255,30.63239601191193,0.1053854816161674,7256.281775747931,4.128866085221844
FTdiesel,SMR,DAC,solar,SMR_H_DAC_C_solar_E,Hungary,1,2024,400.0085682308208,3351.3267108089062,3751.335279039727,4.019403338055053,51.39093714238112,0.1267649892757182,2.336063308316018,0.0001120408349999,0.0,0.0,3805.0622794904243,4.146280368165771
FTdiesel,SMR,DAC,solar,SMR_H_DAC_C_solar_E,Philippines,1,2024,397.7862984073162,2499.425825877124,2897.21212428444,4.019403338055053,10.06971863492859,0.0259619199317423,2.293153201047596,0.0003753061849999,35.39164686791369,0.1217588643380695,2944.9666429883296,4.167499428509864
FTdiesel,SMR,DAC,solar,SMR_H_DAC_C_solar_E,Netherlands,1,2024,455.56531381843473,4841.302057039677,5296.867370858111,4.019403338055053,5.099956915719565,0.0138381914140532,2.663713825026576,0.000154897985,0.0,0.0,5304.631041598856,4.0333964274541065
FTdiesel,SMR,DAC,solar,SMR_H_DAC_C_solar_E,Norway,1,2024,504.4552499355352,3989.435005638274,4493.89025557381,4.019403338055053,21.492878472425655,0.0538287064114019,2.867531979931867,1.8979595e-05,2.1530564189422923,0.0074072197149964,4520.403722445109,4.08065824377645
FTdiesel,SMR,DAC,solar,SMR_H_DAC_C_solar_E,Oman,1,2024,424.453536289371,1581.3430790089906,2005.7966152983615,4.019403338055053,18.275013143264257,0.0459787273054728,2.471951983268664,0.000333673525,21.828982172169688,0.0750988528128933,2048.372562597064,4.140814591698419
FTdiesel,SMR,DAC,solar,SMR_H_DAC_C_solar_E,Italy,1,2024,426.6758061128755,5225.204376553975,5651.8801826668505,4.019403338055053,12.655781401551565,0.0322706173469638,2.6422090505370863,0.00017632656,8.220338878891056,0.0282806598433619,5675.398511997831,4.080130941805379
FTdiesel,SMR,DAC,solar,SMR_H_DAC_C_solar_E,Austria,1,2024,462.23212328894846,4649.253554805118,5111.485678094066,4.019403338055053,36.6020747526678,0.090687574939064,2.7373420968318425,6.3061235e-05,0.0,0.0,5150.825094943566,4.110153974229117
FTdiesel,SMR,DAC,solar,SMR_H_DAC_C_solar_E,Finland,1,2024,480.01028187698495,4879.561429174082,5359.571711051067,4.019403338055053,18.609053110807498,0.0467936174570265,2.7347045299792216,4.408164e-05,4.192847591547009,0.0144247698615068,5385.108316283401,4.080665807013586
FTdiesel,SMR,DAC,solar,SMR_H_DAC_C_solar_E,Portugal,1,2024,404.4531078778299,4331.971765863979,4736.424873741809,4.019403338055053,9.084205983650287,0.0235577628493887,2.330046772852863,6.857144e-05,4.143956778158924,0.0142565694401781,4751.983083276472,4.057286241784619
FTdiesel,SMR,DAC,solar,SMR_H_DAC_C_solar_E,Germany,1,2024,457.78758364193936,4437.869558495812,4895.657142137752,4.019403338055053,19.030138664003527,0.0478208552237663,2.708460667294999,0.00021061228,0.0,0.0,4917.395741469051,4.067434805558819
FTdiesel,SMR,DAC,solar,SMR_H_DAC_C_solar_E,Greece,1,2024,408.89764752483904,2998.5056503983355,3407.4032979231747,4.019403338055053,8.004327760205324,0.020923401052402,2.410356782389708,0.0001959184,10.358938767360106,0.0356381443556068,3428.1769212331296,4.076160801863062
FTdiesel,SMR,DAC,solar,SMR_H_DAC_C_solar_E,France,1,2024,448.8985043479211,4752.439398053598,5201.337902401519,4.019403338055053,26.000539162622182,0.0648251399519821,2.600493718221309,2.693878e-05,0.0,0.0,5229.938935282363,4.084255416787035
FTdiesel,SMR,DAC,solar,SMR_H_DAC_C_solar_E,Brazil,1,2024,408.89764752483904,4613.144160740901,5022.04180826574,4.019403338055053,68.70691010575452,0.1690072872145006,2.341785342389707,6.3061235e-05,19.977224732517392,0.0687282003331398,5113.067728446401,4.257201886837693
FTdiesel,SMR,DAC,solar,SMR_H_DAC_C_solar_E,United Kingdom,1,2024,473.3434724064713,3877.784354926642,4351.127827333114,4.019403338055053,12.86735560697842,0.0327867523998833,2.890055888173955,0.000129183695,1.9497081405631156,0.0067076349928456,4368.834946968829,4.059026909142782
FTdiesel,SMR,DAC,solar,SMR_H_DAC_C_solar_E,Spain,1,2024,413.3421871718482,3838.383748525824,4251.725935697672,4.019403338055053,21.30530921537091,0.0533711314049369,2.371891261926552,8.938776999999999e-05,5.112561911371392,0.0175888885450824,4280.515698086341,4.090452745775073
FTdiesel,SMR,DAC,solar,SMR_H_DAC_C_solar_E,Sweden,1,2024,488.8993611710032,6511.963615658913,7000.862976829916,4.019403338055053,22.479466319457497,0.056235486432672,2.7492758002216604,2.204082e-05,1.7821060346122866,0.0061310288191515,7027.873824984207,4.0817918941268765
FTdiesel,SMR,DAC,solar,SMR_H_DAC_C_solar_E,Czech Republic,1,2024,404.4531078778299,3862.004952306875,4266.458060184705,4.019403338055053,34.87658103327972,0.0864782348147717,2.379638617852863,0.00025346943,0.0,0.0,4303.714279835837,4.106135042299824
FTdiesel,SMR,DAC,solar,SMR_H_DAC_C_solar_E,Japan,1,2024,480.01028187698495,4022.95277756262,4502.963059439605,4.019403338055053,9.189850389558206,0.0238154822671406,2.7830718849792215,0.0002951020899999,41.5157136886971,0.1428276612779785,4556.4516954028395,4.186341583690172
FTdiesel,SMR,DAC,solar,SMR_H_DAC_C_solar_E,Belgium,1,2024,455.56531381843473,3414.0186584446387,3869.5839722630735,4.019403338055053,6.865350398628882,0.0181448669697369,2.681468930026576,8.448981e-05,0.0,0.0,3879.130791591729,4.03763269483479
FTdiesel,SMR,DAC,solar,SMR_H_DAC_C_solar_E,Poland,1,2024,411.1199173483436,4164.616138724574,4575.736056072918,4.019403338055053,11.190987172400249,0.0286972533565199,2.5279607796581307,0.000376530675,3.1210422628166983,0.0107374082616145,4592.576046287792,4.0592145303481875
FTdiesel,SMR,DAC,solar,SMR_H_DAC_C_solar_E,India,1,2024,393.3417587603071,3161.0821635676616,3554.4239223279687,4.019403338055053,41.14883202778633,0.1017793845576825,2.2544758515107515,0.0004334694599999,23.047722644092165,0.0792917194612848,3620.874952851358,4.20090791153402
FTdiesel,SMR,DAC,solar,SMR_H_DAC_C_solar_E,Indonesia,1,2024,357.78544158423415,4217.691696251442,4575.477137835676,4.019403338055053,14.61998306903098,0.0370622852610349,2.0234244152159944,0.00039551027,34.81377148720778,0.1197707836379461,4626.934316807132,4.176631917224034
FTdiesel,SMR,DAC,solar,SMR_H_DAC_C_solar_E,South Korea,1,2024,417.7867268188573,3461.862038929112,3879.6487657479697,4.019403338055053,7.475045488669049,0.0196322175044002,2.3830175864633967,0.00025346943,40.096881524802384,0.1379464136319763,3929.6037103479043,4.1772354386214285
FTdiesel,SMR,DAC,solar,SMR_H_DAC_C_solar_E,China,1,2024,406.67537770133447,3151.9364605736564,3558.611838274991,4.019403338055053,78.01603497926587,0.1917168876099259,2.3068344201212856,0.0003428572,38.60635207087997,0.1328185038105044,3677.5410597452583,4.344281586675483
FTdiesel,SMR,DAC,solar,SMR_H_DAC_C_solar_E,United Arab Emirates,1,2024,424.453536289371,1564.4704032264208,1988.9239395157915,4.019403338055053,10.874670054831256,0.0279255980789476,2.4162376882686636,0.000234489835,22.32807580562143,0.0768158984828572,2024.542923064513,4.124379324451858
FTdiesel,SMR,DAC,solar,SMR_H_DAC_C_solar_E,United States,1,2024,444.453964700912,2613.38252678017,3057.836491481082,4.019403338055053,88.15780465008372,0.2164577241177772,2.549571468684465,0.00023510208,12.124526609989683,0.0417123451807336,3160.6683942098393,4.277808509433564
FTdiesel,SMR,DAC,solar,SMR_H_DAC_C_solar_E,Turkey,1,2024,406.67537770133447,2415.471004501634,2822.1463822029687,4.019403338055053,10.108447857063252,0.026056399828645,2.3417323851212855,0.00028775515,12.543720837841384,0.0431545107095316,2847.1402832829945,4.08890200374323
FTdiesel,SMR,DAC,solar,SMR_H_DAC_C_solar_E,Australia,1,2024,455.56531381843473,2944.2955891836573,3399.860903002092,4.019403338055053,78.5068587948625,0.1929142517948745,2.664326070026576,0.00033795924,35.416668795279044,0.1218449479687896,3516.44875666226,4.334500497058718
FTdiesel,SMR,DAC,solar,SMR_H_DAC_C_solar_E,Malaysia,1,2024,388.897219113298,2332.6387655823514,2721.5359846956494,4.019403338055053,7.736093501205551,0.0202690438580345,2.230492381973906,0.0003697959799999,30.229379424780753,0.1039989724734412,2761.7319500036097,4.144041150366529
FTdiesel,SMR,DAC,solar,SMR_H_DAC_C_solar_E,Canada,1,2024,453.3430439949302,2180.9966290865996,2634.33967308153,4.019403338055053,111.49795689848374,0.2733960011235748,2.5742730977581543,0.0001071428749999,10.986441676095902,0.0377969600168744,2759.3983447538676,4.330703442070502
FTdiesel,SMR,DAC,solar,SMR_H_DAC_C_solar_E,Mexico,1,2024,391.11948893680255,1963.014986710641,2354.1344756474437,4.019403338055053,32.336047638495636,0.0802806062545461,2.2936065742423297,0.000321428625,18.507883738507395,0.0636731857579852,2407.2720135986888,4.163678558692585
FTdiesel,SMR,DAC,solar,SMR_H_DAC_C_solar_E,Thailand,1,2024,395.5640285838117,2404.0628850672247,2799.6269136510364,4.019403338055053,11.625348230281595,0.0297568767030589,2.267998198779174,0.00033918373,33.5607544318933,0.11545999430902,2847.0810145119904,4.164959392797132
FTdiesel,SMR,DAC,solar,SMR_H_DAC_C_solar_E,Russia,1,2024,420.00899664236186,1779.4569562942388,2199.465952936601,4.019403338055053,136.22976023609783,0.333729209506417,2.379397073731819,0.000274898005,4.498641714135814,0.0154768018629174,2342.5737519605664,4.368884247429387
FTdiesel,SMR,DAC,solar,SMR_H_DAC_C_solar_E,Saudi Arabia,1,2024,424.453536289371,1574.3886806581816,1998.8422169475523,4.019403338055053,28.498397559908987,0.0709186629004334,2.390523398268664,0.00033795924,14.05018096868029,0.0483372272806505,2043.78131887441,4.138997187476137
FTdiesel,SMRCCS,DAC,solar,SMRCCS_H_DAC_C_solar_E,South Africa,1,2024,589.1331816957545,2025.0307091421416,2614.1638908378964,-1.4377626018956406,24.44615260753832,0.0610332155761023,2.3548013591949744,0.0004340817049999,25.733697572901107,0.088532353506738,2666.698542377531,-1.2877629511078006
FTdiesel,SMRCCS,DAC,solar,SMRCCS_H_DAC_C_solar_E,Taiwan,1,2024,579.6818472300471,2894.7680175143464,3474.4498647443934,-1.4377626018956406,6.501058897936567,0.0172561782346967,2.3668873873897067,0.0003893878199999,36.79678971799583,0.1265930162580772,3520.114600747716,-1.2935240195828668
FTdiesel,SMRCCS,DAC,solar,SMRCCS_H_DAC_C_solar_E,Switzerland,1,2024,696.2483056404371,7952.959851629793,8649.20815727023,-1.4377626018956406,27.41176540843376,0.0682678249030787,2.8910917913213336,2.2653065e-05,0.0,0.0,8679.511014469985,-1.3694721239275618
FTdiesel,SMRCCS,DAC,solar,SMRCCS_H_DAC_C_solar_E,Singapore,1,2024,582.8322920519496,8398.342416885862,8981.174708937811,-1.4377626018956406,0.9735209932027128,0.0037717552956236,2.4514301546581305,0.000305510255,30.63239601191193,0.1053854816161674,9015.232056097584,-1.3282998547288496
FTdiesel,SMRCCS,DAC,solar,SMRCCS_H_DAC_C_solar_E,Hungary,1,2024,567.0800679424375,3979.2368348198456,4546.3169027622835,-1.4377626018956406,51.39093714238112,0.1267649892757182,2.336063308316018,0.0001120408349999,0.0,0.0,4600.043903212981,-1.3108855717849226
FTdiesel,SMRCCS,DAC,solar,SMRCCS_H_DAC_C_solar_E,Philippines,1,2024,563.9296231205351,2867.5538574663333,3431.4834805868686,-1.4377626018956406,10.06971863492859,0.0259619199317423,2.293153201047596,0.0003753061849999,35.39164686791369,0.1217588643380695,3479.237999290758,-1.289666511440829
FTdiesel,SMRCCS,DAC,solar,SMRCCS_H_DAC_C_solar_E,Netherlands,1,2024,645.8411884899982,5861.7695076496875,6507.610696139685,-1.4377626018956406,5.099956915719565,0.0138381914140532,2.663713825026576,0.000154897985,0.0,0.0,6515.374366880431,-1.4237695124965875
FTdiesel,SMRCCS,DAC,solar,SMRCCS_H_DAC_C_solar_E,Norway,1,2024,715.1509745718516,4781.614089006242,5496.765063578093,-1.4377626018956406,21.492878472425655,0.0538287064114019,2.867531979931867,1.8979595e-05,2.1530564189422923,0.0074072197149964,5523.278530449393,-1.3765076961742424
FTdiesel,SMRCCS,DAC,solar,SMRCCS_H_DAC_C_solar_E,Oman,1,2024,601.7349609833642,1675.7396071673684,2277.4745681507325,-1.4377626018956406,18.275013143264257,0.0459787273054728,2.471951983268664,0.000333673525,21.828982172169688,0.0750988528128933,2320.0505154494354,-1.3163513482522746
FTdiesel,SMRCCS,DAC,solar,SMRCCS_H_DAC_C_solar_E,Italy,1,2024,604.8854058052666,6351.797021033923,6956.682426839189,-1.4377626018956406,12.655781401551565,0.0322706173469638,2.6422090505370863,0.00017632656,8.220338878891056,0.0282806598433619,6980.200756170169,-1.377034998145315
FTdiesel,SMRCCS,DAC,solar,SMRCCS_H_DAC_C_solar_E,Austria,1,2024,655.2925229557055,5613.656424027515,6268.948946983221,-1.4377626018956406,36.6020747526678,0.090687574939064,2.7373420968318425,6.3061235e-05,0.0,0.0,6308.28836383272,-1.3470119657215764
FTdiesel,SMRCCS,DAC,solar,SMRCCS_H_DAC_C_solar_E,Finland,1,2024,680.496081530925,5932.173682397431,6612.669763928356,-1.4377626018956406,18.609053110807498,0.0467936174570265,2.7347045299792216,4.408164e-05,4.192847591547009,0.0144247698615068,6638.20636916069,-1.3765001329371074
FTdiesel,SMRCCS,DAC,solar,SMRCCS_H_DAC_C_solar_E,Portugal,1,2024,573.3809575862423,5211.785193050769,5785.166150637011,-1.4377626018956406,9.084205983650287,0.0235577628493887,2.330046772852863,6.857144e-05,4.143956778158924,0.0142565694401781,5800.724360171674,-1.399879698166074
FTdiesel,SMRCCS,DAC,solar,SMRCCS_H_DAC_C_solar_E,Germany,1,2024,648.9916333119006,5340.631028357098,5989.622661668999,-1.4377626018956406,19.030138664003527,0.0478208552237663,2.708460667294999,0.00021061228,0.0,0.0,6011.361261000298,-1.3897311343918743
FTdiesel,SMRCCS,DAC,solar,SMRCCS_H_DAC_C_solar_E,Greece,1,2024,579.6818472300471,3493.221046135517,4072.902893365564,-1.4377626018956406,8.004327760205324,0.020923401052402,2.410356782389708,0.0001959184,10.358938767360106,0.0356381443556068,4093.676516675519,-1.3810051380876318
FTdiesel,SMRCCS,DAC,solar,SMRCCS_H_DAC_C_solar_E,France,1,2024,636.3898540242909,5738.698495891425,6375.088349915716,-1.4377626018956406,26.000539162622182,0.0648251399519821,2.600493718221309,2.693878e-05,0.0,0.0,6403.68938279656,-1.3729105231636585
FTdiesel,SMRCCS,DAC,solar,SMRCCS_H_DAC_C_solar_E,Brazil,1,2024,579.6818472300471,5583.462060492112,6163.143907722159,-1.4377626018956406,68.70691010575452,0.1690072872145006,2.341785342389707,6.3061235e-05,19.977224732517392,0.0687282003331398,6254.1698279028205,-1.1999640531130003
FTdiesel,SMRCCS,DAC,solar,SMRCCS_H_DAC_C_solar_E,United Kingdom,1,2024,671.0447470652176,4633.7942256967335,5304.8389727619515,-1.4377626018956406,12.86735560697842,0.0327867523998833,2.890055888173955,0.000129183695,1.9497081405631156,0.0067076349928456,5322.546092397667,-1.3981390308079118
FTdiesel,SMRCCS,DAC,solar,SMRCCS_H_DAC_C_solar_E,Spain,1,2024,585.9827368738521,4564.12410975252,5150.106846626372,-1.4377626018956406,21.30530921537091,0.0533711314049369,2.371891261926552,8.938776999999999e-05,5.112561911371392,0.0175888885450824,5178.896609015042,-1.3667131941756214
FTdiesel,SMRCCS,DAC,solar,SMRCCS_H_DAC_C_solar_E,Sweden,1,2024,693.0978608185347,8029.530151108624,8722.628011927158,-1.4377626018956406,22.479466319457497,0.056235486432672,2.7492758002216604,2.204082e-05,1.7821060346122866,0.0061310288191515,8749.638860081448,-1.3753740458238173
FTdiesel,SMRCCS,DAC,solar,SMRCCS_H_DAC_C_solar_E,Czech Republic,1,2024,573.3809575862423,4620.3894183148495,5193.770375901092,-1.4377626018956406,34.87658103327972,0.0864782348147717,2.379638617852863,0.00025346943,0.0,0.0,5231.0265955522245,-1.351030897650869
FTdiesel,SMRCCS,DAC,solar,SMRCCS_H_DAC_C_solar_E,Japan,1,2024,680.496081530925,4843.399818451853,5523.895899982778,-1.4377626018956406,9.189850389558206,0.0238154822671406,2.7830718849792215,0.0002951020899999,41.5157136886971,0.1428276612779785,5577.384535946013,-1.2708243562605217
FTdiesel,SMRCCS,DAC,solar,SMRCCS_H_DAC_C_solar_E,Belgium,1,2024,645.8411884899982,4039.8928610106495,4685.734049500647,-1.4377626018956406,6.865350398628882,0.0181448669697369,2.681468930026576,8.448981e-05,0.0,0.0,4695.280868829303,-1.4195332451159037
FTdiesel,SMRCCS,DAC,solar,SMRCCS_H_DAC_C_solar_E,Poland,1,2024,582.8322920519496,5043.340513664117,5626.172805716066,-1.4377626018956406,11.190987172400249,0.0286972533565199,2.5279607796581307,0.000376530675,3.1210422628166983,0.0107374082616145,5643.012795930941,-1.397951409602506
FTdiesel,SMRCCS,DAC,solar,SMRCCS_H_DAC_C_solar_E,India,1,2024,557.6287334767302,3711.6773479657754,4269.306081442505,-1.4377626018956406,41.14883202778633,0.1017793845576825,2.2544758515107515,0.0004334694599999,23.047722644092165,0.0792917194612848,4335.757111965895,-1.2562580284166736
FTdiesel,SMRCCS,DAC,solar,SMRCCS_H_DAC_C_solar_E,Indonesia,1,2024,507.22161632629127,5085.65695424168,5592.878570567971,-1.4377626018956406,14.61998306903098,0.0370622852610349,2.0234244152159944,0.00039551027,34.81377148720778,0.1197707836379461,5644.335749539427,-1.2805340227266597
FTdiesel,SMRCCS,DAC,solar,SMRCCS_H_DAC_C_solar_E,South Korea,1,2024,592.2836265176569,4098.825787161902,4691.109413679558,-1.4377626018956406,7.475045488669049,0.0196322175044002,2.3830175864633967,0.00025346943,40.096881524802384,0.1379464136319763,4741.064358279493,-1.2799305013292641
FTdiesel,SMRCCS,DAC,solar,SMRCCS_H_DAC_C_solar_E,China,1,2024,576.5314024081447,3689.915102536269,4266.446504944413,-1.4377626018956406,78.01603497926587,0.1917168876099259,2.3068344201212856,0.0003428572,38.60635207087997,0.1328185038105044,4385.375726414681,-1.1128843532752104
FTdiesel,SMRCCS,DAC,solar,SMRCCS_H_DAC_C_solar_E,United Arab Emirates,1,2024,601.7349609833642,1640.6506858456294,2242.3856468289937,-1.4377626018956406,10.874670054831256,0.0279255980789476,2.4162376882686636,0.000234489835,22.32807580562143,0.0768158984828572,2278.004630377715,-1.3327866154988357
FTdiesel,SMRCCS,DAC,solar,SMRCCS_H_DAC_C_solar_E,United States,1,2024,630.0889643804861,2992.0824540091617,3622.171418389648,-1.4377626018956406,88.15780465008372,0.2164577241177772,2.549571468684465,0.00023510208,12.124526609989683,0.0417123451807336,3725.0033211184054,-1.17935743051713
FTdiesel,SMRCCS,DAC,solar,SMRCCS_H_DAC_C_solar_E,Turkey,1,2024,576.5314024081447,2774.5884438367507,3351.1198462448956,-1.4377626018956406,10.108447857063252,0.026056399828645,2.3417323851212855,0.00028775515,12.543720837841384,0.0431545107095316,3376.1137473249214,-1.368263936207464
FTdiesel,SMRCCS,DAC,solar,SMRCCS_H_DAC_C_solar_E,Australia,1,2024,645.8411884899982,3402.7137674188207,4048.554955908819,-1.4377626018956406,78.5068587948625,0.1929142517948745,2.664326070026576,0.00033795924,35.416668795279044,0.1218449479687896,4165.142809568987,-1.1226654428919767
FTdiesel,SMRCCS,DAC,solar,SMRCCS_H_DAC_C_solar_E,Malaysia,1,2024,551.3278438329253,2654.513930306096,3205.8417741390213,-1.4377626018956406,7.736093501205551,0.0202690438580345,2.230492381973906,0.0003697959799999,30.229379424780753,0.1039989724734412,3246.0377394469815,-1.3131247895841651
FTdiesel,SMRCCS,DAC,solar,SMRCCS_H_DAC_C_solar_E,Canada,1,2024,642.6907436680957,2466.876956491362,3109.5677001594577,-1.4377626018956406,111.49795689848374,0.2733960011235748,2.5742730977581543,0.0001071428749999,10.986441676095902,0.0377969600168744,3234.6263718317955,-1.1264624978801916
FTdiesel,SMRCCS,DAC,solar,SMRCCS_H_DAC_C_solar_E,Mexico,1,2024,554.4782886548277,2181.6373461789776,2736.1156348338054,-1.4377626018956406,32.336047638495636,0.0802806062545461,2.2936065742423297,0.000321428625,18.507883738507395,0.0636731857579852,2789.2531727850505,-1.2934873812581094
FTdiesel,SMRCCS,DAC,solar,SMRCCS_H_DAC_C_solar_E,Thailand,1,2024,560.7791782986327,2739.966613333527,3300.74579163216,-1.4377626018956406,11.625348230281595,0.0297568767030589,2.267998198779174,0.00033918373,33.5607544318933,0.11545999430902,3348.199892493114,-1.2922065471535618
FTdiesel,SMRCCS,DAC,solar,SMRCCS_H_DAC_C_solar_E,Russia,1,2024,595.4340713395594,1965.4622782755544,2560.896349615114,-1.4377626018956406,136.22976023609783,0.333729209506417,2.379397073731819,0.000274898005,4.498641714135814,0.0154768018629174,2704.0041486390796,-1.0882816925213061
FTdiesel,SMRCCS,DAC,solar,SMRCCS_H_DAC_C_solar_E,Saudi Arabia,1,2024,601.7349609833642,1666.471928232782,2268.2068892161465,-1.4377626018956406,28.498397559908987,0.0709186629004334,2.390523398268664,0.00033795924,14.05018096868029,0.0483372272806505,2313.1459911430043,-1.3181687524745567
FTdiesel,SMR,SMR,solar,SMR_H_C_solar_E,South Africa,1,2024,415.5644569953527,475.75734330737566,891.3218003027284,3.84610061190325,24.44615260753832,0.0610332155761023,2.3548013591949744,0.0004340817049999,25.733697572901107,0.088532353506738,943.8564518423628,3.9961002626910904
FTdiesel,SMR,SMR,solar,SMR_H_C_solar_E,Taiwan,1,2024,408.89764752483904,1176.434384860641,1585.33203238548,3.84610061190325,6.501058897936567,0.0172561782346967,2.3668873873897067,0.0003893878199999,36.79678971799583,0.1265930162580772,1630.9967683888021,3.990339194216024
FTdiesel,SMR,SMR,solar,SMR_H_C_solar_E,Switzerland,1,2024,491.12163099450777,5118.057792144307,5609.179423138815,3.84610061190325,27.41176540843376,0.0682678249030787,2.8910917913213336,2.2653065e-05,0.0,0.0,5639.4822803385705,3.9143910898713288
FTdiesel,SMR,SMR,solar,SMR_H_C_solar_E,Singapore,1,2024,411.1199173483436,5451.104511239815,5862.224428588159,3.84610061190325,0.9735209932027128,0.0037717552956236,2.4514301546581305,0.000305510255,30.63239601191193,0.1053854816161674,5896.281775747931,3.9555633590700414
FTdiesel,SMR,SMR,solar,SMR_H_C_solar_E,Hungary,1,2024,400.0085682308208,1991.3267108089065,2391.335279039727,3.84610061190325,51.39093714238112,0.1267649892757182,2.336063308316018,0.0001120408349999,0.0,0.0,2445.0622794904243,3.9729776420139684
FTdiesel,SMR,SMR,solar,SMR_H_C_solar_E,Philippines,1,2024,397.7862984073162,1139.425825877123,1537.2121242844394,3.84610061190325,10.06971863492859,0.0259619199317423,2.293153201047596,0.0003753061849999,35.39164686791369,0.1217588643380695,1584.9666429883293,3.994196702358062
FTdiesel,SMR,SMR,solar,SMR_H_C_solar_E,Netherlands,1,2024,455.56531381843473,3481.3020570396775,3936.867370858112,3.84610061190325,5.099956915719565,0.0138381914140532,2.663713825026576,0.000154897985,0.0,0.0,3944.6310415988582,3.8600937013023033
FTdiesel,SMR,SMR,solar,SMR_H_C_solar_E,Norway,1,2024,504.4552499355352,2629.4350056382737,3133.8902555738086,3.84610061190325,21.492878472425655,0.0538287064114019,2.867531979931867,1.8979595e-05,2.1530564189422923,0.0074072197149964,3160.4037224451085,3.907355517624649
FTdiesel,SMR,SMR,solar,SMR_H_C_solar_E,Oman,1,2024,424.453536289371,221.34307900899051,645.7966152983615,3.84610061190325,18.275013143264257,0.0459787273054728,2.471951983268664,0.000333673525,21.828982172169688,0.0750988528128933,688.3725625970642,3.967511865546616
FTdiesel,SMR,SMR,solar,SMR_H_C_solar_E,Italy,1,2024,426.6758061128755,3865.204376553974,4291.880182666849,3.84610061190325,12.655781401551565,0.0322706173469638,2.6422090505370863,0.00017632656,8.220338878891056,0.0282806598433619,4315.398511997829,3.906828215653576
FTdiesel,SMR,SMR,solar,SMR_H_C_solar_E,Austria,1,2024,462.23212328894846,3289.253554805118,3751.4856780940663,3.84610061190325,36.6020747526678,0.090687574939064,2.7373420968318425,6.3061235e-05,0.0,0.0,3790.825094943566,3.936851248077314
FTdiesel,SMR,SMR,solar,SMR_H_C_solar_E,Finland,1,2024,480.01028187698495,3519.561429174083,3999.571711051068,3.84610061190325,18.609053110807498,0.0467936174570265,2.7347045299792216,4.408164e-05,4.192847591547009,0.0144247698615068,4025.108316283402,3.9073630808617836
FTdiesel,SMR,SMR,solar,SMR_H_C_solar_E,Portugal,1,2024,404.4531078778299,2971.9717658639784,3376.4248737418084,3.84610061190325,9.084205983650287,0.0235577628493887,2.330046772852863,6.857144e-05,4.143956778158924,0.0142565694401781,3391.9830832764706,3.883983515632817
FTdiesel,SMR,SMR,solar,SMR_H_C_solar_E,Germany,1,2024,457.78758364193936,3077.869558495812,3535.657142137751,3.84610061190325,19.030138664003527,0.0478208552237663,2.708460667294999,0.00021061228,0.0,0.0,3557.39574146905,3.8941320794070164
FTdiesel,SMR,SMR,solar,SMR_H_C_solar_E,Greece,1,2024,408.89764752483904,1638.5056503983355,2047.4032979231747,3.84610061190325,8.004327760205324,0.020923401052402,2.410356782389708,0.0001959184,10.358938767360106,0.0356381443556068,2068.1769212331296,3.902858075711259
FTdiesel,SMR,SMR,solar,SMR_H_C_solar_E,France,1,2024,448.8985043479211,3392.439398053598,3841.337902401519,3.84610061190325,26.000539162622182,0.0648251399519821,2.600493718221309,2.693878e-05,0.0,0.0,3869.9389352823628,3.910952690635232
FTdiesel,SMR,SMR,solar,SMR_H_C_solar_E,Brazil,1,2024,408.89764752483904,3253.144160740899,3662.0418082657384,3.84610061190325,68.70691010575452,0.1690072872145006,2.341785342389707,6.3061235e-05,19.977224732517392,0.0687282003331398,3753.0677284464,4.08389916068589
FTdiesel,SMR,SMR,solar,SMR_H_C_solar_E,United Kingdom,1,2024,473.3434724064713,2517.7843549266427,2991.127827333114,3.84610061190325,12.86735560697842,0.0327867523998833,2.890055888173955,0.000129183695,1.9497081405631156,0.0067076349928456,3008.8349469688296,3.885724182990979
FTdiesel,SMR,SMR,solar,SMR_H_C_solar_E,Spain,1,2024,413.3421871718482,2478.383748525823,2891.7259356976715,3.84610061190325,21.30530921537091,0.0533711314049369,2.371891261926552,8.938776999999999e-05,5.112561911371392,0.0175888885450824,2920.5156980863403,3.9171500196232696
FTdiesel,SMR,SMR,solar,SMR_H_C_solar_E,Sweden,1,2024,488.8993611710032,5151.963615658912,5640.862976829915,3.84610061190325,22.479466319457497,0.056235486432672,2.7492758002216604,2.204082e-05,1.7821060346122866,0.0061310288191515,5667.873824984206,3.9084891679750733
FTdiesel,SMR,SMR,solar,SMR_H_C_solar_E,Czech Republic,1,2024,404.4531078778299,2502.0049523068747,2906.4580601847047,3.84610061190325,34.87658103327972,0.0864782348147717,2.379638617852863,0.00025346943,0.0,0.0,2943.7142798358373,3.932832316148022
FTdiesel,SMR,SMR,solar,SMR_H_C_solar_E,Japan,1,2024,480.01028187698495,2662.9527775626193,3142.9630594396044,3.84610061190325,9.189850389558206,0.0238154822671406,2.7830718849792215,0.0002951020899999,41.5157136886971,0.1428276612779785,3196.4516954028386,4.013038857538369
FTdiesel,SMR,SMR,solar,SMR_H_C_solar_E,Belgium,1,2024,455.56531381843473,2054.0186584446387,2509.5839722630735,3.84610061190325,6.865350398628882,0.0181448669697369,2.681468930026576,8.448981e-05,0.0,0.0,2519.130791591729,3.864329968682987
FTdiesel,SMR,SMR,solar,SMR_H_C_solar_E,Poland,1,2024,411.1199173483436,2804.616138724573,3215.7360560729167,3.84610061190325,11.190987172400249,0.0286972533565199,2.5279607796581307,0.000376530675,3.1210422628166983,0.0107374082616145,3232.576046287792,3.8859118041963847
FTdiesel,SMR,SMR,solar,SMR_H_C_solar_E,India,1,2024,393.3417587603071,1801.0821635676614,2194.4239223279683,3.84610061190325,41.14883202778633,0.1017793845576825,2.2544758515107515,0.0004334694599999,23.047722644092165,0.0792917194612848,2260.8749528513576,4.0276051853822175
FTdiesel,SMR,SMR,solar,SMR_H_C_solar_E,Indonesia,1,2024,357.78544158423415,2857.6916962514424,3215.4771378356763,3.84610061190325,14.61998306903098,0.0370622852610349,2.0234244152159944,0.00039551027,34.81377148720778,0.1197707836379461,3266.9343168071314,4.003329191072232
FTdiesel,SMR,SMR,solar,SMR_H_C_solar_E,South Korea,1,2024,417.7867268188573,2101.8620389291123,2519.6487657479697,3.84610061190325,7.475045488669049,0.0196322175044002,2.3830175864633967,0.00025346943,40.096881524802384,0.1379464136319763,2569.6037103479043,4.003932712469627
FTdiesel,SMR,SMR,solar,SMR_H_C_solar_E,China,1,2024,406.67537770133447,1791.9364605736569,2198.611838274991,3.84610061190325,78.01603497926587,0.1917168876099259,2.3068344201212856,0.0003428572,38.60635207087997,0.1328185038105044,2317.5410597452583,4.170978860523681
FTdiesel,SMR,SMR,solar,SMR_H_C_solar_E,United Arab Emirates,1,2024,424.453536289371,204.4704032264207,628.9239395157917,3.84610061190325,10.874670054831256,0.0279255980789476,2.4162376882686636,0.000234489835,22.32807580562143,0.0768158984828572,664.5429230645132,3.951076598300055
FTdiesel,SMR,SMR,solar,SMR_H_C_solar_E,United States,1,2024,444.453964700912,1253.3825267801697,1697.8364914810818,3.84610061190325,88.15780465008372,0.2164577241177772,2.549571468684465,0.00023510208,12.124526609989683,0.0417123451807336,1800.6683942098398,4.104505783281761
FTdiesel,SMR,SMR,solar,SMR_H_C_solar_E,Turkey,1,2024,406.67537770133447,1055.4710045016343,1462.1463822029689,3.84610061190325,10.108447857063252,0.026056399828645,2.3417323851212855,0.00028775515,12.543720837841384,0.0431545107095316,1487.140283282995,3.9155992775914266
FTdiesel,SMR,SMR,solar,SMR_H_C_solar_E,Australia,1,2024,455.56531381843473,1584.2955891836575,2039.8609030020923,3.84610061190325,78.5068587948625,0.1929142517948745,2.664326070026576,0.00033795924,35.416668795279044,0.1218449479687896,2156.44875666226,4.161197770906915
FTdiesel,SMR,SMR,solar,SMR_H_C_solar_E,Malaysia,1,2024,388.897219113298,972.6387655823514,1361.5359846956494,3.84610061190325,7.736093501205551,0.0202690438580345,2.230492381973906,0.0003697959799999,30.229379424780753,0.1039989724734412,1401.7319500036094,3.9707384242147254
FTdiesel,SMR,SMR,solar,SMR_H_C_solar_E,Canada,1,2024,453.3430439949302,820.9966290865995,1274.3396730815298,3.84610061190325,111.49795689848374,0.2733960011235748,2.5742730977581543,0.0001071428749999,10.986441676095902,0.0377969600168744,1399.3983447538676,4.1574007159186985
FTdiesel,SMR,SMR,solar,SMR_H_C_solar_E,Mexico,1,2024,391.11948893680255,603.014986710641,994.1344756474437,3.84610061190325,32.336047638495636,0.0802806062545461,2.2936065742423297,0.000321428625,18.507883738507395,0.0636731857579852,1047.272013598689,3.9903758325407814
FTdiesel,SMR,SMR,solar,SMR_H_C_solar_E,Thailand,1,2024,395.5640285838117,1044.0628850672242,1439.626913651036,3.84610061190325,11.625348230281595,0.0297568767030589,2.267998198779174,0.00033918373,33.5607544318933,0.11545999430902,1487.08101451199,3.991656666645329
FTdiesel,SMR,SMR,solar,SMR_H_C_solar_E,Russia,1,2024,420.00899664236186,419.4569562942387,839.4659529366006,3.84610061190325,136.22976023609783,0.333729209506417,2.379397073731819,0.000274898005,4.498641714135814,0.0154768018629174,982.5737519605661,4.195581521277584
FTdiesel,SMR,SMR,solar,SMR_H_C_solar_E,Saudi Arabia,1,2024,424.453536289371,214.38868065818133,638.8422169475523,3.84610061190325,28.498397559908987,0.0709186629004334,2.390523398268664,0.00033795924,14.05018096868029,0.0483372272806505,683.7813188744102,3.965694461324334
FTdiesel,ATRCCS,BEC,wind,ATRCCS_H_BEC_C_wind_E,South Africa,1,2024,534.5250098309498,699.6895709090292,1234.2145807399788,-2.1346573724309574,24.44615260753832,0.0610332155761023,2.3548013591949744,0.0004340817049999,25.733697572901107,0.088532353506738,1286.7492322796131,-1.9846577216431172
FTdiesel,ATRCCS,BEC,wind,ATRCCS_H_BEC_C_wind_E,Taiwan,1,2024,525.9497422935549,1457.945348128827,1983.8950904223816,-2.1346573724309574,6.501058897936567,0.0172561782346967,2.3668873873897067,0.0003893878199999,36.79678971799583,0.1265930162580772,2029.5598264257037,-1.9904187901181838
FTdiesel,ATRCCS,BEC,wind,ATRCCS_H_BEC_C_wind_E,Switzerland,1,2024,631.7113752547588,5796.982534002076,6428.693909256835,-2.1346573724309574,27.41176540843376,0.0682678249030787,2.8910917913213336,2.2653065e-05,0.0,0.0,6458.99676645659,-2.066366894462879
FTdiesel,ATRCCS,BEC,wind,ATRCCS_H_BEC_C_wind_E,Singapore,1,2024,528.8081648060198,6248.158538927671,6776.96670373369,-2.1346573724309574,0.9735209932027128,0.0037717552956236,2.4514301546581305,0.000305510255,30.63239601191193,0.1053854816161674,6811.024050893462,-2.025194625264166
FTdiesel,ATRCCS,BEC,wind,ATRCCS_H_BEC_C_wind_E,Hungary,1,2024,514.5160522436948,2353.4649952811505,2867.9810475248455,-2.1346573724309574,51.39093714238112,0.1267649892757182,2.336063308316018,0.0001120408349999,0.0,0.0,2921.7080479755427,-2.007780342320239
FTdiesel,ATRCCS,BEC,wind,ATRCCS_H_BEC_C_wind_E,Philippines,1,2024,511.65762973123,1467.7081401887997,1979.3657699200296,-2.1346573724309574,10.06971863492859,0.0259619199317423,2.293153201047596,0.0003753061849999,35.39164686791369,0.1217588643380695,2027.1202886239196,-1.9865612819761453
FTdiesel,ATRCCS,BEC,wind,ATRCCS_H_BEC_C_wind_E,Netherlands,1,2024,585.9766150553191,3985.290328681268,4571.266943736588,-2.1346573724309574,5.099956915719565,0.0138381914140532,2.663713825026576,0.000154897985,0.0,0.0,4579.030614477333,-2.1206642830319042
FTdiesel,ATRCCS,BEC,wind,ATRCCS_H_BEC_C_wind_E,Norway,1,2024,648.8619103295486,3011.4132665706657,3660.2751769002143,-2.1346573724309574,21.492878472425655,0.0538287064114019,2.867531979931867,1.8979595e-05,2.1530564189422923,0.0074072197149964,3686.788643771514,-2.0734024667095587
FTdiesel,ATRCCS,BEC,wind,ATRCCS_H_BEC_C_wind_E,Oman,1,2024,545.9586998808096,444.08383556077274,990.0425354415823,-2.1346573724309574,18.275013143264257,0.0459787273054728,2.471951983268664,0.000333673525,21.828982172169688,0.0750988528128933,1032.618482740285,-2.0132461187875914
FTdiesel,ATRCCS,BEC,wind,ATRCCS_H_BEC_C_wind_E,Italy,1,2024,548.8171223932745,4438.317113628071,4987.134236021346,-2.1346573724309574,12.655781401551565,0.0322706173469638,2.6422090505370863,0.00017632656,8.220338878891056,0.0282806598433619,5010.652565352326,-2.0739297686806317
FTdiesel,ATRCCS,BEC,wind,ATRCCS_H_BEC_C_wind_E,Austria,1,2024,594.551882592714,3781.154751383942,4375.706633976656,-2.1346573724309574,36.6020747526678,0.090687574939064,2.7373420968318425,6.3061235e-05,0.0,0.0,4415.046050826156,-2.0439067362568935
FTdiesel,ATRCCS,BEC,wind,ATRCCS_H_BEC_C_wind_E,Finland,1,2024,617.419262692434,4000.7893482948457,4618.20861098728,-2.1346573724309574,18.609053110807498,0.0467936174570265,2.7347045299792216,4.408164e-05,4.192847591547009,0.0144247698615068,4643.745216219614,-2.073394903472424
FTdiesel,ATRCCS,BEC,wind,ATRCCS_H_BEC_C_wind_E,Portugal,1,2024,520.2328972686249,3466.447502411835,3986.68039968046,-2.1346573724309574,9.084205983650287,0.0235577628493887,2.330046772852863,6.857144e-05,4.143956778158924,0.0142565694401781,4002.2386092151223,-2.0967744687013905
FTdiesel,ATRCCS,BEC,wind,ATRCCS_H_BEC_C_wind_E,Germany,1,2024,588.8350375677842,3554.489150074563,4143.324187642347,-2.1346573724309574,19.030138664003527,0.0478208552237663,2.708460667294999,0.00021061228,0.0,0.0,4165.062786973646,-2.086625904927191
FTdiesel,ATRCCS,BEC,wind,ATRCCS_H_BEC_C_wind_E,Greece,1,2024,525.9497422935549,1993.2634878418005,2519.2132301353554,-2.1346573724309574,8.004327760205324,0.020923401052402,2.410356782389708,0.0001959184,10.358938767360106,0.0356381443556068,2539.9868534453103,-2.0778999086229484
FTdiesel,ATRCCS,BEC,wind,ATRCCS_H_BEC_C_wind_E,France,1,2024,577.4013475179243,3909.3512621366135,4486.752609654538,-2.1346573724309574,26.000539162622182,0.0648251399519821,2.600493718221309,2.693878e-05,0.0,0.0,4515.353642535381,-2.0698052936989755
FTdiesel,ATRCCS,BEC,wind,ATRCCS_H_BEC_C_wind_E,Brazil,1,2024,525.9497422935549,3718.3622035655408,4244.311945859095,-2.1346573724309574,68.70691010575452,0.1690072872145006,2.341785342389707,6.3061235e-05,19.977224732517392,0.0687282003331398,4335.337866039757,-1.896858823648317
FTdiesel,ATRCCS,BEC,wind,ATRCCS_H_BEC_C_wind_E,United Kingdom,1,2024,608.8439951550389,2898.520753370944,3507.364748525983,-2.1346573724309574,12.86735560697842,0.0327867523998833,2.890055888173955,0.000129183695,1.9497081405631156,0.0067076349928456,3525.0718681616986,-2.0950338013432286
FTdiesel,ATRCCS,BEC,wind,ATRCCS_H_BEC_C_wind_E,Spain,1,2024,531.6665873184847,2889.8099904500045,3421.4765777684893,-2.1346573724309574,21.30530921537091,0.0533711314049369,2.371891261926552,8.938776999999999e-05,5.112561911371392,0.0175888885450824,3450.266340157158,-2.063607964710938
FTdiesel,ATRCCS,BEC,wind,ATRCCS_H_BEC_C_wind_E,Sweden,1,2024,628.8529527422938,5797.429536599706,6426.282489342,-2.1346573724309574,22.479466319457497,0.056235486432672,2.7492758002216604,2.204082e-05,1.7821060346122866,0.0061310288191515,6453.293337496291,-2.0722688163591343
FTdiesel,ATRCCS,BEC,wind,ATRCCS_H_BEC_C_wind_E,Czech Republic,1,2024,520.2328972686249,2931.6894130355986,3451.9223103042236,-2.1346573724309574,34.87658103327972,0.0864782348147717,2.379638617852863,0.00025346943,0.0,0.0,3489.178529955356,-2.0479256681861857
FTdiesel,ATRCCS,BEC,wind,ATRCCS_H_BEC_C_wind_E,Japan,1,2024,617.419262692434,3241.193336329957,3858.6125990223914,-2.1346573724309574,9.189850389558206,0.0238154822671406,2.7830718849792215,0.0002951020899999,41.5157136886971,0.1428276612779785,3912.1012349856255,-1.9677191267958383
FTdiesel,ATRCCS,BEC,wind,ATRCCS_H_BEC_C_wind_E,Belgium,1,2024,585.9766150553191,2402.136723492769,2988.113338548088,-2.1346573724309574,6.865350398628882,0.0181448669697369,2.681468930026576,8.448981e-05,0.0,0.0,2997.6601578767436,-2.1164280156512207
FTdiesel,ATRCCS,BEC,wind,ATRCCS_H_BEC_C_wind_E,Poland,1,2024,528.8081648060198,3232.3537358145645,3761.161900620584,-2.1346573724309574,11.190987172400249,0.0286972533565199,2.5279607796581307,0.000376530675,3.1210422628166983,0.0107374082616145,3778.0018908354596,-2.094846180137823
FTdiesel,ATRCCS,BEC,wind,ATRCCS_H_BEC_C_wind_E,India,1,2024,505.9407847063,2181.6789420598197,2687.6197267661196,-2.1346573724309574,41.14883202778633,0.1017793845576825,2.2544758515107515,0.0004334694599999,23.047722644092165,0.0792917194612848,2754.070757289509,-1.9531527989519901
FTdiesel,ATRCCS,BEC,wind,ATRCCS_H_BEC_C_wind_E,Indonesia,1,2024,460.2060245068605,3404.1624775858472,3864.368502092708,-2.1346573724309574,14.61998306903098,0.0370622852610349,2.0234244152159944,0.00039551027,34.81377148720778,0.1197707836379461,3915.825681064163,-1.9774287932619763
FTdiesel,ATRCCS,BEC,wind,ATRCCS_H_BEC_C_wind_E,South Korea,1,2024,537.3834323434147,2533.300992047809,3070.6844243912237,-2.1346573724309574,7.475045488669049,0.0196322175044002,2.3830175864633967,0.00025346943,40.096881524802384,0.1379464136319763,3120.6393689911583,-1.9768252718645807
FTdiesel,ATRCCS,BEC,wind,ATRCCS_H_BEC_C_wind_E,China,1,2024,523.0913197810899,2136.1046964886536,2659.1960162697433,-2.1346573724309574,78.01603497926587,0.1917168876099259,2.3068344201212856,0.0003428572,38.60635207087997,0.1328185038105044,2778.1252377400106,-1.8097791238105272
FTdiesel,ATRCCS,BEC,wind,ATRCCS_H_BEC_C_wind_E,United Arab Emirates,1,2024,545.9586998808096,442.2920258564249,988.2507257372343,-2.1346573724309574,10.874670054831256,0.0279255980789476,2.4162376882686636,0.000234489835,22.32807580562143,0.0768158984828572,1023.8697092859557,-2.0296813860341527
FTdiesel,ATRCCS,BEC,wind,ATRCCS_H_BEC_C_wind_E,United States,1,2024,571.6845024929944,1530.087914202179,2101.7724166951734,-2.1346573724309574,88.15780465008372,0.2164577241177772,2.549571468684465,0.00023510208,12.124526609989683,0.0417123451807336,2204.604319423931,-1.8762522010524467
FTdiesel,ATRCCS,BEC,wind,ATRCCS_H_BEC_C_wind_E,Turkey,1,2024,523.0913197810899,1396.9128452835153,1920.004165064605,-2.1346573724309574,10.108447857063252,0.026056399828645,2.3417323851212855,0.00028775515,12.543720837841384,0.0431545107095316,1944.9980661446311,-2.065158706742781
FTdiesel,ATRCCS,BEC,wind,ATRCCS_H_BEC_C_wind_E,Australia,1,2024,585.9766150553191,1913.613593171837,2499.590208227156,-2.1346573724309574,78.5068587948625,0.1929142517948745,2.664326070026576,0.00033795924,35.416668795279044,0.1218449479687896,2616.178061887324,-1.8195602134272935
FTdiesel,ATRCCS,BEC,wind,ATRCCS_H_BEC_C_wind_E,Malaysia,1,2024,500.2239396813701,1336.8333397072115,1837.0572793885815,-2.1346573724309574,7.736093501205551,0.0202690438580345,2.230492381973906,0.0003697959799999,30.229379424780753,0.1039989724734412,1877.2532446965415,-2.010019560119482
FTdiesel,ATRCCS,BEC,wind,ATRCCS_H_BEC_C_wind_E,Canada,1,2024,583.1181925428542,1027.199495696416,1610.31768823927,-2.1346573724309574,111.49795689848374,0.2733960011235748,2.5742730977581543,0.0001071428749999,10.986441676095902,0.0377969600168744,1735.3763599116078,-1.8233572684155084
FTdiesel,ATRCCS,BEC,wind,ATRCCS_H_BEC_C_wind_E,Mexico,1,2024,503.0823621938351,849.5344201242376,1352.6167823180726,-2.1346573724309574,32.336047638495636,0.0802806062545461,2.2936065742423297,0.000321428625,18.507883738507395,0.0636731857579852,1405.754320269318,-1.9903821517934261
FTdiesel,ATRCCS,BEC,wind,ATRCCS_H_BEC_C_wind_E,Thailand,1,2024,508.79920721876505,1399.6309470758831,1908.430154294648,-2.1346573724309574,11.625348230281595,0.0297568767030589,2.267998198779174,0.00033918373,33.5607544318933,0.11545999430902,1955.884255155602,-1.9891013176888785
FTdiesel,ATRCCS,BEC,wind,ATRCCS_H_BEC_C_wind_E,Russia,1,2024,540.2418548558798,749.6397055768556,1289.8815604327351,-2.1346573724309574,136.22976023609783,0.333729209506417,2.379397073731819,0.000274898005,4.498641714135814,0.0154768018629174,1432.9893594567004,-1.785176463056623
FTdiesel,ATRCCS,BEC,wind,ATRCCS_H_BEC_C_wind_E,Saudi Arabia,1,2024,545.9586998808096,440.3993055106586,986.3580053914682,-2.1346573724309574,28.498397559908987,0.0709186629004334,2.390523398268664,0.00033795924,14.05018096868029,0.0483372272806505,1031.2971073183262,-2.0150635230098737
FTdiesel,BG,BEC,wind,BG_H_BEC_C_wind_E,South Africa,1,2024,550.6624904,1072.295758502661,1622.9582489026611,-2.218915374944274,24.44615260753832,0.0610332155761023,2.3548013591949744,0.0004340817049999,25.733697572901107,0.088532353506738,1675.4929004422954,-2.0689157241564335
FTdiesel,BG,BEC,wind,BG_H_BEC_C_wind_E,Taiwan,1,2024,541.8283328,1093.1076055239075,1634.9359383239075,-2.218915374944274,6.501058897936567,0.0172561782346967,2.3668873873897067,0.0003893878199999,36.79678971799583,0.1265930162580772,1680.6006743272296,-2.0746767926315
FTdiesel,BG,BEC,wind,BG_H_BEC_C_wind_E,Switzerland,1,2024,650.7829432000001,1502.7892688261395,2153.57221202614,-2.218915374944274,27.41176540843376,0.0682678249030787,2.8910917913213336,2.2653065e-05,0.0,0.0,2183.875069225895,-2.150624896976195
FTdiesel,BG,BEC,wind,BG_H_BEC_C_wind_E,Singapore,1,2024,544.773052,1391.5874110479076,1936.3604630479076,-2.218915374944274,0.9735209932027128,0.0037717552956236,2.4514301546581305,0.000305510255,30.63239601191193,0.1053854816161674,1970.4178102076803,-2.1094526277774825
FTdiesel,BG,BEC,wind,BG_H_BEC_C_wind_E,Hungary,1,2024,530.049456,1139.096397727949,1669.1458537279489,-2.218915374944274,51.39093714238112,0.1267649892757182,2.336063308316018,0.0001120408349999,0.0,0.0,1722.8728541786459,-2.0920383448335556
FTdiesel,BG,BEC,wind,BG_H_BEC_C_wind_E,Philippines,1,2024,527.1047368000001,1086.714186974866,1613.818923774866,-2.218915374944274,10.06971863492859,0.0259619199317423,2.293153201047596,0.0003753061849999,35.39164686791369,0.1217588643380695,1661.573442478756,-2.070819284489462
FTdiesel,BG,BEC,wind,BG_H_BEC_C_wind_E,Netherlands,1,2024,603.667436,1314.597079640996,1918.264515640996,-2.218915374944274,5.099956915719565,0.0138381914140532,2.663713825026576,0.000154897985,0.0,0.0,1926.0281863817422,-2.2049222855452206
FTdiesel,BG,BEC,wind,BG_H_BEC_C_wind_E,Norway,1,2024,668.4512583999999,1342.2746588849416,2010.7259172849415,-2.218915374944274,21.492878472425655,0.0538287064114019,2.867531979931867,1.8979595e-05,2.1530564189422923,0.0074072197149964,2037.2393841562412,-2.157660469222875
FTdiesel,BG,BEC,wind,BG_H_BEC_C_wind_E,Oman,1,2024,562.4413672000001,1075.2705422025194,1637.7119094025195,-2.218915374944274,18.275013143264257,0.0459787273054728,2.471951983268664,0.000333673525,21.828982172169688,0.0750988528128933,1680.287856701222,-2.097504121300908
FTdiesel,BG,BEC,wind,BG_H_BEC_C_wind_E,Italy,1,2024,565.3860864,1322.7072523946076,1888.0933387946077,-2.218915374944274,12.655781401551565,0.0322706173469638,2.6422090505370863,0.00017632656,8.220338878891056,0.0282806598433619,1911.6116681255874,-2.158187771193948
FTdiesel,BG,BEC,wind,BG_H_BEC_C_wind_E,Austria,1,2024,612.5015936,1330.0966756281202,1942.59826922812,-2.218915374944274,36.6020747526678,0.090687574939064,2.7373420968318425,6.3061235e-05,0.0,0.0,1981.9376860776194,-2.12816473877021
FTdiesel,BG,BEC,wind,BG_H_BEC_C_wind_E,Finland,1,2024,636.0593472,1336.9400659524542,1972.9994131524545,-2.218915374944274,18.609053110807498,0.0467936174570265,2.7347045299792216,4.408164e-05,4.192847591547009,0.0144247698615068,1998.5360183847881,-2.1576529059857403
FTdiesel,BG,BEC,wind,BG_H_BEC_C_wind_E,Portugal,1,2024,535.9388944,1198.672155320406,1734.6110497204058,-2.218915374944274,9.084205983650287,0.0235577628493887,2.330046772852863,6.857144e-05,4.143956778158924,0.0142565694401781,1750.169259255068,-2.181032471214707
FTdiesel,BG,BEC,wind,BG_H_BEC_C_wind_E,Germany,1,2024,606.6121552,1347.183768158539,1953.7959233585384,-2.218915374944274,19.030138664003527,0.0478208552237663,2.708460667294999,0.00021061228,0.0,0.0,1975.5345226898369,-2.1708839074405075
FTdiesel,BG,BEC,wind,BG_H_BEC_C_wind_E,Greece,1,2024,541.8283328,1156.7853342101162,1698.6136670101162,-2.218915374944274,8.004327760205324,0.020923401052402,2.410356782389708,0.0001959184,10.358938767360106,0.0356381443556068,1719.3872903200713,-2.1621579111362648
FTdiesel,BG,BEC,wind,BG_H_BEC_C_wind_E,France,1,2024,594.8332784000002,1328.5953727251558,1923.428651125156,-2.218915374944274,26.000539162622182,0.0648251399519821,2.600493718221309,2.693878e-05,0.0,0.0,1952.0296840059993,-2.154063296212292
FTdiesel,BG,BEC,wind,BG_H_BEC_C_wind_E,Brazil,1,2024,541.8283328,1170.3431959338134,1712.1715287338134,-2.218915374944274,68.70691010575452,0.1690072872145006,2.341785342389707,6.3061235e-05,19.977224732517392,0.0687282003331398,1803.1974489144752,-1.9811168261616332
FTdiesel,BG,BEC,wind,BG_H_BEC_C_wind_E,United Kingdom,1,2024,627.2251896,1242.1996065757016,1869.4247961757017,-2.218915374944274,12.86735560697842,0.0327867523998833,2.890055888173955,0.000129183695,1.9497081405631156,0.0067076349928456,1887.1319158114172,-2.179291803856545
FTdiesel,BG,BEC,wind,BG_H_BEC_C_wind_E,Spain,1,2024,547.7177712,1218.53457099886,1766.25234219886,-2.218915374944274,21.30530921537091,0.0533711314049369,2.371891261926552,8.938776999999999e-05,5.112561911371392,0.0175888885450824,1795.042104587529,-2.1478659672242544
FTdiesel,BG,BEC,wind,BG_H_BEC_C_wind_E,Sweden,1,2024,647.838224,1417.482156656043,2065.3203806560427,-2.218915374944274,22.479466319457497,0.056235486432672,2.7492758002216604,2.204082e-05,1.7821060346122866,0.0061310288191515,2092.3312288103343,-2.1565268188724507
FTdiesel,BG,BEC,wind,BG_H_BEC_C_wind_E,Czech Republic,1,2024,535.9388944,1183.956848358082,1719.895742758082,-2.218915374944274,34.87658103327972,0.0864782348147717,2.379638617852863,0.00025346943,0.0,0.0,1757.1519624092145,-2.132183670699502
FTdiesel,BG,BEC,wind,BG_H_BEC_C_wind_E,Japan,1,2024,636.0593472,1314.5238519353982,1950.5831991353984,-2.218915374944274,9.189850389558206,0.0238154822671406,2.7830718849792215,0.0002951020899999,41.5157136886971,0.1428276612779785,2004.0718350986328,-2.0519771293091544
FTdiesel,BG,BEC,wind,BG_H_BEC_C_wind_E,Belgium,1,2024,603.667436,1314.655628275629,1918.323064275629,-2.218915374944274,6.865350398628882,0.0181448669697369,2.681468930026576,8.448981e-05,0.0,0.0,1927.8698836042843,-2.200686018164537
FTdiesel,BG,BEC,wind,BG_H_BEC_C_wind_E,Poland,1,2024,544.773052,1177.8686169078503,1722.6416689078503,-2.218915374944274,11.190987172400249,0.0286972533565199,2.5279607796581307,0.000376530675,3.1210422628166983,0.0107374082616145,1739.4816591227254,-2.1791041826511393
FTdiesel,BG,BEC,wind,BG_H_BEC_C_wind_E,India,1,2024,521.2152984,1100.5576301316223,1621.7729285316225,-2.218915374944274,41.14883202778633,0.1017793845576825,2.2544758515107515,0.0004334694599999,23.047722644092165,0.0792917194612848,1688.2239590550116,-2.0374108014653065
FTdiesel,BG,BEC,wind,BG_H_BEC_C_wind_E,Indonesia,1,2024,474.0997912,1169.5174018407367,1643.6171930407368,-2.218915374944274,14.61998306903098,0.0370622852610349,2.0234244152159944,0.00039551027,34.81377148720778,0.1197707836379461,1695.0743720121914,-2.0616867957752927
FTdiesel,BG,BEC,wind,BG_H_BEC_C_wind_E,South Korea,1,2024,553.6072096,1222.1207403018532,1775.7279499018532,-2.218915374944274,7.475045488669049,0.0196322175044002,2.3830175864633967,0.00025346943,40.096881524802384,0.1379464136319763,1825.6828945017883,-2.0610832743778973
FTdiesel,BG,BEC,wind,BG_H_BEC_C_wind_E,China,1,2024,538.8836136,1095.0668780663082,1633.9504916663082,-2.218915374944274,78.01603497926587,0.1917168876099259,2.3068344201212856,0.0003428572,38.60635207087997,0.1328185038105044,1752.8797131365752,-1.8940371263238434
FTdiesel,BG,BEC,wind,BG_H_BEC_C_wind_E,United Arab Emirates,1,2024,562.4413672000001,1073.4332422025198,1635.8746094025198,-2.218915374944274,10.874670054831256,0.0279255980789476,2.4162376882686636,0.000234489835,22.32807580562143,0.0768158984828572,1671.4935929512412,-2.113939388547469
FTdiesel,BG,BEC,wind,BG_H_BEC_C_wind_E,United States,1,2024,588.94384,1237.6054625465183,1826.5493025465184,-2.218915374944274,88.15780465008372,0.2164577241177772,2.549571468684465,0.00023510208,12.124526609989683,0.0417123451807336,1929.3812052752764,-1.9605102035657629
FTdiesel,BG,BEC,wind,BG_H_BEC_C_wind_E,Turkey,1,2024,538.8836136,1116.5673443713758,1655.4509579713758,-2.218915374944274,10.108447857063252,0.026056399828645,2.3417323851212855,0.00028775515,12.543720837841384,0.0431545107095316,1680.4448590514019,-2.1494167092560974
FTdiesel,BG,BEC,wind,BG_H_BEC_C_wind_E,Australia,1,2024,603.667436,1255.16333502657,1858.83077102657,-2.218915374944274,78.5068587948625,0.1929142517948745,2.664326070026576,0.00033795924,35.416668795279044,0.1218449479687896,1975.418624686738,-1.90381821594061
FTdiesel,BG,BEC,wind,BG_H_BEC_C_wind_E,Malaysia,1,2024,515.32586,1105.2780129669063,1620.6038729669062,-2.218915374944274,7.736093501205551,0.0202690438580345,2.230492381973906,0.0003697959799999,30.229379424780753,0.1039989724734412,1660.7998382748663,-2.0942775626327985
FTdiesel,BG,BEC,wind,BG_H_BEC_C_wind_E,Canada,1,2024,600.7227168,1180.775249018003,1781.497965818003,-2.218915374944274,111.49795689848374,0.2733960011235748,2.5742730977581543,0.0001071428749999,10.986441676095902,0.0377969600168744,1906.5566374903408,-1.9076152709288248
FTdiesel,BG,BEC,wind,BG_H_BEC_C_wind_E,Mexico,1,2024,518.2705791999999,1062.3095524511386,1580.5801316511386,-2.218915374944274,32.336047638495636,0.0802806062545461,2.2936065742423297,0.000321428625,18.507883738507395,0.0636731857579852,1633.717669602384,-2.0746401543067425
FTdiesel,BG,BEC,wind,BG_H_BEC_C_wind_E,Thailand,1,2024,524.1600176000001,1093.856317660808,1618.016335260808,-2.218915374944274,11.625348230281595,0.0297568767030589,2.267998198779174,0.00033918373,33.5607544318933,0.11545999430902,1665.470436121762,-2.073359320202195
FTdiesel,BG,BEC,wind,BG_H_BEC_C_wind_E,Russia,1,2024,556.5519288,1106.5884768436906,1663.1404056436909,-2.218915374944274,136.22976023609783,0.333729209506417,2.379397073731819,0.000274898005,4.498641714135814,0.0154768018629174,1806.2482046676562,-1.8694344655699393
FTdiesel,BG,BEC,wind,BG_H_BEC_C_wind_E,Saudi Arabia,1,2024,562.4413672000001,1069.9440612271906,1632.3854284271906,-2.218915374944274,28.498397559908987,0.0709186629004334,2.390523398268664,0.00033795924,14.05018096868029,0.0483372272806505,1677.3245303540484,-2.09932152552319
FTdiesel,LTE,BEC,wind,LTE_H_BEC_C_wind_E,South Africa,1,2024,634.02504275,1829.040865280284,2463.065908030284,-2.6389487911997755,24.44615260753832,0.0610332155761023,2.3548013591949744,0.0004340817049999,25.733697572901107,0.088532353506738,2515.6005595699185,-2.4889491404119353
FTdiesel,LTE,BEC,wind,LTE_H_BEC_C_wind_E,Taiwan,1,2024,623.853518,1055.5968891118912,1679.4504071118913,-2.6389487911997755,6.501058897936567,0.0172561782346967,2.3668873873897067,0.0003893878199999,36.79678971799583,0.1265930162580772,1725.1151431152134,-2.494710208887002
FTdiesel,LTE,BEC,wind,LTE_H_BEC_C_wind_E,Switzerland,1,2024,749.30232325,2137.1226418069273,2886.4249650569272,-2.6389487911997755,27.41176540843376,0.0682678249030787,2.8910917913213336,2.2653065e-05,0.0,0.0,2916.7278222566824,-2.570658313231697
FTdiesel,LTE,BEC,wind,LTE_H_BEC_C_wind_E,Singapore,1,2024,627.24402625,2993.847508282521,3621.091534532521,-2.6389487911997755,0.9735209932027128,0.0037717552956236,2.4514301546581305,0.000305510255,30.63239601191193,0.1053854816161674,3655.1488816922943,-2.5294860440329843
FTdiesel,LTE,BEC,wind,LTE_H_BEC_C_wind_E,Hungary,1,2024,610.2914850000001,1700.9202205401027,2311.2117055401027,-2.6389487911997755,51.39093714238112,0.1267649892757182,2.336063308316018,0.0001120408349999,0.0,0.0,2364.9387059908,-2.5120717610890573
FTdiesel,LTE,BEC,wind,LTE_H_BEC_C_wind_E,Philippines,1,2024,606.90097675,2074.4206982089668,2681.321674958967,-2.6389487911997755,10.06971863492859,0.0259619199317423,2.293153201047596,0.0003753061849999,35.39164686791369,0.1217588643380695,2729.0761936628564,-2.4908527007449637
FTdiesel,LTE,BEC,wind,LTE_H_BEC_C_wind_E,Netherlands,1,2024,695.0541912499999,1666.9354581621074,2361.989649412107,-2.6389487911997755,5.099956915719565,0.0138381914140532,2.663713825026576,0.000154897985,0.0,0.0,2369.7533201528536,-2.6249557018007224
FTdiesel,LTE,BEC,wind,LTE_H_BEC_C_wind_E,Norway,1,2024,769.64537275,1666.9607300608957,2436.6061028108957,-2.6389487911997755,21.492878472425655,0.0538287064114019,2.867531979931867,1.8979595e-05,2.1530564189422923,0.0074072197149964,2463.1195696821956,-2.577693885478377
FTdiesel,LTE,BEC,wind,LTE_H_BEC_C_wind_E,Oman,1,2024,647.5870757499999,1924.355291432969,2571.9423671829686,-2.6389487911997755,18.275013143264257,0.0459787273054728,2.471951983268664,0.000333673525,21.828982172169688,0.0750988528128933,2614.5183144816715,-2.5175375375564095
FTdiesel,LTE,BEC,wind,LTE_H_BEC_C_wind_E,Italy,1,2024,650.9775840000001,1931.1458016548763,2582.1233856548765,-2.6389487911997755,12.655781401551565,0.0322706173469638,2.6422090505370863,0.00017632656,8.220338878891056,0.0282806598433619,2605.641714985856,-2.57822118744945
FTdiesel,LTE,BEC,wind,LTE_H_BEC_C_wind_E,Austria,1,2024,705.2257159999999,1814.0511565363536,2519.276872536354,-2.6389487911997755,36.6020747526678,0.090687574939064,2.7373420968318425,6.3061235e-05,0.0,0.0,2558.6162893858536,-2.5481981550257116
FTdiesel,LTE,BEC,wind,LTE_H_BEC_C_wind_E,Finland,1,2024,732.349782,1719.2623102856796,2451.61209228568,-2.6389487911997755,18.609053110807498,0.0467936174570265,2.7347045299792216,4.408164e-05,4.192847591547009,0.0144247698615068,2477.1486975180137,-2.577686322241242
FTdiesel,LTE,BEC,wind,LTE_H_BEC_C_wind_E,Portugal,1,2024,617.0725015,1912.3990272300452,2529.471528730045,-2.6389487911997755,9.084205983650287,0.0235577628493887,2.330046772852863,6.857144e-05,4.143956778158924,0.0142565694401781,2545.0297382647072,-2.6010658874702086
FTdiesel,LTE,BEC,wind,LTE_H_BEC_C_wind_E,Germany,1,2024,698.4446995,2083.988322671056,2782.4330221710557,-2.6389487911997755,19.030138664003527,0.0478208552237663,2.708460667294999,0.00021061228,0.0,0.0,2804.1716215023544,-2.5909173236960092
FTdiesel,LTE,BEC,wind,LTE_H_BEC_C_wind_E,Greece,1,2024,623.853518,1747.4903211111737,2371.3438391111736,-2.6389487911997755,8.004327760205324,0.020923401052402,2.410356782389708,0.0001959184,10.358938767360106,0.0356381443556068,2392.1174624211285,-2.5821913273917665
FTdiesel,LTE,BEC,wind,LTE_H_BEC_C_wind_E,France,1,2024,684.8826665,1895.7406922130524,2580.6233587130523,-2.6389487911997755,26.000539162622182,0.0648251399519821,2.600493718221309,2.693878e-05,0.0,0.0,2609.224391593896,-2.5740967124677936
FTdiesel,LTE,BEC,wind,LTE_H_BEC_C_wind_E,Brazil,1,2024,623.853518,1005.9363421242962,1629.7898601242962,-2.6389487911997755,68.70691010575452,0.1690072872145006,2.341785342389707,6.3061235e-05,19.977224732517392,0.0687282003331398,1720.815780304958,-2.4011502424171347
FTdiesel,LTE,BEC,wind,LTE_H_BEC_C_wind_E,United Kingdom,1,2024,722.17825725,1317.0264562604816,2039.2047135104815,-2.6389487911997755,12.86735560697842,0.0327867523998833,2.890055888173955,0.000129183695,1.9497081405631156,0.0067076349928456,2056.911833146197,-2.5993252201120467
FTdiesel,LTE,BEC,wind,LTE_H_BEC_C_wind_E,Spain,1,2024,630.6345345,1432.964539116585,2063.599073616585,-2.6389487911997755,21.30530921537091,0.0533711314049369,2.371891261926552,8.938776999999999e-05,5.112561911371392,0.0175888885450824,2092.388836005254,-2.567899383479756
FTdiesel,LTE,BEC,wind,LTE_H_BEC_C_wind_E,Sweden,1,2024,745.9118150000002,1762.210739802735,2508.122554802735,-2.6389487911997755,22.479466319457497,0.056235486432672,2.7492758002216604,2.204082e-05,1.7821060346122866,0.0061310288191515,2535.1334029570266,-2.5765602351279524
FTdiesel,LTE,BEC,wind,LTE_H_BEC_C_wind_E,Czech Republic,1,2024,617.0725015,1975.157818728743,2592.230320228743,-2.6389487911997755,34.87658103327972,0.0864782348147717,2.379638617852863,0.00025346943,0.0,0.0,2629.4865398798756,-2.552217086955004
FTdiesel,LTE,BEC,wind,LTE_H_BEC_C_wind_E,Japan,1,2024,732.349782,4345.606809334371,5077.956591334371,-2.6389487911997755,9.189850389558206,0.0238154822671406,2.7830718849792215,0.0002951020899999,41.5157136886971,0.1428276612779785,5131.445227297606,-2.472010545564656
FTdiesel,LTE,BEC,wind,LTE_H_BEC_C_wind_E,Belgium,1,2024,695.0541912499999,1930.370072841791,2625.424264091791,-2.6389487911997755,6.865350398628882,0.0181448669697369,2.681468930026576,8.448981e-05,0.0,0.0,2634.9710834204466,-2.620719434420039
FTdiesel,LTE,BEC,wind,LTE_H_BEC_C_wind_E,Poland,1,2024,627.24402625,1825.603727262384,2452.8477535123843,-2.6389487911997755,11.190987172400249,0.0286972533565199,2.5279607796581307,0.000376530675,3.1210422628166983,0.0107374082616145,2469.6877437272597,-2.599137598906641
FTdiesel,LTE,BEC,wind,LTE_H_BEC_C_wind_E,India,1,2024,600.1199602500001,1693.3889080285187,2293.508868278519,-2.6389487911997755,41.14883202778633,0.1017793845576825,2.2544758515107515,0.0004334694599999,23.047722644092165,0.0792917194612848,2359.9598988019084,-2.4574442177208082
FTdiesel,LTE,BEC,wind,LTE_H_BEC_C_wind_E,Indonesia,1,2024,545.8718282499999,2896.72774308681,3442.5995713368097,-2.6389487911997755,14.61998306903098,0.0370622852610349,2.0234244152159944,0.00039551027,34.81377148720778,0.1197707836379461,3494.056750308265,-2.4817202120307944
FTdiesel,LTE,BEC,wind,LTE_H_BEC_C_wind_E,South Korea,1,2024,637.415551,2451.4972224306384,3088.9127734306385,-2.6389487911997755,7.475045488669049,0.0196322175044002,2.3830175864633967,0.00025346943,40.096881524802384,0.1379464136319763,3138.867718030573,-2.481116690633399
FTdiesel,LTE,BEC,wind,LTE_H_BEC_C_wind_E,China,1,2024,620.46300975,1038.3959195139155,1658.8589292639158,-2.6389487911997755,78.01603497926587,0.1917168876099259,2.3068344201212856,0.0003428572,38.60635207087997,0.1328185038105044,1777.7881507341829,-2.314070542579345
FTdiesel,LTE,BEC,wind,LTE_H_BEC_C_wind_E,United Arab Emirates,1,2024,647.5870757499999,1920.2717635149688,2567.8588392649685,-2.6389487911997755,10.874670054831256,0.0279255980789476,2.4162376882686636,0.000234489835,22.32807580562143,0.0768158984828572,2603.4778228136897,-2.533972804802971
FTdiesel,LTE,BEC,wind,LTE_H_BEC_C_wind_E,United States,1,2024,678.10165,1573.1628106672229,2251.264460667223,-2.6389487911997755,88.15780465008372,0.2164577241177772,2.549571468684465,0.00023510208,12.124526609989683,0.0417123451807336,2354.0963633959805,-2.380543619821265
FTdiesel,LTE,BEC,wind,LTE_H_BEC_C_wind_E,Turkey,1,2024,620.46300975,2720.5440175628264,3341.0070273128263,-2.6389487911997755,10.108447857063252,0.026056399828645,2.3417323851212855,0.00028775515,12.543720837841384,0.0431545107095316,3366.000928392852,-2.569450125511599
FTdiesel,LTE,BEC,wind,LTE_H_BEC_C_wind_E,Australia,1,2024,695.0541912499999,1702.4507094890253,2397.5049007390253,-2.6389487911997755,78.5068587948625,0.1929142517948745,2.664326070026576,0.00033795924,35.416668795279044,0.1218449479687896,2514.0927543991934,-2.323851632196112
FTdiesel,LTE,BEC,wind,LTE_H_BEC_C_wind_E,Malaysia,1,2024,593.3389437500001,2906.6854414821432,3500.0243852321432,-2.6389487911997755,7.736093501205551,0.0202690438580345,2.230492381973906,0.0003697959799999,30.229379424780753,0.1039989724734412,3540.2203505401035,-2.5143109788883002
FTdiesel,LTE,BEC,wind,LTE_H_BEC_C_wind_E,Canada,1,2024,691.663683,1480.5456587955198,2172.20934179552,-2.6389487911997755,111.49795689848374,0.2733960011235748,2.5742730977581543,0.0001071428749999,10.986441676095902,0.0377969600168744,2297.2680134678576,-2.3276486871843263
FTdiesel,LTE,BEC,wind,LTE_H_BEC_C_wind_E,Mexico,1,2024,596.7294519999999,1726.7413671271283,2323.4708191271284,-2.6389487911997755,32.336047638495636,0.0802806062545461,2.2936065742423297,0.000321428625,18.507883738507395,0.0636731857579852,2376.6083570783735,-2.4946735705622443
FTdiesel,LTE,BEC,wind,LTE_H_BEC_C_wind_E,Thailand,1,2024,603.5104685,2550.2203433879477,3153.730811887948,-2.6389487911997755,11.625348230281595,0.0297568767030589,2.267998198779174,0.00033918373,33.5607544318933,0.11545999430902,3201.184912748902,-2.4933927364576967
FTdiesel,LTE,BEC,wind,LTE_H_BEC_C_wind_E,Russia,1,2024,640.80605925,3641.946405928519,4282.752465178519,-2.6389487911997755,136.22976023609783,0.333729209506417,2.379397073731819,0.000274898005,4.498641714135814,0.0154768018629174,4425.860264202483,-2.2894678818254413
FTdiesel,LTE,BEC,wind,LTE_H_BEC_C_wind_E,Saudi Arabia,1,2024,647.5870757499999,1917.7379651597391,2565.325040909739,-2.6389487911997755,28.498397559908987,0.0709186629004334,2.390523398268664,0.00033795924,14.05018096868029,0.0483372272806505,2610.264142836597,-2.519354941778692
FTdiesel,SMR,BEC,wind,SMR_H_BEC_C_wind_E,South Africa,1,2024,415.5644569953527,595.2875778497587,1010.8520348451112,3.7106691761195902,24.44615260753832,0.0610332155761023,2.3548013591949744,0.0004340817049999,25.733697572901107,0.088532353506738,1063.3866863847454,3.8606688269074305
FTdiesel,SMR,BEC,wind,SMR_H_BEC_C_wind_E,Taiwan,1,2024,408.89764752483904,1306.1351916975686,1715.0328392224078,3.7106691761195902,6.501058897936567,0.0172561782346967,2.3668873873897067,0.0003893878199999,36.79678971799583,0.1265930162580772,1760.69757522573,3.854907758432364
FTdiesel,SMR,BEC,wind,SMR_H_BEC_C_wind_E,Switzerland,1,2024,491.12163099450777,5247.95544876758,5739.077079762087,3.7106691761195902,27.41176540843376,0.0682678249030787,2.8910917913213336,2.2653065e-05,0.0,0.0,5769.379936961843,3.778959654087669
FTdiesel,SMR,BEC,wind,SMR_H_BEC_C_wind_E,Singapore,1,2024,411.1199173483436,5603.088713891112,6014.208631239456,3.7106691761195902,0.9735209932027128,0.0037717552956236,2.4514301546581305,0.000305510255,30.63239601191193,0.1053854816161674,6048.265978399228,3.8201319232863815
FTdiesel,SMR,BEC,wind,SMR_H_BEC_C_wind_E,Hungary,1,2024,400.0085682308208,2100.850414545366,2500.858982776187,3.7106691761195902,51.39093714238112,0.1267649892757182,2.336063308316018,0.0001120408349999,0.0,0.0,2554.5859832268843,3.8375462062303085
FTdiesel,SMR,BEC,wind,SMR_H_BEC_C_wind_E,Philippines,1,2024,397.7862984073162,1275.7539088543665,1673.5402072616828,3.7106691761195902,10.06971863492859,0.0259619199317423,2.293153201047596,0.0003753061849999,35.39164686791369,0.1217588643380695,1721.2947259655728,3.858765266574402
FTdiesel,SMR,BEC,wind,SMR_H_BEC_C_wind_E,Netherlands,1,2024,455.56531381843473,3605.6879196452624,4061.253233463697,3.7106691761195902,5.099956915719565,0.0138381914140532,2.663713825026576,0.000154897985,0.0,0.0,4069.0169042044436,3.7246622655186434
FTdiesel,SMR,BEC,wind,SMR_H_BEC_C_wind_E,Norway,1,2024,504.4552499355352,2730.855059836823,3235.310309772358,3.7106691761195902,21.492878472425655,0.0538287064114019,2.867531979931867,1.8979595e-05,2.1530564189422923,0.0074072197149964,3261.8237766436578,3.771924081840989
FTdiesel,SMR,BEC,wind,SMR_H_BEC_C_wind_E,Oman,1,2024,424.453536289371,362.658023240333,787.111559529704,3.7106691761195902,18.275013143264257,0.0459787273054728,2.471951983268664,0.000333673525,21.828982172169688,0.0750988528128933,829.6875068284066,3.8320804297629563
FTdiesel,SMR,BEC,wind,SMR_H_BEC_C_wind_E,Italy,1,2024,426.6758061128755,3998.710945926925,4425.3867520398,3.7106691761195902,12.655781401551565,0.0322706173469638,2.6422090505370863,0.00017632656,8.220338878891056,0.0282806598433619,4448.90508137078,3.771396779869916
FTdiesel,SMR,BEC,wind,SMR_H_BEC_C_wind_E,Austria,1,2024,462.23212328894846,3414.1643501742924,3876.396473463241,3.7106691761195902,36.6020747526678,0.090687574939064,2.7373420968318425,6.3061235e-05,0.0,0.0,3915.7358903127406,3.801419812293654
FTdiesel,SMR,BEC,wind,SMR_H_BEC_C_wind_E,Finland,1,2024,480.01028187698495,3622.7531314497464,4102.763413326731,3.7106691761195902,18.609053110807498,0.0467936174570265,2.7347045299792216,4.408164e-05,4.192847591547009,0.0144247698615068,4128.300018559065,3.7719316450781237
FTdiesel,SMR,BEC,wind,SMR_H_BEC_C_wind_E,Portugal,1,2024,404.4531078778299,3111.711911804553,3516.165019682383,3.7106691761195902,9.084205983650287,0.0235577628493887,2.330046772852863,6.857144e-05,4.143956778158924,0.0142565694401781,3531.723229217045,3.748552079849157
FTdiesel,SMR,BEC,wind,SMR_H_BEC_C_wind_E,Germany,1,2024,457.78758364193936,3207.7672151190854,3665.554798761025,3.7106691761195902,19.030138664003527,0.0478208552237663,2.708460667294999,0.00021061228,0.0,0.0,3687.2933980923235,3.7587006436233565
FTdiesel,SMR,BEC,wind,SMR_H_BEC_C_wind_E,Greece,1,2024,408.89764752483904,1774.7681167801304,2183.6657643049693,3.7106691761195902,8.004327760205324,0.020923401052402,2.410356782389708,0.0001959184,10.358938767360106,0.0356381443556068,2204.4393876149243,3.7674266399275993
FTdiesel,SMR,BEC,wind,SMR_H_BEC_C_wind_E,France,1,2024,448.8985043479211,3527.3895325264193,3976.288036874341,3.7106691761195902,26.000539162622182,0.0648251399519821,2.600493718221309,2.693878e-05,0.0,0.0,4004.8890697551847,3.775521254851572
FTdiesel,SMR,BEC,wind,SMR_H_BEC_C_wind_E,Brazil,1,2024,408.89764752483904,3366.3752021202095,3775.2728496450486,3.7106691761195902,68.70691010575452,0.1690072872145006,2.341785342389707,6.3061235e-05,19.977224732517392,0.0687282003331398,3866.29876982571,3.948467724902231
FTdiesel,SMR,BEC,wind,SMR_H_BEC_C_wind_E,United Kingdom,1,2024,473.3434724064713,2629.0468984424924,3102.390370848964,3.7106691761195902,12.86735560697842,0.0327867523998833,2.890055888173955,0.000129183695,1.9497081405631156,0.0067076349928456,3120.0974904846794,3.750292747207319
FTdiesel,SMR,BEC,wind,SMR_H_BEC_C_wind_E,Spain,1,2024,413.3421871718482,2612.6121004487095,3025.954287620558,3.7106691761195902,21.30530921537091,0.0533711314049369,2.371891261926552,8.938776999999999e-05,5.112561911371392,0.0175888885450824,3054.7440500092266,3.7817185838396097
FTdiesel,SMR,BEC,wind,SMR_H_BEC_C_wind_E,Sweden,1,2024,488.8993611710032,5255.811483889062,5744.710845060065,3.7106691761195902,22.479466319457497,0.056235486432672,2.7492758002216604,2.204082e-05,1.7821060346122866,0.0061310288191515,5771.7216932143565,3.7730577321914134
FTdiesel,SMR,BEC,wind,SMR_H_BEC_C_wind_E,Czech Republic,1,2024,404.4531078778299,2631.902608930148,3036.355716807978,3.7106691761195902,34.87658103327972,0.0864782348147717,2.379638617852863,0.00025346943,0.0,0.0,3073.6119364591104,3.797400880364362
FTdiesel,SMR,BEC,wind,SMR_H_BEC_C_wind_E,Japan,1,2024,480.01028187698495,2813.519661752225,3293.5299436292103,3.7106691761195902,9.189850389558206,0.0238154822671406,2.7830718849792215,0.0002951020899999,41.5157136886971,0.1428276612779785,3347.0185795924444,3.8776074217547096
FTdiesel,SMR,BEC,wind,SMR_H_BEC_C_wind_E,Belgium,1,2024,455.56531381843473,2162.5909215470933,2618.156235365528,3.7106691761195902,6.865350398628882,0.0181448669697369,2.681468930026576,8.448981e-05,0.0,0.0,2627.7030546941837,3.728898532899327
FTdiesel,SMR,BEC,wind,SMR_H_BEC_C_wind_E,Poland,1,2024,411.1199173483436,2900.065082737293,3311.1850000856366,3.7106691761195902,11.190987172400249,0.0286972533565199,2.5279607796581307,0.000376530675,3.1210422628166983,0.0107374082616145,3328.024990300512,3.750480368412725
FTdiesel,SMR,BEC,wind,SMR_H_BEC_C_wind_E,India,1,2024,393.3417587603071,1935.9666814450345,2329.3084402053414,3.7106691761195902,41.14883202778633,0.1017793845576825,2.2544758515107515,0.0004334694599999,23.047722644092165,0.0792917194612848,2395.759470728731,3.8921737495985576
FTdiesel,SMR,BEC,wind,SMR_H_BEC_C_wind_E,Indonesia,1,2024,357.78544158423415,3002.8386496569874,3360.6240912412213,3.7106691761195902,14.61998306903098,0.0370622852610349,2.0234244152159944,0.00039551027,34.81377148720778,0.1197707836379461,3412.0812702126764,3.8678977552885714
FTdiesel,SMR,BEC,wind,SMR_H_BEC_C_wind_E,South Korea,1,2024,417.7867268188573,2237.7964223336635,2655.583149152521,3.7106691761195902,7.475045488669049,0.0196322175044002,2.3830175864633967,0.00025346943,40.096881524802384,0.1379464136319763,2705.5380937524556,3.8685012766859668
FTdiesel,SMR,BEC,wind,SMR_H_BEC_C_wind_E,China,1,2024,406.67537770133447,1921.6372674105844,2328.3126451119188,3.7106691761195902,78.01603497926587,0.1917168876099259,2.3068344201212856,0.0003428572,38.60635207087997,0.1328185038105044,2447.241866582186,4.035547424740021
FTdiesel,SMR,BEC,wind,SMR_H_BEC_C_wind_E,United Arab Emirates,1,2024,424.453536289371,357.99003421121637,782.4435705005874,3.7106691761195902,10.874670054831256,0.0279255980789476,2.4162376882686636,0.000234489835,22.32807580562143,0.0768158984828572,818.0625540493088,3.815645162516395
FTdiesel,SMR,BEC,wind,SMR_H_BEC_C_wind_E,United States,1,2024,444.453964700912,1377.112223431268,1821.56618813218,3.7106691761195902,88.15780465008372,0.2164577241177772,2.549571468684465,0.00023510208,12.124526609989683,0.0417123451807336,1924.398090860938,3.9690743474981014
FTdiesel,SMR,BEC,wind,SMR_H_BEC_C_wind_E,Turkey,1,2024,406.67537770133447,1187.927708347406,1594.6030860487404,3.7106691761195902,10.108447857063252,0.026056399828645,2.3417323851212855,0.00028775515,12.543720837841384,0.0431545107095316,1619.5969871287664,3.7801678418077667
FTdiesel,SMR,BEC,wind,SMR_H_BEC_C_wind_E,Australia,1,2024,455.56531381843473,1725.8729997967948,2181.4383136152296,3.7106691761195902,78.5068587948625,0.1929142517948745,2.664326070026576,0.00033795924,35.416668795279044,0.1218449479687896,2298.0261672753977,4.025766335123254
FTdiesel,SMR,BEC,wind,SMR_H_BEC_C_wind_E,Malaysia,1,2024,388.897219113298,1123.0941015596943,1511.9913206729923,3.7106691761195902,7.736093501205551,0.0202690438580345,2.230492381973906,0.0003697959799999,30.229379424780753,0.1039989724734412,1552.1872859809523,3.8353069884310655
FTdiesel,SMR,BEC,wind,SMR_H_BEC_C_wind_E,Canada,1,2024,453.3430439949302,919.8576360626504,1373.2006800575807,3.7106691761195902,111.49795689848374,0.2733960011235748,2.5742730977581543,0.0001071428749999,10.986441676095902,0.0377969600168744,1498.2593517299185,4.021969280135039
FTdiesel,SMR,BEC,wind,SMR_H_BEC_C_wind_E,Mexico,1,2024,391.11948893680255,727.4008493162258,1118.5203382530285,3.7106691761195902,32.336047638495636,0.0802806062545461,2.2936065742423297,0.000321428625,18.507883738507395,0.0636731857579852,1171.6578762042739,3.8549443967571215
FTdiesel,SMR,BEC,wind,SMR_H_BEC_C_wind_E,Thailand,1,2024,395.5640285838117,1194.6691392140988,1590.2331677979105,3.7106691761195902,11.625348230281595,0.0297568767030589,2.267998198779174,0.00033918373,33.5607544318933,0.11545999430902,1637.6872686588645,3.856225230861669
FTdiesel,SMR,BEC,wind,SMR_H_BEC_C_wind_E,Russia,1,2024,420.00899664236186,563.7902639162202,983.799260558582,3.7106691761195902,136.22976023609783,0.333729209506417,2.379397073731819,0.000274898005,4.498641714135814,0.0154768018629174,1126.9070595825474,4.060150085493924
FTdiesel,SMR,BEC,wind,SMR_H_BEC_C_wind_E,Saudi Arabia,1,2024,424.453536289371,356.09732446221585,780.5508607515869,3.7106691761195902,28.498397559908987,0.0709186629004334,2.390523398268664,0.00033795924,14.05018096868029,0.0483372272806505,825.4899626784448,3.830263025540674
FTdiesel,SMRCCS,BEC,wind,SMRCCS_H_BEC_C_wind_E,South Africa,1,2024,589.1331816957545,762.3851277756814,1351.518309471436,-1.7705279268876966,24.44615260753832,0.0610332155761023,2.3548013591949744,0.0004340817049999,25.733697572901107,0.088532353506738,1404.0529610110702,-1.6205282760998565
FTdiesel,SMRCCS,BEC,wind,SMRCCS_H_BEC_C_wind_E,Taiwan,1,2024,579.6818472300471,1655.987237390123,2235.66908462017,-1.7705279268876966,6.501058897936567,0.0172561782346967,2.3668873873897067,0.0003893878199999,36.79678971799583,0.1265930162580772,2281.3338206234926,-1.6262893445749227
FTdiesel,SMRCCS,BEC,wind,SMRCCS_H_BEC_C_wind_E,Switzerland,1,2024,696.2483056404371,6714.64097088445,7410.889276524888,-1.7705279268876966,27.41176540843376,0.0682678249030787,2.8910917913213336,2.2653065e-05,0.0,0.0,7441.192133724644,-1.702237448919618
FTdiesel,SMRCCS,BEC,wind,SMRCCS_H_BEC_C_wind_E,Singapore,1,2024,582.8322920519496,7211.84864645108,7794.680938503029,-1.7705279268876966,0.9735209932027128,0.0037717552956236,2.4514301546581305,0.000305510255,30.63239601191193,0.1053854816161674,7828.738285662801,-1.6610651797209055
FTdiesel,SMRCCS,BEC,wind,SMRCCS_H_BEC_C_wind_E,Hungary,1,2024,567.0800679424375,2693.111368360218,3260.1914363026553,-1.7705279268876966,51.39093714238112,0.1267649892757182,2.336063308316018,0.0001120408349999,0.0,0.0,3313.9184367533526,-1.6436508967769785
FTdiesel,SMRCCS,BEC,wind,SMRCCS_H_BEC_C_wind_E,Philippines,1,2024,563.9296231205351,1644.3236897644692,2208.253312885005,-1.7705279268876966,10.06971863492859,0.0259619199317423,2.293153201047596,0.0003753061849999,35.39164686791369,0.1217588643380695,2256.0078315888945,-1.622431836432885
FTdiesel,SMRCCS,BEC,wind,SMRCCS_H_BEC_C_wind_E,Netherlands,1,2024,645.8411884899982,4610.5174442956495,5256.358632785647,-1.7705279268876966,5.099956915719565,0.0138381914140532,2.663713825026576,0.000154897985,0.0,0.0,5264.122303526393,-1.7565348374886434
FTdiesel,SMRCCS,BEC,wind,SMRCCS_H_BEC_C_wind_E,Norway,1,2024,715.1509745718516,3476.4737647826396,4191.624739354491,-1.7705279268876966,21.492878472425655,0.0538287064114019,2.867531979931867,1.8979595e-05,2.1530564189422923,0.0074072197149964,4218.138206225791,-1.7092730211662983
FTdiesel,SMRCCS,BEC,wind,SMRCCS_H_BEC_C_wind_E,Oman,1,2024,601.7349609833642,464.2108903971819,1065.9458513805462,-1.7705279268876966,18.275013143264257,0.0459787273054728,2.471951983268664,0.000333673525,21.828982172169688,0.0750988528128933,1108.5217986792486,-1.6491166732443305
FTdiesel,SMRCCS,BEC,wind,SMRCCS_H_BEC_C_wind_E,Italy,1,2024,604.8854058052666,5121.946295568083,5726.8317013733495,-1.7705279268876966,12.655781401551565,0.0322706173469638,2.6422090505370863,0.00017632656,8.220338878891056,0.0282806598433619,5750.35003070433,-1.7098003231373708
FTdiesel,SMRCCS,BEC,wind,SMRCCS_H_BEC_C_wind_E,Austria,1,2024,655.2925229557055,4363.636092350495,5018.928615306201,-1.7705279268876966,36.6020747526678,0.090687574939064,2.7373420968318425,6.3061235e-05,0.0,0.0,5058.268032155701,-1.6797772907136324
FTdiesel,SMRCCS,BEC,wind,SMRCCS_H_BEC_C_wind_E,Finland,1,2024,680.496081530925,4631.190452583766,5311.686534114691,-1.7705279268876966,18.609053110807498,0.0467936174570265,2.7347045299792216,4.408164e-05,4.192847591547009,0.0144247698615068,5337.223139347026,-1.7092654579291633
FTdiesel,SMRCCS,BEC,wind,SMRCCS_H_BEC_C_wind_E,Portugal,1,2024,573.3809575862423,3996.5612812495256,4569.942238835768,-1.7705279268876966,9.084205983650287,0.0235577628493887,2.330046772852863,6.857144e-05,4.143956778158924,0.0142565694401781,4585.500448370431,-1.7326450231581298
FTdiesel,SMRCCS,BEC,wind,SMRCCS_H_BEC_C_wind_E,Germany,1,2024,648.9916333119006,4102.312147611756,4751.303780923657,-1.7705279268876966,19.030138664003527,0.0478208552237663,2.708460667294999,0.00021061228,0.0,0.0,4773.042380254956,-1.7224964593839303
FTdiesel,SMRCCS,BEC,wind,SMRCCS_H_BEC_C_wind_E,Greece,1,2024,579.6818472300471,2269.836911974027,2849.518759204074,-1.7705279268876966,8.004327760205324,0.020923401052402,2.410356782389708,0.0001959184,10.358938767360106,0.0356381443556068,2870.2923825140288,-1.7137704630796877
FTdiesel,SMRCCS,BEC,wind,SMRCCS_H_BEC_C_wind_E,France,1,2024,636.3898540242909,4512.235032537388,5148.624886561679,-1.7705279268876966,26.000539162622182,0.0648251399519821,2.600493718221309,2.693878e-05,0.0,0.0,5177.225919442522,-1.7056758481557144
FTdiesel,SMRCCS,BEC,wind,SMRCCS_H_BEC_C_wind_E,Brazil,1,2024,579.6818472300471,4306.035699001428,4885.717546231475,-1.7705279268876966,68.70691010575452,0.1690072872145006,2.341785342389707,6.3061235e-05,19.977224732517392,0.0687282003331398,4976.7434664121365,-1.5327293781050562
FTdiesel,SMRCCS,BEC,wind,SMRCCS_H_BEC_C_wind_E,United Kingdom,1,2024,671.0447470652176,3351.748870417231,4022.793617482449,-1.7705279268876966,12.86735560697842,0.0327867523998833,2.890055888173955,0.000129183695,1.9497081405631156,0.0067076349928456,4040.5007371181646,-1.7309043557999677
FTdiesel,SMRCCS,BEC,wind,SMRCCS_H_BEC_C_wind_E,Spain,1,2024,585.9827368738521,3335.967015342581,3921.949752216433,-1.7705279268876966,21.30530921537091,0.0533711314049369,2.371891261926552,8.938776999999999e-05,5.112561911371392,0.0175888885450824,3950.7395146051017,-1.6994785191676773
FTdiesel,SMRCCS,BEC,wind,SMRCCS_H_BEC_C_wind_E,Sweden,1,2024,693.0978608185347,6730.08658589123,7423.184446709765,-1.7705279268876966,22.479466319457497,0.056235486432672,2.7492758002216604,2.204082e-05,1.7821060346122866,0.0061310288191515,7450.195294864056,-1.7081393708158732
FTdiesel,SMRCCS,BEC,wind,SMRCCS_H_BEC_C_wind_E,Czech Republic,1,2024,573.3809575862423,3382.070537569507,3955.4514951557494,-1.7705279268876966,34.87658103327972,0.0864782348147717,2.379638617852863,0.00025346943,0.0,0.0,3992.707714806882,-1.6837962226429248
FTdiesel,SMRCCS,BEC,wind,SMRCCS_H_BEC_C_wind_E,Japan,1,2024,680.496081530925,3653.58037248912,4334.076454020045,-1.7705279268876966,9.189850389558206,0.0238154822671406,2.7830718849792215,0.0002951020899999,41.5157136886971,0.1428276612779785,4387.56508998328,-1.6035896812525776
FTdiesel,SMRCCS,BEC,wind,SMRCCS_H_BEC_C_wind_E,Belgium,1,2024,645.8411884899982,2751.534880886427,3397.376069376425,-1.7705279268876966,6.865350398628882,0.0181448669697369,2.681468930026576,8.448981e-05,0.0,0.0,3406.922888705081,-1.7522985701079596
FTdiesel,SMRCCS,BEC,wind,SMRCCS_H_BEC_C_wind_E,Poland,1,2024,582.8322920519496,3724.1892416144265,4307.021533666376,-1.7705279268876966,11.190987172400249,0.0286972533565199,2.5279607796581307,0.000376530675,3.1210422628166983,0.0107374082616145,4323.861523881251,-1.730716734594562
FTdiesel,SMRCCS,BEC,wind,SMRCCS_H_BEC_C_wind_E,India,1,2024,557.6287334767302,2485.0599181521115,3042.688651628842,-1.7705279268876966,41.14883202778633,0.1017793845576825,2.2544758515107515,0.0004334694599999,23.047722644092165,0.0792917194612848,3109.139682152231,-1.5890233534087295
FTdiesel,SMRCCS,BEC,wind,SMRCCS_H_BEC_C_wind_E,Indonesia,1,2024,507.22161632629127,3883.119878713729,4390.34149504002,-1.7705279268876966,14.61998306903098,0.0370622852610349,2.0234244152159944,0.00039551027,34.81377148720778,0.1197707836379461,4441.798674011476,-1.6132993477187156
FTdiesel,SMRCCS,BEC,wind,SMRCCS_H_BEC_C_wind_E,South Korea,1,2024,592.2836265176569,2874.671820702273,3466.95544721993,-1.7705279268876966,7.475045488669049,0.0196322175044002,2.3830175864633967,0.00025346943,40.096881524802384,0.1379464136319763,3516.910391819865,-1.61269582632132
FTdiesel,SMRCCS,BEC,wind,SMRCCS_H_BEC_C_wind_E,China,1,2024,576.5314024081447,2451.1343224120446,3027.665724820189,-1.7705279268876966,78.01603497926587,0.1917168876099259,2.3068344201212856,0.0003428572,38.60635207087997,0.1328185038105044,3146.5949462904564,-1.4456496782672665
FTdiesel,SMRCCS,BEC,wind,SMRCCS_H_BEC_C_wind_E,United Arab Emirates,1,2024,601.7349609833642,457.759730566126,1059.4946915494902,-1.7705279268876966,10.874670054831256,0.0279255980789476,2.4162376882686636,0.000234489835,22.32807580562143,0.0768158984828572,1095.1136750982116,-1.6655519404908916
FTdiesel,SMRCCS,BEC,wind,SMRCCS_H_BEC_C_wind_E,United States,1,2024,630.0889643804861,1739.290726058851,2369.379690439337,-1.7705279268876966,88.15780465008372,0.2164577241177772,2.549571468684465,0.00023510208,12.124526609989683,0.0417123451807336,2472.2115931680946,-1.5121227555091858
FTdiesel,SMRCCS,BEC,wind,SMRCCS_H_BEC_C_wind_E,Turkey,1,2024,576.5314024081447,1542.2742550168753,2118.80565742502,-1.7705279268876966,10.108447857063252,0.026056399828645,2.3417323851212855,0.00028775515,12.543720837841384,0.0431545107095316,2143.7995585050458,-1.70102926119952
FTdiesel,SMRCCS,BEC,wind,SMRCCS_H_BEC_C_wind_E,Australia,1,2024,645.8411884899982,2191.8009164871437,2837.642104977142,-1.7705279268876966,78.5068587948625,0.1929142517948745,2.664326070026576,0.00033795924,35.416668795279044,0.1218449479687896,2954.22995863731,-1.4554307678840326
FTdiesel,SMRCCS,BEC,wind,SMRCCS_H_BEC_C_wind_E,Malaysia,1,2024,551.3278438329253,1464.4327413619967,2015.760585194922,-1.7705279268876966,7.736093501205551,0.0202690438580345,2.230492381973906,0.0003697959799999,30.229379424780753,0.1039989724734412,2055.9565505028822,-1.645890114576221
FTdiesel,SMRCCS,BEC,wind,SMRCCS_H_BEC_C_wind_E,Canada,1,2024,642.6907436680957,1155.7319403422937,1798.4226840103893,-1.7705279268876966,111.49795689848374,0.2733960011235748,2.5742730977581543,0.0001071428749999,10.986441676095902,0.0377969600168744,1923.481355682727,-1.4592278228722475
FTdiesel,SMRCCS,BEC,wind,SMRCCS_H_BEC_C_wind_E,Mexico,1,2024,554.4782886548277,930.3852828249408,1484.8635714797686,-1.7705279268876966,32.336047638495636,0.0802806062545461,2.2936065742423297,0.000321428625,18.507883738507395,0.0636731857579852,1538.001109431014,-1.6262527062501655
FTdiesel,SMRCCS,BEC,wind,SMRCCS_H_BEC_C_wind_E,Thailand,1,2024,560.7791782986327,1550.2395472465707,2111.0187255452033,-1.7705279268876966,11.625348230281595,0.0297568767030589,2.267998198779174,0.00033918373,33.5607544318933,0.11545999430902,2158.4728264061573,-1.6249718721456177
FTdiesel,SMRCCS,BEC,wind,SMRCCS_H_BEC_C_wind_E,Russia,1,2024,595.4340713395594,761.0160186482254,1356.4500899877848,-1.7705279268876966,136.22976023609783,0.333729209506417,2.379397073731819,0.000274898005,4.498641714135814,0.0154768018629174,1499.5578890117501,-1.421047017513362
FTdiesel,SMRCCS,BEC,wind,SMRCCS_H_BEC_C_wind_E,Saudi Arabia,1,2024,601.7349609833642,455.8670102203597,1057.601971203724,-1.7705279268876966,28.498397559908987,0.0709186629004334,2.390523398268664,0.00033795924,14.05018096868029,0.0483372272806505,1102.5410731305817,-1.6509340774666126
FTdiesel,BG,BG,wind,BG_H_C_wind_E,South Africa,1,2024,550.6624904,936.2957585026612,1486.9582489026611,-2.1013316531226542,24.44615260753832,0.0610332155761023,2.3548013591949744,0.0004340817049999,25.733697572901107,0.088532353506738,1539.4929004422954,-1.951332002334814
FTdiesel,BG,BG,wind,BG_H_C_wind_E,Taiwan,1,2024,541.8283328,957.1076055239072,1498.9359383239073,-2.1013316531226542,6.501058897936567,0.0172561782346967,2.3668873873897067,0.0003893878199999,36.79678971799583,0.1265930162580772,1544.6006743272294,-1.9570930708098806
FTdiesel,BG,BG,wind,BG_H_C_wind_E,Switzerland,1,2024,650.7829432000001,1366.7892688261395,2017.57221202614,-2.1013316531226542,27.41176540843376,0.0682678249030787,2.8910917913213336,2.2653065e-05,0.0,0.0,2047.875069225895,-2.0330411751545756
FTdiesel,BG,BG,wind,BG_H_C_wind_E,Singapore,1,2024,544.773052,1255.5874110479076,1800.3604630479076,-2.1013316531226542,0.9735209932027128,0.0037717552956236,2.4514301546581305,0.000305510255,30.63239601191193,0.1053854816161674,1834.4178102076803,-1.991868905955863
FTdiesel,BG,BG,wind,BG_H_C_wind_E,Hungary,1,2024,530.049456,1003.0963977279488,1533.1458537279486,-2.1013316531226542,51.39093714238112,0.1267649892757182,2.336063308316018,0.0001120408349999,0.0,0.0,1586.8728541786456,-1.9744546230119362
FTdiesel,BG,BG,wind,BG_H_C_wind_E,Philippines,1,2024,527.1047368000001,950.714186974866,1477.818923774866,-2.1013316531226542,10.06971863492859,0.0259619199317423,2.293153201047596,0.0003753061849999,35.39164686791369,0.1217588643380695,1525.573442478756,-1.9532355626678422
FTdiesel,BG,BG,wind,BG_H_C_wind_E,Netherlands,1,2024,603.667436,1178.597079640996,1782.264515640996,-2.1013316531226542,5.099956915719565,0.0138381914140532,2.663713825026576,0.000154897985,0.0,0.0,1790.0281863817422,-2.087338563723601
FTdiesel,BG,BG,wind,BG_H_C_wind_E,Norway,1,2024,668.4512583999999,1206.2746588849416,1874.7259172849415,-2.1013316531226542,21.492878472425655,0.0538287064114019,2.867531979931867,1.8979595e-05,2.1530564189422923,0.0074072197149964,1901.2393841562412,-2.0400767474012556
FTdiesel,BG,BG,wind,BG_H_C_wind_E,Oman,1,2024,562.4413672000001,939.2705422025196,1501.7119094025195,-2.1013316531226542,18.275013143264257,0.0459787273054728,2.471951983268664,0.000333673525,21.828982172169688,0.0750988528128933,1544.287856701222,-1.9799203994792882
FTdiesel,BG,BG,wind,BG_H_C_wind_E,Italy,1,2024,565.3860864,1186.7072523946074,1752.0933387946077,-2.1013316531226542,12.655781401551565,0.0322706173469638,2.6422090505370863,0.00017632656,8.220338878891056,0.0282806598433619,1775.6116681255874,-2.0406040493723285
FTdiesel,BG,BG,wind,BG_H_C_wind_E,Austria,1,2024,612.5015936,1194.0966756281205,1806.5982692281204,-2.1013316531226542,36.6020747526678,0.090687574939064,2.7373420968318425,6.3061235e-05,0.0,0.0,1845.93768607762,-2.0105810169485903
FTdiesel,BG,BG,wind,BG_H_C_wind_E,Finland,1,2024,636.0593472,1200.9400659524542,1836.9994131524545,-2.1013316531226542,18.609053110807498,0.0467936174570265,2.7347045299792216,4.408164e-05,4.192847591547009,0.0144247698615068,1862.5360183847881,-2.0400691841641208
FTdiesel,BG,BG,wind,BG_H_C_wind_E,Portugal,1,2024,535.9388944,1062.6721553204056,1598.6110497204056,-2.1013316531226542,9.084205983650287,0.0235577628493887,2.330046772852863,6.857144e-05,4.143956778158924,0.0142565694401781,1614.1692592550678,-2.0634487493930873
FTdiesel,BG,BG,wind,BG_H_C_wind_E,Germany,1,2024,606.6121552,1211.1837681585384,1817.7959233585384,-2.1013316531226542,19.030138664003527,0.0478208552237663,2.708460667294999,0.00021061228,0.0,0.0,1839.5345226898369,-2.053300185618888
FTdiesel,BG,BG,wind,BG_H_C_wind_E,Greece,1,2024,541.8283328,1020.7853342101164,1562.6136670101164,-2.1013316531226542,8.004327760205324,0.020923401052402,2.410356782389708,0.0001959184,10.358938767360106,0.0356381443556068,1583.3872903200715,-2.044574189314645
FTdiesel,BG,BG,wind,BG_H_C_wind_E,France,1,2024,594.8332784000002,1192.5953727251558,1787.428651125156,-2.1013316531226542,26.000539162622182,0.0648251399519821,2.600493718221309,2.693878e-05,0.0,0.0,1816.0296840059993,-2.0364795743906723
FTdiesel,BG,BG,wind,BG_H_C_wind_E,Brazil,1,2024,541.8283328,1034.3431959338134,1576.1715287338134,-2.1013316531226542,68.70691010575452,0.1690072872145006,2.341785342389707,6.3061235e-05,19.977224732517392,0.0687282003331398,1667.1974489144752,-1.8635331043400138
FTdiesel,BG,BG,wind,BG_H_C_wind_E,United Kingdom,1,2024,627.2251896,1106.1996065757016,1733.4247961757017,-2.1013316531226542,12.86735560697842,0.0327867523998833,2.890055888173955,0.000129183695,1.9497081405631156,0.0067076349928456,1751.1319158114172,-2.0617080820349254
FTdiesel,BG,BG,wind,BG_H_C_wind_E,Spain,1,2024,547.7177712,1082.53457099886,1630.25234219886,-2.1013316531226542,21.30530921537091,0.0533711314049369,2.371891261926552,8.938776999999999e-05,5.112561911371392,0.0175888885450824,1659.042104587529,-2.030282245402635
FTdiesel,BG,BG,wind,BG_H_C_wind_E,Sweden,1,2024,647.838224,1281.482156656043,1929.3203806560427,-2.1013316531226542,22.479466319457497,0.056235486432672,2.7492758002216604,2.204082e-05,1.7821060346122866,0.0061310288191515,1956.3312288103343,-2.038943097050831
FTdiesel,BG,BG,wind,BG_H_C_wind_E,Czech Republic,1,2024,535.9388944,1047.9568483580822,1583.8957427580822,-2.1013316531226542,34.87658103327972,0.0864782348147717,2.379638617852863,0.00025346943,0.0,0.0,1621.1519624092148,-2.0145999488778825
FTdiesel,BG,BG,wind,BG_H_C_wind_E,Japan,1,2024,636.0593472,1178.523851935398,1814.583199135398,-2.1013316531226542,9.189850389558206,0.0238154822671406,2.7830718849792215,0.0002951020899999,41.5157136886971,0.1428276612779785,1868.0718350986324,-1.934393407487535
FTdiesel,BG,BG,wind,BG_H_C_wind_E,Belgium,1,2024,603.667436,1178.655628275629,1782.323064275629,-2.1013316531226542,6.865350398628882,0.0181448669697369,2.681468930026576,8.448981e-05,0.0,0.0,1791.8698836042843,-2.0831022963429175
FTdiesel,BG,BG,wind,BG_H_C_wind_E,Poland,1,2024,544.773052,1041.8686169078503,1586.6416689078503,-2.1013316531226542,11.190987172400249,0.0286972533565199,2.5279607796581307,0.000376530675,3.1210422628166983,0.0107374082616145,1603.4816591227254,-2.0615204608295197
FTdiesel,BG,BG,wind,BG_H_C_wind_E,India,1,2024,521.2152984,964.557630131622,1485.772928531622,-2.1013316531226542,41.14883202778633,0.1017793845576825,2.2544758515107515,0.0004334694599999,23.047722644092165,0.0792917194612848,1552.2239590550112,-1.9198270796436872
FTdiesel,BG,BG,wind,BG_H_C_wind_E,Indonesia,1,2024,474.0997912,1033.5174018407367,1507.6171930407368,-2.1013316531226542,14.61998306903098,0.0370622852610349,2.0234244152159944,0.00039551027,34.81377148720778,0.1197707836379461,1559.0743720121914,-1.944103073953673
FTdiesel,BG,BG,wind,BG_H_C_wind_E,South Korea,1,2024,553.6072096,1086.1207403018534,1639.7279499018534,-2.1013316531226542,7.475045488669049,0.0196322175044002,2.3830175864633967,0.00025346943,40.096881524802384,0.1379464136319763,1689.6828945017885,-1.9434995525562775
FTdiesel,BG,BG,wind,BG_H_C_wind_E,China,1,2024,538.8836136,959.066878066308,1497.950491666308,-2.1013316531226542,78.01603497926587,0.1917168876099259,2.3068344201212856,0.0003428572,38.60635207087997,0.1328185038105044,1616.879713136575,-1.776453404502224
FTdiesel,BG,BG,wind,BG_H_C_wind_E,United Arab Emirates,1,2024,562.4413672000001,937.4332422025196,1499.8746094025196,-2.1013316531226542,10.874670054831256,0.0279255980789476,2.4162376882686636,0.000234489835,22.32807580562143,0.0768158984828572,1535.493592951241,-1.9963556667258495
FTdiesel,BG,BG,wind,BG_H_C_wind_E,United States,1,2024,588.94384,1101.6054625465183,1690.5493025465184,-2.1013316531226542,88.15780465008372,0.2164577241177772,2.549571468684465,0.00023510208,12.124526609989683,0.0417123451807336,1793.3812052752764,-1.8429264817441435
FTdiesel,BG,BG,wind,BG_H_C_wind_E,Turkey,1,2024,538.8836136,980.567344371376,1519.4509579713758,-2.1013316531226542,10.108447857063252,0.026056399828645,2.3417323851212855,0.00028775515,12.543720837841384,0.0431545107095316,1544.4448590514019,-2.031832987434478
FTdiesel,BG,BG,wind,BG_H_C_wind_E,Australia,1,2024,603.667436,1119.1633350265697,1722.8307710265697,-2.1013316531226542,78.5068587948625,0.1929142517948745,2.664326070026576,0.00033795924,35.416668795279044,0.1218449479687896,1839.4186246867378,-1.7862344941189903
FTdiesel,BG,BG,wind,BG_H_C_wind_E,Malaysia,1,2024,515.32586,969.278012966906,1484.6038729669062,-2.1013316531226542,7.736093501205551,0.0202690438580345,2.230492381973906,0.0003697959799999,30.229379424780753,0.1039989724734412,1524.7998382748663,-1.976693840811179
FTdiesel,BG,BG,wind,BG_H_C_wind_E,Canada,1,2024,600.7227168,1044.775249018003,1645.497965818003,-2.1013316531226542,111.49795689848374,0.2733960011235748,2.5742730977581543,0.0001071428749999,10.986441676095902,0.0377969600168744,1770.5566374903408,-1.7900315491072052
FTdiesel,BG,BG,wind,BG_H_C_wind_E,Mexico,1,2024,518.2705791999999,926.3095524511384,1444.5801316511383,-2.1013316531226542,32.336047638495636,0.0802806062545461,2.2936065742423297,0.000321428625,18.507883738507395,0.0636731857579852,1497.7176696023837,-1.957056432485123
FTdiesel,BG,BG,wind,BG_H_C_wind_E,Thailand,1,2024,524.1600176000001,957.856317660808,1482.016335260808,-2.1013316531226542,11.625348230281595,0.0297568767030589,2.267998198779174,0.00033918373,33.5607544318933,0.11545999430902,1529.470436121762,-1.9557755983805754
FTdiesel,BG,BG,wind,BG_H_C_wind_E,Russia,1,2024,556.5519288,970.5884768436908,1527.1404056436909,-2.1013316531226542,136.22976023609783,0.333729209506417,2.379397073731819,0.000274898005,4.498641714135814,0.0154768018629174,1670.2482046676562,-1.7518507437483197
FTdiesel,BG,BG,wind,BG_H_C_wind_E,Saudi Arabia,1,2024,562.4413672000001,933.9440612271908,1496.385428427191,-2.1013316531226542,28.498397559908987,0.0709186629004334,2.390523398268664,0.00033795924,14.05018096868029,0.0483372272806505,1541.3245303540489,-1.9817378037015703
FTdiesel,ATRCCS,DAC,wind,ATRCCS_H_DAC_C_wind_E,South Africa,1,2024,534.5250098309498,1923.689570909029,2458.214580739979,-1.9414400800130895,24.44615260753832,0.0610332155761023,2.3548013591949744,0.0004340817049999,25.733697572901107,0.088532353506738,2510.7492322796134,-1.7914404292252495
FTdiesel,ATRCCS,DAC,wind,ATRCCS_H_DAC_C_wind_E,Taiwan,1,2024,525.9497422935549,2681.9453481288265,3207.895090422381,-1.9414400800130895,6.501058897936567,0.0172561782346967,2.3668873873897067,0.0003893878199999,36.79678971799583,0.1265930162580772,3253.5598264257037,-1.7972014977003157
FTdiesel,ATRCCS,DAC,wind,ATRCCS_H_DAC_C_wind_E,Switzerland,1,2024,631.7113752547588,7020.982534002076,7652.693909256835,-1.9414400800130895,27.41176540843376,0.0682678249030787,2.8910917913213336,2.2653065e-05,0.0,0.0,7682.99676645659,-1.8731496020450107
FTdiesel,ATRCCS,DAC,wind,ATRCCS_H_DAC_C_wind_E,Singapore,1,2024,528.8081648060198,7472.158538927671,8000.96670373369,-1.9414400800130895,0.9735209932027128,0.0037717552956236,2.4514301546581305,0.000305510255,30.63239601191193,0.1053854816161674,8035.024050893462,-1.8319773328462985
FTdiesel,ATRCCS,DAC,wind,ATRCCS_H_DAC_C_wind_E,Hungary,1,2024,514.5160522436948,3577.4649952811505,4091.9810475248455,-1.9414400800130895,51.39093714238112,0.1267649892757182,2.336063308316018,0.0001120408349999,0.0,0.0,4145.708047975542,-1.8145630499023715
FTdiesel,ATRCCS,DAC,wind,ATRCCS_H_DAC_C_wind_E,Philippines,1,2024,511.65762973123,2691.7081401888,3203.36576992003,-1.9414400800130895,10.06971863492859,0.0259619199317423,2.293153201047596,0.0003753061849999,35.39164686791369,0.1217588643380695,3251.1202886239194,-1.793343989558278
FTdiesel,ATRCCS,DAC,wind,ATRCCS_H_DAC_C_wind_E,Netherlands,1,2024,585.9766150553191,5209.290328681268,5795.266943736588,-1.9414400800130895,5.099956915719565,0.0138381914140532,2.663713825026576,0.000154897985,0.0,0.0,5803.030614477333,-1.9274469906140363
FTdiesel,ATRCCS,DAC,wind,ATRCCS_H_DAC_C_wind_E,Norway,1,2024,648.8619103295486,4235.413266570665,4884.275176900213,-1.9414400800130895,21.492878472425655,0.0538287064114019,2.867531979931867,1.8979595e-05,2.1530564189422923,0.0074072197149964,4910.788643771513,-1.8801851742916913
FTdiesel,ATRCCS,DAC,wind,ATRCCS_H_DAC_C_wind_E,Oman,1,2024,545.9586998808096,1668.0838355607727,2214.0425354415825,-1.9414400800130895,18.275013143264257,0.0459787273054728,2.471951983268664,0.000333673525,21.828982172169688,0.0750988528128933,2256.6184827402853,-1.8200288263697235
FTdiesel,ATRCCS,DAC,wind,ATRCCS_H_DAC_C_wind_E,Italy,1,2024,548.8171223932745,5662.317113628072,6211.134236021346,-1.9414400800130895,12.655781401551565,0.0322706173469638,2.6422090505370863,0.00017632656,8.220338878891056,0.0282806598433619,6234.652565352326,-1.8807124762627638
FTdiesel,ATRCCS,DAC,wind,ATRCCS_H_DAC_C_wind_E,Austria,1,2024,594.551882592714,5005.154751383941,5599.706633976655,-1.9414400800130895,36.6020747526678,0.090687574939064,2.7373420968318425,6.3061235e-05,0.0,0.0,5639.046050826155,-1.8506894438390253
FTdiesel,ATRCCS,DAC,wind,ATRCCS_H_DAC_C_wind_E,Finland,1,2024,617.419262692434,5224.789348294845,5842.208610987279,-1.9414400800130895,18.609053110807498,0.0467936174570265,2.7347045299792216,4.408164e-05,4.192847591547009,0.0144247698615068,5867.745216219613,-1.8801776110545563
FTdiesel,ATRCCS,DAC,wind,ATRCCS_H_DAC_C_wind_E,Portugal,1,2024,520.2328972686249,4690.4475024118365,5210.680399680461,-1.9414400800130895,9.084205983650287,0.0235577628493887,2.330046772852863,6.857144e-05,4.143956778158924,0.0142565694401781,5226.238609215124,-1.9035571762835228
FTdiesel,ATRCCS,DAC,wind,ATRCCS_H_DAC_C_wind_E,Germany,1,2024,588.8350375677842,4778.489150074563,5367.324187642347,-1.9414400800130895,19.030138664003527,0.0478208552237663,2.708460667294999,0.00021061228,0.0,0.0,5389.062786973646,-1.8934086125093232
FTdiesel,ATRCCS,DAC,wind,ATRCCS_H_DAC_C_wind_E,Greece,1,2024,525.9497422935549,3217.2634878418007,3743.213230135356,-1.9414400800130895,8.004327760205324,0.020923401052402,2.410356782389708,0.0001959184,10.358938767360106,0.0356381443556068,3763.9868534453108,-1.8846826162050807
FTdiesel,ATRCCS,DAC,wind,ATRCCS_H_DAC_C_wind_E,France,1,2024,577.4013475179243,5133.3512621366135,5710.752609654538,-1.9414400800130895,26.000539162622182,0.0648251399519821,2.600493718221309,2.693878e-05,0.0,0.0,5739.353642535381,-1.8765880012811074
FTdiesel,ATRCCS,DAC,wind,ATRCCS_H_DAC_C_wind_E,Brazil,1,2024,525.9497422935549,4942.362203565542,5468.311945859096,-1.9414400800130895,68.70691010575452,0.1690072872145006,2.341785342389707,6.3061235e-05,19.977224732517392,0.0687282003331398,5559.3378660397575,-1.7036415312304491
FTdiesel,ATRCCS,DAC,wind,ATRCCS_H_DAC_C_wind_E,United Kingdom,1,2024,608.8439951550389,4122.520753370944,4731.364748525983,-1.9414400800130895,12.86735560697842,0.0327867523998833,2.890055888173955,0.000129183695,1.9497081405631156,0.0067076349928456,4749.071868161698,-1.9018165089253607
FTdiesel,ATRCCS,DAC,wind,ATRCCS_H_DAC_C_wind_E,Spain,1,2024,531.6665873184847,4113.809990450004,4645.476577768489,-1.9414400800130895,21.30530921537091,0.0533711314049369,2.371891261926552,8.938776999999999e-05,5.112561911371392,0.0175888885450824,4674.266340157158,-1.8703906722930703
FTdiesel,ATRCCS,DAC,wind,ATRCCS_H_DAC_C_wind_E,Sweden,1,2024,628.8529527422938,7021.429536599707,7650.282489342,-1.9414400800130895,22.479466319457497,0.056235486432672,2.7492758002216604,2.204082e-05,1.7821060346122866,0.0061310288191515,7677.293337496291,-1.8790515239412662
FTdiesel,ATRCCS,DAC,wind,ATRCCS_H_DAC_C_wind_E,Czech Republic,1,2024,520.2328972686249,4155.6894130355995,4675.922310304224,-1.9414400800130895,34.87658103327972,0.0864782348147717,2.379638617852863,0.00025346943,0.0,0.0,4713.178529955357,-1.8547083757683178
FTdiesel,ATRCCS,DAC,wind,ATRCCS_H_DAC_C_wind_E,Japan,1,2024,617.419262692434,4465.193336329958,5082.612599022392,-1.9414400800130895,9.189850389558206,0.0238154822671406,2.7830718849792215,0.0002951020899999,41.5157136886971,0.1428276612779785,5136.101234985626,-1.7745018343779706
FTdiesel,ATRCCS,DAC,wind,ATRCCS_H_DAC_C_wind_E,Belgium,1,2024,585.9766150553191,3626.136723492769,4212.113338548088,-1.9414400800130895,6.865350398628882,0.0181448669697369,2.681468930026576,8.448981e-05,0.0,0.0,4221.660157876743,-1.9232107232333526
FTdiesel,ATRCCS,DAC,wind,ATRCCS_H_DAC_C_wind_E,Poland,1,2024,528.8081648060198,4456.353735814566,4985.161900620586,-1.9414400800130895,11.190987172400249,0.0286972533565199,2.5279607796581307,0.000376530675,3.1210422628166983,0.0107374082616145,5002.0018908354605,-1.901628887719955
FTdiesel,ATRCCS,DAC,wind,ATRCCS_H_DAC_C_wind_E,India,1,2024,505.9407847063,3405.6789420598193,3911.619726766119,-1.9414400800130895,41.14883202778633,0.1017793845576825,2.2544758515107515,0.0004334694599999,23.047722644092165,0.0792917194612848,3978.0707572895085,-1.7599355065341225
FTdiesel,ATRCCS,DAC,wind,ATRCCS_H_DAC_C_wind_E,Indonesia,1,2024,460.2060245068605,4628.162477585847,5088.368502092708,-1.9414400800130895,14.61998306903098,0.0370622852610349,2.0234244152159944,0.00039551027,34.81377148720778,0.1197707836379461,5139.825681064163,-1.7842115008441086
FTdiesel,ATRCCS,DAC,wind,ATRCCS_H_DAC_C_wind_E,South Korea,1,2024,537.3834323434147,3757.300992047809,4294.684424391224,-1.9414400800130895,7.475045488669049,0.0196322175044002,2.3830175864633967,0.00025346943,40.096881524802384,0.1379464136319763,4344.639368991158,-1.783607979446713
FTdiesel,ATRCCS,DAC,wind,ATRCCS_H_DAC_C_wind_E,China,1,2024,523.0913197810899,3360.104696488654,3883.196016269744,-1.9414400800130895,78.01603497926587,0.1917168876099259,2.3068344201212856,0.0003428572,38.60635207087997,0.1328185038105044,4002.1252377400115,-1.6165618313926593
FTdiesel,ATRCCS,DAC,wind,ATRCCS_H_DAC_C_wind_E,United Arab Emirates,1,2024,545.9586998808096,1666.2920258564252,2212.250725737235,-1.9414400800130895,10.874670054831256,0.0279255980789476,2.4162376882686636,0.000234489835,22.32807580562143,0.0768158984828572,2247.869709285956,-1.8364640936162846
FTdiesel,ATRCCS,DAC,wind,ATRCCS_H_DAC_C_wind_E,United States,1,2024,571.6845024929944,2754.087914202179,3325.7724166951734,-1.9414400800130895,88.15780465008372,0.2164577241177772,2.549571468684465,0.00023510208,12.124526609989683,0.0417123451807336,3428.604319423931,-1.6830349086345788
FTdiesel,ATRCCS,DAC,wind,ATRCCS_H_DAC_C_wind_E,Turkey,1,2024,523.0913197810899,2620.912845283515,3144.0041650646044,-1.9414400800130895,10.108447857063252,0.026056399828645,2.3417323851212855,0.00028775515,12.543720837841384,0.0431545107095316,3168.9980661446302,-1.871941414324913
FTdiesel,ATRCCS,DAC,wind,ATRCCS_H_DAC_C_wind_E,Australia,1,2024,585.9766150553191,3137.613593171837,3723.590208227156,-1.9414400800130895,78.5068587948625,0.1929142517948745,2.664326070026576,0.00033795924,35.416668795279044,0.1218449479687896,3840.178061887324,-1.6263429210094256
FTdiesel,ATRCCS,DAC,wind,ATRCCS_H_DAC_C_wind_E,Malaysia,1,2024,500.2239396813701,2560.8333397072115,3061.0572793885817,-1.9414400800130895,7.736093501205551,0.0202690438580345,2.230492381973906,0.0003697959799999,30.229379424780753,0.1039989724734412,3101.253244696542,-1.816802267701614
FTdiesel,ATRCCS,DAC,wind,ATRCCS_H_DAC_C_wind_E,Canada,1,2024,583.1181925428542,2251.1994956964163,2834.3176882392704,-1.9414400800130895,111.49795689848374,0.2733960011235748,2.5742730977581543,0.0001071428749999,10.986441676095902,0.0377969600168744,2959.3763599116082,-1.6301399759976405
FTdiesel,ATRCCS,DAC,wind,ATRCCS_H_DAC_C_wind_E,Mexico,1,2024,503.0823621938351,2073.5344201242374,2576.6167823180726,-1.9414400800130895,32.336047638495636,0.0802806062545461,2.2936065742423297,0.000321428625,18.507883738507395,0.0636731857579852,2629.7543202693178,-1.7971648593755583
FTdiesel,ATRCCS,DAC,wind,ATRCCS_H_DAC_C_wind_E,Thailand,1,2024,508.79920721876505,2623.6309470758833,3132.430154294648,-1.9414400800130895,11.625348230281595,0.0297568767030589,2.267998198779174,0.00033918373,33.5607544318933,0.11545999430902,3179.884255155602,-1.7958840252710107
FTdiesel,ATRCCS,DAC,wind,ATRCCS_H_DAC_C_wind_E,Russia,1,2024,540.2418548558798,1973.6397055768557,2513.881560432735,-1.9414400800130895,136.22976023609783,0.333729209506417,2.379397073731819,0.000274898005,4.498641714135814,0.0154768018629174,2656.9893594567006,-1.591959170638755
FTdiesel,ATRCCS,DAC,wind,ATRCCS_H_DAC_C_wind_E,Saudi Arabia,1,2024,545.9586998808096,1664.399305510659,2210.3580053914684,-1.9414400800130895,28.498397559908987,0.0709186629004334,2.390523398268664,0.00033795924,14.05018096868029,0.0483372272806505,2255.297107318326,-1.8218462305920056
FTdiesel,BG,DAC,wind,BG_H_DAC_C_wind_E,South Africa,1,2024,550.6624904,2296.295758502661,2846.958248902661,-2.0256980825264064,24.44615260753832,0.0610332155761023,2.3548013591949744,0.0004340817049999,25.733697572901107,0.088532353506738,2899.4929004422956,-1.8756984317385663
FTdiesel,BG,DAC,wind,BG_H_DAC_C_wind_E,Taiwan,1,2024,541.8283328,2317.1076055239073,2858.935938323907,-2.0256980825264064,6.501058897936567,0.0172561782346967,2.3668873873897067,0.0003893878199999,36.79678971799583,0.1265930162580772,2904.6006743272296,-1.8814595002136327
FTdiesel,BG,DAC,wind,BG_H_DAC_C_wind_E,Switzerland,1,2024,650.7829432000001,2726.78926882614,3377.57221202614,-2.0256980825264064,27.41176540843376,0.0682678249030787,2.8910917913213336,2.2653065e-05,0.0,0.0,3407.875069225895,-1.9574076045583275
FTdiesel,BG,DAC,wind,BG_H_DAC_C_wind_E,Singapore,1,2024,544.773052,2615.5874110479076,3160.3604630479076,-2.0256980825264064,0.9735209932027128,0.0037717552956236,2.4514301546581305,0.000305510255,30.63239601191193,0.1053854816161674,3194.4178102076808,-1.916235335359615
FTdiesel,BG,DAC,wind,BG_H_DAC_C_wind_E,Hungary,1,2024,530.049456,2363.096397727949,2893.1458537279486,-2.0256980825264064,51.39093714238112,0.1267649892757182,2.336063308316018,0.0001120408349999,0.0,0.0,2946.872854178646,-1.8988210524156883
FTdiesel,BG,DAC,wind,BG_H_DAC_C_wind_E,Philippines,1,2024,527.1047368000001,2310.714186974866,2837.818923774866,-2.0256980825264064,10.06971863492859,0.0259619199317423,2.293153201047596,0.0003753061849999,35.39164686791369,0.1217588643380695,2885.5734424787556,-1.8776019920715947
FTdiesel,BG,DAC,wind,BG_H_DAC_C_wind_E,Netherlands,1,2024,603.667436,2538.5970796409956,3142.2645156409953,-2.0256980825264064,5.099956915719565,0.0138381914140532,2.663713825026576,0.000154897985,0.0,0.0,3150.0281863817418,-2.011704993127353
FTdiesel,BG,DAC,wind,BG_H_DAC_C_wind_E,Norway,1,2024,668.4512583999999,2566.274658884942,3234.7259172849417,-2.0256980825264064,21.492878472425655,0.0538287064114019,2.867531979931867,1.8979595e-05,2.1530564189422923,0.0074072197149964,3261.2393841562416,-1.9644431768050081
FTdiesel,BG,DAC,wind,BG_H_DAC_C_wind_E,Oman,1,2024,562.4413672000001,2299.2705422025197,2861.7119094025197,-2.0256980825264064,18.275013143264257,0.0459787273054728,2.471951983268664,0.000333673525,21.828982172169688,0.0750988528128933,2904.2878567012226,-1.9042868288830404
FTdiesel,BG,DAC,wind,BG_H_DAC_C_wind_E,Italy,1,2024,565.3860864,2546.7072523946076,3112.0933387946075,-2.0256980825264064,12.655781401551565,0.0322706173469638,2.6422090505370863,0.00017632656,8.220338878891056,0.0282806598433619,3135.611668125587,-1.9649704787760807
FTdiesel,BG,DAC,wind,BG_H_DAC_C_wind_E,Austria,1,2024,612.5015936,2554.09667562812,3166.59826922812,-2.0256980825264064,36.6020747526678,0.090687574939064,2.7373420968318425,6.3061235e-05,0.0,0.0,3205.9376860776197,-1.9349474463523422
FTdiesel,BG,DAC,wind,BG_H_DAC_C_wind_E,Finland,1,2024,636.0593472,2560.9400659524545,3196.9994131524545,-2.0256980825264064,18.609053110807498,0.0467936174570265,2.7347045299792216,4.408164e-05,4.192847591547009,0.0144247698615068,3222.5360183847883,-1.964435613567873
FTdiesel,BG,DAC,wind,BG_H_DAC_C_wind_E,Portugal,1,2024,535.9388944,2422.672155320406,2958.6110497204063,-2.0256980825264064,9.084205983650287,0.0235577628493887,2.330046772852863,6.857144e-05,4.143956778158924,0.0142565694401781,2974.1692592550685,-1.9878151787968394
FTdiesel,BG,DAC,wind,BG_H_DAC_C_wind_E,Germany,1,2024,606.6121552,2571.1837681585384,3177.7959233585384,-2.0256980825264064,19.030138664003527,0.0478208552237663,2.708460667294999,0.00021061228,0.0,0.0,3199.534522689837,-1.97766661502264
FTdiesel,BG,DAC,wind,BG_H_DAC_C_wind_E,Greece,1,2024,541.8283328,2380.7853342101166,2922.613667010117,-2.0256980825264064,8.004327760205324,0.020923401052402,2.410356782389708,0.0001959184,10.358938767360106,0.0356381443556068,2943.3872903200718,-1.968940618718397
FTdiesel,BG,DAC,wind,BG_H_DAC_C_wind_E,France,1,2024,594.8332784000002,2552.595372725156,3147.4286511251557,-2.0256980825264064,26.000539162622182,0.0648251399519821,2.600493718221309,2.693878e-05,0.0,0.0,3176.0296840059996,-1.9608460037944242
FTdiesel,BG,DAC,wind,BG_H_DAC_C_wind_E,Brazil,1,2024,541.8283328,2394.343195933813,2936.171528733813,-2.0256980825264064,68.70691010575452,0.1690072872145006,2.341785342389707,6.3061235e-05,19.977224732517392,0.0687282003331398,3027.1974489144745,-1.787899533743766
FTdiesel,BG,DAC,wind,BG_H_DAC_C_wind_E,United Kingdom,1,2024,627.2251896,2466.199606575702,3093.424796175702,-2.0256980825264064,12.86735560697842,0.0327867523998833,2.890055888173955,0.000129183695,1.9497081405631156,0.0067076349928456,3111.1319158114175,-1.9860745114386775
FTdiesel,BG,DAC,wind,BG_H_DAC_C_wind_E,Spain,1,2024,547.7177712,2442.53457099886,2990.25234219886,-2.0256980825264064,21.30530921537091,0.0533711314049369,2.371891261926552,8.938776999999999e-05,5.112561911371392,0.0175888885450824,3019.0421045875287,-1.9546486748063872
FTdiesel,BG,DAC,wind,BG_H_DAC_C_wind_E,Sweden,1,2024,647.838224,2641.4821566560427,3289.3203806560427,-2.0256980825264064,22.479466319457497,0.056235486432672,2.7492758002216604,2.204082e-05,1.7821060346122866,0.0061310288191515,3316.3312288103343,-1.963309526454583
FTdiesel,BG,DAC,wind,BG_H_DAC_C_wind_E,Czech Republic,1,2024,535.9388944,2407.956848358082,2943.8957427580817,-2.0256980825264064,34.87658103327972,0.0864782348147717,2.379638617852863,0.00025346943,0.0,0.0,2981.1519624092143,-1.9389663782816347
FTdiesel,BG,DAC,wind,BG_H_DAC_C_wind_E,Japan,1,2024,636.0593472,2538.523851935398,3174.583199135398,-2.0256980825264064,9.189850389558206,0.0238154822671406,2.7830718849792215,0.0002951020899999,41.5157136886971,0.1428276612779785,3228.071835098632,-1.8587598368912872
FTdiesel,BG,DAC,wind,BG_H_DAC_C_wind_E,Belgium,1,2024,603.667436,2538.6556282756287,3142.323064275629,-2.0256980825264064,6.865350398628882,0.0181448669697369,2.681468930026576,8.448981e-05,0.0,0.0,3151.8698836042845,-2.0074687257466697
FTdiesel,BG,DAC,wind,BG_H_DAC_C_wind_E,Poland,1,2024,544.773052,2401.8686169078505,2946.6416689078505,-2.0256980825264064,11.190987172400249,0.0286972533565199,2.5279607796581307,0.000376530675,3.1210422628166983,0.0107374082616145,2963.481659122726,-1.9858868902332718
FTdiesel,BG,DAC,wind,BG_H_DAC_C_wind_E,India,1,2024,521.2152984,2324.557630131622,2845.772928531622,-2.0256980825264064,41.14883202778633,0.1017793845576825,2.2544758515107515,0.0004334694599999,23.047722644092165,0.0792917194612848,2912.223959055011,-1.8441935090474393
FTdiesel,BG,DAC,wind,BG_H_DAC_C_wind_E,Indonesia,1,2024,474.0997912,2393.517401840737,2867.617193040737,-2.0256980825264064,14.61998306903098,0.0370622852610349,2.0234244152159944,0.00039551027,34.81377148720778,0.1197707836379461,2919.0743720121923,-1.8684695033574255
FTdiesel,BG,DAC,wind,BG_H_DAC_C_wind_E,South Korea,1,2024,553.6072096,2446.1207403018534,2999.727949901853,-2.0256980825264064,7.475045488669049,0.0196322175044002,2.3830175864633967,0.00025346943,40.096881524802384,0.1379464136319763,3049.682894501788,-1.8678659819600296
FTdiesel,BG,DAC,wind,BG_H_DAC_C_wind_E,China,1,2024,538.8836136,2319.0668780663077,2857.9504916663077,-2.0256980825264064,78.01603497926587,0.1917168876099259,2.3068344201212856,0.0003428572,38.60635207087997,0.1328185038105044,2976.879713136575,-1.7008198339059761
FTdiesel,BG,DAC,wind,BG_H_DAC_C_wind_E,United Arab Emirates,1,2024,562.4413672000001,2297.4332422025195,2859.8746094025196,-2.0256980825264064,10.874670054831256,0.0279255980789476,2.4162376882686636,0.000234489835,22.32807580562143,0.0768158984828572,2895.4935929512408,-1.9207220961296014
FTdiesel,BG,DAC,wind,BG_H_DAC_C_wind_E,United States,1,2024,588.94384,2461.605462546518,3050.549302546518,-2.0256980825264064,88.15780465008372,0.2164577241177772,2.549571468684465,0.00023510208,12.124526609989683,0.0417123451807336,3153.3812052752755,-1.7672929111478957
FTdiesel,BG,DAC,wind,BG_H_DAC_C_wind_E,Turkey,1,2024,538.8836136,2340.567344371376,2879.450957971376,-2.0256980825264064,10.108447857063252,0.026056399828645,2.3417323851212855,0.00028775515,12.543720837841384,0.0431545107095316,2904.4448590514016,-1.9561994168382297
FTdiesel,BG,DAC,wind,BG_H_DAC_C_wind_E,Australia,1,2024,603.667436,2479.1633350265693,3082.830771026569,-2.0256980825264064,78.5068587948625,0.1929142517948745,2.664326070026576,0.00033795924,35.416668795279044,0.1218449479687896,3199.418624686737,-1.7106009235227424
FTdiesel,BG,DAC,wind,BG_H_DAC_C_wind_E,Malaysia,1,2024,515.32586,2329.2780129669063,2844.6038729669062,-2.0256980825264064,7.736093501205551,0.0202690438580345,2.230492381973906,0.0003697959799999,30.229379424780753,0.1039989724734412,2884.7998382748665,-1.901060270214931
FTdiesel,BG,DAC,wind,BG_H_DAC_C_wind_E,Canada,1,2024,600.7227168,2404.775249018003,3005.4979658180027,-2.0256980825264064,111.49795689848374,0.2733960011235748,2.5742730977581543,0.0001071428749999,10.986441676095902,0.0377969600168744,3130.5566374903406,-1.7143979785109573
FTdiesel,BG,DAC,wind,BG_H_DAC_C_wind_E,Mexico,1,2024,518.2705791999999,2286.309552451138,2804.580131651138,-2.0256980825264064,32.336047638495636,0.0802806062545461,2.2936065742423297,0.000321428625,18.507883738507395,0.0636731857579852,2857.717669602383,-1.881422861888875
FTdiesel,BG,DAC,wind,BG_H_DAC_C_wind_E,Thailand,1,2024,524.1600176000001,2317.856317660808,2842.0163352608083,-2.0256980825264064,11.625348230281595,0.0297568767030589,2.267998198779174,0.00033918373,33.5607544318933,0.11545999430902,2889.4704361217623,-1.8801420277843275
FTdiesel,BG,DAC,wind,BG_H_DAC_C_wind_E,Russia,1,2024,556.5519288,2330.5884768436913,2887.1404056436913,-2.0256980825264064,136.22976023609783,0.333729209506417,2.379397073731819,0.000274898005,4.498641714135814,0.0154768018629174,3030.248204667657,-1.6762171731520719
FTdiesel,BG,DAC,wind,BG_H_DAC_C_wind_E,Saudi Arabia,1,2024,562.4413672000001,2293.944061227191,2856.385428427191,-2.0256980825264064,28.498397559908987,0.0709186629004334,2.390523398268664,0.00033795924,14.05018096868029,0.0483372272806505,2901.324530354049,-1.9061042331053224
FTdiesel,LTE,DAC,wind,LTE_H_DAC_C_wind_E,South Africa,1,2024,634.02504275,3053.040865280284,3687.065908030284,-2.445731498781908,24.44615260753832,0.0610332155761023,2.3548013591949744,0.0004340817049999,25.733697572901107,0.088532353506738,3739.6005595699185,-2.295731847994068
FTdiesel,LTE,DAC,wind,LTE_H_DAC_C_wind_E,Taiwan,1,2024,623.853518,2279.5968891118914,2903.4504071118913,-2.445731498781908,6.501058897936567,0.0172561782346967,2.3668873873897067,0.0003893878199999,36.79678971799583,0.1265930162580772,2949.115143115214,-2.3014929164691345
FTdiesel,LTE,DAC,wind,LTE_H_DAC_C_wind_E,Switzerland,1,2024,749.30232325,3361.1226418069273,4110.424965056927,-2.445731498781908,27.41176540843376,0.0682678249030787,2.8910917913213336,2.2653065e-05,0.0,0.0,4140.727822256683,-2.3774410208138295
FTdiesel,LTE,DAC,wind,LTE_H_DAC_C_wind_E,Singapore,1,2024,627.24402625,4217.847508282521,4845.091534532521,-2.445731498781908,0.9735209932027128,0.0037717552956236,2.4514301546581305,0.000305510255,30.63239601191193,0.1053854816161674,4879.148881692293,-2.336268751615117
FTdiesel,LTE,DAC,wind,LTE_H_DAC_C_wind_E,Hungary,1,2024,610.2914850000001,2924.920220540103,3535.211705540103,-2.445731498781908,51.39093714238112,0.1267649892757182,2.336063308316018,0.0001120408349999,0.0,0.0,3588.9387059908004,-2.31885446867119
FTdiesel,LTE,DAC,wind,LTE_H_DAC_C_wind_E,Philippines,1,2024,606.90097675,3298.4206982089668,3905.321674958967,-2.445731498781908,10.06971863492859,0.0259619199317423,2.293153201047596,0.0003753061849999,35.39164686791369,0.1217588643380695,3953.0761936628564,-2.2976354083270962
FTdiesel,LTE,DAC,wind,LTE_H_DAC_C_wind_E,Netherlands,1,2024,695.0541912499999,2890.935458162108,3585.9896494121076,-2.445731498781908,5.099956915719565,0.0138381914140532,2.663713825026576,0.000154897985,0.0,0.0,3593.753320152854,-2.431738409382855
FTdiesel,LTE,DAC,wind,LTE_H_DAC_C_wind_E,Norway,1,2024,769.64537275,2890.960730060896,3660.606102810896,-2.445731498781908,21.492878472425655,0.0538287064114019,2.867531979931867,1.8979595e-05,2.1530564189422923,0.0074072197149964,3687.119569682196,-2.3844765930605094
FTdiesel,LTE,DAC,wind,LTE_H_DAC_C_wind_E,Oman,1,2024,647.5870757499999,3148.355291432969,3795.942367182969,-2.445731498781908,18.275013143264257,0.0459787273054728,2.471951983268664,0.000333673525,21.828982172169688,0.0750988528128933,3838.518314481672,-2.324320245138542
FTdiesel,LTE,DAC,wind,LTE_H_DAC_C_wind_E,Italy,1,2024,650.9775840000001,3155.145801654877,3806.123385654877,-2.445731498781908,12.655781401551565,0.0322706173469638,2.6422090505370863,0.00017632656,8.220338878891056,0.0282806598433619,3829.6417149858567,-2.3850038950315824
FTdiesel,LTE,DAC,wind,LTE_H_DAC_C_wind_E,Austria,1,2024,705.2257159999999,3038.051156536354,3743.276872536354,-2.445731498781908,36.6020747526678,0.090687574939064,2.7373420968318425,6.3061235e-05,0.0,0.0,3782.6162893858536,-2.354980862607844
FTdiesel,LTE,DAC,wind,LTE_H_DAC_C_wind_E,Finland,1,2024,732.349782,2943.2623102856796,3675.61209228568,-2.445731498781908,18.609053110807498,0.0467936174570265,2.7347045299792216,4.408164e-05,4.192847591547009,0.0144247698615068,3701.1486975180137,-2.3844690298233746
FTdiesel,LTE,DAC,wind,LTE_H_DAC_C_wind_E,Portugal,1,2024,617.0725015,3136.3990272300452,3753.471528730045,-2.445731498781908,9.084205983650287,0.0235577628493887,2.330046772852863,6.857144e-05,4.143956778158924,0.0142565694401781,3769.0297382647072,-2.407848595052341
FTdiesel,LTE,DAC,wind,LTE_H_DAC_C_wind_E,Germany,1,2024,698.4446995,3307.988322671056,4006.433022171056,-2.445731498781908,19.030138664003527,0.0478208552237663,2.708460667294999,0.00021061228,0.0,0.0,4028.171621502355,-2.397700031278142
FTdiesel,LTE,DAC,wind,LTE_H_DAC_C_wind_E,Greece,1,2024,623.853518,2971.4903211111737,3595.3438391111736,-2.445731498781908,8.004327760205324,0.020923401052402,2.410356782389708,0.0001959184,10.358938767360106,0.0356381443556068,3616.1174624211285,-2.388974034973899
FTdiesel,LTE,DAC,wind,LTE_H_DAC_C_wind_E,France,1,2024,684.8826665,3119.740692213052,3804.623358713052,-2.445731498781908,26.000539162622182,0.0648251399519821,2.600493718221309,2.693878e-05,0.0,0.0,3833.2243915938957,-2.380879420049926
FTdiesel,LTE,DAC,wind,LTE_H_DAC_C_wind_E,Brazil,1,2024,623.853518,2229.9363421242965,2853.7898601242964,-2.445731498781908,68.70691010575452,0.1690072872145006,2.341785342389707,6.3061235e-05,19.977224732517392,0.0687282003331398,2944.815780304958,-2.2079329499992673
FTdiesel,LTE,DAC,wind,LTE_H_DAC_C_wind_E,United Kingdom,1,2024,722.17825725,2541.026456260482,3263.204713510482,-2.445731498781908,12.86735560697842,0.0327867523998833,2.890055888173955,0.000129183695,1.9497081405631156,0.0067076349928456,3280.9118331461978,-2.4061079276941792
FTdiesel,LTE,DAC,wind,LTE_H_DAC_C_wind_E,Spain,1,2024,630.6345345,2656.964539116585,3287.599073616585,-2.445731498781908,21.30530921537091,0.0533711314049369,2.371891261926552,8.938776999999999e-05,5.112561911371392,0.0175888885450824,3316.388836005254,-2.3746820910618887
FTdiesel,LTE,DAC,wind,LTE_H_DAC_C_wind_E,Sweden,1,2024,745.9118150000002,2986.2107398027347,3732.122554802735,-2.445731498781908,22.479466319457497,0.056235486432672,2.7492758002216604,2.204082e-05,1.7821060346122866,0.0061310288191515,3759.1334029570266,-2.383342942710085
FTdiesel,LTE,DAC,wind,LTE_H_DAC_C_wind_E,Czech Republic,1,2024,617.0725015,3199.157818728743,3816.230320228743,-2.445731498781908,34.87658103327972,0.0864782348147717,2.379638617852863,0.00025346943,0.0,0.0,3853.4865398798756,-2.3589997945371364
FTdiesel,LTE,DAC,wind,LTE_H_DAC_C_wind_E,Japan,1,2024,732.349782,5569.606809334371,6301.956591334371,-2.445731498781908,9.189850389558206,0.0238154822671406,2.7830718849792215,0.0002951020899999,41.5157136886971,0.1428276612779785,6355.445227297606,-2.2787932531467887
FTdiesel,LTE,DAC,wind,LTE_H_DAC_C_wind_E,Belgium,1,2024,695.0541912499999,3154.3700728417907,3849.4242640917905,-2.445731498781908,6.865350398628882,0.0181448669697369,2.681468930026576,8.448981e-05,0.0,0.0,3858.971083420446,-2.4275021420021714
FTdiesel,LTE,DAC,wind,LTE_H_DAC_C_wind_E,Poland,1,2024,627.24402625,3049.6037272623844,3676.847753512384,-2.445731498781908,11.190987172400249,0.0286972533565199,2.5279607796581307,0.000376530675,3.1210422628166983,0.0107374082616145,3693.687743727259,-2.4059203064887735
FTdiesel,LTE,DAC,wind,LTE_H_DAC_C_wind_E,India,1,2024,600.1199602500001,2917.388908028519,3517.508868278519,-2.445731498781908,41.14883202778633,0.1017793845576825,2.2544758515107515,0.0004334694599999,23.047722644092165,0.0792917194612848,3583.9598988019084,-2.264226925302941
FTdiesel,LTE,DAC,wind,LTE_H_DAC_C_wind_E,Indonesia,1,2024,545.8718282499999,4120.72774308681,4666.59957133681,-2.445731498781908,14.61998306903098,0.0370622852610349,2.0234244152159944,0.00039551027,34.81377148720778,0.1197707836379461,4718.056750308266,-2.288502919612927
FTdiesel,LTE,DAC,wind,LTE_H_DAC_C_wind_E,South Korea,1,2024,637.415551,3675.497222430639,4312.9127734306385,-2.445731498781908,7.475045488669049,0.0196322175044002,2.3830175864633967,0.00025346943,40.096881524802384,0.1379464136319763,4362.867718030573,-2.2878993982155316
FTdiesel,LTE,DAC,wind,LTE_H_DAC_C_wind_E,China,1,2024,620.46300975,2262.395919513916,2882.858929263916,-2.445731498781908,78.01603497926587,0.1917168876099259,2.3068344201212856,0.0003428572,38.60635207087997,0.1328185038105044,3001.788150734183,-2.1208532501614776
FTdiesel,LTE,DAC,wind,LTE_H_DAC_C_wind_E,United Arab Emirates,1,2024,647.5870757499999,3144.271763514969,3791.858839264969,-2.445731498781908,10.874670054831256,0.0279255980789476,2.4162376882686636,0.000234489835,22.32807580562143,0.0768158984828572,3827.47782281369,-2.3407555123851034
FTdiesel,LTE,DAC,wind,LTE_H_DAC_C_wind_E,United States,1,2024,678.10165,2797.162810667223,3475.264460667223,-2.445731498781908,88.15780465008372,0.2164577241177772,2.549571468684465,0.00023510208,12.124526609989683,0.0417123451807336,3578.0963633959805,-2.1873263274033974
FTdiesel,LTE,DAC,wind,LTE_H_DAC_C_wind_E,Turkey,1,2024,620.46300975,3944.544017562827,4565.007027312827,-2.445731498781908,10.108447857063252,0.026056399828645,2.3417323851212855,0.00028775515,12.543720837841384,0.0431545107095316,4590.000928392852,-2.3762328330937317
FTdiesel,LTE,DAC,wind,LTE_H_DAC_C_wind_E,Australia,1,2024,695.0541912499999,2926.4507094890255,3621.5049007390257,-2.445731498781908,78.5068587948625,0.1929142517948745,2.664326070026576,0.00033795924,35.416668795279044,0.1218449479687896,3738.092754399194,-2.1306343397782443
FTdiesel,LTE,DAC,wind,LTE_H_DAC_C_wind_E,Malaysia,1,2024,593.3389437500001,4130.685441482144,4724.024385232144,-2.445731498781908,7.736093501205551,0.0202690438580345,2.230492381973906,0.0003697959799999,30.229379424780753,0.1039989724734412,4764.220350540104,-2.321093686470433
FTdiesel,LTE,DAC,wind,LTE_H_DAC_C_wind_E,Canada,1,2024,691.663683,2704.54565879552,3396.20934179552,-2.445731498781908,111.49795689848374,0.2733960011235748,2.5742730977581543,0.0001071428749999,10.986441676095902,0.0377969600168744,3521.2680134678576,-2.134431394766459
FTdiesel,LTE,DAC,wind,LTE_H_DAC_C_wind_E,Mexico,1,2024,596.7294519999999,2950.7413671271283,3547.4708191271284,-2.445731498781908,32.336047638495636,0.0802806062545461,2.2936065742423297,0.000321428625,18.507883738507395,0.0636731857579852,3600.6083570783735,-2.301456278144377
FTdiesel,LTE,DAC,wind,LTE_H_DAC_C_wind_E,Thailand,1,2024,603.5104685,3774.220343387948,4377.730811887948,-2.445731498781908,11.625348230281595,0.0297568767030589,2.267998198779174,0.00033918373,33.5607544318933,0.11545999430902,4425.184912748903,-2.300175444039829
FTdiesel,LTE,DAC,wind,LTE_H_DAC_C_wind_E,Russia,1,2024,640.80605925,4865.946405928519,5506.752465178519,-2.445731498781908,136.22976023609783,0.333729209506417,2.379397073731819,0.000274898005,4.498641714135814,0.0154768018629174,5649.860264202483,-2.096250589407574
FTdiesel,LTE,DAC,wind,LTE_H_DAC_C_wind_E,Saudi Arabia,1,2024,647.5870757499999,3141.7379651597394,3789.325040909739,-2.445731498781908,28.498397559908987,0.0709186629004334,2.390523398268664,0.00033795924,14.05018096868029,0.0483372272806505,3834.264142836597,-2.3261376493608243
FTdiesel,SMR,DAC,wind,SMR_H_DAC_C_wind_E,South Africa,1,2024,415.5644569953527,1819.287577849759,2234.8520348451116,3.9038864685374577,24.44615260753832,0.0610332155761023,2.3548013591949744,0.0004340817049999,25.733697572901107,0.088532353506738,2287.386686384746,4.053886119325298
FTdiesel,SMR,DAC,wind,SMR_H_DAC_C_wind_E,Taiwan,1,2024,408.89764752483904,2530.1351916975686,2939.032839222408,3.9038864685374577,6.501058897936567,0.0172561782346967,2.3668873873897067,0.0003893878199999,36.79678971799583,0.1265930162580772,2984.6975752257304,4.048125050850231
FTdiesel,SMR,DAC,wind,SMR_H_DAC_C_wind_E,Switzerland,1,2024,491.12163099450777,6471.95544876758,6963.077079762087,3.9038864685374577,27.41176540843376,0.0682678249030787,2.8910917913213336,2.2653065e-05,0.0,0.0,6993.379936961843,3.9721769465055363
FTdiesel,SMR,DAC,wind,SMR_H_DAC_C_wind_E,Singapore,1,2024,411.1199173483436,6827.088713891112,7238.208631239456,3.9038864685374577,0.9735209932027128,0.0037717552956236,2.4514301546581305,0.000305510255,30.63239601191193,0.1053854816161674,7272.265978399228,4.013349215704249
FTdiesel,SMR,DAC,wind,SMR_H_DAC_C_wind_E,Hungary,1,2024,400.0085682308208,3324.8504145453667,3724.858982776187,3.9038864685374577,51.39093714238112,0.1267649892757182,2.336063308316018,0.0001120408349999,0.0,0.0,3778.5859832268843,4.0307634986481755
FTdiesel,SMR,DAC,wind,SMR_H_DAC_C_wind_E,Philippines,1,2024,397.7862984073162,2499.7539088543667,2897.540207261683,3.9038864685374577,10.06971863492859,0.0259619199317423,2.293153201047596,0.0003753061849999,35.39164686791369,0.1217588643380695,2945.2947259655725,4.05198255899227
FTdiesel,SMR,DAC,wind,SMR_H_DAC_C_wind_E,Netherlands,1,2024,455.56531381843473,4829.687919645262,5285.253233463696,3.9038864685374577,5.099956915719565,0.0138381914140532,2.663713825026576,0.000154897985,0.0,0.0,5293.016904204442,3.917879557936511
FTdiesel,SMR,DAC,wind,SMR_H_DAC_C_wind_E,Norway,1,2024,504.4552499355352,3954.855059836823,4459.310309772358,3.9038864685374577,21.492878472425655,0.0538287064114019,2.867531979931867,1.8979595e-05,2.1530564189422923,0.0074072197149964,4485.823776643658,3.9651413742588564
FTdiesel,SMR,DAC,wind,SMR_H_DAC_C_wind_E,Oman,1,2024,424.453536289371,1586.658023240333,2011.111559529704,3.9038864685374577,18.275013143264257,0.0459787273054728,2.471951983268664,0.000333673525,21.828982172169688,0.0750988528128933,2053.6875068284066,4.025297722180824
FTdiesel,SMR,DAC,wind,SMR_H_DAC_C_wind_E,Italy,1,2024,426.6758061128755,5222.710945926925,5649.386752039801,3.9038864685374577,12.655781401551565,0.0322706173469638,2.6422090505370863,0.00017632656,8.220338878891056,0.0282806598433619,5672.905081370781,3.9646140722877834
FTdiesel,SMR,DAC,wind,SMR_H_DAC_C_wind_E,Austria,1,2024,462.23212328894846,4638.164350174292,5100.39647346324,3.9038864685374577,36.6020747526678,0.090687574939064,2.7373420968318425,6.3061235e-05,0.0,0.0,5139.73589031274,3.9946371047115217
FTdiesel,SMR,DAC,wind,SMR_H_DAC_C_wind_E,Finland,1,2024,480.01028187698495,4846.7531314497455,5326.76341332673,3.9038864685374577,18.609053110807498,0.0467936174570265,2.7347045299792216,4.408164e-05,4.192847591547009,0.0144247698615068,5352.3000185590645,3.965148937495991
FTdiesel,SMR,DAC,wind,SMR_H_DAC_C_wind_E,Portugal,1,2024,404.4531078778299,4335.711911804555,4740.165019682385,3.9038864685374577,9.084205983650287,0.0235577628493887,2.330046772852863,6.857144e-05,4.143956778158924,0.0142565694401781,4755.723229217047,3.9417693722670246
FTdiesel,SMR,DAC,wind,SMR_H_DAC_C_wind_E,Germany,1,2024,457.78758364193936,4431.767215119085,4889.554798761024,3.9038864685374577,19.030138664003527,0.0478208552237663,2.708460667294999,0.00021061228,0.0,0.0,4911.2933980923235,3.951917936041224
FTdiesel,SMR,DAC,wind,SMR_H_DAC_C_wind_E,Greece,1,2024,408.89764752483904,2998.76811678013,3407.66576430497,3.9038864685374577,8.004327760205324,0.020923401052402,2.410356782389708,0.0001959184,10.358938767360106,0.0356381443556068,3428.4393876149247,3.9606439323454667
FTdiesel,SMR,DAC,wind,SMR_H_DAC_C_wind_E,France,1,2024,448.8985043479211,4751.389532526419,5200.288036874341,3.9038864685374577,26.000539162622182,0.0648251399519821,2.600493718221309,2.693878e-05,0.0,0.0,5228.889069755184,3.9687385472694396
FTdiesel,SMR,DAC,wind,SMR_H_DAC_C_wind_E,Brazil,1,2024,408.89764752483904,4590.37520212021,4999.272849645049,3.9038864685374577,68.70691010575452,0.1690072872145006,2.341785342389707,6.3061235e-05,19.977224732517392,0.0687282003331398,5090.29876982571,4.141685017320098
FTdiesel,SMR,DAC,wind,SMR_H_DAC_C_wind_E,United Kingdom,1,2024,473.3434724064713,3853.046898442493,4326.390370848964,3.9038864685374577,12.86735560697842,0.0327867523998833,2.890055888173955,0.000129183695,1.9497081405631156,0.0067076349928456,4344.09749048468,3.9435100396251865
FTdiesel,SMR,DAC,wind,SMR_H_DAC_C_wind_E,Spain,1,2024,413.3421871718482,3836.6121004487095,4249.954287620558,3.9038864685374577,21.30530921537091,0.0533711314049369,2.371891261926552,8.938776999999999e-05,5.112561911371392,0.0175888885450824,4278.744050009227,3.974935876257477
FTdiesel,SMR,DAC,wind,SMR_H_DAC_C_wind_E,Sweden,1,2024,488.8993611710032,6479.811483889062,6968.710845060065,3.9038864685374577,22.479466319457497,0.056235486432672,2.7492758002216604,2.204082e-05,1.7821060346122866,0.0061310288191515,6995.7216932143565,3.966275024609281
FTdiesel,SMR,DAC,wind,SMR_H_DAC_C_wind_E,Czech Republic,1,2024,404.4531078778299,3855.902608930148,4260.355716807978,3.9038864685374577,34.87658103327972,0.0864782348147717,2.379638617852863,0.00025346943,0.0,0.0,4297.61193645911,3.9906181727822294
FTdiesel,SMR,DAC,wind,SMR_H_DAC_C_wind_E,Japan,1,2024,480.01028187698495,4037.519661752226,4517.529943629211,3.9038864685374577,9.189850389558206,0.0238154822671406,2.7830718849792215,0.0002951020899999,41.5157136886971,0.1428276612779785,4571.018579592445,4.070824714172577
FTdiesel,SMR,DAC,wind,SMR_H_DAC_C_wind_E,Belgium,1,2024,455.56531381843473,3386.5909215470933,3842.156235365528,3.9038864685374577,6.865350398628882,0.0181448669697369,2.681468930026576,8.448981e-05,0.0,0.0,3851.7030546941837,3.9221158253171944
FTdiesel,SMR,DAC,wind,SMR_H_DAC_C_wind_E,Poland,1,2024,411.1199173483436,4124.065082737294,4535.1850000856375,3.9038864685374577,11.190987172400249,0.0286972533565199,2.5279607796581307,0.000376530675,3.1210422628166983,0.0107374082616145,4552.024990300512,3.9436976608305923
FTdiesel,SMR,DAC,wind,SMR_H_DAC_C_wind_E,India,1,2024,393.3417587603071,3159.9666814450343,3553.3084402053414,3.9038864685374577,41.14883202778633,0.1017793845576825,2.2544758515107515,0.0004334694599999,23.047722644092165,0.0792917194612848,3619.759470728731,4.085391042016425
FTdiesel,SMR,DAC,wind,SMR_H_DAC_C_wind_E,Indonesia,1,2024,357.78544158423415,4226.838649656987,4584.624091241221,3.9038864685374577,14.61998306903098,0.0370622852610349,2.0234244152159944,0.00039551027,34.81377148720778,0.1197707836379461,4636.081270212677,4.061115047706439
FTdiesel,SMR,DAC,wind,SMR_H_DAC_C_wind_E,South Korea,1,2024,417.7867268188573,3461.7964223336635,3879.583149152521,3.9038864685374577,7.475045488669049,0.0196322175044002,2.3830175864633967,0.00025346943,40.096881524802384,0.1379464136319763,3929.5380937524556,4.061718569103834
FTdiesel,SMR,DAC,wind,SMR_H_DAC_C_wind_E,China,1,2024,406.67537770133447,3145.6372674105837,3552.3126451119183,3.9038864685374577,78.01603497926587,0.1917168876099259,2.3068344201212856,0.0003428572,38.60635207087997,0.1328185038105044,3671.2418665821856,4.228764717157888
FTdiesel,SMR,DAC,wind,SMR_H_DAC_C_wind_E,United Arab Emirates,1,2024,424.453536289371,1581.9900342112164,2006.4435705005872,3.9038864685374577,10.874670054831256,0.0279255980789476,2.4162376882686636,0.000234489835,22.32807580562143,0.0768158984828572,2042.0625540493086,4.008862454934262
FTdiesel,SMR,DAC,wind,SMR_H_DAC_C_wind_E,United States,1,2024,444.453964700912,2601.112223431268,3045.56618813218,3.9038864685374577,88.15780465008372,0.2164577241177772,2.549571468684465,0.00023510208,12.124526609989683,0.0417123451807336,3148.3980908609374,4.162291639915969
FTdiesel,SMR,DAC,wind,SMR_H_DAC_C_wind_E,Turkey,1,2024,406.67537770133447,2411.927708347406,2818.603086048741,3.9038864685374577,10.108447857063252,0.026056399828645,2.3417323851212855,0.00028775515,12.543720837841384,0.0431545107095316,2843.5969871287666,3.973385134225634
FTdiesel,SMR,DAC,wind,SMR_H_DAC_C_wind_E,Australia,1,2024,455.56531381843473,2949.872999796795,3405.4383136152296,3.9038864685374577,78.5068587948625,0.1929142517948745,2.664326070026576,0.00033795924,35.416668795279044,0.1218449479687896,3522.0261672753977,4.218983627541123
FTdiesel,SMR,DAC,wind,SMR_H_DAC_C_wind_E,Malaysia,1,2024,388.897219113298,2347.094101559694,2735.991320672992,3.9038864685374577,7.736093501205551,0.0202690438580345,2.230492381973906,0.0003697959799999,30.229379424780753,0.1039989724734412,2776.1872859809523,4.028524280848933
FTdiesel,SMR,DAC,wind,SMR_H_DAC_C_wind_E,Canada,1,2024,453.3430439949302,2143.8576360626507,2597.200680057581,3.9038864685374577,111.49795689848374,0.2733960011235748,2.5742730977581543,0.0001071428749999,10.986441676095902,0.0377969600168744,2722.2593517299188,4.2151865725529065
FTdiesel,SMR,DAC,wind,SMR_H_DAC_C_wind_E,Mexico,1,2024,391.11948893680255,1951.4008493162255,2342.520338253028,3.9038864685374577,32.336047638495636,0.0802806062545461,2.2936065742423297,0.000321428625,18.507883738507395,0.0636731857579852,2395.657876204273,4.048161689174989
FTdiesel,SMR,DAC,wind,SMR_H_DAC_C_wind_E,Thailand,1,2024,395.5640285838117,2418.6691392140992,2814.233167797911,3.9038864685374577,11.625348230281595,0.0297568767030589,2.267998198779174,0.00033918373,33.5607544318933,0.11545999430902,2861.687268658865,4.049442523279537
FTdiesel,SMR,DAC,wind,SMR_H_DAC_C_wind_E,Russia,1,2024,420.00899664236186,1787.7902639162205,2207.7992605585823,3.9038864685374577,136.22976023609783,0.333729209506417,2.379397073731819,0.000274898005,4.498641714135814,0.0154768018629174,2350.907059582548,4.2533673779117915
FTdiesel,SMR,DAC,wind,SMR_H_DAC_C_wind_E,Saudi Arabia,1,2024,424.453536289371,1580.0973244622155,2004.5508607515867,3.9038864685374577,28.498397559908987,0.0709186629004334,2.390523398268664,0.00033795924,14.05018096868029,0.0483372272806505,2049.4899626784445,4.023480317958541
FTdiesel,SMRCCS,DAC,wind,SMRCCS_H_DAC_C_wind_E,South Africa,1,2024,589.1331816957545,1986.3851277756817,2575.5183094714357,-1.577310634469829,24.44615260753832,0.0610332155761023,2.3548013591949744,0.0004340817049999,25.733697572901107,0.088532353506738,2628.0529610110702,-1.427310983681989
FTdiesel,SMRCCS,DAC,wind,SMRCCS_H_DAC_C_wind_E,Taiwan,1,2024,579.6818472300471,2879.987237390123,3459.66908462017,-1.577310634469829,6.501058897936567,0.0172561782346967,2.3668873873897067,0.0003893878199999,36.79678971799583,0.1265930162580772,3505.3338206234926,-1.4330720521570552
FTdiesel,SMRCCS,DAC,wind,SMRCCS_H_DAC_C_wind_E,Switzerland,1,2024,696.2483056404371,7938.64097088445,8634.889276524887,-1.577310634469829,27.41176540843376,0.0682678249030787,2.8910917913213336,2.2653065e-05,0.0,0.0,8665.192133724642,-1.5090201565017505
FTdiesel,SMRCCS,DAC,wind,SMRCCS_H_DAC_C_wind_E,Singapore,1,2024,582.8322920519496,8435.848646451079,9018.680938503028,-1.577310634469829,0.9735209932027128,0.0037717552956236,2.4514301546581305,0.000305510255,30.63239601191193,0.1053854816161674,9052.738285662801,-1.467847887303038
FTdiesel,SMRCCS,DAC,wind,SMRCCS_H_DAC_C_wind_E,Hungary,1,2024,567.0800679424375,3917.1113683602175,4484.191436302655,-1.577310634469829,51.39093714238112,0.1267649892757182,2.336063308316018,0.0001120408349999,0.0,0.0,4537.918436753353,-1.450433604359111
FTdiesel,SMRCCS,DAC,wind,SMRCCS_H_DAC_C_wind_E,Philippines,1,2024,563.9296231205351,2868.3236897644692,3432.253312885005,-1.577310634469829,10.06971863492859,0.0259619199317423,2.293153201047596,0.0003753061849999,35.39164686791369,0.1217588643380695,3480.0078315888945,-1.4292145440150175
FTdiesel,SMRCCS,DAC,wind,SMRCCS_H_DAC_C_wind_E,Netherlands,1,2024,645.8411884899982,5834.51744429565,6480.358632785648,-1.577310634469829,5.099956915719565,0.0138381914140532,2.663713825026576,0.000154897985,0.0,0.0,6488.122303526394,-1.563317545070776
FTdiesel,SMRCCS,DAC,wind,SMRCCS_H_DAC_C_wind_E,Norway,1,2024,715.1509745718516,4700.473764782639,5415.62473935449,-1.577310634469829,21.492878472425655,0.0538287064114019,2.867531979931867,1.8979595e-05,2.1530564189422923,0.0074072197149964,5442.13820622579,-1.5160557287484309
FTdiesel,SMRCCS,DAC,wind,SMRCCS_H_DAC_C_wind_E,Oman,1,2024,601.7349609833642,1688.210890397182,2289.945851380546,-1.577310634469829,18.275013143264257,0.0459787273054728,2.471951983268664,0.000333673525,21.828982172169688,0.0750988528128933,2332.521798679249,-1.455899380826463
FTdiesel,SMRCCS,DAC,wind,SMRCCS_H_DAC_C_wind_E,Italy,1,2024,604.8854058052666,6345.946295568084,6950.83170137335,-1.577310634469829,12.655781401551565,0.0322706173469638,2.6422090505370863,0.00017632656,8.220338878891056,0.0282806598433619,6974.3500307043305,-1.5165830307195034
FTdiesel,SMRCCS,DAC,wind,SMRCCS_H_DAC_C_wind_E,Austria,1,2024,655.2925229557055,5587.636092350496,6242.928615306202,-1.577310634469829,36.6020747526678,0.090687574939064,2.7373420968318425,6.3061235e-05,0.0,0.0,6282.268032155702,-1.486559998295765
FTdiesel,SMRCCS,DAC,wind,SMRCCS_H_DAC_C_wind_E,Finland,1,2024,680.496081530925,5855.190452583766,6535.686534114691,-1.577310634469829,18.609053110807498,0.0467936174570265,2.7347045299792216,4.408164e-05,4.192847591547009,0.0144247698615068,6561.223139347026,-1.5160481655112958
FTdiesel,SMRCCS,DAC,wind,SMRCCS_H_DAC_C_wind_E,Portugal,1,2024,573.3809575862423,5220.5612812495265,5793.942238835769,-1.577310634469829,9.084205983650287,0.0235577628493887,2.330046772852863,6.857144e-05,4.143956778158924,0.0142565694401781,5809.5004483704315,-1.5394277307402624
FTdiesel,SMRCCS,DAC,wind,SMRCCS_H_DAC_C_wind_E,Germany,1,2024,648.9916333119006,5326.312147611757,5975.3037809236575,-1.577310634469829,19.030138664003527,0.0478208552237663,2.708460667294999,0.00021061228,0.0,0.0,5997.042380254957,-1.5292791669660628
FTdiesel,SMRCCS,DAC,wind,SMRCCS_H_DAC_C_wind_E,Greece,1,2024,579.6818472300471,3493.836911974027,4073.518759204074,-1.577310634469829,8.004327760205324,0.020923401052402,2.410356782389708,0.0001959184,10.358938767360106,0.0356381443556068,4094.2923825140288,-1.5205531706618203
FTdiesel,SMRCCS,DAC,wind,SMRCCS_H_DAC_C_wind_E,France,1,2024,636.3898540242909,5736.235032537388,6372.624886561679,-1.577310634469829,26.000539162622182,0.0648251399519821,2.600493718221309,2.693878e-05,0.0,0.0,6401.225919442522,-1.512458555737847
FTdiesel,SMRCCS,DAC,wind,SMRCCS_H_DAC_C_wind_E,Brazil,1,2024,579.6818472300471,5530.035699001428,6109.717546231475,-1.577310634469829,68.70691010575452,0.1690072872145006,2.341785342389707,6.3061235e-05,19.977224732517392,0.0687282003331398,6200.7434664121365,-1.3395120856871887
FTdiesel,SMRCCS,DAC,wind,SMRCCS_H_DAC_C_wind_E,United Kingdom,1,2024,671.0447470652176,4575.74887041723,5246.793617482448,-1.577310634469829,12.86735560697842,0.0327867523998833,2.890055888173955,0.000129183695,1.9497081405631156,0.0067076349928456,5264.500737118164,-1.5376870633821003
FTdiesel,SMRCCS,DAC,wind,SMRCCS_H_DAC_C_wind_E,Spain,1,2024,585.9827368738521,4559.96701534258,5145.949752216433,-1.577310634469829,21.30530921537091,0.0533711314049369,2.371891261926552,8.938776999999999e-05,5.112561911371392,0.0175888885450824,5174.739514605102,-1.50626122674981
FTdiesel,SMRCCS,DAC,wind,SMRCCS_H_DAC_C_wind_E,Sweden,1,2024,693.0978608185347,7954.086585891231,8647.184446709765,-1.577310634469829,22.479466319457497,0.056235486432672,2.7492758002216604,2.204082e-05,1.7821060346122866,0.0061310288191515,8674.195294864056,-1.5149220783980057
FTdiesel,SMRCCS,DAC,wind,SMRCCS_H_DAC_C_wind_E,Czech Republic,1,2024,573.3809575862423,4606.070537569507,5179.451495155749,-1.577310634469829,34.87658103327972,0.0864782348147717,2.379638617852863,0.00025346943,0.0,0.0,5216.707714806882,-1.4905789302250574
FTdiesel,SMRCCS,DAC,wind,SMRCCS_H_DAC_C_wind_E,Japan,1,2024,680.496081530925,4877.58037248912,5558.076454020045,-1.577310634469829,9.189850389558206,0.0238154822671406,2.7830718849792215,0.0002951020899999,41.5157136886971,0.1428276612779785,5611.56508998328,-1.4103723888347102
FTdiesel,SMRCCS,DAC,wind,SMRCCS_H_DAC_C_wind_E,Belgium,1,2024,645.8411884899982,3975.534880886427,4621.376069376425,-1.577310634469829,6.865350398628882,0.0181448669697369,2.681468930026576,8.448981e-05,0.0,0.0,4630.92288870508,-1.5590812776900922
FTdiesel,SMRCCS,DAC,wind,SMRCCS_H_DAC_C_wind_E,Poland,1,2024,582.8322920519496,4948.189241614427,5531.021533666377,-1.577310634469829,11.190987172400249,0.0286972533565199,2.5279607796581307,0.000376530675,3.1210422628166983,0.0107374082616145,5547.861523881252,-1.5374994421766945
FTdiesel,SMRCCS,DAC,wind,SMRCCS_H_DAC_C_wind_E,India,1,2024,557.6287334767302,3709.059918152111,4266.688651628841,-1.577310634469829,41.14883202778633,0.1017793845576825,2.2544758515107515,0.0004334694599999,23.047722644092165,0.0792917194612848,4333.139682152231,-1.395806060990862
FTdiesel,SMRCCS,DAC,wind,SMRCCS_H_DAC_C_wind_E,Indonesia,1,2024,507.22161632629127,5107.119878713729,5614.34149504002,-1.577310634469829,14.61998306903098,0.0370622852610349,2.0234244152159944,0.00039551027,34.81377148720778,0.1197707836379461,5665.798674011476,-1.4200820553008482
FTdiesel,SMRCCS,DAC,wind,SMRCCS_H_DAC_C_wind_E,South Korea,1,2024,592.2836265176569,4098.671820702274,4690.955447219931,-1.577310634469829,7.475045488669049,0.0196322175044002,2.3830175864633967,0.00025346943,40.096881524802384,0.1379464136319763,4740.910391819865,-1.4194785339034526
FTdiesel,SMRCCS,DAC,wind,SMRCCS_H_DAC_C_wind_E,China,1,2024,576.5314024081447,3675.134322412045,4251.66572482019,-1.577310634469829,78.01603497926587,0.1917168876099259,2.3068344201212856,0.0003428572,38.60635207087997,0.1328185038105044,4370.594946290457,-1.252432385849399
FTdiesel,SMRCCS,DAC,wind,SMRCCS_H_DAC_C_wind_E,United Arab Emirates,1,2024,601.7349609833642,1681.7597305661263,2283.4946915494907,-1.577310634469829,10.874670054831256,0.0279255980789476,2.4162376882686636,0.000234489835,22.32807580562143,0.0768158984828572,2319.113675098212,-1.4723346480730242
FTdiesel,SMRCCS,DAC,wind,SMRCCS_H_DAC_C_wind_E,United States,1,2024,630.0889643804861,2963.290726058851,3593.379690439337,-1.577310634469829,88.15780465008372,0.2164577241177772,2.549571468684465,0.00023510208,12.124526609989683,0.0417123451807336,3696.2115931680946,-1.3189054630913184
FTdiesel,SMRCCS,DAC,wind,SMRCCS_H_DAC_C_wind_E,Turkey,1,2024,576.5314024081447,2766.2742550168755,3342.8056574250204,-1.577310634469829,10.108447857063252,0.026056399828645,2.3417323851212855,0.00028775515,12.543720837841384,0.0431545107095316,3367.799558505046,-1.5078119687816525
FTdiesel,SMRCCS,DAC,wind,SMRCCS_H_DAC_C_wind_E,Australia,1,2024,645.8411884899982,3415.8009164871437,4061.642104977142,-1.577310634469829,78.5068587948625,0.1929142517948745,2.664326070026576,0.00033795924,35.416668795279044,0.1218449479687896,4178.22995863731,-1.2622134754661651
FTdiesel,SMRCCS,DAC,wind,SMRCCS_H_DAC_C_wind_E,Malaysia,1,2024,551.3278438329253,2688.4327413619967,3239.760585194922,-1.577310634469829,7.736093501205551,0.0202690438580345,2.230492381973906,0.0003697959799999,30.229379424780753,0.1039989724734412,3279.9565505028822,-1.4526728221583536
FTdiesel,SMRCCS,DAC,wind,SMRCCS_H_DAC_C_wind_E,Canada,1,2024,642.6907436680957,2379.7319403422935,3022.4226840103893,-1.577310634469829,111.49795689848374,0.2733960011235748,2.5742730977581543,0.0001071428749999,10.986441676095902,0.0377969600168744,3147.481355682727,-1.26601053045438
FTdiesel,SMRCCS,DAC,wind,SMRCCS_H_DAC_C_wind_E,Mexico,1,2024,554.4782886548277,2154.3852828249405,2708.8635714797683,-1.577310634469829,32.336047638495636,0.0802806062545461,2.2936065742423297,0.000321428625,18.507883738507395,0.0636731857579852,2762.0011094310134,-1.433035413832298
FTdiesel,SMRCCS,DAC,wind,SMRCCS_H_DAC_C_wind_E,Thailand,1,2024,560.7791782986327,2774.2395472465714,3335.018725545204,-1.577310634469829,11.625348230281595,0.0297568767030589,2.267998198779174,0.00033918373,33.5607544318933,0.11545999430902,3382.4728264061578,-1.4317545797277502
FTdiesel,SMRCCS,DAC,wind,SMRCCS_H_DAC_C_wind_E,Russia,1,2024,595.4340713395594,1985.0160186482256,2580.450089987785,-1.577310634469829,136.22976023609783,0.333729209506417,2.379397073731819,0.000274898005,4.498641714135814,0.0154768018629174,2723.5578890117504,-1.2278297250954946
FTdiesel,SMRCCS,DAC,wind,SMRCCS_H_DAC_C_wind_E,Saudi Arabia,1,2024,601.7349609833642,1679.8670102203596,2281.6019712037237,-1.577310634469829,28.498397559908987,0.0709186629004334,2.390523398268664,0.00033795924,14.05018096868029,0.0483372272806505,2326.5410731305815,-1.4577167850487451
FTdiesel,SMR,SMR,wind,SMR_H_C_wind_E,South Africa,1,2024,415.5644569953527,459.2875778497587,874.8520348451113,3.8282528979412103,24.44615260753832,0.0610332155761023,2.3548013591949744,0.0004340817049999,25.733697572901107,0.088532353506738,927.3866863847458,3.9782525487290505
FTdiesel,SMR,SMR,wind,SMR_H_C_wind_E,Taiwan,1,2024,408.89764752483904,1170.1351916975686,1579.0328392224078,3.8282528979412103,6.501058897936567,0.0172561782346967,2.3668873873897067,0.0003893878199999,36.79678971799583,0.1265930162580772,1624.69757522573,3.972491480253984
FTdiesel,SMR,SMR,wind,SMR_H_C_wind_E,Switzerland,1,2024,491.12163099450777,5111.95544876758,5603.077079762087,3.8282528979412103,27.41176540843376,0.0682678249030787,2.8910917913213336,2.2653065e-05,0.0,0.0,5633.379936961843,3.896543375909289
FTdiesel,SMR,SMR,wind,SMR_H_C_wind_E,Singapore,1,2024,411.1199173483436,5467.088713891112,5878.208631239456,3.8282528979412103,0.9735209932027128,0.0037717552956236,2.4514301546581305,0.000305510255,30.63239601191193,0.1053854816161674,5912.265978399228,3.9377156451080015
FTdiesel,SMR,SMR,wind,SMR_H_C_wind_E,Hungary,1,2024,400.0085682308208,1964.850414545367,2364.8589827761875,3.8282528979412103,51.39093714238112,0.1267649892757182,2.336063308316018,0.0001120408349999,0.0,0.0,2418.5859832268848,3.9551299280519285
FTdiesel,SMR,SMR,wind,SMR_H_C_wind_E,Philippines,1,2024,397.7862984073162,1139.7539088543665,1537.5402072616828,3.8282528979412103,10.06971863492859,0.0259619199317423,2.293153201047596,0.0003753061849999,35.39164686791369,0.1217588643380695,1585.2947259655728,3.976348988396022
FTdiesel,SMR,SMR,wind,SMR_H_C_wind_E,Netherlands,1,2024,455.56531381843473,3469.6879196452624,3925.253233463697,3.8282528979412103,5.099956915719565,0.0138381914140532,2.663713825026576,0.000154897985,0.0,0.0,3933.0169042044436,3.8422459873402635
FTdiesel,SMR,SMR,wind,SMR_H_C_wind_E,Norway,1,2024,504.4552499355352,2594.855059836823,3099.310309772358,3.8282528979412103,21.492878472425655,0.0538287064114019,2.867531979931867,1.8979595e-05,2.1530564189422923,0.0074072197149964,3125.8237766436578,3.889507803662609
FTdiesel,SMR,SMR,wind,SMR_H_C_wind_E,Oman,1,2024,424.453536289371,226.65802324033305,651.1115595297041,3.8282528979412103,18.275013143264257,0.0459787273054728,2.471951983268664,0.000333673525,21.828982172169688,0.0750988528128933,693.6875068284068,3.9496641515845763
FTdiesel,SMR,SMR,wind,SMR_H_C_wind_E,Italy,1,2024,426.6758061128755,3862.710945926924,4289.3867520398,3.8282528979412103,12.655781401551565,0.0322706173469638,2.6422090505370863,0.00017632656,8.220338878891056,0.0282806598433619,4312.90508137078,3.888980501691536
FTdiesel,SMR,SMR,wind,SMR_H_C_wind_E,Austria,1,2024,462.23212328894846,3278.164350174292,3740.396473463241,3.8282528979412103,36.6020747526678,0.090687574939064,2.7373420968318425,6.3061235e-05,0.0,0.0,3779.7358903127406,3.9190035341152742
FTdiesel,SMR,SMR,wind,SMR_H_C_wind_E,Finland,1,2024,480.01028187698495,3486.7531314497464,3966.763413326731,3.8282528979412103,18.609053110807498,0.0467936174570265,2.7347045299792216,4.408164e-05,4.192847591547009,0.0144247698615068,3992.300018559065,3.8895153668997438
FTdiesel,SMR,SMR,wind,SMR_H_C_wind_E,Portugal,1,2024,404.4531078778299,2975.7119118045525,3380.1650196823825,3.8282528979412103,9.084205983650287,0.0235577628493887,2.330046772852863,6.857144e-05,4.143956778158924,0.0142565694401781,3395.7232292170447,3.866135801670777
FTdiesel,SMR,SMR,wind,SMR_H_C_wind_E,Germany,1,2024,457.78758364193936,3071.767215119085,3529.5547987610244,3.8282528979412103,19.030138664003527,0.0478208552237663,2.708460667294999,0.00021061228,0.0,0.0,3551.293398092323,3.8762843654449766
FTdiesel,SMR,SMR,wind,SMR_H_C_wind_E,Greece,1,2024,408.89764752483904,1638.7681167801302,2047.6657643049691,3.8282528979412103,8.004327760205324,0.020923401052402,2.410356782389708,0.0001959184,10.358938767360106,0.0356381443556068,2068.439387614924,3.8850103617492193
FTdiesel,SMR,SMR,wind,SMR_H_C_wind_E,France,1,2024,448.8985043479211,3391.3895325264193,3840.288036874341,3.8282528979412103,26.000539162622182,0.0648251399519821,2.600493718221309,2.693878e-05,0.0,0.0,3868.8890697551847,3.893104976673192
FTdiesel,SMR,SMR,wind,SMR_H_C_wind_E,Brazil,1,2024,408.89764752483904,3230.3752021202095,3639.2728496450486,3.8282528979412103,68.70691010575452,0.1690072872145006,2.341785342389707,6.3061235e-05,19.977224732517392,0.0687282003331398,3730.29876982571,4.066051446723851
FTdiesel,SMR,SMR,wind,SMR_H_C_wind_E,United Kingdom,1,2024,473.3434724064713,2493.0468984424924,2966.390370848964,3.8282528979412103,12.86735560697842,0.0327867523998833,2.890055888173955,0.000129183695,1.9497081405631156,0.0067076349928456,2984.0974904846794,3.867876469028939
FTdiesel,SMR,SMR,wind,SMR_H_C_wind_E,Spain,1,2024,413.3421871718482,2476.612100448709,2889.954287620558,3.8282528979412103,21.30530921537091,0.0533711314049369,2.371891261926552,8.938776999999999e-05,5.112561911371392,0.0175888885450824,2918.7440500092266,3.8993023056612297
FTdiesel,SMR,SMR,wind,SMR_H_C_wind_E,Sweden,1,2024,488.8993611710032,5119.811483889062,5608.710845060065,3.8282528979412103,22.479466319457497,0.056235486432672,2.7492758002216604,2.204082e-05,1.7821060346122866,0.0061310288191515,5635.7216932143565,3.8906414540130334
FTdiesel,SMR,SMR,wind,SMR_H_C_wind_E,Czech Republic,1,2024,404.4531078778299,2495.902608930148,2900.355716807978,3.8282528979412103,34.87658103327972,0.0864782348147717,2.379638617852863,0.00025346943,0.0,0.0,2937.6119364591104,3.914984602185982
FTdiesel,SMR,SMR,wind,SMR_H_C_wind_E,Japan,1,2024,480.01028187698495,2677.519661752225,3157.5299436292103,3.8282528979412103,9.189850389558206,0.0238154822671406,2.7830718849792215,0.0002951020899999,41.5157136886971,0.1428276612779785,3211.0185795924444,3.9951911435763297
FTdiesel,SMR,SMR,wind,SMR_H_C_wind_E,Belgium,1,2024,455.56531381843473,2026.590921547093,2482.156235365528,3.8282528979412103,6.865350398628882,0.0181448669697369,2.681468930026576,8.448981e-05,0.0,0.0,2491.7030546941837,3.846482254720947
FTdiesel,SMR,SMR,wind,SMR_H_C_wind_E,Poland,1,2024,411.1199173483436,2764.0650827372924,3175.185000085636,3.8282528979412103,11.190987172400249,0.0286972533565199,2.5279607796581307,0.000376530675,3.1210422628166983,0.0107374082616145,3192.0249903005115,3.868064090234345
FTdiesel,SMR,SMR,wind,SMR_H_C_wind_E,India,1,2024,393.3417587603071,1799.966681445034,2193.308440205341,3.8282528979412103,41.14883202778633,0.1017793845576825,2.2544758515107515,0.0004334694599999,23.047722644092165,0.0792917194612848,2259.7594707287303,4.009757471420178
FTdiesel,SMR,SMR,wind,SMR_H_C_wind_E,Indonesia,1,2024,357.78544158423415,2866.8386496569874,3224.6240912412213,3.8282528979412103,14.61998306903098,0.0370622852610349,2.0234244152159944,0.00039551027,34.81377148720778,0.1197707836379461,3276.0812702126764,3.9854814771101914
FTdiesel,SMR,SMR,wind,SMR_H_C_wind_E,South Korea,1,2024,417.7867268188573,2101.7964223336635,2519.583149152521,3.8282528979412103,7.475045488669049,0.0196322175044002,2.3830175864633967,0.00025346943,40.096881524802384,0.1379464136319763,2569.5380937524556,3.986084998507587
FTdiesel,SMR,SMR,wind,SMR_H_C_wind_E,China,1,2024,406.67537770133447,1785.6372674105842,2192.3126451119188,3.8282528979412103,78.01603497926587,0.1917168876099259,2.3068344201212856,0.0003428572,38.60635207087997,0.1328185038105044,2311.241866582186,4.15313114656164
FTdiesel,SMR,SMR,wind,SMR_H_C_wind_E,United Arab Emirates,1,2024,424.453536289371,221.99003421121648,646.4435705005875,3.8282528979412103,10.874670054831256,0.0279255980789476,2.4162376882686636,0.000234489835,22.32807580562143,0.0768158984828572,682.0625540493088,3.933228884338015
FTdiesel,SMR,SMR,wind,SMR_H_C_wind_E,United States,1,2024,444.453964700912,1241.112223431268,1685.5661881321798,3.8282528979412103,88.15780465008372,0.2164577241177772,2.549571468684465,0.00023510208,12.124526609989683,0.0417123451807336,1788.3980908609378,4.086658069319721
FTdiesel,SMR,SMR,wind,SMR_H_C_wind_E,Turkey,1,2024,406.67537770133447,1051.927708347406,1458.6030860487404,3.8282528979412103,10.108447857063252,0.026056399828645,2.3417323851212855,0.00028775515,12.543720837841384,0.0431545107095316,1483.5969871287664,3.8977515636293867
FTdiesel,SMR,SMR,wind,SMR_H_C_wind_E,Australia,1,2024,455.56531381843473,1589.8729997967948,2045.4383136152296,3.8282528979412103,78.5068587948625,0.1929142517948745,2.664326070026576,0.00033795924,35.416668795279044,0.1218449479687896,2162.0261672753977,4.143350056944875
FTdiesel,SMR,SMR,wind,SMR_H_C_wind_E,Malaysia,1,2024,388.897219113298,987.094101559694,1375.991320672992,3.8282528979412103,7.736093501205551,0.0202690438580345,2.230492381973906,0.0003697959799999,30.229379424780753,0.1039989724734412,1416.187285980952,3.9528907102526856
FTdiesel,SMR,SMR,wind,SMR_H_C_wind_E,Canada,1,2024,453.3430439949302,783.8576360626505,1237.2006800575807,3.8282528979412103,111.49795689848374,0.2733960011235748,2.5742730977581543,0.0001071428749999,10.986441676095902,0.0377969600168744,1362.2593517299185,4.139553001956659
FTdiesel,SMR,SMR,wind,SMR_H_C_wind_E,Mexico,1,2024,391.11948893680255,591.4008493162258,982.5203382530284,3.8282528979412103,32.336047638495636,0.0802806062545461,2.2936065742423297,0.000321428625,18.507883738507395,0.0636731857579852,1035.6578762042736,3.9725281185787416
FTdiesel,SMR,SMR,wind,SMR_H_C_wind_E,Thailand,1,2024,395.5640285838117,1058.6691392140988,1454.2331677979105,3.8282528979412103,11.625348230281595,0.0297568767030589,2.267998198779174,0.00033918373,33.5607544318933,0.11545999430902,1501.6872686588645,3.973808952683289
FTdiesel,SMR,SMR,wind,SMR_H_C_wind_E,Russia,1,2024,420.00899664236186,427.79026391622017,847.7992605585821,3.8282528979412103,136.22976023609783,0.333729209506417,2.379397073731819,0.000274898005,4.498641714135814,0.0154768018629174,990.9070595825476,4.177733807315544
FTdiesel,SMR,SMR,wind,SMR_H_C_wind_E,Saudi Arabia,1,2024,424.453536289371,220.0973244622159,644.5508607515869,3.8282528979412103,28.498397559908987,0.0709186629004334,2.390523398268664,0.00033795924,14.05018096868029,0.0483372272806505,689.4899626784448,3.947846747362294
