Fuel,Hydrogen Source,Carbon Source,Electricity Source,Pathway Name,Region,Number,Year,CapEx [$/tonne],OpEx [$/tonne],Fuel Production LCOF [$/tonne],Fuel Production Emissions [kg CO2e / kg fuel],Land Transport Cost [$/tonne],Land Transport Emissions [kg CO2e / kg fuel],Fuel Storage Cost [$/tonne],Fuel Storage Emissions [kg CO2e / kg fuel],Tanker Transport Cost [$/tonne],Tanker Transport Emissions [kg CO2e / kg fuel],Final LCOF [$/tonne],Final Emissions [kg CO2e / kg fuel]
liquid_hydrogen,ATRCCS,,grid,ATRCCS_H_grid_E,South Africa,1,2024,927.6919847731492,1687.9121216831074,2615.604106456257,8.981339828918278,438.1704908749996,0.4433861978391045,259.92307237858716,0.140382,289.6858328474884,0.9966142054360204,3603.3835025573326,10.561722232193405
liquid_hydrogen,ATRCCS,,grid,ATRCCS_H_grid_E,Taiwan,1,2024,912.8092256591414,3819.66983202288,4732.479057682021,8.186954735750577,108.29765925058994,0.1099631873647823,271.8790658698398,0.125928,414.22374866161965,1.4250654513797674,5526.879531464071,9.847911374495126
liquid_hydrogen,ATRCCS,,grid,ATRCCS_H_grid_E,Switzerland,1,2024,1096.3632547319037,11626.029046852344,12722.392301584248,1.6686441767443652,492.6853966182634,0.4984878074476782,342.15581281105756,0.007326,0.0,0.0,13557.233511013568,2.1744579841920433
liquid_hydrogen,ATRCCS,,grid,ATRCCS_H_grid_E,Singapore,1,2024,917.7701453638108,12402.739209631442,13320.509354995253,6.69612243761393,6.688572663865257,0.0072605568557443,296.5377347060888,0.098802,344.8307856143193,1.18633091593341,13968.566447979527,7.988515910403084
liquid_hydrogen,ATRCCS,,grid,ATRCCS_H_grid_E,Hungary,1,2024,892.9655468404644,5494.154133838932,6387.119680679396,3.2574143630797687,933.4787080320028,0.9440250533153642,272.6403905248432,0.036234,0.0,0.0,7593.238779236242,4.2376734163951335
liquid_hydrogen,ATRCCS,,grid,ATRCCS_H_grid_E,Philippines,1,2024,888.0046271357951,3537.2546941390933,4425.259321274889,7.936669021464862,173.897979404711,0.1762695155523986,261.44572168859406,0.121374,398.4059682729832,1.3706471027887204,5259.008990641177,9.60495963980598
liquid_hydrogen,ATRCCS,,grid,ATRCCS_H_grid_E,Netherlands,1,2024,1016.9885394571952,8350.425276675212,9367.413816132408,4.019153493514551,82.54212485506892,0.0839304650813442,311.54111143107144,0.050094,0.0,0.0,9761.497052418548,4.1531779585958954
liquid_hydrogen,ATRCCS,,grid,ATRCCS_H_grid_E,Norway,1,2024,1126.128772959919,5590.034879949509,6716.163652909428,1.6033522512785268,383.8823986934868,0.3885138428199527,318.4418258285524,0.006138,24.237089913799533,0.083383532667404,7442.724967345266,2.0813876267658835
liquid_hydrogen,ATRCCS,,grid,ATRCCS_H_grid_E,Oman,1,2024,947.5356635918262,2477.701250109975,3425.236913701801,7.19669386618536,324.730500960653,0.328725336684938,287.07974772358364,0.10791,245.730208915526,0.8453924532750845,4282.777371301564,8.478721656145382
liquid_hydrogen,ATRCCS,,grid,ATRCCS_H_grid_E,Italy,1,2024,952.4965832964954,11503.73194770598,12456.228531002476,4.400023058731943,221.43586699612143,0.2243190184904427,339.4584165598328,0.057024,92.5368656281945,0.3183571454118573,13109.659680186627,4.999723222634243
liquid_hydrogen,ATRCCS,,grid,ATRCCS_H_grid_E,Austria,1,2024,1031.8712985712034,8653.37690818065,9685.248206751852,2.3868553568685886,661.6247967655381,0.6692453781983527,327.30511793981884,0.020394,0.0,0.0,10674.17812145721,3.0764947350669414
liquid_hydrogen,ATRCCS,,grid,ATRCCS_H_grid_E,Finland,1,2024,1071.5586562085573,7214.926538908136,8286.485195116693,2.0495137419617566,330.87093754752107,0.3349318582779358,304.99246862981187,0.014256,47.19914591049387,0.1623805307856065,8969.54774720452,2.561082131025299
liquid_hydrogen,ATRCCS,,grid,ATRCCS_H_grid_E,Portugal,1,2024,902.887386249803,6673.751792006981,7576.639178256784,2.4847932450673467,155.78194980131548,0.1579585164365832,265.3297281973415,0.022176,46.64877898577206,0.1604870881895763,8044.399635241214,2.825414849693506
liquid_hydrogen,ATRCCS,,grid,ATRCCS_H_grid_E,Germany,1,2024,1021.9494591618648,8181.031443419636,9202.9809025815,5.0094143630797685,338.61147577132436,0.3427557022258079,323.32978026732064,0.0681119999999999,0.0,0.0,9864.922158620144,5.420282065305576
liquid_hydrogen,ATRCCS,,grid,ATRCCS_H_grid_E,Greece,1,2024,912.8092256591414,5347.932534721682,6260.7417603808235,4.748246661216415,135.93126007286196,0.1378941883236556,285.9370658698397,0.06336,116.6112174800283,0.4011808058109977,6799.221303803553,5.350681655351068
liquid_hydrogen,ATRCCS,,grid,ATRCCS_H_grid_E,France,1,2024,1002.105780343188,7731.156651009095,8733.262431352283,1.7448180897878434,466.7437545570985,0.472266974558569,299.1431049223241,0.008712,0.0,0.0,9499.149290831707,2.2257970643464122
liquid_hydrogen,ATRCCS,,grid,ATRCCS_H_grid_E,Brazil,1,2024,912.8092256591414,6942.796728475998,7855.60595413514,2.3868553568685886,1251.7868275768665,1.2657588892134022,263.7610658698398,0.020394,224.88486033638927,0.7736776223942433,9596.038707918235,4.4466858684762345
liquid_hydrogen,ATRCCS,,grid,ATRCCS_H_grid_E,United Kingdom,1,2024,1056.6758970945496,8966.54134963869,10023.21724673324,3.5621100152536815,225.3250961844594,0.2282501045941831,363.2804621210645,0.041778,21.947985706621512,0.0755082639731354,10633.770790745386,3.907646383821
liquid_hydrogen,ATRCCS,,grid,ATRCCS_H_grid_E,Spain,1,2024,922.73106506848,5646.681173397311,6569.412238465791,2.854780822707098,380.43443665151494,0.3850287728965696,268.132403542338,0.028908,57.552427166144064,0.1979992114467616,7275.531505825788,3.466716807050429
liquid_hydrogen,ATRCCS,,grid,ATRCCS_H_grid_E,Sweden,1,2024,1091.4023350272344,9416.230419473566,10507.6327545008,1.6577621891667256,402.0181929118524,0.4068448192627633,298.97498647480853,0.007128,20.06127838398294,0.0690173724415785,11228.687212271443,2.140752380871067
liquid_hydrogen,ATRCCS,,grid,ATRCCS_H_grid_E,Czech Republic,1,2024,902.887386249803,6705.876424102351,7608.763810352154,5.771153493514552,629.9061828437772,0.6371854001462417,281.36772819734153,0.081972,0.0,0.0,8520.037721393273,6.490310893660794
liquid_hydrogen,ATRCCS,,grid,ATRCCS_H_grid_E,Japan,1,2024,1071.5586562085573,6653.654917096572,7725.213573305129,6.511128648794054,157.72394129414766,0.1599214081566048,320.6344686298119,0.095436,467.3449690662653,1.6078198593015378,8670.916952295354,8.374305916252197
liquid_hydrogen,ATRCCS,,grid,ATRCCS_H_grid_E,Belgium,1,2024,1016.9885394571952,6109.5380393421965,7126.526578799392,2.7677249220859803,114.99418983520208,0.1167317877865259,317.28311143107146,0.027324,0.0,0.0,7558.803880065665,2.9117807098725064
liquid_hydrogen,ATRCCS,,grid,ATRCCS_H_grid_E,Poland,1,2024,917.7701453638108,9183.143436101816,10100.913581465627,7.958432996620141,194.5095199991873,0.1971028830100399,321.2877347060888,0.12177,35.13376671560605,0.1208716720975532,10651.84460288651,8.398177551727734
liquid_hydrogen,ATRCCS,,grid,ATRCCS_H_grid_E,India,1,2024,878.0827877264568,4450.980880899029,5329.063668625486,8.970457841340638,745.2048393846368,0.7537249313898133,254.30238401609589,0.140184,259.4496461488906,0.8925918137096608,6588.020538175109,10.756958586440112
liquid_hydrogen,ATRCCS,,grid,ATRCCS_H_grid_E,Indonesia,1,2024,798.7080724517485,5647.735293295941,6446.443365747689,8.295774611526975,257.5424918161488,0.2608142323771918,222.49968263610975,0.127908,391.9007891992175,1.3482671547943936,7318.386329399165,10.03276399869856
liquid_hydrogen,ATRCCS,,grid,ATRCCS_H_grid_E,South Korea,1,2024,932.6529044778182,4747.494672422303,5680.147576900121,5.771153493514552,126.20181287878846,0.1280600302399958,266.36574121483625,0.081972,451.37308722129234,1.5528713511961172,6524.088218215038,7.534056874950665
liquid_hydrogen,ATRCCS,,grid,ATRCCS_H_grid_E,China,1,2024,907.8483059544722,4056.642931510191,4964.491237464663,7.359923679849956,1422.9103352979398,1.4387240734825033,255.14039703359072,0.11088,434.59410452671375,1.4951461516521478,7077.136074322907,10.404673904984609
liquid_hydrogen,ATRCCS,,grid,ATRCCS_H_grid_E,United Arab Emirates,1,2024,947.5356635918262,1485.6120188056268,2433.147682397453,5.433811878607719,188.6948708838179,0.1912256550996622,269.06174772358366,0.075834,251.34853696441075,0.8647213430909217,3142.252837969266,6.565592876798304
liquid_hydrogen,ATRCCS,,grid,ATRCCS_H_grid_E,United States,1,2024,992.1839409338492,3544.73718615569,4536.921127089539,5.444693866185359,1609.3398036046551,1.6271599451420615,288.0397672498259,0.076032,136.4865495503076,0.4695584619921574,6570.787247494327,7.6174442733195775
liquid_hydrogen,ATRCCS,,grid,ATRCCS_H_grid_E,Turkey,1,2024,907.8483059544722,3338.8046903720847,4246.652996326557,6.3805447978623775,174.60991317217503,0.176989111339773,266.4263970335907,0.09306,141.20544502485285,0.4857930089759428,4828.8947515571745,7.1363869181780935
liquid_hydrogen,ATRCCS,,grid,ATRCCS_H_grid_E,Australia,1,2024,1016.9885394571952,5084.196959430612,6101.185498887808,7.272867779228838,1431.9328260410734,1.447843666662513,311.7391114310714,0.109296,398.68764166437,1.3716161515695673,8243.545078024323,10.201623597460918
liquid_hydrogen,ATRCCS,,grid,ATRCCS_H_grid_E,Malaysia,1,2024,868.1609483171183,3004.906820151372,3873.06776846849,7.838731133266104,131.0004864593708,0.132910348417587,251.9110463435976,0.119592,340.29400284675506,1.170722896346507,4596.273304118213,9.261956378030199
liquid_hydrogen,ATRCCS,,grid,ATRCCS_H_grid_E,Canada,1,2024,1012.0276197525264,2352.9173925522887,3364.945012304815,3.1703584624586507,2038.38644093734,2.060824096108664,285.2984425948223,0.03465,123.67505672102308,0.4254827278735726,5812.304952558001,5.691315286440887
liquid_hydrogen,ATRCCS,,grid,ATRCCS_H_grid_E,Mexico,1,2024,873.1218680217873,3256.8996851665115,4130.021553188299,6.979054114632564,583.2052316904606,0.5899818409780763,269.63971517984675,0.10395,208.34439745184173,0.7167730091682802,5191.2108975104475,8.38975896477892
liquid_hydrogen,ATRCCS,,grid,ATRCCS_H_grid_E,Thailand,1,2024,883.0437074311259,3154.818472982836,4037.8621804139616,7.294631754384117,202.49409307689865,0.2051733881796016,255.99305285234496,0.109692,377.7954983364259,1.299740331416511,4874.144824679631,8.90923747398023
liquid_hydrogen,ATRCCS,,grid,ATRCCS_H_grid_E,Russia,1,2024,937.6138241824876,1592.0589106944203,2529.672734876908,6.152023058731944,2493.0148831277284,2.5203453700975524,262.51241005108545,0.088902,50.64148935263056,0.1742233204060057,5335.841517408353,8.935493749235501
liquid_hydrogen,ATRCCS,,grid,ATRCCS_H_grid_E,Saudi Arabia,1,2024,947.5356635918262,1028.2326814781916,1975.768345070018,7.272867779228838,512.660239354775,0.5186776247362443,260.74574772358363,0.109296,158.16376033952247,0.5441351715067588,2907.338092487899,8.444976575471841
liquid_hydrogen,BG,,grid,BG_H_grid_E,South Africa,1,2024,953.10534,2198.0434200894724,3151.1487600894725,7.518780346895058,438.1704908749996,0.4433861978391045,259.92307237858716,0.140382,289.6858328474884,0.9966142054360204,4138.928156190548,9.099162750170184
liquid_hydrogen,BG,,grid,BG_H_grid_E,Taiwan,1,2024,937.81488,2971.235994693276,3909.050874693276,6.863240346895058,108.29765925058994,0.1099631873647823,271.8790658698398,0.125928,414.22374866161965,1.4250654513797674,4703.451348475325,8.524196985639607
liquid_hydrogen,BG,,grid,BG_H_grid_E,Switzerland,1,2024,1126.39722,4426.633421251269,5553.030641251269,1.484220346895058,492.6853966182634,0.4984878074476782,342.15581281105756,0.007326,0.0,0.0,6387.87185068059,1.9900341543427362
liquid_hydrogen,BG,,grid,BG_H_grid_E,Singapore,1,2024,942.9117,4365.449042774282,5308.360742774282,5.632980346895058,6.688572663865257,0.0072605568557443,296.5377347060888,0.098802,344.8307856143193,1.18633091593341,5956.417835758555,6.9253738196842125
liquid_hydrogen,BG,,grid,BG_H_grid_E,Hungary,1,2024,917.4276,3288.285958399352,4205.713558399351,2.7953003468950577,933.4787080320028,0.9440250533153642,272.6403905248432,0.036234,0.0,0.0,5411.832656956198,3.775559400210422
liquid_hydrogen,BG,,grid,BG_H_grid_E,Philippines,1,2024,912.33078,2762.091160736214,3674.4219407362143,6.656700346895057,173.897979404711,0.1762695155523986,261.44572168859406,0.121374,398.4059682729832,1.3706471027887204,4508.171610102502,8.324990965236177
liquid_hydrogen,BG,,grid,BG_H_grid_E,Netherlands,1,2024,1044.8481,3780.568714094064,4825.416814094064,3.4239003468950577,82.54212485506892,0.0839304650813442,311.54111143107144,0.050094,0.0,0.0,5219.500050380205,3.557924811976402
liquid_hydrogen,BG,,grid,BG_H_grid_E,Norway,1,2024,1156.9781400000002,2801.5129881570547,3958.491128157055,1.430340346895058,383.8823986934868,0.3885138428199527,318.4418258285524,0.006138,24.237089913799533,0.083383532667404,4685.052442592893,1.9083757223824147
liquid_hydrogen,BG,,grid,BG_H_grid_E,Oman,1,2024,973.49262,3188.8705109239936,4162.363130923994,6.046060346895058,324.730500960653,0.328725336684938,287.07974772358364,0.10791,245.730208915526,0.8453924532750845,5019.903588523757,7.328088136855081
liquid_hydrogen,BG,,grid,BG_H_grid_E,Italy,1,2024,978.58944,5819.917402309714,6798.506842309714,3.7382003468950575,221.43586699612143,0.2243190184904427,339.4584165598328,0.057024,92.5368656281945,0.3183571454118573,7451.937991493862,4.337900510797358
liquid_hydrogen,BG,,grid,BG_H_grid_E,Austria,1,2024,1060.13856,4323.081402662114,5383.219962662113,2.0769003468950578,661.6247967655381,0.6692453781983527,327.30511793981884,0.020394,0.0,0.0,6372.14987736747,2.7665397250934105
liquid_hydrogen,BG,,grid,BG_H_grid_E,Finland,1,2024,1100.91312,2857.4585598684225,3958.3716798684222,1.798520346895058,330.87093754752107,0.3349318582779358,304.99246862981187,0.014256,47.19914591049387,0.1623805307856065,4641.434231956249,2.3100887359586
liquid_hydrogen,BG,,grid,BG_H_grid_E,Portugal,1,2024,927.62124,2915.4866539258915,3843.1078939258914,2.157720346895058,155.78194980131548,0.1579585164365832,265.3297281973415,0.022176,46.64877898577206,0.1604870881895763,4310.86835091032,2.4983419515212173
liquid_hydrogen,BG,,grid,BG_H_grid_E,Germany,1,2024,1049.94492,4262.367466518574,5312.3123865185735,4.241080346895058,338.61147577132436,0.3427557022258079,323.32978026732064,0.0681119999999999,0.0,0.0,5974.253642557218,4.651948049120866
liquid_hydrogen,BG,,grid,BG_H_grid_E,Greece,1,2024,937.81488,3660.5173211969486,4598.3322011969485,4.025560346895058,135.93126007286196,0.1378941883236556,285.9370658698397,0.06336,116.6112174800283,0.4011808058109977,5136.811744619678,4.627995341029711
liquid_hydrogen,BG,,grid,BG_H_grid_E,France,1,2024,1029.5576400000002,3397.652707005136,4427.210347005136,1.5470803468950578,466.7437545570985,0.472266974558569,299.1431049223241,0.008712,0.0,0.0,5193.097206484558,2.0280593214536267
liquid_hydrogen,BG,,grid,BG_H_grid_E,Brazil,1,2024,937.81488,2731.4106681374833,3669.225548137483,2.0769003468950578,1251.7868275768665,1.2657588892134022,263.7610658698398,0.020394,224.88486033638927,0.7736776223942433,5409.658301920579,4.136730858502704
liquid_hydrogen,BG,,grid,BG_H_grid_E,United Kingdom,1,2024,1085.6226599999998,5577.205491527146,6662.828151527146,3.046740346895058,225.3250961844594,0.2282501045941831,363.2804621210645,0.041778,21.947985706621512,0.0755082639731354,7273.381695539291,3.3922767154623763
liquid_hydrogen,BG,,grid,BG_H_grid_E,Spain,1,2024,948.00852,2820.1780497935138,3768.1865697935136,2.463040346895058,380.43443665151494,0.3850287728965696,268.132403542338,0.028908,57.552427166144064,0.1979992114467616,4474.305837153511,3.074976331238389
liquid_hydrogen,BG,,grid,BG_H_grid_E,Sweden,1,2024,1121.3004,2465.6980039377413,3586.9984039377414,1.475240346895058,402.0181929118524,0.4068448192627633,298.97498647480853,0.007128,20.06127838398294,0.0690173724415785,4308.0528617083855,1.9582305385993999
liquid_hydrogen,BG,,grid,BG_H_grid_E,Czech Republic,1,2024,927.62124,3615.5584840321194,4543.179724032119,4.869680346895057,629.9061828437772,0.6371854001462417,281.36772819734153,0.081972,0.0,0.0,5454.453635073238,5.5888377470413
liquid_hydrogen,BG,,grid,BG_H_grid_E,Japan,1,2024,1100.91312,3463.186365939687,4564.099485939687,5.480320346895057,157.72394129414766,0.1599214081566048,320.6344686298119,0.095436,467.3449690662653,1.6078198593015378,5509.802864929912,7.3434976143532005
liquid_hydrogen,BG,,grid,BG_H_grid_E,Belgium,1,2024,1044.8481,3990.704838873085,5035.552938873085,2.391200346895058,114.99418983520208,0.1167317877865259,317.28311143107146,0.027324,0.0,0.0,5467.830240139358,2.535256134681584
liquid_hydrogen,BG,,grid,BG_H_grid_E,Poland,1,2024,942.9117,5255.980918040674,6198.892618040673,6.674660346895058,194.5095199991873,0.1971028830100399,321.2877347060888,0.12177,35.13376671560605,0.1208716720975532,6749.823639461555,7.114404902002651
liquid_hydrogen,BG,,grid,BG_H_grid_E,India,1,2024,902.13714,2595.127435010245,3497.2645750102447,7.509800346895058,745.2048393846368,0.7537249313898133,254.30238401609589,0.140184,259.4496461488906,0.8925918137096608,4756.221444559868,9.29630109199453
liquid_hydrogen,BG,,grid,BG_H_grid_E,Indonesia,1,2024,820.58802,2152.1938357230674,2972.7818557230676,6.953040346895058,257.5424918161488,0.2608142323771918,222.49968263610975,0.127908,391.9007891992175,1.3482671547943936,3844.7248193745436,8.690029734066643
liquid_hydrogen,BG,,grid,BG_H_grid_E,South Korea,1,2024,958.20216,2590.207285997899,3548.4094459978987,4.869680346895057,126.20181287878846,0.1280600302399958,266.36574121483625,0.081972,451.37308722129234,1.5528713511961172,4392.350087312816,6.632583728331171
liquid_hydrogen,BG,,grid,BG_H_grid_E,China,1,2024,932.71806,2291.6821160751856,3224.4001760751858,6.180760346895058,1422.9103352979398,1.4387240734825033,255.14039703359072,0.11088,434.59410452671375,1.4951461516521478,5337.0450129334295,9.225510572029709
liquid_hydrogen,BG,,grid,BG_H_grid_E,United Arab Emirates,1,2024,973.49262,2369.7905109239928,3343.2831309239928,4.591300346895058,188.6948708838179,0.1912256550996622,269.06174772358366,0.075834,251.34853696441075,0.8647213430909217,4052.3882864958055,5.723081345085642
liquid_hydrogen,BG,,grid,BG_H_grid_E,United States,1,2024,1019.364,2877.5790491521066,3896.9430491521066,4.600280346895058,1609.3398036046551,1.6271599451420615,288.0397672498259,0.076032,136.4865495503076,0.4695584619921574,5930.809169556895,6.773030754029277
liquid_hydrogen,BG,,grid,BG_H_grid_E,Turkey,1,2024,932.71806,2760.9432032409222,3693.6612632409224,5.372560346895058,174.60991317217503,0.176989111339773,266.4263970335907,0.09306,141.20544502485285,0.4857930089759428,4275.90301847154,6.1284024672107735
liquid_hydrogen,BG,,grid,BG_H_grid_E,Australia,1,2024,1044.8481,3682.46620165306,4727.31430165306,6.108920346895058,1431.9328260410734,1.447843666662513,311.7391114310714,0.109296,398.68764166437,1.3716161515695673,6869.673880789575,9.037676165127138
liquid_hydrogen,BG,,grid,BG_H_grid_E,Malaysia,1,2024,891.9435,2555.4241163298907,3447.3676163298906,6.575880346895058,131.0004864593708,0.132910348417587,251.9110463435976,0.119592,340.29400284675506,1.170722896346507,4170.573151979614,7.999105591659152
liquid_hydrogen,BG,,grid,BG_H_grid_E,Canada,1,2024,1039.75128,2460.488649604917,3500.239929604917,2.723460346895058,2038.38644093734,2.060824096108664,285.2984425948223,0.03465,123.67505672102308,0.4254827278735726,5947.5998698581025,5.244417170877295
liquid_hydrogen,BG,,grid,BG_H_grid_E,Mexico,1,2024,897.04032,3280.2428697376563,4177.283189737656,5.8664603468950585,583.2052316904606,0.5899818409780763,269.63971517984675,0.10395,208.34439745184173,0.7167730091682802,5238.472534059805,7.277165197041415
liquid_hydrogen,BG,,grid,BG_H_grid_E,Thailand,1,2024,907.23396,2565.916424752512,3473.150384752512,6.126880346895058,202.49409307689865,0.2051733881796016,255.99305285234496,0.109692,377.7954983364259,1.299740331416511,4309.4330290181815,7.741486066491171
liquid_hydrogen,BG,,grid,BG_H_grid_E,Russia,1,2024,963.29898,2184.0441649024747,3147.3431449024747,5.1839803468950585,2493.0148831277284,2.5203453700975524,262.51241005108545,0.088902,50.64148935263056,0.1742233204060057,5953.5119274339195,7.967451037398616
liquid_hydrogen,BG,,grid,BG_H_grid_E,Saudi Arabia,1,2024,973.49262,1989.7805406297705,2963.2731606297702,6.108920346895058,512.660239354775,0.5186776247362443,260.74574772358363,0.109296,158.16376033952247,0.5441351715067588,3894.8429080476512,7.281029143138061
liquid_hydrogen,LTE,,grid,LTE_H_grid_E,South Africa,1,2024,1084.38495,5406.784642738027,6491.169592738028,41.85229894138,438.1704908749996,0.4433861978391045,259.92307237858716,0.140382,289.6858328474884,0.9966142054360204,7478.948988839103,43.43268134465512
liquid_hydrogen,LTE,,grid,LTE_H_grid_E,Taiwan,1,2024,1066.9884,10119.369878423646,11186.358278423646,37.543105961520006,108.29765925058994,0.1099631873647823,271.8790658698398,0.125928,414.22374866161965,1.4250654513797674,11980.758752205695,39.20406260026456
liquid_hydrogen,LTE,,grid,LTE_H_grid_E,Switzerland,1,2024,1281.5458500000002,16922.077991275804,18203.623841275803,2.18411151034,492.6853966182634,0.4984878074476782,342.15581281105756,0.007326,0.0,0.0,19038.465050705126,2.6899253177876785
liquid_hydrogen,LTE,,grid,LTE_H_grid_E,Singapore,1,2024,1072.78725,17128.931642159845,18201.718892159846,29.455990369180004,6.688572663865257,0.0072605568557443,296.5377347060888,0.098802,344.8307856143193,1.18633091593341,18849.77598514412,30.748383841969158
liquid_hydrogen,LTE,,grid,LTE_H_grid_E,Hungary,1,2024,1043.793,11895.769182613783,12939.562182613785,10.80249747006,933.4787080320028,0.9440250533153642,272.6403905248432,0.036234,0.0,0.0,14145.68128117063,11.782756523375365
liquid_hydrogen,LTE,,grid,LTE_H_grid_E,Philippines,1,2024,1037.9941499999998,8927.143245036325,9965.137395036323,36.18541502266,173.897979404711,0.1762695155523986,261.44572168859406,0.121374,398.4059682729832,1.3706471027887204,10798.887064402614,37.85370564100113
liquid_hydrogen,LTE,,grid,LTE_H_grid_E,Netherlands,1,2024,1188.7642499999995,13915.010115264287,15103.774365264288,14.93460032746,82.54212485506892,0.0839304650813442,311.54111143107144,0.050094,0.0,0.0,15497.857601550428,15.068624792541344
liquid_hydrogen,LTE,,grid,LTE_H_grid_E,Norway,1,2024,1316.33895,7522.038068640243,8838.377018640243,1.82993126542,383.8823986934868,0.3885138428199527,318.4418258285524,0.006138,24.237089913799533,0.083383532667404,9564.938333076083,2.3079666409073565
liquid_hydrogen,LTE,,grid,LTE_H_grid_E,Oman,1,2024,1107.5803500000002,11968.45291822878,13076.03326822878,32.171372246900006,324.730500960653,0.328725336684938,287.07974772358364,0.10791,245.730208915526,0.8453924532750845,13933.573725828543,33.453400036860025
liquid_hydrogen,LTE,,grid,LTE_H_grid_E,Italy,1,2024,1113.3792,27233.540029160675,28346.91922916067,17.00065175616,221.43586699612143,0.2243190184904427,339.4584165598328,0.057024,92.5368656281945,0.3183571454118573,29000.350378344818,17.600351920062298
liquid_hydrogen,LTE,,grid,LTE_H_grid_E,Austria,1,2024,1206.1608,17462.589538248485,18668.750338248487,6.08009420446,661.6247967655381,0.6692453781983527,327.30511793981884,0.020394,0.0,0.0,19657.68025295384,6.769733582658352
liquid_hydrogen,LTE,,grid,LTE_H_grid_E,Finland,1,2024,1252.5515999999998,7733.814320436935,8986.365920436936,4.25016293904,330.87093754752107,0.3349318582779358,304.99246862981187,0.014256,47.19914591049387,0.1623805307856065,9669.428472524763,4.761731328103542
liquid_hydrogen,LTE,,grid,LTE_H_grid_E,Portugal,1,2024,1055.3907,8959.384992373843,10014.775692373843,6.61136457184,155.78194980131548,0.1579585164365832,265.3297281973415,0.022176,46.64877898577206,0.1604870881895763,10482.536149358273,6.95198617646616
liquid_hydrogen,LTE,,grid,LTE_H_grid_E,Germany,1,2024,1194.5630999999998,17069.33409842315,18263.89719842315,20.30633404208,338.61147577132436,0.3427557022258079,323.32978026732064,0.0681119999999999,0.0,0.0,18925.8384544618,20.717201744305807
liquid_hydrogen,LTE,,grid,LTE_H_grid_E,Greece,1,2024,1066.9884,14330.49933862888,15397.48773862888,18.8896130624,135.93126007286196,0.1378941883236556,285.9370658698397,0.06336,116.6112174800283,0.4011808058109977,15935.967282051612,19.492048056534653
liquid_hydrogen,LTE,,grid,LTE_H_grid_E,France,1,2024,1171.3677,11377.880722531148,12549.248422531147,2.5973217960799997,466.7437545570985,0.472266974558569,299.1431049223241,0.008712,0.0,0.0,13315.135282010571,3.0783007706385686
liquid_hydrogen,LTE,,grid,LTE_H_grid_E,Brazil,1,2024,1066.9884,7702.731502631394,8769.719902631394,6.08009420446,1251.7868275768665,1.2657588892134022,263.7610658698398,0.020394,224.88486033638927,0.7736776223942433,10510.15265641449,8.139924716067645
liquid_hydrogen,LTE,,grid,LTE_H_grid_E,United Kingdom,1,2024,1235.1550499999998,26245.589810777856,27480.744860777857,12.45533861302,225.3250961844594,0.2282501045941831,363.2804621210645,0.041778,21.947985706621512,0.0755082639731354,28091.298404790003,12.80087498158732
liquid_hydrogen,LTE,,grid,LTE_H_grid_E,Spain,1,2024,1078.5861,8277.982214841286,9356.568314841286,8.61838595972,380.43443665151494,0.3850287728965696,268.132403542338,0.028908,57.552427166144064,0.1979992114467616,10062.687582201283,9.23032194406333
liquid_hydrogen,LTE,,grid,LTE_H_grid_E,Sweden,1,2024,1275.747,4402.6589869265445,5678.405986926545,2.12508146952,402.0181929118524,0.4068448192627633,298.97498647480853,0.007128,20.06127838398294,0.0690173724415785,6399.460444697189,2.6080716612243418
liquid_hydrogen,LTE,,grid,LTE_H_grid_E,Czech Republic,1,2024,1055.3907,13755.436517857395,14810.827217857395,24.438436899480003,629.9061828437772,0.6371854001462417,281.36772819734153,0.081972,0.0,0.0,15722.101128898514,25.157594299626243
liquid_hydrogen,LTE,,grid,LTE_H_grid_E,Japan,1,2024,1252.5515999999998,12350.658709373569,13603.210309373568,28.45247967524,157.72394129414766,0.1599214081566048,320.6344686298119,0.095436,467.3449690662653,1.6078198593015378,14548.913688363793,30.315656942698144
liquid_hydrogen,LTE,,grid,LTE_H_grid_E,Belgium,1,2024,1188.7642499999995,15651.02260458597,16839.78685458597,8.146145633160002,114.99418983520208,0.1167317877865259,317.28311143107146,0.027324,0.0,0.0,17272.064155852244,8.290201420946527
liquid_hydrogen,LTE,,grid,LTE_H_grid_E,Poland,1,2024,1072.78725,24479.236056171576,25552.023306171577,36.3034751043,194.5095199991873,0.1971028830100399,321.2877347060888,0.12177,35.13376671560605,0.1208716720975532,26102.954327592463,36.743219659407586
liquid_hydrogen,LTE,,grid,LTE_H_grid_E,India,1,2024,1026.39645,7562.753288719406,8589.149738719405,41.79326890056,745.2048393846368,0.7537249313898133,254.30238401609589,0.140184,259.4496461488906,0.8925918137096608,9848.106608269029,43.57976964565947
liquid_hydrogen,LTE,,grid,LTE_H_grid_E,Indonesia,1,2024,933.61485,4251.589614981953,5185.204464981953,38.13340636972,257.5424918161488,0.2608142323771918,222.49968263610975,0.127908,391.9007891992175,1.3482671547943936,6057.147428633429,39.87039575689158
liquid_hydrogen,LTE,,grid,LTE_H_grid_E,South Korea,1,2024,1090.1838,6958.665225958223,8048.849025958223,24.438436899480003,126.20181287878846,0.1280600302399958,266.36574121483625,0.081972,451.37308722129234,1.5528713511961172,8892.78966727314,26.201340280916117
liquid_hydrogen,LTE,,grid,LTE_H_grid_E,China,1,2024,1061.1895499999998,5505.739206175671,6566.928756175671,33.056822859200004,1422.9103352979398,1.4387240734825033,255.14039703359072,0.11088,434.59410452671375,1.4951461516521478,8679.573593033916,36.10157308433466
liquid_hydrogen,LTE,,grid,LTE_H_grid_E,United Arab Emirates,1,2024,1107.5803500000002,6591.281836808779,7698.862186808779,22.60850563406,188.6948708838179,0.1912256550996622,269.06174772358366,0.075834,251.34853696441075,0.8647213430909217,8407.967342380593,23.74028663225058
liquid_hydrogen,LTE,,grid,LTE_H_grid_E,United States,1,2024,1159.77,8841.45025089813,10001.22025089813,22.66753567488,1609.3398036046551,1.6271599451420615,288.0397672498259,0.076032,136.4865495503076,0.4695584619921574,12035.086371302918,24.84028608201422
liquid_hydrogen,LTE,,grid,LTE_H_grid_E,Turkey,1,2024,1061.1895499999998,8875.478646871854,9936.668196871851,27.7441191854,174.60991317217503,0.176989111339773,266.4263970335907,0.09306,141.20544502485285,0.4857930089759428,10518.90995210247,28.499961305715715
liquid_hydrogen,LTE,,grid,LTE_H_grid_E,Australia,1,2024,1188.7642499999995,13986.45359701167,15175.21784701167,32.584582532640006,1431.9328260410734,1.447843666662513,311.7391114310714,0.109296,398.68764166437,1.3716161515695673,17317.577426148186,35.51333835087209
liquid_hydrogen,LTE,,grid,LTE_H_grid_E,Malaysia,1,2024,1014.79875,7624.51802905187,8639.316779051871,35.65414465528,131.0004864593708,0.132910348417587,251.9110463435976,0.119592,340.29400284675506,1.170722896346507,9362.522314701593,37.07736990004409
liquid_hydrogen,LTE,,grid,LTE_H_grid_E,Canada,1,2024,1182.9654,6466.100916973322,7649.066316973322,10.3302571435,2038.38644093734,2.060824096108664,285.2984425948223,0.03465,123.67505672102308,0.4254827278735726,10096.426257226507,12.851213967482236
liquid_hydrogen,LTE,,grid,LTE_H_grid_E,Mexico,1,2024,1020.5975999999998,12529.793874586034,13550.391474586031,30.9907714305,583.2052316904606,0.5899818409780763,269.63971517984675,0.10395,208.34439745184173,0.7167730091682802,14611.58081890818,32.40147628064636
liquid_hydrogen,LTE,,grid,LTE_H_grid_E,Thailand,1,2024,1032.1953,7684.727883729921,8716.923183729921,32.70264261428,202.49409307689865,0.2051733881796016,255.99305285234496,0.109692,377.7954983364259,1.299740331416511,9553.20582799559,34.317248333876115
liquid_hydrogen,LTE,,grid,LTE_H_grid_E,Russia,1,2024,1095.98265,5390.948176130567,6486.930826130567,26.504488328180003,2493.0148831277284,2.5203453700975524,262.51241005108545,0.088902,50.64148935263056,0.1742233204060057,9293.099608662013,29.287959018683562
liquid_hydrogen,LTE,,grid,LTE_H_grid_E,Saudi Arabia,1,2024,1107.5803500000002,4110.674691633768,5218.255041633768,32.584582532640006,512.660239354775,0.5186776247362443,260.74574772358363,0.109296,158.16376033952247,0.5441351715067588,6149.824789051649,33.75669132888301
liquid_hydrogen,SMR,,grid,SMR_H_grid_E,South Africa,1,2024,740.3525314887445,1433.3864394798863,2173.738970968631,16.623127475148582,438.1704908749996,0.4433861978391045,259.92307237858716,0.140382,289.6858328474884,0.9966142054360204,3161.518367069706,18.203509878423706
liquid_hydrogen,SMR,,grid,SMR_H_grid_E,Taiwan,1,2024,728.4752181493528,3258.60652007871,3987.081738228063,15.991974538648536,108.29765925058994,0.1099631873647823,271.8790658698398,0.125928,414.22374866161965,1.4250654513797674,4781.482212010112,17.652931177393086
liquid_hydrogen,SMR,,grid,SMR_H_grid_E,Switzerland,1,2024,874.9620826685161,10247.79718453795,11122.759267206467,10.81306208709333,492.6853966182634,0.4984878074476782,342.15581281105756,0.007326,0.0,0.0,11957.600476635787,11.318875894541009
liquid_hydrogen,SMR,,grid,SMR_H_grid_E,Singapore,1,2024,732.4343225958166,10929.38396739033,11661.818289986146,14.807482041381316,6.688572663865257,0.0072605568557443,296.5377347060888,0.098802,344.8307856143193,1.18633091593341,12309.87538297042,16.09987551417047
liquid_hydrogen,SMR,,grid,SMR_H_grid_E,Hungary,1,2024,712.6388003634972,4751.312310517022,5463.951110880519,12.07536796009343,933.4787080320028,0.9440250533153642,272.6403905248432,0.036234,0.0,0.0,6670.0702094373655,13.055627013408795
liquid_hydrogen,SMR,,grid,SMR_H_grid_E,Philippines,1,2024,708.6796959170334,3029.0237218192506,3737.703417736284,15.793118133997831,173.897979404711,0.1762695155523986,261.44572168859406,0.121374,398.4059682729832,1.3706471027887204,4571.453087102572,17.46140875233895
liquid_hydrogen,SMR,,grid,SMR_H_grid_E,Netherlands,1,2024,811.616411525094,7324.644908886233,8136.261320411327,12.68058310468252,82.54212485506892,0.0839304650813442,311.54111143107144,0.050094,0.0,0.0,8530.344556697468,12.814607569763865
liquid_hydrogen,SMR,,grid,SMR_H_grid_E,Norway,1,2024,898.7167093472995,4960.15854362826,5858.87525297556,10.761186503271407,383.8823986934868,0.3885138428199527,318.4418258285524,0.006138,24.237089913799533,0.083383532667404,6585.436567411399,11.239221878758764
liquid_hydrogen,SMR,,grid,SMR_H_grid_E,Oman,1,2024,756.1889492745998,2016.969957333428,2773.158906608028,15.20519485068272,324.730500960653,0.328725336684938,287.07974772358364,0.10791,245.730208915526,0.8453924532750845,3630.6993642077905,16.48722264064274
liquid_hydrogen,SMR,,grid,SMR_H_grid_E,Italy,1,2024,760.1480537210637,9897.562298579072,10657.710352300135,12.983190676977063,221.43586699612143,0.2243190184904427,339.4584165598328,0.057024,92.5368656281945,0.3183571454118573,11311.141501484286,13.582890840879363
liquid_hydrogen,SMR,,grid,SMR_H_grid_E,Austria,1,2024,823.4937248644858,7522.462387056983,8345.956111921469,11.383693509134472,661.6247967655381,0.6692453781983527,327.30511793981884,0.020394,0.0,0.0,9334.886026626826,12.073332887332825
liquid_hydrogen,SMR,,grid,SMR_H_grid_E,Finland,1,2024,855.1665604361967,6428.634651223476,7283.801211659673,11.115669659387876,330.87093754752107,0.3349318582779358,304.99246862981187,0.014256,47.19914591049387,0.1623805307856065,7966.863763747499,11.627238048451417
liquid_hydrogen,SMR,,grid,SMR_H_grid_E,Portugal,1,2024,720.5570092564251,5895.308669375015,6615.86567863144,11.461506884867356,155.78194980131548,0.1579585164365832,265.3297281973415,0.022176,46.64877898577206,0.1604870881895763,7083.626135615868,11.802128489493516
liquid_hydrogen,SMR,,grid,SMR_H_grid_E,Germany,1,2024,815.575515971558,7114.682198124258,7930.257714095816,13.467362792648334,338.61147577132436,0.3427557022258079,323.32978026732064,0.0681119999999999,0.0,0.0,8592.198970134461,13.878230494874142
liquid_hydrogen,SMR,,grid,SMR_H_grid_E,Greece,1,2024,728.4752181493528,4568.708655548338,5297.1838736976915,13.259860457360649,135.93126007286196,0.1378941883236556,285.9370658698397,0.06336,116.6112174800283,0.4011808058109977,5835.663417120421,13.862295451495303
liquid_hydrogen,SMR,,grid,SMR_H_grid_E,France,1,2024,799.7390981857026,6813.0164533934585,7612.755551579161,10.87358360155224,466.7437545570985,0.472266974558569,299.1431049223241,0.008712,0.0,0.0,8378.642411058583,11.354562576110807
liquid_hydrogen,SMR,,grid,SMR_H_grid_E,Brazil,1,2024,728.4752181493528,6154.818539681199,6883.293757830552,11.383693509134472,1251.7868275768665,1.2657588892134022,263.7610658698398,0.020394,224.88486033638927,0.7736776223942433,8623.726511613648,13.443524020742117
liquid_hydrogen,SMR,,grid,SMR_H_grid_E,United Kingdom,1,2024,843.2892470968051,7624.048094328789,8467.337341425595,12.317454017929066,225.3250961844594,0.2282501045941831,363.2804621210645,0.041778,21.947985706621512,0.0755082639731354,9077.89088543774,12.662990386496386
liquid_hydrogen,SMR,,grid,SMR_H_grid_E,Spain,1,2024,736.3934270422805,4981.400438130273,5717.7938651725535,11.755468526524911,380.43443665151494,0.3850287728965696,268.132403542338,0.028908,57.552427166144064,0.1979992114467616,6423.913132532551,12.367404510868242
liquid_hydrogen,SMR,,grid,SMR_H_grid_E,Sweden,1,2024,871.0029782220523,8501.006033170506,9372.009011392558,10.804416156456345,402.0181929118524,0.4068448192627633,298.97498647480853,0.007128,20.06127838398294,0.0690173724415785,10093.0634691632,11.287406348160687
liquid_hydrogen,SMR,,grid,SMR_H_grid_E,Czech Republic,1,2024,720.5570092564251,5836.423902432684,6556.980911689109,14.072577937237424,629.9061828437772,0.6371854001462417,281.36772819734153,0.081972,0.0,0.0,7468.254822730228,14.791735337383667
liquid_hydrogen,SMR,,grid,SMR_H_grid_E,Japan,1,2024,855.1665604361967,5796.349186846202,6651.515747282399,14.660501220552538,157.72394129414766,0.1599214081566048,320.6344686298119,0.095436,467.3449690662653,1.6078198593015378,7597.219126272625,16.52367848801068
liquid_hydrogen,SMR,,grid,SMR_H_grid_E,Belgium,1,2024,811.616411525094,5254.678793439749,6066.295204964843,11.686301081429017,114.99418983520208,0.1167317877865259,317.28311143107146,0.027324,0.0,0.0,6498.572506231116,11.830356869215542
liquid_hydrogen,SMR,,grid,SMR_H_grid_E,Poland,1,2024,732.4343225958166,7846.60030934188,8579.034631937697,15.810409995271806,194.5095199991873,0.1971028830100399,321.2877347060888,0.12177,35.13376671560605,0.1208716720975532,9129.965653358578,16.250154550379403
liquid_hydrogen,SMR,,grid,SMR_H_grid_E,India,1,2024,700.7614870241057,3883.806249569366,4584.567736593473,16.614481544511598,745.2048393846368,0.7537249313898133,254.30238401609589,0.140184,259.4496461488906,0.8925918137096608,5843.524606143096,18.400982289611072
liquid_hydrogen,SMR,,grid,SMR_H_grid_E,Indonesia,1,2024,637.4158158806837,5043.4563711256105,5680.872187006295,16.078433845018402,257.5424918161488,0.2608142323771918,222.49968263610975,0.127908,391.9007891992175,1.3482671547943936,6552.815150657771,17.81542323218999
liquid_hydrogen,SMR,,grid,SMR_H_grid_E,South Korea,1,2024,744.3116359352082,4173.460777997687,4917.772413932895,14.072577937237424,126.20181287878846,0.1280600302399958,266.36574121483625,0.081972,451.37308722129234,1.5528713511961172,5761.713055247812,15.835481318673537
liquid_hydrogen,SMR,,grid,SMR_H_grid_E,China,1,2024,724.5161137028889,3571.3191906269976,4295.835304329887,15.334883810237525,1422.9103352979398,1.4387240734825033,255.14039703359072,0.11088,434.59410452671375,1.4951461516521478,6408.480141188131,18.379634035372177
liquid_hydrogen,SMR,,grid,SMR_H_grid_E,United Arab Emirates,1,2024,756.1889492745998,1223.8324913690035,1980.0214406436037,13.804554087490828,188.6948708838179,0.1912256550996622,269.06174772358366,0.075834,251.34853696441075,0.8647213430909217,2689.126596215416,14.936335085681414
liquid_hydrogen,SMR,,grid,SMR_H_grid_E,United States,1,2024,791.8208892927747,3060.9948027615696,3852.815692054344,13.813200018127812,1609.3398036046551,1.6271599451420615,288.0397672498259,0.076032,136.4865495503076,0.4695584619921574,5886.681812459132,15.98595042526203
liquid_hydrogen,SMR,,grid,SMR_H_grid_E,Turkey,1,2024,724.5161137028889,2849.368955859393,3573.885069562282,14.556750052908694,174.60991317217503,0.176989111339773,266.4263970335907,0.09306,141.20544502485285,0.4857930089759428,4156.1268247929,15.31259217322441
liquid_hydrogen,SMR,,grid,SMR_H_grid_E,Australia,1,2024,811.616411525094,4359.666760457439,5171.283171982533,15.265716365141628,1431.9328260410734,1.447843666662513,311.7391114310714,0.109296,398.68764166437,1.3716161515695673,7313.642751119048,18.194472183373712
liquid_hydrogen,SMR,,grid,SMR_H_grid_E,Malaysia,1,2024,692.8432781311778,2568.581455169098,3261.424733300275,15.71530475826495,131.0004864593708,0.132910348417587,251.9110463435976,0.119592,340.29400284675506,1.170722896346507,3984.6302689499985,17.138530003029043
liquid_hydrogen,SMR,,grid,SMR_H_grid_E,Canada,1,2024,807.6573070786303,2026.0094739063516,2833.666780984982,12.006200514997536,2038.38644093734,2.060824096108664,285.2984425948223,0.03465,123.67505672102308,0.4254827278735726,5281.026721238168,14.527157338979771
liquid_hydrogen,SMR,,grid,SMR_H_grid_E,Mexico,1,2024,696.8023825776418,2698.073620612401,3394.876003190043,15.032276237942977,583.2052316904606,0.5899818409780763,269.63971517984675,0.10395,208.34439745184173,0.7167730091682802,4456.065347512192,16.442981088089333
liquid_hydrogen,SMR,,grid,SMR_H_grid_E,Thailand,1,2024,704.7205914705696,2705.8185581132475,3410.539149583817,15.283008226415602,202.49409307689865,0.2051733881796016,255.99305285234496,0.109692,377.7954983364259,1.299740331416511,4246.821793849486,16.897613946011713
liquid_hydrogen,SMR,,grid,SMR_H_grid_E,Russia,1,2024,748.2707403816722,1334.4887185829282,2082.7594589646005,14.375185509531969,2493.0148831277284,2.5203453700975524,262.51241005108545,0.088902,50.64148935263056,0.1742233204060057,4888.928241496045,17.15865620003553
liquid_hydrogen,SMR,,grid,SMR_H_grid_E,Saudi Arabia,1,2024,756.1889492745998,860.3675622368049,1616.5565115114048,15.265716365141628,512.660239354775,0.5186776247362443,260.74574772358363,0.109296,158.16376033952247,0.5441351715067588,2548.1262589292855,16.437825161384634
liquid_hydrogen,SMRCCS,,grid,SMRCCS_H_grid_E,South Africa,1,2024,1013.6891058200858,1752.6030460781872,2766.292151898273,8.964143455195629,438.1704908749996,0.4433861978391045,259.92307237858716,0.140382,289.6858328474884,0.9966142054360204,3754.0715479993487,10.544525858470754
liquid_hydrogen,SMRCCS,,grid,SMRCCS_H_grid_E,Taiwan,1,2024,997.4267137481056,4009.907071432756,5007.333785180861,8.23142295830122,108.29765925058994,0.1099631873647823,271.8790658698398,0.125928,414.22374866161965,1.4250654513797674,5801.734258962911,9.89237959704577
liquid_hydrogen,SMRCCS,,grid,SMRCCS_H_grid_E,Switzerland,1,2024,1197.9962159691922,12877.128145380855,14075.124361350048,2.2190999769347592,492.6853966182634,0.4984878074476782,342.15581281105756,0.007326,0.0,0.0,14909.965570779368,2.724913784382437
liquid_hydrogen,SMRCCS,,grid,SMRCCS_H_grid_E,Singapore,1,2024,1002.8475111054324,13747.531612539144,14750.379123644578,6.856317368239107,6.688572663865257,0.0072605568557443,296.5377347060888,0.098802,344.8307856143193,1.18633091593341,15398.436216628852,8.148710841028262
liquid_hydrogen,SMRCCS,,grid,SMRCCS_H_grid_E,Hungary,1,2024,975.743524318799,5898.689939245396,6874.433463564195,3.684540970723579,933.4787080320028,0.9440250533153642,272.6403905248432,0.036234,0.0,0.0,8080.552562121042,4.664800024038944
liquid_hydrogen,SMRCCS,,grid,SMRCCS_H_grid_E,Philippines,1,2024,970.3227269614724,3737.590660116329,4707.913387077801,8.000565815444077,173.897979404711,0.1762695155523986,261.44572168859406,0.121374,398.4059682729832,1.3706471027887204,5541.663056444089,9.668856433785194
liquid_hydrogen,SMRCCS,,grid,SMRCCS_H_grid_E,Netherlands,1,2024,1111.2634582519654,9173.355404458413,10284.618862710378,4.387149666375754,82.54212485506892,0.0839304650813442,311.54111143107144,0.050094,0.0,0.0,10678.702098996519,4.521174131457098
liquid_hydrogen,SMRCCS,,grid,SMRCCS_H_grid_E,Norway,1,2024,1230.5210001131522,6251.3726235023805,7481.893623615533,2.158876374450288,383.8823986934868,0.3885138428199527,318.4418258285524,0.006138,24.237089913799533,0.083383532667404,8208.45493805137,2.6369117499376444
liquid_hydrogen,SMRCCS,,grid,SMRCCS_H_grid_E,Oman,1,2024,1035.3722952493924,2383.7874615704513,3419.159756819844,7.318031653953394,324.730500960653,0.328725336684938,287.07974772358364,0.10791,245.730208915526,0.8453924532750845,4276.700214419607,8.600059443913416
liquid_hydrogen,SMRCCS,,grid,SMRCCS_H_grid_E,Italy,1,2024,1040.793092606719,12235.076069507148,13275.869162113866,4.7384540142018405,221.43586699612143,0.2243190184904427,339.4584165598328,0.057024,92.5368656281945,0.3183571454118573,13929.300311298017,5.338154178104141
liquid_hydrogen,SMRCCS,,grid,SMRCCS_H_grid_E,Austria,1,2024,1127.525850323946,9361.77097963969,10489.296829963636,2.881559604263952,661.6247967655381,0.6692453781983527,327.30511793981884,0.020394,0.0,0.0,11478.226744668993,3.5711989824623047
liquid_hydrogen,SMRCCS,,grid,SMRCCS_H_grid_E,Finland,1,2024,1170.892229182559,8135.545053022835,9306.437282205394,2.5704043247608466,330.87093754752107,0.3349318582779358,304.99246862981187,0.014256,47.19914591049387,0.1623805307856065,9989.499834293221,3.081972713824389
liquid_hydrogen,SMRCCS,,grid,SMRCCS_H_grid_E,Portugal,1,2024,986.5851190334524,7425.540615725552,8412.125734759004,2.97189500799066,155.78194980131548,0.1579585164365832,265.3297281973415,0.022176,46.64877898577206,0.1604870881895763,8879.886191743433,3.3125166126168195
liquid_hydrogen,SMRCCS,,grid,SMRCCS_H_grid_E,Germany,1,2024,1116.6842556092922,8847.178365740641,9963.862621349934,5.3005409707235795,338.61147577132436,0.3427557022258079,323.32978026732064,0.0681119999999999,0.0,0.0,10625.803877388578,5.711408672949387
liquid_hydrogen,SMRCCS,,grid,SMRCCS_H_grid_E,Greece,1,2024,997.4267137481056,5619.098625446858,6616.525339194964,5.0596465607856915,135.93126007286196,0.1378941883236556,285.9370658698397,0.06336,116.6112174800283,0.4011808058109977,7155.0048826176935,5.662081554920345
liquid_hydrogen,SMRCCS,,grid,SMRCCS_H_grid_E,France,1,2024,1095.0010661799856,8560.967489122508,9655.968555302494,2.289360846499977,466.7437545570985,0.472266974558569,299.1431049223241,0.008712,0.0,0.0,10421.855414781918,2.770339821058546
liquid_hydrogen,SMRCCS,,grid,SMRCCS_H_grid_E,Brazil,1,2024,997.4267137481056,7779.993508103108,8777.420221851215,2.881559604263952,1251.7868275768665,1.2657588892134022,263.7610658698398,0.020394,224.88486033638927,0.7736776223942433,10517.85297563431,4.941390115871597
liquid_hydrogen,SMRCCS,,grid,SMRCCS_H_grid_E,United Kingdom,1,2024,1154.629837110579,9333.444179828472,10488.07401693905,3.9655844489844494,225.3250961844594,0.2282501045941831,363.2804621210645,0.041778,21.947985706621512,0.0755082639731354,11098.627560951196,4.3111208175517675
liquid_hydrogen,SMRCCS,,grid,SMRCCS_H_grid_E,Spain,1,2024,1008.268308462759,6262.875754584818,7271.144063047577,3.313162088736002,380.43443665151494,0.3850287728965696,268.132403542338,0.028908,57.552427166144064,0.1979992114467616,7977.263330407574,3.925098073079333
liquid_hydrogen,SMRCCS,,grid,SMRCCS_H_grid_E,Sweden,1,2024,1192.5754186118656,10861.453044660004,12054.028463271869,2.209062709854014,402.0181929118524,0.4068448192627633,298.97498647480853,0.007128,20.06127838398294,0.0690173724415785,12775.08292104251,2.692052901558356
liquid_hydrogen,SMRCCS,,grid,SMRCCS_H_grid_E,Czech Republic,1,2024,986.5851190334524,7265.031205243439,8251.616324276893,6.003149666375753,629.9061828437772,0.6371854001462417,281.36772819734153,0.081972,0.0,0.0,9162.890235318011,6.722307066521996
liquid_hydrogen,SMRCCS,,grid,SMRCCS_H_grid_E,Japan,1,2024,1170.892229182559,7233.647295652108,8404.539524834667,6.685683827866436,157.72394129414766,0.1599214081566048,320.6344686298119,0.095436,467.3449690662653,1.6078198593015378,9350.242903824892,8.548861095324579
liquid_hydrogen,SMRCCS,,grid,SMRCCS_H_grid_E,Belgium,1,2024,1111.2634582519654,6479.339059935721,7590.602518187687,3.2328639520900393,114.99418983520208,0.1167317877865259,317.28311143107146,0.027324,0.0,0.0,8022.8798194539595,3.3769197398765654
liquid_hydrogen,SMRCCS,,grid,SMRCCS_H_grid_E,Poland,1,2024,1002.8475111054324,9650.46269500315,10653.310206108585,8.020640349605568,194.5095199991873,0.1971028830100399,321.2877347060888,0.12177,35.13376671560605,0.1208716720975532,11204.241227529466,8.46038490471316
liquid_hydrogen,SMRCCS,,grid,SMRCCS_H_grid_E,India,1,2024,959.4811322468192,4860.6617255301135,5820.142857776933,8.954106188114883,745.2048393846368,0.7537249313898133,254.30238401609589,0.140184,259.4496461488906,0.8925918137096608,7079.099727326557,10.740606933214357
liquid_hydrogen,SMRCCS,,grid,SMRCCS_H_grid_E,Indonesia,1,2024,872.7483745295924,6412.473451280867,7285.221825810459,8.331795629108672,257.5424918161488,0.2608142323771918,222.49968263610975,0.127908,391.9007891992175,1.3482671547943936,8157.1647894619355,10.068785016280257
liquid_hydrogen,SMRCCS,,grid,SMRCCS_H_grid_E,South Korea,1,2024,1019.1099031774122,5244.0331124219965,6263.1430155994085,6.003149666375753,126.20181287878846,0.1280600302399958,266.36574121483625,0.081972,451.37308722129234,1.5528713511961172,7107.083656914326,7.766053047811867
liquid_hydrogen,SMRCCS,,grid,SMRCCS_H_grid_E,China,1,2024,992.005916390779,4497.00102583861,5489.006942229389,7.468590660164573,1422.9103352979398,1.4387240734825033,255.14039703359072,0.11088,434.59410452671375,1.4951461516521478,7601.651779087633,10.513340885299225
liquid_hydrogen,SMRCCS,,grid,SMRCCS_H_grid_E,United Arab Emirates,1,2024,1035.3722952493924,1461.2302362288367,2496.602531478229,5.691994386872648,188.6948708838179,0.1912256550996622,269.06174772358366,0.075834,251.34853696441075,0.8647213430909217,3205.707687050042,6.823775385063232
liquid_hydrogen,SMRCCS,,grid,SMRCCS_H_grid_E,United States,1,2024,1084.1594714653322,3782.453787211339,4866.613258676672,5.7020316539533935,1609.3398036046551,1.6271599451420615,288.0397672498259,0.076032,136.4865495503076,0.4695584619921574,6900.47937908146,7.874782061087612
liquid_hydrogen,SMRCCS,,grid,SMRCCS_H_grid_E,Turkey,1,2024,992.005916390779,3507.153836624063,4499.159753014842,6.565236622897492,174.60991317217503,0.176989111339773,266.4263970335907,0.09306,141.20544502485285,0.4857930089759428,5081.40150824546,7.321078743213208
liquid_hydrogen,SMRCCS,,grid,SMRCCS_H_grid_E,Australia,1,2024,1111.2634582519654,5360.269841063756,6471.533299315721,7.388292523518611,1431.9328260410734,1.447843666662513,311.7391114310714,0.109296,398.68764166437,1.3716161515695673,8613.892878452236,10.317048341750692
liquid_hydrogen,SMRCCS,,grid,SMRCCS_H_grid_E,Malaysia,1,2024,948.6395375321658,3168.1762256037164,4116.815763135883,7.910230411717368,131.0004864593708,0.132910348417587,251.9110463435976,0.119592,340.29400284675506,1.170722896346507,4840.021298785606,9.333455656481464
liquid_hydrogen,SMRCCS,,grid,SMRCCS_H_grid_E,Canada,1,2024,1105.842660894639,2495.6934241264685,3601.5360850211073,3.604242834077617,2038.38644093734,2.060824096108664,285.2984425948223,0.03465,123.67505672102308,0.4254827278735726,6048.896025274293,6.125199658059854
liquid_hydrogen,SMRCCS,,grid,SMRCCS_H_grid_E,Mexico,1,2024,954.0603348894924,3245.7741889549707,4199.834523844464,7.117286312338487,583.2052316904606,0.5899818409780763,269.63971517984675,0.10395,208.34439745184173,0.7167730091682802,5261.023868166612,8.527991162484843
liquid_hydrogen,SMRCCS,,grid,SMRCCS_H_grid_E,Thailand,1,2024,964.9019296041458,3344.3128988397407,4309.214828443886,7.408367057680102,202.49409307689865,0.2051733881796016,255.99305285234496,0.109692,377.7954983364259,1.299740331416511,5145.497472709556,9.022972777276214
liquid_hydrogen,SMRCCS,,grid,SMRCCS_H_grid_E,Russia,1,2024,1024.530700534739,1623.2364761513631,2647.767176686102,6.35445401420184,2493.0148831277284,2.5203453700975524,262.51241005108545,0.088902,50.64148935263056,0.1742233204060057,5453.935959217547,9.137924704705398
liquid_hydrogen,SMRCCS,,grid,SMRCCS_H_grid_E,Saudi Arabia,1,2024,1035.3722952493924,1039.3291597709672,2074.7014550203594,7.388292523518611,512.660239354775,0.5186776247362443,260.74574772358363,0.109296,158.16376033952247,0.5441351715067588,3006.2712024382404,8.560401319761613
liquid_hydrogen,ATRCCS,,solar,ATRCCS_H_solar_E,South Africa,1,2024,927.6919847731492,1522.505910502983,2450.197895276132,1.6686441767443652,438.1704908749996,0.4433861978391045,259.92307237858716,0.140382,289.6858328474884,0.9966142054360204,3437.9772913772076,3.24902658001949
liquid_hydrogen,ATRCCS,,solar,ATRCCS_H_solar_E,Taiwan,1,2024,912.8092256591414,2357.1307015880966,3269.939927247238,1.6686441767443652,108.29765925058994,0.1099631873647823,271.8790658698398,0.125928,414.22374866161965,1.4250654513797674,4064.340401029287,3.3296008154889147
liquid_hydrogen,ATRCCS,,solar,ATRCCS_H_solar_E,Switzerland,1,2024,1096.3632547319037,9227.638984740544,10324.002239472447,1.6686441767443652,492.6853966182634,0.4984878074476782,342.15581281105756,0.007326,0.0,0.0,11158.843448901767,2.1744579841920433
liquid_hydrogen,ATRCCS,,solar,ATRCCS_H_solar_E,Singapore,1,2024,917.7701453638108,9911.199333855046,10828.969479218857,1.6686441767443652,6.688572663865257,0.0072605568557443,296.5377347060888,0.098802,344.8307856143193,1.18633091593341,11477.02657220313,2.9610376495335196
liquid_hydrogen,ATRCCS,,solar,ATRCCS_H_solar_E,Hungary,1,2024,892.9655468404644,4254.151649366881,5147.117196207346,1.6686441767443652,933.4787080320028,0.9440250533153642,272.6403905248432,0.036234,0.0,0.0,6353.236294764192,2.6489032300597293
liquid_hydrogen,ATRCCS,,solar,ATRCCS_H_solar_E,Philippines,1,2024,888.0046271357951,2529.582644449652,3417.587271585447,1.6686441767443652,173.897979404711,0.1762695155523986,261.44572168859406,0.121374,398.4059682729832,1.3706471027887204,4251.336940951735,3.336934795085484
liquid_hydrogen,ATRCCS,,solar,ATRCCS_H_solar_E,Netherlands,1,2024,1016.9885394571952,6460.224034439188,7477.212573896383,1.6686441767443652,82.54212485506892,0.0839304650813442,311.54111143107144,0.050094,0.0,0.0,7871.295810182524,1.8026686418257094
liquid_hydrogen,ATRCCS,,solar,ATRCCS_H_solar_E,Norway,1,2024,1126.128772959919,5248.340470011621,6374.46924297154,1.6686441767443652,383.8823986934868,0.3885138428199527,318.4418258285524,0.006138,24.237089913799533,0.083383532667404,7101.030557407378,2.146679552231722
liquid_hydrogen,ATRCCS,,solar,ATRCCS_H_solar_E,Oman,1,2024,947.5356635918262,771.4055979360616,1718.9412615278875,1.6686441767443652,324.730500960653,0.328725336684938,287.07974772358364,0.10791,245.730208915526,0.8453924532750845,2576.48171912765,2.9506719667043875
liquid_hydrogen,ATRCCS,,solar,ATRCCS_H_solar_E,Italy,1,2024,952.4965832964954,7097.615177519647,8050.111760816142,1.6686441767443652,221.43586699612143,0.2243190184904427,339.4584165598328,0.057024,92.5368656281945,0.3183571454118573,8703.542910000293,2.268344340646665
liquid_hydrogen,ATRCCS,,solar,ATRCCS_H_solar_E,Austria,1,2024,1031.8712985712034,6146.166970292449,7178.038268863653,1.6686441767443652,661.6247967655381,0.6692453781983527,327.30511793981884,0.020394,0.0,0.0,8166.96818356901,2.358283554942718
liquid_hydrogen,ATRCCS,,solar,ATRCCS_H_solar_E,Finland,1,2024,1071.5586562085573,6829.704178659687,7901.262834868245,1.6686441767443652,330.87093754752107,0.3349318582779358,304.99246862981187,0.014256,47.19914591049387,0.1623805307856065,8584.325386956072,2.1802125658079072
liquid_hydrogen,ATRCCS,,solar,ATRCCS_H_solar_E,Portugal,1,2024,902.887386249803,5542.025083932446,6444.912470182249,1.6686441767443652,155.78194980131548,0.1579585164365832,265.3297281973415,0.022176,46.64877898577206,0.1604870881895763,6912.672927166679,2.009265781370525
liquid_hydrogen,ATRCCS,,solar,ATRCCS_H_solar_E,Germany,1,2024,1021.9494591618648,5749.995418574915,6771.94487773678,1.6686441767443652,338.61147577132436,0.3427557022258079,323.32978026732064,0.0681119999999999,0.0,0.0,7433.886133775424,2.0795118789701728
liquid_hydrogen,ATRCCS,,solar,ATRCCS_H_solar_E,Greece,1,2024,912.8092256591414,3225.9449570819306,4138.754182741072,1.6686441767443652,135.93126007286196,0.1378941883236556,285.9370658698397,0.06336,116.6112174800283,0.4011808058109977,4677.233726163802,2.2710791708790183
liquid_hydrogen,ATRCCS,,solar,ATRCCS_H_solar_E,France,1,2024,1002.105780343188,6207.678390139529,7209.784170482717,1.6686441767443652,466.7437545570985,0.472266974558569,299.1431049223241,0.008712,0.0,0.0,7975.671029962139,2.1496231513029342
liquid_hydrogen,ATRCCS,,solar,ATRCCS_H_solar_E,Brazil,1,2024,912.8092256591414,6183.233995556744,7096.043221215886,1.6686441767443652,1251.7868275768665,1.2657588892134022,263.7610658698398,0.020394,224.88486033638927,0.7736776223942433,8836.47597499898,3.728474688352011
liquid_hydrogen,ATRCCS,,solar,ATRCCS_H_solar_E,United Kingdom,1,2024,1056.6758970945496,4908.648181936827,5965.324079031377,1.6686441767443652,225.3250961844594,0.2282501045941831,363.2804621210645,0.041778,21.947985706621512,0.0755082639731354,6575.877623043522,2.014180545311684
liquid_hydrogen,ATRCCS,,solar,ATRCCS_H_solar_E,Spain,1,2024,922.73106506848,4562.8352106643915,5485.566275732872,1.6686441767443652,380.43443665151494,0.3850287728965696,268.132403542338,0.028908,57.552427166144064,0.1979992114467616,6191.685543092869,2.2805801610876966
liquid_hydrogen,ATRCCS,,solar,ATRCCS_H_solar_E,Sweden,1,2024,1091.4023350272344,9646.34364928723,10737.745984314464,1.6686441767443652,402.0181929118524,0.4068448192627633,298.97498647480853,0.007128,20.06127838398294,0.0690173724415785,11458.800442085107,2.1516343684487067
liquid_hydrogen,ATRCCS,,solar,ATRCCS_H_solar_E,Czech Republic,1,2024,902.887386249803,4873.349716027817,5776.23710227762,1.6686441767443652,629.9061828437772,0.6371854001462417,281.36772819734153,0.081972,0.0,0.0,6687.511013318738,2.387801576890607
liquid_hydrogen,ATRCCS,,solar,ATRCCS_H_solar_E,Japan,1,2024,1071.5586562085573,5517.575413990982,6589.13407019954,1.6686441767443652,157.72394129414766,0.1599214081566048,320.6344686298119,0.095436,467.3449690662653,1.6078198593015378,7534.837449189765,3.5318214442025075
liquid_hydrogen,ATRCCS,,solar,ATRCCS_H_solar_E,Belgium,1,2024,1016.9885394571952,4240.012573503686,5257.001112960882,1.6686441767443652,114.99418983520208,0.1167317877865259,317.28311143107146,0.027324,0.0,0.0,5689.278414227155,1.812699964530891
liquid_hydrogen,ATRCCS,,solar,ATRCCS_H_solar_E,Poland,1,2024,917.7701453638108,5897.871386412376,6815.641531776187,1.6686441767443652,194.5095199991873,0.1971028830100399,321.2877347060888,0.12177,35.13376671560605,0.1208716720975532,7366.572553197068,2.1083887318519583
liquid_hydrogen,ATRCCS,,solar,ATRCCS_H_solar_E,India,1,2024,878.0827877264568,3592.392061023252,4470.474848749709,1.6686441767443652,745.2048393846368,0.7537249313898133,254.30238401609589,0.140184,259.4496461488906,0.8925918137096608,5729.431718299333,3.4551449218438397
liquid_hydrogen,ATRCCS,,solar,ATRCCS_H_solar_E,Indonesia,1,2024,798.7080724517485,5630.977032426376,6429.685104878125,1.6686441767443652,257.5424918161488,0.2608142323771918,222.49968263610975,0.127908,391.9007891992175,1.3482671547943936,7301.628068529601,3.4056335639159507
liquid_hydrogen,ATRCCS,,solar,ATRCCS_H_solar_E,South Korea,1,2024,932.6529044778182,4219.718274906774,5152.371179384592,1.6686441767443652,126.20181287878846,0.1280600302399958,266.36574121483625,0.081972,451.37308722129234,1.5528713511961172,5996.31182069951,3.431547558180478
liquid_hydrogen,ATRCCS,,solar,ATRCCS_H_solar_E,China,1,2024,907.8483059544722,3442.898832131309,4350.747138085781,1.6686441767443652,1422.9103352979398,1.4387240734825033,255.14039703359072,0.11088,434.59410452671375,1.4951461516521478,6463.391974944026,4.713394401879016
liquid_hydrogen,ATRCCS,,solar,ATRCCS_H_solar_E,United Arab Emirates,1,2024,947.5356635918262,567.1722672528316,1514.7079308446578,1.6686441767443652,188.6948708838179,0.1912256550996622,269.06174772358366,0.075834,251.34853696441075,0.8647213430909217,2223.81308641647,2.800425174934949
liquid_hydrogen,ATRCCS,,solar,ATRCCS_H_solar_E,United States,1,2024,992.1839409338492,2566.4465029258763,3558.6304438597253,1.6686441767443652,1609.3398036046551,1.6271599451420615,288.0397672498259,0.076032,136.4865495503076,0.4695584619921574,5592.496564264513,3.8413945838785843
liquid_hydrogen,ATRCCS,,solar,ATRCCS_H_solar_E,Turkey,1,2024,907.8483059544722,2617.3289139745693,3525.1772199290417,1.6686441767443652,174.60991317217503,0.176989111339773,266.4263970335907,0.09306,141.20544502485285,0.4857930089759428,4107.41897515966,2.424486297060081
liquid_hydrogen,ATRCCS,,solar,ATRCCS_H_solar_E,Australia,1,2024,1016.9885394571952,2904.5348476293702,3921.5233870865654,1.6686441767443652,1431.9328260410734,1.447843666662513,311.7391114310714,0.109296,398.68764166437,1.3716161515695673,6063.88296622308,4.5973999949764455
liquid_hydrogen,ATRCCS,,solar,ATRCCS_H_solar_E,Malaysia,1,2024,868.1609483171183,2279.839987853235,3148.0009361703533,1.6686441767443652,131.0004864593708,0.132910348417587,251.9110463435976,0.119592,340.29400284675506,1.170722896346507,3871.206471820077,3.0918694215084592
liquid_hydrogen,ATRCCS,,solar,ATRCCS_H_solar_E,Canada,1,2024,1012.0276197525264,2200.5695664653317,3212.597186217858,1.6686441767443652,2038.38644093734,2.060824096108664,285.2984425948223,0.03465,123.67505672102308,0.4254827278735726,5659.957126471043,4.189601000726602
liquid_hydrogen,ATRCCS,,solar,ATRCCS_H_solar_E,Mexico,1,2024,873.1218680217873,1665.9531013155795,2539.074969337367,1.6686441767443652,583.2052316904606,0.5899818409780763,269.63971517984675,0.10395,208.34439745184173,0.7167730091682802,3600.264313659516,3.0793490268907218
liquid_hydrogen,ATRCCS,,solar,ATRCCS_H_solar_E,Thailand,1,2024,883.0437074311259,2298.297230746811,3181.340938177937,1.6686441767443652,202.49409307689865,0.2051733881796016,255.99305285234496,0.109692,377.7954983364259,1.299740331416511,4017.623582443606,3.283249896340478
liquid_hydrogen,ATRCCS,,solar,ATRCCS_H_solar_E,Russia,1,2024,937.6138241824876,1624.7048734273396,2562.3186976098273,1.6686441767443652,2493.0148831277284,2.5203453700975524,262.51241005108545,0.088902,50.64148935263056,0.1742233204060057,5368.487480141272,4.452114867247923
liquid_hydrogen,ATRCCS,,solar,ATRCCS_H_solar_E,Saudi Arabia,1,2024,947.5356635918262,762.7121845837817,1710.247848175608,1.6686441767443652,512.660239354775,0.5186776247362443,260.74574772358363,0.109296,158.16376033952247,0.5441351715067588,2641.817595593489,2.8407529729873686
liquid_hydrogen,BG,,solar,BG_H_solar_E,South Africa,1,2024,953.10534,2061.547420089473,3014.652760089473,1.484220346895058,438.1704908749996,0.4433861978391045,259.92307237858716,0.140382,289.6858328474884,0.9966142054360204,4002.432156190548,3.0646027501701827
liquid_hydrogen,BG,,solar,BG_H_solar_E,Taiwan,1,2024,937.81488,1764.3239946932758,2702.1388746932757,1.484220346895058,108.29765925058994,0.1099631873647823,271.8790658698398,0.125928,414.22374866161965,1.4250654513797674,3496.539348475325,3.145176985639608
liquid_hydrogen,BG,,solar,BG_H_solar_E,Switzerland,1,2024,1126.39722,2447.4414212512697,3573.83864125127,1.484220346895058,492.6853966182634,0.4984878074476782,342.15581281105756,0.007326,0.0,0.0,4408.679850680591,1.9900341543427362
liquid_hydrogen,BG,,solar,BG_H_solar_E,Singapore,1,2024,942.9117,2309.388242774282,3252.299942774282,1.484220346895058,6.688572663865257,0.0072605568557443,296.5377347060888,0.098802,344.8307856143193,1.18633091593341,3900.3570357585554,2.7766138196842123
liquid_hydrogen,BG,,solar,BG_H_solar_E,Hungary,1,2024,917.4276,2265.014958399351,3182.442558399351,1.484220346895058,933.4787080320028,0.9440250533153642,272.6403905248432,0.036234,0.0,0.0,4388.561656956197,2.4644794002104224
liquid_hydrogen,BG,,solar,BG_H_solar_E,Philippines,1,2024,912.33078,1930.5431607362136,2842.8739407362136,1.484220346895058,173.897979404711,0.1762695155523986,261.44572168859406,0.121374,398.4059682729832,1.3706471027887204,3676.6236101025015,3.152510965236177
liquid_hydrogen,BG,,solar,BG_H_solar_E,Netherlands,1,2024,1044.8481,2220.7427140940636,3265.5908140940637,1.484220346895058,82.54212485506892,0.0839304650813442,311.54111143107144,0.050094,0.0,0.0,3659.674050380204,1.6182448119764024
liquid_hydrogen,BG,,solar,BG_H_solar_E,Norway,1,2024,1156.9781400000002,2519.540988157055,3676.519128157055,1.484220346895058,383.8823986934868,0.3885138428199527,318.4418258285524,0.006138,24.237089913799533,0.083383532667404,4403.080442592894,1.9622557223824146
liquid_hydrogen,BG,,solar,BG_H_solar_E,Oman,1,2024,973.49262,1780.8065109239933,2754.2991309239933,1.484220346895058,324.730500960653,0.328725336684938,287.07974772358364,0.10791,245.730208915526,0.8453924532750845,3611.839588523756,2.7662481368550806
liquid_hydrogen,BG,,solar,BG_H_solar_E,Italy,1,2024,978.58944,2183.915402309713,3162.5048423097132,1.484220346895058,221.43586699612143,0.2243190184904427,339.4584165598328,0.057024,92.5368656281945,0.3183571454118573,3815.9359914938623,2.083920510797358
liquid_hydrogen,BG,,solar,BG_H_solar_E,Austria,1,2024,1060.13856,2254.0894026621145,3314.2279626621144,1.484220346895058,661.6247967655381,0.6692453781983527,327.30511793981884,0.020394,0.0,0.0,4303.157877367471,2.173859725093411
liquid_hydrogen,BG,,solar,BG_H_solar_E,Finland,1,2024,1100.91312,2539.5665598684227,3640.479679868423,1.484220346895058,330.87093754752107,0.3349318582779358,304.99246862981187,0.014256,47.19914591049387,0.1623805307856065,4323.542231956249,1.9957887359586006
liquid_hydrogen,BG,,solar,BG_H_solar_E,Portugal,1,2024,927.62124,1981.566653925892,2909.187893925892,1.484220346895058,155.78194980131548,0.1579585164365832,265.3297281973415,0.022176,46.64877898577206,0.1604870881895763,3376.9483509103206,1.8248419515212175
liquid_hydrogen,BG,,solar,BG_H_solar_E,Germany,1,2024,1049.94492,2256.2354665185744,3306.1803865185743,1.484220346895058,338.61147577132436,0.3427557022258079,323.32978026732064,0.0681119999999999,0.0,0.0,3968.1216425572193,1.895088049120866
liquid_hydrogen,BG,,solar,BG_H_solar_E,Greece,1,2024,937.81488,1909.4173211969487,2847.2322011969486,1.484220346895058,135.93126007286196,0.1378941883236556,285.9370658698397,0.06336,116.6112174800283,0.4011808058109977,3385.711744619679,2.0866553410297115
liquid_hydrogen,BG,,solar,BG_H_solar_E,France,1,2024,1029.5576400000002,2140.452707005136,3170.0103470051363,1.484220346895058,466.7437545570985,0.472266974558569,299.1431049223241,0.008712,0.0,0.0,3935.897206484559,1.9651993214536272
liquid_hydrogen,BG,,solar,BG_H_solar_E,Brazil,1,2024,937.81488,2104.606668137483,3042.421548137483,1.484220346895058,1251.7868275768665,1.2657588892134022,263.7610658698398,0.020394,224.88486033638927,0.7736776223942433,4782.854301920579,3.544050858502704
liquid_hydrogen,BG,,solar,BG_H_solar_E,United Kingdom,1,2024,1085.6226599999998,2228.5634915271453,3314.186151527145,1.484220346895058,225.3250961844594,0.2282501045941831,363.2804621210645,0.041778,21.947985706621512,0.0755082639731354,3924.73969553929,1.8297567154623768
liquid_hydrogen,BG,,solar,BG_H_solar_E,Spain,1,2024,948.00852,1925.7700497935136,2873.7785697935133,1.484220346895058,380.43443665151494,0.3850287728965696,268.132403542338,0.028908,57.552427166144064,0.1979992114467616,3579.8978371535104,2.0961563312383893
liquid_hydrogen,BG,,solar,BG_H_solar_E,Sweden,1,2024,1121.3004,2655.5913289377418,3776.891728937742,1.484220346895058,402.0181929118524,0.4068448192627633,298.97498647480853,0.007128,20.06127838398294,0.0690173724415785,4497.9461867083855,1.9672105385994
liquid_hydrogen,BG,,solar,BG_H_solar_E,Czech Republic,1,2024,927.62124,2103.3264840321194,3030.9477240321194,1.484220346895058,629.9061828437772,0.6371854001462417,281.36772819734153,0.081972,0.0,0.0,3942.221635073238,2.2033777470412996
liquid_hydrogen,BG,,solar,BG_H_solar_E,Japan,1,2024,1100.91312,2525.674365939688,3626.587485939688,1.484220346895058,157.72394129414766,0.1599214081566048,320.6344686298119,0.095436,467.3449690662653,1.6078198593015378,4572.290864929913,3.3473976143532007
liquid_hydrogen,BG,,solar,BG_H_solar_E,Belgium,1,2024,1044.8481,2447.940838873085,3492.7889388730846,1.484220346895058,114.99418983520208,0.1167317877865259,317.28311143107146,0.027324,0.0,0.0,3925.0662401393583,1.628276134681584
liquid_hydrogen,BG,,solar,BG_H_solar_E,Poland,1,2024,942.9117,2544.918918040674,3487.8306180406735,1.484220346895058,194.5095199991873,0.1971028830100399,321.2877347060888,0.12177,35.13376671560605,0.1208716720975532,4038.761639461556,1.923964902002651
liquid_hydrogen,BG,,solar,BG_H_solar_E,India,1,2024,902.13714,1886.605435010245,2788.7425750102448,1.484220346895058,745.2048393846368,0.7537249313898133,254.30238401609589,0.140184,259.4496461488906,0.8925918137096608,4047.699444559868,3.2707210919945324
liquid_hydrogen,BG,,solar,BG_H_solar_E,Indonesia,1,2024,820.58802,2138.3646357230673,2958.952655723067,1.484220346895058,257.5424918161488,0.2608142323771918,222.49968263610975,0.127908,391.9007891992175,1.3482671547943936,3830.895619374543,3.2212097340666435
liquid_hydrogen,BG,,solar,BG_H_solar_E,South Korea,1,2024,958.20216,2154.677285997899,3112.879445997899,1.484220346895058,126.20181287878846,0.1280600302399958,266.36574121483625,0.081972,451.37308722129234,1.5528713511961172,3956.820087312816,3.247123728331171
liquid_hydrogen,BG,,solar,BG_H_solar_E,China,1,2024,932.71806,1785.210116075186,2717.928176075186,1.484220346895058,1422.9103352979398,1.4387240734825033,255.14039703359072,0.11088,434.59410452671375,1.4951461516521478,4830.57301293343,4.528970572029709
liquid_hydrogen,BG,,solar,BG_H_solar_E,United Arab Emirates,1,2024,973.49262,1611.8785109239932,2585.3711309239934,1.484220346895058,188.6948708838179,0.1912256550996622,269.06174772358366,0.075834,251.34853696441075,0.8647213430909217,3294.476286495806,2.616001345085642
liquid_hydrogen,BG,,solar,BG_H_solar_E,United States,1,2024,1019.364,2070.277049152107,3089.641049152107,1.484220346895058,1609.3398036046551,1.6271599451420615,288.0397672498259,0.076032,136.4865495503076,0.4695584619921574,5123.507169556895,3.656970754029277
liquid_hydrogen,BG,,solar,BG_H_solar_E,Turkey,1,2024,932.71806,2165.569203240922,3098.287263240922,1.484220346895058,174.60991317217503,0.176989111339773,266.4263970335907,0.09306,141.20544502485285,0.4857930089759428,3680.5290184715404,2.240062467210774
liquid_hydrogen,BG,,solar,BG_H_solar_E,Australia,1,2024,1044.8481,1883.77220165306,2928.62030165306,1.484220346895058,1431.9328260410734,1.447843666662513,311.7391114310714,0.109296,398.68764166437,1.3716161515695673,5070.979880789574,4.412976165127138
liquid_hydrogen,BG,,solar,BG_H_solar_E,Malaysia,1,2024,891.9435,1957.0867163298904,2849.03021632989,1.484220346895058,131.0004864593708,0.132910348417587,251.9110463435976,0.119592,340.29400284675506,1.170722896346507,3572.2357519796137,2.907445591659152
liquid_hydrogen,BG,,solar,BG_H_solar_E,Canada,1,2024,1039.75128,2334.768649604917,3374.519929604917,1.484220346895058,2038.38644093734,2.060824096108664,285.2984425948223,0.03465,123.67505672102308,0.4254827278735726,5821.879869858102,4.005177170877294
liquid_hydrogen,BG,,solar,BG_H_solar_E,Mexico,1,2024,897.04032,1967.366869737656,2864.407189737656,1.484220346895058,583.2052316904606,0.5899818409780763,269.63971517984675,0.10395,208.34439745184173,0.7167730091682802,3925.5965340598054,2.894925197041415
liquid_hydrogen,BG,,solar,BG_H_solar_E,Thailand,1,2024,907.23396,1859.1006247525115,2766.334584752512,1.484220346895058,202.49409307689865,0.2051733881796016,255.99305285234496,0.109692,377.7954983364259,1.299740331416511,3602.617229018181,3.0988260664911706
liquid_hydrogen,BG,,solar,BG_H_solar_E,Russia,1,2024,963.29898,2210.984164902475,3174.283144902475,1.484220346895058,2493.0148831277284,2.5203453700975524,262.51241005108545,0.088902,50.64148935263056,0.1742233204060057,5980.45192743392,4.267691037398616
liquid_hydrogen,BG,,solar,BG_H_solar_E,Saudi Arabia,1,2024,973.49262,1770.6685406297704,2744.16116062977,1.484220346895058,512.660239354775,0.5186776247362443,260.74574772358363,0.109296,158.16376033952247,0.5441351715067588,3675.730908047651,2.6563291431380613
liquid_hydrogen,LTE,,solar,LTE_H_solar_E,South Africa,1,2024,1084.38495,4509.528022274028,5593.912972274029,2.18411151034,438.1704908749996,0.4433861978391045,259.92307237858716,0.140382,289.6858328474884,0.9966142054360204,6581.692368375104,3.7644939136151248
liquid_hydrogen,LTE,,solar,LTE_H_solar_E,Taiwan,1,2024,1066.9884,2185.7323922156443,3252.720792215644,2.18411151034,108.29765925058994,0.1099631873647823,271.8790658698398,0.125928,414.22374866161965,1.4250654513797674,4047.121265997693,3.84506814908455
liquid_hydrogen,LTE,,solar,LTE_H_solar_E,Switzerland,1,2024,1281.5458500000002,3911.856994547801,5193.402844547802,2.18411151034,492.6853966182634,0.4984878074476782,342.15581281105756,0.007326,0.0,0.0,6028.244053977122,2.6899253177876785
liquid_hydrogen,LTE,,solar,LTE_H_solar_E,Singapore,1,2024,1072.78725,3613.4134960126457,4686.200746012646,2.18411151034,6.688572663865257,0.0072605568557443,296.5377347060888,0.098802,344.8307856143193,1.18633091593341,5334.257838996919,3.4765049831291543
liquid_hydrogen,LTE,,solar,LTE_H_solar_E,Hungary,1,2024,1043.793,5169.296031174783,6213.089031174783,2.18411151034,933.4787080320028,0.9440250533153642,272.6403905248432,0.036234,0.0,0.0,7419.208129731629,3.1643705636553645
liquid_hydrogen,LTE,,solar,LTE_H_solar_E,Philippines,1,2024,1037.9941499999998,3460.9614651043244,4498.955615104324,2.18411151034,173.897979404711,0.1762695155523986,261.44572168859406,0.121374,398.4059682729832,1.3706471027887204,5332.705284470612,3.8524021286811188
liquid_hydrogen,LTE,,solar,LTE_H_solar_E,Netherlands,1,2024,1188.7642499999995,3661.492024830286,4850.256274830286,2.18411151034,82.54212485506892,0.0839304650813442,311.54111143107144,0.050094,0.0,0.0,5244.339511116427,2.3181359754213444
liquid_hydrogen,LTE,,solar,LTE_H_solar_E,Norway,1,2024,1316.33895,5668.494786892243,6984.833736892243,2.18411151034,383.8823986934868,0.3885138428199527,318.4418258285524,0.006138,24.237089913799533,0.083383532667404,7711.3950513280815,2.6621468858273567
liquid_hydrogen,LTE,,solar,LTE_H_solar_E,Oman,1,2024,1107.5803500000002,2712.542517652779,3820.1228676527794,2.18411151034,324.730500960653,0.328725336684938,287.07974772358364,0.10791,245.730208915526,0.8453924532750845,4677.663325252543,3.4661393003000227
liquid_hydrogen,LTE,,solar,LTE_H_solar_E,Italy,1,2024,1113.3792,3332.2765011426727,4445.655701142672,2.18411151034,221.43586699612143,0.2243190184904427,339.4584165598328,0.057024,92.5368656281945,0.3183571454118573,5099.08685032682,2.7838116742423007
liquid_hydrogen,LTE,,solar,LTE_H_solar_E,Austria,1,2024,1206.1608,3862.0681333204825,5068.228933320483,2.18411151034,661.6247967655381,0.6692453781983527,327.30511793981884,0.020394,0.0,0.0,6057.15884802584,2.873750888538353
liquid_hydrogen,LTE,,solar,LTE_H_solar_E,Finland,1,2024,1252.5515999999998,5644.1508754089355,6896.702475408935,2.18411151034,330.87093754752107,0.3349318582779358,304.99246862981187,0.014256,47.19914591049387,0.1623805307856065,7579.765027496762,2.6956798994035425
liquid_hydrogen,LTE,,solar,LTE_H_solar_E,Portugal,1,2024,1055.3907,2820.2607470938433,3875.651447093843,2.18411151034,155.78194980131548,0.1579585164365832,265.3297281973415,0.022176,46.64877898577206,0.1604870881895763,4343.4119040782725,2.5247331149661596
liquid_hydrogen,LTE,,solar,LTE_H_solar_E,Germany,1,2024,1194.5630999999998,3882.022979235153,5076.586079235152,2.18411151034,338.61147577132436,0.3427557022258079,323.32978026732064,0.0681119999999999,0.0,0.0,5738.527335273797,2.594979212565808
liquid_hydrogen,LTE,,solar,LTE_H_solar_E,Greece,1,2024,1066.9884,2819.6413787288816,3886.629778728882,2.18411151034,135.93126007286196,0.1378941883236556,285.9370658698397,0.06336,116.6112174800283,0.4011808058109977,4425.109322151612,2.786546504474653
liquid_hydrogen,LTE,,solar,LTE_H_solar_E,France,1,2024,1171.3677,3113.675007731147,4285.042707731147,2.18411151034,466.7437545570985,0.472266974558569,299.1431049223241,0.008712,0.0,0.0,5050.929567210569,2.665090484898569
liquid_hydrogen,LTE,,solar,LTE_H_solar_E,Brazil,1,2024,1066.9884,3582.4346533953935,4649.423053395393,2.18411151034,1251.7868275768665,1.2657588892134022,263.7610658698398,0.020394,224.88486033638927,0.7736776223942433,6389.855807178488,4.243942021947646
liquid_hydrogen,LTE,,solar,LTE_H_solar_E,United Kingdom,1,2024,1235.1550499999998,4233.287588999855,5468.442638999855,2.18411151034,225.3250961844594,0.2282501045941831,363.2804621210645,0.041778,21.947985706621512,0.0755082639731354,6078.996183012001,2.5296478789073187
liquid_hydrogen,LTE,,solar,LTE_H_solar_E,Spain,1,2024,1078.5861,2398.5901491692853,3477.1762491692853,2.18411151034,380.43443665151494,0.3850287728965696,268.132403542338,0.028908,57.552427166144064,0.1979992114467616,4183.295516529282,2.7960474946833314
liquid_hydrogen,LTE,,solar,LTE_H_solar_E,Sweden,1,2024,1275.747,5650.92298761647,6926.66998761647,2.18411151034,402.0181929118524,0.4068448192627633,298.97498647480853,0.007128,20.06127838398294,0.0690173724415785,7647.724445387114,2.667101702044342
liquid_hydrogen,LTE,,solar,LTE_H_solar_E,Czech Republic,1,2024,1055.3907,3814.777643769397,4870.168343769396,2.18411151034,629.9061828437772,0.6371854001462417,281.36772819734153,0.081972,0.0,0.0,5781.442254810515,2.9032689104862417
liquid_hydrogen,LTE,,solar,LTE_H_solar_E,Japan,1,2024,1252.5515999999998,6187.922447765567,7440.474047765567,2.18411151034,157.72394129414766,0.1599214081566048,320.6344686298119,0.095436,467.3449690662653,1.6078198593015378,8386.177426755792,4.047288777798142
liquid_hydrogen,LTE,,solar,LTE_H_solar_E,Belgium,1,2024,1188.7642499999995,5509.661591709971,6698.42584170997,2.18411151034,114.99418983520208,0.1167317877865259,317.28311143107146,0.027324,0.0,0.0,7130.703142976243,2.3281672981265262
liquid_hydrogen,LTE,,solar,LTE_H_solar_E,Poland,1,2024,1072.78725,6658.066732613577,7730.853982613577,2.18411151034,194.5095199991873,0.1971028830100399,321.2877347060888,0.12177,35.13376671560605,0.1208716720975532,8281.785004034458,2.6238560654475935
liquid_hydrogen,LTE,,solar,LTE_H_solar_E,India,1,2024,1026.39645,2905.2830680214047,3931.679518021405,2.18411151034,745.2048393846368,0.7537249313898133,254.30238401609589,0.140184,259.4496461488906,0.8925918137096608,5190.6363875710285,3.9706122554394745
liquid_hydrogen,LTE,,solar,LTE_H_solar_E,Indonesia,1,2024,933.61485,4160.683352119152,5094.298202119152,2.18411151034,257.5424918161488,0.2608142323771918,222.49968263610975,0.127908,391.9007891992175,1.3482671547943936,5966.241165770628,3.921100897511586
liquid_hydrogen,LTE,,solar,LTE_H_solar_E,South Korea,1,2024,1090.1838,4095.708246188223,5185.892046188223,2.18411151034,126.20181287878846,0.1280600302399958,266.36574121483625,0.081972,451.37308722129234,1.5528713511961172,6029.83268750314,3.947014891776113
liquid_hydrogen,LTE,,solar,LTE_H_solar_E,China,1,2024,1061.1895499999998,2176.4449039276706,3237.6344539276706,2.18411151034,1422.9103352979398,1.4387240734825033,255.14039703359072,0.11088,434.59410452671375,1.4951461516521478,5350.279290785915,5.228861735474651
liquid_hydrogen,LTE,,solar,LTE_H_solar_E,United Arab Emirates,1,2024,1107.5803500000002,1609.1463916007792,2716.7267416007794,2.18411151034,188.6948708838179,0.1912256550996622,269.06174772358366,0.075834,251.34853696441075,0.8647213430909217,3425.831897172592,3.315892508530584
liquid_hydrogen,LTE,,solar,LTE_H_solar_E,United States,1,2024,1159.77,3534.6495811801296,4694.419581180129,2.18411151034,1609.3398036046551,1.6271599451420615,288.0397672498259,0.076032,136.4865495503076,0.4695584619921574,6728.285701584917,4.356861917474219
liquid_hydrogen,LTE,,solar,LTE_H_solar_E,Turkey,1,2024,1061.1895499999998,4961.786940505853,6022.976490505853,2.18411151034,174.60991317217503,0.176989111339773,266.4263970335907,0.09306,141.20544502485285,0.4857930089759428,6605.218245736471,2.9399536306557157
liquid_hydrogen,LTE,,solar,LTE_H_solar_E,Australia,1,2024,1188.7642499999995,2162.7364207656674,3351.500670765667,2.18411151034,1431.9328260410734,1.447843666662513,311.7391114310714,0.109296,398.68764166437,1.3716161515695673,5493.860249902182,5.11286732857208
liquid_hydrogen,LTE,,solar,LTE_H_solar_E,Malaysia,1,2024,1014.79875,3691.34640921527,4706.14515921527,2.18411151034,131.0004864593708,0.132910348417587,251.9110463435976,0.119592,340.29400284675506,1.170722896346507,5429.350694864993,3.607336755104094
liquid_hydrogen,LTE,,solar,LTE_H_solar_E,Canada,1,2024,1182.9654,5639.6803454933215,6822.645745493322,2.18411151034,2038.38644093734,2.060824096108664,285.2984425948223,0.03465,123.67505672102308,0.4254827278735726,9270.005685746506,4.705068334322236
liquid_hydrogen,LTE,,solar,LTE_H_solar_E,Mexico,1,2024,1020.5975999999998,3899.6019067020334,4920.199506702033,2.18411151034,583.2052316904606,0.5899818409780763,269.63971517984675,0.10395,208.34439745184173,0.7167730091682802,5981.388851024181,3.594816360486357
liquid_hydrogen,LTE,,solar,LTE_H_solar_E,Thailand,1,2024,1032.1953,3038.4733707877213,4070.6686707877216,2.18411151034,202.49409307689865,0.2051733881796016,255.99305285234496,0.109692,377.7954983364259,1.299740331416511,4906.951315053391,3.7987172299361127
liquid_hydrogen,LTE,,solar,LTE_H_solar_E,Russia,1,2024,1095.98265,5568.038298590567,6664.020948590567,2.18411151034,2493.0148831277284,2.5203453700975524,262.51241005108545,0.088902,50.64148935263056,0.1742233204060057,9470.189731122011,4.967582200843558
liquid_hydrogen,LTE,,solar,LTE_H_solar_E,Saudi Arabia,1,2024,1107.5803500000002,2670.341695625767,3777.922045625768,2.18411151034,512.660239354775,0.5186776247362443,260.74574772358363,0.109296,158.16376033952247,0.5441351715067588,4709.4917930436495,3.3562203065830034
liquid_hydrogen,SMR,,solar,SMR_H_solar_E,South Africa,1,2024,740.3525314887445,1301.9682937976845,2042.320825286429,10.81306208709333,438.1704908749996,0.4433861978391045,259.92307237858716,0.140382,289.6858328474884,0.9966142054360204,3030.1002213875045,12.393444490368458
liquid_hydrogen,SMR,,solar,SMR_H_solar_E,Taiwan,1,2024,728.4752181493528,2096.59344246766,2825.0686606170125,10.81306208709333,108.29765925058994,0.1099631873647823,271.8790658698398,0.125928,414.22374866161965,1.4250654513797674,3619.4691343990617,12.47401872583788
liquid_hydrogen,SMR,,solar,SMR_H_solar_E,Switzerland,1,2024,874.9620826685161,8342.23407214602,9217.196154814535,10.81306208709333,492.6853966182634,0.4984878074476782,342.15581281105756,0.007326,0.0,0.0,10052.037364243855,11.318875894541009
liquid_hydrogen,SMR,,solar,SMR_H_solar_E,Singapore,1,2024,732.4343225958166,8949.811688745789,9682.246011341604,10.81306208709333,6.688572663865257,0.0072605568557443,296.5377347060888,0.098802,344.8307856143193,1.18633091593341,10330.303104325878,12.105455559882483
liquid_hydrogen,SMR,,solar,SMR_H_solar_E,Hungary,1,2024,712.6388003634972,3766.108514432355,4478.747314795853,10.81306208709333,933.4787080320028,0.9440250533153642,272.6403905248432,0.036234,0.0,0.0,5684.866413352699,11.793321140408695
liquid_hydrogen,SMR,,solar,SMR_H_solar_E,Philippines,1,2024,708.6796959170334,2228.4105448342566,2937.09024075129,10.81306208709333,173.897979404711,0.1762695155523986,261.44572168859406,0.121374,398.4059682729832,1.3706471027887204,3770.839910117578,12.481352705434448
liquid_hydrogen,SMR,,solar,SMR_H_solar_E,Netherlands,1,2024,811.616411525094,5822.846757241594,6634.463168766688,10.81306208709333,82.54212485506892,0.0839304650813442,311.54111143107144,0.050094,0.0,0.0,7028.546405052829,10.947086552174675
liquid_hydrogen,SMR,,solar,SMR_H_solar_E,Norway,1,2024,898.7167093472995,4688.676321626869,5587.393030974168,10.81306208709333,383.8823986934868,0.3885138428199527,318.4418258285524,0.006138,24.237089913799533,0.083383532667404,6313.954345410007,11.291097462580687
liquid_hydrogen,SMR,,solar,SMR_H_solar_E,Oman,1,2024,756.1889492745998,661.288033453869,1417.476982728469,10.81306208709333,324.730500960653,0.328725336684938,287.07974772358364,0.10791,245.730208915526,0.8453924532750845,2275.0174403282317,12.095089877053354
liquid_hydrogen,SMR,,solar,SMR_H_solar_E,Italy,1,2024,760.1480537210637,6396.824983663045,7156.9730373841085,10.81306208709333,221.43586699612143,0.2243190184904427,339.4584165598328,0.057024,92.5368656281945,0.3183571454118573,7810.404186568257,11.41276225099563
liquid_hydrogen,SMR,,solar,SMR_H_solar_E,Austria,1,2024,823.4937248644858,5530.439968295183,6353.933693159668,10.81306208709333,661.6247967655381,0.6692453781983527,327.30511793981884,0.020394,0.0,0.0,7342.863607865025,11.502701465291683
liquid_hydrogen,SMR,,solar,SMR_H_solar_E,Finland,1,2024,855.1665604361967,6122.5687066741375,6977.7352671103345,10.81306208709333,330.87093754752107,0.3349318582779358,304.99246862981187,0.014256,47.19914591049387,0.1623805307856065,7660.797819198161,11.324630476156871
liquid_hydrogen,SMR,,solar,SMR_H_solar_E,Portugal,1,2024,720.5570092564251,4996.131883128369,5716.688892384794,10.81306208709333,155.78194980131548,0.1579585164365832,265.3297281973415,0.022176,46.64877898577206,0.1604870881895763,6184.449349369223,11.15368369171949
liquid_hydrogen,SMR,,solar,SMR_H_solar_E,Germany,1,2024,815.575515971558,5183.181293821367,5998.756809792925,10.81306208709333,338.61147577132436,0.3427557022258079,323.32978026732064,0.0681119999999999,0.0,0.0,6660.69806583157,11.223929789319138
liquid_hydrogen,SMR,,solar,SMR_H_solar_E,Greece,1,2024,728.4752181493528,2882.7521813358767,3611.2273994852294,10.81306208709333,135.93126007286196,0.1378941883236556,285.9370658698397,0.06336,116.6112174800283,0.4011808058109977,4149.706942907959,11.415497081227985
liquid_hydrogen,SMR,,solar,SMR_H_solar_E,France,1,2024,799.7390981857026,5602.586164215282,6402.325262400985,10.81306208709333,466.7437545570985,0.472266974558569,299.1431049223241,0.008712,0.0,0.0,7168.212121880407,11.294041061651898
liquid_hydrogen,SMR,,solar,SMR_H_solar_E,Brazil,1,2024,728.4752181493528,5551.332581219507,6279.80779936886,10.81306208709333,1251.7868275768665,1.2657588892134022,263.7610658698398,0.020394,224.88486033638927,0.7736776223942433,8020.240553151956,12.872892598700975
liquid_hydrogen,SMR,,solar,SMR_H_solar_E,United Kingdom,1,2024,843.2892470968051,4399.980559796343,5243.269806893149,10.81306208709333,225.3250961844594,0.2282501045941831,363.2804621210645,0.041778,21.947985706621512,0.0755082639731354,5853.823350905294,11.15859845566065
liquid_hydrogen,SMR,,solar,SMR_H_solar_E,Spain,1,2024,736.3934270422805,4120.265746686369,4856.65917372865,10.81306208709333,380.43443665151494,0.3850287728965696,268.132403542338,0.028908,57.552427166144064,0.1979992114467616,5562.778441088647,11.424998071436661
liquid_hydrogen,SMR,,solar,SMR_H_solar_E,Sweden,1,2024,871.0029782220523,8683.835043902895,9554.838022124946,10.81306208709333,402.0181929118524,0.4068448192627633,298.97498647480853,0.007128,20.06127838398294,0.0690173724415785,10275.892479895589,11.296052278797672
liquid_hydrogen,SMR,,solar,SMR_H_solar_E,Czech Republic,1,2024,720.5570092564251,4380.449183164075,5101.0061924205,10.81306208709333,629.9061828437772,0.6371854001462417,281.36772819734153,0.081972,0.0,0.0,6012.280103461619,11.532219487239573
liquid_hydrogen,SMR,,solar,SMR_H_solar_E,Japan,1,2024,855.1665604361967,4893.714028344762,5748.8805887809585,10.81306208709333,157.72394129414766,0.1599214081566048,320.6344686298119,0.095436,467.3449690662653,1.6078198593015378,6694.583967771184,12.676239354551472
liquid_hydrogen,SMR,,solar,SMR_H_solar_E,Belgium,1,2024,811.616411525094,3769.3079100053847,4580.924321530479,10.81306208709333,114.99418983520208,0.1167317877865259,317.28311143107146,0.027324,0.0,0.0,5013.2016227967515,10.957117874879856
liquid_hydrogen,SMR,,solar,SMR_H_solar_E,Poland,1,2024,732.4343225958166,5236.393850035512,5968.828172631328,10.81306208709333,194.5095199991873,0.1971028830100399,321.2877347060888,0.12177,35.13376671560605,0.1208716720975532,6519.75919405221,11.252806642200923
liquid_hydrogen,SMR,,solar,SMR_H_solar_E,India,1,2024,700.7614870241057,3201.642322311094,3902.4038093352,10.81306208709333,745.2048393846368,0.7537249313898133,254.30238401609589,0.140184,259.4496461488906,0.8925918137096608,5161.360678884824,12.599562832192804
liquid_hydrogen,SMR,,solar,SMR_H_solar_E,Indonesia,1,2024,637.4158158806837,5030.141637944649,5667.557453825333,10.81306208709333,257.5424918161488,0.2608142323771918,222.49968263610975,0.127908,391.9007891992175,1.3482671547943936,6539.500417476809,12.550051474264915
liquid_hydrogen,SMR,,solar,SMR_H_solar_E,South Korea,1,2024,744.3116359352082,3754.1331421038185,4498.4447780390265,10.81306208709333,126.20181287878846,0.1280600302399958,266.36574121483625,0.081972,451.37308722129234,1.5528713511961172,5342.385419353944,12.575965468529443
liquid_hydrogen,SMR,,solar,SMR_H_solar_E,China,1,2024,724.5161137028889,3083.688702700932,3808.204816403821,10.81306208709333,1422.9103352979398,1.4387240734825033,255.14039703359072,0.11088,434.59410452671375,1.4951461516521478,5920.849653262065,13.857812312227981
liquid_hydrogen,SMR,,solar,SMR_H_solar_E,United Arab Emirates,1,2024,756.1889492745998,494.1159456073024,1250.3048948819023,10.81306208709333,188.6948708838179,0.1912256550996622,269.06174772358366,0.075834,251.34853696441075,0.8647213430909217,1959.4100504537146,11.944843085283916
liquid_hydrogen,SMR,,solar,SMR_H_solar_E,United States,1,2024,791.8208892927747,2283.7256384964403,3075.546527789215,10.81306208709333,1609.3398036046551,1.6271599451420615,288.0397672498259,0.076032,136.4865495503076,0.4695584619921574,5109.412648194003,12.985812494227549
liquid_hydrogen,SMR,,solar,SMR_H_solar_E,Turkey,1,2024,724.5161137028889,2276.143754627156,3000.659868330045,10.81306208709333,174.60991317217503,0.176989111339773,266.4263970335907,0.09306,141.20544502485285,0.4857930089759428,3582.901623560663,11.568904207409046
liquid_hydrogen,SMR,,solar,SMR_H_solar_E,Australia,1,2024,811.616411525094,2627.886853868946,3439.50326539404,10.81306208709333,1431.9328260410734,1.447843666662513,311.7391114310714,0.109296,398.68764166437,1.3716161515695673,5581.862844530555,13.74181790532541
liquid_hydrogen,SMR,,solar,SMR_H_solar_E,Malaysia,1,2024,692.8432781311778,1992.5030968266549,2685.3463749578327,10.81306208709333,131.0004864593708,0.132910348417587,251.9110463435976,0.119592,340.29400284675506,1.170722896346507,3408.5519106075562,12.236287331857426
liquid_hydrogen,SMR,,solar,SMR_H_solar_E,Canada,1,2024,807.6573070786303,1904.9664449885336,2712.623752067164,10.81306208709333,2038.38644093734,2.060824096108664,285.2984425948223,0.03465,123.67505672102308,0.4254827278735726,5159.983692320349,13.334018911075566
liquid_hydrogen,SMR,,solar,SMR_H_solar_E,Mexico,1,2024,696.8023825776418,1434.0385614849044,2130.8409440625464,10.81306208709333,583.2052316904606,0.5899818409780763,269.63971517984675,0.10395,208.34439745184173,0.7167730091682802,3192.0302883846957,12.223766937239686
liquid_hydrogen,SMR,,solar,SMR_H_solar_E,Thailand,1,2024,704.7205914705696,2025.297357676002,2730.0179491465715,10.81306208709333,202.49409307689865,0.2051733881796016,255.99305285234496,0.109692,377.7954983364259,1.299740331416511,3566.300593412241,12.427667806689442
liquid_hydrogen,SMR,,solar,SMR_H_solar_E,Russia,1,2024,748.2707403816722,1360.426510493889,2108.697250875561,10.81306208709333,2493.0148831277284,2.5203453700975524,262.51241005108545,0.088902,50.64148935263056,0.1742233204060057,4914.866033407006,13.596532777596888
liquid_hydrogen,SMR,,solar,SMR_H_solar_E,Saudi Arabia,1,2024,756.1889492745998,649.4068546943224,1405.5958039689222,10.81306208709333,512.660239354775,0.5186776247362443,260.74574772358363,0.109296,158.16376033952247,0.5441351715067588,2337.165551386803,11.985170883336334
liquid_hydrogen,SMRCCS,,solar,SMRCCS_H_solar_E,South Africa,1,2024,1013.6891058200858,1600.0365864508583,2613.725692270944,2.2190999769347592,438.1704908749996,0.4433861978391045,259.92307237858716,0.140382,289.6858328474884,0.9966142054360204,3601.5050883720196,3.7994823802098843
liquid_hydrogen,SMRCCS,,solar,SMRCCS_H_solar_E,Taiwan,1,2024,997.4267137481056,2660.898375780582,3658.3250895286874,2.2190999769347592,108.29765925058994,0.1099631873647823,271.8790658698398,0.125928,414.22374866161965,1.4250654513797674,4452.725563310737,3.880056615679309
liquid_hydrogen,SMRCCS,,solar,SMRCCS_H_solar_E,Switzerland,1,2024,1197.9962159691922,10664.914480784582,11862.910696753774,2.2190999769347592,492.6853966182634,0.4984878074476782,342.15581281105756,0.007326,0.0,0.0,12697.751906183094,2.724913784382437
liquid_hydrogen,SMRCCS,,solar,SMRCCS_H_solar_E,Singapore,1,2024,1002.8475111054324,11449.398941731692,12452.246452837124,2.2190999769347592,6.688572663865257,0.0072605568557443,296.5377347060888,0.098802,344.8307856143193,1.18633091593341,13100.303545821398,3.5114934497239134
liquid_hydrogen,SMRCCS,,solar,SMRCCS_H_solar_E,Hungary,1,2024,975.743524318799,4754.943355394464,5730.686879713263,2.2190999769347592,933.4787080320028,0.9440250533153642,272.6403905248432,0.036234,0.0,0.0,6936.805978270109,3.199359030250123
liquid_hydrogen,SMRCCS,,solar,SMRCCS_H_solar_E,Philippines,1,2024,970.3227269614724,2808.1397284393106,3778.4624554007833,2.2190999769347592,173.897979404711,0.1762695155523986,261.44572168859406,0.121374,398.4059682729832,1.3706471027887204,4612.212124767071,3.8873905952758783
liquid_hydrogen,SMRCCS,,solar,SMRCCS_H_solar_E,Netherlands,1,2024,1111.2634582519654,7429.882112532948,8541.145570784913,2.2190999769347592,82.54212485506892,0.0839304650813442,311.54111143107144,0.050094,0.0,0.0,8935.228807071053,2.3531244420161035
liquid_hydrogen,SMRCCS,,solar,SMRCCS_H_solar_E,Norway,1,2024,1230.5210001131522,5936.202437166977,7166.723437280129,2.2190999769347592,383.8823986934868,0.3885138428199527,318.4418258285524,0.006138,24.237089913799533,0.083383532667404,7893.284751715967,2.6971353524221158
liquid_hydrogen,SMRCCS,,solar,SMRCCS_H_solar_E,Oman,1,2024,1035.3722952493924,809.9439833095822,1845.3162785589748,2.2190999769347592,324.730500960653,0.328725336684938,287.07974772358364,0.10791,245.730208915526,0.8453924532750845,2702.8567361587375,3.501127766894782
liquid_hydrogen,SMRCCS,,solar,SMRCCS_H_solar_E,Italy,1,2024,1040.793092606719,8170.986628513358,9211.779721120076,2.2190999769347592,221.43586699612143,0.2243190184904427,339.4584165598328,0.057024,92.5368656281945,0.3183571454118573,9865.210870304227,2.8188001408370598
liquid_hydrogen,SMRCCS,,solar,SMRCCS_H_solar_E,Austria,1,2024,1127.525850323946,7049.184644235966,8176.710494559911,2.2190999769347592,661.6247967655381,0.6692453781983527,327.30511793981884,0.020394,0.0,0.0,9165.640409265268,2.908739355133112
liquid_hydrogen,SMRCCS,,solar,SMRCCS_H_solar_E,Finland,1,2024,1170.892229182559,7780.225798364449,8951.118027547007,2.2190999769347592,330.87093754752107,0.3349318582779358,304.99246862981187,0.014256,47.19914591049387,0.1623805307856065,9634.180579634834,2.7306683659983015
liquid_hydrogen,SMRCCS,,solar,SMRCCS_H_solar_E,Portugal,1,2024,986.5851190334524,6381.6648393280375,7368.24995836149,2.2190999769347592,155.78194980131548,0.1579585164365832,265.3297281973415,0.022176,46.64877898577206,0.1604870881895763,7836.01041534592,2.5597215815609187
liquid_hydrogen,SMRCCS,,solar,SMRCCS_H_solar_E,Germany,1,2024,1116.6842556092922,6604.852899902134,7721.537155511426,2.2190999769347592,338.61147577132436,0.3427557022258079,323.32978026732064,0.0681119999999999,0.0,0.0,8383.478411550072,2.629967679160567
liquid_hydrogen,SMRCCS,,solar,SMRCCS_H_solar_E,Greece,1,2024,997.4267137481056,3661.831544701517,4659.258258449623,2.2190999769347592,135.93126007286196,0.1378941883236556,285.9370658698397,0.06336,116.6112174800283,0.4011808058109977,5197.737801872353,2.821534971069412
liquid_hydrogen,SMRCCS,,solar,SMRCCS_H_solar_E,France,1,2024,1095.0010661799856,7155.75009781816,8250.751163998146,2.2190999769347592,466.7437545570985,0.472266974558569,299.1431049223241,0.008712,0.0,0.0,9016.63802347757,2.700078951493328
liquid_hydrogen,SMRCCS,,solar,SMRCCS_H_solar_E,Brazil,1,2024,997.4267137481056,7079.392265867084,8076.818979615189,2.2190999769347592,1251.7868275768665,1.2657588892134022,263.7610658698398,0.020394,224.88486033638927,0.7736776223942433,9817.251733398285,4.278930488542405
liquid_hydrogen,SMRCCS,,solar,SMRCCS_H_solar_E,United Kingdom,1,2024,1154.629837110579,5590.547285418535,6745.177122529114,2.2190999769347592,225.3250961844594,0.2282501045941831,363.2804621210645,0.041778,21.947985706621512,0.0755082639731354,7355.73066654126,2.5646363455020778
liquid_hydrogen,SMRCCS,,solar,SMRCCS_H_solar_E,Spain,1,2024,1008.268308462759,5263.163953342582,6271.432261805341,2.2190999769347592,380.43443665151494,0.3850287728965696,268.132403542338,0.028908,57.552427166144064,0.1979992114467616,6977.551529165338,2.8310359612780904
liquid_hydrogen,SMRCCS,,solar,SMRCCS_H_solar_E,Sweden,1,2024,1192.5754186118656,11073.703603666216,12266.279022278082,2.2190999769347592,402.0181929118524,0.4068448192627633,298.97498647480853,0.007128,20.06127838398294,0.0690173724415785,12987.333480048725,2.702090168639101
liquid_hydrogen,SMRCCS,,solar,SMRCCS_H_solar_E,Czech Republic,1,2024,986.5851190334524,5574.755428845924,6561.340547879377,2.2190999769347592,629.9061828437772,0.6371854001462417,281.36772819734153,0.081972,0.0,0.0,7472.614458920495,2.9382573770810008
liquid_hydrogen,SMRCCS,,solar,SMRCCS_H_solar_E,Japan,1,2024,1170.892229182559,6185.756612422295,7356.648841604854,2.2190999769347592,157.72394129414766,0.1599214081566048,320.6344686298119,0.095436,467.3449690662653,1.6078198593015378,8302.35222059508,4.082277244392902
liquid_hydrogen,SMRCCS,,solar,SMRCCS_H_solar_E,Belgium,1,2024,1111.2634582519654,4754.936575463671,5866.200033715637,2.2190999769347592,114.99418983520208,0.1167317877865259,317.28311143107146,0.027324,0.0,0.0,6298.47733498191,2.3631557647212853
liquid_hydrogen,SMRCCS,,solar,SMRCCS_H_solar_E,Poland,1,2024,1002.8475111054324,6620.211763326131,7623.059274431564,2.2190999769347592,194.5095199991873,0.1971028830100399,321.2877347060888,0.12177,35.13376671560605,0.1208716720975532,8173.990295852445,2.6588445320423526
liquid_hydrogen,SMRCCS,,solar,SMRCCS_H_solar_E,India,1,2024,959.4811322468192,4068.721352859306,5028.202485106125,2.2190999769347592,745.2048393846368,0.7537249313898133,254.30238401609589,0.140184,259.4496461488906,0.8925918137096608,6287.159354655749,4.005600722034234
liquid_hydrogen,SMRCCS,,solar,SMRCCS_H_solar_E,Indonesia,1,2024,872.7483745295924,6397.0160599765195,7269.764434506112,2.2190999769347592,257.5424918161488,0.2608142323771918,222.49968263610975,0.127908,391.9007891992175,1.3482671547943936,8141.707398157588,3.9560893641063446
liquid_hydrogen,SMRCCS,,solar,SMRCCS_H_solar_E,South Korea,1,2024,1019.1099031774122,4757.225659005847,5776.335562183259,2.2190999769347592,126.20181287878846,0.1280600302399958,266.36574121483625,0.081972,451.37308722129234,1.5528713511961172,6620.276203498176,3.9820033583708723
liquid_hydrogen,SMRCCS,,solar,SMRCCS_H_solar_E,China,1,2024,992.005916390779,3930.899162484573,4922.905078875352,2.2190999769347592,1422.9103352979398,1.4387240734825033,255.14039703359072,0.11088,434.59410452671375,1.4951461516521478,7035.549915733596,5.26385020206941
liquid_hydrogen,SMRCCS,,solar,SMRCCS_H_solar_E,United Arab Emirates,1,2024,1035.3722952493924,614.0848946139298,1649.457189863322,2.2190999769347592,188.6948708838179,0.1912256550996622,269.06174772358366,0.075834,251.34853696441075,0.8647213430909217,2358.5623454351344,3.350880975125343
liquid_hydrogen,SMRCCS,,solar,SMRCCS_H_solar_E,United States,1,2024,1084.1594714653322,2880.1034766523326,3964.262948117665,2.2190999769347592,1609.3398036046551,1.6271599451420615,288.0397672498259,0.076032,136.4865495503076,0.4695584619921574,5998.129068522453,4.391850384068978
liquid_hydrogen,SMRCCS,,solar,SMRCCS_H_solar_E,Turkey,1,2024,992.005916390779,2841.683029170647,3833.688945561426,2.2190999769347592,174.60991317217503,0.176989111339773,266.4263970335907,0.09306,141.20544502485285,0.4857930089759428,4415.930700792044,2.9749420972504748
liquid_hydrogen,SMRCCS,,solar,SMRCCS_H_solar_E,Australia,1,2024,1111.2634582519654,3349.805244790464,4461.068703042429,2.2190999769347592,1431.9328260410734,1.447843666662513,311.7391114310714,0.109296,398.68764166437,1.3716161515695673,6603.428282178943,5.14785579516684
liquid_hydrogen,SMRCCS,,solar,SMRCCS_H_solar_E,Malaysia,1,2024,948.6395375321658,2499.393120013654,3448.03265754582,2.2190999769347592,131.0004864593708,0.132910348417587,251.9110463435976,0.119592,340.29400284675506,1.170722896346507,4171.238193195543,3.6423252216988535
liquid_hydrogen,SMRCCS,,solar,SMRCCS_H_solar_E,Canada,1,2024,1105.842660894639,2355.1716849960335,3461.0143458906723,2.2190999769347592,2038.38644093734,2.060824096108664,285.2984425948223,0.03465,123.67505672102308,0.4254827278735726,5908.374286143858,4.740056800916996
liquid_hydrogen,SMRCCS,,solar,SMRCCS_H_solar_E,Mexico,1,2024,954.0603348894924,1778.325741750002,2732.3860766394946,2.2190999769347592,583.2052316904606,0.5899818409780763,269.63971517984675,0.10395,208.34439745184173,0.7167730091682802,3793.575420961644,3.629804827081116
liquid_hydrogen,SMRCCS,,solar,SMRCCS_H_solar_E,Thailand,1,2024,964.9019296041458,2554.279606914275,3519.181536518421,2.2190999769347592,202.49409307689865,0.2051733881796016,255.99305285234496,0.109692,377.7954983364259,1.299740331416511,4355.464180784091,3.833705696530872
liquid_hydrogen,SMRCCS,,solar,SMRCCS_H_solar_E,Russia,1,2024,1024.530700534739,1653.3482773935991,2677.8789779283384,2.2190999769347592,2493.0148831277284,2.5203453700975524,262.51241005108545,0.088902,50.64148935263056,0.1742233204060057,5484.047760459784,5.0025706674383175
liquid_hydrogen,SMRCCS,,solar,SMRCCS_H_solar_E,Saudi Arabia,1,2024,1035.3722952493924,794.4198430007804,1829.792138250173,2.2190999769347592,512.660239354775,0.5186776247362443,260.74574772358363,0.109296,158.16376033952247,0.5441351715067588,2761.3618856680537,3.3912087731777625
liquid_hydrogen,ATRCCS,,wind,ATRCCS_H_wind_E,South Africa,1,2024,927.6919847731492,1249.3680223042254,2177.0600070773744,1.372654114632564,438.1704908749996,0.4433861978391045,259.92307237858716,0.140382,289.6858328474884,0.9966142054360204,3164.83940317845,2.9530365179076887
liquid_hydrogen,ATRCCS,,wind,ATRCCS_H_wind_E,Taiwan,1,2024,912.8092256591414,2252.663620842755,3165.472846501896,1.372654114632564,108.29765925058994,0.1099631873647823,271.8790658698398,0.125928,414.22374866161965,1.4250654513797674,3959.8733202839453,3.033610753377114
liquid_hydrogen,ATRCCS,,wind,ATRCCS_H_wind_E,Switzerland,1,2024,1096.3632547319037,9126.436500268494,10222.799755000397,1.372654114632564,492.6853966182634,0.4984878074476782,342.15581281105756,0.007326,0.0,0.0,11057.640964429716,1.878467922080242
liquid_hydrogen,ATRCCS,,wind,ATRCCS_H_wind_E,Singapore,1,2024,917.7701453638108,10176.284551246348,11094.05469661016,1.372654114632564,6.688572663865257,0.0072605568557443,296.5377347060888,0.098802,344.8307856143193,1.18633091593341,11742.111789594434,2.665047587421718
liquid_hydrogen,ATRCCS,,wind,ATRCCS_H_wind_E,Hungary,1,2024,892.9655468404644,3815.0634506091183,4708.028997449583,1.372654114632564,933.4787080320028,0.9440250533153642,272.6403905248432,0.036234,0.0,0.0,5914.148096006429,2.352913167947928
liquid_hydrogen,ATRCCS,,wind,ATRCCS_H_wind_E,Philippines,1,2024,888.0046271357951,2535.023638238472,3423.028265374267,1.372654114632564,173.897979404711,0.1762695155523986,261.44572168859406,0.121374,398.4059682729832,1.3706471027887204,4256.777934740555,3.040944732973683
liquid_hydrogen,ATRCCS,,wind,ATRCCS_H_wind_E,Netherlands,1,2024,1016.9885394571952,6267.612854314964,7284.60139377216,1.372654114632564,82.54212485506892,0.0839304650813442,311.54111143107144,0.050094,0.0,0.0,7678.684630058301,1.5066785797139082
liquid_hydrogen,ATRCCS,,wind,ATRCCS_H_wind_E,Norway,1,2024,1126.128772959919,4674.859724670006,5800.9884976299245,1.372654114632564,383.8823986934868,0.3885138428199527,318.4418258285524,0.006138,24.237089913799533,0.083383532667404,6527.549812065763,1.8506894901199207
liquid_hydrogen,ATRCCS,,wind,ATRCCS_H_wind_E,Oman,1,2024,947.5356635918262,859.5496973149435,1807.0853609067697,1.372654114632564,324.730500960653,0.328725336684938,287.07974772358364,0.10791,245.730208915526,0.8453924532750845,2664.625818506532,2.6546819045925862
liquid_hydrogen,ATRCCS,,wind,ATRCCS_H_wind_E,Italy,1,2024,952.4965832964954,7056.2636247246155,8008.760208021111,1.372654114632564,221.43586699612143,0.2243190184904427,339.4584165598328,0.057024,92.5368656281945,0.3183571454118573,8662.191357205262,1.9723542785348638
liquid_hydrogen,ATRCCS,,wind,ATRCCS_H_wind_E,Austria,1,2024,1031.8712985712034,5962.261380230338,6994.132678801541,1.372654114632564,661.6247967655381,0.6692453781983527,327.30511793981884,0.020394,0.0,0.0,7983.062593506898,2.0622934928309165
liquid_hydrogen,ATRCCS,,wind,ATRCCS_H_wind_E,Finland,1,2024,1071.5586562085573,6285.6047997777005,7357.163455986258,1.372654114632564,330.87093754752107,0.3349318582779358,304.99246862981187,0.014256,47.19914591049387,0.1623805307856065,8040.226008074084,1.8842225036961062
liquid_hydrogen,ATRCCS,,wind,ATRCCS_H_wind_E,Portugal,1,2024,902.887386249803,5604.052413124994,6506.939799374797,1.372654114632564,155.78194980131548,0.1579585164365832,265.3297281973415,0.022176,46.64877898577206,0.1604870881895763,6974.700256359227,1.7132757192587236
liquid_hydrogen,ATRCCS,,wind,ATRCCS_H_wind_E,Germany,1,2024,1021.9494591618648,5648.792934102865,6670.74239326473,1.372654114632564,338.61147577132436,0.3427557022258079,323.32978026732064,0.0681119999999999,0.0,0.0,7332.683649303374,1.7835218168583717
liquid_hydrogen,ATRCCS,,wind,ATRCCS_H_wind_E,Greece,1,2024,912.8092256591414,3230.2977521129865,4143.106977772128,1.372654114632564,135.93126007286196,0.1378941883236556,285.9370658698397,0.06336,116.6112174800283,0.4011808058109977,4681.586521194858,1.975089108767217
liquid_hydrogen,ATRCCS,,wind,ATRCCS_H_wind_E,France,1,2024,1002.105780343188,6190.267210015306,7192.372990358494,1.372654114632564,466.7437545570985,0.472266974558569,299.1431049223241,0.008712,0.0,0.0,7958.259849837916,1.853633089191133
liquid_hydrogen,ATRCCS,,wind,ATRCCS_H_wind_E,Brazil,1,2024,912.8092256591414,5805.629026612644,6718.438252271786,1.372654114632564,1251.7868275768665,1.2657588892134022,263.7610658698398,0.020394,224.88486033638927,0.7736776223942433,8458.871006054882,3.4324846262402096
liquid_hydrogen,ATRCCS,,wind,ATRCCS_H_wind_E,United Kingdom,1,2024,1056.6758970945496,4498.397250259809,5555.073147354358,1.372654114632564,225.3250961844594,0.2282501045941831,363.2804621210645,0.041778,21.947985706621512,0.0755082639731354,6165.626691366504,1.7181904831998827
liquid_hydrogen,ATRCCS,,wind,ATRCCS_H_wind_E,Spain,1,2024,922.73106506848,4533.453844204764,5456.184909273245,1.372654114632564,380.43443665151494,0.3850287728965696,268.132403542338,0.028908,57.552427166144064,0.1979992114467616,6162.304176633242,1.9845900989758951
liquid_hydrogen,ATRCCS,,wind,ATRCCS_H_wind_E,Sweden,1,2024,1091.4023350272344,9113.126257982882,10204.528593010116,1.372654114632564,402.0181929118524,0.4068448192627633,298.97498647480853,0.007128,20.06127838398294,0.0690173724415785,10925.583050780759,1.8556443063369057
liquid_hydrogen,ATRCCS,,wind,ATRCCS_H_wind_E,Czech Republic,1,2024,902.887386249803,4772.147231555767,5675.03461780557,1.372654114632564,629.9061828437772,0.6371854001462417,281.36772819734153,0.081972,0.0,0.0,6586.308528846688,2.0918115147788057
liquid_hydrogen,ATRCCS,,wind,ATRCCS_H_wind_E,Japan,1,2024,1071.5586562085573,5759.155538214583,6830.714194423141,1.372654114632564,157.72394129414766,0.1599214081566048,320.6344686298119,0.095436,467.3449690662653,1.6078198593015378,7776.417573413366,3.2358313820907068
liquid_hydrogen,ATRCCS,,wind,ATRCCS_H_wind_E,Belgium,1,2024,1016.9885394571952,3785.1454927583454,4802.134032215541,1.372654114632564,114.99418983520208,0.1167317877865259,317.28311143107146,0.027324,0.0,0.0,5234.411333481814,1.5167099024190898
liquid_hydrogen,ATRCCS,,wind,ATRCCS_H_wind_E,Poland,1,2024,917.7701453638108,5225.364554114238,6143.134699478049,1.372654114632564,194.5095199991873,0.1971028830100399,321.2877347060888,0.12177,35.13376671560605,0.1208716720975532,6694.0657208989305,1.8123986697401568
liquid_hydrogen,ATRCCS,,wind,ATRCCS_H_wind_E,India,1,2024,878.0827877264568,3573.8926821412647,4451.975469867722,1.372654114632564,745.2048393846368,0.7537249313898133,254.30238401609589,0.140184,259.4496461488906,0.8925918137096608,5710.932339417345,3.159154859732038
liquid_hydrogen,ATRCCS,,wind,ATRCCS_H_wind_E,Indonesia,1,2024,798.7080724517485,5782.671939258674,6581.380011710422,1.372654114632564,257.5424918161488,0.2608142323771918,222.49968263610975,0.127908,391.9007891992175,1.3482671547943936,7453.322975361898,3.1096435018041495
liquid_hydrogen,ATRCCS,,wind,ATRCCS_H_wind_E,South Korea,1,2024,932.6529044778182,4218.630076149011,5151.282980626829,1.372654114632564,126.20181287878846,0.1280600302399958,266.36574121483625,0.081972,451.37308722129234,1.5528713511961172,5995.223621941746,3.1355574960686767
liquid_hydrogen,ATRCCS,,wind,ATRCCS_H_wind_E,China,1,2024,907.8483059544722,3338.431751385968,4246.28005734044,1.372654114632564,1422.9103352979398,1.4387240734825033,255.14039703359072,0.11088,434.59410452671375,1.4951461516521478,6358.924894198684,4.417404339767215
liquid_hydrogen,ATRCCS,,wind,ATRCCS_H_wind_E,United Arab Emirates,1,2024,947.5356635918262,857.721335575813,1805.2569991676392,1.372654114632564,188.6948708838179,0.1912256550996622,269.06174772358366,0.075834,251.34853696441075,0.8647213430909217,2514.3621547394514,2.504435112823148
liquid_hydrogen,ATRCCS,,wind,ATRCCS_H_wind_E,United States,1,2024,992.1839409338492,2362.9533352240132,3355.1372761578623,1.372654114632564,1609.3398036046551,1.6271599451420615,288.0397672498259,0.076032,136.4865495503076,0.4695584619921574,5389.00339656265,3.545404521766783
liquid_hydrogen,ATRCCS,,wind,ATRCCS_H_wind_E,Turkey,1,2024,907.8483059544722,2558.5661810553147,3466.414487009787,1.372654114632564,174.60991317217503,0.176989111339773,266.4263970335907,0.09306,141.20544502485285,0.4857930089759428,4048.6562422404054,2.1284962349482797
liquid_hydrogen,ATRCCS,,wind,ATRCCS_H_wind_E,Australia,1,2024,1016.9885394571952,2997.031742039308,4014.0202814965032,1.372654114632564,1431.9328260410734,1.447843666662513,311.7391114310714,0.109296,398.68764166437,1.3716161515695673,6156.379860633017,4.301409932864645
liquid_hydrogen,ATRCCS,,wind,ATRCCS_H_wind_E,Malaysia,1,2024,868.1609483171183,2519.570174188639,3387.7311225057574,1.372654114632564,131.0004864593708,0.132910348417587,251.9110463435976,0.119592,340.29400284675506,1.170722896346507,4110.9366581554805,2.795879359396658
liquid_hydrogen,ATRCCS,,wind,ATRCCS_H_wind_E,Canada,1,2024,1012.0276197525264,1584.649069570922,2596.6766893234485,1.372654114632564,2038.38644093734,2.060824096108664,285.2984425948223,0.03465,123.67505672102308,0.4254827278735726,5044.036629576634,3.893610938614801
liquid_hydrogen,ATRCCS,,wind,ATRCCS_H_wind_E,Mexico,1,2024,873.1218680217873,1473.3419211913558,2346.463789213143,1.372654114632564,583.2052316904606,0.5899818409780763,269.63971517984675,0.10395,208.34439745184173,0.7167730091682802,3407.6531335352925,2.7833589647789205
liquid_hydrogen,ATRCCS,,wind,ATRCCS_H_wind_E,Thailand,1,2024,883.0437074311259,2540.5302742250715,3423.5739816561972,1.372654114632564,202.49409307689865,0.2051733881796016,255.99305285234496,0.109692,377.7954983364259,1.299740331416511,4259.856625921867,2.9872598342286762
liquid_hydrogen,ATRCCS,,wind,ATRCCS_H_wind_E,Russia,1,2024,937.6138241824876,1762.9061156633647,2700.5199398458526,1.372654114632564,2493.0148831277284,2.5203453700975524,262.51241005108545,0.088902,50.64148935263056,0.1742233204060057,5506.688722377297,4.1561248051361215
liquid_hydrogen,ATRCCS,,wind,ATRCCS_H_wind_E,Saudi Arabia,1,2024,947.5356635918262,857.3854765092476,1804.921140101074,1.372654114632564,512.660239354775,0.5186776247362443,260.74574772358363,0.109296,158.16376033952247,0.5441351715067588,2736.490887518955,2.544762910875567
liquid_hydrogen,BG,,wind,BG_H_wind_E,South Africa,1,2024,953.10534,1836.1494200894724,2789.2547600894723,1.239964346895058,438.1704908749996,0.4433861978391045,259.92307237858716,0.140382,289.6858328474884,0.9966142054360204,3777.034156190548,2.820346750170183
liquid_hydrogen,BG,,wind,BG_H_wind_E,Taiwan,1,2024,937.81488,1678.115994693276,2615.9308746932757,1.239964346895058,108.29765925058994,0.1099631873647823,271.8790658698398,0.125928,414.22374866161965,1.4250654513797674,3410.331348475325,2.900920985639608
liquid_hydrogen,BG,,wind,BG_H_wind_E,Switzerland,1,2024,1126.39722,2363.9274212512696,3490.32464125127,1.239964346895058,492.6853966182634,0.4984878074476782,342.15581281105756,0.007326,0.0,0.0,4325.165850680591,1.7457781543427362
liquid_hydrogen,BG,,wind,BG_H_wind_E,Singapore,1,2024,942.9117,2528.1410427742817,3471.052742774282,1.239964346895058,6.688572663865257,0.0072605568557443,296.5377347060888,0.098802,344.8307856143193,1.18633091593341,4119.109835758555,2.5323578196842123
liquid_hydrogen,BG,,wind,BG_H_wind_E,Hungary,1,2024,917.4276,1902.6719583993513,2820.0995583993513,1.239964346895058,933.4787080320028,0.9440250533153642,272.6403905248432,0.036234,0.0,0.0,4026.2186569561973,2.2202234002104224
liquid_hydrogen,BG,,wind,BG_H_wind_E,Philippines,1,2024,912.33078,1935.033160736214,2847.363940736214,1.239964346895058,173.897979404711,0.1762695155523986,261.44572168859406,0.121374,398.4059682729832,1.3706471027887204,3681.1136101025018,2.908254965236177
liquid_hydrogen,BG,,wind,BG_H_wind_E,Netherlands,1,2024,1044.8481,2061.7967140940636,3106.644814094064,1.239964346895058,82.54212485506892,0.0839304650813442,311.54111143107144,0.050094,0.0,0.0,3500.728050380204,1.3739888119764023
liquid_hydrogen,BG,,wind,BG_H_wind_E,Norway,1,2024,1156.9781400000002,2046.2949881570544,3203.2731281570545,1.239964346895058,383.8823986934868,0.3885138428199527,318.4418258285524,0.006138,24.237089913799533,0.083383532667404,3929.834442592893,1.7179997223824146
liquid_hydrogen,BG,,wind,BG_H_wind_E,Oman,1,2024,973.49262,1853.5445109239931,2827.037130923993,1.239964346895058,324.730500960653,0.328725336684938,287.07974772358364,0.10791,245.730208915526,0.8453924532750845,3684.577588523756,2.5219921368550806
liquid_hydrogen,BG,,wind,BG_H_wind_E,Italy,1,2024,978.58944,2149.7914023097132,3128.3808423097134,1.239964346895058,221.43586699612143,0.2243190184904427,339.4584165598328,0.057024,92.5368656281945,0.3183571454118573,3781.8119914938625,1.839664510797358
liquid_hydrogen,BG,,wind,BG_H_wind_E,Austria,1,2024,1060.13856,2102.3274026621143,3162.465962662114,1.239964346895058,661.6247967655381,0.6692453781983527,327.30511793981884,0.020394,0.0,0.0,4151.395877367471,1.9296037250934108
liquid_hydrogen,BG,,wind,BG_H_wind_E,Finland,1,2024,1100.91312,2090.5665598684227,3191.479679868423,1.239964346895058,330.87093754752107,0.3349318582779358,304.99246862981187,0.014256,47.19914591049387,0.1623805307856065,3874.5422319562495,1.7515327359586006
liquid_hydrogen,BG,,wind,BG_H_wind_E,Portugal,1,2024,927.62124,2032.752653925892,2960.373893925892,1.239964346895058,155.78194980131548,0.1579585164365832,265.3297281973415,0.022176,46.64877898577206,0.1604870881895763,3428.134350910321,1.5805859515212175
liquid_hydrogen,BG,,wind,BG_H_wind_E,Germany,1,2024,1049.94492,2172.7214665185743,3222.666386518574,1.239964346895058,338.61147577132436,0.3427557022258079,323.32978026732064,0.0681119999999999,0.0,0.0,3884.607642557219,1.650832049120866
liquid_hydrogen,BG,,wind,BG_H_wind_E,Greece,1,2024,937.81488,1913.0093211969488,2850.8242011969487,1.239964346895058,135.93126007286196,0.1378941883236556,285.9370658698397,0.06336,116.6112174800283,0.4011808058109977,3389.3037446196786,1.8423993410297115
liquid_hydrogen,BG,,wind,BG_H_wind_E,France,1,2024,1029.5576400000002,2126.0847070051364,3155.642347005137,1.239964346895058,466.7437545570985,0.472266974558569,299.1431049223241,0.008712,0.0,0.0,3921.5292064845594,1.7209433214536272
liquid_hydrogen,BG,,wind,BG_H_wind_E,Brazil,1,2024,937.81488,1793.0006681374832,2730.8155481374833,1.239964346895058,1251.7868275768665,1.2657588892134022,263.7610658698398,0.020394,224.88486033638927,0.7736776223942433,4471.248301920579,3.299794858502704
liquid_hydrogen,BG,,wind,BG_H_wind_E,United Kingdom,1,2024,1085.6226599999998,1890.017491527146,2975.6401515271455,1.239964346895058,225.3250961844594,0.2282501045941831,363.2804621210645,0.041778,21.947985706621512,0.0755082639731354,3586.1936955392907,1.5855007154623768
liquid_hydrogen,BG,,wind,BG_H_wind_E,Spain,1,2024,948.00852,1901.5240497935135,2849.532569793513,1.239964346895058,380.43443665151494,0.3850287728965696,268.132403542338,0.028908,57.552427166144064,0.1979992114467616,3555.6518371535103,1.8519003312383893
liquid_hydrogen,BG,,wind,BG_H_wind_E,Sweden,1,2024,1121.3004,2215.571328937742,3336.871728937742,1.239964346895058,402.0181929118524,0.4068448192627633,298.97498647480853,0.007128,20.06127838398294,0.0690173724415785,4057.926186708386,1.7229545385994
liquid_hydrogen,BG,,wind,BG_H_wind_E,Czech Republic,1,2024,927.62124,2019.8124840321193,2947.4337240321192,1.239964346895058,629.9061828437772,0.6371854001462417,281.36772819734153,0.081972,0.0,0.0,3858.7076350732377,1.9591217470412996
liquid_hydrogen,BG,,wind,BG_H_wind_E,Japan,1,2024,1100.91312,2725.0303659396877,3825.943485939688,1.239964346895058,157.72394129414766,0.1599214081566048,320.6344686298119,0.095436,467.3449690662653,1.6078198593015378,4771.646864929913,3.1031416143532007
liquid_hydrogen,BG,,wind,BG_H_wind_E,Belgium,1,2024,1044.8481,2072.5768388730844,3117.424938873084,1.239964346895058,114.99418983520208,0.1167317877865259,317.28311143107146,0.027324,0.0,0.0,3549.702240139358,1.384020134681584
liquid_hydrogen,BG,,wind,BG_H_wind_E,Poland,1,2024,942.9117,1989.9549180406732,2932.866618040673,1.239964346895058,194.5095199991873,0.1971028830100399,321.2877347060888,0.12177,35.13376671560605,0.1208716720975532,3483.7976394615557,1.679708902002651
liquid_hydrogen,BG,,wind,BG_H_wind_E,India,1,2024,902.13714,1871.339435010245,2773.476575010245,1.239964346895058,745.2048393846368,0.7537249313898133,254.30238401609589,0.140184,259.4496461488906,0.8925918137096608,4032.4334445598683,3.0264650919945324
liquid_hydrogen,BG,,wind,BG_H_wind_E,Indonesia,1,2024,820.58802,2263.5458357230673,3084.1338557230674,1.239964346895058,257.5424918161488,0.2608142323771918,222.49968263610975,0.127908,391.9007891992175,1.3482671547943936,3956.0768193745434,2.9769537340666434
liquid_hydrogen,BG,,wind,BG_H_wind_E,South Korea,1,2024,958.20216,2153.779285997899,3111.981445997899,1.239964346895058,126.20181287878846,0.1280600302399958,266.36574121483625,0.081972,451.37308722129234,1.5528713511961172,3955.922087312816,3.002867728331171
liquid_hydrogen,BG,,wind,BG_H_wind_E,China,1,2024,932.71806,1699.0021160751858,2631.720176075186,1.239964346895058,1422.9103352979398,1.4387240734825033,255.14039703359072,0.11088,434.59410452671375,1.4951461516521478,4744.36501293343,4.284714572029709
liquid_hydrogen,BG,,wind,BG_H_wind_E,United Arab Emirates,1,2024,973.49262,1851.6445109239933,2825.137130923993,1.239964346895058,188.6948708838179,0.1912256550996622,269.06174772358366,0.075834,251.34853696441075,0.8647213430909217,3534.2422864958057,2.371745345085642
liquid_hydrogen,BG,,wind,BG_H_wind_E,United States,1,2024,1019.364,1902.3510491521067,2921.7150491521065,1.239964346895058,1609.3398036046551,1.6271599451420615,288.0397672498259,0.076032,136.4865495503076,0.4695584619921574,4955.581169556895,3.412714754029277
liquid_hydrogen,BG,,wind,BG_H_wind_E,Turkey,1,2024,932.71806,2117.077203240922,3049.795263240922,1.239964346895058,174.60991317217503,0.176989111339773,266.4263970335907,0.09306,141.20544502485285,0.4857930089759428,3632.0370184715403,1.9958064672107738
liquid_hydrogen,BG,,wind,BG_H_wind_E,Australia,1,2024,1044.8481,1960.10220165306,3004.95030165306,1.239964346895058,1431.9328260410734,1.447843666662513,311.7391114310714,0.109296,398.68764166437,1.3716161515695673,5147.309880789574,4.168720165127138
liquid_hydrogen,BG,,wind,BG_H_wind_E,Malaysia,1,2024,891.9435,2154.916116329891,3046.8596163298907,1.239964346895058,131.0004864593708,0.132910348417587,251.9110463435976,0.119592,340.29400284675506,1.170722896346507,3770.0651519796143,2.663189591659152
liquid_hydrogen,BG,,wind,BG_H_wind_E,Canada,1,2024,1039.75128,1826.5006496049173,2866.251929604917,1.239964346895058,2038.38644093734,2.060824096108664,285.2984425948223,0.03465,123.67505672102308,0.4254827278735726,5313.611869858103,3.7609211708772947
liquid_hydrogen,BG,,wind,BG_H_wind_E,Mexico,1,2024,897.04032,1808.420869737656,2705.461189737656,1.239964346895058,583.2052316904606,0.5899818409780763,269.63971517984675,0.10395,208.34439745184173,0.7167730091682802,3766.650534059805,2.650669197041415
liquid_hydrogen,BG,,wind,BG_H_wind_E,Thailand,1,2024,907.23396,2058.9954247525116,2966.2293847525116,1.239964346895058,202.49409307689865,0.2051733881796016,255.99305285234496,0.109692,377.7954983364259,1.299740331416511,3802.5120290181812,2.8545700664911706
liquid_hydrogen,BG,,wind,BG_H_wind_E,Russia,1,2024,963.29898,2325.030164902475,3288.329144902475,1.239964346895058,2493.0148831277284,2.5203453700975524,262.51241005108545,0.088902,50.64148935263056,0.1742233204060057,6094.49792743392,4.023435037398616
liquid_hydrogen,BG,,wind,BG_H_wind_E,Saudi Arabia,1,2024,973.49262,1848.7945406297704,2822.2871606297704,1.239964346895058,512.660239354775,0.5186776247362443,260.74574772358363,0.109296,158.16376033952247,0.5441351715067588,3753.8569080476514,2.4120731431380613
liquid_hydrogen,LTE,,wind,LTE_H_wind_E,South Africa,1,2024,1084.38495,3027.873997692028,4112.2589476920275,0.5784944000360001,438.1704908749996,0.4433861978391045,259.92307237858716,0.140382,289.6858328474884,0.9966142054360204,5100.038343793102,2.158876803311125
liquid_hydrogen,LTE,,wind,LTE_H_wind_E,Taiwan,1,2024,1066.9884,1619.0440003436445,2686.0324003436444,0.5784944000360001,108.29765925058994,0.1099631873647823,271.8790658698398,0.125928,414.22374866161965,1.4250654513797674,3480.4328741256936,2.2394510387805497
liquid_hydrogen,LTE,,wind,LTE_H_wind_E,Switzerland,1,2024,1281.5458500000002,3362.877614921801,4644.4234649218015,0.5784944000360001,492.6853966182634,0.4984878074476782,342.15581281105756,0.007326,0.0,0.0,5479.264674351122,1.0843082074836783
liquid_hydrogen,LTE,,wind,LTE_H_wind_E,Singapore,1,2024,1072.78725,5051.385290387846,6124.172540387846,0.5784944000360001,6.688572663865257,0.0072605568557443,296.5377347060888,0.098802,344.8307856143193,1.18633091593341,6772.22963337212,1.8708878728251543
liquid_hydrogen,LTE,,wind,LTE_H_wind_E,Hungary,1,2024,1043.793,2787.433884087782,3831.2268840877823,0.5784944000360001,933.4787080320028,0.9440250533153642,272.6403905248432,0.036234,0.0,0.0,5037.345982644629,1.5587534533513645
liquid_hydrogen,LTE,,wind,LTE_H_wind_E,Philippines,1,2024,1037.9941499999998,3490.476485514325,4528.470635514324,0.5784944000360001,173.897979404711,0.1762695155523986,261.44572168859406,0.121374,398.4059682729832,1.3706471027887204,5362.220304880612,2.246785018377119
liquid_hydrogen,LTE,,wind,LTE_H_wind_E,Netherlands,1,2024,1188.7642499999995,2616.660302316286,3805.424552316286,0.5784944000360001,82.54212485506892,0.0839304650813442,311.54111143107144,0.050094,0.0,0.0,4199.507788602426,0.7125188651173442
liquid_hydrogen,LTE,,wind,LTE_H_wind_E,Norway,1,2024,1316.33895,2557.6116356782427,3873.9505856782425,0.5784944000360001,383.8823986934868,0.3885138428199527,318.4418258285524,0.006138,24.237089913799533,0.083383532667404,4600.511900114081,1.0565297755233567
liquid_hydrogen,LTE,,wind,LTE_H_wind_E,Oman,1,2024,1107.5803500000002,3190.6858482947796,4298.266198294779,0.5784944000360001,324.730500960653,0.328725336684938,287.07974772358364,0.10791,245.730208915526,0.8453924532750845,5155.806655894543,1.8605221899960225
liquid_hydrogen,LTE,,wind,LTE_H_wind_E,Italy,1,2024,1113.3792,3107.962346026672,4221.3415460266715,0.5784944000360001,221.43586699612143,0.2243190184904427,339.4584165598328,0.057024,92.5368656281945,0.3183571454118573,4874.77269521082,1.1781945639383
liquid_hydrogen,LTE,,wind,LTE_H_wind_E,Austria,1,2024,1206.1608,2864.460443462482,4070.621243462482,0.5784944000360001,661.6247967655381,0.6692453781983527,327.30511793981884,0.020394,0.0,0.0,5059.551158167839,1.2681337782343527
liquid_hydrogen,LTE,,wind,LTE_H_wind_E,Finland,1,2024,1252.5515999999998,2692.648834408935,3945.2004344089346,0.5784944000360001,330.87093754752107,0.3349318582779358,304.99246862981187,0.014256,47.19914591049387,0.1623805307856065,4628.262986496761,1.0900627890995425
liquid_hydrogen,LTE,,wind,LTE_H_wind_E,Portugal,1,2024,1055.3907,3156.7319797678433,4212.122679767843,0.5784944000360001,155.78194980131548,0.1579585164365832,265.3297281973415,0.022176,46.64877898577206,0.1604870881895763,4679.883136752273,0.9191160046621596
liquid_hydrogen,LTE,,wind,LTE_H_wind_E,Germany,1,2024,1194.5630999999998,3333.0435996091524,4527.606699609152,0.5784944000360001,338.61147577132436,0.3427557022258079,323.32978026732064,0.0681119999999999,0.0,0.0,5189.547955647797,0.989362102261808
liquid_hydrogen,LTE,,wind,LTE_H_wind_E,Greece,1,2024,1066.9884,2843.2533950568813,3910.2417950568815,0.5784944000360001,135.93126007286196,0.1378941883236556,285.9370658698397,0.06336,116.6112174800283,0.4011808058109977,4448.721338479611,1.1809293941706533
liquid_hydrogen,LTE,,wind,LTE_H_wind_E,France,1,2024,1171.3677,3019.226942419147,4190.594642419147,0.5784944000360001,466.7437545570985,0.472266974558569,299.1431049223241,0.008712,0.0,0.0,4956.481501898569,1.059473374594569
liquid_hydrogen,LTE,,wind,LTE_H_wind_E,Brazil,1,2024,1066.9884,1534.0922369413934,2601.080636941393,0.5784944000360001,1251.7868275768665,1.2657588892134022,263.7610658698398,0.020394,224.88486033638927,0.7736776223942433,4341.513390724489,2.638324911643646
liquid_hydrogen,LTE,,wind,LTE_H_wind_E,United Kingdom,1,2024,1235.1550499999998,2007.8550500858544,3243.010100085854,0.5784944000360001,225.3250961844594,0.2282501045941831,363.2804621210645,0.041778,21.947985706621512,0.0755082639731354,3853.5636440979993,0.9240307686033185
liquid_hydrogen,LTE,,wind,LTE_H_wind_E,Spain,1,2024,1078.5861,2239.2090389552855,3317.7951389552854,0.5784944000360001,380.43443665151494,0.3850287728965696,268.132403542338,0.028908,57.552427166144064,0.1979992114467616,4023.9144063152826,1.1904303843793314
liquid_hydrogen,LTE,,wind,LTE_H_wind_E,Sweden,1,2024,1275.747,2758.45098743647,4034.1979874364697,0.5784944000360001,402.0181929118524,0.4068448192627633,298.97498647480853,0.007128,20.06127838398294,0.0690173724415785,4755.252445207114,1.061484591740342
liquid_hydrogen,LTE,,wind,LTE_H_wind_E,Czech Republic,1,2024,1055.3907,3265.7982641433964,4321.188964143396,0.5784944000360001,629.9061828437772,0.6371854001462417,281.36772819734153,0.081972,0.0,0.0,5232.462875184515,1.2976518001822417
liquid_hydrogen,LTE,,wind,LTE_H_wind_E,Japan,1,2024,1252.5515999999998,7498.389353969567,8750.940953969566,0.5784944000360001,157.72394129414766,0.1599214081566048,320.6344686298119,0.095436,467.3449690662653,1.6078198593015378,9696.644332959791,2.4416716674941426
liquid_hydrogen,LTE,,wind,LTE_H_wind_E,Belgium,1,2024,1188.7642499999995,3042.2058854339703,4230.97013543397,0.5784944000360001,114.99418983520208,0.1167317877865259,317.28311143107146,0.027324,0.0,0.0,4663.247436700243,0.722550187822526
liquid_hydrogen,LTE,,wind,LTE_H_wind_E,Poland,1,2024,1072.78725,3010.0102099375763,4082.797459937576,0.5784944000360001,194.5095199991873,0.1971028830100399,321.2877347060888,0.12177,35.13376671560605,0.1208716720975532,4633.728481358457,1.018238955143593
liquid_hydrogen,LTE,,wind,LTE_H_wind_E,India,1,2024,1026.39645,2804.931998627405,3831.328448627405,0.5784944000360001,745.2048393846368,0.7537249313898133,254.30238401609589,0.140184,259.4496461488906,0.8925918137096608,5090.285318177029,2.3649951451354743
liquid_hydrogen,LTE,,wind,LTE_H_wind_E,Indonesia,1,2024,933.61485,4983.562121149953,5917.176971149953,0.5784944000360001,257.5424918161488,0.2608142323771918,222.49968263610975,0.127908,391.9007891992175,1.3482671547943936,6789.119934801429,2.3154837872075857
liquid_hydrogen,LTE,,wind,LTE_H_wind_E,South Korea,1,2024,1090.1838,4089.805242106223,5179.989042106223,0.5784944000360001,126.20181287878846,0.1280600302399958,266.36574121483625,0.081972,451.37308722129234,1.5528713511961172,6023.92968342114,2.341397781472113
liquid_hydrogen,LTE,,wind,LTE_H_wind_E,China,1,2024,1061.1895499999998,1609.7565120556703,2670.94606205567,0.5784944000360001,1422.9103352979398,1.4387240734825033,255.14039703359072,0.11088,434.59410452671375,1.4951461516521478,4783.590898913914,3.623244625170651
liquid_hydrogen,LTE,,wind,LTE_H_wind_E,United Arab Emirates,1,2024,1107.5803500000002,3185.2484814947793,4292.8288314947795,0.5784944000360001,188.6948708838179,0.1912256550996622,269.06174772358366,0.075834,251.34853696441075,0.8647213430909217,5001.933987066592,1.710275398226584
liquid_hydrogen,LTE,,wind,LTE_H_wind_E,United States,1,2024,1159.77,2430.78781784613,3590.55781784613,0.5784944000360001,1609.3398036046551,1.6271599451420615,288.0397672498259,0.076032,136.4865495503076,0.4695584619921574,5624.423938250919,2.7512448071702194
liquid_hydrogen,LTE,,wind,LTE_H_wind_E,Turkey,1,2024,1061.1895499999998,4643.024720077853,5704.214270077853,0.5784944000360001,174.60991317217503,0.176989111339773,266.4263970335907,0.09306,141.20544502485285,0.4857930089759428,6286.456025308471,1.334336520351716
liquid_hydrogen,LTE,,wind,LTE_H_wind_E,Australia,1,2024,1188.7642499999995,2664.4917677356675,3853.2560177356672,0.5784944000360001,1431.9328260410734,1.447843666662513,311.7391114310714,0.109296,398.68764166437,1.3716161515695673,5995.615596872182,3.50725021826808
liquid_hydrogen,LTE,,wind,LTE_H_wind_E,Malaysia,1,2024,1014.79875,4991.778208479871,6006.576958479871,0.5784944000360001,131.0004864593708,0.132910348417587,251.9110463435976,0.119592,340.29400284675506,1.170722896346507,6729.782494129594,2.0017196448000942
liquid_hydrogen,LTE,,wind,LTE_H_wind_E,Canada,1,2024,1182.9654,2298.5800350813215,3481.5454350813216,0.5784944000360001,2038.38644093734,2.060824096108664,285.2984425948223,0.03465,123.67505672102308,0.4254827278735726,5928.905375334507,3.0994512240182366
liquid_hydrogen,LTE,,wind,LTE_H_wind_E,Mexico,1,2024,1020.5975999999998,2854.770184188034,3875.3677841880335,0.5784944000360001,583.2052316904606,0.5899818409780763,269.63971517984675,0.10395,208.34439745184173,0.7167730091682802,4936.557128510181,1.9891992501823565
liquid_hydrogen,LTE,,wind,LTE_H_wind_E,Thailand,1,2024,1032.1953,4352.482079440922,5384.677379440922,0.5784944000360001,202.49409307689865,0.2051733881796016,255.99305285234496,0.109692,377.7954983364259,1.299740331416511,6220.9600237065915,2.1931001196321125
liquid_hydrogen,LTE,,wind,LTE_H_wind_E,Russia,1,2024,1095.98265,6317.719817004568,7413.702467004568,0.5784944000360001,2493.0148831277284,2.5203453700975524,262.51241005108545,0.088902,50.64148935263056,0.1742233204060057,10219.871249536012,3.361965090539558
liquid_hydrogen,LTE,,wind,LTE_H_wind_E,Saudi Arabia,1,2024,1107.5803500000002,3183.903050759767,4291.483400759767,0.5784944000360001,512.660239354775,0.5186776247362443,260.74574772358363,0.109296,158.16376033952247,0.5441351715067588,5223.053148177649,1.7506031962790032
liquid_hydrogen,SMR,,wind,SMR_H_wind_E,South Africa,1,2024,740.3525314887445,1084.955434809311,1825.3079662980556,10.577892773767283,438.1704908749996,0.4433861978391045,259.92307237858716,0.140382,289.6858328474884,0.9966142054360204,2813.087362399131,12.15827517704241
liquid_hydrogen,SMR,,wind,SMR_H_wind_E,Taiwan,1,2024,728.4752181493528,2013.592508352585,2742.0677265019376,10.577892773767283,108.29765925058994,0.1099631873647823,271.8790658698398,0.125928,414.22374866161965,1.4250654513797674,3536.468200283987,12.238849412511833
liquid_hydrogen,SMR,,wind,SMR_H_wind_E,Switzerland,1,2024,874.9620826685161,8261.82691722204,9136.788999890558,10.577892773767283,492.6853966182634,0.4984878074476782,342.15581281105756,0.007326,0.0,0.0,9971.630209319877,11.083706581214962
liquid_hydrogen,SMR,,wind,SMR_H_wind_E,Singapore,1,2024,732.4343225958166,9160.426559062793,9892.860881658607,10.577892773767283,6.688572663865257,0.0072605568557443,296.5377347060888,0.098802,344.8307856143193,1.18633091593341,10540.917974642882,11.870286246556436
liquid_hydrogen,SMR,,wind,SMR_H_wind_E,Hungary,1,2024,712.6388003634972,3417.2452132299304,4129.884013593428,10.577892773767283,933.4787080320028,0.9440250533153642,272.6403905248432,0.036234,0.0,0.0,5336.003112150274,11.558151827082648
liquid_hydrogen,SMR,,wind,SMR_H_wind_E,Philippines,1,2024,708.6796959170334,2232.73351015275,2941.413206069783,10.577892773767283,173.897979404711,0.1762695155523986,261.44572168859406,0.121374,398.4059682729832,1.3706471027887204,3775.162875436071,12.246183392108401
liquid_hydrogen,SMR,,wind,SMR_H_wind_E,Netherlands,1,2024,811.616411525094,5669.813784966925,6481.430196492019,10.577892773767283,82.54212485506892,0.0839304650813442,311.54111143107144,0.050094,0.0,0.0,6875.51343277816,10.711917238848628
liquid_hydrogen,SMR,,wind,SMR_H_wind_E,Norway,1,2024,898.7167093472995,4233.035777057656,5131.752486404956,10.577892773767283,383.8823986934868,0.3885138428199527,318.4418258285524,0.006138,24.237089913799533,0.083383532667404,5858.313800840794,11.05592814925464
liquid_hydrogen,SMR,,wind,SMR_H_wind_E,Oman,1,2024,756.1889492745998,731.3200716134635,1487.509020888063,10.577892773767283,324.730500960653,0.328725336684938,287.07974772358364,0.10791,245.730208915526,0.8453924532750845,2345.0494784878256,11.859920563727307
liquid_hydrogen,SMR,,wind,SMR_H_wind_E,Italy,1,2024,760.1480537210637,6363.970447242495,7124.118500963558,10.577892773767283,221.43586699612143,0.2243190184904427,339.4584165598328,0.057024,92.5368656281945,0.3183571454118573,7777.549650147706,11.177592937669584
liquid_hydrogen,SMR,,wind,SMR_H_wind_E,Austria,1,2024,823.4937248644858,5384.323740530102,6207.817465394588,10.577892773767283,661.6247967655381,0.6692453781983527,327.30511793981884,0.020394,0.0,0.0,7196.747380099945,11.267532151965636
liquid_hydrogen,SMR,,wind,SMR_H_wind_E,Finland,1,2024,855.1665604361967,5690.272174824788,6545.438735260985,10.577892773767283,330.87093754752107,0.3349318582779358,304.99246862981187,0.014256,47.19914591049387,0.1623805307856065,7228.501287348811,11.089461162830824
liquid_hydrogen,SMR,,wind,SMR_H_wind_E,Portugal,1,2024,720.5570092564251,5045.4136877591945,5765.970697015619,10.577892773767283,155.78194980131548,0.1579585164365832,265.3297281973415,0.022176,46.64877898577206,0.1604870881895763,6233.731154000048,10.918514378393443
liquid_hydrogen,SMR,,wind,SMR_H_wind_E,Germany,1,2024,815.575515971558,5102.774138897388,5918.349654868946,10.577892773767283,338.61147577132436,0.3427557022258079,323.32978026732064,0.0681119999999999,0.0,0.0,6580.290910907591,10.988760475993091
liquid_hydrogen,SMR,,wind,SMR_H_wind_E,Greece,1,2024,728.4752181493528,2886.210553590671,3614.685771740024,10.577892773767283,135.93126007286196,0.1378941883236556,285.9370658698397,0.06336,116.6112174800283,0.4011808058109977,4153.165315162754,11.180327767901938
liquid_hydrogen,SMR,,wind,SMR_H_wind_E,France,1,2024,799.7390981857026,5588.752675196102,6388.491773381805,10.577892773767283,466.7437545570985,0.472266974558569,299.1431049223241,0.008712,0.0,0.0,7154.378632861227,11.058871748325851
liquid_hydrogen,SMR,,wind,SMR_H_wind_E,Brazil,1,2024,728.4752181493528,5251.31878811606,5979.794006265413,10.577892773767283,1251.7868275768665,1.2657588892134022,263.7610658698398,0.020394,224.88486033638927,0.7736776223942433,7720.226760048508,12.637723285374928
liquid_hydrogen,SMR,,wind,SMR_H_wind_E,United Kingdom,1,2024,843.2892470968051,4074.0289747819343,4917.31822187874,10.577892773767283,225.3250961844594,0.2282501045941831,363.2804621210645,0.041778,21.947985706621512,0.0755082639731354,5527.871765890885,10.923429142334603
liquid_hydrogen,SMR,,wind,SMR_H_wind_E,Spain,1,2024,736.3934270422805,4096.921733966505,4833.315161008785,10.577892773767283,380.43443665151494,0.3850287728965696,268.132403542338,0.028908,57.552427166144064,0.1979992114467616,5539.434428368782,11.189828758110615
liquid_hydrogen,SMR,,wind,SMR_H_wind_E,Sweden,1,2024,871.0029782220523,8260.18444269053,9131.187420912582,10.577892773767283,402.0181929118524,0.4068448192627633,298.97498647480853,0.007128,20.06127838398294,0.0690173724415785,9852.241878683224,11.060882965471626
liquid_hydrogen,SMR,,wind,SMR_H_wind_E,Czech Republic,1,2024,720.5570092564251,4300.042028240096,5020.599037496521,10.577892773767283,629.9061828437772,0.6371854001462417,281.36772819734153,0.081972,0.0,0.0,5931.87294853764,11.297050173913526
liquid_hydrogen,SMR,,wind,SMR_H_wind_E,Japan,1,2024,855.1665604361967,5085.653688485872,5940.820248922069,10.577892773767283,157.72394129414766,0.1599214081566048,320.6344686298119,0.095436,467.3449690662653,1.6078198593015378,6886.523627912295,12.441070041225425
liquid_hydrogen,SMR,,wind,SMR_H_wind_E,Belgium,1,2024,811.616411525094,3407.9080093793286,4219.524420904423,10.577892773767283,114.99418983520208,0.1167317877865259,317.28311143107146,0.027324,0.0,0.0,4651.801722170696,10.721948561553809
liquid_hydrogen,SMR,,wind,SMR_H_wind_E,Poland,1,2024,732.4343225958166,4702.075336669716,5434.509659265533,10.577892773767283,194.5095199991873,0.1971028830100399,321.2877347060888,0.12177,35.13376671560605,0.1208716720975532,5985.440680686414,11.017637328874876
liquid_hydrogen,SMR,,wind,SMR_H_wind_E,India,1,2024,700.7614870241057,3186.9442402282166,3887.7057272523225,10.577892773767283,745.2048393846368,0.7537249313898133,254.30238401609589,0.140184,259.4496461488906,0.8925918137096608,5146.662596801946,12.364393518866757
liquid_hydrogen,SMR,,wind,SMR_H_wind_E,Indonesia,1,2024,637.4158158806837,5150.665911024248,5788.081726904932,10.577892773767283,257.5424918161488,0.2608142323771918,222.49968263610975,0.127908,391.9007891992175,1.3482671547943936,6660.024690556408,12.314882160938868
liquid_hydrogen,SMR,,wind,SMR_H_wind_E,South Korea,1,2024,744.3116359352082,3753.26854904012,4497.580184975328,10.577892773767283,126.20181287878846,0.1280600302399958,266.36574121483625,0.081972,451.37308722129234,1.5528713511961172,5341.520826290245,12.340796155203396
liquid_hydrogen,SMR,,wind,SMR_H_wind_E,China,1,2024,724.5161137028889,3000.6877685858567,3725.2038822887457,10.577892773767283,1422.9103352979398,1.4387240734825033,255.14039703359072,0.11088,434.59410452671375,1.4951461516521478,5837.848719146989,13.622642998901934
liquid_hydrogen,SMR,,wind,SMR_H_wind_E,United Arab Emirates,1,2024,756.1889492745998,724.9622936148546,1481.1512428894544,10.577892773767283,188.6948708838179,0.1912256550996622,269.06174772358366,0.075834,251.34853696441075,0.8647213430909217,2190.2563984612666,11.709673771957869
liquid_hydrogen,SMR,,wind,SMR_H_wind_E,United States,1,2024,791.8208892927747,2122.0467355847836,2913.8676248775582,10.577892773767283,1609.3398036046551,1.6271599451420615,288.0397672498259,0.076032,136.4865495503076,0.4695584619921574,4947.733745282347,12.750643180901502
liquid_hydrogen,SMR,,wind,SMR_H_wind_E,Turkey,1,2024,724.5161137028889,2229.455729187426,2953.971842890315,10.577892773767283,174.60991317217503,0.176989111339773,266.4263970335907,0.09306,141.20544502485285,0.4857930089759428,3536.2135981209335,11.333734894083
liquid_hydrogen,SMR,,wind,SMR_H_wind_E,Australia,1,2024,811.616411525094,2701.377264283336,3512.99367580843,10.577892773767283,1431.9328260410734,1.447843666662513,311.7391114310714,0.109296,398.68764166437,1.3716161515695673,5655.353254944945,13.506648591999364
liquid_hydrogen,SMR,,wind,SMR_H_wind_E,Malaysia,1,2024,692.8432781311778,2182.972948759478,2875.8162268906563,10.577892773767283,131.0004864593708,0.132910348417587,251.9110463435976,0.119592,340.29400284675506,1.170722896346507,3599.0217625403798,12.001118018531379
liquid_hydrogen,SMR,,wind,SMR_H_wind_E,Canada,1,2024,807.6573070786303,1415.6067709350707,2223.264078013701,10.577892773767283,2038.38644093734,2.060824096108664,285.2984425948223,0.03465,123.67505672102308,0.4254827278735726,4670.624018266886,13.098849597749519
liquid_hydrogen,SMR,,wind,SMR_H_wind_E,Mexico,1,2024,696.8023825776418,1281.0055892102348,1977.8079717878768,10.577892773767283,583.2052316904606,0.5899818409780763,269.63971517984675,0.10395,208.34439745184173,0.7167730091682802,3038.997316110026,11.98859762391364
liquid_hydrogen,SMR,,wind,SMR_H_wind_E,Thailand,1,2024,704.7205914705696,2217.755773655332,2922.476365125902,10.577892773767283,202.49409307689865,0.2051733881796016,255.99305285234496,0.109692,377.7954983364259,1.299740331416511,3758.7590093915715,12.192498493363395
liquid_hydrogen,SMR,,wind,SMR_H_wind_E,Russia,1,2024,748.2707403816722,1470.2298295836238,2218.500569965296,10.577892773767283,2493.0148831277284,2.5203453700975524,262.51241005108545,0.088902,50.64148935263056,0.1742233204060057,5024.669352496741,13.361363464270841
liquid_hydrogen,SMR,,wind,SMR_H_wind_E,Saudi Arabia,1,2024,756.1889492745998,724.6264512361092,1480.815400510709,10.577892773767283,512.660239354775,0.5186776247362443,260.74574772358363,0.109296,158.16376033952247,0.5441351715067588,2412.38514792859,11.750001570010287
liquid_hydrogen,SMRCCS,,wind,SMRCCS_H_wind_E,South Africa,1,2024,1013.6891058200858,1348.1011827241502,2361.7902885442363,1.9460863123384864,438.1704908749996,0.4433861978391045,259.92307237858716,0.140382,289.6858328474884,0.9966142054360204,3349.569684645312,3.5264687156136114
liquid_hydrogen,SMRCCS,,wind,SMRCCS_H_wind_E,Taiwan,1,2024,997.4267137481056,2564.5406118054266,3561.967325553532,1.9460863123384864,108.29765925058994,0.1099631873647823,271.8790658698398,0.125928,414.22374866161965,1.4250654513797674,4356.367799335581,3.607042951083036
liquid_hydrogen,SMRCCS,,wind,SMRCCS_H_wind_E,Switzerland,1,2024,1197.9962159691922,10571.567896933648,11769.56411290284,1.9460863123384864,492.6853966182634,0.4984878074476782,342.15581281105756,0.007326,0.0,0.0,12604.40532233216,2.4519001197861643
liquid_hydrogen,SMRCCS,,wind,SMRCCS_H_wind_E,Singapore,1,2024,1002.8475111054324,11693.906767818647,12696.75427892408,1.9460863123384864,6.688572663865257,0.0072605568557443,296.5377347060888,0.098802,344.8307856143193,1.18633091593341,13344.811371908354,3.2384797851276406
liquid_hydrogen,SMRCCS,,wind,SMRCCS_H_wind_E,Hungary,1,2024,975.743524318799,4349.939628686389,5325.683153005189,1.9460863123384864,933.4787080320028,0.9440250533153642,272.6403905248432,0.036234,0.0,0.0,6531.802251562035,2.9263453656538503
liquid_hydrogen,SMRCCS,,wind,SMRCCS_H_wind_E,Philippines,1,2024,970.3227269614724,2813.1583619796834,3783.481088941155,1.9460863123384864,173.897979404711,0.1762695155523986,261.44572168859406,0.121374,398.4059682729832,1.3706471027887204,4617.2307583074435,3.6143769306796054
liquid_hydrogen,SMRCCS,,wind,SMRCCS_H_wind_E,Netherlands,1,2024,1111.2634582519654,7252.222485203755,8363.48594345572,1.9460863123384864,82.54212485506892,0.0839304650813442,311.54111143107144,0.050094,0.0,0.0,8757.56917974186,2.0801107774198306
liquid_hydrogen,SMRCCS,,wind,SMRCCS_H_wind_E,Norway,1,2024,1230.5210001131522,5407.238462011698,6637.75946212485,1.9460863123384864,383.8823986934868,0.3885138428199527,318.4418258285524,0.006138,24.237089913799533,0.083383532667404,7364.3207765606885,2.424121687825843
liquid_hydrogen,SMRCCS,,wind,SMRCCS_H_wind_E,Oman,1,2024,1035.3722952493924,891.2458466636194,1926.618141913012,1.9460863123384864,324.730500960653,0.328725336684938,287.07974772358364,0.10791,245.730208915526,0.8453924532750845,2784.158599512775,3.228114102298509
liquid_hydrogen,SMRCCS,,wind,SMRCCS_H_wind_E,Italy,1,2024,1040.793092606719,8132.845013606526,9173.638106213244,1.9460863123384864,221.43586699612143,0.2243190184904427,339.4584165598328,0.057024,92.5368656281945,0.3183571454118573,9827.069255397395,2.545786476240787
liquid_hydrogen,SMRCCS,,wind,SMRCCS_H_wind_E,Austria,1,2024,1127.525850323946,6879.55483057137,8007.080680895316,1.9460863123384864,661.6247967655381,0.6692453781983527,327.30511793981884,0.020394,0.0,0.0,8996.010595600672,2.635725690536839
liquid_hydrogen,SMRCCS,,wind,SMRCCS_H_wind_E,Finland,1,2024,1170.892229182559,7278.362444327182,8449.25467350974,1.9460863123384864,330.87093754752107,0.3349318582779358,304.99246862981187,0.014256,47.19914591049387,0.1623805307856065,9132.317225597568,2.4576547014020287
liquid_hydrogen,SMRCCS,,wind,SMRCCS_H_wind_E,Portugal,1,2024,986.5851190334524,6438.877261688285,7425.462380721738,1.9460863123384864,155.78194980131548,0.1579585164365832,265.3297281973415,0.022176,46.64877898577206,0.1604870881895763,7893.222837706167,2.286707916964646
liquid_hydrogen,SMRCCS,,wind,SMRCCS_H_wind_E,Germany,1,2024,1116.6842556092922,6511.506316051201,7628.190571660493,1.9460863123384864,338.61147577132436,0.3427557022258079,323.32978026732064,0.0681119999999999,0.0,0.0,8290.131827699139,2.356954014564294
liquid_hydrogen,SMRCCS,,wind,SMRCCS_H_wind_E,Greece,1,2024,997.4267137481056,3665.846451533815,4663.27316528192,1.9460863123384864,135.93126007286196,0.1378941883236556,285.9370658698397,0.06336,116.6112174800283,0.4011808058109977,5201.75270870465,2.5485213064731393
liquid_hydrogen,SMRCCS,,wind,SMRCCS_H_wind_E,France,1,2024,1095.0010661799856,7139.690470488968,8234.691536668954,1.9460863123384864,466.7437545570985,0.472266974558569,299.1431049223241,0.008712,0.0,0.0,9000.578396148378,2.4270652868970553
liquid_hydrogen,SMRCCS,,wind,SMRCCS_H_wind_E,Brazil,1,2024,997.4267137481056,6731.09909816522,7728.525811913326,1.9460863123384864,1251.7868275768665,1.2657588892134022,263.7610658698398,0.020394,224.88486033638927,0.7736776223942433,9468.958565696421,4.005916823946132
liquid_hydrogen,SMRCCS,,wind,SMRCCS_H_wind_E,United Kingdom,1,2024,1154.629837110579,5212.142316474436,6366.772153585014,1.9460863123384864,225.3250961844594,0.2282501045941831,363.2804621210645,0.041778,21.947985706621512,0.0755082639731354,6977.32569759716,2.291622680905805
liquid_hydrogen,SMRCCS,,wind,SMRCCS_H_wind_E,Spain,1,2024,1008.268308462759,5236.06333222457,6244.331640687329,1.9460863123384864,380.43443665151494,0.3850287728965696,268.132403542338,0.028908,57.552427166144064,0.1979992114467616,6950.450908047326,2.5580222966818176
liquid_hydrogen,SMRCCS,,wind,SMRCCS_H_wind_E,Sweden,1,2024,1192.5754186118656,10581.877516709694,11774.452935321558,1.9460863123384864,402.0181929118524,0.4068448192627633,298.97498647480853,0.007128,20.06127838398294,0.0690173724415785,12495.5073930922,2.429076504042828
liquid_hydrogen,SMRCCS,,wind,SMRCCS_H_wind_E,Czech Republic,1,2024,986.5851190334524,5481.408844994992,6467.993964028445,1.9460863123384864,629.9061828437772,0.6371854001462417,281.36772819734153,0.081972,0.0,0.0,7379.267875069563,2.665243712484728
liquid_hydrogen,SMRCCS,,wind,SMRCCS_H_wind_E,Japan,1,2024,1170.892229182559,6408.583941614841,7579.4761707974,1.9460863123384864,157.72394129414766,0.1599214081566048,320.6344686298119,0.095436,467.3449690662653,1.6078198593015378,8525.179549787625,3.809263579796629
liquid_hydrogen,SMRCCS,,wind,SMRCCS_H_wind_E,Belgium,1,2024,1111.2634582519654,4335.378811488516,5446.642269740481,1.9460863123384864,114.99418983520208,0.1167317877865259,317.28311143107146,0.027324,0.0,0.0,5878.919571006754,2.0901421001250124
liquid_hydrogen,SMRCCS,,wind,SMRCCS_H_wind_E,Poland,1,2024,1002.8475111054324,5999.908657736069,7002.756168841501,1.9460863123384864,194.5095199991873,0.1971028830100399,321.2877347060888,0.12177,35.13376671560605,0.1208716720975532,7553.6871902623825,2.3858308674460798
liquid_hydrogen,SMRCCS,,wind,SMRCCS_H_wind_E,India,1,2024,959.4811322468192,4051.6579988220383,5011.139131068858,1.9460863123384864,745.2048393846368,0.7537249313898133,254.30238401609589,0.140184,259.4496461488906,0.8925918137096608,6270.096000618481,3.7325870574379607
liquid_hydrogen,SMRCCS,,wind,SMRCCS_H_wind_E,Indonesia,1,2024,872.7483745295924,6536.935563082109,7409.683937611701,1.9460863123384864,257.5424918161488,0.2608142323771918,222.49968263610975,0.127908,391.9007891992175,1.3482671547943936,8281.626901263176,3.6830756995100717
liquid_hydrogen,SMRCCS,,wind,SMRCCS_H_wind_E,South Korea,1,2024,1019.1099031774122,4756.221932297773,5775.331835475185,1.9460863123384864,126.20181287878846,0.1280600302399958,266.36574121483625,0.081972,451.37308722129234,1.5528713511961172,6619.272476790102,3.7089896937745994
liquid_hydrogen,SMRCCS,,wind,SMRCCS_H_wind_E,China,1,2024,992.005916390779,3834.541398509418,4826.547314900197,1.9460863123384864,1422.9103352979398,1.4387240734825033,255.14039703359072,0.11088,434.59410452671375,1.4951461516521478,6939.1921517584415,4.990836537473138
liquid_hydrogen,SMRCCS,,wind,SMRCCS_H_wind_E,United Arab Emirates,1,2024,1035.3722952493924,882.0799256698305,1917.4522209192228,1.9460863123384864,188.6948708838179,0.1912256550996622,269.06174772358366,0.075834,251.34853696441075,0.8647213430909217,2626.5573764910355,3.0778673105290704
liquid_hydrogen,SMRCCS,,wind,SMRCCS_H_wind_E,United States,1,2024,1084.1594714653322,2692.406582242395,3776.5660537077274,1.9460863123384864,1609.3398036046551,1.6271599451420615,288.0397672498259,0.076032,136.4865495503076,0.4695584619921574,5810.432174112515,4.118836719472705
liquid_hydrogen,SMRCCS,,wind,SMRCCS_H_wind_E,Turkey,1,2024,992.005916390779,2787.481786934622,3779.487703325401,1.9460863123384864,174.60991317217503,0.176989111339773,266.4263970335907,0.09306,141.20544502485285,0.4857930089759428,4361.729458556019,2.701928432654202
liquid_hydrogen,SMRCCS,,wind,SMRCCS_H_wind_E,Australia,1,2024,1111.2634582519654,3435.122014976799,4546.385473228765,1.9460863123384864,1431.9328260410734,1.447843666662513,311.7391114310714,0.109296,398.68764166437,1.3716161515695673,6688.74505236528,4.874842130570567
liquid_hydrogen,SMRCCS,,wind,SMRCCS_H_wind_E,Malaysia,1,2024,948.6395375321658,2720.514113802474,3669.15365133464,1.9460863123384864,131.0004864593708,0.132910348417587,251.9110463435976,0.119592,340.29400284675506,1.170722896346507,4392.359186984363,3.3693115571025807
liquid_hydrogen,SMRCCS,,wind,SMRCCS_H_wind_E,Canada,1,2024,1105.842660894639,1787.062368225847,2892.905029120486,1.9460863123384864,2038.38644093734,2.060824096108664,285.2984425948223,0.03465,123.67505672102308,0.4254827278735726,5340.264969373671,4.467043136320723
liquid_hydrogen,SMRCCS,,wind,SMRCCS_H_wind_E,Mexico,1,2024,954.0603348894924,1600.6661144208094,2554.726449310302,1.9460863123384864,583.2052316904606,0.5899818409780763,269.63971517984675,0.10395,208.34439745184173,0.7167730091682802,3615.9157936324514,3.356791162484843
liquid_hydrogen,SMRCCS,,wind,SMRCCS_H_wind_E,Thailand,1,2024,964.9019296041458,2777.7091721316665,3742.611101735813,1.9460863123384864,202.49409307689865,0.2051733881796016,255.99305285234496,0.109692,377.7954983364259,1.299740331416511,4578.893746001482,3.560692031934599
liquid_hydrogen,SMRCCS,,wind,SMRCCS_H_wind_E,Russia,1,2024,1024.530700534739,1780.8215693190652,2805.3522698538045,1.9460863123384864,2493.0148831277284,2.5203453700975524,262.51241005108545,0.088902,50.64148935263056,0.1742233204060057,5611.521052385249,4.729557002842044
liquid_hydrogen,SMRCCS,,wind,SMRCCS_H_wind_E,Saudi Arabia,1,2024,1035.3722952493924,881.7440666032649,1917.1163618526573,1.9460863123384864,512.660239354775,0.5186776247362443,260.74574772358363,0.109296,158.16376033952247,0.5441351715067588,2848.686109270538,3.1181951085814896
