Fuel,Hydrogen Source,Carbon Source,Electricity Source,Pathway Name,Region,Number,Year,CapEx [$/tonne],OpEx [$/tonne],Fuel Production LCOF [$/tonne],Fuel Production Emissions [kg CO2e / kg fuel],Land Transport Cost [$/tonne],Land Transport Emissions [kg CO2e / kg fuel],Fuel Storage Cost [$/tonne],Fuel Storage Emissions [kg CO2e / kg fuel],Tanker Transport Cost [$/tonne],Tanker Transport Emissions [kg CO2e / kg fuel],Final LCOF [$/tonne],Final Emissions [kg CO2e / kg fuel]
lng,,,,fossil,South Africa,1,2024,78.20798562778377,240.8255164709382,319.03350209872195,0.7910301332826266,36.05304361240747,0.0488776508666503,12.135525238045703,0.05672,47.91999291028547,0.1648604807123136,415.1420638594606,1.0614882648615904
lng,,,,fossil,Taiwan,1,2024,76.95331206156263,698.8862834708979,775.8395955324605,0.7880364937215154,8.910824241692303,0.0120805378015195,18.45634568877224,0.05088,68.52112477860437,0.2357351260693634,871.7278902415295,1.0867321575923983
lng,,,,fossil,Switzerland,1,2024,92.4276193782899,3056.56944818408,3148.99706756237,0.76347224581596,40.538576790060155,0.0549587553349742,28.47289346314492,0.00296,0.0,0.0,3218.008537815575,0.8213910011509341
lng,,,,fossil,Singapore,1,2024,77.37153658363636,3326.3255191088556,3403.697055692492,0.7824182934492933,0.5503414925855502,0.0007461061989998,27.9227388718634,0.03992,57.04210191937806,0.1962435253459939,3489.212237976319,1.019327924994287
lng,,,,fossil,Hungary,1,2024,75.2804139732678,1184.9583359061846,1260.2387498794524,0.7694595249381821,76.80742832481737,0.1041289802321632,20.75077295640763,0.01464,0.0,0.0,1357.7969511606775,0.8882285051703454
lng,,,,fossil,Philippines,1,2024,74.8621894511941,676.0710826478022,750.9332720989963,0.7870932922159599,14.30847482008127,0.0193982134825784,16.72437977331648,0.04904,65.90453867693275,0.2267332123304705,847.8706653693268,1.0822647180290088
lng,,,,fossil,Netherlands,1,2024,85.73602702511054,2077.355297984755,2163.0913250098656,0.77233013821596,6.791636792605323,0.0092075236568326,24.05060253368647,0.02024,0.0,0.0,2193.9335643361574,0.8017776618727926
lng,,,,fossil,Norway,1,2024,94.93696651073216,1501.6342942370595,1596.571260747792,0.7632261932492933,31.586172849052392,0.0428218473127285,15.911252561691846,0.00248,4.00931300443226,0.0137933507309631,1648.0779991629684,0.822321391292985
lng,,,,fossil,Oman,1,2024,79.88088371607861,93.90822529023664,173.78910900631524,0.7843046964604043,26.719103995420006,0.0362234892176598,21.12109797041032,0.0436,40.64882895144683,0.1398452936726074,262.2781399235924,1.0039734793506716
lng,,,,fossil,Italy,1,2024,80.29910823815231,2338.923298089766,2419.222406327918,0.7737654448548488,18.21993296312582,0.0247010358337391,41.78749115350147,0.0230399999999999,15.307500202047128,0.0526628175120549,2494.5373306465926,0.8741692982006427
lng,,,,fossil,Austria,1,2024,86.99070059133169,1953.191024668595,2040.181725259927,0.7661788240492933,54.43905545807985,0.0738038423273236,28.929782082959928,0.0082399999999999,0.0,0.0,2123.5505628009664,0.8482226663766168
lng,,,,fossil,Finland,1,2024,90.33649676792136,2073.5639423336406,2163.900439101562,0.7649075524548489,27.22434438169863,0.0369084511717668,15.940927547689158,0.0057599999999999,7.807709183324688,0.0268610784570582,2214.8734202142746,0.8344370820836737
lng,,,,fossil,Portugal,1,2024,76.11686301741521,1801.7750556964509,1877.891918713866,0.7665479028992932,12.817872374283043,0.0173773814354991,16.803559322589937,0.00896,7.71666717802024,0.0265478641210794,1915.2300175887594,0.8194331484558717
lng,,,,fossil,Germany,1,2024,86.15425154718426,1808.7390091856944,1894.8932607328784,0.776061935477071,27.861242502357104,0.0377719034870231,28.316995716777623,0.02752,0.0,0.0,1951.0714989520131,0.8413538389640941
lng,,,,fossil,Greece,1,2024,76.95331206156264,971.9771687285678,1048.9304807901303,0.7750777252104044,11.184540606351485,0.0151630491100337,24.136345688772245,0.0256,19.28989298501403,0.0663635538584547,1103.541260070268,0.8822043281788928
lng,,,,fossil,France,1,2024,84.48135345888942,2021.1628452602552,2105.6441987191447,0.7637593071437376,38.404076242702544,0.0520649809937556,20.531422984413005,0.0035199999999999,0.0,0.0,2164.5796979462602,0.819344288137493
lng,,,,fossil,Brazil,1,2024,76.95331206156263,1981.3129269959625,2058.266239057525,0.7661788240492933,102.99809327173692,0.1396360567221048,15.176345688772244,0.0082399999999999,37.200579700505514,0.1279821861343748,2213.6412577185397,1.0420370669057728
lng,,,,fossil,United Kingdom,1,2024,89.08182320170022,1489.4224789815262,1578.5043021832264,0.7706077702492933,18.53994207479783,0.0251348769763235,40.9817479984157,0.01688,3.630648102871035,0.0124906193675186,1641.656640359311,0.8251132665931354
lng,,,,fossil,Spain,1,2024,77.78976110571006,1476.0927638150015,1553.8825249207118,0.7679422007770711,31.30247157646122,0.042437229251041,15.949132054954552,0.01168,9.520354774212615,0.0327531405851185,1610.6544833263401,0.8548125706132306
lng,,,,fossil,Sweden,1,2024,92.0093948562162,3083.9918893724835,3176.0012842286997,0.7634312370548488,33.07840154431364,0.0448448840905465,11.52280028005377,0.0028799999999999,3.31854791959344,0.0114168924506162,3223.9210339726606,0.8225730135960114
lng,,,,fossil,Czech Republic,1,2024,76.11686301741521,1498.2492545875757,1574.366117604991,0.7789325487548489,51.82922071370271,0.0702656503004119,23.283559322589937,0.03312,0.0,0.0,1649.4788976412835,0.8823181990552608
lng,,,,fossil,Japan,1,2024,90.33649676792136,1569.5050545245228,1659.841551292444,0.7817211445104044,12.977661099092396,0.0175940094014379,22.260927547689153,0.03856,77.30846684554109,0.2659664627068899,1772.3886067847664,1.1038416166187321
lng,,,,fossil,Belgium,1,2024,85.73602702511054,1156.464780748723,1242.2008077738335,0.7676141306881822,9.461820518818865,0.0128275317017224,26.37060253368647,0.01104,0.0,0.0,1278.033230826339,0.7914816623899046
lng,,,,fossil,Poland,1,2024,77.37153658363636,1685.977973809978,1763.3495103936143,0.7871753097381822,16.004410049511293,0.0216974182578447,37.9227388718634,0.0492,5.811847391273151,0.0199946597768849,1823.0885067062623,0.8780673877729117
lng,,,,fossil,India,1,2024,74.02574040704667,1094.6636024085744,1168.689342815621,0.7909891245215155,61.31609301406824,0.0831271450773518,14.831593407134172,0.0566399999999999,42.91830595173238,0.1476530383426261,1287.755335188556,1.0784093079414934
lng,,,,fossil,Indonesia,1,2024,67.3341480538673,1743.613384993876,1810.9475330477433,0.7884465813326265,21.19081700585028,0.0287287077985997,9.929302477675712,0.05168,64.82844830678646,0.2230311087837455,1906.8961008380556,1.0918863979149716
lng,,,,fossil,South Korea,1,2024,78.62621014985747,1239.4037225051404,1318.029932654998,0.7789325487548489,10.383993350619884,0.0140777352128614,14.241918421136855,0.03312,74.66638919455023,0.2568768496838436,1417.322233621305,1.0830071336515539
lng,,,,fossil,China,1,2024,76.53508753948893,1087.2821834420522,1163.8172709815412,0.784919827877071,117.07828218326276,0.1587247795814752,12.189952505681092,0.0448,71.8908004684377,0.2473279148060095,1364.9763061389226,1.2357725222645557
lng,,,,fossil,United Arab Emirates,1,2024,79.88088371607861,89.97499756073945,169.85588127681808,0.7776612771604043,15.525975735670064,0.0210487976973739,13.84109797041032,0.03064,41.57821592775767,0.143042689464573,240.80117091065614,0.9723927643223512
lng,,,,fossil,United States,1,2024,83.644904414742,681.2532320909016,764.8981365056436,0.7777022859215155,132.4178586528644,0.1795208730038194,17.038636618230697,0.03072,22.577681561125654,0.0776746240865531,936.9323133378645,1.0656177830118878
lng,,,,fossil,Turkey,1,2024,76.53508753948893,607.6665458392329,684.2016333787218,0.7812290393770711,14.367053340775968,0.0194776292598864,16.749952505681094,0.0376,23.35828389663454,0.0803601519520952,738.6769231218135,0.9186668205890527
lng,,,,fossil,Australia,1,2024,85.73602702511054,897.0667052486705,982.802732273781,0.7845917577881821,117.82066045617007,0.1597312329179604,24.130602533686467,0.04416,65.95113324728365,0.2268935129231901,1190.7051285109212,1.2153765036293327
lng,,,,fossil,Malaysia,1,2024,73.18929136289924,570.2857033836555,643.4749947465547,0.7867242133659599,10.778832326510203,0.0146130243224186,14.858807040951865,0.04832,56.29162476997725,0.1936616379937679,725.404258883994,1.0433188756821465
lng,,,,fossil,Canada,1,2024,85.31780250303683,408.43724046785945,493.7550429708963,0.7691314548492932,167.7201837743543,0.2273807635755919,13.944209350595314,0.0139999999999999,20.458397233290732,0.0703835914332919,695.8778333291366,1.080895809858177
lng,,,,fossil,Mexico,1,2024,73.60751588497295,338.81042833392524,412.4179442188982,0.7834845212381821,47.986626418251255,0.065056187698186,21.525200224043015,0.042,34.464447055117745,0.1185689931054071,516.3942179163103,1.0091097020417752
lng,,,,fossil,Thailand,1,2024,74.44396492912038,620.1136000438344,694.5575649729548,0.7846737753104043,16.66138756714907,0.0225880925121339,15.017986590225323,0.04432,62.49514318275459,0.2150037744492733,788.7320823130838,1.0665856422718114
lng,,,,fossil,Russia,1,2024,79.04443467193119,207.5752231099324,286.61965778186357,0.7803678553937377,205.1274017296293,0.2780942888681251,12.188311604228012,0.03592,8.377143565808982,0.0288201193568813,512.3125146815299,1.123202263618744
lng,,,,fossil,Saudi Arabia,1,2024,79.88088371607861,88.25262959407279,168.1335133101514,0.7845917577881821,42.18212397392533,0.0571869368527249,10.48109797041032,0.04416,26.16353792532288,0.0900111451931741,246.96027317980995,0.9759498398340811
lng,ATRCCS,BEC,grid,ATRCCS_H_BEC_C_grid_E,South Africa,1,2024,282.2603481762618,577.1225342474721,859.3828824237339,-0.4779927503650512,36.05304361240747,0.0488776508666503,12.135525238045703,0.05672,47.91999291028547,0.1648604807123136,955.4914441844726,-0.20753461878608728
lng,ATRCCS,BEC,grid,ATRCCS_H_BEC_C_grid_E,Taiwan,1,2024,277.73210729642864,1386.1294315784116,1663.8615388748403,-0.6005953950433465,8.910824241692303,0.0120805378015195,18.45634568877224,0.05088,68.52112477860437,0.2357351260693634,1759.7498335839093,-0.3018997311724635
lng,ATRCCS,BEC,grid,ATRCCS_H_BEC_C_grid_E,Switzerland,1,2024,333.58041148103655,5129.017884228507,5462.598295709543,-1.6066088767186744,40.538576790060155,0.0549587553349742,28.47289346314492,0.00296,0.0,0.0,5531.609765962748,-1.5486901213837
lng,ATRCCS,BEC,grid,ATRCCS_H_BEC_C_grid_E,Singapore,1,2024,279.2415209230397,5479.8917721179605,5759.133293041,-0.8306852898505587,0.5503414925855502,0.0007461061989998,27.9227388718634,0.03992,57.04210191937806,0.1962435253459939,5844.648475324827,-0.593775658305565
lng,ATRCCS,BEC,grid,ATRCCS_H_BEC_C_grid_E,Hungary,1,2024,271.69445278998455,2150.755551343676,2422.4500041336605,-1.361403587362084,76.80742832481737,0.1041289802321632,20.75077295640763,0.01464,0.0,0.0,2520.0082054148857,-1.2426346071299208
lng,ATRCCS,BEC,grid,ATRCCS_H_BEC_C_grid_E,Philippines,1,2024,270.1850391633735,1308.5887272406417,1578.773766404015,-0.639223625558426,14.30847482008127,0.0193982134825784,16.72437977331648,0.04904,65.90453867693275,0.2267332123304705,1675.7111596743457,-0.34405219974537715
lng,ATRCCS,BEC,grid,ATRCCS_H_BEC_C_grid_E,Netherlands,1,2024,309.42979345526015,3563.3453134724323,3872.775106927693,-1.2438394075335817,6.791636792605323,0.0092075236568326,24.05060253368647,0.02024,0.0,0.0,3903.6173462539846,-1.2143918838767491
lng,ATRCCS,BEC,grid,ATRCCS_H_BEC_C_grid_E,Norway,1,2024,342.63689324070276,2561.3810556741128,2904.0179489148154,-1.6166858064182603,31.586172849052392,0.0428218473127285,15.911252561691846,0.00248,4.00931300443226,0.0137933507309631,2955.524687329992,-1.5575906083745688
lng,ATRCCS,BEC,grid,ATRCCS_H_BEC_C_grid_E,Oman,1,2024,288.2980026827058,543.9657420400945,832.2637447228003,-0.7534288288203997,26.719103995420006,0.0362234892176598,21.12109797041032,0.0436,40.64882895144683,0.1398452936726074,920.7527756400775,-0.5337600459301326
lng,ATRCCS,BEC,grid,ATRCCS_H_BEC_C_grid_E,Italy,1,2024,289.8074163093168,4309.233965432226,4599.041381741543,-1.1850573176193302,18.21993296312582,0.0247010358337391,41.78749115350147,0.0230399999999999,15.307500202047128,0.0526628175120549,4674.356306060217,-1.0846534642735361
lng,ATRCCS,BEC,grid,ATRCCS_H_BEC_C_grid_E,Austria,1,2024,313.95803433509326,3484.465777326556,3798.42381166165,-1.4957626500232293,54.43905545807985,0.0738038423273236,28.929782082959928,0.0082399999999999,0.0,0.0,3881.7926492026895,-1.413718807695906
lng,ATRCCS,BEC,grid,ATRCCS_H_BEC_C_grid_E,Finland,1,2024,326.0333433479815,3395.381775441334,3721.4151187893153,-1.547826786804423,27.22434438169863,0.0369084511717668,15.940927547689158,0.0057599999999999,7.807709183324688,0.0268610784570582,3772.388099902028,-1.4782972571755981
lng,ATRCCS,BEC,grid,ATRCCS_H_BEC_C_grid_E,Portugal,1,2024,274.7132800432066,2984.6034157462295,3259.3166957894364,-1.4806472554738503,12.817872374283043,0.0173773814354991,16.803559322589937,0.00896,7.71666717802024,0.0265478641210794,3296.6547946643295,-1.4277620099172716
lng,ATRCCS,BEC,grid,ATRCCS_H_BEC_C_grid_E,Germany,1,2024,310.93920708187125,3267.414892896493,3578.354099978364,-1.0910059737565283,27.861242502357104,0.0377719034870231,28.316995716777623,0.02752,0.0,0.0,3634.5323381974986,-1.0257140702695051
lng,ATRCCS,BEC,grid,ATRCCS_H_BEC_C_grid_E,Greece,1,2024,277.73210729642864,1914.0638526535315,2191.79595994996,-1.131313692554872,11.184540606351485,0.0151630491100337,24.136345688772245,0.0256,19.28989298501403,0.0663635538584547,2246.4067392300976,-1.0241870895863836
lng,ATRCCS,BEC,grid,ATRCCS_H_BEC_C_grid_E,France,1,2024,304.9015525754271,3414.97186797982,3719.8734205552473,-1.5948524587358244,38.404076242702544,0.0520649809937556,20.531422984413005,0.0035199999999999,0.0,0.0,3778.808919782363,-1.5392674777420687
lng,ATRCCS,BEC,grid,ATRCCS_H_BEC_C_grid_E,Brazil,1,2024,277.73210729642864,3209.308391960751,3487.04049925718,-1.4957626500232293,102.99809327173692,0.1396360567221048,15.176345688772244,0.0082399999999999,37.200579700505514,0.1279821861343748,3642.415517918194,-1.2199044071667497
lng,ATRCCS,BEC,grid,ATRCCS_H_BEC_C_grid_E,United Kingdom,1,2024,321.5051024681483,3025.8330360297914,3347.33813849794,-1.314377915430683,18.53994207479783,0.0251348769763235,40.9817479984157,0.01688,3.630648102871035,0.0124906193675186,3410.490476674024,-1.259872419086841
lng,ATRCCS,BEC,grid,ATRCCS_H_BEC_C_grid_E,Spain,1,2024,280.75093454965065,2504.4366200146096,2785.18755456426,-1.4235446538428638,31.30247157646122,0.042437229251041,15.949132054954552,0.01168,9.520354774212615,0.0327531405851185,2841.9595129698887,-1.3366742840067043
lng,ATRCCS,BEC,grid,ATRCCS_H_BEC_C_grid_E,Sweden,1,2024,332.07099785442557,4798.810448286152,5130.881446140577,-1.6082883650019386,33.07840154431364,0.0448448840905465,11.52280028005377,0.0028799999999999,3.31854791959344,0.0114168924506162,5178.801195884538,-1.549146588460776
lng,ATRCCS,BEC,grid,ATRCCS_H_BEC_C_grid_E,Czech Republic,1,2024,274.7132800432066,2669.7362318441596,2944.4495118873665,-0.9734417939280258,51.82922071370271,0.0702656503004119,23.283559322589937,0.03312,0.0,0.0,3019.5622919236594,-0.8700561436276139
lng,ATRCCS,BEC,grid,ATRCCS_H_BEC_C_grid_E,Japan,1,2024,326.0333433479815,2757.9175033103847,3083.950846658366,-0.8592365906660521,12.977661099092396,0.0175940094014379,22.260927547689153,0.03856,77.30846684554109,0.2659664627068899,3196.4979021506892,-0.5371161185577242
lng,ATRCCS,BEC,grid,ATRCCS_H_BEC_C_grid_E,Belgium,1,2024,309.42979345526015,2271.52182251041,2580.95161596567,-1.436980560108978,9.461820518818865,0.0128275317017224,26.37060253368647,0.01104,0.0,0.0,2616.7840390181755,-1.4131130284072557
lng,ATRCCS,BEC,grid,ATRCCS_H_BEC_C_grid_E,Poland,1,2024,279.2415209230397,3235.8501385114723,3515.091659434512,-0.6358646489918977,16.004410049511293,0.0216974182578447,37.9227388718634,0.0492,5.811847391273151,0.0199946597768849,3574.8306557471597,-0.5449725709571681
lng,ATRCCS,BEC,grid,ATRCCS_H_BEC_C_grid_E,India,1,2024,267.1662119101515,1887.3609149736903,2154.527126883842,-0.4796722386483159,61.31609301406824,0.0831271450773518,14.831593407134172,0.0566399999999999,42.91830595173238,0.1476530383426261,2273.593119256777,-0.19225205522833805
lng,ATRCCS,BEC,grid,ATRCCS_H_BEC_C_grid_E,Indonesia,1,2024,243.01559388437505,2751.9149935290957,2994.9305874134707,-0.5838005122107033,21.19081700585028,0.0287287077985997,9.929302477675712,0.05168,64.82844830678646,0.2230311087837455,3090.8791552037833,-0.28036069562835814
lng,ATRCCS,BEC,grid,ATRCCS_H_BEC_C_grid_E,South Korea,1,2024,283.7697618028727,2116.365207485488,2400.134969288361,-0.9734417939280258,10.383993350619884,0.0140777352128614,14.241918421136855,0.03312,74.66638919455023,0.2568768496838436,2499.4272702546677,-0.6693672090313207
lng,ATRCCS,BEC,grid,ATRCCS_H_BEC_C_grid_E,China,1,2024,276.2226936698176,1824.282719076386,2100.5054127462035,-0.7282365045714349,117.07828218326276,0.1587247795814752,12.189952505681092,0.0448,71.8908004684377,0.2473279148060095,2301.664447903585,-0.2773838101839502
lng,ATRCCS,BEC,grid,ATRCCS_H_BEC_C_grid_E,United Arab Emirates,1,2024,288.2980026827058,390.1003156086541,678.3983182913599,-1.0255059307092198,15.525975735670064,0.0210487976973739,13.84109797041032,0.03064,41.57821592775767,0.143042689464573,749.3436079251981,-0.8307744435472729
lng,ATRCCS,BEC,grid,ATRCCS_H_BEC_C_grid_E,United States,1,2024,301.88272532220503,1371.0636798682324,1672.9464051904374,-1.0238264424259556,132.4178586528644,0.1795208730038194,17.038636618230697,0.03072,22.577681561125654,0.0776746240865531,1844.9805820226582,-0.7359109453355831
lng,ATRCCS,BEC,grid,ATRCCS_H_BEC_C_grid_E,Turkey,1,2024,276.2226936698176,1212.2480656051096,1488.470759274927,-0.8793904500652238,14.367053340775968,0.0194776292598864,16.749952505681094,0.0376,23.35828389663454,0.0803601519520952,1542.9460490180186,-0.7419526688532422
lng,ATRCCS,BEC,grid,ATRCCS_H_BEC_C_grid_E,Australia,1,2024,309.42979345526015,1830.4448349050192,2139.8746283602795,-0.7416724108375495,117.82066045617007,0.1597312329179604,24.130602533686467,0.04416,65.95113324728365,0.2268935129231901,2347.7770245974198,-0.310887664996399
lng,ATRCCS,BEC,grid,ATRCCS_H_BEC_C_grid_E,Malaysia,1,2024,264.14738465692943,1118.0775580939978,1382.2249427509273,-0.654339020107805,10.778832326510203,0.0146130243224186,14.858807040951865,0.04832,56.29162476997725,0.1936616379937679,1464.1542068883666,-0.39774435779161843
lng,ATRCCS,BEC,grid,ATRCCS_H_BEC_C_grid_E,Canada,1,2024,307.9203798286492,890.621106764644,1198.541486593293,-1.3748394936281982,167.7201837743543,0.2273807635755919,13.944209350595314,0.0139999999999999,20.458397233290732,0.0703835914332919,1400.6642769515333,-1.0630751386193145
lng,ATRCCS,BEC,grid,ATRCCS_H_BEC_C_grid_E,Mexico,1,2024,265.65679828354047,912.5180647977757,1178.174863081316,-0.7870185944856861,47.986626418251255,0.065056187698186,21.525200224043015,0.042,34.464447055117745,0.1185689931054071,1282.151136778728,-0.561393413682093
lng,ATRCCS,BEC,grid,ATRCCS_H_BEC_C_grid_E,Thailand,1,2024,268.6756255367625,1191.3357432705848,1460.0113688073473,-0.7383134342710208,16.66138756714907,0.0225880925121339,15.017986590225323,0.04432,62.49514318275459,0.2150037744492733,1554.1858861474764,-0.45640156730961357
lng,ATRCCS,BEC,grid,ATRCCS_H_BEC_C_grid_E,Russia,1,2024,285.27917542948376,523.5327087623538,808.8118841918375,-0.9146597040137744,205.1274017296293,0.2780942888681251,12.188311604228012,0.03592,8.377143565808982,0.0288201193568813,1034.5047410915038,-0.571825295788768
lng,ATRCCS,BEC,grid,ATRCCS_H_BEC_C_grid_E,Saudi Arabia,1,2024,288.2980026827058,318.3224955848087,606.6204982675144,-0.7416724108375495,42.18212397392533,0.0571869368527249,10.48109797041032,0.04416,26.16353792532288,0.0900111451931741,685.447258137173,-0.5503143287916505
lng,BG,BEC,grid,BG_H_BEC_C_grid_E,South Africa,1,2024,294.96702578968717,832.1881834506547,1127.155209240342,-1.2092724913766617,36.05304361240747,0.0488776508666503,12.135525238045703,0.05672,47.91999291028547,0.1648604807123136,1223.2637710010804,-0.9388143597976978
lng,BG,BEC,grid,BG_H_BEC_C_grid_E,Taiwan,1,2024,290.23493446685796,961.91251291361,1252.147447380468,-1.262452589471106,8.910824241692303,0.0120805378015195,18.45634568877224,0.05088,68.52112477860437,0.2357351260693634,1348.035742089537,-0.9637569256002232
lng,BG,BEC,grid,BG_H_BEC_C_grid_E,Switzerland,1,2024,348.59739411508485,1529.3200714279706,1877.9174655430552,-1.6988207916433282,40.538576790060155,0.0549587553349742,28.47289346314492,0.00296,0.0,0.0,1946.9289357962602,-1.640902036308354
lng,BG,BEC,grid,BG_H_BEC_C_grid_E,Singapore,1,2024,291.8122982411344,1461.2466886893808,1753.0589869305152,-1.362256335209995,0.5503414925855502,0.0007461061989998,27.9227388718634,0.03992,57.04210191937806,0.1962435253459939,1838.5741692143422,-1.1253467036650013
lng,BG,BEC,grid,BG_H_BEC_C_grid_E,Hungary,1,2024,283.9254793697524,1047.8214636238856,1331.746942993638,-1.5924605954544395,76.80742832481737,0.1041289802321632,20.75077295640763,0.01464,0.0,0.0,1429.305144274863,-1.4736916152222763
lng,BG,BEC,grid,BG_H_BEC_C_grid_E,Philippines,1,2024,282.348115595476,921.0069605392022,1203.3550761346785,-1.2792079628433282,14.30847482008127,0.0193982134825784,16.72437977331648,0.04904,65.90453867693275,0.2267332123304705,1300.2924694050091,-0.9840365370302794
lng,BG,BEC,grid,BG_H_BEC_C_grid_E,Netherlands,1,2024,323.35957372666235,1278.4170321818583,1601.7766059085209,-1.5414659808433284,6.791636792605323,0.0092075236568326,24.05060253368647,0.02024,0.0,0.0,1632.6188452348126,-1.5120184571864959
lng,BG,BEC,grid,BG_H_BEC_C_grid_E,Norway,1,2024,358.06157676074326,1167.120109777885,1525.1816865386284,-1.703191758609995,31.586172849052392,0.0428218473127285,15.911252561691846,0.00248,4.00931300443226,0.0137933507309631,1576.6884249538048,-1.6440965605663034
lng,BG,BEC,grid,BG_H_BEC_C_grid_E,Oman,1,2024,301.2764808867928,899.5503724471038,1200.8268533338965,-1.3287455884655504,26.719103995420006,0.0362234892176598,21.12109797041032,0.0436,40.64882895144683,0.1398452936726074,1289.3158842511737,-1.109076805575283
lng,BG,BEC,grid,BG_H_BEC_C_grid_E,Italy,1,2024,302.85384466106916,1467.3266927340908,1770.18053739516,-1.5159686735377726,18.21993296312582,0.0247010358337391,41.78749115350147,0.0230399999999999,15.307500202047128,0.0526628175120549,1845.4954617138342,-1.4155648201919786
lng,BG,BEC,grid,BG_H_BEC_C_grid_E,Austria,1,2024,328.0916650494916,1319.318024567289,1647.4096896167807,-1.6507401550099947,54.43905545807985,0.0738038423273236,28.929782082959928,0.0082399999999999,0.0,0.0,1730.7785271578205,-1.5686963126826714
lng,BG,BEC,grid,BG_H_BEC_C_grid_E,Finland,1,2024,340.71057524370286,1216.647785921478,1557.358361165181,-1.6733234843377724,27.22434438169863,0.0369084511717668,15.940927547689158,0.0057599999999999,7.807709183324688,0.0268610784570582,1608.3313422778933,-1.6037939547089475
lng,BG,BEC,grid,BG_H_BEC_C_grid_E,Portugal,1,2024,287.0802069183052,1105.4708467056844,1392.5510536239894,-1.6441837045599947,12.817872374283043,0.0173773814354991,16.803559322589937,0.00896,7.71666717802024,0.0265478641210794,1429.8891524988828,-1.591298459003416
lng,BG,BEC,grid,BG_H_BEC_C_grid_E,Germany,1,2024,324.93693750093877,1308.082904445962,1633.019841946901,-1.4751729818488837,27.861242502357104,0.0377719034870231,28.316995716777623,0.02752,0.0,0.0,1689.1980801660357,-1.4098810783618605
lng,BG,BEC,grid,BG_H_BEC_C_grid_E,Greece,1,2024,290.23493446685796,1070.356245891165,1360.591180358023,-1.4926568497155506,11.184540606351485,0.0151630491100337,24.136345688772245,0.0256,19.28989298501403,0.0663635538584547,1415.2019596381606,-1.3855302467470623
lng,BG,BEC,grid,BG_H_BEC_C_grid_E,France,1,2024,318.6274824038332,1248.2198959778411,1566.8473783816744,-1.693721330182217,38.404076242702544,0.0520649809937556,20.531422984413005,0.0035199999999999,0.0,0.0,1625.78287760879,-1.6381363491884613
lng,BG,BEC,grid,BG_H_BEC_C_grid_E,Brazil,1,2024,290.23493446685796,1103.615361791493,1393.850296258351,-1.6507401550099947,102.99809327173692,0.1396360567221048,15.176345688772244,0.0082399999999999,37.200579700505514,0.1279821861343748,1549.2253149193657,-1.3748819121535152
lng,BG,BEC,grid,BG_H_BEC_C_grid_E,United Kingdom,1,2024,335.9784839208736,1331.1651069740192,1667.143590894893,-1.5720627496099948,18.53994207479783,0.0251348769763235,40.9817479984157,0.01688,3.630648102871035,0.0124906193675186,1730.2959290709773,-1.5175572532661528
lng,BG,BEC,grid,BG_H_BEC_C_grid_E,Spain,1,2024,293.38966201541075,1091.185058212711,1384.5747202281218,-1.6194148917488838,31.30247157646122,0.042437229251041,15.949132054954552,0.01168,9.520354774212615,0.0327531405851185,1441.3466786337501,-1.5325445219127243
lng,BG,BEC,grid,BG_H_BEC_C_grid_E,Sweden,1,2024,347.0200303408085,1323.544240518239,1670.5642708590472,-1.6995492861377728,33.07840154431364,0.0448448840905465,11.52280028005377,0.0028799999999999,3.31854791959344,0.0114168924506162,1718.484020603008,-1.6404075095966102
lng,BG,BEC,grid,BG_H_BEC_C_grid_E,Czech Republic,1,2024,287.0802069183052,1124.5772618090446,1411.6574687273496,-1.4241783672377726,51.82922071370271,0.0702656503004119,23.283559322589937,0.03312,0.0,0.0,1486.7702487636423,-1.3207927169373606
lng,BG,BEC,grid,BG_H_BEC_C_grid_E,Japan,1,2024,340.71057524370286,1162.683227731943,1503.3938029756457,-1.3746407416155504,12.977661099092396,0.0175940094014379,22.260927547689153,0.03856,77.30846684554109,0.2659664627068899,1615.9408584679682,-1.0525202695072227
lng,BG,BEC,grid,BG_H_BEC_C_grid_E,Belgium,1,2024,323.35957372666235,1212.1052222758549,1535.4647960025172,-1.6252428477044392,9.461820518818865,0.0128275317017224,26.37060253368647,0.01104,0.0,0.0,1571.2972190550227,-1.6013753160027169
lng,BG,BEC,grid,BG_H_BEC_C_grid_E,Poland,1,2024,291.8122982411344,1272.2688794809003,1564.081177722035,-1.277750973854439,16.004410049511293,0.0216974182578447,37.9227388718634,0.0492,5.811847391273151,0.0199946597768849,1623.8201740346829,-1.1868588958197095
lng,BG,BEC,grid,BG_H_BEC_C_grid_E,India,1,2024,279.19338804692313,959.4341920292989,1238.627580076222,-1.210000985871106,61.31609301406824,0.0831271450773518,14.831593407134172,0.0566399999999999,42.91830595173238,0.1476530383426261,1357.693572449157,-0.9225808024511283
lng,BG,BEC,grid,BG_H_BEC_C_grid_E,Indonesia,1,2024,253.95556765850068,1004.1442647426586,1258.0998324011591,-1.2551676445266615,21.19081700585028,0.0287287077985997,9.929302477675712,0.05168,64.82844830678646,0.2230311087837455,1354.0484001914715,-0.9517278279443164
lng,BG,BEC,grid,BG_H_BEC_C_grid_E,South Korea,1,2024,296.54438956396353,1037.7215142732866,1334.26590383725,-1.4241783672377726,10.383993350619884,0.0140777352128614,14.241918421136855,0.03312,74.66638919455023,0.2568768496838436,1433.5582048035571,-1.1201037823410676
lng,BG,BEC,grid,BG_H_BEC_C_grid_E,China,1,2024,288.6575706925816,941.8023113588832,1230.4598820514648,-1.317818171048884,117.07828218326276,0.1587247795814752,12.189952505681092,0.0448,71.8908004684377,0.2473279148060095,1431.6189172088461,-0.8669654766613994
lng,BG,BEC,grid,BG_H_BEC_C_grid_E,United Arab Emirates,1,2024,301.2764808867928,832.1895616678372,1133.46604255463,-1.4467616965655503,15.525975735670064,0.0210487976973739,13.84109797041032,0.03064,41.57821592775767,0.143042689464573,1204.411332188468,-1.2520302094036033
lng,BG,BEC,grid,BG_H_BEC_C_grid_E,United States,1,2024,315.47275485528036,1037.4846113664412,1352.9573662217217,-1.446033202071106,132.4178586528644,0.1795208730038194,17.038636618230697,0.03072,22.577681561125654,0.0776746240865531,1524.9915430539425,-1.1581177049807334
lng,BG,BEC,grid,BG_H_BEC_C_grid_E,Turkey,1,2024,288.6575706925816,923.317322039528,1211.9748927321095,-1.3833826755488836,14.367053340775968,0.0194776292598864,16.749952505681094,0.0376,23.35828389663454,0.0803601519520952,1266.450182475201,-1.245944894336902
lng,BG,BEC,grid,BG_H_BEC_C_grid_E,Australia,1,2024,323.35957372666235,1129.5794560162435,1452.939029742906,-1.3236461270044393,117.82066045617007,0.1597312329179604,24.130602533686467,0.04416,65.95113324728365,0.2268935129231901,1660.8414259800463,-0.8928613811632888
lng,BG,BEC,grid,BG_H_BEC_C_grid_E,Malaysia,1,2024,276.03866049837035,893.3362061832571,1169.3748666816275,-1.285764413293328,10.778832326510203,0.0146130243224186,14.858807040951865,0.04832,56.29162476997725,0.1936616379937679,1251.3041308190668,-1.0291697509771416
lng,BG,BEC,grid,BG_H_BEC_C_grid_E,Canada,1,2024,321.782209952386,944.4067352909584,1266.1889452433445,-1.598288551409995,167.7201837743543,0.2273807635755919,13.944209350595314,0.0139999999999999,20.458397233290732,0.0703835914332919,1468.3117356015848,-1.2865241964011112
lng,BG,BEC,grid,BG_H_BEC_C_grid_E,Mexico,1,2024,277.61602427264677,924.1896570833482,1201.805681355995,-1.3433154783544394,47.986626418251255,0.065056187698186,21.525200224043015,0.042,34.464447055117745,0.1185689931054071,1305.7819550534068,-1.1176902975508465
lng,BG,BEC,grid,BG_H_BEC_C_grid_E,Thailand,1,2024,280.77075182119955,896.884719155423,1177.6554709766226,-1.3221891380155502,16.66138756714907,0.0225880925121339,15.017986590225323,0.04432,62.49514318275459,0.2150037744492733,1271.8299883167517,-1.040277271054143
lng,BG,BEC,grid,BG_H_BEC_C_grid_E,Russia,1,2024,298.12175333823996,819.5253358663812,1117.6470892046211,-1.3986810599322168,205.1274017296293,0.2780942888681251,12.188311604228012,0.03592,8.377143565808982,0.0288201193568813,1343.3399461042875,-1.0558466517072105
lng,BG,BEC,grid,BG_H_BEC_C_grid_E,Saudi Arabia,1,2024,301.2764808867928,799.096425160598,1100.3729060473906,-1.3236461270044393,42.18212397392533,0.0571869368527249,10.48109797041032,0.04416,26.16353792532288,0.0900111451931741,1179.199665917049,-1.1322880449585404
lng,LTE,BEC,grid,LTE_H_BEC_C_grid_E,South Africa,1,2024,360.60683078968714,2436.558794774932,2797.165625564619,15.95748680586581,36.05304361240747,0.0488776508666503,12.135525238045703,0.05672,47.91999291028547,0.1648604807123136,2893.274187325358,16.22794493744477
lng,LTE,BEC,grid,LTE_H_BEC_C_grid_E,Taiwan,1,2024,354.82169446685793,4535.979454778794,4890.801149245652,14.077480217841368,8.910824241692303,0.0120805378015195,18.45634568877224,0.05088,68.52112477860437,0.2357351260693634,4986.689443954721,14.37617588171225
lng,LTE,BEC,grid,LTE_H_BEC_C_grid_E,Switzerland,1,2024,426.1717091150848,7777.042356440235,8203.21406555532,-1.348875209920857,40.538576790060155,0.0549587553349742,28.47289346314492,0.00296,0.0,0.0,8272.225535808526,-1.2909564545858827
lng,LTE,BEC,grid,LTE_H_BEC_C_grid_E,Singapore,1,2024,356.7500732411343,7842.987988382163,8199.738061623297,10.54924867593248,0.5503414925855502,0.0007461061989998,27.9227388718634,0.03992,57.04210191937806,0.1962435253459939,8285.253243907124,10.786158307477473
lng,LTE,BEC,grid,LTE_H_BEC_C_grid_E,Hungary,1,2024,347.10817936975235,5351.563075731102,5698.671255100854,2.411137966128032,76.80742832481737,0.1041289802321632,20.75077295640763,0.01464,0.0,0.0,5796.229456382079,2.529906946360195
lng,LTE,BEC,grid,LTE_H_BEC_C_grid_E,Philippines,1,2024,345.1798005954759,4003.5330026892575,4348.712803284733,13.485149375039146,14.30847482008127,0.0193982134825784,16.72437977331648,0.04904,65.90453867693275,0.2267332123304705,4445.650196555063,13.780320800852195
lng,LTE,BEC,grid,LTE_H_BEC_C_grid_E,Netherlands,1,2024,395.3176487266624,6345.63773276697,6740.955381493632,4.213884009439143,6.791636792605323,0.0092075236568326,24.05060253368647,0.02024,0.0,0.0,6771.797620819923,4.243331533095976
lng,LTE,BEC,grid,LTE_H_BEC_C_grid_E,Norway,1,2024,437.7419817607432,3527.38265001948,3965.1246317802234,-1.5033962993475238,31.586172849052392,0.0428218473127285,15.911252561691846,0.00248,4.00931300443226,0.0137933507309631,4016.6313701954,-1.4443011013038323
lng,LTE,BEC,grid,LTE_H_BEC_C_grid_E,Oman,1,2024,368.3203458867927,5289.341576099498,5657.6619219862905,11.733910361536925,26.719103995420006,0.0362234892176598,21.12109797041032,0.0436,40.64882895144683,0.1398452936726074,5746.150952903567,11.953579144427191
lng,LTE,BEC,grid,LTE_H_BEC_C_grid_E,Italy,1,2024,370.2487246610691,12174.138006159572,12544.38673082064,5.115257031094698,18.21993296312582,0.0247010358337391,41.78749115350147,0.0230399999999999,15.307500202047128,0.0526628175120549,12619.701655139315,5.215660884440492
lng,LTE,BEC,grid,LTE_H_BEC_C_grid_E,Austria,1,2024,401.1027850494916,7889.072092360474,8290.174877409965,0.3508567737724765,54.43905545807985,0.0738038423273236,28.929782082959928,0.0082399999999999,0.0,0.0,8373.543714951005,0.4329006160998
lng,LTE,BEC,grid,LTE_H_BEC_C_grid_E,Finland,1,2024,416.5298152437028,3654.8256662057343,4071.355481449438,-0.4475021882653016,27.22434438169863,0.0369084511717668,15.940927547689158,0.0057599999999999,7.807709183324688,0.0268610784570582,4122.32846256215,-0.3779726586364767
lng,LTE,BEC,grid,LTE_H_BEC_C_grid_E,Portugal,1,2024,350.96493691830517,4127.420015929661,4478.384952847966,0.5826384079124767,12.817872374283043,0.0173773814354991,16.803559322589937,0.00896,7.71666717802024,0.0265478641210794,4515.723051722859,0.6355236534690551
lng,LTE,BEC,grid,LTE_H_BEC_C_grid_E,Germany,1,2024,397.2460275009388,7711.566220398252,8108.812247899191,6.557453865743588,27.861242502357104,0.0377719034870231,28.316995716777623,0.02752,0.0,0.0,8164.990486118326,6.622745769230611
lng,LTE,BEC,grid,LTE_H_BEC_C_grid_E,Greece,1,2024,354.82169446685793,6405.347254607132,6760.16894907399,5.939369508036921,11.184540606351485,0.0151630491100337,24.136345688772245,0.0256,19.28989298501403,0.0663635538584547,6814.779728354128,6.04649611100541
lng,LTE,BEC,grid,LTE_H_BEC_C_grid_E,France,1,2024,389.5325124038332,5238.333903740848,5627.866416144681,-1.1686006055897462,38.404076242702544,0.0520649809937556,20.531422984413005,0.0035199999999999,0.0,0.0,5686.801915371797,-1.1130156245959906
lng,LTE,BEC,grid,LTE_H_BEC_C_grid_E,Brazil,1,2024,354.82169446685793,3589.275779038448,3944.097473505306,0.3508567737724765,102.99809327173692,0.1396360567221048,15.176345688772244,0.0082399999999999,37.200579700505514,0.1279821861343748,4099.472492166321,0.6267150166289559
lng,LTE,BEC,grid,LTE_H_BEC_C_grid_E,United Kingdom,1,2024,410.7446789208736,11665.357266599376,12076.10194552025,3.132236383452476,18.53994207479783,0.0251348769763235,40.9817479984157,0.01688,3.630648102871035,0.0124906193675186,12139.254283696335,3.186741879796318
lng,LTE,BEC,grid,LTE_H_BEC_C_grid_E,Spain,1,2024,358.67845201541076,3820.087140736597,4178.765592752008,1.4582579146635877,31.30247157646122,0.042437229251041,15.949132054954552,0.01168,9.520354774212615,0.0327531405851185,4235.537551157637,1.5451282844997472
lng,LTE,BEC,grid,LTE_H_BEC_C_grid_E,Sweden,1,2024,424.2433303408085,2292.02473201264,2716.2680623534484,-1.3746287248253015,33.07840154431364,0.0448448840905465,11.52280028005377,0.0028799999999999,3.31854791959344,0.0114168924506162,2764.1878120974093,-1.315486948284139
lng,LTE,BEC,grid,LTE_H_BEC_C_grid_E,Czech Republic,1,2024,350.96493691830517,6194.516278721685,6545.48121563999,8.3601999090547,51.82922071370271,0.0702656503004119,23.283559322589937,0.03312,0.0,0.0,6620.593995676283,8.463585559355112
lng,LTE,BEC,grid,LTE_H_BEC_C_grid_E,Japan,1,2024,416.5298152437028,5606.419399448883,6022.949214692586,10.111438922556925,12.977661099092396,0.0175940094014379,22.260927547689153,0.03856,77.30846684554109,0.2659664627068899,6135.496270184908,10.433559394665254
lng,LTE,BEC,grid,LTE_H_BEC_C_grid_E,Belgium,1,2024,395.3176487266624,7042.264105132298,7437.58175385896,1.2522297954280326,9.461820518818865,0.0128275317017224,26.37060253368647,0.01104,0.0,0.0,7473.414176911466,1.2760973271297549
lng,LTE,BEC,grid,LTE_H_BEC_C_grid_E,Poland,1,2024,356.7500732411343,10883.896448546351,11240.646521787485,13.536656404848031,16.004410049511293,0.0216974182578447,37.9227388718634,0.0492,5.811847391273151,0.0199946597768849,11300.38551810013,13.62754848288276
lng,LTE,BEC,grid,LTE_H_BEC_C_grid_E,India,1,2024,341.32304304692315,3443.247118883879,3784.570161930802,15.931733290961366,61.31609301406824,0.0831271450773518,14.831593407134172,0.0566399999999999,42.91830595173238,0.1476530383426261,3903.636154303737,16.219153474381343
lng,LTE,BEC,grid,LTE_H_BEC_C_grid_E,Indonesia,1,2024,310.46898265850064,2053.842154372101,2364.3111370306015,14.33501536688581,21.19081700585028,0.0287287077985997,9.929302477675712,0.05168,64.82844830678646,0.2230311087837455,2460.259704820914,14.638455183468153
lng,LTE,BEC,grid,LTE_H_BEC_C_grid_E,South Korea,1,2024,362.5352095639636,3221.9504842534484,3584.485693817412,8.3601999090547,10.383993350619884,0.0140777352128614,14.241918421136855,0.03312,74.66638919455023,0.2568768496838436,3683.777994783719,8.664274493951405
lng,LTE,BEC,grid,LTE_H_BEC_C_grid_E,China,1,2024,352.89331569258155,2548.8308564091258,2901.724172101707,12.120213085103591,117.07828218326276,0.1587247795814752,12.189952505681092,0.0448,71.8908004684377,0.2473279148060095,3102.8832072590885,12.571065779491075
lng,LTE,BEC,grid,LTE_H_BEC_C_grid_E,United Arab Emirates,1,2024,368.3203458867927,2942.9352246102303,3311.255570497023,7.561840947016922,15.525975735670064,0.0210487976973739,13.84109797041032,0.03064,41.57821592775767,0.143042689464573,3382.2008601308617,7.756572434178869
lng,LTE,BEC,grid,LTE_H_BEC_C_grid_E,United States,1,2024,385.6757548552804,4019.4202122394527,4405.095967094733,7.587594461921366,132.4178586528644,0.1795208730038194,17.038636618230697,0.03072,22.577681561125654,0.0776746240865531,4577.130143926954,7.875509959011739
lng,LTE,BEC,grid,LTE_H_BEC_C_grid_E,Turkey,1,2024,352.89331569258155,3980.5850438549937,4333.478359547575,9.80239674370359,14.367053340775968,0.0194776292598864,16.749952505681094,0.0376,23.35828389663454,0.0803601519520952,4387.953649290666,9.939834524915572
lng,LTE,BEC,grid,LTE_H_BEC_C_grid_E,Australia,1,2024,395.3176487266624,6281.573153695547,6676.890802422209,11.914184965868037,117.82066045617007,0.1597312329179604,24.130602533686467,0.04416,65.95113324728365,0.2268935129231901,6884.793198659349,12.344969711709188
lng,LTE,BEC,grid,LTE_H_BEC_C_grid_E,Malaysia,1,2024,337.4662854983703,3427.8831625442467,3765.349448042617,13.253367740899144,10.778832326510203,0.0146130243224186,14.858807040951865,0.04832,56.29162476997725,0.1936616379937679,3847.2787121800566,13.509962403215331
lng,LTE,BEC,grid,LTE_H_BEC_C_grid_E,Canada,1,2024,393.389269952386,2947.2128689751607,3340.6021389275465,2.205109846892477,167.7201837743543,0.2273807635755919,13.944209350595314,0.0139999999999999,20.458397233290732,0.0703835914332919,3542.724929285787,2.51687420190136
lng,LTE,BEC,grid,LTE_H_BEC_C_grid_E,Mexico,1,2024,339.39466427264676,5548.965159507536,5888.3598237801825,11.218840063448036,47.986626418251255,0.065056187698186,21.525200224043015,0.042,34.464447055117745,0.1185689931054071,5992.336097477594,11.44446524425163
lng,LTE,BEC,grid,LTE_H_BEC_C_grid_E,Thailand,1,2024,343.25142182119953,3456.2904486441275,3799.541870465327,11.965691995676924,16.66138756714907,0.0225880925121339,15.017986590225323,0.04432,62.49514318275459,0.2150037744492733,3893.716387805456,12.247603862638332
lng,LTE,BEC,grid,LTE_H_BEC_C_grid_E,Russia,1,2024,364.46358833824,2422.977341480427,2787.440929818667,9.261572930710258,205.1274017296293,0.2780942888681251,12.188311604228012,0.03592,8.377143565808982,0.0288201193568813,3013.1337867183333,9.604407338935266
lng,LTE,BEC,grid,LTE_H_BEC_C_grid_E,Saudi Arabia,1,2024,368.3203458867927,1859.543500662597,2227.8638465493896,11.914184965868037,42.18212397392533,0.0571869368527249,10.48109797041032,0.04416,26.16353792532288,0.0900111451931741,2306.690606419048,12.105543047913935
lng,SMR,BEC,grid,SMR_H_BEC_C_grid_E,South Africa,1,2024,188.59062153405935,449.8596931458617,638.4503146799211,3.3429010727501014,36.05304361240747,0.0488776508666503,12.135525238045703,0.05672,47.91999291028547,0.1648604807123136,734.5588764406598,3.613359204329065
lng,SMR,BEC,grid,SMR_H_BEC_C_grid_E,Taiwan,1,2024,185.5651035415343,1105.597775606327,1291.1628791478615,3.301914506405632,8.910824241692303,0.0120805378015195,18.45634568877224,0.05088,68.52112477860437,0.2357351260693634,1387.0511738569305,3.6006101702765148
lng,SMR,BEC,grid,SMR_H_BEC_C_grid_E,Switzerland,1,2024,222.8798254493429,4439.901953071309,4662.781778520653,2.9656000784558083,40.538576790060155,0.0549587553349742,28.47289346314492,0.00296,0.0,0.0,4731.793248773857,3.0235188337907823
lng,SMR,BEC,grid,SMR_H_BEC_C_grid_E,Singapore,1,2024,186.5736095390427,4743.214150997403,4929.787760536446,3.224994512033135,0.5503414925855502,0.0007461061989998,27.9227388718634,0.03992,57.04210191937806,0.1962435253459939,5015.302942820273,3.4619041435781286
lng,SMR,BEC,grid,SMR_H_BEC_C_grid_E,Hungary,1,2024,181.531079551501,1779.3346396827203,1960.8657192342216,3.047573211144747,76.80742832481737,0.1041289802321632,20.75077295640763,0.01464,0.0,0.0,2058.4239205154468,3.16634219137691
lng,SMR,BEC,grid,SMR_H_BEC_C_grid_E,Philippines,1,2024,180.52257355399263,1054.4732410807208,1234.9958146347135,3.2890009307080597,14.30847482008127,0.0193982134825784,16.72437977331648,0.04904,65.90453867693275,0.2267332123304705,1331.9332079050441,3.5841723565211088
lng,SMR,BEC,grid,SMR_H_BEC_C_grid_E,Netherlands,1,2024,206.74372948920947,3050.4551295779424,3257.1988590671517,3.086875398050403,6.791636792605323,0.0092075236568326,24.05060253368647,0.02024,0.0,0.0,3288.0410983934435,3.1163229217072352
lng,SMR,BEC,grid,SMR_H_BEC_C_grid_E,Norway,1,2024,228.93086143439297,2246.4428875134886,2475.3737489478817,2.9622313195781813,31.586172849052392,0.0428218473127285,15.911252561691846,0.00248,4.00931300443226,0.0137933507309631,2526.8804873630584,3.0213265176218727
lng,SMR,BEC,grid,SMR_H_BEC_C_grid_E,Oman,1,2024,192.62464552409276,313.60009565182105,506.2247411759138,3.25082166342828,26.719103995420006,0.0362234892176598,21.12109797041032,0.0436,40.64882895144683,0.1398452936726074,594.713772093191,3.4704904463185473
lng,SMR,BEC,grid,SMR_H_BEC_C_grid_E,Italy,1,2024,193.63315152160104,3506.1491408687716,3699.7822923903727,3.1065264915032302,18.21993296312582,0.0247010358337391,41.78749115350147,0.0230399999999999,15.307500202047128,0.0526628175120549,3775.097216709047,3.206930344849024
lng,SMR,BEC,grid,SMR_H_BEC_C_grid_E,Austria,1,2024,209.76924748173448,2919.0085167647235,3128.777764246458,3.002656426109713,54.43905545807985,0.0738038423273236,28.929782082959928,0.0082399999999999,0.0,0.0,3212.1466017874977,3.0847002684370364
lng,SMR,BEC,grid,SMR_H_BEC_C_grid_E,Finland,1,2024,217.8372954618012,3002.2358315990045,3220.0731270608057,2.9852511719086365,27.22434438169863,0.0369084511717668,15.940927547689158,0.0057599999999999,7.807709183324688,0.0268610784570582,3271.0461081735184,3.0547807015374615
lng,SMR,BEC,grid,SMR_H_BEC_C_grid_E,Portugal,1,2024,183.5480915465177,2595.3818544302458,2778.9299459767635,3.007709564426154,12.817872374283043,0.0173773814354991,16.803559322589937,0.00896,7.71666717802024,0.0265478641210794,2816.2680448516567,3.0605948099827325
lng,SMR,BEC,grid,SMR_H_BEC_C_grid_E,Germany,1,2024,207.7522354867178,2734.240270248805,2941.9925057355226,3.137968241027755,27.861242502357104,0.0377719034870231,28.316995716777623,0.02752,0.0,0.0,2998.170743954657,3.203260144514778
lng,SMR,BEC,grid,SMR_H_BEC_C_grid_E,Greece,1,2024,185.5651035415343,1524.4519130668596,1710.017016608394,3.1244932055172443,11.184540606351485,0.0151630491100337,24.136345688772245,0.0256,19.28989298501403,0.0663635538584547,1764.6277958885316,3.2316198084857324
lng,SMR,BEC,grid,SMR_H_BEC_C_grid_E,France,1,2024,203.7182114966845,2955.9017691720023,3159.619980668687,2.9695302971463744,38.404076242702544,0.0520649809937556,20.531422984413005,0.0035199999999999,0.0,0.0,3218.5554798958024,3.02511527814013
lng,SMR,BEC,grid,SMR_H_BEC_C_grid_E,Brazil,1,2024,185.5651035415343,2815.3192975633515,3000.884401104886,3.002656426109713,102.99809327173692,0.1396360567221048,15.176345688772244,0.0082399999999999,37.200579700505514,0.1279821861343748,3156.2594197659005,3.278514668966192
lng,SMR,BEC,grid,SMR_H_BEC_C_grid_E,United Kingdom,1,2024,214.81177746927617,2354.5864083748406,2569.3981858441166,3.063294085907009,18.53994207479783,0.0251348769763235,40.9817479984157,0.01688,3.630648102871035,0.0124906193675186,2632.550524020201,3.1177995822508513
lng,SMR,BEC,grid,SMR_H_BEC_C_grid_E,Spain,1,2024,187.58211553655104,2171.79625238109,2359.3783679176413,3.0267991980660436,31.30247157646122,0.042437229251041,15.949132054954552,0.01168,9.520354774212615,0.0327531405851185,2416.15032632327,3.1136695679022033
lng,SMR,BEC,grid,SMR_H_BEC_C_grid_E,Sweden,1,2024,221.87131945183455,4341.198255134622,4563.069574586456,2.9650386186428705,33.07840154431364,0.0448448840905465,11.52280028005377,0.0028799999999999,3.31854791959344,0.0114168924506162,4610.989324330417,3.024180395184033
lng,SMR,BEC,grid,SMR_H_BEC_C_grid_E,Czech Republic,1,2024,183.5480915465177,2235.0099710093264,2418.558062555844,3.17727042793341,51.82922071370271,0.0702656503004119,23.283559322589937,0.03312,0.0,0.0,2493.670842592137,3.2806560782338217
lng,SMR,BEC,grid,SMR_H_BEC_C_grid_E,Japan,1,2024,217.8372954618012,2329.2646381852005,2547.1019336470017,3.21544969521319,12.977661099092396,0.0175940094014379,22.260927547689153,0.03856,77.30846684554109,0.2659664627068899,2659.648989139325,3.5375701673215176
lng,SMR,BEC,grid,SMR_H_BEC_C_grid_E,Belgium,1,2024,206.74372948920947,1844.0921995591864,2050.835929048396,3.0223075195625397,9.461820518818865,0.0128275317017224,26.37060253368647,0.01104,0.0,0.0,2086.6683521009013,3.046175051264262
lng,SMR,BEC,grid,SMR_H_BEC_C_grid_E,Poland,1,2024,186.5736095390427,2567.5785751315047,2754.1521846705473,3.290123850333935,16.004410049511293,0.0216974182578447,37.9227388718634,0.0492,5.811847391273151,0.0199946597768849,2813.8911809831948,3.3810159283686647
lng,SMR,BEC,grid,SMR_H_BEC_C_grid_E,India,1,2024,178.50556155897596,1603.7735993088595,1782.2791608678351,3.3423396129371636,61.31609301406824,0.0831271450773518,14.831593407134172,0.0566399999999999,42.91830595173238,0.1476530383426261,1901.34515324077,3.629759796357141
lng,SMR,BEC,grid,SMR_H_BEC_C_grid_E,Indonesia,1,2024,162.3694655988425,2449.7755324439295,2612.144998042772,3.3075291045350115,21.19081700585028,0.0287287077985997,9.929302477675712,0.05168,64.82844830678646,0.2230311087837455,2708.0935658330845,3.610968921117357
lng,SMR,BEC,grid,SMR_H_BEC_C_grid_E,South Korea,1,2024,189.59912753156772,1829.34826027318,2018.947387804748,3.17727042793341,10.383993350619884,0.0140777352128614,14.241918421136855,0.03312,74.66638919455023,0.2568768496838436,2118.239688771055,3.481345012830115
lng,SMR,BEC,grid,SMR_H_BEC_C_grid_E,China,1,2024,184.556597544026,1581.6208486347891,1766.1774461788152,3.2592435606223487,117.07828218326276,0.1587247795814752,12.189952505681092,0.0448,71.8908004684377,0.2473279148060095,1967.3364813361966,3.7100962550098333
lng,SMR,BEC,grid,SMR_H_BEC_C_grid_E,United Arab Emirates,1,2024,192.62464552409276,259.2105518903425,451.8351974144352,3.159865173732334,15.525975735670064,0.0210487976973739,13.84109797041032,0.03064,41.57821592775767,0.143042689464573,522.7804870482732,3.354596660894281
lng,SMR,BEC,grid,SMR_H_BEC_C_grid_E,United States,1,2024,201.70119950166776,1129.1924881711725,1330.89368767284,3.1604266335452715,132.4178586528644,0.1795208730038194,17.038636618230697,0.03072,22.577681561125654,0.0776746240865531,1502.9278645050608,3.4483421306356443
lng,SMR,BEC,grid,SMR_H_BEC_C_grid_E,Turkey,1,2024,184.556597544026,967.5301983487632,1152.0867958927893,3.2087121774579344,14.367053340775968,0.0194776292598864,16.749952505681094,0.0376,23.35828389663454,0.0803601519520952,1206.5620856358807,3.346149958669916
lng,SMR,BEC,grid,SMR_H_BEC_C_grid_E,Australia,1,2024,206.74372948920947,1468.179735418433,1674.9234649076425,3.2547518821188457,117.82066045617007,0.1597312329179604,24.130602533686467,0.04416,65.95113324728365,0.2268935129231901,1882.8258611447827,3.6855366279599964
lng,SMR,BEC,grid,SMR_H_BEC_C_grid_E,Malaysia,1,2024,176.48854956395928,899.9148756028607,1076.40342516682,3.283947792391618,10.778832326510203,0.0146130243224186,14.858807040951865,0.04832,56.29162476997725,0.1936616379937679,1158.3326893042592,3.540542454707804
lng,SMR,BEC,grid,SMR_H_BEC_C_grid_E,Canada,1,2024,205.7352234917011,727.1671474416755,932.9023709333768,3.0430815326412444,167.7201837743543,0.2273807635755919,13.944209350595314,0.0139999999999999,20.458397233290732,0.0703835914332919,1135.025161291617,3.3548458876501277
lng,SMR,BEC,grid,SMR_H_BEC_C_grid_E,Mexico,1,2024,177.49705556146765,633.1050325207206,810.6020880821882,3.239592467169521,47.986626418251255,0.065056187698186,21.525200224043015,0.042,34.464447055117745,0.1185689931054071,914.5783617796002,3.465217647973114
lng,SMR,BEC,grid,SMR_H_BEC_C_grid_E,Thailand,1,2024,179.51406755648432,966.8357858357908,1146.3498533922752,3.2558748017447217,16.66138756714907,0.0225880925121339,15.017986590225323,0.04432,62.49514318275459,0.2150037744492733,1240.5243707324043,3.537786668706129
lng,SMR,BEC,grid,SMR_H_BEC_C_grid_E,Russia,1,2024,190.60763352907605,394.74761270660775,585.3552462356838,3.1969215213862383,205.1274017296293,0.2780942888681251,12.188311604228012,0.03592,8.377143565808982,0.0288201193568813,811.0481031353502,3.539755929611245
lng,SMR,BEC,grid,SMR_H_BEC_C_grid_E,Saudi Arabia,1,2024,192.62464552409276,234.38993596411532,427.0145814882081,3.2547518821188457,42.18212397392533,0.0571869368527249,10.48109797041032,0.04416,26.16353792532288,0.0900111451931741,505.8413413578666,3.446109964164745
lng,SMRCCS,BEC,grid,SMRCCS_H_BEC_C_grid_E,South Africa,1,2024,325.25890869973006,609.4679964450122,934.7269051447422,-0.486590937226376,36.05304361240747,0.0488776508666503,12.135525238045703,0.05672,47.91999291028547,0.1648604807123136,1030.8354669054809,-0.21613280564741208
lng,SMRCCS,BEC,grid,SMRCCS_H_BEC_C_grid_E,Taiwan,1,2024,320.0408513409108,1481.2480512833497,1801.2889026242606,-0.5783612837680252,8.910824241692303,0.0120805378015195,18.45634568877224,0.05088,68.52112477860437,0.2357351260693634,1897.1771973333296,-0.2796656198971422
lng,SMRCCS,BEC,grid,SMRCCS_H_BEC_C_grid_E,Switzerland,1,2024,384.39689209968094,5754.567433492762,6138.964325592443,-1.3313809766234774,40.538576790060155,0.0549587553349742,28.47289346314492,0.00296,0.0,0.0,6207.975795845648,-1.2734622212885032
lng,SMRCCS,BEC,grid,SMRCCS_H_BEC_C_grid_E,Singapore,1,2024,321.7802037938506,6152.287973571811,6474.0681773656615,-0.7505878245379701,0.5503414925855502,0.0007461061989998,27.9227388718634,0.03992,57.04210191937806,0.1962435253459939,6559.583359649489,-0.5136781929929765
lng,SMRCCS,BEC,grid,SMRCCS_H_BEC_C_grid_E,Hungary,1,2024,313.0834415291519,2353.023454046908,2666.1068955760597,-1.1478402835401786,76.80742832481737,0.1041289802321632,20.75077295640763,0.01464,0.0,0.0,2763.665096857285,-1.0290713033080154
lng,SMRCCS,BEC,grid,SMRCCS_H_BEC_C_grid_E,Philippines,1,2024,311.34408907621213,1408.75671022926,1720.100799305472,-0.607275228568819,14.30847482008127,0.0193982134825784,16.72437977331648,0.04904,65.90453867693275,0.2267332123304705,1817.0381925758027,-0.3121038027557701
lng,SMRCCS,BEC,grid,SMRCCS_H_BEC_C_grid_E,Netherlands,1,2024,356.5672528526452,3974.810377364033,4331.377630216678,-1.059841321102981,6.791636792605323,0.0092075236568326,24.05060253368647,0.02024,0.0,0.0,4362.21986954297,-1.0303937974461483
lng,SMRCCS,BEC,grid,SMRCCS_H_BEC_C_grid_E,Norway,1,2024,394.8330068173193,2892.0499274505487,3286.882934267868,-1.33892374483238,31.586172849052392,0.0428218473127285,15.911252561691846,0.00248,4.00931300443226,0.0137933507309631,3338.389672683045,-1.2798285467886885
lng,SMRCCS,BEC,grid,SMRCCS_H_BEC_C_grid_E,Oman,1,2024,332.21631851148896,497.008847770333,829.2251662818219,-0.6927599349363828,26.719103995420006,0.0362234892176598,21.12109797041032,0.0436,40.64882895144683,0.1398452936726074,917.7141971990991,-0.47309115204611557
lng,SMRCCS,BEC,grid,SMRCCS_H_BEC_C_grid_E,Italy,1,2024,333.9556709644287,4674.906026332809,5008.861697297238,-1.0158418398843814,18.21993296312582,0.0247010358337391,41.78749115350147,0.0230399999999999,15.307500202047128,0.0526628175120549,5084.176621615912,-0.9154379865385874
lng,SMRCCS,BEC,grid,SMRCCS_H_BEC_C_grid_E,Austria,1,2024,361.7853102114644,3838.6628130560784,4200.4481232675425,-1.2484105263255478,54.43905545807985,0.0738038423273236,28.929782082959928,0.0082399999999999,0.0,0.0,4283.816960808582,-1.1663666839982245
lng,SMRCCS,BEC,grid,SMRCCS_H_BEC_C_grid_E,Finland,1,2024,375.7001298349823,3855.6910324986834,4231.391162333665,-1.2873814954048783,27.22434438169863,0.0369084511717668,15.940927547689158,0.0057599999999999,7.807709183324688,0.0268610784570582,4282.364143446378,-1.2178519657760534
lng,SMRCCS,BEC,grid,SMRCCS_H_BEC_C_grid_E,Portugal,1,2024,316.56214643503137,3360.497827605515,3677.0599740405464,-1.237096374012194,12.817872374283043,0.0173773814354991,16.803559322589937,0.00896,7.71666717802024,0.0265478641210794,3714.3980729154396,-1.1842111284556154
lng,SMRCCS,BEC,grid,SMRCCS_H_BEC_C_grid_E,Germany,1,2024,358.3066053055849,3600.4883540569967,3958.7949593625817,-0.9454426699346228,27.861242502357104,0.0377719034870231,28.316995716777623,0.02752,0.0,0.0,4014.9731975817162,-0.8801507664475997
lng,SMRCCS,BEC,grid,SMRCCS_H_BEC_C_grid_E,Greece,1,2024,320.0408513409108,2049.64689801612,2369.6877493570305,-0.9756137427702336,11.184540606351485,0.0151630491100337,24.136345688772245,0.0256,19.28989298501403,0.0663635538584547,2424.298528637168,-0.8684871398017452
lng,SMRCCS,BEC,grid,SMRCCS_H_BEC_C_grid_E,France,1,2024,351.349195493826,3829.877287036527,4181.226482530353,-1.3225810803797575,38.404076242702544,0.0520649809937556,20.531422984413005,0.0035199999999999,0.0,0.0,4240.161981757468,-1.2669960993860019
lng,SMRCCS,BEC,grid,SMRCCS_H_BEC_C_grid_E,Brazil,1,2024,320.0408513409108,3627.9067817743057,3947.947633115216,-1.2484105263255478,102.99809327173692,0.1396360567221048,15.176345688772244,0.0082399999999999,37.200579700505514,0.1279821861343748,4103.3226517762305,-0.9725522834690683
lng,SMRCCS,BEC,grid,SMRCCS_H_BEC_C_grid_E,United Kingdom,1,2024,370.482072476163,3209.284451124682,3579.766523600845,-1.1126406985652992,18.53994207479783,0.0251348769763235,40.9817479984157,0.01688,3.630648102871035,0.0124906193675186,3642.9188617769296,-1.0581352022214572
lng,SMRCCS,BEC,grid,SMRCCS_H_BEC_C_grid_E,Spain,1,2024,323.5195562467903,2812.5339106083634,3136.0534668551536,-1.194354020828412,31.30247157646122,0.042437229251041,15.949132054954552,0.01168,9.520354774212615,0.0327531405851185,3192.825425260782,-1.1074836509922525
lng,SMRCCS,BEC,grid,SMRCCS_H_BEC_C_grid_E,Sweden,1,2024,382.6575396467412,5521.4217608793715,5904.079300526113,-1.3326381046582945,33.07840154431364,0.0448448840905465,11.52280028005377,0.0028799999999999,3.31854791959344,0.0114168924506162,5951.999050270074,-1.2734963281171319
lng,SMRCCS,BEC,grid,SMRCCS_H_BEC_C_grid_E,Czech Republic,1,2024,316.56214643503137,2949.313622414704,3265.875768849736,-0.8574437074974248,51.82922071370271,0.0702656503004119,23.283559322589937,0.03312,0.0,0.0,3340.9885488860286,-0.7540580571970129
lng,SMRCCS,BEC,grid,SMRCCS_H_BEC_C_grid_E,Japan,1,2024,375.7001298349823,3047.9136925881535,3423.613822423136,-0.771959001129861,12.977661099092396,0.0175940094014379,22.260927547689153,0.03856,77.30846684554109,0.2659664627068899,3536.160877915459,-0.44983852902153326
lng,SMRCCS,BEC,grid,SMRCCS_H_BEC_C_grid_E,Belgium,1,2024,356.5672528526452,2456.422332807172,2812.9895856598173,-1.2044110451069487,9.461820518818865,0.0128275317017224,26.37060253368647,0.01104,0.0,0.0,2848.8220087123227,-1.1805435134052265
lng,SMRCCS,BEC,grid,SMRCCS_H_BEC_C_grid_E,Poland,1,2024,321.7802037938506,3469.5097679621385,3791.289971755989,-0.6047609724991846,16.004410049511293,0.0216974182578447,37.9227388718634,0.0492,5.811847391273151,0.0199946597768849,3851.0289680686365,-0.513868894464455
lng,SMRCCS,BEC,grid,SMRCCS_H_BEC_C_grid_E,India,1,2024,307.86538417033273,2092.201337289233,2400.0667214595655,-0.4878480652611932,61.31609301406824,0.0831271450773518,14.831593407134172,0.0566399999999999,42.91830595173238,0.1476530383426261,2519.1327138325005,-0.20042788184121535
lng,SMRCCS,BEC,grid,SMRCCS_H_BEC_C_grid_E,Indonesia,1,2024,280.035744923297,3134.2840725215588,3414.3198174448557,-0.565790003419854,21.19081700585028,0.0287287077985997,9.929302477675712,0.05168,64.82844830678646,0.2230311087837455,3510.2683852351684,-0.26235018683750877
lng,SMRCCS,BEC,grid,SMRCCS_H_BEC_C_grid_E,South Korea,1,2024,326.9982611526697,2364.634427485336,2691.6326886380057,-0.8574437074974248,10.383993350619884,0.0140777352128614,14.241918421136855,0.03312,74.66638919455023,0.2568768496838436,2790.9249896043125,-0.5533691226007198
lng,SMRCCS,BEC,grid,SMRCCS_H_BEC_C_grid_E,China,1,2024,318.3014988879711,2044.4617662405956,2362.7632651285667,-0.6739030144141261,117.07828218326276,0.1587247795814752,12.189952505681092,0.0448,71.8908004684377,0.2473279148060095,2563.922300285948,-0.2230503200266414
lng,SMRCCS,BEC,grid,SMRCCS_H_BEC_C_grid_E,United Arab Emirates,1,2024,332.21631851148896,377.90942432025906,710.1257428317481,-0.8964146765767553,15.525975735670064,0.0210487976973739,13.84109797041032,0.03064,41.57821592775767,0.143042689464573,781.0710324655862,-0.7016831894148085
lng,SMRCCS,BEC,grid,SMRCCS_H_BEC_C_grid_E,United States,1,2024,347.87049058794656,1489.9219803960566,1837.792470984003,-0.8951575485419381,132.4178586528644,0.1795208730038194,17.038636618230697,0.03072,22.577681561125654,0.0776746240865531,2009.8266478162238,-0.6072420514515656
lng,SMRCCS,BEC,grid,SMRCCS_H_BEC_C_grid_E,Turkey,1,2024,318.3014988879711,1296.4226387310987,1614.7241376190698,-0.7870445375476663,14.367053340775968,0.0194776292598864,16.749952505681094,0.0376,23.35828389663454,0.0803601519520952,1669.1994273621613,-0.6496067563356848
lng,SMRCCS,BEC,grid,SMRCCS_H_BEC_C_grid_E,Australia,1,2024,356.5672528526452,1968.4812757215911,2325.048528574237,-0.6839600386926629,117.82066045617007,0.1597312329179604,24.130602533686467,0.04416,65.95113324728365,0.2268935129231901,2532.9509248113773,-0.25317529285151236
lng,SMRCCS,BEC,grid,SMRCCS_H_BEC_C_grid_E,Malaysia,1,2024,304.3866792644532,1199.71226082017,1504.098940084623,-0.618589380882173,10.778832326510203,0.0146130243224186,14.858807040951865,0.04832,56.29162476997725,0.1936616379937679,1586.0282042220624,-0.3619947185659864
lng,SMRCCS,BEC,grid,SMRCCS_H_BEC_C_grid_E,Canada,1,2024,354.82790039970547,962.009122551734,1316.8370229514394,-1.1578973078187156,167.7201837743543,0.2273807635755919,13.944209350595314,0.0139999999999999,20.458397233290732,0.0703835914332919,1518.9598133096797,-0.8461329528098319
lng,SMRCCS,BEC,grid,SMRCCS_H_BEC_C_grid_E,Mexico,1,2024,306.12603171739295,906.9553166920056,1213.0813484093983,-0.717902495632725,47.986626418251255,0.065056187698186,21.525200224043015,0.042,34.464447055117745,0.1185689931054071,1317.0576221068102,-0.4922773148291319
lng,SMRCCS,BEC,grid,SMRCCS_H_BEC_C_grid_E,Thailand,1,2024,309.6047366232724,1286.0829561990372,1595.6876928223096,-0.6814457826230288,16.66138756714907,0.0225880925121339,15.017986590225323,0.04432,62.49514318275459,0.2150037744492733,1689.8622101624387,-0.39953391566162155
lng,SMRCCS,BEC,grid,SMRCCS_H_BEC_C_grid_E,Russia,1,2024,328.7376136056095,539.1214914908251,867.8591050964346,-0.8134442262788257,205.1274017296293,0.2780942888681251,12.188311604228012,0.03592,8.377143565808982,0.0288201193568813,1093.551961996101,-0.4706098180538194
lng,SMRCCS,BEC,grid,SMRCCS_H_BEC_C_grid_E,Saudi Arabia,1,2024,332.21631851148896,323.8707347311963,656.0870532426852,-0.6839600386926629,42.18212397392533,0.0571869368527249,10.48109797041032,0.04416,26.16353792532288,0.0900111451931741,734.9138131123437,-0.49260195664676387
lng,BG,BG,grid,BG_H_C_grid_E,South Africa,1,2024,294.96702578968717,777.1881834506546,1072.1552092403415,-1.289267124856889,36.05304361240747,0.0488776508666503,12.135525238045703,0.05672,47.91999291028547,0.1648604807123136,1168.26377100108,-1.018808993277925
lng,BG,BG,grid,BG_H_C_grid_E,Taiwan,1,2024,290.23493446685796,906.91251291361,1197.1474473804678,-1.3424472229513336,8.910824241692303,0.0120805378015195,18.45634568877224,0.05088,68.52112477860437,0.2357351260693634,1293.0357420895368,-1.0437515590804507
lng,BG,BG,grid,BG_H_C_grid_E,Switzerland,1,2024,348.59739411508485,1474.3200714279708,1822.9174655430556,-1.7788154251235555,40.538576790060155,0.0549587553349742,28.47289346314492,0.00296,0.0,0.0,1891.9289357962607,-1.7208966697885812
lng,BG,BG,grid,BG_H_C_grid_E,Singapore,1,2024,291.8122982411344,1406.2466886893808,1698.0589869305152,-1.4422509686902223,0.5503414925855502,0.0007461061989998,27.9227388718634,0.03992,57.04210191937806,0.1962435253459939,1783.5741692143422,-1.2053413371452286
lng,BG,BG,grid,BG_H_C_grid_E,Hungary,1,2024,283.9254793697524,992.8214636238856,1276.746942993638,-1.6724552289346666,76.80742832481737,0.1041289802321632,20.75077295640763,0.01464,0.0,0.0,1374.305144274863,-1.5536862487025034
lng,BG,BG,grid,BG_H_C_grid_E,Philippines,1,2024,282.348115595476,866.0069605392022,1148.3550761346785,-1.3592025963235554,14.30847482008127,0.0193982134825784,16.72437977331648,0.04904,65.90453867693275,0.2267332123304705,1245.2924694050091,-1.0640311705105066
lng,BG,BG,grid,BG_H_C_grid_E,Netherlands,1,2024,323.35957372666235,1223.4170321818583,1546.7766059085209,-1.6214606143235557,6.791636792605323,0.0092075236568326,24.05060253368647,0.02024,0.0,0.0,1577.6188452348126,-1.5920130906667231
lng,BG,BG,grid,BG_H_C_grid_E,Norway,1,2024,358.06157676074326,1112.120109777885,1470.1816865386286,-1.7831863920902224,31.586172849052392,0.0428218473127285,15.911252561691846,0.00248,4.00931300443226,0.0137933507309631,1521.688424953805,-1.7240911940465309
lng,BG,BG,grid,BG_H_C_grid_E,Oman,1,2024,301.2764808867928,844.5503724471038,1145.8268533338965,-1.408740221945778,26.719103995420006,0.0362234892176598,21.12109797041032,0.0436,40.64882895144683,0.1398452936726074,1234.3158842511737,-1.1890714390555108
lng,BG,BG,grid,BG_H_C_grid_E,Italy,1,2024,302.85384466106916,1412.326692734091,1715.1805373951602,-1.5959633070179997,18.21993296312582,0.0247010358337391,41.78749115350147,0.0230399999999999,15.307500202047128,0.0526628175120549,1790.4954617138344,-1.4955594536722057
lng,BG,BG,grid,BG_H_C_grid_E,Austria,1,2024,328.0916650494916,1264.318024567289,1592.4096896167807,-1.7307347884902222,54.43905545807985,0.0738038423273236,28.929782082959928,0.0082399999999999,0.0,0.0,1675.7785271578205,-1.648690946162899
lng,BG,BG,grid,BG_H_C_grid_E,Finland,1,2024,340.71057524370286,1161.647785921478,1502.358361165181,-1.753318117818,27.22434438169863,0.0369084511717668,15.940927547689158,0.0057599999999999,7.807709183324688,0.0268610784570582,1553.3313422778933,-1.683788588189175
lng,BG,BG,grid,BG_H_C_grid_E,Portugal,1,2024,287.0802069183052,1050.4708467056844,1337.5510536239894,-1.7241783380402222,12.817872374283043,0.0173773814354991,16.803559322589937,0.00896,7.71666717802024,0.0265478641210794,1374.8891524988828,-1.6712930924836435
lng,BG,BG,grid,BG_H_C_grid_E,Germany,1,2024,324.93693750093877,1253.082904445962,1578.019841946901,-1.555167615329111,27.861242502357104,0.0377719034870231,28.316995716777623,0.02752,0.0,0.0,1634.1980801660357,-1.4898757118420878
lng,BG,BG,grid,BG_H_C_grid_E,Greece,1,2024,290.23493446685796,1015.3562458911648,1305.5911803580227,-1.572651483195778,11.184540606351485,0.0151630491100337,24.136345688772245,0.0256,19.28989298501403,0.0663635538584547,1360.2019596381604,-1.4655248802272898
lng,BG,BG,grid,BG_H_C_grid_E,France,1,2024,318.6274824038332,1193.2198959778411,1511.8473783816744,-1.773715963662444,38.404076242702544,0.0520649809937556,20.531422984413005,0.0035199999999999,0.0,0.0,1570.78287760879,-1.7181309826686884
lng,BG,BG,grid,BG_H_C_grid_E,Brazil,1,2024,290.23493446685796,1048.6153617914931,1338.8502962583511,-1.7307347884902222,102.99809327173692,0.1396360567221048,15.176345688772244,0.0082399999999999,37.200579700505514,0.1279821861343748,1494.225314919366,-1.4548765456337427
lng,BG,BG,grid,BG_H_C_grid_E,United Kingdom,1,2024,335.9784839208736,1276.1651069740192,1612.143590894893,-1.6520573830902223,18.53994207479783,0.0251348769763235,40.9817479984157,0.01688,3.630648102871035,0.0124906193675186,1675.2959290709773,-1.5975518867463803
lng,BG,BG,grid,BG_H_C_grid_E,Spain,1,2024,293.38966201541075,1036.185058212711,1329.5747202281218,-1.699409525229111,31.30247157646122,0.042437229251041,15.949132054954552,0.01168,9.520354774212615,0.0327531405851185,1386.3466786337501,-1.6125391553929516
lng,BG,BG,grid,BG_H_C_grid_E,Sweden,1,2024,347.0200303408085,1268.5442405182384,1615.564270859047,-1.7795439196180003,33.07840154431364,0.0448448840905465,11.52280028005377,0.0028799999999999,3.31854791959344,0.0114168924506162,1663.4840206030078,-1.7204021430768377
lng,BG,BG,grid,BG_H_C_grid_E,Czech Republic,1,2024,287.0802069183052,1069.5772618090446,1356.6574687273496,-1.504173000718,51.82922071370271,0.0702656503004119,23.283559322589937,0.03312,0.0,0.0,1431.7702487636423,-1.400787350417588
lng,BG,BG,grid,BG_H_C_grid_E,Japan,1,2024,340.71057524370286,1107.6832277319431,1448.393802975646,-1.4546353750957777,12.977661099092396,0.0175940094014379,22.260927547689153,0.03856,77.30846684554109,0.2659664627068899,1560.9408584679684,-1.13251490298745
lng,BG,BG,grid,BG_H_C_grid_E,Belgium,1,2024,323.35957372666235,1157.1052222758549,1480.464796002517,-1.705237481184667,9.461820518818865,0.0128275317017224,26.37060253368647,0.01104,0.0,0.0,1516.2972190550224,-1.6813699494829446
lng,BG,BG,grid,BG_H_C_grid_E,Poland,1,2024,291.8122982411344,1217.2688794809003,1509.081177722035,-1.3577456073346663,16.004410049511293,0.0216974182578447,37.9227388718634,0.0492,5.811847391273151,0.0199946597768849,1568.8201740346829,-1.2668535292999368
lng,BG,BG,grid,BG_H_C_grid_E,India,1,2024,279.19338804692313,904.4341920292986,1183.627580076222,-1.2899956193513331,61.31609301406824,0.0831271450773518,14.831593407134172,0.0566399999999999,42.91830595173238,0.1476530383426261,1302.693572449157,-1.0025754359313552
lng,BG,BG,grid,BG_H_C_grid_E,Indonesia,1,2024,253.95556765850068,949.1442647426586,1203.0998324011591,-1.3351622780068888,21.19081700585028,0.0287287077985997,9.929302477675712,0.05168,64.82844830678646,0.2230311087837455,1299.0484001914715,-1.0317224614245437
lng,BG,BG,grid,BG_H_C_grid_E,South Korea,1,2024,296.54438956396353,982.7215142732864,1279.26590383725,-1.504173000718,10.383993350619884,0.0140777352128614,14.241918421136855,0.03312,74.66638919455023,0.2568768496838436,1378.5582048035571,-1.200098415821295
lng,BG,BG,grid,BG_H_C_grid_E,China,1,2024,288.6575706925816,886.8023113588831,1175.4598820514648,-1.3978128045291112,117.07828218326276,0.1587247795814752,12.189952505681092,0.0448,71.8908004684377,0.2473279148060095,1376.6189172088461,-0.9469601101416265
lng,BG,BG,grid,BG_H_C_grid_E,United Arab Emirates,1,2024,301.2764808867928,777.1895616678371,1078.46604255463,-1.5267563300457778,15.525975735670064,0.0210487976973739,13.84109797041032,0.03064,41.57821592775767,0.143042689464573,1149.411332188468,-1.3320248428838308
lng,BG,BG,grid,BG_H_C_grid_E,United States,1,2024,315.47275485528036,982.4846113664408,1297.9573662217213,-1.5260278355513333,132.4178586528644,0.1795208730038194,17.038636618230697,0.03072,22.577681561125654,0.0776746240865531,1469.991543053942,-1.2381123384609607
lng,BG,BG,grid,BG_H_C_grid_E,Turkey,1,2024,288.6575706925816,868.3173220395279,1156.9748927321095,-1.4633773090291111,14.367053340775968,0.0194776292598864,16.749952505681094,0.0376,23.35828389663454,0.0803601519520952,1211.450182475201,-1.3259395278171295
lng,BG,BG,grid,BG_H_C_grid_E,Australia,1,2024,323.35957372666235,1074.5794560162435,1397.939029742906,-1.4036407604846666,117.82066045617007,0.1597312329179604,24.130602533686467,0.04416,65.95113324728365,0.2268935129231901,1605.8414259800463,-0.9728560146435161
lng,BG,BG,grid,BG_H_C_grid_E,Malaysia,1,2024,276.03866049837035,838.3362061832571,1114.3748666816275,-1.3657590467735554,10.778832326510203,0.0146130243224186,14.858807040951865,0.04832,56.29162476997725,0.1936616379937679,1196.3041308190668,-1.109164384457369
lng,BG,BG,grid,BG_H_C_grid_E,Canada,1,2024,321.782209952386,889.4067352909584,1211.1889452433445,-1.678283184890222,167.7201837743543,0.2273807635755919,13.944209350595314,0.0139999999999999,20.458397233290732,0.0703835914332919,1413.3117356015848,-1.3665188298813382
lng,BG,BG,grid,BG_H_C_grid_E,Mexico,1,2024,277.61602427264677,869.189657083348,1146.8056813559947,-1.4233101118346667,47.986626418251255,0.065056187698186,21.525200224043015,0.042,34.464447055117745,0.1185689931054071,1250.7819550534066,-1.1976849310310735
lng,BG,BG,grid,BG_H_C_grid_E,Thailand,1,2024,280.77075182119955,841.8847191554229,1122.6554709766224,-1.4021837714957777,16.66138756714907,0.0225880925121339,15.017986590225323,0.04432,62.49514318275459,0.2150037744492733,1216.8299883167515,-1.1202719045343705
lng,BG,BG,grid,BG_H_C_grid_E,Russia,1,2024,298.12175333823996,764.525335866381,1062.647089204621,-1.4786756934124443,205.1274017296293,0.2780942888681251,12.188311604228012,0.03592,8.377143565808982,0.0288201193568813,1288.3399461042873,-1.135841285187438
lng,BG,BG,grid,BG_H_C_grid_E,Saudi Arabia,1,2024,301.2764808867928,744.096425160598,1045.3729060473906,-1.4036407604846666,42.18212397392533,0.0571869368527249,10.48109797041032,0.04416,26.16353792532288,0.0900111451931741,1124.199665917049,-1.2122826784387675
lng,ATRCCS,DAC,grid,ATRCCS_H_DAC_C_grid_E,South Africa,1,2024,282.2603481762618,1072.1225342474718,1354.3828824237337,0.6154918180555731,36.05304361240747,0.0488776508666503,12.135525238045703,0.05672,47.91999291028547,0.1648604807123136,1450.4914441844721,0.885949949634537
lng,ATRCCS,DAC,grid,ATRCCS_H_DAC_C_grid_E,Taiwan,1,2024,277.73210729642864,1881.1294315784116,2158.8615388748403,0.3868820205995003,8.910824241692303,0.0120805378015195,18.45634568877224,0.05088,68.52112477860437,0.2357351260693634,2254.749833583909,0.6855776844703831
lng,ATRCCS,DAC,grid,ATRCCS_H_DAC_C_grid_E,Switzerland,1,2024,333.58041148103655,5624.017884228507,5957.598295709543,-1.4889709749647169,40.538576790060155,0.0549587553349742,28.47289346314492,0.00296,0.0,0.0,6026.609765962748,-1.4310522196297426
lng,ATRCCS,DAC,grid,ATRCCS_H_DAC_C_grid_E,Singapore,1,2024,279.2415209230397,5974.8917721179605,6254.133293041,-0.0421528047632673,0.5503414925855502,0.0007461061989998,27.9227388718634,0.03992,57.04210191937806,0.1962435253459939,6339.648475324827,0.1947568267817264
lng,ATRCCS,DAC,grid,ATRCCS_H_DAC_C_grid_E,Hungary,1,2024,271.69445278998455,2645.755551343676,2917.4500041336605,-1.0317513800525706,76.80742832481737,0.1041289802321632,20.75077295640763,0.01464,0.0,0.0,3015.0082054148857,-0.9129823998204074
lng,ATRCCS,DAC,grid,ATRCCS_H_DAC_C_grid_E,Philippines,1,2024,270.1850391633735,1803.5887272406417,2073.773766404015,0.3148542761955318,14.30847482008127,0.0193982134825784,16.72437977331648,0.04904,65.90453867693275,0.2267332123304705,2170.7111596743453,0.6100257020085808
lng,ATRCCS,DAC,grid,ATRCCS_H_DAC_C_grid_E,Netherlands,1,2024,309.42979345526015,4058.345313472432,4367.775106927693,-0.8125365057796236,6.791636792605323,0.0092075236568326,24.05060253368647,0.02024,0.0,0.0,4398.617346253985,-0.7830889821227909
lng,ATRCCS,DAC,grid,ATRCCS_H_DAC_C_grid_E,Norway,1,2024,342.63689324070276,3056.3810556741128,3399.0179489148154,-1.5077608213309694,31.586172849052392,0.0428218473127285,15.911252561691846,0.00248,4.00931300443226,0.0137933507309631,3450.524687329992,-1.4486656232872779
lng,ATRCCS,DAC,grid,ATRCCS_H_DAC_C_grid_E,Oman,1,2024,288.2980026827058,1038.9657420400945,1327.2637447228003,0.1019026840446692,26.719103995420006,0.0362234892176598,21.12109797041032,0.0436,40.64882895144683,0.1398452936726074,1415.7527756400775,0.32157146693493643
lng,ATRCCS,DAC,grid,ATRCCS_H_DAC_C_grid_E,Italy,1,2024,289.8074163093168,4804.233965432227,5094.041381741544,-0.7029290686431499,18.21993296312582,0.0247010358337391,41.78749115350147,0.0230399999999999,15.307500202047128,0.0526628175120549,5169.356306060218,-0.6025252152973559
lng,ATRCCS,DAC,grid,ATRCCS_H_DAC_C_grid_E,Austria,1,2024,313.95803433509326,3979.465777326556,4293.423811661649,-1.2822826649359385,54.43905545807985,0.0738038423273236,28.929782082959928,0.0082399999999999,0.0,0.0,4376.792649202688,-1.2002388226086151
lng,ATRCCS,DAC,grid,ATRCCS_H_DAC_C_grid_E,Finland,1,2024,326.0333433479815,3890.381775441334,4216.415118789316,-1.3793635378282434,27.22434438169863,0.0369084511717668,15.940927547689158,0.0057599999999999,7.807709183324688,0.0268610784570582,4267.388099902028,-1.3098340081994184
lng,ATRCCS,DAC,grid,ATRCCS_H_DAC_C_grid_E,Portugal,1,2024,274.7132800432066,3479.603415746229,3754.316695789435,-1.2540978953865594,12.817872374283043,0.0173773814354991,16.803559322589937,0.00896,7.71666717802024,0.0265478641210794,3791.654794664328,-1.2012126498299807
lng,ATRCCS,DAC,grid,ATRCCS_H_DAC_C_grid_E,Germany,1,2024,310.93920708187125,3762.414892896492,4073.354099978363,-0.5275571692247926,27.861242502357104,0.0377719034870231,28.316995716777623,0.02752,0.0,0.0,4129.532338197498,-0.4622652657377695
lng,ATRCCS,DAC,grid,ATRCCS_H_DAC_C_grid_E,Greece,1,2024,277.73210729642864,2409.0638526535313,2686.79595994996,-0.6027165546898026,11.184540606351485,0.0151630491100337,24.136345688772245,0.0256,19.28989298501403,0.0663635538584547,2741.4067392300976,-0.49558995172131415
lng,ATRCCS,DAC,grid,ATRCCS_H_DAC_C_grid_E,France,1,2024,304.9015525754271,3909.97186797982,4214.873420555246,-1.467049487537422,38.404076242702544,0.0520649809937556,20.531422984413005,0.0035199999999999,0.0,0.0,4273.808919782362,-1.4114645065436664
lng,ATRCCS,DAC,grid,ATRCCS_H_DAC_C_grid_E,Brazil,1,2024,277.73210729642864,3704.308391960751,3982.04049925718,-1.2822826649359385,102.99809327173692,0.1396360567221048,15.176345688772244,0.0082399999999999,37.200579700505514,0.1279821861343748,4137.415517918194,-1.006424422079459
lng,ATRCCS,DAC,grid,ATRCCS_H_DAC_C_grid_E,United Kingdom,1,2024,321.5051024681483,3520.8330360297914,3842.33813849794,-0.9440654303433916,18.53994207479783,0.0251348769763235,40.9817479984157,0.01688,3.630648102871035,0.0124906193675186,3905.490476674024,-0.8895599339995495
lng,ATRCCS,DAC,grid,ATRCCS_H_DAC_C_grid_E,Spain,1,2024,280.75093454965065,2999.4366200146096,3280.18755456426,-1.147622099311128,31.30247157646122,0.042437229251041,15.949132054954552,0.01168,9.520354774212615,0.0327531405851185,3336.9595129698887,-1.0607517294749684
lng,ATRCCS,DAC,grid,ATRCCS_H_DAC_C_grid_E,Sweden,1,2024,332.07099785442557,5293.810448286152,5625.881446140577,-1.4921026160257589,33.07840154431364,0.0448448840905465,11.52280028005377,0.0028799999999999,3.31854791959344,0.0114168924506162,5673.801195884538,-1.4329608394845963
lng,ATRCCS,DAC,grid,ATRCCS_H_DAC_C_grid_E,Czech Republic,1,2024,274.7132800432066,3164.7362318441596,3439.4495118873665,-0.3083422949518455,51.82922071370271,0.0702656503004119,23.283559322589937,0.03312,0.0,0.0,3514.5622919236594,-0.2049566446514336
lng,ATRCCS,DAC,grid,ATRCCS_H_DAC_C_grid_E,Japan,1,2024,326.0333433479815,3252.917503310385,3578.9508466583666,-0.095390702800983,12.977661099092396,0.0175940094014379,22.260927547689153,0.03856,77.30846684554109,0.2659664627068899,3691.4979021506897,0.2267297693073448
lng,ATRCCS,DAC,grid,ATRCCS_H_DAC_C_grid_E,Belgium,1,2024,309.42979345526015,2766.5218225104095,3075.9516159656696,-1.1726752277994648,9.461820518818865,0.0128275317017224,26.37060253368647,0.01104,0.0,0.0,3111.784039018175,-1.1488076960977425
lng,ATRCCS,DAC,grid,ATRCCS_H_DAC_C_grid_E,Poland,1,2024,279.2415209230397,3730.850138511472,4010.091659434512,0.3211175583176158,16.004410049511293,0.0216974182578447,37.9227388718634,0.0492,5.811847391273151,0.0199946597768849,4069.8306557471597,0.41200963635234544
lng,ATRCCS,DAC,grid,ATRCCS_H_DAC_C_grid_E,India,1,2024,267.1662119101515,2382.360914973691,2649.5271268838424,0.6123601769945307,61.31609301406824,0.0831271450773518,14.831593407134172,0.0566399999999999,42.91830595173238,0.1476530383426261,2768.5931192567773,0.8997803604145085
lng,ATRCCS,DAC,grid,ATRCCS_H_DAC_C_grid_E,Indonesia,1,2024,243.01559388437505,3246.9149935290957,3489.9305874134707,0.4181984312099212,21.19081700585028,0.0287287077985997,9.929302477675712,0.05168,64.82844830678646,0.2230311087837455,3585.8791552037833,0.7216382477922664
lng,ATRCCS,DAC,grid,ATRCCS_H_DAC_C_grid_E,South Korea,1,2024,283.7697618028727,2611.365207485489,2895.1349692883614,-0.3083422949518455,10.383993350619884,0.0140777352128614,14.241918421136855,0.03312,74.66638919455023,0.2568768496838436,2994.427270254668,-0.004267710055140539
lng,ATRCCS,DAC,grid,ATRCCS_H_DAC_C_grid_E,China,1,2024,276.2226936698176,2319.282719076386,2595.5054127462035,0.1488772999603009,117.07828218326276,0.1587247795814752,12.189952505681092,0.0448,71.8908004684377,0.2473279148060095,2796.664447903585,0.5997299943477856
lng,ATRCCS,DAC,grid,ATRCCS_H_DAC_C_grid_E,United Arab Emirates,1,2024,288.2980026827058,885.100315608654,1173.3983182913598,-0.4054231678441505,15.525975735670064,0.0210487976973739,13.84109797041032,0.03064,41.57821592775767,0.143042689464573,1244.3436079251978,-0.21069168068220362
lng,ATRCCS,DAC,grid,ATRCCS_H_DAC_C_grid_E,United States,1,2024,301.88272532220503,1866.0636798682324,2167.9464051904374,-0.4022915267831087,132.4178586528644,0.1795208730038194,17.038636618230697,0.03072,22.577681561125654,0.0776746240865531,2339.980582022658,-0.11437602969273622
lng,ATRCCS,DAC,grid,ATRCCS_H_DAC_C_grid_E,Turkey,1,2024,276.2226936698176,1707.2480656051096,1983.470759274927,-0.1329703955334883,14.367053340775968,0.0194776292598864,16.749952505681094,0.0376,23.35828389663454,0.0803601519520952,2037.9460490180186,0.0044673856784933075
lng,ATRCCS,DAC,grid,ATRCCS_H_DAC_C_grid_E,Australia,1,2024,309.42979345526015,2325.444834905019,2634.874628360279,0.123824171471964,117.82066045617007,0.1597312329179604,24.130602533686467,0.04416,65.95113324728365,0.2268935129231901,2842.7770245974193,0.5546089173131146
lng,ATRCCS,DAC,grid,ATRCCS_H_DAC_C_grid_E,Malaysia,1,2024,264.14738465692943,1613.077558093998,1877.2249427509275,0.286669506646153,10.778832326510203,0.0146130243224186,14.858807040951865,0.04832,56.29162476997725,0.1936616379937679,1959.1542068883668,0.5432641689623395
lng,ATRCCS,DAC,grid,ATRCCS_H_DAC_C_grid_E,Canada,1,2024,307.9203798286492,1385.6211067646436,1693.5414865932928,-1.0568045085409077,167.7201837743543,0.2273807635755919,13.944209350595314,0.0139999999999999,20.458397233290732,0.0703835914332919,1895.664276951533,-0.745040153532024
lng,ATRCCS,DAC,grid,ATRCCS_H_DAC_C_grid_E,Mexico,1,2024,265.65679828354047,1407.5180647977754,1673.1748630813158,0.0392698628238274,47.986626418251255,0.065056187698186,21.525200224043015,0.042,34.464447055117745,0.1185689931054071,1777.1511367787277,0.2648950436274205
lng,ATRCCS,DAC,grid,ATRCCS_H_DAC_C_grid_E,Thailand,1,2024,268.6756255367625,1686.3357432705848,1955.0113688073473,0.130087453594048,16.66138756714907,0.0225880925121339,15.017986590225323,0.04432,62.49514318275459,0.2150037744492733,2049.185886147476,0.4119993205554552
lng,ATRCCS,DAC,grid,ATRCCS_H_DAC_C_grid_E,Russia,1,2024,285.27917542948376,1018.532708762354,1303.8118841918376,-0.198734857815372,205.1274017296293,0.2780942888681251,12.188311604228012,0.03592,8.377143565808982,0.0288201193568813,1529.504741091504,0.1440995504096344
lng,ATRCCS,DAC,grid,ATRCCS_H_DAC_C_grid_E,Saudi Arabia,1,2024,288.2980026827058,813.3224955848086,1101.6204982675144,0.123824171471964,42.18212397392533,0.0571869368527249,10.48109797041032,0.04416,26.16353792532288,0.0900111451931741,1180.4472581371729,0.315182253517863
lng,BG,DAC,grid,BG_H_DAC_C_grid_E,South Africa,1,2024,294.96702578968717,1327.1881834506544,1622.1552092403415,-0.115787922956037,36.05304361240747,0.0488776508666503,12.135525238045703,0.05672,47.91999291028547,0.1648604807123136,1718.26377100108,0.1546702086229269
lng,BG,DAC,grid,BG_H_DAC_C_grid_E,Taiwan,1,2024,290.23493446685796,1456.9125129136105,1747.1474473804683,-0.2749751738282592,8.910824241692303,0.0120805378015195,18.45634568877224,0.05088,68.52112477860437,0.2357351260693634,1843.0357420895373,0.02372049004262372
lng,BG,DAC,grid,BG_H_DAC_C_grid_E,Switzerland,1,2024,348.59739411508485,2024.320071427971,2372.917465543056,-1.5811828898893705,40.538576790060155,0.0549587553349742,28.47289346314492,0.00296,0.0,0.0,2441.928935796261,-1.5232641345543962
lng,BG,DAC,grid,BG_H_DAC_C_grid_E,Singapore,1,2024,291.8122982411344,1956.2466886893808,2248.058986930515,-0.5737238501227037,0.5503414925855502,0.0007461061989998,27.9227388718634,0.03992,57.04210191937806,0.1962435253459939,2333.574169214342,-0.33681421857771
lng,BG,DAC,grid,BG_H_DAC_C_grid_E,Hungary,1,2024,283.9254793697524,1542.8214636238854,1826.7469429936375,-1.262808388144926,76.80742832481737,0.1041289802321632,20.75077295640763,0.01464,0.0,0.0,1924.3051442748626,-1.1440394079127627
lng,BG,DAC,grid,BG_H_DAC_C_grid_E,Philippines,1,2024,282.348115595476,1416.006960539202,1698.355076134678,-0.3251300610893701,14.30847482008127,0.0193982134825784,16.72437977331648,0.04904,65.90453867693275,0.2267332123304705,1795.2924694050087,-0.029958635276321144
lng,BG,DAC,grid,BG_H_DAC_C_grid_E,Netherlands,1,2024,323.35957372666235,1773.4170321818583,2096.7766059085207,-1.1101630790893706,6.791636792605323,0.0092075236568326,24.05060253368647,0.02024,0.0,0.0,2127.6188452348124,-1.080715555432538
lng,BG,DAC,grid,BG_H_DAC_C_grid_E,Norway,1,2024,358.06157676074326,1662.120109777885,2020.1816865386288,-1.5942667735227036,31.586172849052392,0.0428218473127285,15.911252561691846,0.00248,4.00931300443226,0.0137933507309631,2071.6884249538057,-1.535171575479012
lng,BG,DAC,grid,BG_H_DAC_C_grid_E,Oman,1,2024,301.2764808867928,1394.550372447104,1695.826853333897,-0.4734140756004812,26.719103995420006,0.0362234892176598,21.12109797041032,0.0436,40.64882895144683,0.1398452936726074,1784.315884251174,-0.253745292710214
lng,BG,DAC,grid,BG_H_DAC_C_grid_E,Italy,1,2024,302.85384466106916,1962.326692734091,2265.18053739516,-1.0338404245615926,18.21993296312582,0.0247010358337391,41.78749115350147,0.0230399999999999,15.307500202047128,0.0526628175120549,2340.4954617138346,-0.9334365712157986
lng,BG,DAC,grid,BG_H_DAC_C_grid_E,Austria,1,2024,328.0916650494916,1814.3180245672893,2142.4096896167807,-1.437260169922704,54.43905545807985,0.0738038423273236,28.929782082959928,0.0082399999999999,0.0,0.0,2225.7785271578205,-1.3552163275953806
lng,BG,DAC,grid,BG_H_DAC_C_grid_E,Finland,1,2024,340.71057524370286,1711.647785921478,2052.358361165181,-1.5048602353615927,27.22434438169863,0.0369084511717668,15.940927547689158,0.0057599999999999,7.807709183324688,0.0268610784570582,2103.331342277894,-1.4353307057327678
lng,BG,DAC,grid,BG_H_DAC_C_grid_E,Portugal,1,2024,287.0802069183052,1600.4708467056848,1887.55105362399,-1.4176343444727038,12.817872374283043,0.0173773814354991,16.803559322589937,0.00896,7.71666717802024,0.0265478641210794,1924.8891524988833,-1.364749098916125
lng,BG,DAC,grid,BG_H_DAC_C_grid_E,Germany,1,2024,324.93693750093877,1803.082904445962,2128.0198419469007,-0.9117241773171482,27.861242502357104,0.0377719034870231,28.316995716777623,0.02752,0.0,0.0,2184.198080166035,-0.8464322738301251
lng,BG,DAC,grid,BG_H_DAC_C_grid_E,Greece,1,2024,290.23493446685796,1565.3562458911647,1855.5911803580227,-0.9640597118504816,11.184540606351485,0.0151630491100337,24.136345688772245,0.0256,19.28989298501403,0.0663635538584547,1910.2019596381604,-0.8569331088819931
lng,BG,DAC,grid,BG_H_DAC_C_grid_E,France,1,2024,318.6274824038332,1743.2198959778411,2061.8473783816744,-1.5659183589838148,38.404076242702544,0.0520649809937556,20.531422984413005,0.0035199999999999,0.0,0.0,2120.78287760879,-1.5103333779900592
lng,BG,DAC,grid,BG_H_DAC_C_grid_E,Brazil,1,2024,290.23493446685796,1598.6153617914931,1888.8502962583511,-1.437260169922704,102.99809327173692,0.1396360567221048,15.176345688772244,0.0082399999999999,37.200579700505514,0.1279821861343748,2044.225314919366,-1.1614019270662244
lng,BG,DAC,grid,BG_H_DAC_C_grid_E,United Kingdom,1,2024,335.9784839208736,1826.1651069740192,2162.143590894893,-1.2017502645227038,18.53994207479783,0.0251348769763235,40.9817479984157,0.01688,3.630648102871035,0.0124906193675186,2225.2959290709773,-1.1472447681788618
lng,BG,DAC,grid,BG_H_DAC_C_grid_E,Spain,1,2024,293.38966201541075,1586.185058212711,1879.5747202281216,-1.3434923372171483,31.30247157646122,0.042437229251041,15.949132054954552,0.01168,9.520354774212615,0.0327531405851185,1936.34667863375,-1.2566219673809889
lng,BG,DAC,grid,BG_H_DAC_C_grid_E,Sweden,1,2024,347.0200303408085,1818.544240518239,2165.5642708590476,-1.5833635371615926,33.07840154431364,0.0448448840905465,11.52280028005377,0.0028799999999999,3.31854791959344,0.0114168924506162,2213.4840206030085,-1.52422176062043
lng,BG,DAC,grid,BG_H_DAC_C_grid_E,Czech Republic,1,2024,287.0802069183052,1619.5772618090448,1906.65746872735,-0.7590788682615928,51.82922071370271,0.0702656503004119,23.283559322589937,0.03312,0.0,0.0,1981.7702487636427,-0.6556932179611809
lng,BG,DAC,grid,BG_H_DAC_C_grid_E,Japan,1,2024,340.71057524370286,1657.6832277319431,1998.393802975646,-0.6107948537504814,12.977661099092396,0.0175940094014379,22.260927547689153,0.03856,77.30846684554109,0.2659664627068899,2110.9408584679686,-0.2886743816421536
lng,BG,DAC,grid,BG_H_DAC_C_grid_E,Belgium,1,2024,323.35957372666235,1707.1052222758549,2030.4647960025172,-1.360937515394926,9.461820518818865,0.0128275317017224,26.37060253368647,0.01104,0.0,0.0,2066.2972190550227,-1.3370699836932036
lng,BG,DAC,grid,BG_H_DAC_C_grid_E,Poland,1,2024,291.8122982411344,1767.2688794809003,2059.0811777220347,-0.3207687665449258,16.004410049511293,0.0216974182578447,37.9227388718634,0.0492,5.811847391273151,0.0199946597768849,2118.820174034682,-0.22987668851019621
lng,BG,DAC,grid,BG_H_DAC_C_grid_E,India,1,2024,279.19338804692313,1454.4341920292984,1733.6275800762214,-0.1179685702282591,61.31609301406824,0.0831271450773518,14.831593407134172,0.0566399999999999,42.91830595173238,0.1476530383426261,1852.6935724491564,0.1694516131917187
lng,BG,DAC,grid,BG_H_DAC_C_grid_E,Indonesia,1,2024,253.95556765850068,1499.1442647426582,1753.099832401159,-0.2531687011060372,21.19081700585028,0.0287287077985997,9.929302477675712,0.05168,64.82844830678646,0.2230311087837455,1849.0484001914713,0.050271115476308026
lng,BG,DAC,grid,BG_H_DAC_C_grid_E,South Korea,1,2024,296.54438956396353,1532.7215142732862,1829.2659038372497,-0.7590788682615928,10.383993350619884,0.0140777352128614,14.241918421136855,0.03312,74.66638919455023,0.2568768496838436,1928.5582048035567,-0.45500428336488774
lng,BG,DAC,grid,BG_H_DAC_C_grid_E,China,1,2024,288.6575706925816,1436.8023113588836,1725.4598820514652,-0.4407043665171481,117.07828218326276,0.1587247795814752,12.189952505681092,0.0448,71.8908004684377,0.2473279148060095,1926.6189172088466,0.010148327870336565
lng,BG,DAC,grid,BG_H_DAC_C_grid_E,United Arab Emirates,1,2024,301.2764808867928,1327.189561667837,1628.46604255463,-0.8266789337004814,15.525975735670064,0.0210487976973739,13.84109797041032,0.03064,41.57821592775767,0.143042689464573,1699.411332188468,-0.6319474465385345
lng,BG,DAC,grid,BG_H_DAC_C_grid_E,United States,1,2024,315.47275485528036,1532.4846113664407,1847.957366221721,-0.8244982864282591,132.4178586528644,0.1795208730038194,17.038636618230697,0.03072,22.577681561125654,0.0776746240865531,2019.9915430539418,-0.5365827893378866
lng,BG,DAC,grid,BG_H_DAC_C_grid_E,Turkey,1,2024,288.6575706925816,1418.317322039528,1706.9748927321098,-0.6369626210171483,14.367053340775968,0.0194776292598864,16.749952505681094,0.0376,23.35828389663454,0.0803601519520952,1761.4501824752012,-0.4995248398051667
lng,BG,DAC,grid,BG_H_DAC_C_grid_E,Australia,1,2024,323.35957372666235,1624.5794560162435,1947.939029742906,-0.4581495446949258,117.82066045617007,0.1597312329179604,24.130602533686467,0.04416,65.95113324728365,0.2268935129231901,2155.841425980046,-0.02736479885377535
lng,BG,DAC,grid,BG_H_DAC_C_grid_E,Malaysia,1,2024,276.03866049837035,1388.3362061832574,1664.3748666816275,-0.3447558865393703,10.778832326510203,0.0146130243224186,14.858807040951865,0.04832,56.29162476997725,0.1936616379937679,1746.3041308190668,-0.08816122422318373
lng,BG,DAC,grid,BG_H_DAC_C_grid_E,Canada,1,2024,321.782209952386,1439.406735290958,1761.188945243344,-1.2802535663227037,167.7201837743543,0.2273807635755919,13.944209350595314,0.0139999999999999,20.458397233290732,0.0703835914332919,1963.3117356015844,-0.96848921131382
lng,BG,DAC,grid,BG_H_DAC_C_grid_E,Mexico,1,2024,277.61602427264677,1419.189657083348,1696.8056813559947,-0.517027021044926,47.986626418251255,0.065056187698186,21.525200224043015,0.042,34.464447055117745,0.1185689931054071,1800.7819550534066,-0.291401840241333
lng,BG,DAC,grid,BG_H_DAC_C_grid_E,Thailand,1,2024,280.77075182119955,1391.884719155423,1672.6554709766226,-0.4537882501504811,16.66138756714907,0.0225880925121339,15.017986590225323,0.04432,62.49514318275459,0.2150037744492733,1766.8299883167517,-0.17187638318907386
lng,BG,DAC,grid,BG_H_DAC_C_grid_E,Russia,1,2024,298.12175333823996,1314.5253358663813,1612.6470892046214,-0.6827562137338148,205.1274017296293,0.2780942888681251,12.188311604228012,0.03592,8.377143565808982,0.0288201193568813,1838.3399461042877,-0.3399218055088084
lng,BG,DAC,grid,BG_H_DAC_C_grid_E,Saudi Arabia,1,2024,301.2764808867928,1294.0964251605983,1595.372906047391,-0.4581495446949258,42.18212397392533,0.0571869368527249,10.48109797041032,0.04416,26.16353792532288,0.0900111451931741,1674.1996659170495,-0.2667914626490268
lng,LTE,DAC,grid,LTE_H_DAC_C_grid_E,South Africa,1,2024,360.60683078968714,2931.558794774932,3292.165625564619,17.050971374286437,36.05304361240747,0.0488776508666503,12.135525238045703,0.05672,47.91999291028547,0.1648604807123136,3388.274187325358,17.3214295058654
lng,LTE,DAC,grid,LTE_H_DAC_C_grid_E,Taiwan,1,2024,354.82169446685793,5030.979454778794,5385.801149245652,15.064957633484218,8.910824241692303,0.0120805378015195,18.45634568877224,0.05088,68.52112477860437,0.2357351260693634,5481.689443954721,15.3636532973551
lng,LTE,DAC,grid,LTE_H_DAC_C_grid_E,Switzerland,1,2024,426.1717091150848,8272.042356440237,8698.214065555321,-1.2312373081668992,40.538576790060155,0.0549587553349742,28.47289346314492,0.00296,0.0,0.0,8767.225535808528,-1.173318552831925
lng,LTE,DAC,grid,LTE_H_DAC_C_grid_E,Singapore,1,2024,356.7500732411343,8337.987988382161,8694.738061623295,11.337781161019771,0.5503414925855502,0.0007461061989998,27.9227388718634,0.03992,57.04210191937806,0.1962435253459939,8780.253243907122,11.574690792564764
lng,LTE,DAC,grid,LTE_H_DAC_C_grid_E,Hungary,1,2024,347.10817936975235,5846.563075731102,6193.671255100854,2.7407901734375457,76.80742832481737,0.1041289802321632,20.75077295640763,0.01464,0.0,0.0,6291.229456382079,2.859559153669709
lng,LTE,DAC,grid,LTE_H_DAC_C_grid_E,Philippines,1,2024,345.1798005954759,4498.533002689257,4843.712803284733,14.439227276793105,14.30847482008127,0.0193982134825784,16.72437977331648,0.04904,65.90453867693275,0.2267332123304705,4940.650196555063,14.734398702606153
lng,LTE,DAC,grid,LTE_H_DAC_C_grid_E,Netherlands,1,2024,395.3176487266624,6840.63773276697,7235.955381493632,4.645186911193102,6.791636792605323,0.0092075236568326,24.05060253368647,0.02024,0.0,0.0,7266.797620819923,4.674634434849935
lng,LTE,DAC,grid,LTE_H_DAC_C_grid_E,Norway,1,2024,437.7419817607432,4022.382650019478,4460.1246317802215,-1.3944713142602323,31.586172849052392,0.0428218473127285,15.911252561691846,0.00248,4.00931300443226,0.0137933507309631,4511.631370195399,-1.3353761162165407
lng,LTE,DAC,grid,LTE_H_DAC_C_grid_E,Oman,1,2024,368.3203458867927,5784.341576099498,6152.6619219862905,12.589241874401994,26.719103995420006,0.0362234892176598,21.12109797041032,0.0436,40.64882895144683,0.1398452936726074,6241.150952903567,12.80891065729226
lng,LTE,DAC,grid,LTE_H_DAC_C_grid_E,Italy,1,2024,370.2487246610691,12669.13800615957,13039.38673082064,5.597385280070879,18.21993296312582,0.0247010358337391,41.78749115350147,0.0230399999999999,15.307500202047128,0.0526628175120549,13114.701655139315,5.6977891334166735
lng,LTE,DAC,grid,LTE_H_DAC_C_grid_E,Austria,1,2024,401.1027850494916,8384.072092360475,8785.174877409967,0.5643367588597674,54.43905545807985,0.0738038423273236,28.929782082959928,0.0082399999999999,0.0,0.0,8868.543714951007,0.646380601187091
lng,LTE,DAC,grid,LTE_H_DAC_C_grid_E,Finland,1,2024,416.5298152437028,4149.825666205735,4566.355481449437,-0.2790389392891214,27.22434438169863,0.0369084511717668,15.940927547689158,0.0057599999999999,7.807709183324688,0.0268610784570582,4617.32846256215,-0.20950940966029646
lng,LTE,DAC,grid,LTE_H_DAC_C_grid_E,Portugal,1,2024,350.96493691830517,4622.4200159296615,4973.384952847967,0.8091877679997677,12.817872374283043,0.0173773814354991,16.803559322589937,0.00896,7.71666717802024,0.0265478641210794,5010.72305172286,0.8620730135563461
lng,LTE,DAC,grid,LTE_H_DAC_C_grid_E,Germany,1,2024,397.2460275009388,8206.56622039825,8603.812247899188,7.120902670275322,27.861242502357104,0.0377719034870231,28.316995716777623,0.02752,0.0,0.0,8659.990486118322,7.186194573762346
lng,LTE,DAC,grid,LTE_H_DAC_C_grid_E,Greece,1,2024,354.82169446685793,6900.347254607132,7255.16894907399,6.467966645901989,11.184540606351485,0.0151630491100337,24.136345688772245,0.0256,19.28989298501403,0.0663635538584547,7309.779728354128,6.575093248870478
lng,LTE,DAC,grid,LTE_H_DAC_C_grid_E,France,1,2024,389.5325124038332,5733.333903740848,6122.866416144681,-1.040797634391344,38.404076242702544,0.0520649809937556,20.531422984413005,0.0035199999999999,0.0,0.0,6181.801915371797,-0.9852126533975887
lng,LTE,DAC,grid,LTE_H_DAC_C_grid_E,Brazil,1,2024,354.82169446685793,4084.275779038448,4439.097473505306,0.5643367588597674,102.99809327173692,0.1396360567221048,15.176345688772244,0.0082399999999999,37.200579700505514,0.1279821861343748,4594.472492166321,0.840195001716247
lng,LTE,DAC,grid,LTE_H_DAC_C_grid_E,United Kingdom,1,2024,410.7446789208736,12160.357266599374,12571.101945520248,3.5025488685397677,18.53994207479783,0.0251348769763235,40.9817479984157,0.01688,3.630648102871035,0.0124906193675186,12634.254283696333,3.55705436488361
lng,LTE,DAC,grid,LTE_H_DAC_C_grid_E,Spain,1,2024,358.67845201541076,4315.087140736598,4673.765592752008,1.734180469195323,31.30247157646122,0.042437229251041,15.949132054954552,0.01168,9.520354774212615,0.0327531405851185,4730.537551157637,1.8210508390314826
lng,LTE,DAC,grid,LTE_H_DAC_C_grid_E,Sweden,1,2024,424.2433303408085,2787.02473201264,3211.2680623534484,-1.2584429758491216,33.07840154431364,0.0448448840905465,11.52280028005377,0.0028799999999999,3.31854791959344,0.0114168924506162,3259.1878120974093,-1.199301199307959
lng,LTE,DAC,grid,LTE_H_DAC_C_grid_E,Czech Republic,1,2024,350.96493691830517,6689.516278721685,7040.48121563999,9.02529940803088,51.82922071370271,0.0702656503004119,23.283559322589937,0.03312,0.0,0.0,7115.593995676283,9.128685058331293
lng,LTE,DAC,grid,LTE_H_DAC_C_grid_E,Japan,1,2024,416.5298152437028,6101.419399448883,6517.949214692586,10.875284810421991,12.977661099092396,0.0175940094014379,22.260927547689153,0.03856,77.30846684554109,0.2659664627068899,6630.496270184908,11.19740528253032
lng,LTE,DAC,grid,LTE_H_DAC_C_grid_E,Belgium,1,2024,395.3176487266624,7537.264105132298,7932.58175385896,1.5165351277375456,9.461820518818865,0.0128275317017224,26.37060253368647,0.01104,0.0,0.0,7968.414176911466,1.540402659439268
lng,LTE,DAC,grid,LTE_H_DAC_C_grid_E,Poland,1,2024,356.7500732411343,11378.896448546351,11735.646521787488,14.493638612157543,16.004410049511293,0.0216974182578447,37.9227388718634,0.0492,5.811847391273151,0.0199946597768849,11795.385518100135,14.584530690192272
lng,LTE,DAC,grid,LTE_H_DAC_C_grid_E,India,1,2024,341.32304304692315,3938.247118883879,4279.570161930802,17.02376570660421,61.31609301406824,0.0831271450773518,14.831593407134172,0.0566399999999999,42.91830595173238,0.1476530383426261,4398.636154303737,17.311185890024188
lng,LTE,DAC,grid,LTE_H_DAC_C_grid_E,Indonesia,1,2024,310.46898265850064,2548.8421543721015,2859.3111370306024,15.337014310306436,21.19081700585028,0.0287287077985997,9.929302477675712,0.05168,64.82844830678646,0.2230311087837455,2955.259704820915,15.64045412688878
lng,LTE,DAC,grid,LTE_H_DAC_C_grid_E,South Korea,1,2024,362.5352095639636,3716.950484253449,4079.485693817413,9.02529940803088,10.383993350619884,0.0140777352128614,14.241918421136855,0.03312,74.66638919455023,0.2568768496838436,4178.77799478372,9.329373992927586
lng,LTE,DAC,grid,LTE_H_DAC_C_grid_E,China,1,2024,352.89331569258155,3043.8308564091258,3396.724172101707,12.997326889635326,117.07828218326276,0.1587247795814752,12.189952505681092,0.0448,71.8908004684377,0.2473279148060095,3597.8832072590885,13.44817958402281
lng,LTE,DAC,grid,LTE_H_DAC_C_grid_E,United Arab Emirates,1,2024,368.3203458867927,3437.9352246102303,3806.255570497023,8.18192370988199,15.525975735670064,0.0210487976973739,13.84109797041032,0.03064,41.57821592775767,0.143042689464573,3877.2008601308617,8.376655197043938
lng,LTE,DAC,grid,LTE_H_DAC_C_grid_E,United States,1,2024,385.6757548552804,4514.420212239453,4900.095967094733,8.209129377564212,132.4178586528644,0.1795208730038194,17.038636618230697,0.03072,22.577681561125654,0.0776746240865531,5072.130143926954,8.497044874654584
lng,LTE,DAC,grid,LTE_H_DAC_C_grid_E,Turkey,1,2024,352.89331569258155,4475.585043854994,4828.478359547576,10.548816798235324,14.367053340775968,0.0194776292598864,16.749952505681094,0.0376,23.35828389663454,0.0803601519520952,4882.953649290667,10.686254579447306
lng,LTE,DAC,grid,LTE_H_DAC_C_grid_E,Australia,1,2024,395.3176487266624,6776.573153695548,7171.890802422211,12.77968154817755,117.82066045617007,0.1597312329179604,24.130602533686467,0.04416,65.95113324728365,0.2268935129231901,7379.793198659351,13.210466294018701
lng,LTE,DAC,grid,LTE_H_DAC_C_grid_E,Malaysia,1,2024,337.4662854983703,3922.8831625442463,4260.349448042617,14.194376267653103,10.778832326510203,0.0146130243224186,14.858807040951865,0.04832,56.29162476997725,0.1936616379937679,4342.278712180056,14.45097092996929
lng,LTE,DAC,grid,LTE_H_DAC_C_grid_E,Canada,1,2024,393.389269952386,3442.2128689751603,3835.602138927546,2.5231448319797676,167.7201837743543,0.2273807635755919,13.944209350595314,0.0139999999999999,20.458397233290732,0.0703835914332919,4037.7249292857864,2.834909186988651
lng,LTE,DAC,grid,LTE_H_DAC_C_grid_E,Mexico,1,2024,339.39466427264676,6043.965159507536,6383.3598237801825,12.045128520757547,47.986626418251255,0.065056187698186,21.525200224043015,0.042,34.464447055117745,0.1185689931054071,6487.336097477594,12.27075370156114
lng,LTE,DAC,grid,LTE_H_DAC_C_grid_E,Thailand,1,2024,343.25142182119953,3951.290448644127,4294.5418704653275,12.834092883541992,16.66138756714907,0.0225880925121339,15.017986590225323,0.04432,62.49514318275459,0.2150037744492733,4388.716387805457,13.1160047505034
lng,LTE,DAC,grid,LTE_H_DAC_C_grid_E,Russia,1,2024,364.46358833824,2917.977341480427,3282.440929818667,9.97749777690866,205.1274017296293,0.2780942888681251,12.188311604228012,0.03592,8.377143565808982,0.0288201193568813,3508.1337867183333,10.320332185133667
lng,LTE,DAC,grid,LTE_H_DAC_C_grid_E,Saudi Arabia,1,2024,368.3203458867927,2354.543500662597,2722.86384654939,12.77968154817755,42.18212397392533,0.0571869368527249,10.48109797041032,0.04416,26.16353792532288,0.0900111451931741,2801.6906064190484,12.971039630223448
lng,SMR,DAC,grid,SMR_H_DAC_C_grid_E,South Africa,1,2024,188.59062153405935,944.8596931458616,1133.4503146799211,4.436385641170727,36.05304361240747,0.0488776508666503,12.135525238045703,0.05672,47.91999291028547,0.1648604807123136,1229.5588764406596,4.706843772749691
lng,SMR,DAC,grid,SMR_H_DAC_C_grid_E,Taiwan,1,2024,185.5651035415343,1600.597775606327,1786.1628791478615,4.2893919220484795,8.910824241692303,0.0120805378015195,18.45634568877224,0.05088,68.52112477860437,0.2357351260693634,1882.0511738569305,4.588087585919363
lng,SMR,DAC,grid,SMR_H_DAC_C_grid_E,Switzerland,1,2024,222.8798254493429,4934.901953071309,5157.781778520653,3.083237980209767,40.538576790060155,0.0549587553349742,28.47289346314492,0.00296,0.0,0.0,5226.793248773857,3.141156735544741
lng,SMR,DAC,grid,SMR_H_DAC_C_grid_E,Singapore,1,2024,186.5736095390427,5238.2141509974035,5424.7877605364465,4.013526997120427,0.5503414925855502,0.0007461061989998,27.9227388718634,0.03992,57.04210191937806,0.1962435253459939,5510.3029428202735,4.250436628665422
lng,SMR,DAC,grid,SMR_H_DAC_C_grid_E,Hungary,1,2024,181.531079551501,2274.334639682721,2455.865719234222,3.3772254184542607,76.80742832481737,0.1041289802321632,20.75077295640763,0.01464,0.0,0.0,2553.423920515447,3.495994398686424
lng,SMR,DAC,grid,SMR_H_DAC_C_grid_E,Philippines,1,2024,180.52257355399263,1549.4732410807208,1729.9958146347135,4.243078832462017,14.30847482008127,0.0193982134825784,16.72437977331648,0.04904,65.90453867693275,0.2267332123304705,1826.9332079050441,4.538250258275066
lng,SMR,DAC,grid,SMR_H_DAC_C_grid_E,Netherlands,1,2024,206.74372948920947,3545.455129577942,3752.1988590671513,3.518178299804361,6.791636792605323,0.0092075236568326,24.05060253368647,0.02024,0.0,0.0,3783.041098393443,3.5476258234611935
lng,SMR,DAC,grid,SMR_H_DAC_C_grid_E,Norway,1,2024,228.93086143439297,2741.4428875134886,2970.3737489478817,3.071156304665472,31.586172849052392,0.0428218473127285,15.911252561691846,0.00248,4.00931300443226,0.0137933507309631,3021.8804873630584,3.1302515027091635
lng,SMR,DAC,grid,SMR_H_DAC_C_grid_E,Oman,1,2024,192.62464552409276,808.600095651821,1001.2247411759138,4.10615317629335,26.719103995420006,0.0362234892176598,21.12109797041032,0.0436,40.64882895144683,0.1398452936726074,1089.713772093191,4.3258219591836164
lng,SMR,DAC,grid,SMR_H_DAC_C_grid_E,Italy,1,2024,193.63315152160104,4001.149140868771,4194.782292390372,3.5886547404794107,18.21993296312582,0.0247010358337391,41.78749115350147,0.0230399999999999,15.307500202047128,0.0526628175120549,4270.097216709047,3.6890585938252043
lng,SMR,DAC,grid,SMR_H_DAC_C_grid_E,Austria,1,2024,209.76924748173448,3414.008516764723,3623.7777642464575,3.216136411197004,54.43905545807985,0.0738038423273236,28.929782082959928,0.0082399999999999,0.0,0.0,3707.1466017874973,3.2981802535243276
lng,SMR,DAC,grid,SMR_H_DAC_C_grid_E,Finland,1,2024,217.8372954618012,3497.2358315990045,3715.0731270608057,3.1537144208848167,27.22434438169863,0.0369084511717668,15.940927547689158,0.0057599999999999,7.807709183324688,0.0268610784570582,3766.0461081735184,3.2232439505136417
lng,SMR,DAC,grid,SMR_H_DAC_C_grid_E,Portugal,1,2024,183.5480915465177,3090.3818544302458,3273.9299459767635,3.234258924513446,12.817872374283043,0.0173773814354991,16.803559322589937,0.00896,7.71666717802024,0.0265478641210794,3311.2680448516567,3.2871441700700244
lng,SMR,DAC,grid,SMR_H_DAC_C_grid_E,Germany,1,2024,207.7522354867178,3229.2402702488043,3436.992505735522,3.7014170455594897,27.861242502357104,0.0377719034870231,28.316995716777623,0.02752,0.0,0.0,3493.1707439546567,3.766708949046513
lng,SMR,DAC,grid,SMR_H_DAC_C_grid_E,Greece,1,2024,185.5651035415343,2019.4519130668596,2205.017016608394,3.653090343382313,11.184540606351485,0.0151630491100337,24.136345688772245,0.0256,19.28989298501403,0.0663635538584547,2259.6277958885316,3.760216946350801
lng,SMR,DAC,grid,SMR_H_DAC_C_grid_E,France,1,2024,203.7182114966845,3450.901769172002,3654.6199806686864,3.097333268344776,38.404076242702544,0.0520649809937556,20.531422984413005,0.0035199999999999,0.0,0.0,3713.555479895802,3.1529182493385317
lng,SMR,DAC,grid,SMR_H_DAC_C_grid_E,Brazil,1,2024,185.5651035415343,3310.3192975633515,3495.884401104886,3.216136411197004,102.99809327173692,0.1396360567221048,15.176345688772244,0.0082399999999999,37.200579700505514,0.1279821861343748,3651.2594197659005,3.4919946540534834
lng,SMR,DAC,grid,SMR_H_DAC_C_grid_E,United Kingdom,1,2024,214.81177746927617,2849.58640837484,3064.398185844116,3.4336065709943004,18.53994207479783,0.0251348769763235,40.9817479984157,0.01688,3.630648102871035,0.0124906193675186,3127.5505240202006,3.4881120673381427
lng,SMR,DAC,grid,SMR_H_DAC_C_grid_E,Spain,1,2024,187.58211553655104,2666.79625238109,2854.3783679176413,3.3027217525977792,31.30247157646122,0.042437229251041,15.949132054954552,0.01168,9.520354774212615,0.0327531405851185,2911.15032632327,3.389592122433939
lng,SMR,DAC,grid,SMR_H_DAC_C_grid_E,Sweden,1,2024,221.87131945183455,4836.198255134623,5058.069574586458,3.08122436761905,33.07840154431364,0.0448448840905465,11.52280028005377,0.0028799999999999,3.31854791959344,0.0114168924506162,5105.989324330419,3.1403661441602124
lng,SMR,DAC,grid,SMR_H_DAC_C_grid_E,Czech Republic,1,2024,183.5480915465177,2730.009971009327,2913.558062555845,3.842369926909591,51.82922071370271,0.0702656503004119,23.283559322589937,0.03312,0.0,0.0,2988.670842592138,3.9457555772100026
lng,SMR,DAC,grid,SMR_H_DAC_C_grid_E,Japan,1,2024,217.8372954618012,2824.2646381852005,3042.1019336470017,3.9792955830782586,12.977661099092396,0.0175940094014379,22.260927547689153,0.03856,77.30846684554109,0.2659664627068899,3154.648989139325,4.3014160551865865
lng,SMR,DAC,grid,SMR_H_DAC_C_grid_E,Belgium,1,2024,206.74372948920947,2339.0921995591857,2545.835929048395,3.286612851872053,9.461820518818865,0.0128275317017224,26.37060253368647,0.01104,0.0,0.0,2581.6683521009004,3.3104803835737755
lng,SMR,DAC,grid,SMR_H_DAC_C_grid_E,Poland,1,2024,186.5736095390427,3062.5785751315043,3249.152184670547,4.247106057643448,16.004410049511293,0.0216974182578447,37.9227388718634,0.0492,5.811847391273151,0.0199946597768849,3308.8911809831943,4.337998135678178
lng,SMR,DAC,grid,SMR_H_DAC_C_grid_E,India,1,2024,178.50556155897596,2098.77359930886,2277.279160867836,4.43437202858001,61.31609301406824,0.0831271450773518,14.831593407134172,0.0566399999999999,42.91830595173238,0.1476530383426261,2396.3451532407707,4.721792211999988
lng,SMR,DAC,grid,SMR_H_DAC_C_grid_E,Indonesia,1,2024,162.3694655988425,2944.77553244393,3107.1449980427724,4.309528047955635,21.19081700585028,0.0287287077985997,9.929302477675712,0.05168,64.82844830678646,0.2230311087837455,3203.093565833085,4.61296786453798
lng,SMR,DAC,grid,SMR_H_DAC_C_grid_E,South Korea,1,2024,189.59912753156772,2324.348260273181,2513.947387804749,3.842369926909591,10.383993350619884,0.0140777352128614,14.241918421136855,0.03312,74.66638919455023,0.2568768496838436,2613.2396887710556,4.146444511806296
lng,SMR,DAC,grid,SMR_H_DAC_C_grid_E,China,1,2024,184.556597544026,2076.620848634789,2261.177446178815,4.136357365154084,117.07828218326276,0.1587247795814752,12.189952505681092,0.0448,71.8908004684377,0.2473279148060095,2462.3364813361964,4.58721005954157
lng,SMR,DAC,grid,SMR_H_DAC_C_grid_E,United Arab Emirates,1,2024,192.62464552409276,754.2105518903425,946.8351974144352,3.779947936597404,15.525975735670064,0.0210487976973739,13.84109797041032,0.03064,41.57821592775767,0.143042689464573,1017.7804870482734,3.974679423759351
lng,SMR,DAC,grid,SMR_H_DAC_C_grid_E,United States,1,2024,201.70119950166776,1624.1924881711725,1825.8936876728403,3.781961549188118,132.4178586528644,0.1795208730038194,17.038636618230697,0.03072,22.577681561125654,0.0776746240865531,1997.927864505061,4.06987704627849
lng,SMR,DAC,grid,SMR_H_DAC_C_grid_E,Turkey,1,2024,184.556597544026,1462.5301983487636,1647.0867958927895,3.9551322319896705,14.367053340775968,0.0194776292598864,16.749952505681094,0.0376,23.35828389663454,0.0803601519520952,1701.562085635881,4.0925700132016525
lng,SMR,DAC,grid,SMR_H_DAC_C_grid_E,Australia,1,2024,206.74372948920947,1963.179735418433,2169.9234649076425,4.120248464428359,117.82066045617007,0.1597312329179604,24.130602533686467,0.04416,65.95113324728365,0.2268935129231901,2377.8258611447827,4.551033210269509
lng,SMR,DAC,grid,SMR_H_DAC_C_grid_E,Malaysia,1,2024,176.48854956395928,1394.9148756028608,1571.40342516682,4.224956319145577,10.778832326510203,0.0146130243224186,14.858807040951865,0.04832,56.29162476997725,0.1936616379937679,1653.3326893042592,4.481550981461764
lng,SMR,DAC,grid,SMR_H_DAC_C_grid_E,Canada,1,2024,205.7352234917011,1222.1671474416753,1427.9023709333765,3.361116517728535,167.7201837743543,0.2273807635755919,13.944209350595314,0.0139999999999999,20.458397233290732,0.0703835914332919,1630.0251612916168,3.6728808727374185
lng,SMR,DAC,grid,SMR_H_DAC_C_grid_E,Mexico,1,2024,177.49705556146765,1128.1050325207204,1305.6020880821882,4.065880924479034,47.986626418251255,0.065056187698186,21.525200224043015,0.042,34.464447055117745,0.1185689931054071,1409.5783617796,4.291506105282627
lng,SMR,DAC,grid,SMR_H_DAC_C_grid_E,Thailand,1,2024,179.51406755648432,1461.8357858357906,1641.349853392275,4.1242756896097905,16.66138756714907,0.0225880925121339,15.017986590225323,0.04432,62.49514318275459,0.2150037744492733,1735.5243707324041,4.406187556571197
lng,SMR,DAC,grid,SMR_H_DAC_C_grid_E,Russia,1,2024,190.60763352907605,889.7476127066077,1080.3552462356838,3.912846367584641,205.1274017296293,0.2780942888681251,12.188311604228012,0.03592,8.377143565808982,0.0288201193568813,1306.0481031353502,4.2556807758096475
lng,SMR,DAC,grid,SMR_H_DAC_C_grid_E,Saudi Arabia,1,2024,192.62464552409276,729.3899359641151,922.014581488208,4.120248464428359,42.18212397392533,0.0571869368527249,10.48109797041032,0.04416,26.16353792532288,0.0900111451931741,1000.8413413578666,4.311606546474258
lng,SMRCCS,DAC,grid,SMRCCS_H_DAC_C_grid_E,South Africa,1,2024,325.25890869973006,1104.467996445012,1429.726905144742,0.6068936311942483,36.05304361240747,0.0488776508666503,12.135525238045703,0.05672,47.91999291028547,0.1648604807123136,1525.8354669054804,0.8773517627732123
lng,SMRCCS,DAC,grid,SMRCCS_H_DAC_C_grid_E,Taiwan,1,2024,320.0408513409108,1976.2480512833497,2296.288902624261,0.4091161318748214,8.910824241692303,0.0120805378015195,18.45634568877224,0.05088,68.52112477860437,0.2357351260693634,2392.17719733333,0.7078117957457043
lng,SMRCCS,DAC,grid,SMRCCS_H_DAC_C_grid_E,Switzerland,1,2024,384.39689209968094,6249.567433492762,6633.964325592443,-1.2137430748695195,40.538576790060155,0.0549587553349742,28.47289346314492,0.00296,0.0,0.0,6702.975795845648,-1.1558243195345452
lng,SMRCCS,DAC,grid,SMRCCS_H_DAC_C_grid_E,Singapore,1,2024,321.7802037938506,6647.287973571812,6969.068177365662,0.0379446605493209,0.5503414925855502,0.0007461061989998,27.9227388718634,0.03992,57.04210191937806,0.1962435253459939,7054.5833596494895,0.2748542920943146
lng,SMRCCS,DAC,grid,SMRCCS_H_DAC_C_grid_E,Hungary,1,2024,313.0834415291519,2848.023454046908,3161.1068955760597,-0.8181880762306649,76.80742832481737,0.1041289802321632,20.75077295640763,0.01464,0.0,0.0,3258.665096857285,-0.6994190959985017
lng,SMRCCS,DAC,grid,SMRCCS_H_DAC_C_grid_E,Philippines,1,2024,311.34408907621213,1903.75671022926,2215.100799305472,0.3468026731851391,14.30847482008127,0.0193982134825784,16.72437977331648,0.04904,65.90453867693275,0.2267332123304705,2312.038192575802,0.641974098998188
lng,SMRCCS,DAC,grid,SMRCCS_H_DAC_C_grid_E,Netherlands,1,2024,356.5672528526452,4469.810377364033,4826.377630216679,-0.6285384193490225,6.791636792605323,0.0092075236568326,24.05060253368647,0.02024,0.0,0.0,4857.219869542971,-0.5990908956921899
lng,SMRCCS,DAC,grid,SMRCCS_H_DAC_C_grid_E,Norway,1,2024,394.8330068173193,3387.049927450549,3781.882934267868,-1.229998759745089,31.586172849052392,0.0428218473127285,15.911252561691846,0.00248,4.00931300443226,0.0137933507309631,3833.389672683045,-1.1709035617013974
lng,SMRCCS,DAC,grid,SMRCCS_H_DAC_C_grid_E,Oman,1,2024,332.21631851148896,992.008847770333,1324.225166281822,0.1625715779286864,26.719103995420006,0.0362234892176598,21.12109797041032,0.0436,40.64882895144683,0.1398452936726074,1412.7141971990993,0.38224036081895363
lng,SMRCCS,DAC,grid,SMRCCS_H_DAC_C_grid_E,Italy,1,2024,333.9556709644287,5169.906026332809,5503.861697297238,-0.533713590908201,18.21993296312582,0.0247010358337391,41.78749115350147,0.0230399999999999,15.307500202047128,0.0526628175120549,5579.176621615912,-0.4333097375624072
lng,SMRCCS,DAC,grid,SMRCCS_H_DAC_C_grid_E,Austria,1,2024,361.7853102114644,4333.662813056078,4695.4481232675425,-1.0349305412382566,54.43905545807985,0.0738038423273236,28.929782082959928,0.0082399999999999,0.0,0.0,4778.816960808582,-0.952886698910933
lng,SMRCCS,DAC,grid,SMRCCS_H_DAC_C_grid_E,Finland,1,2024,375.7001298349823,4350.691032498685,4726.391162333667,-1.1189182464286982,27.22434438169863,0.0369084511717668,15.940927547689158,0.0057599999999999,7.807709183324688,0.0268610784570582,4777.36414344638,-1.0493887167998732
lng,SMRCCS,DAC,grid,SMRCCS_H_DAC_C_grid_E,Portugal,1,2024,316.56214643503137,3855.497827605515,4172.059974040546,-1.0105470139249026,12.817872374283043,0.0173773814354991,16.803559322589937,0.00896,7.71666717802024,0.0265478641210794,4209.398072915439,-0.9576617683683242
lng,SMRCCS,DAC,grid,SMRCCS_H_DAC_C_grid_E,Germany,1,2024,358.3066053055849,4095.4883540569967,4453.794959362582,-0.3819938654028873,27.861242502357104,0.0377719034870231,28.316995716777623,0.02752,0.0,0.0,4509.973197581717,-0.31670196191586425
lng,SMRCCS,DAC,grid,SMRCCS_H_DAC_C_grid_E,Greece,1,2024,320.0408513409108,2544.64689801612,2864.6877493570305,-0.4470166049051643,11.184540606351485,0.0151630491100337,24.136345688772245,0.0256,19.28989298501403,0.0663635538584547,2919.298528637168,-0.3398900019366759
lng,SMRCCS,DAC,grid,SMRCCS_H_DAC_C_grid_E,France,1,2024,351.349195493826,4324.877287036527,4676.226482530354,-1.1947781091813552,38.404076242702544,0.0520649809937556,20.531422984413005,0.0035199999999999,0.0,0.0,4735.161981757469,-1.1391931281875995
lng,SMRCCS,DAC,grid,SMRCCS_H_DAC_C_grid_E,Brazil,1,2024,320.0408513409108,4122.906781774304,4442.9476331152155,-1.0349305412382566,102.99809327173692,0.1396360567221048,15.176345688772244,0.0082399999999999,37.200579700505514,0.1279821861343748,4598.3226517762305,-0.759072298381777
lng,SMRCCS,DAC,grid,SMRCCS_H_DAC_C_grid_E,United Kingdom,1,2024,370.482072476163,3704.284451124682,4074.766523600845,-0.7423282134780078,18.53994207479783,0.0251348769763235,40.9817479984157,0.01688,3.630648102871035,0.0124906193675186,4137.91886177693,-0.6878227171341657
lng,SMRCCS,DAC,grid,SMRCCS_H_DAC_C_grid_E,Spain,1,2024,323.5195562467903,3307.5339106083634,3631.0534668551536,-0.9184314662966764,31.30247157646122,0.042437229251041,15.949132054954552,0.01168,9.520354774212615,0.0327531405851185,3687.825425260782,-0.8315610964605169
lng,SMRCCS,DAC,grid,SMRCCS_H_DAC_C_grid_E,Sweden,1,2024,382.6575396467412,6016.4217608793715,6399.079300526113,-1.2164523556821143,33.07840154431364,0.0448448840905465,11.52280028005377,0.0028799999999999,3.31854791959344,0.0114168924506162,6446.999050270074,-1.1573105791409517
lng,SMRCCS,DAC,grid,SMRCCS_H_DAC_C_grid_E,Czech Republic,1,2024,316.56214643503137,3444.313622414704,3760.875768849736,-0.1923442085212447,51.82922071370271,0.0702656503004119,23.283559322589937,0.03312,0.0,0.0,3835.9885488860286,-0.0889585582208328
lng,SMRCCS,DAC,grid,SMRCCS_H_DAC_C_grid_E,Japan,1,2024,375.7001298349823,3542.913692588153,3918.6138224231354,-0.0081131132647922,12.977661099092396,0.0175940094014379,22.260927547689153,0.03856,77.30846684554109,0.2659664627068899,4031.1608779154585,0.3140073588435356
lng,SMRCCS,DAC,grid,SMRCCS_H_DAC_C_grid_E,Belgium,1,2024,356.5672528526452,2951.4223328071716,3307.989585659817,-0.9401057127974352,9.461820518818865,0.0128275317017224,26.37060253368647,0.01104,0.0,0.0,3343.8220087123223,-0.9162381810957128
lng,SMRCCS,DAC,grid,SMRCCS_H_DAC_C_grid_E,Poland,1,2024,321.7802037938506,3964.509767962139,4286.289971755989,0.3522212348103286,16.004410049511293,0.0216974182578447,37.9227388718634,0.0492,5.811847391273151,0.0199946597768849,4346.028968068637,0.4431133128450582
lng,SMRCCS,DAC,grid,SMRCCS_H_DAC_C_grid_E,India,1,2024,307.86538417033273,2587.2013372892334,2895.066721459566,0.6041843503816534,61.31609301406824,0.0831271450773518,14.831593407134172,0.0566399999999999,42.91830595173238,0.1476530383426261,3014.132713832501,0.8916045338016312
lng,SMRCCS,DAC,grid,SMRCCS_H_DAC_C_grid_E,Indonesia,1,2024,280.035744923297,3629.2840725215583,3909.319817444856,0.4362089400007701,21.19081700585028,0.0287287077985997,9.929302477675712,0.05168,64.82844830678646,0.2230311087837455,4005.268385235169,0.7396487565831154
lng,SMRCCS,DAC,grid,SMRCCS_H_DAC_C_grid_E,South Korea,1,2024,326.9982611526697,2859.634427485336,3186.6326886380057,-0.1923442085212447,10.383993350619884,0.0140777352128614,14.241918421136855,0.03312,74.66638919455023,0.2568768496838436,3285.9249896043125,0.1117303763754603
lng,SMRCCS,DAC,grid,SMRCCS_H_DAC_C_grid_E,China,1,2024,318.3014988879711,2539.4617662405954,2857.7632651285667,0.2032107901176096,117.07828218326276,0.1587247795814752,12.189952505681092,0.0448,71.8908004684377,0.2473279148060095,3058.922300285948,0.6540634845050943
lng,SMRCCS,DAC,grid,SMRCCS_H_DAC_C_grid_E,United Arab Emirates,1,2024,332.21631851148896,872.909424320259,1205.125742831748,-0.2763319137116863,15.525975735670064,0.0210487976973739,13.84109797041032,0.03064,41.57821592775767,0.143042689464573,1276.071032465586,-0.08160042654973942
lng,SMRCCS,DAC,grid,SMRCCS_H_DAC_C_grid_E,United States,1,2024,347.87049058794656,1984.9219803960568,2332.7924709840036,-0.2736226328990914,132.4178586528644,0.1795208730038194,17.038636618230697,0.03072,22.577681561125654,0.0776746240865531,2504.826647816224,0.01429286419128109
lng,SMRCCS,DAC,grid,SMRCCS_H_DAC_C_grid_E,Turkey,1,2024,318.3014988879711,1791.4226387310987,2109.7241376190696,-0.0406244830159309,14.367053340775968,0.0194776292598864,16.749952505681094,0.0376,23.35828389663454,0.0803601519520952,2164.199427362161,0.0968132981960507
lng,SMRCCS,DAC,grid,SMRCCS_H_DAC_C_grid_E,Australia,1,2024,356.5672528526452,2463.4812757215914,2820.048528574237,0.1815365436168504,117.82066045617007,0.1597312329179604,24.130602533686467,0.04416,65.95113324728365,0.2268935129231901,3027.9509248113773,0.6123212894580008
lng,SMRCCS,DAC,grid,SMRCCS_H_DAC_C_grid_E,Malaysia,1,2024,304.3866792644532,1694.71226082017,1999.098940084623,0.322419145871785,10.778832326510203,0.0146130243224186,14.858807040951865,0.04832,56.29162476997725,0.1936616379937679,2081.0282042220624,0.5790138081879715
lng,SMRCCS,DAC,grid,SMRCCS_H_DAC_C_grid_E,Canada,1,2024,354.82790039970547,1457.0091225517338,1811.8370229514392,-0.8398623227314241,167.7201837743543,0.2273807635755919,13.944209350595314,0.0139999999999999,20.458397233290732,0.0703835914332919,2013.9598133096795,-0.5280979677225405
lng,SMRCCS,DAC,grid,SMRCCS_H_DAC_C_grid_E,Mexico,1,2024,306.12603171739295,1401.9553166920057,1708.0813484093983,0.1083859616767885,47.986626418251255,0.065056187698186,21.525200224043015,0.042,34.464447055117745,0.1185689931054071,1812.0576221068102,0.3340111424803816
lng,SMRCCS,DAC,grid,SMRCCS_H_DAC_C_grid_E,Thailand,1,2024,309.6047366232724,1781.0829561990374,2090.68769282231,0.1869551052420404,16.66138756714907,0.0225880925121339,15.017986590225323,0.04432,62.49514318275459,0.2150037744492733,2184.862210162439,0.46886697220344764
lng,SMRCCS,DAC,grid,SMRCCS_H_DAC_C_grid_E,Russia,1,2024,328.7376136056095,1034.1214914908253,1362.8591050964349,-0.0975193800804232,205.1274017296293,0.2780942888681251,12.188311604228012,0.03592,8.377143565808982,0.0288201193568813,1588.5519619961012,0.2453150281445832
lng,SMRCCS,DAC,grid,SMRCCS_H_DAC_C_grid_E,Saudi Arabia,1,2024,332.21631851148896,818.8707347311962,1151.0870532426852,0.1815365436168504,42.18212397392533,0.0571869368527249,10.48109797041032,0.04416,26.16353792532288,0.0900111451931741,1229.9138131123436,0.3728946256627494
lng,SMR,SMR,grid,SMR_H_C_grid_E,South Africa,1,2024,188.59062153405935,394.8596931458616,583.450314679921,3.262906439269874,36.05304361240747,0.0488776508666503,12.135525238045703,0.05672,47.91999291028547,0.1648604807123136,679.5588764406597,3.5333645708488377
lng,SMR,SMR,grid,SMR_H_C_grid_E,Taiwan,1,2024,185.5651035415343,1050.5977756063269,1236.162879147861,3.2219198729254046,8.910824241692303,0.0120805378015195,18.45634568877224,0.05088,68.52112477860437,0.2357351260693634,1332.05117385693,3.5206155367962872
lng,SMR,SMR,grid,SMR_H_C_grid_E,Switzerland,1,2024,222.8798254493429,4384.90195307131,4607.7817785206535,2.885605444975581,40.538576790060155,0.0549587553349742,28.47289346314492,0.00296,0.0,0.0,4676.793248773858,2.943524200310555
lng,SMR,SMR,grid,SMR_H_C_grid_E,Singapore,1,2024,186.5736095390427,4688.2141509974035,4874.7877605364465,3.1449998785529076,0.5503414925855502,0.0007461061989998,27.9227388718634,0.03992,57.04210191937806,0.1962435253459939,4960.3029428202735,3.381909510097901
lng,SMR,SMR,grid,SMR_H_C_grid_E,Hungary,1,2024,181.531079551501,1724.3346396827203,1905.8657192342216,2.9675785776645194,76.80742832481737,0.1041289802321632,20.75077295640763,0.01464,0.0,0.0,2003.4239205154468,3.0863475578966826
lng,SMR,SMR,grid,SMR_H_C_grid_E,Philippines,1,2024,180.52257355399263,999.4732410807206,1179.9958146347133,3.209006297227832,14.30847482008127,0.0193982134825784,16.72437977331648,0.04904,65.90453867693275,0.2267332123304705,1276.933207905044,3.5041777230408813
lng,SMR,SMR,grid,SMR_H_C_grid_E,Netherlands,1,2024,206.74372948920947,2995.4551295779424,3202.1988590671517,3.0068807645701754,6.791636792605323,0.0092075236568326,24.05060253368647,0.02024,0.0,0.0,3233.0410983934435,3.0363282882270077
lng,SMR,SMR,grid,SMR_H_C_grid_E,Norway,1,2024,228.93086143439297,2191.4428875134886,2420.3737489478817,2.882236686097954,31.586172849052392,0.0428218473127285,15.911252561691846,0.00248,4.00931300443226,0.0137933507309631,2471.8804873630584,2.941331884141645
lng,SMR,SMR,grid,SMR_H_C_grid_E,Oman,1,2024,192.62464552409276,258.6000956518211,451.2247411759139,3.1708270299480525,26.719103995420006,0.0362234892176598,21.12109797041032,0.0436,40.64882895144683,0.1398452936726074,539.7137720931911,3.39049581283832
lng,SMR,SMR,grid,SMR_H_C_grid_E,Italy,1,2024,193.63315152160104,3451.149140868771,3644.782292390372,3.0265318580230027,18.21993296312582,0.0247010358337391,41.78749115350147,0.0230399999999999,15.307500202047128,0.0526628175120549,3720.0972167090463,3.1269357113687963
lng,SMR,SMR,grid,SMR_H_C_grid_E,Austria,1,2024,209.76924748173448,2864.008516764723,3073.7777642464575,2.9226617926294853,54.43905545807985,0.0738038423273236,28.929782082959928,0.0082399999999999,0.0,0.0,3157.1466017874973,3.004705634956809
lng,SMR,SMR,grid,SMR_H_C_grid_E,Finland,1,2024,217.8372954618012,2947.2358315990045,3165.0731270608057,2.905256538428409,27.22434438169863,0.0369084511717668,15.940927547689158,0.0057599999999999,7.807709183324688,0.0268610784570582,3216.0461081735184,2.974786068057234
lng,SMR,SMR,grid,SMR_H_C_grid_E,Portugal,1,2024,183.5480915465177,2540.3818544302458,2723.9299459767635,2.9277149309459265,12.817872374283043,0.0173773814354991,16.803559322589937,0.00896,7.71666717802024,0.0265478641210794,2761.2680448516567,2.980600176502505
lng,SMR,SMR,grid,SMR_H_C_grid_E,Germany,1,2024,207.7522354867178,2679.240270248805,2886.9925057355226,3.0579736075475275,27.861242502357104,0.0377719034870231,28.316995716777623,0.02752,0.0,0.0,2943.170743954657,3.1232655110345506
lng,SMR,SMR,grid,SMR_H_C_grid_E,Greece,1,2024,185.5651035415343,1469.4519130668596,1655.017016608394,3.044498572037017,11.184540606351485,0.0151630491100337,24.136345688772245,0.0256,19.28989298501403,0.0663635538584547,1709.6277958885316,3.151625175005505
lng,SMR,SMR,grid,SMR_H_C_grid_E,France,1,2024,203.7182114966845,2900.9017691720023,3104.619980668687,2.889535663666147,38.404076242702544,0.0520649809937556,20.531422984413005,0.0035199999999999,0.0,0.0,3163.5554798958024,2.9451206446599025
lng,SMR,SMR,grid,SMR_H_C_grid_E,Brazil,1,2024,185.5651035415343,2760.3192975633515,2945.884401104886,2.9226617926294853,102.99809327173692,0.1396360567221048,15.176345688772244,0.0082399999999999,37.200579700505514,0.1279821861343748,3101.2594197659005,3.1985200354859646
lng,SMR,SMR,grid,SMR_H_C_grid_E,United Kingdom,1,2024,214.81177746927617,2299.58640837484,2514.398185844116,2.9832994524267815,18.53994207479783,0.0251348769763235,40.9817479984157,0.01688,3.630648102871035,0.0124906193675186,2577.5505240202006,3.037804948770624
lng,SMR,SMR,grid,SMR_H_C_grid_E,Spain,1,2024,187.58211553655104,2116.7962523810907,2304.3783679176418,2.946804564585816,31.30247157646122,0.042437229251041,15.949132054954552,0.01168,9.520354774212615,0.0327531405851185,2361.1503263232703,3.0336749344219758
lng,SMR,SMR,grid,SMR_H_C_grid_E,Sweden,1,2024,221.87131945183455,4286.198255134622,4508.069574586456,2.885043985162643,33.07840154431364,0.0448448840905465,11.52280028005377,0.0028799999999999,3.31854791959344,0.0114168924506162,4555.989324330417,2.9441857617038054
lng,SMR,SMR,grid,SMR_H_C_grid_E,Czech Republic,1,2024,183.5480915465177,2180.0099710093264,2363.558062555844,3.0972757944531826,51.82922071370271,0.0702656503004119,23.283559322589937,0.03312,0.0,0.0,2438.670842592137,3.200661444753594
lng,SMR,SMR,grid,SMR_H_C_grid_E,Japan,1,2024,217.8372954618012,2274.2646381852005,2492.1019336470017,3.135455061732962,12.977661099092396,0.0175940094014379,22.260927547689153,0.03856,77.30846684554109,0.2659664627068899,2604.648989139325,3.4575755338412897
lng,SMR,SMR,grid,SMR_H_C_grid_E,Belgium,1,2024,206.74372948920947,1789.0921995591866,1995.835929048396,2.942312886082312,9.461820518818865,0.0128275317017224,26.37060253368647,0.01104,0.0,0.0,2031.6683521009015,2.966180417784034
lng,SMR,SMR,grid,SMR_H_C_grid_E,Poland,1,2024,186.5736095390427,2512.5785751315047,2699.1521846705473,3.2101292168537077,16.004410049511293,0.0216974182578447,37.9227388718634,0.0492,5.811847391273151,0.0199946597768849,2758.8911809831948,3.301021294888437
lng,SMR,SMR,grid,SMR_H_C_grid_E,India,1,2024,178.50556155897596,1548.7735993088595,1727.2791608678351,3.262344979456936,61.31609301406824,0.0831271450773518,14.831593407134172,0.0566399999999999,42.91830595173238,0.1476530383426261,1846.34515324077,3.5497651628769136
lng,SMR,SMR,grid,SMR_H_C_grid_E,Indonesia,1,2024,162.3694655988425,2394.775532443929,2557.1449980427715,3.227534471054784,21.19081700585028,0.0287287077985997,9.929302477675712,0.05168,64.82844830678646,0.2230311087837455,2653.093565833084,3.5309742876371293
lng,SMR,SMR,grid,SMR_H_C_grid_E,South Korea,1,2024,189.59912753156772,1774.34826027318,1963.947387804748,3.0972757944531826,10.383993350619884,0.0140777352128614,14.241918421136855,0.03312,74.66638919455023,0.2568768496838436,2063.239688771055,3.4013503793498874
lng,SMR,SMR,grid,SMR_H_C_grid_E,China,1,2024,184.556597544026,1526.6208486347891,1711.1774461788152,3.179248927142121,117.07828218326276,0.1587247795814752,12.189952505681092,0.0448,71.8908004684377,0.2473279148060095,1912.3364813361966,3.630101621529606
lng,SMR,SMR,grid,SMR_H_C_grid_E,United Arab Emirates,1,2024,192.62464552409276,204.21055189034257,396.8351974144353,3.0798705402521067,15.525975735670064,0.0210487976973739,13.84109797041032,0.03064,41.57821592775767,0.143042689464573,467.78048704827336,3.2746020274140535
lng,SMR,SMR,grid,SMR_H_C_grid_E,United States,1,2024,201.70119950166776,1074.1924881711725,1275.8936876728403,3.080432000065044,132.4178586528644,0.1795208730038194,17.038636618230697,0.03072,22.577681561125654,0.0776746240865531,1447.927864505061,3.368347497155417
lng,SMR,SMR,grid,SMR_H_C_grid_E,Turkey,1,2024,184.556597544026,912.5301983487632,1097.0867958927893,3.128717543977707,14.367053340775968,0.0194776292598864,16.749952505681094,0.0376,23.35828389663454,0.0803601519520952,1151.5620856358807,3.2661553251896884
lng,SMR,SMR,grid,SMR_H_C_grid_E,Australia,1,2024,206.74372948920947,1413.179735418433,1619.9234649076425,3.174757248638618,117.82066045617007,0.1597312329179604,24.130602533686467,0.04416,65.95113324728365,0.2268935129231901,1827.8258611447827,3.605541994479769
lng,SMR,SMR,grid,SMR_H_C_grid_E,Malaysia,1,2024,176.48854956395928,844.9148756028605,1021.4034251668198,3.2039531589113905,10.778832326510203,0.0146130243224186,14.858807040951865,0.04832,56.29162476997725,0.1936616379937679,1103.3326893042592,3.4605478212275766
lng,SMR,SMR,grid,SMR_H_C_grid_E,Canada,1,2024,205.7352234917011,672.1671474416755,877.9023709333767,2.963086899161017,167.7201837743543,0.2273807635755919,13.944209350595314,0.0139999999999999,20.458397233290732,0.0703835914332919,1080.025161291617,3.2748512541699
lng,SMR,SMR,grid,SMR_H_C_grid_E,Mexico,1,2024,177.49705556146765,578.1050325207206,755.6020880821882,3.159597833689294,47.986626418251255,0.065056187698186,21.525200224043015,0.042,34.464447055117745,0.1185689931054071,859.5783617796002,3.3852230144928868
lng,SMR,SMR,grid,SMR_H_C_grid_E,Thailand,1,2024,179.51406755648432,911.8357858357908,1091.3498533922752,3.175880168264494,16.66138756714907,0.0225880925121339,15.017986590225323,0.04432,62.49514318275459,0.2150037744492733,1185.5243707324043,3.4577920352259013
lng,SMR,SMR,grid,SMR_H_C_grid_E,Russia,1,2024,190.60763352907605,339.7476127066078,530.3552462356838,3.116926887906011,205.1274017296293,0.2780942888681251,12.188311604228012,0.03592,8.377143565808982,0.0288201193568813,756.0481031353502,3.4597612961310173
lng,SMR,SMR,grid,SMR_H_C_grid_E,Saudi Arabia,1,2024,192.62464552409276,179.38993596411535,372.01458148820814,3.174757248638618,42.18212397392533,0.0571869368527249,10.48109797041032,0.04416,26.16353792532288,0.0900111451931741,450.84134135786667,3.3661153306845173
lng,ATRCCS,BEC,solar,ATRCCS_H_BEC_C_solar_E,South Africa,1,2024,282.2603481762618,551.5943123418544,833.8546605181162,-1.6066088767186744,36.05304361240747,0.0488776508666503,12.135525238045703,0.05672,47.91999291028547,0.1648604807123136,929.9632222788549,-1.3361507451397105
lng,ATRCCS,BEC,solar,ATRCCS_H_BEC_C_solar_E,Taiwan,1,2024,277.73210729642864,1160.406206307687,1438.1383136041156,-1.6066088767186744,8.910824241692303,0.0120805378015195,18.45634568877224,0.05088,68.52112477860437,0.2357351260693634,1534.0266083131846,-1.3079132128477915
lng,ATRCCS,BEC,solar,ATRCCS_H_BEC_C_solar_E,Switzerland,1,2024,333.58041148103655,4758.858666597051,5092.439078078087,-1.6066088767186744,40.538576790060155,0.0549587553349742,28.47289346314492,0.00296,0.0,0.0,5161.450548331291,-1.5486901213837
lng,ATRCCS,BEC,solar,ATRCCS_H_BEC_C_solar_E,Singapore,1,2024,279.2415209230397,5095.356134781761,5374.597655704801,-1.6066088767186744,0.5503414925855502,0.0007461061989998,27.9227388718634,0.03992,57.04210191937806,0.1962435253459939,5460.112837988628,-1.3696992451736807
lng,ATRCCS,BEC,solar,ATRCCS_H_BEC_C_solar_E,Hungary,1,2024,271.69445278998455,1959.3778614657065,2231.072314255691,-1.6066088767186744,76.80742832481737,0.1041289802321632,20.75077295640763,0.01464,0.0,0.0,2328.630515536916,-1.4878398964865112
lng,ATRCCS,BEC,solar,ATRCCS_H_BEC_C_solar_E,Philippines,1,2024,270.1850391633735,1153.0681122103654,1423.253151373739,-1.6066088767186744,14.30847482008127,0.0193982134825784,16.72437977331648,0.04904,65.90453867693275,0.2267332123304705,1520.1905446440696,-1.3114374509056255
lng,ATRCCS,BEC,solar,ATRCCS_H_BEC_C_solar_E,Netherlands,1,2024,309.42979345526015,3271.61819866942,3581.04799212468,-1.6066088767186744,6.791636792605323,0.0092075236568326,24.05060253368647,0.02024,0.0,0.0,3611.890231450972,-1.5771613530618418
lng,ATRCCS,BEC,solar,ATRCCS_H_BEC_C_solar_E,Norway,1,2024,342.63689324070276,2508.645123579613,2851.2820168203157,-1.6066088767186744,31.586172849052392,0.0428218473127285,15.911252561691846,0.00248,4.00931300443226,0.0137933507309631,2902.7887552354923,-1.5475136786749828
lng,ATRCCS,BEC,solar,ATRCCS_H_BEC_C_solar_E,Oman,1,2024,288.2980026827058,280.621979224249,568.9199819069548,-1.6066088767186744,26.719103995420006,0.0362234892176598,21.12109797041032,0.0436,40.64882895144683,0.1398452936726074,657.409012824232,-1.386940093828407
lng,ATRCCS,BEC,solar,ATRCCS_H_BEC_C_solar_E,Italy,1,2024,289.8074163093168,3629.209159538502,3919.016575847819,-1.6066088767186744,18.21993296312582,0.0247010358337391,41.78749115350147,0.0230399999999999,15.307500202047128,0.0526628175120549,3994.3315001664932,-1.5062050233728803
lng,ATRCCS,BEC,solar,ATRCCS_H_BEC_C_solar_E,Austria,1,2024,313.95803433509326,3097.5116768624566,3411.4697111975497,-1.6066088767186744,54.43905545807985,0.0738038423273236,28.929782082959928,0.0082399999999999,0.0,0.0,3494.8385487385895,-1.524565034391351
lng,ATRCCS,BEC,solar,ATRCCS_H_BEC_C_solar_E,Finland,1,2024,326.0333433479815,3335.9278902137767,3661.961233561758,-1.6066088767186744,27.22434438169863,0.0369084511717668,15.940927547689158,0.0057599999999999,7.807709183324688,0.0268610784570582,3712.9342146744707,-1.5370793470898494
lng,ATRCCS,BEC,solar,ATRCCS_H_BEC_C_solar_E,Portugal,1,2024,274.7132800432066,2809.93663428674,3084.649914329947,-1.6066088767186744,12.817872374283043,0.0173773814354991,16.803559322589937,0.00896,7.71666717802024,0.0265478641210794,3121.98801320484,-1.5537236311620957
lng,ATRCCS,BEC,solar,ATRCCS_H_BEC_C_solar_E,Germany,1,2024,310.93920708187125,2892.2172104152437,3203.156417497115,-1.6066088767186744,27.861242502357104,0.0377719034870231,28.316995716777623,0.02752,0.0,0.0,3259.3346557162495,-1.5413169732316512
lng,ATRCCS,BEC,solar,ATRCCS_H_BEC_C_solar_E,Greece,1,2024,277.73210729642864,1586.563637416989,1864.2957447134177,-1.6066088767186744,11.184540606351485,0.0151630491100337,24.136345688772245,0.0256,19.28989298501403,0.0663635538584547,1918.9065239935553,-1.499482273750186
lng,ATRCCS,BEC,solar,ATRCCS_H_BEC_C_solar_E,France,1,2024,304.9015525754271,3179.843508322816,3484.745060898243,-1.6066088767186744,38.404076242702544,0.0520649809937556,20.531422984413005,0.0035199999999999,0.0,0.0,3543.6805601253586,-1.5510238957249187
lng,ATRCCS,BEC,solar,ATRCCS_H_BEC_C_solar_E,Brazil,1,2024,277.73210729642864,3092.080109788901,3369.81221708533,-1.6066088767186744,102.99809327173692,0.1396360567221048,15.176345688772244,0.0082399999999999,37.200579700505514,0.1279821861343748,3525.187235746344,-1.3307506338621948
lng,ATRCCS,BEC,solar,ATRCCS_H_BEC_C_solar_E,United Kingdom,1,2024,321.5051024681483,2399.551855200527,2721.0569576686753,-1.6066088767186744,18.53994207479783,0.0251348769763235,40.9817479984157,0.01688,3.630648102871035,0.0124906193675186,2784.2092958447597,-1.5521033803748323
lng,ATRCCS,BEC,solar,ATRCCS_H_BEC_C_solar_E,Spain,1,2024,280.75093454965065,2337.1595870014835,2617.910521551134,-1.6066088767186744,31.30247157646122,0.042437229251041,15.949132054954552,0.01168,9.520354774212615,0.0327531405851185,2674.6824799567626,-1.5197385068825149
lng,ATRCCS,BEC,solar,ATRCCS_H_BEC_C_solar_E,Sweden,1,2024,332.07099785442557,4834.32532739613,5166.3963252505555,-1.6066088767186744,33.07840154431364,0.0448448840905465,11.52280028005377,0.0028799999999999,3.31854791959344,0.0114168924506162,5214.316074994516,-1.5474671001775118
lng,ATRCCS,BEC,solar,ATRCCS_H_BEC_C_solar_E,Czech Republic,1,2024,274.7132800432066,2386.910404942448,2661.623684985655,-1.6066088767186744,51.82922071370271,0.0702656503004119,23.283559322589937,0.03312,0.0,0.0,2736.736465021948,-1.5032232264182623
lng,ATRCCS,BEC,solar,ATRCCS_H_BEC_C_solar_E,Japan,1,2024,326.0333433479815,2582.5789265375897,2908.612269885571,-1.6066088767186744,12.977661099092396,0.0175940094014379,22.260927547689153,0.03856,77.30846684554109,0.2659664627068899,3021.159325377894,-1.2844884046103466
lng,ATRCCS,BEC,solar,ATRCCS_H_BEC_C_solar_E,Belgium,1,2024,309.42979345526015,1982.9857354456,2292.4155289008604,-1.6066088767186744,9.461820518818865,0.0128275317017224,26.37060253368647,0.01104,0.0,0.0,2328.247951953366,-1.582741345016952
lng,ATRCCS,BEC,solar,ATRCCS_H_BEC_C_solar_E,Poland,1,2024,279.2415209230397,2728.8126257939734,3008.0541467170133,-1.6066088767186744,16.004410049511293,0.0216974182578447,37.9227388718634,0.0492,5.811847391273151,0.0199946597768849,3067.7931430296608,-1.5157167986839448
lng,ATRCCS,BEC,solar,ATRCCS_H_BEC_C_solar_E,India,1,2024,267.1662119101515,1754.8492894241351,2022.015501334287,-1.6066088767186744,61.31609301406824,0.0831271450773518,14.831593407134172,0.0566399999999999,42.91830595173238,0.1476530383426261,2141.081493707222,-1.3191886932986967
lng,ATRCCS,BEC,solar,ATRCCS_H_BEC_C_solar_E,Indonesia,1,2024,243.01559388437505,2749.3285815728677,2992.3441754572427,-1.6066088767186744,21.19081700585028,0.0287287077985997,9.929302477675712,0.05168,64.82844830678646,0.2230311087837455,3088.2927432475553,-1.3031690601363293
lng,ATRCCS,BEC,solar,ATRCCS_H_BEC_C_solar_E,South Korea,1,2024,283.7697618028727,2034.9100257471684,2318.679787550041,-1.6066088767186744,10.383993350619884,0.0140777352128614,14.241918421136855,0.03312,74.66638919455023,0.2568768496838436,2417.972088516348,-1.3025342918219693
lng,ATRCCS,BEC,solar,ATRCCS_H_BEC_C_solar_E,China,1,2024,276.2226936698176,1729.5595799002783,2005.782273570096,-1.6066088767186744,117.07828218326276,0.1587247795814752,12.189952505681092,0.0448,71.8908004684377,0.2473279148060095,2206.9413087274775,-1.1557561823311897
lng,ATRCCS,BEC,solar,ATRCCS_H_BEC_C_solar_E,United Arab Emirates,1,2024,288.2980026827058,248.35150450114543,536.6495071838513,-1.6066088767186744,15.525975735670064,0.0210487976973739,13.84109797041032,0.03064,41.57821592775767,0.143042689464573,607.5947968176894,-1.4118773895567274
lng,ATRCCS,BEC,solar,ATRCCS_H_BEC_C_solar_E,United States,1,2024,301.88272532220503,1220.0776832027702,1521.9604085249753,-1.6066088767186744,132.4178586528644,0.1795208730038194,17.038636618230697,0.03072,22.577681561125654,0.0776746240865531,1693.994585357196,-1.3186933796283018
lng,ATRCCS,BEC,solar,ATRCCS_H_BEC_C_solar_E,Turkey,1,2024,276.2226936698176,1100.897992424685,1377.1206860945026,-1.6066088767186744,14.367053340775968,0.0194776292598864,16.749952505681094,0.0376,23.35828389663454,0.0803601519520952,1431.595975837594,-1.4691710955066928
lng,ATRCCS,BEC,solar,ATRCCS_H_BEC_C_solar_E,Australia,1,2024,309.42979345526015,1494.043331767176,1803.473125222436,-1.6066088767186744,117.82066045617007,0.1597312329179604,24.130602533686467,0.04416,65.95113324728365,0.2268935129231901,2011.3755214595762,-1.175824130877524
lng,ATRCCS,BEC,solar,ATRCCS_H_BEC_C_solar_E,Malaysia,1,2024,264.14738465692943,1006.1732537800964,1270.3206384370258,-1.6066088767186744,10.778832326510203,0.0146130243224186,14.858807040951865,0.04832,56.29162476997725,0.1936616379937679,1352.249902574465,-1.350014214402488
lng,ATRCCS,BEC,solar,ATRCCS_H_BEC_C_solar_E,Canada,1,2024,307.9203798286492,867.1082707989436,1175.028650627593,-1.6066088767186744,167.7201837743543,0.2273807635755919,13.944209350595314,0.0139999999999999,20.458397233290732,0.0703835914332919,1377.1514409858332,-1.2948445217097906
lng,ATRCCS,BEC,solar,ATRCCS_H_BEC_C_solar_E,Mexico,1,2024,265.65679828354047,666.976877784532,932.6336760680724,-1.6066088767186744,47.986626418251255,0.065056187698186,21.525200224043015,0.042,34.464447055117745,0.1185689931054071,1036.6099497654845,-1.3809836959150814
lng,ATRCCS,BEC,solar,ATRCCS_H_BEC_C_solar_E,Thailand,1,2024,268.6756255367625,1059.1432204948503,1327.8188460316128,-1.6066088767186744,16.66138756714907,0.0225880925121339,15.017986590225323,0.04432,62.49514318275459,0.2150037744492733,1421.993363371742,-1.3246970097572672
lng,ATRCCS,BEC,solar,ATRCCS_H_BEC_C_solar_E,Russia,1,2024,285.27917542948376,528.5711736121467,813.8503490416305,-1.6066088767186744,205.1274017296293,0.2780942888681251,12.188311604228012,0.03592,8.377143565808982,0.0288201193568813,1039.5432059412967,-1.263774468493668
lng,ATRCCS,BEC,solar,ATRCCS_H_BEC_C_solar_E,Saudi Arabia,1,2024,288.2980026827058,277.3429814731593,565.6409841558651,-1.6066088767186744,42.18212397392533,0.0571869368527249,10.48109797041032,0.04416,26.16353792532288,0.0900111451931741,644.4677440255236,-1.4152507946727755
lng,BG,BEC,solar,BG_H_BEC_C_solar_E,South Africa,1,2024,294.96702578968717,821.1150671350991,1116.0820929247864,-1.6988207916433282,36.05304361240747,0.0488776508666503,12.135525238045703,0.05672,47.91999291028547,0.1648604807123136,1212.1906546855248,-1.4283626600643642
lng,BG,BEC,solar,BG_H_BEC_C_solar_E,Taiwan,1,2024,290.23493446685796,864.0028528602767,1154.2377873271346,-1.6988207916433282,8.910824241692303,0.0120805378015195,18.45634568877224,0.05088,68.52112477860437,0.2357351260693634,1250.1260820362036,-1.4001251277724454
lng,BG,BEC,solar,BG_H_BEC_C_solar_E,Switzerland,1,2024,348.59739411508485,1368.759884852415,1717.3572789675,-1.6988207916433282,40.538576790060155,0.0549587553349742,28.47289346314492,0.00296,0.0,0.0,1786.368749220705,-1.640902036308354
lng,BG,BEC,solar,BG_H_BEC_C_solar_E,Singapore,1,2024,291.8122982411344,1294.4505892413806,1586.262887482515,-1.6988207916433282,0.5503414925855502,0.0007461061989998,27.9227388718634,0.03992,57.04210191937806,0.1962435253459939,1671.778069766342,-1.4619111600983346
lng,BG,BEC,solar,BG_H_BEC_C_solar_E,Hungary,1,2024,283.9254793697524,964.809515981941,1248.7349953516934,-1.6988207916433282,76.80742832481737,0.1041289802321632,20.75077295640763,0.01464,0.0,0.0,1346.2931966329186,-1.580051811411165
lng,BG,BEC,solar,BG_H_BEC_C_solar_E,Philippines,1,2024,282.348115595476,853.5483703536466,1135.8964859491225,-1.6988207916433282,14.30847482008127,0.0193982134825784,16.72437977331648,0.04904,65.90453867693275,0.2267332123304705,1232.8338792194531,-1.4036493658302795
lng,BG,BEC,solar,BG_H_BEC_C_solar_E,Netherlands,1,2024,323.35957372666235,1151.877538496858,1475.2371122235204,-1.6988207916433282,6.791636792605323,0.0092075236568326,24.05060253368647,0.02024,0.0,0.0,1506.0793515498121,-1.6693732679864957
lng,BG,BEC,solar,BG_H_BEC_C_solar_E,Norway,1,2024,358.06157676074326,1144.2453826523297,1502.3069594130727,-1.6988207916433282,31.586172849052392,0.0428218473127285,15.911252561691846,0.00248,4.00931300443226,0.0137933507309631,1553.8136978282491,-1.6397255935996367
lng,BG,BEC,solar,BG_H_BEC_C_solar_E,Oman,1,2024,301.2764808867928,785.322435718215,1086.5989166050078,-1.6988207916433282,26.719103995420006,0.0362234892176598,21.12109797041032,0.0436,40.64882895144683,0.1398452936726074,1175.087947522285,-1.479152008753061
lng,BG,BEC,solar,BG_H_BEC_C_solar_E,Italy,1,2024,302.85384466106916,1172.359271933535,1475.213116594604,-1.6988207916433282,18.21993296312582,0.0247010358337391,41.78749115350147,0.0230399999999999,15.307500202047128,0.0526628175120549,1550.5280409132781,-1.5984169382975342
lng,BG,BEC,solar,BG_H_BEC_C_solar_E,Austria,1,2024,328.0916650494916,1151.472893047289,1479.5645580967807,-1.6988207916433282,54.43905545807985,0.0738038423273236,28.929782082959928,0.0082399999999999,0.0,0.0,1562.9333956378205,-1.616776949316005
lng,BG,BEC,solar,BG_H_BEC_C_solar_E,Finland,1,2024,340.71057524370286,1190.8590808181448,1531.5696560618476,-1.6988207916433282,27.22434438169863,0.0369084511717668,15.940927547689158,0.0057599999999999,7.807709183324688,0.0268610784570582,1582.54263717456,-1.6292912620145032
lng,BG,BEC,solar,BG_H_BEC_C_solar_E,Portugal,1,2024,287.0802069183052,1029.707419283462,1316.7876262017671,-1.6988207916433282,12.817872374283043,0.0173773814354991,16.803559322589937,0.00896,7.71666717802024,0.0265478641210794,1354.1257250766605,-1.6459355460867495
lng,BG,BEC,solar,BG_H_BEC_C_solar_E,Germany,1,2024,324.93693750093877,1145.3372343870733,1470.274171888012,-1.6988207916433282,27.861242502357104,0.0377719034870231,28.316995716777623,0.02752,0.0,0.0,1526.4524101071468,-1.633528888156305
lng,BG,BEC,solar,BG_H_BEC_C_solar_E,Greece,1,2024,290.23493446685796,928.299819474498,1218.534753941356,-1.6988207916433282,11.184540606351485,0.0151630491100337,24.136345688772245,0.0256,19.28989298501403,0.0663635538584547,1273.1455332214937,-1.59169418867484
lng,BG,BEC,solar,BG_H_BEC_C_solar_E,France,1,2024,318.6274824038332,1146.230666755619,1464.8581491594523,-1.6988207916433282,38.404076242702544,0.0520649809937556,20.531422984413005,0.0035199999999999,0.0,0.0,1523.7936483865678,-1.6432358106495726
lng,BG,BEC,solar,BG_H_BEC_C_solar_E,Brazil,1,2024,290.23493446685796,1052.766446079271,1343.001380546129,-1.6988207916433282,102.99809327173692,0.1396360567221048,15.176345688772244,0.0082399999999999,37.200579700505514,0.1279821861343748,1498.3763992071438,-1.4229625487868487
lng,BG,BEC,solar,BG_H_BEC_C_solar_E,United Kingdom,1,2024,335.9784839208736,1059.509509995686,1395.4879939165594,-1.6988207916433282,18.53994207479783,0.0251348769763235,40.9817479984157,0.01688,3.630648102871035,0.0124906193675186,1458.6403320926438,-1.6443152952994862
lng,BG,BEC,solar,BG_H_BEC_C_solar_E,Spain,1,2024,293.38966201541075,1018.6270065660444,1312.0166685814552,-1.6988207916433282,31.30247157646122,0.042437229251041,15.949132054954552,0.01168,9.520354774212615,0.0327531405851185,1368.7886269870835,-1.6119504218071687
lng,BG,BEC,solar,BG_H_BEC_C_solar_E,Sweden,1,2024,347.0200303408085,1338.9491672213844,1685.969197562193,-1.6988207916433282,33.07840154431364,0.0448448840905465,11.52280028005377,0.0028799999999999,3.31854791959344,0.0114168924506162,1733.8889473061538,-1.6396790151021656
lng,BG,BEC,solar,BG_H_BEC_C_solar_E,Czech Republic,1,2024,287.0802069183052,1001.8987889446,1288.978995862905,-1.6988207916433282,51.82922071370271,0.0702656503004119,23.283559322589937,0.03312,0.0,0.0,1364.0917758991977,-1.5954351413429162
lng,BG,BEC,solar,BG_H_BEC_C_solar_E,Japan,1,2024,340.71057524370286,1086.6284025119432,1427.338977755646,-1.6988207916433282,12.977661099092396,0.0175940094014379,22.260927547689153,0.03856,77.30846684554109,0.2659664627068899,1539.8860332479685,-1.3767003195350005
lng,BG,BEC,solar,BG_H_BEC_C_solar_E,Belgium,1,2024,323.35957372666235,1086.9498681302991,1410.3094418569617,-1.6988207916433282,9.461820518818865,0.0128275317017224,26.37060253368647,0.01104,0.0,0.0,1446.1418649094671,-1.674953259941606
lng,BG,BEC,solar,BG_H_BEC_C_solar_E,Poland,1,2024,291.8122982411344,1052.3363916081228,1344.1486898492572,-1.6988207916433282,16.004410049511293,0.0216974182578447,37.9227388718634,0.0492,5.811847391273151,0.0199946597768849,1403.887686161905,-1.6079287136085987
lng,BG,BEC,solar,BG_H_BEC_C_solar_E,India,1,2024,279.19338804692313,901.955976417632,1181.1493644645552,-1.6988207916433282,61.31609301406824,0.0831271450773518,14.831593407134172,0.0566399999999999,42.91830595173238,0.1476530383426261,1300.2153568374902,-1.4114006082233503
lng,BG,BEC,solar,BG_H_BEC_C_solar_E,Indonesia,1,2024,253.95556765850068,1003.022383221214,1256.9779508797146,-1.6988207916433282,21.19081700585028,0.0287287077985997,9.929302477675712,0.05168,64.82844830678646,0.2230311087837455,1352.926518670027,-1.3953809750609831
lng,BG,BEC,solar,BG_H_BEC_C_solar_E,South Korea,1,2024,296.54438956396353,1002.3895312927308,1298.9339208566944,-1.6988207916433282,10.383993350619884,0.0140777352128614,14.241918421136855,0.03312,74.66638919455023,0.2568768496838436,1398.2262218230014,-1.3947462067466232
lng,BG,BEC,solar,BG_H_BEC_C_solar_E,China,1,2024,288.6575706925816,900.7152218722165,1189.372792564798,-1.6988207916433282,117.07828218326276,0.1587247795814752,12.189952505681092,0.0448,71.8908004684377,0.2473279148060095,1390.5318277221793,-1.2479680972558436
lng,BG,BEC,solar,BG_H_BEC_C_solar_E,United Arab Emirates,1,2024,301.2764808867928,770.7046263367262,1071.9811072235188,-1.6988207916433282,15.525975735670064,0.0210487976973739,13.84109797041032,0.03064,41.57821592775767,0.143042689464573,1142.9263968573568,-1.5040893044813815
lng,BG,BEC,solar,BG_H_BEC_C_solar_E,United States,1,2024,315.47275485528036,971.9929563158854,1287.4657111711658,-1.6988207916433282,132.4178586528644,0.1795208730038194,17.038636618230697,0.03072,22.577681561125654,0.0776746240865531,1459.4998880033866,-1.4109052945529557
lng,BG,BEC,solar,BG_H_BEC_C_solar_E,Turkey,1,2024,288.6575706925816,875.0181370578613,1163.6757077504428,-1.6988207916433282,14.367053340775968,0.0194776292598864,16.749952505681094,0.0376,23.35828389663454,0.0803601519520952,1218.1509974935343,-1.5613830104313466
lng,BG,BEC,solar,BG_H_BEC_C_solar_E,Australia,1,2024,323.35957372666235,983.6620087790212,1307.0215825056837,-1.6988207916433282,117.82066045617007,0.1597312329179604,24.130602533686467,0.04416,65.95113324728365,0.2268935129231901,1514.923978742824,-1.2680360458021778
lng,BG,BEC,solar,BG_H_BEC_C_solar_E,Malaysia,1,2024,276.03866049837035,844.7966180184237,1120.835278516794,-1.6988207916433282,10.778832326510203,0.0146130243224186,14.858807040951865,0.04832,56.29162476997725,0.1936616379937679,1202.7645426542333,-1.442226129327142
lng,BG,BEC,solar,BG_H_BEC_C_solar_E,Canada,1,2024,321.782209952386,934.2078123687362,1255.990022321122,-1.6988207916433282,167.7201837743543,0.2273807635755919,13.944209350595314,0.0139999999999999,20.458397233290732,0.0703835914332919,1458.1128126793624,-1.3870564366344447
lng,BG,BEC,solar,BG_H_BEC_C_solar_E,Mexico,1,2024,277.61602427264677,817.6837619955703,1095.299786268217,-1.6988207916433282,47.986626418251255,0.065056187698186,21.525200224043015,0.042,34.464447055117745,0.1185689931054071,1199.276059965629,-1.473195610839735
lng,BG,BEC,solar,BG_H_BEC_C_solar_E,Thailand,1,2024,280.77075182119955,839.5449174977008,1120.3156693189003,-1.6988207916433282,16.66138756714907,0.0225880925121339,15.017986590225323,0.04432,62.49514318275459,0.2150037744492733,1214.4901866590294,-1.416908924681921
lng,BG,BEC,solar,BG_H_BEC_C_solar_E,Russia,1,2024,298.12175333823996,821.7108193497145,1119.8325726879543,-1.6988207916433282,205.1274017296293,0.2780942888681251,12.188311604228012,0.03592,8.377143565808982,0.0288201193568813,1345.5254295876207,-1.355986383418322
lng,BG,BEC,solar,BG_H_BEC_C_solar_E,Saudi Arabia,1,2024,301.2764808867928,781.3211594961537,1082.5976403829463,-1.6988207916433282,42.18212397392533,0.0571869368527249,10.48109797041032,0.04416,26.16353792532288,0.0900111451931741,1161.4244002526048,-1.5074627095974291
lng,LTE,BEC,solar,LTE_H_BEC_C_solar_E,South Africa,1,2024,360.60683078968714,2045.1053682273769,2405.7121990170635,-1.348875209920857,36.05304361240747,0.0488776508666503,12.135525238045703,0.05672,47.91999291028547,0.1648604807123136,2501.8207607778027,-1.0784170783418932
lng,LTE,BEC,solar,LTE_H_BEC_C_solar_E,Taiwan,1,2024,354.82169446685793,1074.7070516214608,1429.5287460883187,-1.348875209920857,8.910824241692303,0.0120805378015195,18.45634568877224,0.05088,68.52112477860437,0.2357351260693634,1525.4170407973877,-1.050179546049974
lng,LTE,BEC,solar,LTE_H_BEC_C_solar_E,Switzerland,1,2024,426.1717091150848,2100.967671500681,2527.1393806157657,-1.348875209920857,40.538576790060155,0.0549587553349742,28.47289346314492,0.00296,0.0,0.0,2596.150850868971,-1.2909564545858827
lng,LTE,BEC,solar,LTE_H_BEC_C_solar_E,Singapore,1,2024,356.7500732411343,1946.4632158605625,2303.213289101697,-1.348875209920857,0.5503414925855502,0.0007461061989998,27.9227388718634,0.03992,57.04210191937806,0.1962435253459939,2388.728471385524,-1.1119655783758633
lng,LTE,BEC,solar,LTE_H_BEC_C_solar_E,Hungary,1,2024,347.10817936975235,2416.950052369657,2764.058231739409,-1.348875209920857,76.80742832481737,0.1041289802321632,20.75077295640763,0.01464,0.0,0.0,2861.6164330206343,-1.2301062296886938
lng,LTE,BEC,solar,LTE_H_BEC_C_solar_E,Philippines,1,2024,345.1798005954759,1618.7575225377018,1963.9373231331776,-1.348875209920857,14.30847482008127,0.0193982134825784,16.72437977331648,0.04904,65.90453867693275,0.2267332123304705,2060.874716403508,-1.053703784107808
lng,LTE,BEC,solar,LTE_H_BEC_C_solar_E,Netherlands,1,2024,395.3176487266624,1872.2521938649695,2267.5698425916316,-1.348875209920857,6.791636792605323,0.0092075236568326,24.05060253368647,0.02024,0.0,0.0,2298.4120819179234,-1.3194276862640244
lng,LTE,BEC,solar,LTE_H_BEC_C_solar_E,Norway,1,2024,437.7419817607432,2718.722282019924,3156.4642637806674,-1.348875209920857,31.586172849052392,0.0428218473127285,15.911252561691846,0.00248,4.00931300443226,0.0137933507309631,3207.971002195844,-1.2897800118771654
lng,LTE,BEC,solar,LTE_H_BEC_C_solar_E,Oman,1,2024,368.3203458867927,1251.1904390826078,1619.5107849694004,-1.348875209920857,26.719103995420006,0.0362234892176598,21.12109797041032,0.0436,40.64882895144683,0.1398452936726074,1707.9998158866777,-1.1292064270305897
lng,LTE,BEC,solar,LTE_H_BEC_C_solar_E,Italy,1,2024,370.2487246610691,1746.539821350015,2116.788546011084,-1.348875209920857,18.21993296312582,0.0247010358337391,41.78749115350147,0.0230399999999999,15.307500202047128,0.0526628175120549,2192.1034703297582,-1.248471356575063
lng,LTE,BEC,solar,LTE_H_BEC_C_solar_E,Austria,1,2024,401.1027850494916,1955.4622583764728,2356.5650434259646,-1.348875209920857,54.43905545807985,0.0738038423273236,28.929782082959928,0.0082399999999999,0.0,0.0,2439.9338809670044,-1.2668313675935337
lng,LTE,BEC,solar,LTE_H_BEC_C_solar_E,Finland,1,2024,416.5298152437028,2743.151238588401,3159.681053832104,-1.348875209920857,27.22434438169863,0.0369084511717668,15.940927547689158,0.0057599999999999,7.807709183324688,0.0268610784570582,3210.654034944817,-1.279345680292032
lng,LTE,BEC,solar,LTE_H_BEC_C_solar_E,Portugal,1,2024,350.96493691830517,1449.0544658674378,1800.0194027857428,-1.348875209920857,12.817872374283043,0.0173773814354991,16.803559322589937,0.00896,7.71666717802024,0.0265478641210794,1837.3575016606362,-1.2959899643642783
lng,LTE,BEC,solar,LTE_H_BEC_C_solar_E,Germany,1,2024,397.2460275009388,1958.2309907453628,2355.4770182463017,-1.348875209920857,27.861242502357104,0.0377719034870231,28.316995716777623,0.02752,0.0,0.0,2411.655256465436,-1.2835833064338338
lng,LTE,BEC,solar,LTE_H_BEC_C_solar_E,Greece,1,2024,354.82169446685793,1383.4118482404642,1738.2335427073222,-1.348875209920857,11.184540606351485,0.0151630491100337,24.136345688772245,0.0256,19.28989298501403,0.0663635538584547,1792.8443219874598,-1.2417486069523687
lng,LTE,BEC,solar,LTE_H_BEC_C_solar_E,France,1,2024,389.5325124038332,1632.8418171186245,2022.3743295224576,-1.348875209920857,38.404076242702544,0.0520649809937556,20.531422984413005,0.0035199999999999,0.0,0.0,2081.309828749573,-1.2932902289271013
lng,LTE,BEC,solar,LTE_H_BEC_C_solar_E,Brazil,1,2024,354.82169446685793,1791.680438708226,2146.502133175084,-1.348875209920857,102.99809327173692,0.1396360567221048,15.176345688772244,0.0082399999999999,37.200579700505514,0.1279821861343748,2301.8771518360986,-1.0730169670643774
lng,LTE,BEC,solar,LTE_H_BEC_C_solar_E,United Kingdom,1,2024,410.7446789208736,2061.8715587320403,2472.6162376529137,-1.348875209920857,18.53994207479783,0.0251348769763235,40.9817479984157,0.01688,3.630648102871035,0.0124906193675186,2535.768575828998,-1.294369713577015
lng,LTE,BEC,solar,LTE_H_BEC_C_solar_E,Spain,1,2024,358.67845201541076,1255.03705625393,1613.715508269341,-1.348875209920857,31.30247157646122,0.042437229251041,15.949132054954552,0.01168,9.520354774212615,0.0327531405851185,1670.4874666749693,-1.2620048400846975
lng,LTE,BEC,solar,LTE_H_BEC_C_solar_E,Sweden,1,2024,424.2433303408085,2836.6149965607488,3260.858326901557,-1.348875209920857,33.07840154431364,0.0448448840905465,11.52280028005377,0.0028799999999999,3.31854791959344,0.0114168924506162,3308.778076645518,-1.2897334333796944
lng,LTE,BEC,solar,LTE_H_BEC_C_solar_E,Czech Republic,1,2024,350.96493691830517,1857.6243688132383,2208.589305731544,-1.348875209920857,51.82922071370271,0.0702656503004119,23.283559322589937,0.03312,0.0,0.0,2283.7020857678367,-1.245489559620445
lng,LTE,BEC,solar,LTE_H_BEC_C_solar_E,Japan,1,2024,416.5298152437028,2917.7524434248826,3334.282258668585,-1.348875209920857,12.977661099092396,0.0175940094014379,22.260927547689153,0.03856,77.30846684554109,0.2659664627068899,3446.8293141609083,-1.0267547378125292
lng,LTE,BEC,solar,LTE_H_BEC_C_solar_E,Belgium,1,2024,395.3176487266624,2617.8102445487416,3013.127893275404,-1.348875209920857,9.461820518818865,0.0128275317017224,26.37060253368647,0.01104,0.0,0.0,3048.9603163279094,-1.3250076782191347
lng,LTE,BEC,solar,LTE_H_BEC_C_solar_E,Poland,1,2024,356.7500732411343,3108.9102988945747,3465.660372135709,-1.348875209920857,16.004410049511293,0.0216974182578447,37.9227388718634,0.0492,5.811847391273151,0.0199946597768849,3525.3993684483567,-1.2579831318861274
lng,LTE,BEC,solar,LTE_H_BEC_C_solar_E,India,1,2024,341.32304304692315,1411.294792923212,1752.6178359701353,-1.348875209920857,61.31609301406824,0.0831271450773518,14.831593407134172,0.0566399999999999,42.91830595173238,0.1476530383426261,1871.6838283430702,-1.0614550265008793
lng,LTE,BEC,solar,LTE_H_BEC_C_solar_E,Indonesia,1,2024,310.46898265850064,2014.1817414192565,2324.6507240777573,-1.348875209920857,21.19081700585028,0.0287287077985997,9.929302477675712,0.05168,64.82844830678646,0.2230311087837455,2420.59929186807,-1.0454353933385119
lng,LTE,BEC,solar,LTE_H_BEC_C_solar_E,South Korea,1,2024,362.5352095639636,1972.9050113878927,2335.440220951856,-1.348875209920857,10.383993350619884,0.0140777352128614,14.241918421136855,0.03312,74.66638919455023,0.2568768496838436,2434.732521918163,-1.044800625024152
lng,LTE,BEC,solar,LTE_H_BEC_C_solar_E,China,1,2024,352.89331569258155,1096.3326157984588,1449.2259314910405,-1.348875209920857,117.07828218326276,0.1587247795814752,12.189952505681092,0.0448,71.8908004684377,0.2473279148060095,1650.3849666484218,-0.8980225155333723
lng,LTE,BEC,solar,LTE_H_BEC_C_solar_E,United Arab Emirates,1,2024,368.3203458867927,769.3385666751193,1137.658912561912,-1.348875209920857,15.525975735670064,0.0210487976973739,13.84109797041032,0.03064,41.57821592775767,0.143042689464573,1208.60420219575,-1.15414372275891
lng,LTE,BEC,solar,LTE_H_BEC_C_solar_E,United States,1,2024,385.6757548552804,1704.1792223298974,2089.8549771851776,-1.348875209920857,132.4178586528644,0.1795208730038194,17.038636618230697,0.03072,22.577681561125654,0.0776746240865531,2261.889154017398,-1.0609597128304844
lng,LTE,BEC,solar,LTE_H_BEC_C_solar_E,Turkey,1,2024,352.89331569258155,2273.1270056903268,2626.020321382908,-1.348875209920857,14.367053340775968,0.0194776292598864,16.749952505681094,0.0376,23.35828389663454,0.0803601519520952,2680.4956111259994,-1.2114374287088754
lng,LTE,BEC,solar,LTE_H_BEC_C_solar_E,Australia,1,2024,395.3176487266624,1123.144118335325,1518.4617670619873,-1.348875209920857,117.82066045617007,0.1597312329179604,24.130602533686467,0.04416,65.95113324728365,0.2268935129231901,1726.3641632991275,-0.9180904640797065
lng,LTE,BEC,solar,LTE_H_BEC_C_solar_E,Malaysia,1,2024,337.4662854983703,1711.9264644611137,2049.392749959484,-1.348875209920857,10.778832326510203,0.0146130243224186,14.858807040951865,0.04832,56.29162476997725,0.1936616379937679,2131.3220140969233,-1.0922805476046706
lng,LTE,BEC,solar,LTE_H_BEC_C_solar_E,Canada,1,2024,393.389269952386,2586.663660312938,2980.052930265324,-1.348875209920857,167.7201837743543,0.2273807635755919,13.944209350595314,0.0139999999999999,20.458397233290732,0.0703835914332919,3182.1757206235643,-1.0371108549119732
lng,LTE,BEC,solar,LTE_H_BEC_C_solar_E,Mexico,1,2024,339.39466427264676,1783.801280477759,2123.195944750406,-1.348875209920857,47.986626418251255,0.065056187698186,21.525200224043015,0.042,34.464447055117745,0.1185689931054071,2227.172218447818,-1.123250029117264
lng,LTE,BEC,solar,LTE_H_BEC_C_solar_E,Thailand,1,2024,343.25142182119953,1429.231290515305,1772.4827123365048,-1.348875209920857,16.66138756714907,0.0225880925121339,15.017986590225323,0.04432,62.49514318275459,0.2150037744492733,1866.657229676634,-1.0669633429594498
lng,LTE,BEC,solar,LTE_H_BEC_C_solar_E,Russia,1,2024,364.46358833824,2500.2378861937605,2864.701474532,-1.348875209920857,205.1274017296293,0.2780942888681251,12.188311604228012,0.03592,8.377143565808982,0.0288201193568813,3090.394331431666,-1.0060408016958506
lng,LTE,BEC,solar,LTE_H_BEC_C_solar_E,Saudi Arabia,1,2024,368.3203458867927,1231.157736994152,1599.4780828809446,-1.348875209920857,42.18212397392533,0.0571869368527249,10.48109797041032,0.04416,26.16353792532288,0.0900111451931741,1678.304842750603,-1.157517127874958
lng,SMR,BEC,solar,SMR_H_BEC_C_solar_E,South Africa,1,2024,188.59062153405935,441.325503989205,629.9161255232643,2.9656000784558083,36.05304361240747,0.0488776508666503,12.135525238045703,0.05672,47.91999291028547,0.1648604807123136,726.024687284003,3.236058210034772
lng,SMR,BEC,solar,SMR_H_BEC_C_solar_E,Taiwan,1,2024,185.5651035415343,1030.1375767474683,1215.7026802890027,2.9656000784558083,8.910824241692303,0.0120805378015195,18.45634568877224,0.05088,68.52112477860437,0.2357351260693634,1311.5909749980717,3.264295742326691
lng,SMR,BEC,solar,SMR_H_BEC_C_solar_E,Switzerland,1,2024,222.8798254493429,4316.15621029979,4539.036035749133,2.9656000784558083,40.538576790060155,0.0549587553349742,28.47289346314492,0.00296,0.0,0.0,4608.047506002337,3.0235188337907823
lng,SMR,BEC,solar,SMR_H_BEC_C_solar_E,Singapore,1,2024,186.5736095390427,4614.662312227134,4801.235921766177,2.9656000784558083,0.5503414925855502,0.0007461061989998,27.9227388718634,0.03992,57.04210191937806,0.1962435253459939,4886.751104050004,3.2025097100008018
lng,SMR,BEC,solar,SMR_H_BEC_C_solar_E,Hungary,1,2024,181.531079551501,1715.356293998443,1896.887373549944,2.9656000784558083,76.80742832481737,0.1041289802321632,20.75077295640763,0.01464,0.0,0.0,1994.445574831169,3.0843690586879715
lng,SMR,BEC,solar,SMR_H_BEC_C_solar_E,Philippines,1,2024,180.52257355399263,1002.482062402668,1183.0046359566606,2.9656000784558083,14.30847482008127,0.0193982134825784,16.72437977331648,0.04904,65.90453867693275,0.2267332123304705,1279.9420292269913,3.2607715042688574
lng,SMR,BEC,solar,SMR_H_BEC_C_solar_E,Netherlands,1,2024,206.74372948920947,2952.929560070623,3159.6732895598325,2.9656000784558083,6.791636792605323,0.0092075236568326,24.05060253368647,0.02024,0.0,0.0,3190.5155288861242,2.9950476021126407
lng,SMR,BEC,solar,SMR_H_BEC_C_solar_E,Norway,1,2024,228.93086143439297,2228.8130493872372,2457.7439108216304,2.9656000784558083,31.586172849052392,0.0428218473127285,15.911252561691846,0.00248,4.00931300443226,0.0137933507309631,2509.250649236807,3.0246952764994997
lng,SMR,BEC,solar,SMR_H_BEC_C_solar_E,Oman,1,2024,192.62464552409276,225.5631969831529,418.1878425072456,2.9656000784558083,26.719103995420006,0.0362234892176598,21.12109797041032,0.0436,40.64882895144683,0.1398452936726074,506.6768734245228,3.1852688613460756
lng,SMR,BEC,solar,SMR_H_BEC_C_solar_E,Italy,1,2024,193.63315152160104,3278.8140626102017,3472.447214131803,2.9656000784558083,18.21993296312582,0.0247010358337391,41.78749115350147,0.0230399999999999,15.307500202047128,0.0526628175120549,3547.7621384504773,3.066003931801602
lng,SMR,BEC,solar,SMR_H_BEC_C_solar_E,Austria,1,2024,209.76924748173448,2789.6481758638233,2999.417423345558,2.9656000784558083,54.43905545807985,0.0738038423273236,28.929782082959928,0.0082399999999999,0.0,0.0,3082.7862608865976,3.047643920783132
lng,SMR,BEC,solar,SMR_H_BEC_C_solar_E,Finland,1,2024,217.8372954618012,2982.3601542210017,3200.197449682803,2.9656000784558083,27.22434438169863,0.0369084511717668,15.940927547689158,0.0057599999999999,7.807709183324688,0.0268610784570582,3251.1704307955156,3.0351296080846333
lng,SMR,BEC,solar,SMR_H_BEC_C_solar_E,Portugal,1,2024,183.5480915465177,2536.990033884701,2720.5381254312188,2.9656000784558083,12.817872374283043,0.0173773814354991,16.803559322589937,0.00896,7.71666717802024,0.0265478641210794,2757.876224306112,3.018485324012387
lng,SMR,BEC,solar,SMR_H_BEC_C_solar_E,Germany,1,2024,207.7522354867178,2608.8101480384694,2816.562383525187,2.9656000784558083,27.861242502357104,0.0377719034870231,28.316995716777623,0.02752,0.0,0.0,2872.7406217443217,3.0308919819428315
lng,SMR,BEC,solar,SMR_H_BEC_C_solar_E,Greece,1,2024,185.5651035415343,1414.9672495439618,1600.5323530854962,2.9656000784558083,11.184540606351485,0.0151630491100337,24.136345688772245,0.0256,19.28989298501403,0.0663635538584547,1655.1431323656338,3.0727266814242964
lng,SMR,BEC,solar,SMR_H_BEC_C_solar_E,France,1,2024,203.7182114966845,2877.2973953606916,3081.015606857376,2.9656000784558083,38.404076242702544,0.0520649809937556,20.531422984413005,0.0035199999999999,0.0,0.0,3139.9511060844916,3.021185059449564
lng,SMR,BEC,solar,SMR_H_BEC_C_solar_E,Brazil,1,2024,185.5651035415343,2776.1294026202836,2961.694506161818,2.9656000784558083,102.99809327173692,0.1396360567221048,15.176345688772244,0.0082399999999999,37.200579700505514,0.1279821861343748,3117.0695248228326,3.2414583213122876
lng,SMR,BEC,solar,SMR_H_BEC_C_solar_E,United Kingdom,1,2024,214.81177746927617,2145.2180441302844,2360.0298215995604,2.9656000784558083,18.53994207479783,0.0251348769763235,40.9817479984157,0.01688,3.630648102871035,0.0124906193675186,2423.182159775645,3.0201055747996506
lng,SMR,BEC,solar,SMR_H_BEC_C_solar_E,Spain,1,2024,187.58211553655104,2115.8748550124724,2303.4569705490235,2.9656000784558083,31.30247157646122,0.042437229251041,15.949132054954552,0.01168,9.520354774212615,0.0327531405851185,2360.228928954652,3.052470448291968
lng,SMR,BEC,solar,SMR_H_BEC_C_solar_E,Sweden,1,2024,221.87131945183455,4353.0710247039615,4574.942344155796,2.9656000784558083,33.07840154431364,0.0448448840905465,11.52280028005377,0.0028799999999999,3.31854791959344,0.0114168924506162,4622.8620938997565,3.0247418549969707
lng,SMR,BEC,solar,SMR_H_BEC_C_solar_E,Czech Republic,1,2024,183.5480915465177,2140.460138510578,2324.0082300570957,2.9656000784558083,51.82922071370271,0.0702656503004119,23.283559322589937,0.03312,0.0,0.0,2399.1210100933886,3.06898572875622
lng,SMR,BEC,solar,SMR_H_BEC_C_solar_E,Japan,1,2024,217.8372954618012,2270.64823371448,2488.485529176281,2.9656000784558083,12.977661099092396,0.0175940094014379,22.260927547689153,0.03856,77.30846684554109,0.2659664627068899,2601.032584668604,3.287720550564136
lng,SMR,BEC,solar,SMR_H_BEC_C_solar_E,Belgium,1,2024,206.74372948920947,1747.6334036964492,1954.3771331856587,2.9656000784558083,9.461820518818865,0.0128275317017224,26.37060253368647,0.01104,0.0,0.0,1990.2095562381642,2.9894676101575306
lng,SMR,BEC,solar,SMR_H_BEC_C_solar_E,Poland,1,2024,186.5736095390427,2398.073857605542,2584.6474671445844,2.9656000784558083,16.004410049511293,0.0216974182578447,37.9227388718634,0.0492,5.811847391273151,0.0199946597768849,2644.386463457232,3.056492156490538
lng,SMR,BEC,solar,SMR_H_BEC_C_solar_E,India,1,2024,178.50556155897596,1559.4744200680564,1737.9799816270324,2.9656000784558083,61.31609301406824,0.0831271450773518,14.831593407134172,0.0566399999999999,42.91830595173238,0.1476530383426261,1857.0459739999674,3.2530202618757857
lng,SMR,BEC,solar,SMR_H_BEC_C_solar_E,Indonesia,1,2024,162.3694655988425,2448.910884332005,2611.2803499308475,2.9656000784558083,21.19081700585028,0.0287287077985997,9.929302477675712,0.05168,64.82844830678646,0.2230311087837455,2707.22891772116,3.2690398950381536
lng,SMR,BEC,solar,SMR_H_BEC_C_solar_E,South Korea,1,2024,189.59912753156772,1802.11745934569,1991.716586877258,2.9656000784558083,10.383993350619884,0.0140777352128614,14.241918421136855,0.03312,74.66638919455023,0.2568768496838436,2091.008887843565,3.2696746633525136
lng,SMR,BEC,solar,SMR_H_BEC_C_solar_E,China,1,2024,184.556597544026,1549.9545151850898,1734.511112729116,2.9656000784558083,117.07828218326276,0.1587247795814752,12.189952505681092,0.0448,71.8908004684377,0.2473279148060095,1935.6701478864973,3.416452772843293
lng,SMR,BEC,solar,SMR_H_BEC_C_solar_E,United Arab Emirates,1,2024,192.62464552409276,211.82334367838075,404.44798920247354,2.9656000784558083,15.525975735670064,0.0210487976973739,13.84109797041032,0.03064,41.57821592775767,0.143042689464573,475.39327883631154,3.160331565617755
lng,SMR,BEC,solar,SMR_H_BEC_C_solar_E,United States,1,2024,201.70119950166776,1078.7172509880522,1280.41845048972,2.9656000784558083,132.4178586528644,0.1795208730038194,17.038636618230697,0.03072,22.577681561125654,0.0776746240865531,1452.4526273219408,3.253515575546181
lng,SMR,BEC,solar,SMR_H_BEC_C_solar_E,Turkey,1,2024,184.556597544026,930.305412750978,1114.8620102950042,2.9656000784558083,14.367053340775968,0.0194776292598864,16.749952505681094,0.0376,23.35828389663454,0.0803601519520952,1169.3373000380957,3.10303785966779
lng,SMR,BEC,solar,SMR_H_BEC_C_solar_E,Australia,1,2024,206.74372948920947,1355.7193348869644,1562.463064376174,2.9656000784558083,117.82066045617007,0.1597312329179604,24.130602533686467,0.04416,65.95113324728365,0.2268935129231901,1770.3654606133143,3.396384824296959
lng,SMR,BEC,solar,SMR_H_BEC_C_solar_E,Malaysia,1,2024,176.48854956395928,862.504808266806,1038.9933578307653,2.9656000784558083,10.778832326510203,0.0146130243224186,14.858807040951865,0.04832,56.29162476997725,0.1936616379937679,1120.9226219682046,3.222194740771995
lng,SMR,BEC,solar,SMR_H_BEC_C_solar_E,Canada,1,2024,205.7352234917011,719.3067100605444,925.0419335522456,2.9656000784558083,167.7201837743543,0.2273807635755919,13.944209350595314,0.0139999999999999,20.458397233290732,0.0703835914332919,1127.164723910486,3.2773644334646916
lng,SMR,BEC,solar,SMR_H_BEC_C_solar_E,Mexico,1,2024,177.49705556146765,551.0196078691945,728.5166634306621,2.9656000784558083,47.986626418251255,0.065056187698186,21.525200224043015,0.042,34.464447055117745,0.1185689931054071,832.4929371280741,3.1912252592594013
lng,SMR,BEC,solar,SMR_H_BEC_C_solar_E,Thailand,1,2024,179.51406755648432,922.643283959446,1102.1573515159305,2.9656000784558083,16.66138756714907,0.0225880925121339,15.017986590225323,0.04432,62.49514318275459,0.2150037744492733,1196.3318688560596,3.2475119454172154
lng,SMR,BEC,solar,SMR_H_BEC_C_solar_E,Russia,1,2024,190.60763352907605,396.43199214542153,587.0396256744975,2.9656000784558083,205.1274017296293,0.2780942888681251,12.188311604228012,0.03592,8.377143565808982,0.0288201193568813,812.7324825741639,3.308434486680815
lng,SMR,BEC,solar,SMR_H_BEC_C_solar_E,Saudi Arabia,1,2024,192.62464552409276,220.6903165284297,413.3149620525225,2.9656000784558083,42.18212397392533,0.0571869368527249,10.48109797041032,0.04416,26.16353792532288,0.0900111451931741,492.14172192218103,3.1569581605017074
lng,SMRCCS,BEC,solar,SMRCCS_H_BEC_C_solar_E,South Africa,1,2024,325.25890869973006,590.3596503157921,915.618559015522,-1.3313809766234774,36.05304361240747,0.0488776508666503,12.135525238045703,0.05672,47.91999291028547,0.1648604807123136,1011.7271207762607,-1.0609228450445134
lng,SMRCCS,BEC,solar,SMRCCS_H_BEC_C_solar_E,Taiwan,1,2024,320.0408513409108,1312.2900434039293,1632.3308947448402,-1.3313809766234774,8.910824241692303,0.0120805378015195,18.45634568877224,0.05088,68.52112477860437,0.2357351260693634,1728.2191894539092,-1.0326853127525946
lng,SMRCCS,BEC,solar,SMRCCS_H_BEC_C_solar_E,Switzerland,1,2024,384.39689209968094,5477.496414619069,5861.89330671875,-1.3313809766234774,40.538576790060155,0.0549587553349742,28.47289346314492,0.00296,0.0,0.0,5930.904776971955,-1.2734622212885032
lng,SMRCCS,BEC,solar,SMRCCS_H_BEC_C_solar_E,Singapore,1,2024,321.7802037938506,5864.455938720085,6186.236142513936,-1.3313809766234774,0.5503414925855502,0.0007461061989998,27.9227388718634,0.03992,57.04210191937806,0.1962435253459939,6271.751324797763,-1.0944713450784838
lng,SMRCCS,BEC,solar,SMRCCS_H_BEC_C_solar_E,Hungary,1,2024,313.0834415291519,2209.773714479498,2522.8571560086493,-1.3313809766234774,76.80742832481737,0.1041289802321632,20.75077295640763,0.01464,0.0,0.0,2620.4153572898745,-1.2126119963913142
lng,SMRCCS,BEC,solar,SMRCCS_H_BEC_C_solar_E,Philippines,1,2024,311.34408907621213,1292.346654205195,1603.6907432814069,-1.3313809766234774,14.30847482008127,0.0193982134825784,16.72437977331648,0.04904,65.90453867693275,0.2267332123304705,1700.6281365517375,-1.0362095508104288
lng,SMRCCS,BEC,solar,SMRCCS_H_BEC_C_solar_E,Netherlands,1,2024,356.5672528526452,3756.4472377163,4113.014490568945,-1.3313809766234774,6.791636792605323,0.0092075236568326,24.05060253368647,0.02024,0.0,0.0,4143.856729895237,-1.3019334529666449
lng,SMRCCS,BEC,solar,SMRCCS_H_BEC_C_solar_E,Norway,1,2024,394.8330068173193,2852.5761071572915,3247.4091139746106,-1.3313809766234774,31.586172849052392,0.0428218473127285,15.911252561691846,0.00248,4.00931300443226,0.0137933507309631,3298.9158523897872,-1.2722857785797859
lng,SMRCCS,BEC,solar,SMRCCS_H_BEC_C_solar_E,Oman,1,2024,332.21631851148896,299.89117191100934,632.1074904224984,-1.3313809766234774,26.719103995420006,0.0362234892176598,21.12109797041032,0.0436,40.64882895144683,0.1398452936726074,720.5965213397756,-1.1117121937332102
lng,SMRCCS,BEC,solar,SMRCCS_H_BEC_C_solar_E,Italy,1,2024,333.9556709644287,4165.894885035358,4499.850555999787,-1.3313809766234774,18.21993296312582,0.0247010358337391,41.78749115350147,0.0230399999999999,15.307500202047128,0.0526628175120549,4575.165480318461,-1.2309771232776834
lng,SMRCCS,BEC,solar,SMRCCS_H_BEC_C_solar_E,Austria,1,2024,361.7853102114644,3549.020513834215,3910.8058240456794,-1.3313809766234774,54.43905545807985,0.0738038423273236,28.929782082959928,0.0082399999999999,0.0,0.0,3994.174661586719,-1.2493371342961541
lng,SMRCCS,BEC,solar,SMRCCS_H_BEC_C_solar_E,Finland,1,2024,375.7001298349823,3811.188700066158,4186.8888299011405,-1.3313809766234774,27.22434438169863,0.0369084511717668,15.940927547689158,0.0057599999999999,7.807709183324688,0.0268610784570582,4237.861811013853,-1.2618514469946525
lng,SMRCCS,BEC,solar,SMRCCS_H_BEC_C_solar_E,Portugal,1,2024,316.56214643503137,3229.7565119845353,3546.318658419567,-1.3313809766234774,12.817872374283043,0.0173773814354991,16.803559322589937,0.00896,7.71666717802024,0.0265478641210794,3583.65675729446,-1.2784957310668987
lng,SMRCCS,BEC,solar,SMRCCS_H_BEC_C_solar_E,Germany,1,2024,358.3066053055849,3319.645951078853,3677.952556384438,-1.3313809766234774,27.861242502357104,0.0377719034870231,28.316995716777623,0.02752,0.0,0.0,3734.1307946035727,-1.2660890731364542
lng,SMRCCS,BEC,solar,SMRCCS_H_BEC_C_solar_E,Greece,1,2024,320.0408513409108,1804.5069312267824,2124.547782567693,-1.3313809766234774,11.184540606351485,0.0151630491100337,24.136345688772245,0.0256,19.28989298501403,0.0663635538584547,2179.1585618478307,-1.2242543736549891
lng,SMRCCS,BEC,solar,SMRCCS_H_BEC_C_solar_E,France,1,2024,351.349195493826,3653.8793621621303,4005.2285576559566,-1.3313809766234774,38.404076242702544,0.0520649809937556,20.531422984413005,0.0035199999999999,0.0,0.0,4064.164056883072,-1.2757959956297218
lng,SMRCCS,BEC,solar,SMRCCS_H_BEC_C_solar_E,Brazil,1,2024,320.0408513409108,3540.159244944071,3860.2000962849816,-1.3313809766234774,102.99809327173692,0.1396360567221048,15.176345688772244,0.0082399999999999,37.200579700505514,0.1279821861343748,4015.575114945996,-1.055522733766998
lng,SMRCCS,BEC,solar,SMRCCS_H_BEC_C_solar_E,United Kingdom,1,2024,370.482072476163,2740.50140694138,3110.983479417543,-1.3313809766234774,18.53994207479783,0.0251348769763235,40.9817479984157,0.01688,3.630648102871035,0.0124906193675186,3174.1358175936275,-1.2768754802796354
lng,SMRCCS,BEC,solar,SMRCCS_H_BEC_C_solar_E,Spain,1,2024,323.5195562467903,2687.323958340579,3010.843514587369,-1.3313809766234774,31.30247157646122,0.042437229251041,15.949132054954552,0.01168,9.520354774212615,0.0327531405851185,3067.6154729929976,-1.244510606787318
lng,SMRCCS,BEC,solar,SMRCCS_H_BEC_C_solar_E,Sweden,1,2024,382.6575396467412,5548.005304585622,5930.662844232364,-1.3313809766234774,33.07840154431364,0.0448448840905465,11.52280028005377,0.0028799999999999,3.31854791959344,0.0114168924506162,5978.5825939763245,-1.2722392000823148
lng,SMRCCS,BEC,solar,SMRCCS_H_BEC_C_solar_E,Czech Republic,1,2024,316.56214643503137,2737.6132613515024,3054.175407786534,-1.3313809766234774,51.82922071370271,0.0702656503004119,23.283559322589937,0.03312,0.0,0.0,3129.288187822827,-1.2279953263230654
lng,SMRCCS,BEC,solar,SMRCCS_H_BEC_C_solar_E,Japan,1,2024,375.7001298349823,2916.6695257532465,3292.369655588229,-1.3313809766234774,12.977661099092396,0.0175940094014379,22.260927547689153,0.03856,77.30846684554109,0.2659664627068899,3404.916711080552,-1.0092605045151497
lng,SMRCCS,BEC,solar,SMRCCS_H_BEC_C_solar_E,Belgium,1,2024,356.5672528526452,2240.447736425592,2597.014989278237,-1.3313809766234774,9.461820518818865,0.0128275317017224,26.37060253368647,0.01104,0.0,0.0,2632.8474123307424,-1.3075134449217551
lng,SMRCCS,BEC,solar,SMRCCS_H_BEC_C_solar_E,Poland,1,2024,321.7802037938506,3089.982814250852,3411.763018044702,-1.3313809766234774,16.004410049511293,0.0216974182578447,37.9227388718634,0.0492,5.811847391273151,0.0199946597768849,3471.5020143573497,-1.240488898588748
lng,SMRCCS,BEC,solar,SMRCCS_H_BEC_C_solar_E,India,1,2024,307.86538417033273,1993.0139353421623,2300.8793195124954,-1.3313809766234774,61.31609301406824,0.0831271450773518,14.831593407134172,0.0566399999999999,42.91830595173238,0.1476530383426261,2419.9453118854303,-1.0439607932034995
lng,SMRCCS,BEC,solar,SMRCCS_H_BEC_C_solar_E,Indonesia,1,2024,280.035744923297,3132.34809534794,3412.383840271237,-1.3313809766234774,21.19081700585028,0.0287287077985997,9.929302477675712,0.05168,64.82844830678646,0.2230311087837455,3508.33240806155,-1.0279411600411323
lng,SMRCCS,BEC,solar,SMRCCS_H_BEC_C_solar_E,South Korea,1,2024,326.9982611526697,2303.663717796705,2630.6619789493748,-1.3313809766234774,10.383993350619884,0.0140777352128614,14.241918421136855,0.03312,74.66638919455023,0.2568768496838436,2729.9542799156816,-1.0273063917267724
lng,SMRCCS,BEC,solar,SMRCCS_H_BEC_C_solar_E,China,1,2024,318.3014988879711,1973.55974507691,2291.8612439648814,-1.3313809766234774,117.07828218326276,0.1587247795814752,12.189952505681092,0.0448,71.8908004684377,0.2473279148060095,2493.0202791222628,-0.8805282822359928
lng,SMRCCS,BEC,solar,SMRCCS_H_BEC_C_solar_E,United Arab Emirates,1,2024,332.21631851148896,271.8078181816945,604.0241366931834,-1.3313809766234774,15.525975735670064,0.0210487976973739,13.84109797041032,0.03064,41.57821592775767,0.143042689464573,674.9694263270216,-1.1366494894615307
lng,SMRCCS,BEC,solar,SMRCCS_H_BEC_C_solar_E,United States,1,2024,347.87049058794656,1376.9061700659984,1724.7766606539449,-1.3313809766234774,132.4178586528644,0.1795208730038194,17.038636618230697,0.03072,22.577681561125654,0.0776746240865531,1896.8108374861656,-1.0434654795331049
lng,SMRCCS,BEC,solar,SMRCCS_H_BEC_C_solar_E,Turkey,1,2024,318.3014988879711,1213.075050022724,1531.376548910695,-1.3313809766234774,14.367053340775968,0.0194776292598864,16.749952505681094,0.0376,23.35828389663454,0.0803601519520952,1585.8518386537864,-1.1939431954114959
lng,SMRCCS,BEC,solar,SMRCCS_H_BEC_C_solar_E,Australia,1,2024,356.5672528526452,1716.678530347723,2073.2457832003684,-1.3313809766234774,117.82066045617007,0.1597312329179604,24.130602533686467,0.04416,65.95113324728365,0.2268935129231901,2281.1481794375086,-0.900596230782327
lng,SMRCCS,BEC,solar,SMRCCS_H_BEC_C_solar_E,Malaysia,1,2024,304.3866792644532,1115.949819860306,1420.3364991247593,-1.3313809766234774,10.778832326510203,0.0146130243224186,14.858807040951865,0.04832,56.29162476997725,0.1936616379937679,1502.2657632621986,-1.074786314307291
lng,SMRCCS,BEC,solar,SMRCCS_H_BEC_C_solar_E,Canada,1,2024,354.82790039970547,944.4093300642944,1299.2372304639998,-1.3313809766234774,167.7201837743543,0.2273807635755919,13.944209350595314,0.0139999999999999,20.458397233290732,0.0703835914332919,1501.3600208222401,-1.0196166216145939
lng,SMRCCS,BEC,solar,SMRCCS_H_BEC_C_solar_E,Mexico,1,2024,306.12603171739295,723.1631980017432,1029.289229719136,-1.3313809766234774,47.986626418251255,0.065056187698186,21.525200224043015,0.042,34.464447055117745,0.1185689931054071,1133.265503416548,-1.1057557958198843
lng,SMRCCS,BEC,solar,SMRCCS_H_BEC_C_solar_E,Thailand,1,2024,309.6047366232724,1187.1344085785822,1496.7391452018546,-1.3313809766234774,16.66138756714907,0.0225880925121339,15.017986590225323,0.04432,62.49514318275459,0.2150037744492733,1590.9136625419837,-1.0494691096620703
lng,SMRCCS,BEC,solar,SMRCCS_H_BEC_C_solar_E,Russia,1,2024,328.7376136056095,542.8928755952766,871.6304892008861,-1.3313809766234774,205.1274017296293,0.2780942888681251,12.188311604228012,0.03592,8.377143565808982,0.0288201193568813,1097.3233461005525,-0.9885465683984711
lng,SMRCCS,BEC,solar,SMRCCS_H_BEC_C_solar_E,Saudi Arabia,1,2024,332.21631851148896,293.19681068165863,625.4131291931476,-1.3313809766234774,42.18212397392533,0.0571869368527249,10.48109797041032,0.04416,26.16353792532288,0.0900111451931741,704.2398890628061,-1.1400228945775783
lng,BG,BG,solar,BG_H_C_solar_E,South Africa,1,2024,294.96702578968717,766.115067135099,1061.082092924786,-1.7788154251235555,36.05304361240747,0.0488776508666503,12.135525238045703,0.05672,47.91999291028547,0.1648604807123136,1157.1906546855244,-1.5083572935445917
lng,BG,BG,solar,BG_H_C_solar_E,Taiwan,1,2024,290.23493446685796,809.0028528602767,1099.2377873271346,-1.7788154251235555,8.910824241692303,0.0120805378015195,18.45634568877224,0.05088,68.52112477860437,0.2357351260693634,1195.1260820362036,-1.4801197612526726
lng,BG,BG,solar,BG_H_C_solar_E,Switzerland,1,2024,348.59739411508485,1313.759884852415,1662.3572789675002,-1.7788154251235555,40.538576790060155,0.0549587553349742,28.47289346314492,0.00296,0.0,0.0,1731.3687492207052,-1.7208966697885812
lng,BG,BG,solar,BG_H_C_solar_E,Singapore,1,2024,291.8122982411344,1239.4505892413808,1531.2628874825152,-1.7788154251235555,0.5503414925855502,0.0007461061989998,27.9227388718634,0.03992,57.04210191937806,0.1962435253459939,1616.7780697663422,-1.5419057935785618
lng,BG,BG,solar,BG_H_C_solar_E,Hungary,1,2024,283.9254793697524,909.8095159819408,1193.7349953516932,-1.7788154251235555,76.80742832481737,0.1041289802321632,20.75077295640763,0.01464,0.0,0.0,1291.2931966329184,-1.6600464448913923
lng,BG,BG,solar,BG_H_C_solar_E,Philippines,1,2024,282.348115595476,798.5483703536465,1080.8964859491225,-1.7788154251235555,14.30847482008127,0.0193982134825784,16.72437977331648,0.04904,65.90453867693275,0.2267332123304705,1177.8338792194531,-1.4836439993105066
lng,BG,BG,solar,BG_H_C_solar_E,Netherlands,1,2024,323.35957372666235,1096.877538496858,1420.2371122235204,-1.7788154251235555,6.791636792605323,0.0092075236568326,24.05060253368647,0.02024,0.0,0.0,1451.0793515498121,-1.749367901466723
lng,BG,BG,solar,BG_H_C_solar_E,Norway,1,2024,358.06157676074326,1089.2453826523297,1447.3069594130727,-1.7788154251235555,31.586172849052392,0.0428218473127285,15.911252561691846,0.00248,4.00931300443226,0.0137933507309631,1498.8136978282491,-1.719720227079864
lng,BG,BG,solar,BG_H_C_solar_E,Oman,1,2024,301.2764808867928,730.3224357182149,1031.5989166050076,-1.7788154251235555,26.719103995420006,0.0362234892176598,21.12109797041032,0.0436,40.64882895144683,0.1398452936726074,1120.0879475222848,-1.5591466422332882
lng,BG,BG,solar,BG_H_C_solar_E,Italy,1,2024,302.85384466106916,1117.359271933535,1420.213116594604,-1.7788154251235555,18.21993296312582,0.0247010358337391,41.78749115350147,0.0230399999999999,15.307500202047128,0.0526628175120549,1495.5280409132781,-1.6784115717777615
lng,BG,BG,solar,BG_H_C_solar_E,Austria,1,2024,328.0916650494916,1096.472893047289,1424.5645580967807,-1.7788154251235555,54.43905545807985,0.0738038423273236,28.929782082959928,0.0082399999999999,0.0,0.0,1507.9333956378205,-1.6967715827962322
lng,BG,BG,solar,BG_H_C_solar_E,Finland,1,2024,340.71057524370286,1135.8590808181443,1476.5696560618474,-1.7788154251235555,27.22434438169863,0.0369084511717668,15.940927547689158,0.0057599999999999,7.807709183324688,0.0268610784570582,1527.5426371745598,-1.7092858954947305
lng,BG,BG,solar,BG_H_C_solar_E,Portugal,1,2024,287.0802069183052,974.7074192834622,1261.7876262017674,-1.7788154251235555,12.817872374283043,0.0173773814354991,16.803559322589937,0.00896,7.71666717802024,0.0265478641210794,1299.1257250766607,-1.7259301795669768
lng,BG,BG,solar,BG_H_C_solar_E,Germany,1,2024,324.93693750093877,1090.3372343870735,1415.2741718880122,-1.7788154251235555,27.861242502357104,0.0377719034870231,28.316995716777623,0.02752,0.0,0.0,1471.452410107147,-1.7135235216365323
lng,BG,BG,solar,BG_H_C_solar_E,Greece,1,2024,290.23493446685796,873.299819474498,1163.534753941356,-1.7788154251235555,11.184540606351485,0.0151630491100337,24.136345688772245,0.0256,19.28989298501403,0.0663635538584547,1218.1455332214937,-1.6716888221550672
lng,BG,BG,solar,BG_H_C_solar_E,France,1,2024,318.6274824038332,1091.230666755619,1409.8581491594523,-1.7788154251235555,38.404076242702544,0.0520649809937556,20.531422984413005,0.0035199999999999,0.0,0.0,1468.7936483865678,-1.7232304441297999
lng,BG,BG,solar,BG_H_C_solar_E,Brazil,1,2024,290.23493446685796,997.7664460792706,1288.0013805461283,-1.7788154251235555,102.99809327173692,0.1396360567221048,15.176345688772244,0.0082399999999999,37.200579700505514,0.1279821861343748,1443.376399207143,-1.502957182267076
lng,BG,BG,solar,BG_H_C_solar_E,United Kingdom,1,2024,335.9784839208736,1004.509509995686,1340.4879939165596,-1.7788154251235555,18.53994207479783,0.0251348769763235,40.9817479984157,0.01688,3.630648102871035,0.0124906193675186,1403.6403320926443,-1.7243099287797135
lng,BG,BG,solar,BG_H_C_solar_E,Spain,1,2024,293.38966201541075,963.6270065660442,1257.016668581455,-1.7788154251235555,31.30247157646122,0.042437229251041,15.949132054954552,0.01168,9.520354774212615,0.0327531405851185,1313.7886269870833,-1.691945055287396
lng,BG,BG,solar,BG_H_C_solar_E,Sweden,1,2024,347.0200303408085,1283.9491672213844,1630.969197562193,-1.7788154251235555,33.07840154431364,0.0448448840905465,11.52280028005377,0.0028799999999999,3.31854791959344,0.0114168924506162,1678.8889473061538,-1.719673648582393
lng,BG,BG,solar,BG_H_C_solar_E,Czech Republic,1,2024,287.0802069183052,946.8987889446004,1233.978995862905,-1.7788154251235555,51.82922071370271,0.0702656503004119,23.283559322589937,0.03312,0.0,0.0,1309.0917758991977,-1.6754297748231435
lng,BG,BG,solar,BG_H_C_solar_E,Japan,1,2024,340.71057524370286,1031.628402511943,1372.3389777556458,-1.7788154251235555,12.977661099092396,0.0175940094014379,22.260927547689153,0.03856,77.30846684554109,0.2659664627068899,1484.8860332479683,-1.4566949530152278
lng,BG,BG,solar,BG_H_C_solar_E,Belgium,1,2024,323.35957372666235,1031.949868130299,1355.3094418569613,-1.7788154251235555,9.461820518818865,0.0128275317017224,26.37060253368647,0.01104,0.0,0.0,1391.1418649094667,-1.7549478934218332
lng,BG,BG,solar,BG_H_C_solar_E,Poland,1,2024,291.8122982411344,997.3363916081228,1289.1486898492572,-1.7788154251235555,16.004410049511293,0.0216974182578447,37.9227388718634,0.0492,5.811847391273151,0.0199946597768849,1348.887686161905,-1.687923347088826
lng,BG,BG,solar,BG_H_C_solar_E,India,1,2024,279.19338804692313,846.955976417632,1126.1493644645552,-1.7788154251235555,61.31609301406824,0.0831271450773518,14.831593407134172,0.0566399999999999,42.91830595173238,0.1476530383426261,1245.2153568374902,-1.4913952417035778
lng,BG,BG,solar,BG_H_C_solar_E,Indonesia,1,2024,253.95556765850068,948.022383221214,1201.9779508797146,-1.7788154251235555,21.19081700585028,0.0287287077985997,9.929302477675712,0.05168,64.82844830678646,0.2230311087837455,1297.926518670027,-1.4753756085412104
lng,BG,BG,solar,BG_H_C_solar_E,South Korea,1,2024,296.54438956396353,947.3895312927308,1243.9339208566944,-1.7788154251235555,10.383993350619884,0.0140777352128614,14.241918421136855,0.03312,74.66638919455023,0.2568768496838436,1343.2262218230014,-1.4747408402268505
lng,BG,BG,solar,BG_H_C_solar_E,China,1,2024,288.6575706925816,845.7152218722165,1134.372792564798,-1.7788154251235555,117.07828218326276,0.1587247795814752,12.189952505681092,0.0448,71.8908004684377,0.2473279148060095,1335.5318277221793,-1.3279627307360709
lng,BG,BG,solar,BG_H_C_solar_E,United Arab Emirates,1,2024,301.2764808867928,715.7046263367262,1016.981107223519,-1.7788154251235555,15.525975735670064,0.0210487976973739,13.84109797041032,0.03064,41.57821592775767,0.143042689464573,1087.926396857357,-1.5840839379616085
lng,BG,BG,solar,BG_H_C_solar_E,United States,1,2024,315.47275485528036,916.9929563158854,1232.4657111711658,-1.7788154251235555,132.4178586528644,0.1795208730038194,17.038636618230697,0.03072,22.577681561125654,0.0776746240865531,1404.4998880033866,-1.490899928033183
lng,BG,BG,solar,BG_H_C_solar_E,Turkey,1,2024,288.6575706925816,820.0181370578612,1108.6757077504428,-1.7788154251235555,14.367053340775968,0.0194776292598864,16.749952505681094,0.0376,23.35828389663454,0.0803601519520952,1163.1509974935343,-1.641377643911574
lng,BG,BG,solar,BG_H_C_solar_E,Australia,1,2024,323.35957372666235,928.6620087790212,1252.0215825056837,-1.7788154251235555,117.82066045617007,0.1597312329179604,24.130602533686467,0.04416,65.95113324728365,0.2268935129231901,1459.923978742824,-1.348030679282405
lng,BG,BG,solar,BG_H_C_solar_E,Malaysia,1,2024,276.03866049837035,789.7966180184237,1065.835278516794,-1.7788154251235555,10.778832326510203,0.0146130243224186,14.858807040951865,0.04832,56.29162476997725,0.1936616379937679,1147.7645426542333,-1.5222207628073692
lng,BG,BG,solar,BG_H_C_solar_E,Canada,1,2024,321.782209952386,879.2078123687361,1200.990022321122,-1.7788154251235555,167.7201837743543,0.2273807635755919,13.944209350595314,0.0139999999999999,20.458397233290732,0.0703835914332919,1403.1128126793624,-1.4670510701146717
lng,BG,BG,solar,BG_H_C_solar_E,Mexico,1,2024,277.61602427264677,762.6837619955703,1040.299786268217,-1.7788154251235555,47.986626418251255,0.065056187698186,21.525200224043015,0.042,34.464447055117745,0.1185689931054071,1144.276059965629,-1.5531902443199626
lng,BG,BG,solar,BG_H_C_solar_E,Thailand,1,2024,280.77075182119955,784.5449174977007,1065.3156693189003,-1.7788154251235555,16.66138756714907,0.0225880925121339,15.017986590225323,0.04432,62.49514318275459,0.2150037744492733,1159.4901866590294,-1.4969035581621484
lng,BG,BG,solar,BG_H_C_solar_E,Russia,1,2024,298.12175333823996,766.7108193497145,1064.8325726879543,-1.7788154251235555,205.1274017296293,0.2780942888681251,12.188311604228012,0.03592,8.377143565808982,0.0288201193568813,1290.5254295876207,-1.4359810168985492
lng,BG,BG,solar,BG_H_C_solar_E,Saudi Arabia,1,2024,301.2764808867928,726.3211594961537,1027.5976403829463,-1.7788154251235555,42.18212397392533,0.0571869368527249,10.48109797041032,0.04416,26.16353792532288,0.0900111451931741,1106.4244002526048,-1.5874573430776566
lng,ATRCCS,DAC,solar,ATRCCS_H_DAC_C_solar_E,South Africa,1,2024,282.2603481762618,1046.5943123418544,1328.8546605181164,-1.4889709749647169,36.05304361240747,0.0488776508666503,12.135525238045703,0.05672,47.91999291028547,0.1648604807123136,1424.9632222788548,-1.218512843385753
lng,ATRCCS,DAC,solar,ATRCCS_H_DAC_C_solar_E,Taiwan,1,2024,277.73210729642864,1655.4062063076872,1933.138313604116,-1.4889709749647169,8.910824241692303,0.0120805378015195,18.45634568877224,0.05088,68.52112477860437,0.2357351260693634,2029.026608313185,-1.190275311093834
lng,ATRCCS,DAC,solar,ATRCCS_H_DAC_C_solar_E,Switzerland,1,2024,333.58041148103655,5253.858666597051,5587.439078078087,-1.4889709749647169,40.538576790060155,0.0549587553349742,28.47289346314492,0.00296,0.0,0.0,5656.450548331291,-1.4310522196297426
lng,ATRCCS,DAC,solar,ATRCCS_H_DAC_C_solar_E,Singapore,1,2024,279.2415209230397,5590.356134781761,5869.597655704801,-1.4889709749647169,0.5503414925855502,0.0007461061989998,27.9227388718634,0.03992,57.04210191937806,0.1962435253459939,5955.112837988628,-1.2520613434197232
lng,ATRCCS,DAC,solar,ATRCCS_H_DAC_C_solar_E,Hungary,1,2024,271.69445278998455,2454.3778614657067,2726.0723142556913,-1.4889709749647169,76.80742832481737,0.1041289802321632,20.75077295640763,0.01464,0.0,0.0,2823.6305155369164,-1.3702019947325537
lng,ATRCCS,DAC,solar,ATRCCS_H_DAC_C_solar_E,Philippines,1,2024,270.1850391633735,1648.0681122103656,1918.253151373739,-1.4889709749647169,14.30847482008127,0.0193982134825784,16.72437977331648,0.04904,65.90453867693275,0.2267332123304705,2015.1905446440696,-1.193799549151668
lng,ATRCCS,DAC,solar,ATRCCS_H_DAC_C_solar_E,Netherlands,1,2024,309.42979345526015,3766.61819866942,4076.04799212468,-1.4889709749647169,6.791636792605323,0.0092075236568326,24.05060253368647,0.02024,0.0,0.0,4106.890231450972,-1.4595234513078843
lng,ATRCCS,DAC,solar,ATRCCS_H_DAC_C_solar_E,Norway,1,2024,342.63689324070276,3003.6451235796135,3346.282016820316,-1.4889709749647169,31.586172849052392,0.0428218473127285,15.911252561691846,0.00248,4.00931300443226,0.0137933507309631,3397.7887552354928,-1.4298757769210253
lng,ATRCCS,DAC,solar,ATRCCS_H_DAC_C_solar_E,Oman,1,2024,288.2980026827058,775.6219792242491,1063.919981906955,-1.4889709749647169,26.719103995420006,0.0362234892176598,21.12109797041032,0.0436,40.64882895144683,0.1398452936726074,1152.4090128242321,-1.2693021920744496
lng,ATRCCS,DAC,solar,ATRCCS_H_DAC_C_solar_E,Italy,1,2024,289.8074163093168,4124.209159538502,4414.016575847819,-1.4889709749647169,18.21993296312582,0.0247010358337391,41.78749115350147,0.0230399999999999,15.307500202047128,0.0526628175120549,4489.331500166493,-1.3885671216189228
lng,ATRCCS,DAC,solar,ATRCCS_H_DAC_C_solar_E,Austria,1,2024,313.95803433509326,3592.511676862456,3906.4697111975497,-1.4889709749647169,54.43905545807985,0.0738038423273236,28.929782082959928,0.0082399999999999,0.0,0.0,3989.8385487385895,-1.4069271326373936
lng,ATRCCS,DAC,solar,ATRCCS_H_DAC_C_solar_E,Finland,1,2024,326.0333433479815,3830.9278902137767,4156.9612335617585,-1.4889709749647169,27.22434438169863,0.0369084511717668,15.940927547689158,0.0057599999999999,7.807709183324688,0.0268610784570582,4207.934214674471,-1.419441445335892
lng,ATRCCS,DAC,solar,ATRCCS_H_DAC_C_solar_E,Portugal,1,2024,274.7132800432066,3304.93663428674,3579.649914329947,-1.4889709749647169,12.817872374283043,0.0173773814354991,16.803559322589937,0.00896,7.71666717802024,0.0265478641210794,3616.98801320484,-1.4360857294081382
lng,ATRCCS,DAC,solar,ATRCCS_H_DAC_C_solar_E,Germany,1,2024,310.93920708187125,3387.2172104152432,3698.1564174971145,-1.4889709749647169,27.861242502357104,0.0377719034870231,28.316995716777623,0.02752,0.0,0.0,3754.334655716249,-1.4236790714776937
lng,ATRCCS,DAC,solar,ATRCCS_H_DAC_C_solar_E,Greece,1,2024,277.73210729642864,2081.5636374169894,2359.295744713418,-1.4889709749647169,11.184540606351485,0.0151630491100337,24.136345688772245,0.0256,19.28989298501403,0.0663635538584547,2413.9065239935558,-1.3818443719962286
lng,ATRCCS,DAC,solar,ATRCCS_H_DAC_C_solar_E,France,1,2024,304.9015525754271,3674.843508322816,3979.745060898243,-1.4889709749647169,38.404076242702544,0.0520649809937556,20.531422984413005,0.0035199999999999,0.0,0.0,4038.6805601253586,-1.4333859939709612
lng,ATRCCS,DAC,solar,ATRCCS_H_DAC_C_solar_E,Brazil,1,2024,277.73210729642864,3587.0801097889007,3864.8122170853294,-1.4889709749647169,102.99809327173692,0.1396360567221048,15.176345688772244,0.0082399999999999,37.200579700505514,0.1279821861343748,4020.187235746344,-1.2131127321082373
lng,ATRCCS,DAC,solar,ATRCCS_H_DAC_C_solar_E,United Kingdom,1,2024,321.5051024681483,2894.551855200527,3216.0569576686753,-1.4889709749647169,18.53994207479783,0.0251348769763235,40.9817479984157,0.01688,3.630648102871035,0.0124906193675186,3279.2092958447597,-1.4344654786208748
lng,ATRCCS,DAC,solar,ATRCCS_H_DAC_C_solar_E,Spain,1,2024,280.75093454965065,2832.1595870014835,3112.910521551134,-1.4889709749647169,31.30247157646122,0.042437229251041,15.949132054954552,0.01168,9.520354774212615,0.0327531405851185,3169.6824799567626,-1.4021006051285574
lng,ATRCCS,DAC,solar,ATRCCS_H_DAC_C_solar_E,Sweden,1,2024,332.07099785442557,5329.325327396131,5661.396325250556,-1.4889709749647169,33.07840154431364,0.0448448840905465,11.52280028005377,0.0028799999999999,3.31854791959344,0.0114168924506162,5709.316074994517,-1.4298291984235543
lng,ATRCCS,DAC,solar,ATRCCS_H_DAC_C_solar_E,Czech Republic,1,2024,274.7132800432066,2881.910404942448,3156.623684985655,-1.4889709749647169,51.82922071370271,0.0702656503004119,23.283559322589937,0.03312,0.0,0.0,3231.736465021948,-1.3855853246643048
lng,ATRCCS,DAC,solar,ATRCCS_H_DAC_C_solar_E,Japan,1,2024,326.0333433479815,3077.5789265375893,3403.61226988557,-1.4889709749647169,12.977661099092396,0.0175940094014379,22.260927547689153,0.03856,77.30846684554109,0.2659664627068899,3516.1593253778933,-1.1668505028563891
lng,ATRCCS,DAC,solar,ATRCCS_H_DAC_C_solar_E,Belgium,1,2024,309.42979345526015,2477.9857354456,2787.41552890086,-1.4889709749647169,9.461820518818865,0.0128275317017224,26.37060253368647,0.01104,0.0,0.0,2823.2479519533654,-1.4651034432629946
lng,ATRCCS,DAC,solar,ATRCCS_H_DAC_C_solar_E,Poland,1,2024,279.2415209230397,3223.8126257939734,3503.0541467170133,-1.4889709749647169,16.004410049511293,0.0216974182578447,37.9227388718634,0.0492,5.811847391273151,0.0199946597768849,3562.7931430296608,-1.3980788969299873
lng,ATRCCS,DAC,solar,ATRCCS_H_DAC_C_solar_E,India,1,2024,267.1662119101515,2249.849289424136,2517.0155013342874,-1.4889709749647169,61.31609301406824,0.0831271450773518,14.831593407134172,0.0566399999999999,42.91830595173238,0.1476530383426261,2636.0814937072223,-1.2015507915447392
lng,ATRCCS,DAC,solar,ATRCCS_H_DAC_C_solar_E,Indonesia,1,2024,243.01559388437505,3244.328581572868,3487.344175457243,-1.4889709749647169,21.19081700585028,0.0287287077985997,9.929302477675712,0.05168,64.82844830678646,0.2230311087837455,3583.292743247556,-1.1855311583823718
lng,ATRCCS,DAC,solar,ATRCCS_H_DAC_C_solar_E,South Korea,1,2024,283.7697618028727,2529.910025747169,2813.679787550042,-1.4889709749647169,10.383993350619884,0.0140777352128614,14.241918421136855,0.03312,74.66638919455023,0.2568768496838436,2912.972088516349,-1.1848963900680118
lng,ATRCCS,DAC,solar,ATRCCS_H_DAC_C_solar_E,China,1,2024,276.2226936698176,2224.559579900278,2500.7822735700956,-1.4889709749647169,117.07828218326276,0.1587247795814752,12.189952505681092,0.0448,71.8908004684377,0.2473279148060095,2701.941308727477,-1.0381182805772322
lng,ATRCCS,DAC,solar,ATRCCS_H_DAC_C_solar_E,United Arab Emirates,1,2024,288.2980026827058,743.3515045011454,1031.6495071838513,-1.4889709749647169,15.525975735670064,0.0210487976973739,13.84109797041032,0.03064,41.57821592775767,0.143042689464573,1102.5947968176893,-1.2942394878027699
lng,ATRCCS,DAC,solar,ATRCCS_H_DAC_C_solar_E,United States,1,2024,301.88272532220503,1715.0776832027702,2016.9604085249753,-1.4889709749647169,132.4178586528644,0.1795208730038194,17.038636618230697,0.03072,22.577681561125654,0.0776746240865531,2188.994585357196,-1.2010554778743443
lng,ATRCCS,DAC,solar,ATRCCS_H_DAC_C_solar_E,Turkey,1,2024,276.2226936698176,1595.897992424685,1872.1206860945024,-1.4889709749647169,14.367053340775968,0.0194776292598864,16.749952505681094,0.0376,23.35828389663454,0.0803601519520952,1926.5959758375939,-1.3515331937527353
lng,ATRCCS,DAC,solar,ATRCCS_H_DAC_C_solar_E,Australia,1,2024,309.42979345526015,1989.0433317671764,2298.4731252224365,-1.4889709749647169,117.82066045617007,0.1597312329179604,24.130602533686467,0.04416,65.95113324728365,0.2268935129231901,2506.3755214595767,-1.0581862291235664
lng,ATRCCS,DAC,solar,ATRCCS_H_DAC_C_solar_E,Malaysia,1,2024,264.14738465692943,1501.1732537800965,1765.3206384370258,-1.4889709749647169,10.778832326510203,0.0146130243224186,14.858807040951865,0.04832,56.29162476997725,0.1936616379937679,1847.249902574465,-1.2323763126485305
lng,ATRCCS,DAC,solar,ATRCCS_H_DAC_C_solar_E,Canada,1,2024,307.9203798286492,1362.108270798943,1670.0286506275922,-1.4889709749647169,167.7201837743543,0.2273807635755919,13.944209350595314,0.0139999999999999,20.458397233290732,0.0703835914332919,1872.1514409858326,-1.177206619955833
lng,ATRCCS,DAC,solar,ATRCCS_H_DAC_C_solar_E,Mexico,1,2024,265.65679828354047,1161.9768777845318,1427.6336760680722,-1.4889709749647169,47.986626418251255,0.065056187698186,21.525200224043015,0.042,34.464447055117745,0.1185689931054071,1531.609949765484,-1.263345794161124
lng,ATRCCS,DAC,solar,ATRCCS_H_DAC_C_solar_E,Thailand,1,2024,268.6756255367625,1554.1432204948503,1822.8188460316128,-1.4889709749647169,16.66138756714907,0.0225880925121339,15.017986590225323,0.04432,62.49514318275459,0.2150037744492733,1916.993363371742,-1.2070591080033097
lng,ATRCCS,DAC,solar,ATRCCS_H_DAC_C_solar_E,Russia,1,2024,285.27917542948376,1023.5711736121468,1308.8503490416306,-1.4889709749647169,205.1274017296293,0.2780942888681251,12.188311604228012,0.03592,8.377143565808982,0.0288201193568813,1534.543205941297,-1.1461365667397105
lng,ATRCCS,DAC,solar,ATRCCS_H_DAC_C_solar_E,Saudi Arabia,1,2024,288.2980026827058,772.3429814731593,1060.6409841558652,-1.4889709749647169,42.18212397392533,0.0571869368527249,10.48109797041032,0.04416,26.16353792532288,0.0900111451931741,1139.4677440255236,-1.297612892918818
lng,BG,DAC,solar,BG_H_DAC_C_solar_E,South Africa,1,2024,294.96702578968717,1316.1150671350993,1611.0820929247864,-1.5811828898893705,36.05304361240747,0.0488776508666503,12.135525238045703,0.05672,47.91999291028547,0.1648604807123136,1707.1906546855248,-1.3107247583104067
lng,BG,DAC,solar,BG_H_DAC_C_solar_E,Taiwan,1,2024,290.23493446685796,1359.0028528602766,1649.2377873271346,-1.5811828898893705,8.910824241692303,0.0120805378015195,18.45634568877224,0.05088,68.52112477860437,0.2357351260693634,1745.1260820362036,-1.2824872260184876
lng,BG,DAC,solar,BG_H_DAC_C_solar_E,Switzerland,1,2024,348.59739411508485,1863.759884852415,2212.3572789675,-1.5811828898893705,40.538576790060155,0.0549587553349742,28.47289346314492,0.00296,0.0,0.0,2281.368749220705,-1.5232641345543962
lng,BG,DAC,solar,BG_H_DAC_C_solar_E,Singapore,1,2024,291.8122982411344,1789.4505892413806,2081.262887482515,-1.5811828898893705,0.5503414925855502,0.0007461061989998,27.9227388718634,0.03992,57.04210191937806,0.1962435253459939,2166.778069766342,-1.3442732583443768
lng,BG,DAC,solar,BG_H_DAC_C_solar_E,Hungary,1,2024,283.9254793697524,1459.809515981941,1743.7349953516934,-1.5811828898893705,76.80742832481737,0.1041289802321632,20.75077295640763,0.01464,0.0,0.0,1841.2931966329186,-1.4624139096572073
lng,BG,DAC,solar,BG_H_DAC_C_solar_E,Philippines,1,2024,282.348115595476,1348.5483703536463,1630.8964859491225,-1.5811828898893705,14.30847482008127,0.0193982134825784,16.72437977331648,0.04904,65.90453867693275,0.2267332123304705,1727.8338792194531,-1.2860114640763216
lng,BG,DAC,solar,BG_H_DAC_C_solar_E,Netherlands,1,2024,323.35957372666235,1646.877538496858,1970.2371122235204,-1.5811828898893705,6.791636792605323,0.0092075236568326,24.05060253368647,0.02024,0.0,0.0,2001.0793515498121,-1.551735366232538
lng,BG,DAC,solar,BG_H_DAC_C_solar_E,Norway,1,2024,358.06157676074326,1639.2453826523297,1997.306959413073,-1.5811828898893705,31.586172849052392,0.0428218473127285,15.911252561691846,0.00248,4.00931300443226,0.0137933507309631,2048.8136978282496,-1.522087691845679
lng,BG,DAC,solar,BG_H_DAC_C_solar_E,Oman,1,2024,301.2764808867928,1280.322435718215,1581.5989166050078,-1.5811828898893705,26.719103995420006,0.0362234892176598,21.12109797041032,0.0436,40.64882895144683,0.1398452936726074,1670.087947522285,-1.3615141069991032
lng,BG,DAC,solar,BG_H_DAC_C_solar_E,Italy,1,2024,302.85384466106916,1667.3592719335352,1970.2131165946043,-1.5811828898893705,18.21993296312582,0.0247010358337391,41.78749115350147,0.0230399999999999,15.307500202047128,0.0526628175120549,2045.5280409132786,-1.4807790365435765
lng,BG,DAC,solar,BG_H_DAC_C_solar_E,Austria,1,2024,328.0916650494916,1646.4728930472893,1974.564558096781,-1.5811828898893705,54.43905545807985,0.0738038423273236,28.929782082959928,0.0082399999999999,0.0,0.0,2057.9333956378205,-1.4991390475620472
lng,BG,DAC,solar,BG_H_DAC_C_solar_E,Finland,1,2024,340.71057524370286,1685.8590808181443,2026.5696560618471,-1.5811828898893705,27.22434438169863,0.0369084511717668,15.940927547689158,0.0057599999999999,7.807709183324688,0.0268610784570582,2077.54263717456,-1.5116533602605455
lng,BG,DAC,solar,BG_H_DAC_C_solar_E,Portugal,1,2024,287.0802069183052,1524.7074192834623,1811.7876262017676,-1.5811828898893705,12.817872374283043,0.0173773814354991,16.803559322589937,0.00896,7.71666717802024,0.0265478641210794,1849.125725076661,-1.5282976443327918
lng,BG,DAC,solar,BG_H_DAC_C_solar_E,Germany,1,2024,324.93693750093877,1640.337234387073,1965.274171888012,-1.5811828898893705,27.861242502357104,0.0377719034870231,28.316995716777623,0.02752,0.0,0.0,2021.4524101071468,-1.5158909864023473
lng,BG,DAC,solar,BG_H_DAC_C_solar_E,Greece,1,2024,290.23493446685796,1423.299819474498,1713.534753941356,-1.5811828898893705,11.184540606351485,0.0151630491100337,24.136345688772245,0.0256,19.28989298501403,0.0663635538584547,1768.1455332214937,-1.4740562869208822
lng,BG,DAC,solar,BG_H_DAC_C_solar_E,France,1,2024,318.6274824038332,1641.2306667556188,1959.858149159452,-1.5811828898893705,38.404076242702544,0.0520649809937556,20.531422984413005,0.0035199999999999,0.0,0.0,2018.7936483865676,-1.5255979088956149
lng,BG,DAC,solar,BG_H_DAC_C_solar_E,Brazil,1,2024,290.23493446685796,1547.7664460792707,1838.0013805461288,-1.5811828898893705,102.99809327173692,0.1396360567221048,15.176345688772244,0.0082399999999999,37.200579700505514,0.1279821861343748,1993.3763992071435,-1.305324647032891
lng,BG,DAC,solar,BG_H_DAC_C_solar_E,United Kingdom,1,2024,335.9784839208736,1554.509509995686,1890.4879939165592,-1.5811828898893705,18.53994207479783,0.0251348769763235,40.9817479984157,0.01688,3.630648102871035,0.0124906193675186,1953.6403320926438,-1.5266773935455284
lng,BG,DAC,solar,BG_H_DAC_C_solar_E,Spain,1,2024,293.38966201541075,1513.6270065660444,1807.0166685814552,-1.5811828898893705,31.30247157646122,0.042437229251041,15.949132054954552,0.01168,9.520354774212615,0.0327531405851185,1863.7886269870835,-1.494312520053211
lng,BG,DAC,solar,BG_H_DAC_C_solar_E,Sweden,1,2024,347.0200303408085,1833.9491672213849,2180.969197562193,-1.5811828898893705,33.07840154431364,0.0448448840905465,11.52280028005377,0.0028799999999999,3.31854791959344,0.0114168924506162,2228.888947306154,-1.522041113348208
lng,BG,DAC,solar,BG_H_DAC_C_solar_E,Czech Republic,1,2024,287.0802069183052,1496.8987889446005,1783.9789958629058,-1.5811828898893705,51.82922071370271,0.0702656503004119,23.283559322589937,0.03312,0.0,0.0,1859.0917758991984,-1.4777972395889585
lng,BG,DAC,solar,BG_H_DAC_C_solar_E,Japan,1,2024,340.71057524370286,1581.6284025119437,1922.3389777556465,-1.5811828898893705,12.977661099092396,0.0175940094014379,22.260927547689153,0.03856,77.30846684554109,0.2659664627068899,2034.886033247969,-1.2590624177810428
lng,BG,DAC,solar,BG_H_DAC_C_solar_E,Belgium,1,2024,323.35957372666235,1581.9498681302994,1905.3094418569617,-1.5811828898893705,9.461820518818865,0.0128275317017224,26.37060253368647,0.01104,0.0,0.0,1941.1418649094671,-1.5573153581876482
lng,BG,DAC,solar,BG_H_DAC_C_solar_E,Poland,1,2024,291.8122982411344,1547.3363916081223,1839.148689849257,-1.5811828898893705,16.004410049511293,0.0216974182578447,37.9227388718634,0.0492,5.811847391273151,0.0199946597768849,1898.8876861619049,-1.490290811854641
lng,BG,DAC,solar,BG_H_DAC_C_solar_E,India,1,2024,279.19338804692313,1396.9559764176315,1676.1493644645548,-1.5811828898893705,61.31609301406824,0.0831271450773518,14.831593407134172,0.0566399999999999,42.91830595173238,0.1476530383426261,1795.2153568374897,-1.2937627064693928
lng,BG,DAC,solar,BG_H_DAC_C_solar_E,Indonesia,1,2024,253.95556765850068,1498.0223832212134,1751.9779508797142,-1.5811828898893705,21.19081700585028,0.0287287077985997,9.929302477675712,0.05168,64.82844830678646,0.2230311087837455,1847.9265186700266,-1.2777430733070254
lng,BG,DAC,solar,BG_H_DAC_C_solar_E,South Korea,1,2024,296.54438956396353,1497.3895312927305,1793.933920856694,-1.5811828898893705,10.383993350619884,0.0140777352128614,14.241918421136855,0.03312,74.66638919455023,0.2568768496838436,1893.226221823001,-1.2771083049926655
lng,BG,DAC,solar,BG_H_DAC_C_solar_E,China,1,2024,288.6575706925816,1395.7152218722167,1684.3727925647984,-1.5811828898893705,117.07828218326276,0.1587247795814752,12.189952505681092,0.0448,71.8908004684377,0.2473279148060095,1885.5318277221797,-1.1303301955018858
lng,BG,DAC,solar,BG_H_DAC_C_solar_E,United Arab Emirates,1,2024,301.2764808867928,1265.7046263367265,1566.981107223519,-1.5811828898893705,15.525975735670064,0.0210487976973739,13.84109797041032,0.03064,41.57821592775767,0.143042689464573,1637.926396857357,-1.3864514027274235
lng,BG,DAC,solar,BG_H_DAC_C_solar_E,United States,1,2024,315.47275485528036,1466.9929563158855,1782.465711171166,-1.5811828898893705,132.4178586528644,0.1795208730038194,17.038636618230697,0.03072,22.577681561125654,0.0776746240865531,1954.4998880033868,-1.293267392798998
lng,BG,DAC,solar,BG_H_DAC_C_solar_E,Turkey,1,2024,288.6575706925816,1370.0181370578614,1658.675707750443,-1.5811828898893705,14.367053340775968,0.0194776292598864,16.749952505681094,0.0376,23.35828389663454,0.0803601519520952,1713.1509974935345,-1.443745108677389
lng,BG,DAC,solar,BG_H_DAC_C_solar_E,Australia,1,2024,323.35957372666235,1478.662008779021,1802.0215825056837,-1.5811828898893705,117.82066045617007,0.1597312329179604,24.130602533686467,0.04416,65.95113324728365,0.2268935129231901,2009.923978742824,-1.15039814404822
lng,BG,DAC,solar,BG_H_DAC_C_solar_E,Malaysia,1,2024,276.03866049837035,1339.796618018424,1615.8352785167942,-1.5811828898893705,10.778832326510203,0.0146130243224186,14.858807040951865,0.04832,56.29162476997725,0.1936616379937679,1697.7645426542335,-1.3245882275731842
lng,BG,DAC,solar,BG_H_DAC_C_solar_E,Canada,1,2024,321.782209952386,1429.2078123687356,1750.9900223211216,-1.5811828898893705,167.7201837743543,0.2273807635755919,13.944209350595314,0.0139999999999999,20.458397233290732,0.0703835914332919,1953.112812679362,-1.2694185348804867
lng,BG,DAC,solar,BG_H_DAC_C_solar_E,Mexico,1,2024,277.61602427264677,1312.6837619955704,1590.2997862682173,-1.5811828898893705,47.986626418251255,0.065056187698186,21.525200224043015,0.042,34.464447055117745,0.1185689931054071,1694.2760599656292,-1.3555577090857776
lng,BG,DAC,solar,BG_H_DAC_C_solar_E,Thailand,1,2024,280.77075182119955,1334.544917497701,1615.3156693189003,-1.5811828898893705,16.66138756714907,0.0225880925121339,15.017986590225323,0.04432,62.49514318275459,0.2150037744492733,1709.4901866590294,-1.2992710229279634
lng,BG,DAC,solar,BG_H_DAC_C_solar_E,Russia,1,2024,298.12175333823996,1316.7108193497145,1614.8325726879543,-1.5811828898893705,205.1274017296293,0.2780942888681251,12.188311604228012,0.03592,8.377143565808982,0.0288201193568813,1840.5254295876207,-1.2383484816643642
lng,BG,DAC,solar,BG_H_DAC_C_solar_E,Saudi Arabia,1,2024,301.2764808867928,1276.3211594961538,1577.5976403829466,-1.5811828898893705,42.18212397392533,0.0571869368527249,10.48109797041032,0.04416,26.16353792532288,0.0900111451931741,1656.424400252605,-1.3898248078434716
lng,LTE,DAC,solar,LTE_H_DAC_C_solar_E,South Africa,1,2024,360.60683078968714,2540.105368227377,2900.712199017064,-1.2312373081668992,36.05304361240747,0.0488776508666503,12.135525238045703,0.05672,47.91999291028547,0.1648604807123136,2996.820760777803,-0.9607791765879351
lng,LTE,DAC,solar,LTE_H_DAC_C_solar_E,Taiwan,1,2024,354.82169446685793,1569.7070516214606,1924.5287460883185,-1.2312373081668992,8.910824241692303,0.0120805378015195,18.45634568877224,0.05088,68.52112477860437,0.2357351260693634,2020.4170407973875,-0.9325416442960164
lng,LTE,DAC,solar,LTE_H_DAC_C_solar_E,Switzerland,1,2024,426.1717091150848,2595.967671500681,3022.1393806157657,-1.2312373081668992,40.538576790060155,0.0549587553349742,28.47289346314492,0.00296,0.0,0.0,3091.150850868971,-1.173318552831925
lng,LTE,DAC,solar,LTE_H_DAC_C_solar_E,Singapore,1,2024,356.7500732411343,2441.4632158605627,2798.2132891016972,-1.2312373081668992,0.5503414925855502,0.0007461061989998,27.9227388718634,0.03992,57.04210191937806,0.1962435253459939,2883.7284713855242,-0.9943276766219057
lng,LTE,DAC,solar,LTE_H_DAC_C_solar_E,Hungary,1,2024,347.10817936975235,2911.9500523696565,3259.0582317394087,-1.2312373081668992,76.80742832481737,0.1041289802321632,20.75077295640763,0.01464,0.0,0.0,3356.616433020634,-1.112468327934736
lng,LTE,DAC,solar,LTE_H_DAC_C_solar_E,Philippines,1,2024,345.1798005954759,2113.7575225377022,2458.9373231331783,-1.2312373081668992,14.30847482008127,0.0193982134825784,16.72437977331648,0.04904,65.90453867693275,0.2267332123304705,2555.8747164035085,-0.9360658823538505
lng,LTE,DAC,solar,LTE_H_DAC_C_solar_E,Netherlands,1,2024,395.3176487266624,2367.2521938649697,2762.569842591632,-1.2312373081668992,6.791636792605323,0.0092075236568326,24.05060253368647,0.02024,0.0,0.0,2793.412081917924,-1.2017897845100667
lng,LTE,DAC,solar,LTE_H_DAC_C_solar_E,Norway,1,2024,437.7419817607432,3213.722282019924,3651.4642637806674,-1.2312373081668992,31.586172849052392,0.0428218473127285,15.911252561691846,0.00248,4.00931300443226,0.0137933507309631,3702.971002195844,-1.1721421101232077
lng,LTE,DAC,solar,LTE_H_DAC_C_solar_E,Oman,1,2024,368.3203458867927,1746.190439082608,2114.510784969401,-1.2312373081668992,26.719103995420006,0.0362234892176598,21.12109797041032,0.0436,40.64882895144683,0.1398452936726074,2202.999815886678,-1.011568525276632
lng,LTE,DAC,solar,LTE_H_DAC_C_solar_E,Italy,1,2024,370.2487246610691,2241.5398213500152,2611.788546011084,-1.2312373081668992,18.21993296312582,0.0247010358337391,41.78749115350147,0.0230399999999999,15.307500202047128,0.0526628175120549,2687.1034703297582,-1.1308334548211052
lng,LTE,DAC,solar,LTE_H_DAC_C_solar_E,Austria,1,2024,401.1027850494916,2450.462258376473,2851.5650434259646,-1.2312373081668992,54.43905545807985,0.0738038423273236,28.929782082959928,0.0082399999999999,0.0,0.0,2934.9338809670044,-1.149193465839576
lng,LTE,DAC,solar,LTE_H_DAC_C_solar_E,Finland,1,2024,416.5298152437028,3238.151238588401,3654.681053832104,-1.2312373081668992,27.22434438169863,0.0369084511717668,15.940927547689158,0.0057599999999999,7.807709183324688,0.0268610784570582,3705.654034944817,-1.1617077785380743
lng,LTE,DAC,solar,LTE_H_DAC_C_solar_E,Portugal,1,2024,350.96493691830517,1944.054465867438,2295.0194027857433,-1.2312373081668992,12.817872374283043,0.0173773814354991,16.803559322589937,0.00896,7.71666717802024,0.0265478641210794,2332.3575016606364,-1.1783520626103205
lng,LTE,DAC,solar,LTE_H_DAC_C_solar_E,Germany,1,2024,397.2460275009388,2453.2309907453628,2850.4770182463017,-1.2312373081668992,27.861242502357104,0.0377719034870231,28.316995716777623,0.02752,0.0,0.0,2906.655256465436,-1.165945404679876
lng,LTE,DAC,solar,LTE_H_DAC_C_solar_E,Greece,1,2024,354.82169446685793,1878.4118482404645,2233.233542707322,-1.2312373081668992,11.184540606351485,0.0151630491100337,24.136345688772245,0.0256,19.28989298501403,0.0663635538584547,2287.84432198746,-1.124110705198411
lng,LTE,DAC,solar,LTE_H_DAC_C_solar_E,France,1,2024,389.5325124038332,2127.8418171186245,2517.3743295224576,-1.2312373081668992,38.404076242702544,0.0520649809937556,20.531422984413005,0.0035199999999999,0.0,0.0,2576.309828749573,-1.1756523271731436
lng,LTE,DAC,solar,LTE_H_DAC_C_solar_E,Brazil,1,2024,354.82169446685793,2286.6804387082257,2641.5021331750836,-1.2312373081668992,102.99809327173692,0.1396360567221048,15.176345688772244,0.0082399999999999,37.200579700505514,0.1279821861343748,2796.8771518360977,-0.9553790653104197
lng,LTE,DAC,solar,LTE_H_DAC_C_solar_E,United Kingdom,1,2024,410.7446789208736,2556.8715587320403,2967.6162376529137,-1.2312373081668992,18.53994207479783,0.0251348769763235,40.9817479984157,0.01688,3.630648102871035,0.0124906193675186,3030.768575828998,-1.1767318118230572
lng,LTE,DAC,solar,LTE_H_DAC_C_solar_E,Spain,1,2024,358.67845201541076,1750.03705625393,2108.7155082693407,-1.2312373081668992,31.30247157646122,0.042437229251041,15.949132054954552,0.01168,9.520354774212615,0.0327531405851185,2165.4874666749693,-1.1443669383307398
lng,LTE,DAC,solar,LTE_H_DAC_C_solar_E,Sweden,1,2024,424.2433303408085,3331.6149965607488,3755.858326901557,-1.2312373081668992,33.07840154431364,0.0448448840905465,11.52280028005377,0.0028799999999999,3.31854791959344,0.0114168924506162,3803.778076645518,-1.1720955316257367
lng,LTE,DAC,solar,LTE_H_DAC_C_solar_E,Czech Republic,1,2024,350.96493691830517,2352.6243688132386,2703.589305731544,-1.2312373081668992,51.82922071370271,0.0702656503004119,23.283559322589937,0.03312,0.0,0.0,2778.7020857678367,-1.1278516578664872
lng,LTE,DAC,solar,LTE_H_DAC_C_solar_E,Japan,1,2024,416.5298152437028,3412.752443424883,3829.2822586685857,-1.2312373081668992,12.977661099092396,0.0175940094014379,22.260927547689153,0.03856,77.30846684554109,0.2659664627068899,3941.829314160909,-0.9091168360585715
lng,LTE,DAC,solar,LTE_H_DAC_C_solar_E,Belgium,1,2024,395.3176487266624,3112.8102445487416,3508.127893275404,-1.2312373081668992,9.461820518818865,0.0128275317017224,26.37060253368647,0.01104,0.0,0.0,3543.9603163279094,-1.207369776465177
lng,LTE,DAC,solar,LTE_H_DAC_C_solar_E,Poland,1,2024,356.7500732411343,3603.910298894574,3960.660372135709,-1.2312373081668992,16.004410049511293,0.0216974182578447,37.9227388718634,0.0492,5.811847391273151,0.0199946597768849,4020.3993684483567,-1.1403452301321697
lng,LTE,DAC,solar,LTE_H_DAC_C_solar_E,India,1,2024,341.32304304692315,1906.294792923212,2247.6178359701353,-1.2312373081668992,61.31609301406824,0.0831271450773518,14.831593407134172,0.0566399999999999,42.91830595173238,0.1476530383426261,2366.68382834307,-0.9438171247469215
lng,LTE,DAC,solar,LTE_H_DAC_C_solar_E,Indonesia,1,2024,310.46898265850064,2509.181741419256,2819.6507240777564,-1.2312373081668992,21.19081700585028,0.0287287077985997,9.929302477675712,0.05168,64.82844830678646,0.2230311087837455,2915.599291868069,-0.9277974915845542
lng,LTE,DAC,solar,LTE_H_DAC_C_solar_E,South Korea,1,2024,362.5352095639636,2467.905011387893,2830.4402209518566,-1.2312373081668992,10.383993350619884,0.0140777352128614,14.241918421136855,0.03312,74.66638919455023,0.2568768496838436,2929.7325219181635,-0.9271627232701942
lng,LTE,DAC,solar,LTE_H_DAC_C_solar_E,China,1,2024,352.89331569258155,1591.3326157984588,1944.2259314910405,-1.2312373081668992,117.07828218326276,0.1587247795814752,12.189952505681092,0.0448,71.8908004684377,0.2473279148060095,2145.384966648422,-0.7803846137794146
lng,LTE,DAC,solar,LTE_H_DAC_C_solar_E,United Arab Emirates,1,2024,368.3203458867927,1264.3385666751192,1632.6589125619118,-1.2312373081668992,15.525975735670064,0.0210487976973739,13.84109797041032,0.03064,41.57821592775767,0.143042689464573,1703.6042021957498,-1.0365058210049525
lng,LTE,DAC,solar,LTE_H_DAC_C_solar_E,United States,1,2024,385.6757548552804,2199.179222329897,2584.8549771851776,-1.2312373081668992,132.4178586528644,0.1795208730038194,17.038636618230697,0.03072,22.577681561125654,0.0776746240865531,2756.889154017398,-0.9433218110765267
lng,LTE,DAC,solar,LTE_H_DAC_C_solar_E,Turkey,1,2024,352.89331569258155,2768.1270056903268,3121.020321382908,-1.2312373081668992,14.367053340775968,0.0194776292598864,16.749952505681094,0.0376,23.35828389663454,0.0803601519520952,3175.4956111259994,-1.0937995269549177
lng,LTE,DAC,solar,LTE_H_DAC_C_solar_E,Australia,1,2024,395.3176487266624,1618.1441183353252,2013.4617670619875,-1.2312373081668992,117.82066045617007,0.1597312329179604,24.130602533686467,0.04416,65.95113324728365,0.2268935129231901,2221.3641632991275,-0.8004525623257488
lng,LTE,DAC,solar,LTE_H_DAC_C_solar_E,Malaysia,1,2024,337.4662854983703,2206.9264644611135,2544.392749959484,-1.2312373081668992,10.778832326510203,0.0146130243224186,14.858807040951865,0.04832,56.29162476997725,0.1936616379937679,2626.3220140969233,-0.9746426458507129
lng,LTE,DAC,solar,LTE_H_DAC_C_solar_E,Canada,1,2024,393.389269952386,3081.663660312938,3475.052930265324,-1.2312373081668992,167.7201837743543,0.2273807635755919,13.944209350595314,0.0139999999999999,20.458397233290732,0.0703835914332919,3677.1757206235643,-0.9194729531580157
lng,LTE,DAC,solar,LTE_H_DAC_C_solar_E,Mexico,1,2024,339.39466427264676,2278.801280477759,2618.195944750406,-1.2312373081668992,47.986626418251255,0.065056187698186,21.525200224043015,0.042,34.464447055117745,0.1185689931054071,2722.172218447818,-1.005612127363306
lng,LTE,DAC,solar,LTE_H_DAC_C_solar_E,Thailand,1,2024,343.25142182119953,1924.231290515305,2267.482712336505,-1.2312373081668992,16.66138756714907,0.0225880925121339,15.017986590225323,0.04432,62.49514318275459,0.2150037744492733,2361.657229676634,-0.949325441205492
lng,LTE,DAC,solar,LTE_H_DAC_C_solar_E,Russia,1,2024,364.46358833824,2995.2378861937605,3359.701474532,-1.2312373081668992,205.1274017296293,0.2780942888681251,12.188311604228012,0.03592,8.377143565808982,0.0288201193568813,3585.394331431666,-0.8884028999418929
lng,LTE,DAC,solar,LTE_H_DAC_C_solar_E,Saudi Arabia,1,2024,368.3203458867927,1726.1577369941522,2094.478082880945,-1.2312373081668992,42.18212397392533,0.0571869368527249,10.48109797041032,0.04416,26.16353792532288,0.0900111451931741,2173.3048427506033,-1.0398792261210001
lng,SMR,DAC,solar,SMR_H_DAC_C_solar_E,South Africa,1,2024,188.59062153405935,936.3255039892052,1124.9161255232646,3.083237980209767,36.05304361240747,0.0488776508666503,12.135525238045703,0.05672,47.91999291028547,0.1648604807123136,1221.024687284003,3.353696111788731
lng,SMR,DAC,solar,SMR_H_DAC_C_solar_E,Taiwan,1,2024,185.5651035415343,1525.1375767474683,1710.7026802890027,3.083237980209767,8.910824241692303,0.0120805378015195,18.45634568877224,0.05088,68.52112477860437,0.2357351260693634,1806.5909749980717,3.38193364408065
lng,SMR,DAC,solar,SMR_H_DAC_C_solar_E,Switzerland,1,2024,222.8798254493429,4811.15621029979,5034.036035749133,3.083237980209767,40.538576790060155,0.0549587553349742,28.47289346314492,0.00296,0.0,0.0,5103.047506002337,3.141156735544741
lng,SMR,DAC,solar,SMR_H_DAC_C_solar_E,Singapore,1,2024,186.5736095390427,5109.662312227134,5296.235921766177,3.083237980209767,0.5503414925855502,0.0007461061989998,27.9227388718634,0.03992,57.04210191937806,0.1962435253459939,5381.751104050004,3.3201476117547606
lng,SMR,DAC,solar,SMR_H_DAC_C_solar_E,Hungary,1,2024,181.531079551501,2210.3562939984436,2391.8873735499446,3.083237980209767,76.80742832481737,0.1041289802321632,20.75077295640763,0.01464,0.0,0.0,2489.44557483117,3.2020069604419303
lng,SMR,DAC,solar,SMR_H_DAC_C_solar_E,Philippines,1,2024,180.52257355399263,1497.4820624026677,1678.0046359566604,3.083237980209767,14.30847482008127,0.0193982134825784,16.72437977331648,0.04904,65.90453867693275,0.2267332123304705,1774.942029226991,3.3784094060228163
lng,SMR,DAC,solar,SMR_H_DAC_C_solar_E,Netherlands,1,2024,206.74372948920947,3447.9295600706237,3654.673289559833,3.083237980209767,6.791636792605323,0.0092075236568326,24.05060253368647,0.02024,0.0,0.0,3685.5155288861247,3.1126855038665995
lng,SMR,DAC,solar,SMR_H_DAC_C_solar_E,Norway,1,2024,228.93086143439297,2723.8130493872372,2952.7439108216304,3.083237980209767,31.586172849052392,0.0428218473127285,15.911252561691846,0.00248,4.00931300443226,0.0137933507309631,3004.250649236807,3.1423331782534585
lng,SMR,DAC,solar,SMR_H_DAC_C_solar_E,Oman,1,2024,192.62464552409276,720.5631969831528,913.1878425072456,3.083237980209767,26.719103995420006,0.0362234892176598,21.12109797041032,0.0436,40.64882895144683,0.1398452936726074,1001.6768734245228,3.3029067631000344
lng,SMR,DAC,solar,SMR_H_DAC_C_solar_E,Italy,1,2024,193.63315152160104,3773.8140626102017,3967.447214131803,3.083237980209767,18.21993296312582,0.0247010358337391,41.78749115350147,0.0230399999999999,15.307500202047128,0.0526628175120549,4042.7621384504773,3.1836418335555607
lng,SMR,DAC,solar,SMR_H_DAC_C_solar_E,Austria,1,2024,209.76924748173448,3284.6481758638233,3494.417423345558,3.083237980209767,54.43905545807985,0.0738038423273236,28.929782082959928,0.0082399999999999,0.0,0.0,3577.7862608865976,3.1652818225370907
lng,SMR,DAC,solar,SMR_H_DAC_C_solar_E,Finland,1,2024,217.8372954618012,3477.3601542210017,3695.197449682803,3.083237980209767,27.22434438169863,0.0369084511717668,15.940927547689158,0.0057599999999999,7.807709183324688,0.0268610784570582,3746.1704307955156,3.152767509838592
lng,SMR,DAC,solar,SMR_H_DAC_C_solar_E,Portugal,1,2024,183.5480915465177,3031.990033884701,3215.5381254312188,3.083237980209767,12.817872374283043,0.0173773814354991,16.803559322589937,0.00896,7.71666717802024,0.0265478641210794,3252.876224306112,3.1361232257663456
lng,SMR,DAC,solar,SMR_H_DAC_C_solar_E,Germany,1,2024,207.7522354867178,3103.81014803847,3311.5623835251877,3.083237980209767,27.861242502357104,0.0377719034870231,28.316995716777623,0.02752,0.0,0.0,3367.740621744322,3.1485298836967903
lng,SMR,DAC,solar,SMR_H_DAC_C_solar_E,Greece,1,2024,185.5651035415343,1909.967249543962,2095.532353085496,3.083237980209767,11.184540606351485,0.0151630491100337,24.136345688772245,0.0256,19.28989298501403,0.0663635538584547,2150.143132365634,3.190364583178255
lng,SMR,DAC,solar,SMR_H_DAC_C_solar_E,France,1,2024,203.7182114966845,3372.2973953606916,3576.015606857376,3.083237980209767,38.404076242702544,0.0520649809937556,20.531422984413005,0.0035199999999999,0.0,0.0,3634.9511060844916,3.1388229612035228
lng,SMR,DAC,solar,SMR_H_DAC_C_solar_E,Brazil,1,2024,185.5651035415343,3271.129402620283,3456.6945061618176,3.083237980209767,102.99809327173692,0.1396360567221048,15.176345688772244,0.0082399999999999,37.200579700505514,0.1279821861343748,3612.0695248228317,3.3590962230662464
lng,SMR,DAC,solar,SMR_H_DAC_C_solar_E,United Kingdom,1,2024,214.81177746927617,2640.218044130285,2855.029821599561,3.083237980209767,18.53994207479783,0.0251348769763235,40.9817479984157,0.01688,3.630648102871035,0.0124906193675186,2918.1821597756452,3.1377434765536094
lng,SMR,DAC,solar,SMR_H_DAC_C_solar_E,Spain,1,2024,187.58211553655104,2610.8748550124724,2798.4569705490235,3.083237980209767,31.30247157646122,0.042437229251041,15.949132054954552,0.01168,9.520354774212615,0.0327531405851185,2855.228928954652,3.170108350045927
lng,SMR,DAC,solar,SMR_H_DAC_C_solar_E,Sweden,1,2024,221.87131945183455,4848.0710247039615,5069.942344155796,3.083237980209767,33.07840154431364,0.0448448840905465,11.52280028005377,0.0028799999999999,3.31854791959344,0.0114168924506162,5117.8620938997565,3.1423797567509295
lng,SMR,DAC,solar,SMR_H_DAC_C_solar_E,Czech Republic,1,2024,183.5480915465177,2635.4601385105784,2819.008230057096,3.083237980209767,51.82922071370271,0.0702656503004119,23.283559322589937,0.03312,0.0,0.0,2894.121010093389,3.1866236305101787
lng,SMR,DAC,solar,SMR_H_DAC_C_solar_E,Japan,1,2024,217.8372954618012,2765.64823371448,2983.485529176281,3.083237980209767,12.977661099092396,0.0175940094014379,22.260927547689153,0.03856,77.30846684554109,0.2659664627068899,3096.032584668604,3.4053584523180946
lng,SMR,DAC,solar,SMR_H_DAC_C_solar_E,Belgium,1,2024,206.74372948920947,2242.633403696449,2449.3771331856583,3.083237980209767,9.461820518818865,0.0128275317017224,26.37060253368647,0.01104,0.0,0.0,2485.2095562381637,3.1071055119114894
lng,SMR,DAC,solar,SMR_H_DAC_C_solar_E,Poland,1,2024,186.5736095390427,2893.0738576055414,3079.647467144584,3.083237980209767,16.004410049511293,0.0216974182578447,37.9227388718634,0.0492,5.811847391273151,0.0199946597768849,3139.3864634572315,3.1741300582444967
lng,SMR,DAC,solar,SMR_H_DAC_C_solar_E,India,1,2024,178.50556155897596,2054.4744200680566,2232.9799816270324,3.083237980209767,61.31609301406824,0.0831271450773518,14.831593407134172,0.0566399999999999,42.91830595173238,0.1476530383426261,2352.0459739999674,3.3706581636297446
lng,SMR,DAC,solar,SMR_H_DAC_C_solar_E,Indonesia,1,2024,162.3694655988425,2943.910884332005,3106.2803499308475,3.083237980209767,21.19081700585028,0.0287287077985997,9.929302477675712,0.05168,64.82844830678646,0.2230311087837455,3202.22891772116,3.3866777967921124
lng,SMR,DAC,solar,SMR_H_DAC_C_solar_E,South Korea,1,2024,189.59912753156772,2297.1174593456903,2486.716586877258,3.083237980209767,10.383993350619884,0.0140777352128614,14.241918421136855,0.03312,74.66638919455023,0.2568768496838436,2586.008887843565,3.3873125651064724
lng,SMR,DAC,solar,SMR_H_DAC_C_solar_E,China,1,2024,184.556597544026,2044.9545151850905,2229.511112729116,3.083237980209767,117.07828218326276,0.1587247795814752,12.189952505681092,0.0448,71.8908004684377,0.2473279148060095,2430.6701478864975,3.534090674597252
lng,SMR,DAC,solar,SMR_H_DAC_C_solar_E,United Arab Emirates,1,2024,192.62464552409276,706.8233436783808,899.4479892024735,3.083237980209767,15.525975735670064,0.0210487976973739,13.84109797041032,0.03064,41.57821592775767,0.143042689464573,970.3932788363117,3.277969467371714
lng,SMR,DAC,solar,SMR_H_DAC_C_solar_E,United States,1,2024,201.70119950166776,1573.7172509880522,1775.41845048972,3.083237980209767,132.4178586528644,0.1795208730038194,17.038636618230697,0.03072,22.577681561125654,0.0776746240865531,1947.4526273219408,3.37115347730014
lng,SMR,DAC,solar,SMR_H_DAC_C_solar_E,Turkey,1,2024,184.556597544026,1425.3054127509786,1609.862010295005,3.083237980209767,14.367053340775968,0.0194776292598864,16.749952505681094,0.0376,23.35828389663454,0.0803601519520952,1664.3373000380964,3.2206757614217487
lng,SMR,DAC,solar,SMR_H_DAC_C_solar_E,Australia,1,2024,206.74372948920947,1850.7193348869644,2057.463064376174,3.083237980209767,117.82066045617007,0.1597312329179604,24.130602533686467,0.04416,65.95113324728365,0.2268935129231901,2265.365460613314,3.514022726050918
lng,SMR,DAC,solar,SMR_H_DAC_C_solar_E,Malaysia,1,2024,176.48854956395928,1357.504808266806,1533.9933578307655,3.083237980209767,10.778832326510203,0.0146130243224186,14.858807040951865,0.04832,56.29162476997725,0.1936616379937679,1615.9226219682048,3.3398326425259537
lng,SMR,DAC,solar,SMR_H_DAC_C_solar_E,Canada,1,2024,205.7352234917011,1214.306710060544,1420.0419335522452,3.083237980209767,167.7201837743543,0.2273807635755919,13.944209350595314,0.0139999999999999,20.458397233290732,0.0703835914332919,1622.1647239104855,3.3950023352186505
lng,SMR,DAC,solar,SMR_H_DAC_C_solar_E,Mexico,1,2024,177.49705556146765,1046.0196078691945,1223.516663430662,3.083237980209767,47.986626418251255,0.065056187698186,21.525200224043015,0.042,34.464447055117745,0.1185689931054071,1327.492937128074,3.30886316101336
lng,SMR,DAC,solar,SMR_H_DAC_C_solar_E,Thailand,1,2024,179.51406755648432,1417.643283959446,1597.1573515159305,3.083237980209767,16.66138756714907,0.0225880925121339,15.017986590225323,0.04432,62.49514318275459,0.2150037744492733,1691.3318688560596,3.3651498471711743
lng,SMR,DAC,solar,SMR_H_DAC_C_solar_E,Russia,1,2024,190.60763352907605,891.4319921454216,1082.0396256744978,3.083237980209767,205.1274017296293,0.2780942888681251,12.188311604228012,0.03592,8.377143565808982,0.0288201193568813,1307.7324825741641,3.4260723884347737
lng,SMR,DAC,solar,SMR_H_DAC_C_solar_E,Saudi Arabia,1,2024,192.62464552409276,715.6903165284298,908.3149620525226,3.083237980209767,42.18212397392533,0.0571869368527249,10.48109797041032,0.04416,26.16353792532288,0.0900111451931741,987.1417219221811,3.2745960622556662
lng,SMRCCS,DAC,solar,SMRCCS_H_DAC_C_solar_E,South Africa,1,2024,325.25890869973006,1085.359650315792,1410.618559015522,-1.2137430748695195,36.05304361240747,0.0488776508666503,12.135525238045703,0.05672,47.91999291028547,0.1648604807123136,1506.7271207762603,-0.9432849432905553
lng,SMRCCS,DAC,solar,SMRCCS_H_DAC_C_solar_E,Taiwan,1,2024,320.0408513409108,1807.2900434039293,2127.33089474484,-1.2137430748695195,8.910824241692303,0.0120805378015195,18.45634568877224,0.05088,68.52112477860437,0.2357351260693634,2223.2191894539087,-0.9150474109986366
lng,SMRCCS,DAC,solar,SMRCCS_H_DAC_C_solar_E,Switzerland,1,2024,384.39689209968094,5972.496414619069,6356.89330671875,-1.2137430748695195,40.538576790060155,0.0549587553349742,28.47289346314492,0.00296,0.0,0.0,6425.904776971955,-1.1558243195345452
lng,SMRCCS,DAC,solar,SMRCCS_H_DAC_C_solar_E,Singapore,1,2024,321.7802037938506,6359.455938720085,6681.236142513936,-1.2137430748695195,0.5503414925855502,0.0007461061989998,27.9227388718634,0.03992,57.04210191937806,0.1962435253459939,6766.751324797763,-0.9768334433245259
lng,SMRCCS,DAC,solar,SMRCCS_H_DAC_C_solar_E,Hungary,1,2024,313.0834415291519,2704.773714479498,3017.8571560086493,-1.2137430748695195,76.80742832481737,0.1041289802321632,20.75077295640763,0.01464,0.0,0.0,3115.4153572898745,-1.0949740946373563
lng,SMRCCS,DAC,solar,SMRCCS_H_DAC_C_solar_E,Philippines,1,2024,311.34408907621213,1787.346654205195,2098.690743281407,-1.2137430748695195,14.30847482008127,0.0193982134825784,16.72437977331648,0.04904,65.90453867693275,0.2267332123304705,2195.628136551737,-0.9185716490564707
lng,SMRCCS,DAC,solar,SMRCCS_H_DAC_C_solar_E,Netherlands,1,2024,356.5672528526452,4251.447237716299,4608.014490568945,-1.2137430748695195,6.791636792605323,0.0092075236568326,24.05060253368647,0.02024,0.0,0.0,4638.856729895237,-1.184295551212687
lng,SMRCCS,DAC,solar,SMRCCS_H_DAC_C_solar_E,Norway,1,2024,394.8330068173193,3347.5761071572915,3742.4091139746106,-1.2137430748695195,31.586172849052392,0.0428218473127285,15.911252561691846,0.00248,4.00931300443226,0.0137933507309631,3793.9158523897872,-1.154647876825828
lng,SMRCCS,DAC,solar,SMRCCS_H_DAC_C_solar_E,Oman,1,2024,332.21631851148896,794.8911719110095,1127.1074904224984,-1.2137430748695195,26.719103995420006,0.0362234892176598,21.12109797041032,0.0436,40.64882895144683,0.1398452936726074,1215.5965213397756,-0.9940742919792522
lng,SMRCCS,DAC,solar,SMRCCS_H_DAC_C_solar_E,Italy,1,2024,333.9556709644287,4660.894885035359,4994.8505559997875,-1.2137430748695195,18.21993296312582,0.0247010358337391,41.78749115350147,0.0230399999999999,15.307500202047128,0.0526628175120549,5070.165480318462,-1.1133392215237254
lng,SMRCCS,DAC,solar,SMRCCS_H_DAC_C_solar_E,Austria,1,2024,361.7853102114644,4044.020513834215,4405.805824045679,-1.2137430748695195,54.43905545807985,0.0738038423273236,28.929782082959928,0.0082399999999999,0.0,0.0,4489.174661586719,-1.1316992325421962
lng,SMRCCS,DAC,solar,SMRCCS_H_DAC_C_solar_E,Finland,1,2024,375.7001298349823,4306.188700066158,4681.8888299011405,-1.2137430748695195,27.22434438169863,0.0369084511717668,15.940927547689158,0.0057599999999999,7.807709183324688,0.0268610784570582,4732.861811013853,-1.1442135452406945
lng,SMRCCS,DAC,solar,SMRCCS_H_DAC_C_solar_E,Portugal,1,2024,316.56214643503137,3724.756511984535,4041.3186584195664,-1.2137430748695195,12.817872374283043,0.0173773814354991,16.803559322589937,0.00896,7.71666717802024,0.0265478641210794,4078.6567572944596,-1.1608578293129408
lng,SMRCCS,DAC,solar,SMRCCS_H_DAC_C_solar_E,Germany,1,2024,358.3066053055849,3814.6459510788527,4172.952556384437,-1.2137430748695195,27.861242502357104,0.0377719034870231,28.316995716777623,0.02752,0.0,0.0,4229.130794603572,-1.1484511713824963
lng,SMRCCS,DAC,solar,SMRCCS_H_DAC_C_solar_E,Greece,1,2024,320.0408513409108,2299.5069312267824,2619.547782567693,-1.2137430748695195,11.184540606351485,0.0151630491100337,24.136345688772245,0.0256,19.28989298501403,0.0663635538584547,2674.1585618478307,-1.1066164719010312
lng,SMRCCS,DAC,solar,SMRCCS_H_DAC_C_solar_E,France,1,2024,351.349195493826,4148.879362162131,4500.228557655957,-1.2137430748695195,38.404076242702544,0.0520649809937556,20.531422984413005,0.0035199999999999,0.0,0.0,4559.164056883073,-1.1581580938757638
lng,SMRCCS,DAC,solar,SMRCCS_H_DAC_C_solar_E,Brazil,1,2024,320.0408513409108,4035.1592449440695,4355.200096284981,-1.2137430748695195,102.99809327173692,0.1396360567221048,15.176345688772244,0.0082399999999999,37.200579700505514,0.1279821861343748,4510.575114945996,-0.93788483201304
lng,SMRCCS,DAC,solar,SMRCCS_H_DAC_C_solar_E,United Kingdom,1,2024,370.482072476163,3235.50140694138,3605.983479417543,-1.2137430748695195,18.53994207479783,0.0251348769763235,40.9817479984157,0.01688,3.630648102871035,0.0124906193675186,3669.1358175936275,-1.1592375785256774
lng,SMRCCS,DAC,solar,SMRCCS_H_DAC_C_solar_E,Spain,1,2024,323.5195562467903,3182.3239583405793,3505.8435145873696,-1.2137430748695195,31.30247157646122,0.042437229251041,15.949132054954552,0.01168,9.520354774212615,0.0327531405851185,3562.615472992998,-1.12687270503336
lng,SMRCCS,DAC,solar,SMRCCS_H_DAC_C_solar_E,Sweden,1,2024,382.6575396467412,6043.005304585622,6425.662844232364,-1.2137430748695195,33.07840154431364,0.0448448840905465,11.52280028005377,0.0028799999999999,3.31854791959344,0.0114168924506162,6473.5825939763245,-1.154601298328357
lng,SMRCCS,DAC,solar,SMRCCS_H_DAC_C_solar_E,Czech Republic,1,2024,316.56214643503137,3232.613261351502,3549.1754077865335,-1.2137430748695195,51.82922071370271,0.0702656503004119,23.283559322589937,0.03312,0.0,0.0,3624.2881878228263,-1.1103574245691075
lng,SMRCCS,DAC,solar,SMRCCS_H_DAC_C_solar_E,Japan,1,2024,375.7001298349823,3411.6695257532465,3787.369655588229,-1.2137430748695195,12.977661099092396,0.0175940094014379,22.260927547689153,0.03856,77.30846684554109,0.2659664627068899,3899.916711080552,-0.8916226027611918
lng,SMRCCS,DAC,solar,SMRCCS_H_DAC_C_solar_E,Belgium,1,2024,356.5672528526452,2735.4477364255913,3092.0149892782365,-1.2137430748695195,9.461820518818865,0.0128275317017224,26.37060253368647,0.01104,0.0,0.0,3127.847412330742,-1.1898755431677972
lng,SMRCCS,DAC,solar,SMRCCS_H_DAC_C_solar_E,Poland,1,2024,321.7802037938506,3584.982814250852,3906.763018044702,-1.2137430748695195,16.004410049511293,0.0216974182578447,37.9227388718634,0.0492,5.811847391273151,0.0199946597768849,3966.5020143573497,-1.12285099683479
lng,SMRCCS,DAC,solar,SMRCCS_H_DAC_C_solar_E,India,1,2024,307.86538417033273,2488.013935342163,2795.879319512496,-1.2137430748695195,61.31609301406824,0.0831271450773518,14.831593407134172,0.0566399999999999,42.91830595173238,0.1476530383426261,2914.945311885431,-0.9263228914495417
lng,SMRCCS,DAC,solar,SMRCCS_H_DAC_C_solar_E,Indonesia,1,2024,280.035744923297,3627.34809534794,3907.383840271237,-1.2137430748695195,21.19081700585028,0.0287287077985997,9.929302477675712,0.05168,64.82844830678646,0.2230311087837455,4003.33240806155,-0.9103032582871744
lng,SMRCCS,DAC,solar,SMRCCS_H_DAC_C_solar_E,South Korea,1,2024,326.9982611526697,2798.663717796705,3125.6619789493748,-1.2137430748695195,10.383993350619884,0.0140777352128614,14.241918421136855,0.03312,74.66638919455023,0.2568768496838436,3224.9542799156816,-0.9096684899728145
lng,SMRCCS,DAC,solar,SMRCCS_H_DAC_C_solar_E,China,1,2024,318.3014988879711,2468.5597450769105,2786.8612439648814,-1.2137430748695195,117.07828218326276,0.1587247795814752,12.189952505681092,0.0448,71.8908004684377,0.2473279148060095,2988.0202791222628,-0.7628903804820348
lng,SMRCCS,DAC,solar,SMRCCS_H_DAC_C_solar_E,United Arab Emirates,1,2024,332.21631851148896,766.8078181816945,1099.0241366931834,-1.2137430748695195,15.525975735670064,0.0210487976973739,13.84109797041032,0.03064,41.57821592775767,0.143042689464573,1169.9694263270214,-1.0190115877075727
lng,SMRCCS,DAC,solar,SMRCCS_H_DAC_C_solar_E,United States,1,2024,347.87049058794656,1871.9061700659984,2219.776660653945,-1.2137430748695195,132.4178586528644,0.1795208730038194,17.038636618230697,0.03072,22.577681561125654,0.0776746240865531,2391.8108374861654,-0.9258275777791469
lng,SMRCCS,DAC,solar,SMRCCS_H_DAC_C_solar_E,Turkey,1,2024,318.3014988879711,1708.075050022724,2026.376548910695,-1.2137430748695195,14.367053340775968,0.0194776292598864,16.749952505681094,0.0376,23.35828389663454,0.0803601519520952,2080.8518386537867,-1.076305293657538
lng,SMRCCS,DAC,solar,SMRCCS_H_DAC_C_solar_E,Australia,1,2024,356.5672528526452,2211.678530347723,2568.2457832003684,-1.2137430748695195,117.82066045617007,0.1597312329179604,24.130602533686467,0.04416,65.95113324728365,0.2268935129231901,2776.1481794375086,-0.782958329028369
lng,SMRCCS,DAC,solar,SMRCCS_H_DAC_C_solar_E,Malaysia,1,2024,304.3866792644532,1610.9498198603058,1915.336499124759,-1.2137430748695195,10.778832326510203,0.0146130243224186,14.858807040951865,0.04832,56.29162476997725,0.1936616379937679,1997.2657632621983,-0.9571484125533332
lng,SMRCCS,DAC,solar,SMRCCS_H_DAC_C_solar_E,Canada,1,2024,354.82790039970547,1439.4093300642935,1794.2372304639991,-1.2137430748695195,167.7201837743543,0.2273807635755919,13.944209350595314,0.0139999999999999,20.458397233290732,0.0703835914332919,1996.3600208222394,-0.9019787198606358
lng,SMRCCS,DAC,solar,SMRCCS_H_DAC_C_solar_E,Mexico,1,2024,306.12603171739295,1218.163198001743,1524.289229719136,-1.2137430748695195,47.986626418251255,0.065056187698186,21.525200224043015,0.042,34.464447055117745,0.1185689931054071,1628.265503416548,-0.9881178940659262
lng,SMRCCS,DAC,solar,SMRCCS_H_DAC_C_solar_E,Thailand,1,2024,309.6047366232724,1682.1344085785822,1991.7391452018544,-1.2137430748695195,16.66138756714907,0.0225880925121339,15.017986590225323,0.04432,62.49514318275459,0.2150037744492733,2085.9136625419833,-0.9318312079081122
lng,SMRCCS,DAC,solar,SMRCCS_H_DAC_C_solar_E,Russia,1,2024,328.7376136056095,1037.8928755952766,1366.630489200886,-1.2137430748695195,205.1274017296293,0.2780942888681251,12.188311604228012,0.03592,8.377143565808982,0.0288201193568813,1592.3233461005523,-0.8709086666445132
lng,SMRCCS,DAC,solar,SMRCCS_H_DAC_C_solar_E,Saudi Arabia,1,2024,332.21631851148896,788.1968106816587,1120.4131291931476,-1.2137430748695195,42.18212397392533,0.0571869368527249,10.48109797041032,0.04416,26.16353792532288,0.0900111451931741,1199.239889062806,-1.0223849928236204
lng,SMR,SMR,solar,SMR_H_C_solar_E,South Africa,1,2024,188.59062153405935,386.325503989205,574.9161255232643,2.885605444975581,36.05304361240747,0.0488776508666503,12.135525238045703,0.05672,47.91999291028547,0.1648604807123136,671.024687284003,3.1560635765545446
lng,SMR,SMR,solar,SMR_H_C_solar_E,Taiwan,1,2024,185.5651035415343,975.1375767474684,1160.7026802890027,2.885605444975581,8.910824241692303,0.0120805378015195,18.45634568877224,0.05088,68.52112477860437,0.2357351260693634,1256.5909749980717,3.1843011088464634
lng,SMR,SMR,solar,SMR_H_C_solar_E,Switzerland,1,2024,222.8798254493429,4261.15621029979,4484.036035749133,2.885605444975581,40.538576790060155,0.0549587553349742,28.47289346314492,0.00296,0.0,0.0,4553.047506002337,2.943524200310555
lng,SMR,SMR,solar,SMR_H_C_solar_E,Singapore,1,2024,186.5736095390427,4559.662312227134,4746.235921766177,2.885605444975581,0.5503414925855502,0.0007461061989998,27.9227388718634,0.03992,57.04210191937806,0.1962435253459939,4831.751104050004,3.1225150765205743
lng,SMR,SMR,solar,SMR_H_C_solar_E,Hungary,1,2024,181.531079551501,1660.356293998443,1841.887373549944,2.885605444975581,76.80742832481737,0.1041289802321632,20.75077295640763,0.01464,0.0,0.0,1939.445574831169,3.004374425207744
lng,SMR,SMR,solar,SMR_H_C_solar_E,Philippines,1,2024,180.52257355399263,947.482062402668,1128.0046359566606,2.885605444975581,14.30847482008127,0.0193982134825784,16.72437977331648,0.04904,65.90453867693275,0.2267332123304705,1224.9420292269913,3.18077687078863
lng,SMR,SMR,solar,SMR_H_C_solar_E,Netherlands,1,2024,206.74372948920947,2897.929560070623,3104.6732895598325,2.885605444975581,6.791636792605323,0.0092075236568326,24.05060253368647,0.02024,0.0,0.0,3135.5155288861242,2.915052968632413
lng,SMR,SMR,solar,SMR_H_C_solar_E,Norway,1,2024,228.93086143439297,2173.813049387237,2402.74391082163,2.885605444975581,31.586172849052392,0.0428218473127285,15.911252561691846,0.00248,4.00931300443226,0.0137933507309631,2454.2506492368066,2.944700643019272
lng,SMR,SMR,solar,SMR_H_C_solar_E,Oman,1,2024,192.62464552409276,170.56319698315286,363.1878425072456,2.885605444975581,26.719103995420006,0.0362234892176598,21.12109797041032,0.0436,40.64882895144683,0.1398452936726074,451.6768734245228,3.105274227865848
lng,SMR,SMR,solar,SMR_H_C_solar_E,Italy,1,2024,193.63315152160104,3223.8140626102013,3417.4472141318024,2.885605444975581,18.21993296312582,0.0247010358337391,41.78749115350147,0.0230399999999999,15.307500202047128,0.0526628175120549,3492.762138450477,2.9860092983213744
lng,SMR,SMR,solar,SMR_H_C_solar_E,Austria,1,2024,209.76924748173448,2734.648175863823,2944.4174233455574,2.885605444975581,54.43905545807985,0.0738038423273236,28.929782082959928,0.0082399999999999,0.0,0.0,3027.786260886597,2.9676492873029043
lng,SMR,SMR,solar,SMR_H_C_solar_E,Finland,1,2024,217.8372954618012,2927.3601542210013,3145.1974496828025,2.885605444975581,27.22434438169863,0.0369084511717668,15.940927547689158,0.0057599999999999,7.807709183324688,0.0268610784570582,3196.170430795515,2.9551349746044058
lng,SMR,SMR,solar,SMR_H_C_solar_E,Portugal,1,2024,183.5480915465177,2481.990033884701,2665.5381254312188,2.885605444975581,12.817872374283043,0.0173773814354991,16.803559322589937,0.00896,7.71666717802024,0.0265478641210794,2702.876224306112,2.9384906905321593
lng,SMR,SMR,solar,SMR_H_C_solar_E,Germany,1,2024,207.7522354867178,2553.8101480384694,2761.562383525187,2.885605444975581,27.861242502357104,0.0377719034870231,28.316995716777623,0.02752,0.0,0.0,2817.7406217443217,2.950897348462604
lng,SMR,SMR,solar,SMR_H_C_solar_E,Greece,1,2024,185.5651035415343,1359.9672495439618,1545.5323530854962,2.885605444975581,11.184540606351485,0.0151630491100337,24.136345688772245,0.0256,19.28989298501403,0.0663635538584547,1600.1431323656338,2.992732047944069
lng,SMR,SMR,solar,SMR_H_C_solar_E,France,1,2024,203.7182114966845,2822.2973953606916,3026.015606857376,2.885605444975581,38.404076242702544,0.0520649809937556,20.531422984413005,0.0035199999999999,0.0,0.0,3084.9511060844916,2.9411904259693364
lng,SMR,SMR,solar,SMR_H_C_solar_E,Brazil,1,2024,185.5651035415343,2721.129402620283,2906.6945061618176,2.885605444975581,102.99809327173692,0.1396360567221048,15.176345688772244,0.0082399999999999,37.200579700505514,0.1279821861343748,3062.0695248228317,3.16146368783206
lng,SMR,SMR,solar,SMR_H_C_solar_E,United Kingdom,1,2024,214.81177746927617,2090.218044130285,2305.029821599561,2.885605444975581,18.53994207479783,0.0251348769763235,40.9817479984157,0.01688,3.630648102871035,0.0124906193675186,2368.1821597756452,2.940110941319423
lng,SMR,SMR,solar,SMR_H_C_solar_E,Spain,1,2024,187.58211553655104,2060.874855012472,2248.456970549023,2.885605444975581,31.30247157646122,0.042437229251041,15.949132054954552,0.01168,9.520354774212615,0.0327531405851185,2305.2289289546516,2.9724758148117405
lng,SMR,SMR,solar,SMR_H_C_solar_E,Sweden,1,2024,221.87131945183455,4298.0710247039615,4519.942344155796,2.885605444975581,33.07840154431364,0.0448448840905465,11.52280028005377,0.0028799999999999,3.31854791959344,0.0114168924506162,4567.8620938997565,2.944747221516743
lng,SMR,SMR,solar,SMR_H_C_solar_E,Czech Republic,1,2024,183.5480915465177,2085.460138510579,2269.0082300570966,2.885605444975581,51.82922071370271,0.0702656503004119,23.283559322589937,0.03312,0.0,0.0,2344.1210100933895,2.9889910952759924
lng,SMR,SMR,solar,SMR_H_C_solar_E,Japan,1,2024,217.8372954618012,2215.64823371448,2433.485529176281,2.885605444975581,12.977661099092396,0.0175940094014379,22.260927547689153,0.03856,77.30846684554109,0.2659664627068899,2546.032584668604,3.2077259170839083
lng,SMR,SMR,solar,SMR_H_C_solar_E,Belgium,1,2024,206.74372948920947,1692.6334036964492,1899.3771331856587,2.885605444975581,9.461820518818865,0.0128275317017224,26.37060253368647,0.01104,0.0,0.0,1935.2095562381642,2.909472976677303
lng,SMR,SMR,solar,SMR_H_C_solar_E,Poland,1,2024,186.5736095390427,2343.0738576055414,2529.647467144584,2.885605444975581,16.004410049511293,0.0216974182578447,37.9227388718634,0.0492,5.811847391273151,0.0199946597768849,2589.3864634572315,2.9764975230103103
lng,SMR,SMR,solar,SMR_H_C_solar_E,India,1,2024,178.50556155897596,1504.4744200680564,1682.9799816270324,2.885605444975581,61.31609301406824,0.0831271450773518,14.831593407134172,0.0566399999999999,42.91830595173238,0.1476530383426261,1802.0459739999674,3.1730256283955582
lng,SMR,SMR,solar,SMR_H_C_solar_E,Indonesia,1,2024,162.3694655988425,2393.910884332005,2556.280349930847,2.885605444975581,21.19081700585028,0.0287287077985997,9.929302477675712,0.05168,64.82844830678646,0.2230311087837455,2652.2289177211596,3.189045261557926
lng,SMR,SMR,solar,SMR_H_C_solar_E,South Korea,1,2024,189.59912753156772,1747.11745934569,1936.716586877258,2.885605444975581,10.383993350619884,0.0140777352128614,14.241918421136855,0.03312,74.66638919455023,0.2568768496838436,2036.008887843565,3.189680029872286
lng,SMR,SMR,solar,SMR_H_C_solar_E,China,1,2024,184.556597544026,1494.9545151850898,1679.511112729116,2.885605444975581,117.07828218326276,0.1587247795814752,12.189952505681092,0.0448,71.8908004684377,0.2473279148060095,1880.6701478864973,3.3364581393630655
lng,SMR,SMR,solar,SMR_H_C_solar_E,United Arab Emirates,1,2024,192.62464552409276,156.82334367838078,349.44798920247354,2.885605444975581,15.525975735670064,0.0210487976973739,13.84109797041032,0.03064,41.57821592775767,0.143042689464573,420.39327883631154,3.0803369321375276
lng,SMR,SMR,solar,SMR_H_C_solar_E,United States,1,2024,201.70119950166776,1023.7172509880525,1225.41845048972,2.885605444975581,132.4178586528644,0.1795208730038194,17.038636618230697,0.03072,22.577681561125654,0.0776746240865531,1397.4526273219408,3.1735209420659536
lng,SMR,SMR,solar,SMR_H_C_solar_E,Turkey,1,2024,184.556597544026,875.305412750978,1059.862010295004,2.885605444975581,14.367053340775968,0.0194776292598864,16.749952505681094,0.0376,23.35828389663454,0.0803601519520952,1114.3373000380955,3.0230432261875624
lng,SMR,SMR,solar,SMR_H_C_solar_E,Australia,1,2024,206.74372948920947,1300.7193348869644,1507.463064376174,2.885605444975581,117.82066045617007,0.1597312329179604,24.130602533686467,0.04416,65.95113324728365,0.2268935129231901,1715.3654606133143,3.3163901908167315
lng,SMR,SMR,solar,SMR_H_C_solar_E,Malaysia,1,2024,176.48854956395928,807.504808266806,983.9933578307651,2.885605444975581,10.778832326510203,0.0146130243224186,14.858807040951865,0.04832,56.29162476997725,0.1936616379937679,1065.9226219682043,3.1422001072917674
lng,SMR,SMR,solar,SMR_H_C_solar_E,Canada,1,2024,205.7352234917011,664.3067100605444,870.0419335522456,2.885605444975581,167.7201837743543,0.2273807635755919,13.944209350595314,0.0139999999999999,20.458397233290732,0.0703835914332919,1072.164723910486,3.197369799984464
lng,SMR,SMR,solar,SMR_H_C_solar_E,Mexico,1,2024,177.49705556146765,496.0196078691943,673.516663430662,2.885605444975581,47.986626418251255,0.065056187698186,21.525200224043015,0.042,34.464447055117745,0.1185689931054071,777.492937128074,3.1112306257791738
lng,SMR,SMR,solar,SMR_H_C_solar_E,Thailand,1,2024,179.51406755648432,867.6432839594459,1047.1573515159305,2.885605444975581,16.66138756714907,0.0225880925121339,15.017986590225323,0.04432,62.49514318275459,0.2150037744492733,1141.3318688560596,3.167517311936988
lng,SMR,SMR,solar,SMR_H_C_solar_E,Russia,1,2024,190.60763352907605,341.43199214542153,532.0396256744975,2.885605444975581,205.1274017296293,0.2780942888681251,12.188311604228012,0.03592,8.377143565808982,0.0288201193568813,757.7324825741639,3.2284398532005874
lng,SMR,SMR,solar,SMR_H_C_solar_E,Saudi Arabia,1,2024,192.62464552409276,165.6903165284297,358.31496205252245,2.885605444975581,42.18212397392533,0.0571869368527249,10.48109797041032,0.04416,26.16353792532288,0.0900111451931741,437.141721922181,3.07696352702148
lng,ATRCCS,BEC,wind,ATRCCS_H_BEC_C_wind_E,South Africa,1,2024,282.2603481762618,509.43915643191986,791.6995046081817,-1.6522909580234642,36.05304361240747,0.0488776508666503,12.135525238045703,0.05672,47.91999291028547,0.1648604807123136,887.8080663689203,-1.3818328264445003
lng,ATRCCS,BEC,wind,ATRCCS_H_BEC_C_wind_E,Taiwan,1,2024,277.73210729642864,1144.2831187883496,1422.0152260847783,-1.6522909580234642,8.910824241692303,0.0120805378015195,18.45634568877224,0.05088,68.52112477860437,0.2357351260693634,1517.9035207938473,-1.3535952941525813
lng,ATRCCS,BEC,wind,ATRCCS_H_BEC_C_wind_E,Switzerland,1,2024,333.58041148103655,4743.239425562691,5076.819837043728,-1.6522909580234642,40.538576790060155,0.0549587553349742,28.47289346314492,0.00296,0.0,0.0,5145.831307296932,-1.59437220268849
lng,ATRCCS,BEC,wind,ATRCCS_H_BEC_C_wind_E,Singapore,1,2024,279.2415209230397,5136.26846936208,5415.50999028512,-1.6522909580234642,0.5503414925855502,0.0007461061989998,27.9227388718634,0.03992,57.04210191937806,0.1962435253459939,5501.025172568947,-1.4153813264784705
lng,ATRCCS,BEC,wind,ATRCCS_H_BEC_C_wind_E,Hungary,1,2024,271.69445278998455,1891.610509235991,2163.3049620259753,-1.6522909580234642,76.80742832481737,0.1041289802321632,20.75077295640763,0.01464,0.0,0.0,2260.8631633072005,-1.533521977791301
lng,ATRCCS,BEC,wind,ATRCCS_H_BEC_C_wind_E,Philippines,1,2024,270.1850391633735,1153.9078563519977,1424.0928955153709,-1.6522909580234642,14.30847482008127,0.0193982134825784,16.72437977331648,0.04904,65.90453867693275,0.2267332123304705,1521.0302887857015,-1.3571195322104153
lng,ATRCCS,BEC,wind,ATRCCS_H_BEC_C_wind_E,Netherlands,1,2024,309.42979345526015,3241.8912560556414,3551.3210495109015,-1.6522909580234642,6.791636792605323,0.0092075236568326,24.05060253368647,0.02024,0.0,0.0,3582.1632888371932,-1.6228434343666316
lng,ATRCCS,BEC,wind,ATRCCS_H_BEC_C_wind_E,Norway,1,2024,342.63689324070276,2420.1360910515837,2762.7729842922863,-1.6522909580234642,31.586172849052392,0.0428218473127285,15.911252561691846,0.00248,4.00931300443226,0.0137933507309631,2814.279722707463,-1.5931957599797726
lng,ATRCCS,BEC,wind,ATRCCS_H_BEC_C_wind_E,Oman,1,2024,288.2980026827058,294.2258343186901,582.5238370013959,-1.6522909580234642,26.719103995420006,0.0362234892176598,21.12109797041032,0.0436,40.64882895144683,0.1398452936726074,671.0128679186731,-1.432622175133197
lng,ATRCCS,BEC,wind,ATRCCS_H_BEC_C_wind_E,Italy,1,2024,289.8074163093168,3622.8271040620975,3912.6345203714145,-1.6522909580234642,18.21993296312582,0.0247010358337391,41.78749115350147,0.0230399999999999,15.307500202047128,0.0526628175120549,3987.949444690089,-1.55188710467767
lng,ATRCCS,BEC,wind,ATRCCS_H_BEC_C_wind_E,Austria,1,2024,313.95803433509326,3069.1283248752893,3383.0863592103824,-1.6522909580234642,54.43905545807985,0.0738038423273236,28.929782082959928,0.0082399999999999,0.0,0.0,3466.455196751422,-1.5702471156961408
lng,ATRCCS,BEC,wind,ATRCCS_H_BEC_C_wind_E,Finland,1,2024,326.0333433479815,3251.953476050561,3577.9868193985426,-1.6522909580234642,27.22434438169863,0.0369084511717668,15.940927547689158,0.0057599999999999,7.807709183324688,0.0268610784570582,3628.9598005112553,-1.5827614283946392
lng,ATRCCS,BEC,wind,ATRCCS_H_BEC_C_wind_E,Portugal,1,2024,274.7132800432066,2819.509717501347,3094.2229975445534,-1.6522909580234642,12.817872374283043,0.0173773814354991,16.803559322589937,0.00896,7.71666717802024,0.0265478641210794,3131.5610964194466,-1.5994057124668855
lng,ATRCCS,BEC,wind,ATRCCS_H_BEC_C_wind_E,Germany,1,2024,310.93920708187125,2876.5979693808854,3187.5371764627566,-1.6522909580234642,27.861242502357104,0.0377719034870231,28.316995716777623,0.02752,0.0,0.0,3243.715414681891,-1.586999054536441
lng,ATRCCS,BEC,wind,ATRCCS_H_BEC_C_wind_E,Greece,1,2024,277.73210729642864,1587.2354327302946,1864.967540026723,-1.6522909580234642,11.184540606351485,0.0151630491100337,24.136345688772245,0.0256,19.28989298501403,0.0663635538584547,1919.5783193068607,-1.5451643550549758
lng,ATRCCS,BEC,wind,ATRCCS_H_BEC_C_wind_E,France,1,2024,304.9015525754271,3177.156327069593,3482.05787964502,-1.6522909580234642,38.404076242702544,0.0520649809937556,20.531422984413005,0.0035199999999999,0.0,0.0,3540.9933788721355,-1.5967059770297085
lng,ATRCCS,BEC,wind,ATRCCS_H_BEC_C_wind_E,Brazil,1,2024,277.73210729642864,3033.80186635963,3311.5339736560586,-1.6522909580234642,102.99809327173692,0.1396360567221048,15.176345688772244,0.0082399999999999,37.200579700505514,0.1279821861343748,3466.9089923170727,-1.3764327151669846
lng,ATRCCS,BEC,wind,ATRCCS_H_BEC_C_wind_E,United Kingdom,1,2024,321.5051024681483,2336.235146921462,2657.74024938961,-1.6522909580234642,18.53994207479783,0.0251348769763235,40.9817479984157,0.01688,3.630648102871035,0.0124906193675186,2720.8925875656946,-1.597785461679622
lng,ATRCCS,BEC,wind,ATRCCS_H_BEC_C_wind_E,Spain,1,2024,280.75093454965065,2332.6249686366696,2613.37590318632,-1.6522909580234642,31.30247157646122,0.042437229251041,15.949132054954552,0.01168,9.520354774212615,0.0327531405851185,2670.1478615919486,-1.5654205881873047
lng,ATRCCS,BEC,wind,ATRCCS_H_BEC_C_wind_E,Sweden,1,2024,332.07099785442557,4752.030401516178,5084.101399370604,-1.6522909580234642,33.07840154431364,0.0448448840905465,11.52280028005377,0.0028799999999999,3.31854791959344,0.0114168924506162,5132.021149114565,-1.5931491814823016
lng,ATRCCS,BEC,wind,ATRCCS_H_BEC_C_wind_E,Czech Republic,1,2024,274.7132800432066,2371.29116390809,2646.0044439512967,-1.6522909580234642,51.82922071370271,0.0702656503004119,23.283559322589937,0.03312,0.0,0.0,2721.1172239875896,-1.5489053077230521
lng,ATRCCS,BEC,wind,ATRCCS_H_BEC_C_wind_E,Japan,1,2024,326.0333433479815,2619.8635664260582,2945.8969097740396,-1.6522909580234642,12.977661099092396,0.0175940094014379,22.260927547689153,0.03856,77.30846684554109,0.2659664627068899,3058.4439652663627,-1.3301704859151364
lng,ATRCCS,BEC,wind,ATRCCS_H_BEC_C_wind_E,Belgium,1,2024,309.42979345526015,1912.7831252051517,2222.2129186604116,-1.6522909580234642,9.461820518818865,0.0128275317017224,26.37060253368647,0.01104,0.0,0.0,2258.045341712917,-1.6284234263217419
lng,ATRCCS,BEC,wind,ATRCCS_H_BEC_C_wind_E,Poland,1,2024,279.2415209230397,2625.020249888238,2904.261770811278,-1.6522909580234642,16.004410049511293,0.0216974182578447,37.9227388718634,0.0492,5.811847391273151,0.0199946597768849,2964.0007671239255,-1.5613988799887346
lng,ATRCCS,BEC,wind,ATRCCS_H_BEC_C_wind_E,India,1,2024,267.1662119101515,1751.994159342586,2019.1603712527376,-1.6522909580234642,61.31609301406824,0.0831271450773518,14.831593407134172,0.0566399999999999,42.91830595173238,0.1476530383426261,2138.2263636256725,-1.3648707746034865
lng,ATRCCS,BEC,wind,ATRCCS_H_BEC_C_wind_E,Indonesia,1,2024,243.01559388437505,2772.7406482415727,3015.7562421259477,-1.6522909580234642,21.19081700585028,0.0287287077985997,9.929302477675712,0.05168,64.82844830678646,0.2230311087837455,3111.7048099162603,-1.348851141441119
lng,ATRCCS,BEC,wind,ATRCCS_H_BEC_C_wind_E,South Korea,1,2024,283.7697618028727,2034.742076918842,2318.511838721715,-1.6522909580234642,10.383993350619884,0.0140777352128614,14.241918421136855,0.03312,74.66638919455023,0.2568768496838436,2417.8041396880217,-1.3482163731267591
lng,ATRCCS,BEC,wind,ATRCCS_H_BEC_C_wind_E,China,1,2024,276.2226936698176,1713.4364923809408,1989.6591860507583,-1.6522909580234642,117.07828218326276,0.1587247795814752,12.189952505681092,0.0448,71.8908004684377,0.2473279148060095,2190.8182212081397,-1.2014382636359795
lng,ATRCCS,BEC,wind,ATRCCS_H_BEC_C_wind_E,United Arab Emirates,1,2024,288.2980026827058,293.19384166430285,581.4918443470087,-1.6522909580234642,15.525975735670064,0.0210487976973739,13.84109797041032,0.03064,41.57821592775767,0.143042689464573,652.4371339808469,-1.4575594708615172
lng,ATRCCS,BEC,wind,ATRCCS_H_BEC_C_wind_E,United States,1,2024,301.88272532220503,1188.6712523057274,1490.5539776279325,-1.6522909580234642,132.4178586528644,0.1795208730038194,17.038636618230697,0.03072,22.577681561125654,0.0776746240865531,1662.5881544601532,-1.3643754609330916
lng,ATRCCS,BEC,wind,ATRCCS_H_BEC_C_wind_E,Turkey,1,2024,276.2226936698176,1091.8287556950577,1368.0514493648752,-1.6522909580234642,14.367053340775968,0.0194776292598864,16.749952505681094,0.0376,23.35828389663454,0.0803601519520952,1422.5267391079667,-1.5148531768114826
lng,ATRCCS,BEC,wind,ATRCCS_H_BEC_C_wind_E,Australia,1,2024,309.42979345526015,1508.318982174923,1817.7487756301828,-1.6522909580234642,117.82066045617007,0.1597312329179604,24.130602533686467,0.04416,65.95113324728365,0.2268935129231901,2025.651171867323,-1.2215062121823137
lng,ATRCCS,BEC,wind,ATRCCS_H_BEC_C_wind_E,Malaysia,1,2024,264.14738465692943,1043.172380660409,1307.3197653173386,-1.6522909580234642,10.778832326510203,0.0146130243224186,14.858807040951865,0.04832,56.29162476997725,0.1936616379937679,1389.2490294547779,-1.3956962957072778
lng,ATRCCS,BEC,wind,ATRCCS_H_BEC_C_wind_E,Canada,1,2024,307.9203798286492,772.049233966183,1079.9696137948322,-1.6522909580234642,167.7201837743543,0.2273807635755919,13.944209350595314,0.0139999999999999,20.458397233290732,0.0703835914332919,1282.0924041530725,-1.3405266030145804
lng,ATRCCS,BEC,wind,ATRCCS_H_BEC_C_wind_E,Mexico,1,2024,265.65679828354047,637.2499351707536,902.906733454294,-1.6522909580234642,47.986626418251255,0.065056187698186,21.525200224043015,0.042,34.464447055117745,0.1185689931054071,1006.883007151706,-1.4266657772198712
lng,ATRCCS,BEC,wind,ATRCCS_H_BEC_C_wind_E,Thailand,1,2024,268.6756255367625,1096.5286296803138,1365.2042552170765,-1.6522909580234642,16.66138756714907,0.0225880925121339,15.017986590225323,0.04432,62.49514318275459,0.2150037744492733,1459.3787725572056,-1.370379091062057
lng,ATRCCS,BEC,wind,ATRCCS_H_BEC_C_wind_E,Russia,1,2024,285.27917542948376,549.9006748096035,835.1798502390873,-1.6522909580234642,205.1274017296293,0.2780942888681251,12.188311604228012,0.03592,8.377143565808982,0.0288201193568813,1060.8727071387536,-1.3094565497984578
lng,ATRCCS,BEC,wind,ATRCCS_H_BEC_C_wind_E,Saudi Arabia,1,2024,288.2980026827058,291.9545295375589,580.2525322202648,-1.6522909580234642,42.18212397392533,0.0571869368527249,10.48109797041032,0.04416,26.16353792532288,0.0900111451931741,659.0792920899233,-1.4609328759775653
lng,BG,BEC,wind,BG_H_BEC_C_wind_E,South Africa,1,2024,294.96702578968717,802.8298553245437,1097.796881114231,-1.718635841892217,36.05304361240747,0.0488776508666503,12.135525238045703,0.05672,47.91999291028547,0.1648604807123136,1193.9054428749694,-1.4481777103132532
lng,BG,BEC,wind,BG_H_BEC_C_wind_E,Taiwan,1,2024,290.23493446685796,857.00930571361,1147.244240180468,-1.718635841892217,8.910824241692303,0.0120805378015195,18.45634568877224,0.05088,68.52112477860437,0.2357351260693634,1243.132534889537,-1.419940178021334
lng,BG,BEC,wind,BG_H_BEC_C_wind_E,Switzerland,1,2024,348.59739411508485,1361.9848860540817,1710.5822801691666,-1.718635841892217,40.538576790060155,0.0549587553349742,28.47289346314492,0.00296,0.0,0.0,1779.5937504223716,-1.6607170865572427
lng,BG,BEC,wind,BG_H_BEC_C_wind_E,Singapore,1,2024,291.8122982411344,1312.1967151260471,1604.0090133671815,-1.718635841892217,0.5503414925855502,0.0007461061989998,27.9227388718634,0.03992,57.04210191937806,0.1962435253459939,1689.5241956510085,-1.4817262103472233
lng,BG,BEC,wind,BG_H_BEC_C_wind_E,Hungary,1,2024,283.9254793697524,935.4147631311076,1219.34024250086,-1.718635841892217,76.80742832481737,0.1041289802321632,20.75077295640763,0.01464,0.0,0.0,1316.8984437820852,-1.5998668616600538
lng,BG,BEC,wind,BG_H_BEC_C_wind_E,Philippines,1,2024,282.348115595476,853.9126176008689,1136.260733196345,-1.718635841892217,14.30847482008127,0.0193982134825784,16.72437977331648,0.04904,65.90453867693275,0.2267332123304705,1233.1981264666756,-1.423464416079168
lng,BG,BEC,wind,BG_H_BEC_C_wind_E,Netherlands,1,2024,323.35957372666235,1138.9831859451913,1462.3427596718536,-1.718635841892217,6.791636792605323,0.0092075236568326,24.05060253368647,0.02024,0.0,0.0,1493.1849989981454,-1.6891883182353844
lng,BG,BEC,wind,BG_H_BEC_C_wind_E,Norway,1,2024,358.06157676074326,1105.8537227951076,1463.9152995558509,-1.718635841892217,31.586172849052392,0.0428218473127285,15.911252561691846,0.00248,4.00931300443226,0.0137933507309631,1515.4220379710273,-1.6595406438485254
lng,BG,BEC,wind,BG_H_BEC_C_wind_E,Oman,1,2024,301.2764808867928,791.223241123215,1092.4997220100076,-1.718635841892217,26.719103995420006,0.0362234892176598,21.12109797041032,0.0436,40.64882895144683,0.1398452936726074,1180.9887529272848,-1.4989670590019497
lng,BG,BEC,wind,BG_H_BEC_C_wind_E,Italy,1,2024,302.85384466106916,1169.5909928546462,1472.444837515715,-1.718635841892217,18.21993296312582,0.0247010358337391,41.78749115350147,0.0230399999999999,15.307500202047128,0.0526628175120549,1547.7597618343893,-1.618231988546423
lng,BG,BEC,wind,BG_H_BEC_C_wind_E,Austria,1,2024,328.0916650494916,1139.161336091178,1467.2530011406695,-1.718635841892217,54.43905545807985,0.0738038423273236,28.929782082959928,0.0082399999999999,0.0,0.0,1550.6218386817093,-1.6365919995648937
lng,BG,BEC,wind,BG_H_BEC_C_wind_E,Finland,1,2024,340.71057524370286,1154.4343560959226,1495.1449313396254,-1.718635841892217,27.22434438169863,0.0369084511717668,15.940927547689158,0.0057599999999999,7.807709183324688,0.0268610784570582,1546.1179124523378,-1.649106312263392
lng,BG,BEC,wind,BG_H_BEC_C_wind_E,Portugal,1,2024,287.0802069183052,1033.8598379017956,1320.9400448201009,-1.718635841892217,12.817872374283043,0.0173773814354991,16.803559322589937,0.00896,7.71666717802024,0.0265478641210794,1358.2781436949942,-1.6657505963356383
lng,BG,BEC,wind,BG_H_BEC_C_wind_E,Germany,1,2024,324.93693750093877,1138.56223558874,1463.4991730896786,-1.718635841892217,27.861242502357104,0.0377719034870231,28.316995716777623,0.02752,0.0,0.0,1519.6774113088134,-1.6533439384051938
lng,BG,BEC,wind,BG_H_BEC_C_wind_E,Greece,1,2024,290.23493446685796,928.5912172722758,1218.8261517391338,-1.718635841892217,11.184540606351485,0.0151630491100337,24.136345688772245,0.0256,19.28989298501403,0.0663635538584547,1273.4369310192715,-1.6115092389237287
lng,BG,BEC,wind,BG_H_BEC_C_wind_E,France,1,2024,318.6274824038332,1145.0650755645077,1463.692557968341,-1.718635841892217,38.404076242702544,0.0520649809937556,20.531422984413005,0.0035199999999999,0.0,0.0,1522.6280571954564,-1.6630508608984613
lng,BG,BEC,wind,BG_H_BEC_C_wind_E,Brazil,1,2024,290.23493446685796,1027.4876871220486,1317.7226215889066,-1.718635841892217,102.99809327173692,0.1396360567221048,15.176345688772244,0.0082399999999999,37.200579700505514,0.1279821861343748,1473.0976402499214,-1.4427775990357374
lng,BG,BEC,wind,BG_H_BEC_C_wind_E,United Kingdom,1,2024,335.9784839208736,1032.0452675551303,1368.0237514760038,-1.718635841892217,18.53994207479783,0.0251348769763235,40.9817479984157,0.01688,3.630648102871035,0.0124906193675186,1431.1760896520882,-1.664130345548375
lng,BG,BEC,wind,BG_H_BEC_C_wind_E,Spain,1,2024,293.38966201541075,1016.6600714310443,1310.049733446455,-1.718635841892217,31.30247157646122,0.042437229251041,15.949132054954552,0.01168,9.520354774212615,0.0327531405851185,1366.8216918520834,-1.6317654720560575
lng,BG,BEC,wind,BG_H_BEC_C_wind_E,Sweden,1,2024,347.0200303408085,1303.252936993607,1650.2729673344152,-1.718635841892217,33.07840154431364,0.0448448840905465,11.52280028005377,0.0028799999999999,3.31854791959344,0.0114168924506162,1698.192717078376,-1.6594940653510544
lng,BG,BEC,wind,BG_H_BEC_C_wind_E,Czech Republic,1,2024,287.0802069183052,995.1237901462669,1282.203997064572,-1.718635841892217,51.82922071370271,0.0702656503004119,23.283559322589937,0.03312,0.0,0.0,1357.3167771008646,-1.615250191591805
lng,BG,BEC,wind,BG_H_BEC_C_wind_E,Japan,1,2024,340.71057524370286,1102.8009802886097,1443.5115555323125,-1.718635841892217,12.977661099092396,0.0175940094014379,22.260927547689153,0.03856,77.30846684554109,0.2659664627068899,1556.058611024635,-1.3965153697838892
lng,BG,BEC,wind,BG_H_BEC_C_wind_E,Belgium,1,2024,323.35957372666235,1056.4987982625214,1379.8583719891838,-1.718635841892217,9.461820518818865,0.0128275317017224,26.37060253368647,0.01104,0.0,0.0,1415.6907950416892,-1.6947683101904947
lng,BG,BEC,wind,BG_H_BEC_C_wind_E,Poland,1,2024,291.8122982411344,1007.315431851456,1299.1277300925904,-1.718635841892217,16.004410049511293,0.0216974182578447,37.9227388718634,0.0492,5.811847391273151,0.0199946597768849,1358.8667264052383,-1.6277437638574874
lng,BG,BEC,wind,BG_H_BEC_C_wind_E,India,1,2024,279.19338804692313,900.7175357770765,1179.9109238239996,-1.718635841892217,61.31609301406824,0.0831271450773518,14.831593407134172,0.0566399999999999,42.91830595173238,0.1476530383426261,1298.9769161969346,-1.4312156584722393
lng,BG,BEC,wind,BG_H_BEC_C_wind_E,Indonesia,1,2024,253.95556765850068,1013.1775964737697,1267.1331641322704,-1.718635841892217,21.19081700585028,0.0287287077985997,9.929302477675712,0.05168,64.82844830678646,0.2230311087837455,1363.0817319225828,-1.4151960253098719
lng,BG,BEC,wind,BG_H_BEC_C_wind_E,South Korea,1,2024,296.54438956396353,1002.3166818432863,1298.86107140725,-1.718635841892217,10.383993350619884,0.0140777352128614,14.241918421136855,0.03312,74.66638919455023,0.2568768496838436,1398.153372373557,-1.414561256995512
lng,BG,BEC,wind,BG_H_BEC_C_wind_E,China,1,2024,288.6575706925816,893.72167472555,1182.3792454181316,-1.718635841892217,117.07828218326276,0.1587247795814752,12.189952505681092,0.0448,71.8908004684377,0.2473279148060095,1383.538280575513,-1.2677831475047323
lng,BG,BEC,wind,BG_H_BEC_C_wind_E,United Arab Emirates,1,2024,301.2764808867928,790.1554293383928,1091.4319102251857,-1.718635841892217,15.525975735670064,0.0210487976973739,13.84109797041032,0.03064,41.57821592775767,0.143042689464573,1162.3771998590237,-1.52390435473027
lng,BG,BEC,wind,BG_H_BEC_C_wind_E,United States,1,2024,315.47275485528036,958.3701092697744,1273.8428641250546,-1.718635841892217,132.4178586528644,0.1795208730038194,17.038636618230697,0.03072,22.577681561125654,0.0776746240865531,1445.8770409572753,-1.4307203448018444
lng,BG,BEC,wind,BG_H_BEC_C_wind_E,Turkey,1,2024,288.6575706925816,871.0842667878612,1159.7418374804429,-1.718635841892217,14.367053340775968,0.0194776292598864,16.749952505681094,0.0376,23.35828389663454,0.0803601519520952,1214.2171272235344,-1.5811980606802354
lng,BG,BEC,wind,BG_H_BEC_C_wind_E,Australia,1,2024,323.35957372666235,989.8542119817992,1313.2137857084615,-1.718635841892217,117.82066045617007,0.1597312329179604,24.130602533686467,0.04416,65.95113324728365,0.2268935129231901,1521.1161819456017,-1.2878510960510665
lng,BG,BEC,wind,BG_H_BEC_C_wind_E,Malaysia,1,2024,276.03866049837035,860.8453517310351,1136.8840122294057,-1.718635841892217,10.778832326510203,0.0146130243224186,14.858807040951865,0.04832,56.29162476997725,0.1936616379937679,1218.813276366845,-1.4620411795760306
lng,BG,BEC,wind,BG_H_BEC_C_wind_E,Canada,1,2024,321.782209952386,892.9750239831807,1214.7572339355663,-1.718635841892217,167.7201837743543,0.2273807635755919,13.944209350595314,0.0139999999999999,20.458397233290732,0.0703835914332919,1416.8800242938066,-1.4068714868833332
lng,BG,BEC,wind,BG_H_BEC_C_wind_E,Mexico,1,2024,277.61602427264677,804.7894094439037,1082.4054337165503,-1.718635841892217,47.986626418251255,0.065056187698186,21.525200224043015,0.042,34.464447055117745,0.1185689931054071,1186.3817074139622,-1.493010661088624
lng,BG,BEC,wind,BG_H_BEC_C_wind_E,Thailand,1,2024,280.77075182119955,855.761204944034,1136.5319567652336,-1.718635841892217,16.66138756714907,0.0225880925121339,15.017986590225323,0.04432,62.49514318275459,0.2150037744492733,1230.7064741053628,-1.4367239749308098
lng,BG,BEC,wind,BG_H_BEC_C_wind_E,Russia,1,2024,298.12175333823996,830.9626994291589,1129.084452767399,-1.718635841892217,205.1274017296293,0.2780942888681251,12.188311604228012,0.03592,8.377143565808982,0.0288201193568813,1354.7773096670653,-1.3758014336672106
lng,BG,BEC,wind,BG_H_BEC_C_wind_E,Saudi Arabia,1,2024,301.2764808867928,787.6590615978203,1088.935542484613,-1.718635841892217,42.18212397392533,0.0571869368527249,10.48109797041032,0.04416,26.16353792532288,0.0900111451931741,1167.7623023542715,-1.527277759846318
lng,LTE,BEC,wind,LTE_H_BEC_C_wind_E,South Africa,1,2024,360.60683078968714,1398.6921441258212,1759.2989749155083,-2.0493708153217463,36.05304361240747,0.0488776508666503,12.135525238045703,0.05672,47.91999291028547,0.1648604807123136,1855.4075366762468,-1.7789126837427822
lng,LTE,BEC,wind,LTE_H_BEC_C_wind_E,Taiwan,1,2024,354.82169446685793,827.4733085387941,1182.295003005652,-2.0493708153217463,8.910824241692303,0.0120805378015195,18.45634568877224,0.05088,68.52112477860437,0.2357351260693634,1278.183297714721,-1.7506751514508634
lng,LTE,BEC,wind,LTE_H_BEC_C_wind_E,Switzerland,1,2024,426.1717091150848,1861.4599828893472,2287.631692004432,-2.0493708153217463,40.538576790060155,0.0549587553349742,28.47289346314492,0.00296,0.0,0.0,2356.643162257637,-1.991452059986772
lng,LTE,BEC,wind,LTE_H_BEC_C_wind_E,Singapore,1,2024,356.7500732411343,2573.8188389328297,2930.568912173964,-2.0493708153217463,0.5503414925855502,0.0007461061989998,27.9227388718634,0.03992,57.04210191937806,0.1962435253459939,3016.084094457791,-1.8124611837767526
lng,LTE,BEC,wind,LTE_H_BEC_C_wind_E,Hungary,1,2024,347.10817936975235,1377.795725975323,1724.9039053450754,-2.0493708153217463,76.80742832481737,0.1041289802321632,20.75077295640763,0.01464,0.0,0.0,1822.4621066263005,-1.930601835089583
lng,LTE,BEC,wind,LTE_H_BEC_C_wind_E,Philippines,1,2024,345.1798005954759,1631.6342799899242,1976.8140805854,-2.0493708153217463,14.30847482008127,0.0193982134825784,16.72437977331648,0.04904,65.90453867693275,0.2267332123304705,2073.7514738557306,-1.7541993895086971
lng,LTE,BEC,wind,LTE_H_BEC_C_wind_E,Netherlands,1,2024,395.3176487266624,1416.4149800563027,1811.732628782965,-2.0493708153217463,6.791636792605323,0.0092075236568326,24.05060253368647,0.02024,0.0,0.0,1842.5748681092568,-2.019923291664914
lng,LTE,BEC,wind,LTE_H_BEC_C_wind_E,Norway,1,2024,437.7419817607432,1361.512046555701,1799.2540283164444,-2.0493708153217463,31.586172849052392,0.0428218473127285,15.911252561691846,0.00248,4.00931300443226,0.0137933507309631,1850.7607667316208,-1.990275617278055
lng,LTE,BEC,wind,LTE_H_BEC_C_wind_E,Oman,1,2024,368.3203458867927,1459.793909808608,1828.1142556954003,-2.0493708153217463,26.719103995420006,0.0362234892176598,21.12109797041032,0.0436,40.64882895144683,0.1398452936726074,1916.6032866126775,-1.829702032431479
lng,LTE,BEC,wind,LTE_H_BEC_C_wind_E,Italy,1,2024,370.2487246610691,1648.676464713126,2018.9251893741953,-2.0493708153217463,18.21993296312582,0.0247010358337391,41.78749115350147,0.0230399999999999,15.307500202047128,0.0526628175120549,2094.2401136928697,-1.9489669619759524
lng,LTE,BEC,wind,LTE_H_BEC_C_wind_E,Austria,1,2024,401.1027850494916,1520.2278564913615,1921.330641540853,-2.0493708153217463,54.43905545807985,0.0738038423273236,28.929782082959928,0.0082399999999999,0.0,0.0,2004.6994790818928,-1.967326972994423
lng,LTE,BEC,wind,LTE_H_BEC_C_wind_E,Finland,1,2024,416.5298152437028,1455.4754933661789,1872.0053086098817,-2.0493708153217463,27.22434438169863,0.0369084511717668,15.940927547689158,0.0057599999999999,7.807709183324688,0.0268610784570582,1922.9782897225941,-1.979841285692921
lng,LTE,BEC,wind,LTE_H_BEC_C_wind_E,Portugal,1,2024,350.96493691830517,1595.8495008227712,1946.8144377410763,-2.0493708153217463,12.817872374283043,0.0173773814354991,16.803559322589937,0.00896,7.71666717802024,0.0265478641210794,1984.1525366159697,-1.9964855697651678
lng,LTE,BEC,wind,LTE_H_BEC_C_wind_E,Germany,1,2024,397.2460275009388,1718.7233021340292,2115.969329634968,-2.0493708153217463,27.861242502357104,0.0377719034870231,28.316995716777623,0.02752,0.0,0.0,2172.1475678541024,-1.984078911834723
lng,LTE,BEC,wind,LTE_H_BEC_C_wind_E,Greece,1,2024,354.82169446685793,1393.713254202242,1748.5349486691,-2.0493708153217463,11.184540606351485,0.0151630491100337,24.136345688772245,0.0256,19.28989298501403,0.0663635538584547,1803.1457279492377,-1.9422442123532582
lng,LTE,BEC,wind,LTE_H_BEC_C_wind_E,France,1,2024,389.5325124038332,1591.636193271513,1981.1687056753465,-2.0493708153217463,38.404076242702544,0.0520649809937556,20.531422984413005,0.0035199999999999,0.0,0.0,2040.104204902462,-1.9937858343279906
lng,LTE,BEC,wind,LTE_H_BEC_C_wind_E,Brazil,1,2024,354.82169446685793,898.0334715240035,1252.8551659908617,-2.0493708153217463,102.99809327173692,0.1396360567221048,15.176345688772244,0.0082399999999999,37.200579700505514,0.1279821861343748,1408.2301846518765,-1.7735125724652667
lng,LTE,BEC,wind,LTE_H_BEC_C_wind_E,United Kingdom,1,2024,410.7446789208736,1090.9640468344846,1501.7087257553585,-2.0493708153217463,18.53994207479783,0.0251348769763235,40.9817479984157,0.01688,3.630648102871035,0.0124906193675186,1564.861063931443,-1.9948653189779042
lng,LTE,BEC,wind,LTE_H_BEC_C_wind_E,Spain,1,2024,358.67845201541076,1185.5025660119302,1544.181018027341,-2.0493708153217463,31.30247157646122,0.042437229251041,15.949132054954552,0.01168,9.520354774212615,0.0327531405851185,1600.9529764329693,-1.962500445485587
lng,LTE,BEC,wind,LTE_H_BEC_C_wind_E,Sweden,1,2024,424.2433303408085,1574.6927662429707,1998.936096583779,-2.0493708153217463,33.07840154431364,0.0448448840905465,11.52280028005377,0.0028799999999999,3.31854791959344,0.0114168924506162,2046.85584632774,-1.9902290387805839
lng,LTE,BEC,wind,LTE_H_BEC_C_wind_E,Czech Republic,1,2024,350.96493691830517,1618.1166802019052,1969.0816171202105,-2.0493708153217463,51.82922071370271,0.0702656503004119,23.283559322589937,0.03312,0.0,0.0,2044.194397156503,-1.9459851650213342
lng,LTE,BEC,wind,LTE_H_BEC_C_wind_E,Japan,1,2024,416.5298152437028,3489.4804743035497,3906.010289547252,-2.0493708153217463,12.977661099092396,0.0175940094014379,22.260927547689153,0.03856,77.30846684554109,0.2659664627068899,4018.557345039575,-1.7272503432134187
lng,LTE,BEC,wind,LTE_H_BEC_C_wind_E,Belgium,1,2024,395.3176487266624,1541.313321542964,1936.6309702696265,-2.0493708153217463,9.461820518818865,0.0128275317017224,26.37060253368647,0.01104,0.0,0.0,1972.4633933221319,-2.025503283620024
lng,LTE,BEC,wind,LTE_H_BEC_C_wind_E,Poland,1,2024,356.7500732411343,1517.3430777999076,1874.093151041042,-2.0493708153217463,16.004410049511293,0.0216974182578447,37.9227388718634,0.0492,5.811847391273151,0.0199946597768849,1933.8321473536898,-1.9584787372870165
lng,LTE,BEC,wind,LTE_H_BEC_C_wind_E,India,1,2024,341.32304304692315,1367.5138175856564,1708.8368606325796,-2.0493708153217463,61.31609301406824,0.0831271450773518,14.831593407134172,0.0566399999999999,42.91830595173238,0.1476530383426261,1827.9028530055145,-1.7619506319017684
lng,LTE,BEC,wind,LTE_H_BEC_C_wind_E,Indonesia,1,2024,310.46898265850064,2373.1857391872127,2683.6547218457135,-2.0493708153217463,21.19081700585028,0.0287287077985997,9.929302477675712,0.05168,64.82844830678646,0.2230311087837455,2779.603289636026,-1.745930998739401
lng,LTE,BEC,wind,LTE_H_BEC_C_wind_E,South Korea,1,2024,362.5352095639636,1970.329659897448,2332.8648694614117,-2.0493708153217463,10.383993350619884,0.0140777352128614,14.241918421136855,0.03312,74.66638919455023,0.2568768496838436,2432.1571704277185,-1.7452962304250412
lng,LTE,BEC,wind,LTE_H_BEC_C_wind_E,China,1,2024,352.89331569258155,849.0988727157921,1201.9921884083735,-2.0493708153217463,117.07828218326276,0.1587247795814752,12.189952505681092,0.0448,71.8908004684377,0.2473279148060095,1403.151223565755,-1.5985181209342616
lng,LTE,BEC,wind,LTE_H_BEC_C_wind_E,United Arab Emirates,1,2024,368.3203458867927,1456.9574146237858,1825.2777605105784,-2.0493708153217463,15.525975735670064,0.0210487976973739,13.84109797041032,0.03064,41.57821592775767,0.143042689464573,1896.2230501444164,-1.8546393281597995
lng,LTE,BEC,wind,LTE_H_BEC_C_wind_E,United States,1,2024,385.6757548552804,1222.588493616786,1608.2642484720664,-2.0493708153217463,132.4178586528644,0.1795208730038194,17.038636618230697,0.03072,22.577681561125654,0.0776746240865531,1780.298425304287,-1.7614553182313737
lng,LTE,BEC,wind,LTE_H_BEC_C_wind_E,Turkey,1,2024,352.89331569258155,2134.058025206327,2486.9513408989083,-2.0493708153217463,14.367053340775968,0.0194776292598864,16.749952505681094,0.0376,23.35828389663454,0.0803601519520952,2541.4266306419995,-1.9119330341097645
lng,LTE,BEC,wind,LTE_H_BEC_C_wind_E,Australia,1,2024,395.3176487266624,1342.0489950231026,1737.366643749765,-2.0493708153217463,117.82066045617007,0.1597312329179604,24.130602533686467,0.04416,65.95113324728365,0.2268935129231901,1945.2690399869052,-1.6185860694805958
lng,LTE,BEC,wind,LTE_H_BEC_C_wind_E,Malaysia,1,2024,337.4662854983703,2279.2763978060248,2616.742683304395,-2.0493708153217463,10.778832326510203,0.0146130243224186,14.858807040951865,0.04832,56.29162476997725,0.1936616379937679,2698.6719474418346,-1.79277615300556
lng,LTE,BEC,wind,LTE_H_BEC_C_wind_E,Canada,1,2024,393.389269952386,1129.014716721383,1522.4039866737687,-2.0493708153217463,167.7201837743543,0.2273807635755919,13.944209350595314,0.0139999999999999,20.458397233290732,0.0703835914332919,1724.526777032009,-1.7376064603128627
lng,LTE,BEC,wind,LTE_H_BEC_C_wind_E,Mexico,1,2024,339.39466427264676,1327.9640666690923,1667.358730941739,-2.0493708153217463,47.986626418251255,0.065056187698186,21.525200224043015,0.042,34.464447055117745,0.1185689931054071,1771.3350046391508,-1.823745634518153
lng,LTE,BEC,wind,LTE_H_BEC_C_wind_E,Thailand,1,2024,343.25142182119953,2002.5045322882393,2345.755954109439,-2.0493708153217463,16.66138756714907,0.0225880925121339,15.017986590225323,0.04432,62.49514318275459,0.2150037744492733,2439.930471449568,-1.7674589483603393
lng,LTE,BEC,wind,LTE_H_BEC_C_wind_E,Russia,1,2024,364.46358833824,2827.3075254802047,3191.7711138184445,-2.0493708153217463,205.1274017296293,0.2780942888681251,12.188311604228012,0.03592,8.377143565808982,0.0288201193568813,3417.463970718111,-1.70653640709674
lng,LTE,BEC,wind,LTE_H_BEC_C_wind_E,Saudi Arabia,1,2024,368.3203458867927,1455.213316662819,1823.533662549611,-2.0493708153217463,42.18212397392533,0.0571869368527249,10.48109797041032,0.04416,26.16353792532288,0.0900111451931741,1902.3604224192695,-1.8580127332758472
lng,SMR,BEC,wind,SMR_H_BEC_C_wind_E,South Africa,1,2024,188.59062153405935,427.2328626844628,615.8234842185223,2.9503283715438964,36.05304361240747,0.0488776508666503,12.135525238045703,0.05672,47.91999291028547,0.1648604807123136,711.9320459792609,3.22078650312286
lng,SMR,BEC,wind,SMR_H_BEC_C_wind_E,Taiwan,1,2024,185.5651035415343,1024.7475625432642,1210.3126660847984,2.9503283715438964,8.910824241692303,0.0120805378015195,18.45634568877224,0.05088,68.52112477860437,0.2357351260693634,1306.2009607938674,3.249024035414779
lng,SMR,BEC,wind,SMR_H_BEC_C_wind_E,Switzerland,1,2024,222.8798254493429,4310.934634039467,4533.81445948881,2.9503283715438964,40.538576790060155,0.0549587553349742,28.47289346314492,0.00296,0.0,0.0,4602.8259297420145,3.0082471268788704
lng,SMR,BEC,wind,SMR_H_BEC_C_wind_E,Singapore,1,2024,186.5736095390427,4628.339473270302,4814.913082809345,2.9503283715438964,0.5503414925855502,0.0007461061989998,27.9227388718634,0.03992,57.04210191937806,0.1962435253459939,4900.428265093172,3.18723800308889
lng,SMR,BEC,wind,SMR_H_BEC_C_wind_E,Hungary,1,2024,181.531079551501,1692.701390546397,1874.2324700978984,2.9503283715438964,76.80742832481737,0.1041289802321632,20.75077295640763,0.01464,0.0,0.0,1971.7906713791235,3.0690973517760596
lng,SMR,BEC,wind,SMR_H_BEC_C_wind_E,Philippines,1,2024,180.52257355399263,1002.7627923091368,1183.2853658631295,2.9503283715438964,14.30847482008127,0.0193982134825784,16.72437977331648,0.04904,65.90453867693275,0.2267332123304705,1280.2227591334602,3.2454997973569455
lng,SMR,BEC,wind,SMR_H_BEC_C_wind_E,Netherlands,1,2024,206.74372948920947,2942.9917213816216,3149.735450870831,2.9503283715438964,6.791636792605323,0.0092075236568326,24.05060253368647,0.02024,0.0,0.0,3180.5776901971226,2.9797758952007287
lng,SMR,BEC,wind,SMR_H_BEC_C_wind_E,Norway,1,2024,228.93086143439297,2199.2241172454083,2428.1549786798014,2.9503283715438964,31.586172849052392,0.0428218473127285,15.911252561691846,0.00248,4.00931300443226,0.0137933507309631,2479.661717094978,3.0094235695875877
lng,SMR,BEC,wind,SMR_H_BEC_C_wind_E,Oman,1,2024,192.62464552409276,230.1110214679501,422.73566699204287,2.9503283715438964,26.719103995420006,0.0362234892176598,21.12109797041032,0.0436,40.64882895144683,0.1398452936726074,511.22469790932007,3.1699971544341636
lng,SMR,BEC,wind,SMR_H_BEC_C_wind_E,Italy,1,2024,193.63315152160104,3276.680515321037,3470.313666842638,2.9503283715438964,18.21993296312582,0.0247010358337391,41.78749115350147,0.0230399999999999,15.307500202047128,0.0526628175120549,3545.6285911613127,3.05073222488969
lng,SMR,BEC,wind,SMR_H_BEC_C_wind_E,Austria,1,2024,209.76924748173448,2780.159505025172,2989.9287525069067,2.9503283715438964,54.43905545807985,0.0738038423273236,28.929782082959928,0.0082399999999999,0.0,0.0,3073.2975900479464,3.03237221387122
lng,SMR,BEC,wind,SMR_H_BEC_C_wind_E,Finland,1,2024,217.8372954618012,2954.287163574105,3172.124459035906,2.9503283715438964,27.22434438169863,0.0369084511717668,15.940927547689158,0.0057599999999999,7.807709183324688,0.0268610784570582,3223.0974401486187,3.0198579011727213
lng,SMR,BEC,wind,SMR_H_BEC_C_wind_E,Portugal,1,2024,183.5480915465177,2540.1903548184473,2723.738446364965,2.9503283715438964,12.817872374283043,0.0173773814354991,16.803559322589937,0.00896,7.71666717802024,0.0265478641210794,2761.076545239858,3.003213617100475
lng,SMR,BEC,wind,SMR_H_BEC_C_wind_E,Germany,1,2024,207.7522354867178,2603.5885717781466,2811.3408072648645,2.9503283715438964,27.861242502357104,0.0377719034870231,28.316995716777623,0.02752,0.0,0.0,2867.519045483999,3.0156202750309196
lng,SMR,BEC,wind,SMR_H_BEC_C_wind_E,Greece,1,2024,185.5651035415343,1415.1918334691372,1600.7569370106717,2.9503283715438964,11.184540606351485,0.0151630491100337,24.136345688772245,0.0256,19.28989298501403,0.0663635538584547,1655.3677162908093,3.0574549745123845
lng,SMR,BEC,wind,SMR_H_BEC_C_wind_E,France,1,2024,203.7182114966845,2876.399059659991,3080.1172711566755,2.9503283715438964,38.404076242702544,0.0520649809937556,20.531422984413005,0.0035199999999999,0.0,0.0,3139.052770383791,3.005913352537652
lng,SMR,BEC,wind,SMR_H_BEC_C_wind_E,Brazil,1,2024,185.5651035415343,2756.6467471113374,2942.211850652872,2.9503283715438964,102.99809327173692,0.1396360567221048,15.176345688772244,0.0082399999999999,37.200579700505514,0.1279821861343748,3097.586869313886,3.2261866144003757
lng,SMR,BEC,wind,SMR_H_BEC_C_wind_E,United Kingdom,1,2024,214.81177746927617,2124.0510091825245,2338.8627866518004,2.9503283715438964,18.53994207479783,0.0251348769763235,40.9817479984157,0.01688,3.630648102871035,0.0124906193675186,2402.015124827885,3.0048338678877387
lng,SMR,BEC,wind,SMR_H_BEC_C_wind_E,Spain,1,2024,187.58211553655104,2114.3589135175393,2301.9410290540904,2.9503283715438964,31.30247157646122,0.042437229251041,15.949132054954552,0.01168,9.520354774212615,0.0327531405851185,2358.712987459719,3.037198741380056
lng,SMR,BEC,wind,SMR_H_BEC_C_wind_E,Sweden,1,2024,221.87131945183455,4325.559493870002,4547.4308133218365,2.9503283715438964,33.07840154431364,0.0448448840905465,11.52280028005377,0.0028799999999999,3.31854791959344,0.0114168924506162,4595.350563065797,3.0094701480850587
lng,SMR,BEC,wind,SMR_H_BEC_C_wind_E,Czech Republic,1,2024,183.5480915465177,2135.238562250255,2318.786653796773,2.9503283715438964,51.82922071370271,0.0702656503004119,23.283559322589937,0.03312,0.0,0.0,2393.899433833066,3.053714021844308
lng,SMR,BEC,wind,SMR_H_BEC_C_wind_E,Japan,1,2024,217.8372954618012,2283.1126415617023,2500.9499370235035,2.9503283715438964,12.977661099092396,0.0175940094014379,22.260927547689153,0.03856,77.30846684554109,0.2659664627068899,2613.4969925158266,3.272448843652224
lng,SMR,BEC,wind,SMR_H_BEC_C_wind_E,Belgium,1,2024,206.74372948920947,1724.1643835156435,1930.908113004853,2.9503283715438964,9.461820518818865,0.0128275317017224,26.37060253368647,0.01104,0.0,0.0,1966.7405360573584,2.9741959032456187
lng,SMR,BEC,wind,SMR_H_BEC_C_wind_E,Poland,1,2024,186.5736095390427,2363.3756411659774,2549.94925070502,2.9503283715438964,16.004410049511293,0.0216974182578447,37.9227388718634,0.0492,5.811847391273151,0.0199946597768849,2609.6882470176674,3.041220449578626
lng,SMR,BEC,wind,SMR_H_BEC_C_wind_E,India,1,2024,178.50556155897596,1558.519938386062,1737.025499945038,2.9503283715438964,61.31609301406824,0.0831271450773518,14.831593407134172,0.0566399999999999,42.91830595173238,0.1476530383426261,1856.091492317973,3.237748554963874
lng,SMR,BEC,wind,SMR_H_BEC_C_wind_E,Indonesia,1,2024,162.3694655988425,2456.7376341243603,2619.1070997232027,2.9503283715438964,21.19081700585028,0.0287287077985997,9.929302477675712,0.05168,64.82844830678646,0.2230311087837455,2715.0556675135153,3.2537681881262417
lng,SMR,BEC,wind,SMR_H_BEC_C_wind_E,South Korea,1,2024,189.59912753156772,1802.0613133643965,1991.660440895964,2.9503283715438964,10.383993350619884,0.0140777352128614,14.241918421136855,0.03312,74.66638919455023,0.2568768496838436,2090.952741862271,3.254402956440601
lng,SMR,BEC,wind,SMR_H_BEC_C_wind_E,China,1,2024,184.556597544026,1544.5645009808854,1729.1210985249115,2.9503283715438964,117.07828218326276,0.1587247795814752,12.189952505681092,0.0448,71.8908004684377,0.2473279148060095,1930.280133682293,3.401181065931381
lng,SMR,BEC,wind,SMR_H_BEC_C_wind_E,United Arab Emirates,1,2024,192.62464552409276,226.81432068382364,419.4389662079164,2.9503283715438964,15.525975735670064,0.0210487976973739,13.84109797041032,0.03064,41.57821592775767,0.143042689464573,490.38425584175445,3.145059858705843
lng,SMR,BEC,wind,SMR_H_BEC_C_wind_E,United States,1,2024,201.70119950166776,1068.2179524861126,1269.9191519877804,2.9503283715438964,132.4178586528644,0.1795208730038194,17.038636618230697,0.03072,22.577681561125654,0.0776746240865531,1441.9533288200012,3.238243868634269
lng,SMR,BEC,wind,SMR_H_BEC_C_wind_E,Turkey,1,2024,184.556597544026,927.2735297611132,1111.8301273051393,2.9503283715438964,14.367053340775968,0.0194776292598864,16.749952505681094,0.0376,23.35828389663454,0.0803601519520952,1166.3054170482308,3.087766152755878
lng,SMR,BEC,wind,SMR_H_BEC_C_wind_E,Australia,1,2024,206.74372948920947,1360.4917432969369,1567.2354727861464,2.9503283715438964,117.82066045617007,0.1597312329179604,24.130602533686467,0.04416,65.95113324728365,0.2268935129231901,1775.1378690232866,3.381113117385047
lng,SMR,BEC,wind,SMR_H_BEC_C_wind_E,Malaysia,1,2024,176.48854956395928,874.8737679458287,1051.362317509788,2.9503283715438964,10.778832326510203,0.0146130243224186,14.858807040951865,0.04832,56.29162476997725,0.1936616379937679,1133.2915816472273,3.2069230338600825
lng,SMR,BEC,wind,SMR_H_BEC_C_wind_E,Canada,1,2024,205.7352234917011,687.5280846482573,893.2633081399583,2.9503283715438964,167.7201837743543,0.2273807635755919,13.944209350595314,0.0139999999999999,20.458397233290732,0.0703835914332919,1095.3860984981986,3.2620927265527797
lng,SMR,BEC,wind,SMR_H_BEC_C_wind_E,Mexico,1,2024,177.49705556146765,541.0817691801929,718.5788247416605,2.9503283715438964,47.986626418251255,0.065056187698186,21.525200224043015,0.042,34.464447055117745,0.1185689931054071,822.5550984390725,3.1759535523474893
lng,SMR,BEC,wind,SMR_H_BEC_C_wind_E,Thailand,1,2024,179.51406755648432,935.1413793954442,1114.6554469519283,2.9503283715438964,16.66138756714907,0.0225880925121339,15.017986590225323,0.04432,62.49514318275459,0.2150037744492733,1208.8299642920574,3.2322402385053035
lng,SMR,BEC,wind,SMR_H_BEC_C_wind_E,Russia,1,2024,190.60763352907605,403.5625317697333,594.1701652988094,2.9503283715438964,205.1274017296293,0.2780942888681251,12.188311604228012,0.03592,8.377143565808982,0.0288201193568813,819.8630221984756,3.293162779768903
lng,SMR,BEC,wind,SMR_H_BEC_C_wind_E,Saudi Arabia,1,2024,192.62464552409276,225.57501690098977,418.19966242508247,2.9503283715438964,42.18212397392533,0.0571869368527249,10.48109797041032,0.04416,26.16353792532288,0.0900111451931741,497.026422294741,3.1416864535897955
lng,SMRCCS,BEC,wind,SMRCCS_H_BEC_C_wind_E,South Africa,1,2024,325.25890869973006,558.8057366418825,884.0646453416125,-1.365574859170503,36.05304361240747,0.0488776508666503,12.135525238045703,0.05672,47.91999291028547,0.1648604807123136,980.1732071023512,-1.0951167275915392
lng,SMRCCS,BEC,wind,SMRCCS_H_BEC_C_wind_E,Taiwan,1,2024,320.0408513409108,1300.2216142696852,1620.262465610596,-1.365574859170503,8.910824241692303,0.0120805378015195,18.45634568877224,0.05088,68.52112477860437,0.2357351260693634,1716.150760319665,-1.0668791952996202
lng,SMRCCS,BEC,wind,SMRCCS_H_BEC_C_wind_E,Switzerland,1,2024,384.39689209968094,5465.805123895269,5850.202015994951,-1.365574859170503,40.538576790060155,0.0549587553349742,28.47289346314492,0.00296,0.0,0.0,5919.213486248155,-1.3076561038355288
lng,SMRCCS,BEC,wind,SMRCCS_H_BEC_C_wind_E,Singapore,1,2024,321.7802037938506,5895.07957764823,6216.859781442081,-1.365574859170503,0.5503414925855502,0.0007461061989998,27.9227388718634,0.03992,57.04210191937806,0.1962435253459939,6302.374963725908,-1.1286652276255094
lng,SMRCCS,BEC,wind,SMRCCS_H_BEC_C_wind_E,Hungary,1,2024,313.0834415291519,2159.0485982746272,2472.132039803779,-1.365574859170503,76.80742832481737,0.1041289802321632,20.75077295640763,0.01464,0.0,0.0,2569.6902410850043,-1.2468058789383398
lng,SMRCCS,BEC,wind,SMRCCS_H_BEC_C_wind_E,Philippines,1,2024,311.34408907621213,1292.9752182226034,1604.3193072988156,-1.365574859170503,14.30847482008127,0.0193982134825784,16.72437977331648,0.04904,65.90453867693275,0.2267332123304705,1701.2567005691462,-1.0704034333574541
lng,SMRCCS,BEC,wind,SMRCCS_H_BEC_C_wind_E,Netherlands,1,2024,356.5672528526452,3734.196071500037,4090.763324352682,-1.365574859170503,6.791636792605323,0.0092075236568326,24.05060253368647,0.02024,0.0,0.0,4121.605563678973,-1.3361273355136705
lng,SMRCCS,BEC,wind,SMRCCS_H_BEC_C_wind_E,Norway,1,2024,394.8330068173193,2786.3254597224295,3181.1584665397486,-1.365574859170503,31.586172849052392,0.0428218473127285,15.911252561691846,0.00248,4.00931300443226,0.0137933507309631,3232.6652049549252,-1.3064796611268115
lng,SMRCCS,BEC,wind,SMRCCS_H_BEC_C_wind_E,Oman,1,2024,332.21631851148896,310.07390899302806,642.290227504517,-1.365574859170503,26.719103995420006,0.0362234892176598,21.12109797041032,0.0436,40.64882895144683,0.1398452936726074,730.7792584217942,-1.1459060762802358
lng,SMRCCS,BEC,wind,SMRCCS_H_BEC_C_wind_E,Italy,1,2024,333.9556709644287,4161.117798503053,4495.073469467481,-1.365574859170503,18.21993296312582,0.0247010358337391,41.78749115350147,0.0230399999999999,15.307500202047128,0.0526628175120549,4570.388393786156,-1.265171005824709
lng,SMRCCS,BEC,wind,SMRCCS_H_BEC_C_wind_E,Austria,1,2024,361.7853102114644,3527.7750500458055,3889.56036025727,-1.365574859170503,54.43905545807985,0.0738038423273236,28.929782082959928,0.0082399999999999,0.0,0.0,3972.92919779831,-1.2835310168431797
lng,SMRCCS,BEC,wind,SMRCCS_H_BEC_C_wind_E,Finland,1,2024,375.7001298349823,3748.332298325302,4124.032428160284,-1.365574859170503,27.22434438169863,0.0369084511717668,15.940927547689158,0.0057599999999999,7.807709183324688,0.0268610784570582,4175.005409272997,-1.296045329541678
lng,SMRCCS,BEC,wind,SMRCCS_H_BEC_C_wind_E,Portugal,1,2024,316.56214643503137,3236.922141782993,3553.4842882180246,-1.365574859170503,12.817872374283043,0.0173773814354991,16.803559322589937,0.00896,7.71666717802024,0.0265478641210794,3590.822387092918,-1.3126896136139243
lng,SMRCCS,BEC,wind,SMRCCS_H_BEC_C_wind_E,Germany,1,2024,358.3066053055849,3307.954660355054,3666.261265660639,-1.365574859170503,27.861242502357104,0.0377719034870231,28.316995716777623,0.02752,0.0,0.0,3722.4395038797734,-1.3002829556834798
lng,SMRCCS,BEC,wind,SMRCCS_H_BEC_C_wind_E,Greece,1,2024,320.0408513409108,1805.009782440709,2125.0506337816196,-1.365574859170503,11.184540606351485,0.0151630491100337,24.136345688772245,0.0256,19.28989298501403,0.0663635538584547,2179.6614130617572,-1.2584482562020147
lng,SMRCCS,BEC,wind,SMRCCS_H_BEC_C_wind_E,France,1,2024,351.349195493826,3651.867957306424,4003.2171528002496,-1.365574859170503,38.404076242702544,0.0520649809937556,20.531422984413005,0.0035199999999999,0.0,0.0,4062.152652027365,-1.3099898781767474
lng,SMRCCS,BEC,wind,SMRCCS_H_BEC_C_wind_E,Brazil,1,2024,320.0408513409108,3496.5369021359174,3816.577753476828,-1.365574859170503,102.99809327173692,0.1396360567221048,15.176345688772244,0.0082399999999999,37.200579700505514,0.1279821861343748,3971.952772137842,-1.0897166163140235
lng,SMRCCS,BEC,wind,SMRCCS_H_BEC_C_wind_E,United Kingdom,1,2024,370.482072476163,2693.107680028775,3063.589752504938,-1.365574859170503,18.53994207479783,0.0251348769763235,40.9817479984157,0.01688,3.630648102871035,0.0124906193675186,3126.7420906810225,-1.311069362826661
lng,SMRCCS,BEC,wind,SMRCCS_H_BEC_C_wind_E,Spain,1,2024,323.5195562467903,2683.9297126465726,3007.449268893363,-1.365574859170503,31.30247157646122,0.042437229251041,15.949132054954552,0.01168,9.520354774212615,0.0327531405851185,3064.2212272989914,-1.2787044893343436
lng,SMRCCS,BEC,wind,SMRCCS_H_BEC_C_wind_E,Sweden,1,2024,382.6575396467412,5486.406030879584,5869.063570526326,-1.365574859170503,33.07840154431364,0.0448448840905465,11.52280028005377,0.0028799999999999,3.31854791959344,0.0114168924506162,5916.983320270287,-1.3064330826293404
lng,SMRCCS,BEC,wind,SMRCCS_H_BEC_C_wind_E,Czech Republic,1,2024,316.56214643503137,2725.921970627703,3042.484117062734,-1.365574859170503,51.82922071370271,0.0702656503004119,23.283559322589937,0.03312,0.0,0.0,3117.596897099027,-1.262189208870091
lng,SMRCCS,BEC,wind,SMRCCS_H_BEC_C_wind_E,Japan,1,2024,375.7001298349823,2944.577768126187,3320.2778979611694,-1.365574859170503,12.977661099092396,0.0175940094014379,22.260927547689153,0.03856,77.30846684554109,0.2659664627068899,3432.8249534534925,-1.0434543870621753
lng,SMRCCS,BEC,wind,SMRCCS_H_BEC_C_wind_E,Belgium,1,2024,356.5672528526452,2187.899784570236,2544.4670374228813,-1.365574859170503,9.461820518818865,0.0128275317017224,26.37060253368647,0.01104,0.0,0.0,2580.2994604753867,-1.3417073274687807
lng,SMRCCS,BEC,wind,SMRCCS_H_BEC_C_wind_E,Poland,1,2024,321.7802037938506,3012.2923016991535,3334.072505493004,-1.365574859170503,16.004410049511293,0.0216974182578447,37.9227388718634,0.0492,5.811847391273151,0.0199946597768849,3393.8115018056515,-1.2746827811357735
lng,SMRCCS,BEC,wind,SMRCCS_H_BEC_C_wind_E,India,1,2024,307.86538417033273,1990.8768176829735,2298.742201853306,-1.365574859170503,61.31609301406824,0.0831271450773518,14.831593407134172,0.0566399999999999,42.91830595173238,0.1476530383426261,2417.808194226241,-1.0781546757505254
lng,SMRCCS,BEC,wind,SMRCCS_H_BEC_C_wind_E,Indonesia,1,2024,280.035744923297,3149.8724601532904,3429.9082050765874,-1.365574859170503,21.19081700585028,0.0287287077985997,9.929302477675712,0.05168,64.82844830678646,0.2230311087837455,3525.8567728669,-1.062135042588158
lng,SMRCCS,BEC,wind,SMRCCS_H_BEC_C_wind_E,South Korea,1,2024,326.9982611526697,2303.5380049932237,2630.5362661458935,-1.365574859170503,10.383993350619884,0.0140777352128614,14.241918421136855,0.03312,74.66638919455023,0.2568768496838436,2729.8285671122003,-1.061500274273798
lng,SMRCCS,BEC,wind,SMRCCS_H_BEC_C_wind_E,China,1,2024,318.3014988879711,1961.491315942666,2279.7928148306373,-1.365574859170503,117.07828218326276,0.1587247795814752,12.189952505681092,0.0448,71.8908004684377,0.2473279148060095,2480.9518499880187,-0.9147221647830184
lng,SMRCCS,BEC,wind,SMRCCS_H_BEC_C_wind_E,United Arab Emirates,1,2024,332.21631851148896,305.37313671131153,637.5894552228006,-1.365574859170503,15.525975735670064,0.0210487976973739,13.84109797041032,0.03064,41.57821592775767,0.143042689464573,708.5347448566387,-1.170843372008556
lng,SMRCCS,BEC,wind,SMRCCS_H_BEC_C_wind_E,United States,1,2024,347.87049058794656,1353.397875814918,1701.2683664028646,-1.365574859170503,132.4178586528644,0.1795208730038194,17.038636618230697,0.03072,22.577681561125654,0.0776746240865531,1873.3025432350853,-1.0776593620801305
lng,SMRCCS,BEC,wind,SMRCCS_H_BEC_C_wind_E,Turkey,1,2024,318.3014988879711,1206.2865586347114,1524.5880575226824,-1.365574859170503,14.367053340775968,0.0194776292598864,16.749952505681094,0.0376,23.35828389663454,0.0803601519520952,1579.063347265774,-1.2281370779585215
lng,SMRCCS,BEC,wind,SMRCCS_H_BEC_C_wind_E,Australia,1,2024,356.5672528526452,1727.3641186436682,2083.9313714963137,-1.365574859170503,117.82066045617007,0.1597312329179604,24.130602533686467,0.04416,65.95113324728365,0.2268935129231901,2291.833767733454,-0.9347901133293526
lng,SMRCCS,BEC,wind,SMRCCS_H_BEC_C_wind_E,Malaysia,1,2024,304.3866792644532,1143.6443504673268,1448.03102973178,-1.365574859170503,10.778832326510203,0.0146130243224186,14.858807040951865,0.04832,56.29162476997725,0.1936616379937679,1529.9602938692194,-1.1089801968543167
lng,SMRCCS,BEC,wind,SMRCCS_H_BEC_C_wind_E,Canada,1,2024,354.82790039970547,873.2558832936455,1228.083783693351,-1.365574859170503,167.7201837743543,0.2273807635755919,13.944209350595314,0.0139999999999999,20.458397233290732,0.0703835914332919,1430.2065740515914,-1.0538105041616193
lng,SMRCCS,BEC,wind,SMRCCS_H_BEC_C_wind_E,Mexico,1,2024,306.12603171739295,700.9120317854803,1007.0380635028732,-1.365574859170503,47.986626418251255,0.065056187698186,21.525200224043015,0.042,34.464447055117745,0.1185689931054071,1111.0143372002851,-1.13994967836691
lng,SMRCCS,BEC,wind,SMRCCS_H_BEC_C_wind_E,Thailand,1,2024,309.6047366232724,1215.118078633611,1524.7228152568837,-1.365574859170503,16.66138756714907,0.0225880925121339,15.017986590225323,0.04432,62.49514318275459,0.2150037744492733,1618.8973325970128,-1.083662992209096
lng,SMRCCS,BEC,wind,SMRCCS_H_BEC_C_wind_E,Russia,1,2024,328.7376136056095,558.8584016374539,887.5960152430634,-1.365574859170503,205.1274017296293,0.2780942888681251,12.188311604228012,0.03592,8.377143565808982,0.0288201193568813,1113.2888721427298,-1.0227404509454967
lng,SMRCCS,BEC,wind,SMRCCS_H_BEC_C_wind_E,Saudi Arabia,1,2024,332.21631851148896,304.1338245845676,636.3501430960566,-1.365574859170503,42.18212397392533,0.0571869368527249,10.48109797041032,0.04416,26.16353792532288,0.0900111451931741,715.1769029657152,-1.1742167771246041
lng,BG,BG,wind,BG_H_C_wind_E,South Africa,1,2024,294.96702578968717,747.8298553245436,1042.7968811142307,-1.7986304753724445,36.05304361240747,0.0488776508666503,12.135525238045703,0.05672,47.91999291028547,0.1648604807123136,1138.9054428749691,-1.5281723437934807
lng,BG,BG,wind,BG_H_C_wind_E,Taiwan,1,2024,290.23493446685796,802.0093057136099,1092.2442401804678,-1.7986304753724445,8.910824241692303,0.0120805378015195,18.45634568877224,0.05088,68.52112477860437,0.2357351260693634,1188.1325348895368,-1.4999348115015616
lng,BG,BG,wind,BG_H_C_wind_E,Switzerland,1,2024,348.59739411508485,1306.9848860540817,1655.5822801691666,-1.7986304753724445,40.538576790060155,0.0549587553349742,28.47289346314492,0.00296,0.0,0.0,1724.5937504223716,-1.7407117200374702
lng,BG,BG,wind,BG_H_C_wind_E,Singapore,1,2024,291.8122982411344,1257.1967151260474,1549.0090133671818,-1.7986304753724445,0.5503414925855502,0.0007461061989998,27.9227388718634,0.03992,57.04210191937806,0.1962435253459939,1634.5241956510088,-1.5617208438274508
lng,BG,BG,wind,BG_H_C_wind_E,Hungary,1,2024,283.9254793697524,880.4147631311076,1164.34024250086,-1.7986304753724445,76.80742832481737,0.1041289802321632,20.75077295640763,0.01464,0.0,0.0,1261.8984437820852,-1.6798614951402813
lng,BG,BG,wind,BG_H_C_wind_E,Philippines,1,2024,282.348115595476,798.9126176008689,1081.260733196345,-1.7986304753724445,14.30847482008127,0.0193982134825784,16.72437977331648,0.04904,65.90453867693275,0.2267332123304705,1178.1981264666756,-1.5034590495593956
lng,BG,BG,wind,BG_H_C_wind_E,Netherlands,1,2024,323.35957372666235,1083.9831859451913,1407.3427596718536,-1.7986304753724445,6.791636792605323,0.0092075236568326,24.05060253368647,0.02024,0.0,0.0,1438.1849989981454,-1.769182951715612
lng,BG,BG,wind,BG_H_C_wind_E,Norway,1,2024,358.06157676074326,1050.8537227951074,1408.9152995558509,-1.7986304753724445,31.586172849052392,0.0428218473127285,15.911252561691846,0.00248,4.00931300443226,0.0137933507309631,1460.4220379710273,-1.739535277328753
lng,BG,BG,wind,BG_H_C_wind_E,Oman,1,2024,301.2764808867928,736.223241123215,1037.4997220100076,-1.7986304753724445,26.719103995420006,0.0362234892176598,21.12109797041032,0.0436,40.64882895144683,0.1398452936726074,1125.9887529272848,-1.5789616924821772
lng,BG,BG,wind,BG_H_C_wind_E,Italy,1,2024,302.85384466106916,1114.590992854646,1417.444837515715,-1.7986304753724445,18.21993296312582,0.0247010358337391,41.78749115350147,0.0230399999999999,15.307500202047128,0.0526628175120549,1492.7597618343893,-1.6982266220266504
lng,BG,BG,wind,BG_H_C_wind_E,Austria,1,2024,328.0916650494916,1084.161336091178,1412.2530011406695,-1.7986304753724445,54.43905545807985,0.0738038423273236,28.929782082959928,0.0082399999999999,0.0,0.0,1495.6218386817093,-1.7165866330451212
lng,BG,BG,wind,BG_H_C_wind_E,Finland,1,2024,340.71057524370286,1099.4343560959226,1440.1449313396254,-1.7986304753724445,27.22434438169863,0.0369084511717668,15.940927547689158,0.0057599999999999,7.807709183324688,0.0268610784570582,1491.1179124523378,-1.7291009457436195
lng,BG,BG,wind,BG_H_C_wind_E,Portugal,1,2024,287.0802069183052,978.8598379017956,1265.9400448201009,-1.7986304753724445,12.817872374283043,0.0173773814354991,16.803559322589937,0.00896,7.71666717802024,0.0265478641210794,1303.2781436949942,-1.7457452298158658
lng,BG,BG,wind,BG_H_C_wind_E,Germany,1,2024,324.93693750093877,1083.56223558874,1408.4991730896786,-1.7986304753724445,27.861242502357104,0.0377719034870231,28.316995716777623,0.02752,0.0,0.0,1464.6774113088134,-1.7333385718854213
lng,BG,BG,wind,BG_H_C_wind_E,Greece,1,2024,290.23493446685796,873.5912172722757,1163.8261517391336,-1.7986304753724445,11.184540606351485,0.0151630491100337,24.136345688772245,0.0256,19.28989298501403,0.0663635538584547,1218.4369310192712,-1.6915038724039562
lng,BG,BG,wind,BG_H_C_wind_E,France,1,2024,318.6274824038332,1090.065075564508,1408.6925579683411,-1.7986304753724445,38.404076242702544,0.0520649809937556,20.531422984413005,0.0035199999999999,0.0,0.0,1467.6280571954567,-1.7430454943786888
lng,BG,BG,wind,BG_H_C_wind_E,Brazil,1,2024,290.23493446685796,972.4876871220484,1262.7226215889063,-1.7986304753724445,102.99809327173692,0.1396360567221048,15.176345688772244,0.0082399999999999,37.200579700505514,0.1279821861343748,1418.0976402499211,-1.522772232515965
lng,BG,BG,wind,BG_H_C_wind_E,United Kingdom,1,2024,335.9784839208736,977.0452675551304,1313.023751476004,-1.7986304753724445,18.53994207479783,0.0251348769763235,40.9817479984157,0.01688,3.630648102871035,0.0124906193675186,1376.1760896520886,-1.7441249790286024
lng,BG,BG,wind,BG_H_C_wind_E,Spain,1,2024,293.38966201541075,961.6600714310442,1255.0497334464549,-1.7986304753724445,31.30247157646122,0.042437229251041,15.949132054954552,0.01168,9.520354774212615,0.0327531405851185,1311.8216918520832,-1.711760105536285
lng,BG,BG,wind,BG_H_C_wind_E,Sweden,1,2024,347.0200303408085,1248.252936993607,1595.2729673344154,-1.7986304753724445,33.07840154431364,0.0448448840905465,11.52280028005377,0.0028799999999999,3.31854791959344,0.0114168924506162,1643.1927170783763,-1.7394886988312819
lng,BG,BG,wind,BG_H_C_wind_E,Czech Republic,1,2024,287.0802069183052,940.1237901462669,1227.203997064572,-1.7986304753724445,51.82922071370271,0.0702656503004119,23.283559322589937,0.03312,0.0,0.0,1302.3167771008646,-1.6952448250720324
lng,BG,BG,wind,BG_H_C_wind_E,Japan,1,2024,340.71057524370286,1047.8009802886097,1388.5115555323125,-1.7986304753724445,12.977661099092396,0.0175940094014379,22.260927547689153,0.03856,77.30846684554109,0.2659664627068899,1501.058611024635,-1.4765100032641167
lng,BG,BG,wind,BG_H_C_wind_E,Belgium,1,2024,323.35957372666235,1001.4987982625212,1324.8583719891835,-1.7986304753724445,9.461820518818865,0.0128275317017224,26.37060253368647,0.01104,0.0,0.0,1360.690795041689,-1.7747629436707222
lng,BG,BG,wind,BG_H_C_wind_E,Poland,1,2024,291.8122982411344,952.3154318514562,1244.1277300925906,-1.7986304753724445,16.004410049511293,0.0216974182578447,37.9227388718634,0.0492,5.811847391273151,0.0199946597768849,1303.8667264052385,-1.707738397337715
lng,BG,BG,wind,BG_H_C_wind_E,India,1,2024,279.19338804692313,845.7175357770765,1124.9109238239996,-1.7986304753724445,61.31609301406824,0.0831271450773518,14.831593407134172,0.0566399999999999,42.91830595173238,0.1476530383426261,1243.9769161969346,-1.5112102919524668
lng,BG,BG,wind,BG_H_C_wind_E,Indonesia,1,2024,253.95556765850068,958.1775964737697,1212.1331641322704,-1.7986304753724445,21.19081700585028,0.0287287077985997,9.929302477675712,0.05168,64.82844830678646,0.2230311087837455,1308.0817319225828,-1.4951906587900994
lng,BG,BG,wind,BG_H_C_wind_E,South Korea,1,2024,296.54438956396353,947.3166818432863,1243.86107140725,-1.7986304753724445,10.383993350619884,0.0140777352128614,14.241918421136855,0.03312,74.66638919455023,0.2568768496838436,1343.153372373557,-1.4945558904757394
lng,BG,BG,wind,BG_H_C_wind_E,China,1,2024,288.6575706925816,838.72167472555,1127.3792454181316,-1.7986304753724445,117.07828218326276,0.1587247795814752,12.189952505681092,0.0448,71.8908004684377,0.2473279148060095,1328.538280575513,-1.3477777809849598
lng,BG,BG,wind,BG_H_C_wind_E,United Arab Emirates,1,2024,301.2764808867928,735.1554293383928,1036.4319102251857,-1.7986304753724445,15.525975735670064,0.0210487976973739,13.84109797041032,0.03064,41.57821592775767,0.143042689464573,1107.3771998590237,-1.6038989882104975
lng,BG,BG,wind,BG_H_C_wind_E,United States,1,2024,315.47275485528036,903.3701092697744,1218.8428641250546,-1.7986304753724445,132.4178586528644,0.1795208730038194,17.038636618230697,0.03072,22.577681561125654,0.0776746240865531,1390.8770409572753,-1.510714978282072
lng,BG,BG,wind,BG_H_C_wind_E,Turkey,1,2024,288.6575706925816,816.0842667878611,1104.7418374804429,-1.7986304753724445,14.367053340775968,0.0194776292598864,16.749952505681094,0.0376,23.35828389663454,0.0803601519520952,1159.2171272235344,-1.661192694160463
lng,BG,BG,wind,BG_H_C_wind_E,Australia,1,2024,323.35957372666235,934.854211981799,1258.2137857084613,-1.7986304753724445,117.82066045617007,0.1597312329179604,24.130602533686467,0.04416,65.95113324728365,0.2268935129231901,1466.1161819456015,-1.367845729531294
lng,BG,BG,wind,BG_H_C_wind_E,Malaysia,1,2024,276.03866049837035,805.845351731035,1081.8840122294052,-1.7986304753724445,10.778832326510203,0.0146130243224186,14.858807040951865,0.04832,56.29162476997725,0.1936616379937679,1163.8132763668445,-1.5420358130562581
lng,BG,BG,wind,BG_H_C_wind_E,Canada,1,2024,321.782209952386,837.9750239831806,1159.7572339355663,-1.7986304753724445,167.7201837743543,0.2273807635755919,13.944209350595314,0.0139999999999999,20.458397233290732,0.0703835914332919,1361.8800242938066,-1.4868661203635607
lng,BG,BG,wind,BG_H_C_wind_E,Mexico,1,2024,277.61602427264677,749.7894094439037,1027.4054337165503,-1.7986304753724445,47.986626418251255,0.065056187698186,21.525200224043015,0.042,34.464447055117745,0.1185689931054071,1131.3817074139622,-1.5730052945688515
lng,BG,BG,wind,BG_H_C_wind_E,Thailand,1,2024,280.77075182119955,800.761204944034,1081.5319567652336,-1.7986304753724445,16.66138756714907,0.0225880925121339,15.017986590225323,0.04432,62.49514318275459,0.2150037744492733,1175.7064741053628,-1.5167186084110373
lng,BG,BG,wind,BG_H_C_wind_E,Russia,1,2024,298.12175333823996,775.962699429159,1074.084452767399,-1.7986304753724445,205.1274017296293,0.2780942888681251,12.188311604228012,0.03592,8.377143565808982,0.0288201193568813,1299.7773096670653,-1.4557960671474381
lng,BG,BG,wind,BG_H_C_wind_E,Saudi Arabia,1,2024,301.2764808867928,732.6590615978203,1033.935542484613,-1.7986304753724445,42.18212397392533,0.0571869368527249,10.48109797041032,0.04416,26.16353792532288,0.0900111451931741,1112.7623023542715,-1.6072723933265456
lng,ATRCCS,DAC,wind,ATRCCS_H_DAC_C_wind_E,South Africa,1,2024,282.2603481762618,1004.43915643192,1286.6995046081818,-1.5741516118250618,36.05304361240747,0.0488776508666503,12.135525238045703,0.05672,47.91999291028547,0.1648604807123136,1382.8080663689202,-1.3036934802460978
lng,ATRCCS,DAC,wind,ATRCCS_H_DAC_C_wind_E,Taiwan,1,2024,277.73210729642864,1639.2831187883496,1917.0152260847783,-1.5741516118250618,8.910824241692303,0.0120805378015195,18.45634568877224,0.05088,68.52112477860437,0.2357351260693634,2012.9035207938473,-1.275455947954179
lng,ATRCCS,DAC,wind,ATRCCS_H_DAC_C_wind_E,Switzerland,1,2024,333.58041148103655,5238.239425562691,5571.819837043728,-1.5741516118250618,40.538576790060155,0.0549587553349742,28.47289346314492,0.00296,0.0,0.0,5640.831307296932,-1.5162328564900875
lng,ATRCCS,DAC,wind,ATRCCS_H_DAC_C_wind_E,Singapore,1,2024,279.2415209230397,5631.26846936208,5910.50999028512,-1.5741516118250618,0.5503414925855502,0.0007461061989998,27.9227388718634,0.03992,57.04210191937806,0.1962435253459939,5996.025172568947,-1.3372419802800681
lng,ATRCCS,DAC,wind,ATRCCS_H_DAC_C_wind_E,Hungary,1,2024,271.69445278998455,2386.6105092359912,2658.304962025976,-1.5741516118250618,76.80742832481737,0.1041289802321632,20.75077295640763,0.01464,0.0,0.0,2755.863163307201,-1.4553826315928986
lng,ATRCCS,DAC,wind,ATRCCS_H_DAC_C_wind_E,Philippines,1,2024,270.1850391633735,1648.9078563519977,1919.0928955153713,-1.5741516118250618,14.30847482008127,0.0193982134825784,16.72437977331648,0.04904,65.90453867693275,0.2267332123304705,2016.030288785702,-1.2789801860120131
lng,ATRCCS,DAC,wind,ATRCCS_H_DAC_C_wind_E,Netherlands,1,2024,309.42979345526015,3736.8912560556414,4046.3210495109015,-1.5741516118250618,6.791636792605323,0.0092075236568326,24.05060253368647,0.02024,0.0,0.0,4077.1632888371932,-1.5447040881682292
lng,ATRCCS,DAC,wind,ATRCCS_H_DAC_C_wind_E,Norway,1,2024,342.63689324070276,2915.136091051583,3257.772984292286,-1.5741516118250618,31.586172849052392,0.0428218473127285,15.911252561691846,0.00248,4.00931300443226,0.0137933507309631,3309.2797227074625,-1.5150564137813702
lng,ATRCCS,DAC,wind,ATRCCS_H_DAC_C_wind_E,Oman,1,2024,288.2980026827058,789.2258343186901,1077.5238370013958,-1.5741516118250618,26.719103995420006,0.0362234892176598,21.12109797041032,0.0436,40.64882895144683,0.1398452936726074,1166.012867918673,-1.3544828289347945
lng,ATRCCS,DAC,wind,ATRCCS_H_DAC_C_wind_E,Italy,1,2024,289.8074163093168,4117.827104062098,4407.634520371415,-1.5741516118250618,18.21993296312582,0.0247010358337391,41.78749115350147,0.0230399999999999,15.307500202047128,0.0526628175120549,4482.94944469009,-1.4737477584792678
lng,ATRCCS,DAC,wind,ATRCCS_H_DAC_C_wind_E,Austria,1,2024,313.95803433509326,3564.1283248752893,3878.0863592103824,-1.5741516118250618,54.43905545807985,0.0738038423273236,28.929782082959928,0.0082399999999999,0.0,0.0,3961.455196751422,-1.4921077694977385
lng,ATRCCS,DAC,wind,ATRCCS_H_DAC_C_wind_E,Finland,1,2024,326.0333433479815,3746.9534760505608,4072.986819398542,-1.5741516118250618,27.22434438169863,0.0369084511717668,15.940927547689158,0.0057599999999999,7.807709183324688,0.0268610784570582,4123.959800511255,-1.5046220821962368
lng,ATRCCS,DAC,wind,ATRCCS_H_DAC_C_wind_E,Portugal,1,2024,274.7132800432066,3314.5097175013475,3589.2229975445543,-1.5741516118250618,12.817872374283043,0.0173773814354991,16.803559322589937,0.00896,7.71666717802024,0.0265478641210794,3626.5610964194475,-1.521266366268483
lng,ATRCCS,DAC,wind,ATRCCS_H_DAC_C_wind_E,Germany,1,2024,310.93920708187125,3371.597969380885,3682.537176462756,-1.5741516118250618,27.861242502357104,0.0377719034870231,28.316995716777623,0.02752,0.0,0.0,3738.7154146818907,-1.5088597083380386
lng,ATRCCS,DAC,wind,ATRCCS_H_DAC_C_wind_E,Greece,1,2024,277.73210729642864,2082.235432730295,2359.967540026724,-1.5741516118250618,11.184540606351485,0.0151630491100337,24.136345688772245,0.0256,19.28989298501403,0.0663635538584547,2414.5783193068614,-1.4670250088565735
lng,ATRCCS,DAC,wind,ATRCCS_H_DAC_C_wind_E,France,1,2024,304.9015525754271,3672.156327069593,3977.05787964502,-1.5741516118250618,38.404076242702544,0.0520649809937556,20.531422984413005,0.0035199999999999,0.0,0.0,4035.9933788721355,-1.5185666308313062
lng,ATRCCS,DAC,wind,ATRCCS_H_DAC_C_wind_E,Brazil,1,2024,277.73210729642864,3528.80186635963,3806.5339736560586,-1.5741516118250618,102.99809327173692,0.1396360567221048,15.176345688772244,0.0082399999999999,37.200579700505514,0.1279821861343748,3961.9089923170727,-1.2982933689685823
lng,ATRCCS,DAC,wind,ATRCCS_H_DAC_C_wind_E,United Kingdom,1,2024,321.5051024681483,2831.235146921462,3152.74024938961,-1.5741516118250618,18.53994207479783,0.0251348769763235,40.9817479984157,0.01688,3.630648102871035,0.0124906193675186,3215.8925875656946,-1.5196461154812198
lng,ATRCCS,DAC,wind,ATRCCS_H_DAC_C_wind_E,Spain,1,2024,280.75093454965065,2827.6249686366696,3108.37590318632,-1.5741516118250618,31.30247157646122,0.042437229251041,15.949132054954552,0.01168,9.520354774212615,0.0327531405851185,3165.1478615919486,-1.4872812419889023
lng,ATRCCS,DAC,wind,ATRCCS_H_DAC_C_wind_E,Sweden,1,2024,332.07099785442557,5247.030401516178,5579.101399370604,-1.5741516118250618,33.07840154431364,0.0448448840905465,11.52280028005377,0.0028799999999999,3.31854791959344,0.0114168924506162,5627.021149114565,-1.5150098352838992
lng,ATRCCS,DAC,wind,ATRCCS_H_DAC_C_wind_E,Czech Republic,1,2024,274.7132800432066,2866.29116390809,3141.0044439512967,-1.5741516118250618,51.82922071370271,0.0702656503004119,23.283559322589937,0.03312,0.0,0.0,3216.1172239875896,-1.4707659615246498
lng,ATRCCS,DAC,wind,ATRCCS_H_DAC_C_wind_E,Japan,1,2024,326.0333433479815,3114.863566426058,3440.896909774039,-1.5741516118250618,12.977661099092396,0.0175940094014379,22.260927547689153,0.03856,77.30846684554109,0.2659664627068899,3553.4439652663623,-1.252031139716734
lng,ATRCCS,DAC,wind,ATRCCS_H_DAC_C_wind_E,Belgium,1,2024,309.42979345526015,2407.783125205151,2717.212918660411,-1.5741516118250618,9.461820518818865,0.0128275317017224,26.37060253368647,0.01104,0.0,0.0,2753.0453417129165,-1.5502840801233395
lng,ATRCCS,DAC,wind,ATRCCS_H_DAC_C_wind_E,Poland,1,2024,279.2415209230397,3120.0202498882377,3399.2617708112775,-1.5741516118250618,16.004410049511293,0.0216974182578447,37.9227388718634,0.0492,5.811847391273151,0.0199946597768849,3459.000767123925,-1.4832595337903323
lng,ATRCCS,DAC,wind,ATRCCS_H_DAC_C_wind_E,India,1,2024,267.1662119101515,2246.994159342586,2514.1603712527376,-1.5741516118250618,61.31609301406824,0.0831271450773518,14.831593407134172,0.0566399999999999,42.91830595173238,0.1476530383426261,2633.2263636256725,-1.286731428405084
lng,ATRCCS,DAC,wind,ATRCCS_H_DAC_C_wind_E,Indonesia,1,2024,243.01559388437505,3267.7406482415727,3510.7562421259477,-1.5741516118250618,21.19081700585028,0.0287287077985997,9.929302477675712,0.05168,64.82844830678646,0.2230311087837455,3606.7048099162603,-1.2707117952427167
lng,ATRCCS,DAC,wind,ATRCCS_H_DAC_C_wind_E,South Korea,1,2024,283.7697618028727,2529.742076918842,2813.511838721715,-1.5741516118250618,10.383993350619884,0.0140777352128614,14.241918421136855,0.03312,74.66638919455023,0.2568768496838436,2912.8041396880217,-1.2700770269283568
lng,ATRCCS,DAC,wind,ATRCCS_H_DAC_C_wind_E,China,1,2024,276.2226936698176,2208.4364923809403,2484.659186050758,-1.5741516118250618,117.07828218326276,0.1587247795814752,12.189952505681092,0.0448,71.8908004684377,0.2473279148060095,2685.818221208139,-1.1232989174375771
lng,ATRCCS,DAC,wind,ATRCCS_H_DAC_C_wind_E,United Arab Emirates,1,2024,288.2980026827058,788.1938416643027,1076.4918443470085,-1.5741516118250618,15.525975735670064,0.0210487976973739,13.84109797041032,0.03064,41.57821592775767,0.143042689464573,1147.4371339808465,-1.379420124663115
lng,ATRCCS,DAC,wind,ATRCCS_H_DAC_C_wind_E,United States,1,2024,301.88272532220503,1683.6712523057276,1985.553977627933,-1.5741516118250618,132.4178586528644,0.1795208730038194,17.038636618230697,0.03072,22.577681561125654,0.0776746240865531,2157.5881544601534,-1.2862361147346892
lng,ATRCCS,DAC,wind,ATRCCS_H_DAC_C_wind_E,Turkey,1,2024,276.2226936698176,1586.8287556950577,1863.0514493648752,-1.5741516118250618,14.367053340775968,0.0194776292598864,16.749952505681094,0.0376,23.35828389663454,0.0803601519520952,1917.5267391079667,-1.4367138306130802
lng,ATRCCS,DAC,wind,ATRCCS_H_DAC_C_wind_E,Australia,1,2024,309.42979345526015,2003.318982174923,2312.748775630183,-1.5741516118250618,117.82066045617007,0.1597312329179604,24.130602533686467,0.04416,65.95113324728365,0.2268935129231901,2520.6511718673232,-1.1433668659839114
lng,ATRCCS,DAC,wind,ATRCCS_H_DAC_C_wind_E,Malaysia,1,2024,264.14738465692943,1538.172380660409,1802.3197653173388,-1.5741516118250618,10.778832326510203,0.0146130243224186,14.858807040951865,0.04832,56.29162476997725,0.1936616379937679,1884.249029454778,-1.3175569495088755
lng,ATRCCS,DAC,wind,ATRCCS_H_DAC_C_wind_E,Canada,1,2024,307.9203798286492,1267.0492339661828,1574.969613794832,-1.5741516118250618,167.7201837743543,0.2273807635755919,13.944209350595314,0.0139999999999999,20.458397233290732,0.0703835914332919,1777.0924041530723,-1.2623872568161782
lng,ATRCCS,DAC,wind,ATRCCS_H_DAC_C_wind_E,Mexico,1,2024,265.65679828354047,1132.2499351707536,1397.906733454294,-1.5741516118250618,47.986626418251255,0.065056187698186,21.525200224043015,0.042,34.464447055117745,0.1185689931054071,1501.883007151706,-1.3485264310214686
lng,ATRCCS,DAC,wind,ATRCCS_H_DAC_C_wind_E,Thailand,1,2024,268.6756255367625,1591.528629680314,1860.2042552170765,-1.5741516118250618,16.66138756714907,0.0225880925121339,15.017986590225323,0.04432,62.49514318275459,0.2150037744492733,1954.3787725572056,-1.2922397448636547
lng,ATRCCS,DAC,wind,ATRCCS_H_DAC_C_wind_E,Russia,1,2024,285.27917542948376,1044.9006748096035,1330.1798502390875,-1.5741516118250618,205.1274017296293,0.2780942888681251,12.188311604228012,0.03592,8.377143565808982,0.0288201193568813,1555.8727071387539,-1.2313172036000555
lng,ATRCCS,DAC,wind,ATRCCS_H_DAC_C_wind_E,Saudi Arabia,1,2024,288.2980026827058,786.9545295375588,1075.2525322202646,-1.5741516118250618,42.18212397392533,0.0571869368527249,10.48109797041032,0.04416,26.16353792532288,0.0900111451931741,1154.079292089923,-1.3827935297791627
lng,BG,DAC,wind,BG_H_DAC_C_wind_E,South Africa,1,2024,294.96702578968717,1297.8298553245436,1592.7968811142307,-1.6404964956938148,36.05304361240747,0.0488776508666503,12.135525238045703,0.05672,47.91999291028547,0.1648604807123136,1688.9054428749691,-1.370038364114851
lng,BG,DAC,wind,BG_H_DAC_C_wind_E,Taiwan,1,2024,290.23493446685796,1352.00930571361,1642.244240180468,-1.6404964956938148,8.910824241692303,0.0120805378015195,18.45634568877224,0.05088,68.52112477860437,0.2357351260693634,1738.132534889537,-1.341800831822932
lng,BG,DAC,wind,BG_H_DAC_C_wind_E,Switzerland,1,2024,348.59739411508485,1856.984886054082,2205.5822801691666,-1.6404964956938148,40.538576790060155,0.0549587553349742,28.47289346314492,0.00296,0.0,0.0,2274.5937504223716,-1.5825777403588406
lng,BG,DAC,wind,BG_H_DAC_C_wind_E,Singapore,1,2024,291.8122982411344,1807.1967151260471,2099.009013367182,-1.6404964956938148,0.5503414925855502,0.0007461061989998,27.9227388718634,0.03992,57.04210191937806,0.1962435253459939,2184.524195651009,-1.4035868641488212
lng,BG,DAC,wind,BG_H_DAC_C_wind_E,Hungary,1,2024,283.9254793697524,1430.4147631311075,1714.34024250086,-1.6404964956938148,76.80742832481737,0.1041289802321632,20.75077295640763,0.01464,0.0,0.0,1811.8984437820852,-1.5217275154616516
lng,BG,DAC,wind,BG_H_DAC_C_wind_E,Philippines,1,2024,282.348115595476,1348.9126176008688,1631.2607331963447,-1.6404964956938148,14.30847482008127,0.0193982134825784,16.72437977331648,0.04904,65.90453867693275,0.2267332123304705,1728.1981264666754,-1.345325069880766
lng,BG,DAC,wind,BG_H_DAC_C_wind_E,Netherlands,1,2024,323.35957372666235,1633.9831859451915,1957.342759671854,-1.6404964956938148,6.791636792605323,0.0092075236568326,24.05060253368647,0.02024,0.0,0.0,1988.1849989981458,-1.6110489720369823
lng,BG,DAC,wind,BG_H_DAC_C_wind_E,Norway,1,2024,358.06157676074326,1600.8537227951074,1958.9152995558509,-1.6404964956938148,31.586172849052392,0.0428218473127285,15.911252561691846,0.00248,4.00931300443226,0.0137933507309631,2010.4220379710273,-1.5814012976501233
lng,BG,DAC,wind,BG_H_DAC_C_wind_E,Oman,1,2024,301.2764808867928,1286.2232411232148,1587.4997220100076,-1.6404964956938148,26.719103995420006,0.0362234892176598,21.12109797041032,0.0436,40.64882895144683,0.1398452936726074,1675.9887529272848,-1.4208277128035476
lng,BG,DAC,wind,BG_H_DAC_C_wind_E,Italy,1,2024,302.85384466106916,1664.5909928546464,1967.4448375157156,-1.6404964956938148,18.21993296312582,0.0247010358337391,41.78749115350147,0.0230399999999999,15.307500202047128,0.0526628175120549,2042.7597618343898,-1.5400926423480208
lng,BG,DAC,wind,BG_H_DAC_C_wind_E,Austria,1,2024,328.0916650494916,1634.161336091178,1962.2530011406695,-1.6404964956938148,54.43905545807985,0.0738038423273236,28.929782082959928,0.0082399999999999,0.0,0.0,2045.6218386817093,-1.5584526533664915
lng,BG,DAC,wind,BG_H_DAC_C_wind_E,Finland,1,2024,340.71057524370286,1649.4343560959226,1990.1449313396256,-1.6404964956938148,27.22434438169863,0.0369084511717668,15.940927547689158,0.0057599999999999,7.807709183324688,0.0268610784570582,2041.117912452338,-1.5709669660649899
lng,BG,DAC,wind,BG_H_DAC_C_wind_E,Portugal,1,2024,287.0802069183052,1528.8598379017956,1815.9400448201009,-1.6404964956938148,12.817872374283043,0.0173773814354991,16.803559322589937,0.00896,7.71666717802024,0.0265478641210794,1853.2781436949942,-1.5876112501372361
lng,BG,DAC,wind,BG_H_DAC_C_wind_E,Germany,1,2024,324.93693750093877,1633.5622355887397,1958.4991730896784,-1.6404964956938148,27.861242502357104,0.0377719034870231,28.316995716777623,0.02752,0.0,0.0,2014.6774113088131,-1.5752045922067917
lng,BG,DAC,wind,BG_H_DAC_C_wind_E,Greece,1,2024,290.23493446685796,1423.5912172722758,1713.8261517391338,-1.6404964956938148,11.184540606351485,0.0151630491100337,24.136345688772245,0.0256,19.28989298501403,0.0663635538584547,1768.4369310192715,-1.5333698927253265
lng,BG,DAC,wind,BG_H_DAC_C_wind_E,France,1,2024,318.6274824038332,1640.065075564508,1958.6925579683411,-1.6404964956938148,38.404076242702544,0.0520649809937556,20.531422984413005,0.0035199999999999,0.0,0.0,2017.6280571954567,-1.5849115147000592
lng,BG,DAC,wind,BG_H_DAC_C_wind_E,Brazil,1,2024,290.23493446685796,1522.4876871220486,1812.7226215889063,-1.6404964956938148,102.99809327173692,0.1396360567221048,15.176345688772244,0.0082399999999999,37.200579700505514,0.1279821861343748,1968.0976402499211,-1.3646382528373353
lng,BG,DAC,wind,BG_H_DAC_C_wind_E,United Kingdom,1,2024,335.9784839208736,1527.0452675551303,1863.023751476004,-1.6404964956938148,18.53994207479783,0.0251348769763235,40.9817479984157,0.01688,3.630648102871035,0.0124906193675186,1926.1760896520886,-1.5859909993499728
lng,BG,DAC,wind,BG_H_DAC_C_wind_E,Spain,1,2024,293.38966201541075,1511.6600714310443,1805.049733446455,-1.6404964956938148,31.30247157646122,0.042437229251041,15.949132054954552,0.01168,9.520354774212615,0.0327531405851185,1861.8216918520834,-1.5536261258576554
lng,BG,DAC,wind,BG_H_DAC_C_wind_E,Sweden,1,2024,347.0200303408085,1798.252936993607,2145.2729673344156,-1.6404964956938148,33.07840154431364,0.0448448840905465,11.52280028005377,0.0028799999999999,3.31854791959344,0.0114168924506162,2193.1927170783765,-1.5813547191526522
lng,BG,DAC,wind,BG_H_DAC_C_wind_E,Czech Republic,1,2024,287.0802069183052,1490.1237901462666,1777.203997064572,-1.6404964956938148,51.82922071370271,0.0702656503004119,23.283559322589937,0.03312,0.0,0.0,1852.3167771008646,-1.5371108453934028
lng,BG,DAC,wind,BG_H_DAC_C_wind_E,Japan,1,2024,340.71057524370286,1597.8009802886097,1938.5115555323125,-1.6404964956938148,12.977661099092396,0.0175940094014379,22.260927547689153,0.03856,77.30846684554109,0.2659664627068899,2051.058611024635,-1.3183760235854871
lng,BG,DAC,wind,BG_H_DAC_C_wind_E,Belgium,1,2024,323.35957372666235,1551.4987982625214,1874.858371989184,-1.6404964956938148,9.461820518818865,0.0128275317017224,26.37060253368647,0.01104,0.0,0.0,1910.6907950416894,-1.6166289639920925
lng,BG,DAC,wind,BG_H_DAC_C_wind_E,Poland,1,2024,291.8122982411344,1502.315431851456,1794.1277300925904,-1.6404964956938148,16.004410049511293,0.0216974182578447,37.9227388718634,0.0492,5.811847391273151,0.0199946597768849,1853.8667264052383,-1.5496044176590853
lng,BG,DAC,wind,BG_H_DAC_C_wind_E,India,1,2024,279.19338804692313,1395.717535777076,1674.9109238239994,-1.6404964956938148,61.31609301406824,0.0831271450773518,14.831593407134172,0.0566399999999999,42.91830595173238,0.1476530383426261,1793.9769161969343,-1.3530763122738372
lng,BG,DAC,wind,BG_H_DAC_C_wind_E,Indonesia,1,2024,253.95556765850068,1508.1775964737692,1762.13316413227,-1.6404964956938148,21.19081700585028,0.0287287077985997,9.929302477675712,0.05168,64.82844830678646,0.2230311087837455,1858.0817319225823,-1.3370566791114697
lng,BG,DAC,wind,BG_H_DAC_C_wind_E,South Korea,1,2024,296.54438956396353,1497.3166818432862,1793.8610714072497,-1.6404964956938148,10.383993350619884,0.0140777352128614,14.241918421136855,0.03312,74.66638919455023,0.2568768496838436,1893.1533723735567,-1.3364219107971098
lng,BG,DAC,wind,BG_H_DAC_C_wind_E,China,1,2024,288.6575706925816,1388.7216747255502,1677.379245418132,-1.6404964956938148,117.07828218326276,0.1587247795814752,12.189952505681092,0.0448,71.8908004684377,0.2473279148060095,1878.5382805755135,-1.1896438013063302
lng,BG,DAC,wind,BG_H_DAC_C_wind_E,United Arab Emirates,1,2024,301.2764808867928,1285.1554293383929,1586.4319102251854,-1.6404964956938148,15.525975735670064,0.0210487976973739,13.84109797041032,0.03064,41.57821592775767,0.143042689464573,1657.3771998590234,-1.4457650085318678
lng,BG,DAC,wind,BG_H_DAC_C_wind_E,United States,1,2024,315.47275485528036,1453.3701092697745,1768.8428641250548,-1.6404964956938148,132.4178586528644,0.1795208730038194,17.038636618230697,0.03072,22.577681561125654,0.0776746240865531,1940.8770409572755,-1.3525809986034423
lng,BG,DAC,wind,BG_H_DAC_C_wind_E,Turkey,1,2024,288.6575706925816,1366.0842667878617,1654.741837480443,-1.6404964956938148,14.367053340775968,0.0194776292598864,16.749952505681094,0.0376,23.35828389663454,0.0803601519520952,1709.2171272235346,-1.5030587144818333
lng,BG,DAC,wind,BG_H_DAC_C_wind_E,Australia,1,2024,323.35957372666235,1484.854211981799,1808.2137857084613,-1.6404964956938148,117.82066045617007,0.1597312329179604,24.130602533686467,0.04416,65.95113324728365,0.2268935129231901,2016.1161819456015,-1.2097117498526644
lng,BG,DAC,wind,BG_H_DAC_C_wind_E,Malaysia,1,2024,276.03866049837035,1355.8453517310352,1631.8840122294057,-1.6404964956938148,10.778832326510203,0.0146130243224186,14.858807040951865,0.04832,56.29162476997725,0.1936616379937679,1713.813276366845,-1.3839018333776285
lng,BG,DAC,wind,BG_H_DAC_C_wind_E,Canada,1,2024,321.782209952386,1387.9750239831803,1709.7572339355663,-1.6404964956938148,167.7201837743543,0.2273807635755919,13.944209350595314,0.0139999999999999,20.458397233290732,0.0703835914332919,1911.8800242938066,-1.328732140684931
lng,BG,DAC,wind,BG_H_DAC_C_wind_E,Mexico,1,2024,277.61602427264677,1299.7894094439034,1577.4054337165503,-1.6404964956938148,47.986626418251255,0.065056187698186,21.525200224043015,0.042,34.464447055117745,0.1185689931054071,1681.3817074139622,-1.4148713148902219
lng,BG,DAC,wind,BG_H_DAC_C_wind_E,Thailand,1,2024,280.77075182119955,1350.761204944034,1631.5319567652336,-1.6404964956938148,16.66138756714907,0.0225880925121339,15.017986590225323,0.04432,62.49514318275459,0.2150037744492733,1725.7064741053628,-1.3585846287324077
lng,BG,DAC,wind,BG_H_DAC_C_wind_E,Russia,1,2024,298.12175333823996,1325.962699429159,1624.084452767399,-1.6404964956938148,205.1274017296293,0.2780942888681251,12.188311604228012,0.03592,8.377143565808982,0.0288201193568813,1849.7773096670653,-1.2976620874688085
lng,BG,DAC,wind,BG_H_DAC_C_wind_E,Saudi Arabia,1,2024,301.2764808867928,1282.6590615978205,1583.935542484613,-1.6404964956938148,42.18212397392533,0.0571869368527249,10.48109797041032,0.04416,26.16353792532288,0.0900111451931741,1662.7623023542715,-1.449138413647916
lng,LTE,DAC,wind,LTE_H_DAC_C_wind_E,South Africa,1,2024,360.60683078968714,1893.692144125821,2254.298974915508,-1.971231469123344,36.05304361240747,0.0488776508666503,12.135525238045703,0.05672,47.91999291028547,0.1648604807123136,2350.407536676247,-1.70077333754438
lng,LTE,DAC,wind,LTE_H_DAC_C_wind_E,Taiwan,1,2024,354.82169446685793,1322.473308538794,1677.295003005652,-1.971231469123344,8.910824241692303,0.0120805378015195,18.45634568877224,0.05088,68.52112477860437,0.2357351260693634,1773.183297714721,-1.672535805252461
lng,LTE,DAC,wind,LTE_H_DAC_C_wind_E,Switzerland,1,2024,426.1717091150848,2356.459982889347,2782.6316920044324,-1.971231469123344,40.538576790060155,0.0549587553349742,28.47289346314492,0.00296,0.0,0.0,2851.6431622576374,-1.9133127137883696
lng,LTE,DAC,wind,LTE_H_DAC_C_wind_E,Singapore,1,2024,356.7500732411343,3068.8188389328293,3425.568912173964,-1.971231469123344,0.5503414925855502,0.0007461061989998,27.9227388718634,0.03992,57.04210191937806,0.1962435253459939,3511.084094457791,-1.7343218375783502
lng,LTE,DAC,wind,LTE_H_DAC_C_wind_E,Hungary,1,2024,347.10817936975235,1872.7957259753232,2219.9039053450756,-1.971231469123344,76.80742832481737,0.1041289802321632,20.75077295640763,0.01464,0.0,0.0,2317.4621066263007,-1.8524624888911807
lng,LTE,DAC,wind,LTE_H_DAC_C_wind_E,Philippines,1,2024,345.1798005954759,2126.6342799899244,2471.8140805854005,-1.971231469123344,14.30847482008127,0.0193982134825784,16.72437977331648,0.04904,65.90453867693275,0.2267332123304705,2568.7514738557306,-1.676060043310295
lng,LTE,DAC,wind,LTE_H_DAC_C_wind_E,Netherlands,1,2024,395.3176487266624,1911.414980056303,2306.7326287829655,-1.971231469123344,6.791636792605323,0.0092075236568326,24.05060253368647,0.02024,0.0,0.0,2337.5748681092573,-1.9417839454665113
lng,LTE,DAC,wind,LTE_H_DAC_C_wind_E,Norway,1,2024,437.7419817607432,1856.512046555701,2294.2540283164444,-1.971231469123344,31.586172849052392,0.0428218473127285,15.911252561691846,0.00248,4.00931300443226,0.0137933507309631,2345.760766731621,-1.9121362710796523
lng,LTE,DAC,wind,LTE_H_DAC_C_wind_E,Oman,1,2024,368.3203458867927,1954.793909808608,2323.114255695401,-1.971231469123344,26.719103995420006,0.0362234892176598,21.12109797041032,0.0436,40.64882895144683,0.1398452936726074,2411.603286612678,-1.7515626862330766
lng,LTE,DAC,wind,LTE_H_DAC_C_wind_E,Italy,1,2024,370.2487246610691,2143.676464713126,2513.925189374195,-1.971231469123344,18.21993296312582,0.0247010358337391,41.78749115350147,0.0230399999999999,15.307500202047128,0.0526628175120549,2589.2401136928693,-1.8708276157775499
lng,LTE,DAC,wind,LTE_H_DAC_C_wind_E,Austria,1,2024,401.1027850494916,2015.2278564913615,2416.3306415408533,-1.971231469123344,54.43905545807985,0.0738038423273236,28.929782082959928,0.0082399999999999,0.0,0.0,2499.699479081893,-1.8891876267960206
lng,LTE,DAC,wind,LTE_H_DAC_C_wind_E,Finland,1,2024,416.5298152437028,1950.4754933661789,2367.0053086098815,-1.971231469123344,27.22434438169863,0.0369084511717668,15.940927547689158,0.0057599999999999,7.807709183324688,0.0268610784570582,2417.978289722594,-1.901701939494519
lng,LTE,DAC,wind,LTE_H_DAC_C_wind_E,Portugal,1,2024,350.96493691830517,2090.8495008227715,2441.8144377410767,-1.971231469123344,12.817872374283043,0.0173773814354991,16.803559322589937,0.00896,7.71666717802024,0.0265478641210794,2479.15253661597,-1.9183462235667652
lng,LTE,DAC,wind,LTE_H_DAC_C_wind_E,Germany,1,2024,397.2460275009388,2213.7233021340294,2610.9693296349683,-1.971231469123344,27.861242502357104,0.0377719034870231,28.316995716777623,0.02752,0.0,0.0,2667.147567854103,-1.9059395656363207
lng,LTE,DAC,wind,LTE_H_DAC_C_wind_E,Greece,1,2024,354.82169446685793,1888.713254202242,2243.5349486691,-1.971231469123344,11.184540606351485,0.0151630491100337,24.136345688772245,0.0256,19.28989298501403,0.0663635538584547,2298.1457279492374,-1.8641048661548556
lng,LTE,DAC,wind,LTE_H_DAC_C_wind_E,France,1,2024,389.5325124038332,2086.6361932715135,2476.1687056753467,-1.971231469123344,38.404076242702544,0.0520649809937556,20.531422984413005,0.0035199999999999,0.0,0.0,2535.1042049024622,-1.9156464881295883
lng,LTE,DAC,wind,LTE_H_DAC_C_wind_E,Brazil,1,2024,354.82169446685793,1393.0334715240035,1747.8551659908617,-1.971231469123344,102.99809327173692,0.1396360567221048,15.176345688772244,0.0082399999999999,37.200579700505514,0.1279821861343748,1903.2301846518765,-1.6953732262668644
lng,LTE,DAC,wind,LTE_H_DAC_C_wind_E,United Kingdom,1,2024,410.7446789208736,1585.9640468344846,1996.7087257553585,-1.971231469123344,18.53994207479783,0.0251348769763235,40.9817479984157,0.01688,3.630648102871035,0.0124906193675186,2059.861063931443,-1.9167259727795019
lng,LTE,DAC,wind,LTE_H_DAC_C_wind_E,Spain,1,2024,358.67845201541076,1680.5025660119302,2039.181018027341,-1.971231469123344,31.30247157646122,0.042437229251041,15.949132054954552,0.01168,9.520354774212615,0.0327531405851185,2095.9529764329695,-1.8843610992871844
lng,LTE,DAC,wind,LTE_H_DAC_C_wind_E,Sweden,1,2024,424.2433303408085,2069.6927662429707,2493.936096583779,-1.971231469123344,33.07840154431364,0.0448448840905465,11.52280028005377,0.0028799999999999,3.31854791959344,0.0114168924506162,2541.85584632774,-1.9120896925821813
lng,LTE,DAC,wind,LTE_H_DAC_C_wind_E,Czech Republic,1,2024,350.96493691830517,2113.116680201905,2464.0816171202105,-1.971231469123344,51.82922071370271,0.0702656503004119,23.283559322589937,0.03312,0.0,0.0,2539.1943971565033,-1.8678458188229319
lng,LTE,DAC,wind,LTE_H_DAC_C_wind_E,Japan,1,2024,416.5298152437028,3984.4804743035497,4401.010289547253,-1.971231469123344,12.977661099092396,0.0175940094014379,22.260927547689153,0.03856,77.30846684554109,0.2659664627068899,4513.557345039575,-1.6491109970150162
lng,LTE,DAC,wind,LTE_H_DAC_C_wind_E,Belgium,1,2024,395.3176487266624,2036.313321542964,2431.6309702696262,-1.971231469123344,9.461820518818865,0.0128275317017224,26.37060253368647,0.01104,0.0,0.0,2467.4633933221317,-1.9473639374216216
lng,LTE,DAC,wind,LTE_H_DAC_C_wind_E,Poland,1,2024,356.7500732411343,2012.343077799908,2369.0931510410423,-1.971231469123344,16.004410049511293,0.0216974182578447,37.9227388718634,0.0492,5.811847391273151,0.0199946597768849,2428.83214735369,-1.8803393910886144
lng,LTE,DAC,wind,LTE_H_DAC_C_wind_E,India,1,2024,341.32304304692315,1862.5138175856564,2203.8368606325794,-1.971231469123344,61.31609301406824,0.0831271450773518,14.831593407134172,0.0566399999999999,42.91830595173238,0.1476530383426261,2322.9028530055143,-1.6838112857033662
lng,LTE,DAC,wind,LTE_H_DAC_C_wind_E,Indonesia,1,2024,310.46898265850064,2868.1857391872127,3178.6547218457135,-1.971231469123344,21.19081700585028,0.0287287077985997,9.929302477675712,0.05168,64.82844830678646,0.2230311087837455,3274.603289636026,-1.6677916525409988
lng,LTE,DAC,wind,LTE_H_DAC_C_wind_E,South Korea,1,2024,362.5352095639636,2465.3296598974484,2827.864869461412,-1.971231469123344,10.383993350619884,0.0140777352128614,14.241918421136855,0.03312,74.66638919455023,0.2568768496838436,2927.157170427719,-1.6671568842266389
lng,LTE,DAC,wind,LTE_H_DAC_C_wind_E,China,1,2024,352.89331569258155,1344.098872715792,1696.9921884083735,-1.971231469123344,117.07828218326276,0.1587247795814752,12.189952505681092,0.0448,71.8908004684377,0.2473279148060095,1898.151223565755,-1.5203787747358593
lng,LTE,DAC,wind,LTE_H_DAC_C_wind_E,United Arab Emirates,1,2024,368.3203458867927,1951.957414623786,2320.277760510579,-1.971231469123344,15.525975735670064,0.0210487976973739,13.84109797041032,0.03064,41.57821592775767,0.143042689464573,2391.2230501444174,-1.776499981961397
lng,LTE,DAC,wind,LTE_H_DAC_C_wind_E,United States,1,2024,385.6757548552804,1717.588493616786,2103.2642484720664,-1.971231469123344,132.4178586528644,0.1795208730038194,17.038636618230697,0.03072,22.577681561125654,0.0776746240865531,2275.298425304287,-1.6833159720329713
lng,LTE,DAC,wind,LTE_H_DAC_C_wind_E,Turkey,1,2024,352.89331569258155,2629.058025206327,2981.9513408989083,-1.971231469123344,14.367053340775968,0.0194776292598864,16.749952505681094,0.0376,23.35828389663454,0.0803601519520952,3036.4266306419995,-1.8337936879113623
lng,LTE,DAC,wind,LTE_H_DAC_C_wind_E,Australia,1,2024,395.3176487266624,1837.0489950231029,2232.366643749765,-1.971231469123344,117.82066045617007,0.1597312329179604,24.130602533686467,0.04416,65.95113324728365,0.2268935129231901,2440.269039986905,-1.5404467232821935
lng,LTE,DAC,wind,LTE_H_DAC_C_wind_E,Malaysia,1,2024,337.4662854983703,2774.2763978060248,3111.742683304395,-1.971231469123344,10.778832326510203,0.0146130243224186,14.858807040951865,0.04832,56.29162476997725,0.1936616379937679,3193.6719474418346,-1.7146368068071576
lng,LTE,DAC,wind,LTE_H_DAC_C_wind_E,Canada,1,2024,393.389269952386,1624.0147167213825,2017.4039866737685,-1.971231469123344,167.7201837743543,0.2273807635755919,13.944209350595314,0.0139999999999999,20.458397233290732,0.0703835914332919,2219.526777032009,-1.6594671141144601
lng,LTE,DAC,wind,LTE_H_DAC_C_wind_E,Mexico,1,2024,339.39466427264676,1822.9640666690923,2162.358730941739,-1.971231469123344,47.986626418251255,0.065056187698186,21.525200224043015,0.042,34.464447055117745,0.1185689931054071,2266.335004639151,-1.745606288319751
lng,LTE,DAC,wind,LTE_H_DAC_C_wind_E,Thailand,1,2024,343.25142182119953,2497.504532288239,2840.7559541094383,-1.971231469123344,16.66138756714907,0.0225880925121339,15.017986590225323,0.04432,62.49514318275459,0.2150037744492733,2934.9304714495674,-1.6893196021619368
lng,LTE,DAC,wind,LTE_H_DAC_C_wind_E,Russia,1,2024,364.46358833824,3322.307525480205,3686.771113818445,-1.971231469123344,205.1274017296293,0.2780942888681251,12.188311604228012,0.03592,8.377143565808982,0.0288201193568813,3912.4639707181113,-1.6283970608983376
lng,LTE,DAC,wind,LTE_H_DAC_C_wind_E,Saudi Arabia,1,2024,368.3203458867927,1950.213316662819,2318.5336625496116,-1.971231469123344,42.18212397392533,0.0571869368527249,10.48109797041032,0.04416,26.16353792532288,0.0900111451931741,2397.36042241927,-1.779873387077445
lng,SMR,DAC,wind,SMR_H_DAC_C_wind_E,South Africa,1,2024,188.59062153405935,922.232862684463,1110.8234842185225,3.028467717742299,36.05304361240747,0.0488776508666503,12.135525238045703,0.05672,47.91999291028547,0.1648604807123136,1206.932045979261,3.2989258493212628
lng,SMR,DAC,wind,SMR_H_DAC_C_wind_E,Taiwan,1,2024,185.5651035415343,1519.7475625432644,1705.3126660847988,3.028467717742299,8.910824241692303,0.0120805378015195,18.45634568877224,0.05088,68.52112477860437,0.2357351260693634,1801.2009607938678,3.3271633816131816
lng,SMR,DAC,wind,SMR_H_DAC_C_wind_E,Switzerland,1,2024,222.8798254493429,4805.934634039466,5028.814459488809,3.028467717742299,40.538576790060155,0.0549587553349742,28.47289346314492,0.00296,0.0,0.0,5097.825929742014,3.086386473077273
lng,SMR,DAC,wind,SMR_H_DAC_C_wind_E,Singapore,1,2024,186.5736095390427,5123.339473270302,5309.913082809345,3.028467717742299,0.5503414925855502,0.0007461061989998,27.9227388718634,0.03992,57.04210191937806,0.1962435253459939,5395.428265093172,3.2653773492872924
lng,SMR,DAC,wind,SMR_H_DAC_C_wind_E,Hungary,1,2024,181.531079551501,2187.7013905463973,2369.2324700978984,3.028467717742299,76.80742832481737,0.1041289802321632,20.75077295640763,0.01464,0.0,0.0,2466.7906713791235,3.147236697974462
lng,SMR,DAC,wind,SMR_H_DAC_C_wind_E,Philippines,1,2024,180.52257355399263,1497.7627923091366,1678.2853658631293,3.028467717742299,14.30847482008127,0.0193982134825784,16.72437977331648,0.04904,65.90453867693275,0.2267332123304705,1775.22275913346,3.323639143555348
lng,SMR,DAC,wind,SMR_H_DAC_C_wind_E,Netherlands,1,2024,206.74372948920947,3437.9917213816216,3644.735450870831,3.028467717742299,6.791636792605323,0.0092075236568326,24.05060253368647,0.02024,0.0,0.0,3675.5776901971226,3.0579152413991313
lng,SMR,DAC,wind,SMR_H_DAC_C_wind_E,Norway,1,2024,228.93086143439297,2694.2241172454083,2923.1549786798014,3.028467717742299,31.586172849052392,0.0428218473127285,15.911252561691846,0.00248,4.00931300443226,0.0137933507309631,2974.661717094978,3.0875629157859903
lng,SMR,DAC,wind,SMR_H_DAC_C_wind_E,Oman,1,2024,192.62464552409276,725.1110214679502,917.735666992043,3.028467717742299,26.719103995420006,0.0362234892176598,21.12109797041032,0.0436,40.64882895144683,0.1398452936726074,1006.2246979093202,3.248136500632566
lng,SMR,DAC,wind,SMR_H_DAC_C_wind_E,Italy,1,2024,193.63315152160104,3771.680515321037,3965.313666842638,3.028467717742299,18.21993296312582,0.0247010358337391,41.78749115350147,0.0230399999999999,15.307500202047128,0.0526628175120549,4040.6285911613127,3.1288715710880926
lng,SMR,DAC,wind,SMR_H_DAC_C_wind_E,Austria,1,2024,209.76924748173448,3275.159505025172,3484.9287525069067,3.028467717742299,54.43905545807985,0.0738038423273236,28.929782082959928,0.0082399999999999,0.0,0.0,3568.2975900479464,3.1105115600696225
lng,SMR,DAC,wind,SMR_H_DAC_C_wind_E,Finland,1,2024,217.8372954618012,3449.287163574105,3667.124459035906,3.028467717742299,27.22434438169863,0.0369084511717668,15.940927547689158,0.0057599999999999,7.807709183324688,0.0268610784570582,3718.0974401486187,3.097997247371124
lng,SMR,DAC,wind,SMR_H_DAC_C_wind_E,Portugal,1,2024,183.5480915465177,3035.190354818448,3218.7384463649655,3.028467717742299,12.817872374283043,0.0173773814354991,16.803559322589937,0.00896,7.71666717802024,0.0265478641210794,3256.0765452398587,3.0813529632988774
lng,SMR,DAC,wind,SMR_H_DAC_C_wind_E,Germany,1,2024,207.7522354867178,3098.5885717781466,3306.3408072648645,3.028467717742299,27.861242502357104,0.0377719034870231,28.316995716777623,0.02752,0.0,0.0,3362.519045483999,3.093759621229322
lng,SMR,DAC,wind,SMR_H_DAC_C_wind_E,Greece,1,2024,185.5651035415343,1910.1918334691372,2095.7569370106717,3.028467717742299,11.184540606351485,0.0151630491100337,24.136345688772245,0.0256,19.28989298501403,0.0663635538584547,2150.3677162908093,3.135594320710787
lng,SMR,DAC,wind,SMR_H_DAC_C_wind_E,France,1,2024,203.7182114966845,3371.399059659991,3575.1172711566755,3.028467717742299,38.404076242702544,0.0520649809937556,20.531422984413005,0.0035199999999999,0.0,0.0,3634.052770383791,3.0840526987360546
lng,SMR,DAC,wind,SMR_H_DAC_C_wind_E,Brazil,1,2024,185.5651035415343,3251.6467471113374,3437.211850652872,3.028467717742299,102.99809327173692,0.1396360567221048,15.176345688772244,0.0082399999999999,37.200579700505514,0.1279821861343748,3592.586869313886,3.3043259605987783
lng,SMR,DAC,wind,SMR_H_DAC_C_wind_E,United Kingdom,1,2024,214.81177746927617,2619.0510091825245,2833.8627866518004,3.028467717742299,18.53994207479783,0.0251348769763235,40.9817479984157,0.01688,3.630648102871035,0.0124906193675186,2897.015124827885,3.0829732140861412
lng,SMR,DAC,wind,SMR_H_DAC_C_wind_E,Spain,1,2024,187.58211553655104,2609.35891351754,2796.941029054091,3.028467717742299,31.30247157646122,0.042437229251041,15.949132054954552,0.01168,9.520354774212615,0.0327531405851185,2853.7129874597194,3.1153380875784586
lng,SMR,DAC,wind,SMR_H_DAC_C_wind_E,Sweden,1,2024,221.87131945183455,4820.559493870002,5042.4308133218365,3.028467717742299,33.07840154431364,0.0448448840905465,11.52280028005377,0.0028799999999999,3.31854791959344,0.0114168924506162,5090.350563065797,3.0876094942834613
lng,SMR,DAC,wind,SMR_H_DAC_C_wind_E,Czech Republic,1,2024,183.5480915465177,2630.238562250255,2813.786653796773,3.028467717742299,51.82922071370271,0.0702656503004119,23.283559322589937,0.03312,0.0,0.0,2888.899433833066,3.1318533680427105
lng,SMR,DAC,wind,SMR_H_DAC_C_wind_E,Japan,1,2024,217.8372954618012,2778.1126415617027,2995.949937023504,3.028467717742299,12.977661099092396,0.0175940094014379,22.260927547689153,0.03856,77.30846684554109,0.2659664627068899,3108.496992515827,3.3505881898506265
lng,SMR,DAC,wind,SMR_H_DAC_C_wind_E,Belgium,1,2024,206.74372948920947,2219.164383515643,2425.908113004852,3.028467717742299,9.461820518818865,0.0128275317017224,26.37060253368647,0.01104,0.0,0.0,2461.7405360573575,3.0523352494440212
lng,SMR,DAC,wind,SMR_H_DAC_C_wind_E,Poland,1,2024,186.5736095390427,2858.3756411659774,3044.94925070502,3.028467717742299,16.004410049511293,0.0216974182578447,37.9227388718634,0.0492,5.811847391273151,0.0199946597768849,3104.6882470176674,3.1193597957770285
lng,SMR,DAC,wind,SMR_H_DAC_C_wind_E,India,1,2024,178.50556155897596,2053.519938386062,2232.025499945038,3.028467717742299,61.31609301406824,0.0831271450773518,14.831593407134172,0.0566399999999999,42.91830595173238,0.1476530383426261,2351.091492317973,3.3158879011622764
lng,SMR,DAC,wind,SMR_H_DAC_C_wind_E,Indonesia,1,2024,162.3694655988425,2951.7376341243603,3114.1070997232027,3.028467717742299,21.19081700585028,0.0287287077985997,9.929302477675712,0.05168,64.82844830678646,0.2230311087837455,3210.0556675135153,3.3319075343246443
lng,SMR,DAC,wind,SMR_H_DAC_C_wind_E,South Korea,1,2024,189.59912753156772,2297.0613133643974,2486.660440895965,3.028467717742299,10.383993350619884,0.0140777352128614,14.241918421136855,0.03312,74.66638919455023,0.2568768496838436,2585.952741862272,3.3325423026390038
lng,SMR,DAC,wind,SMR_H_DAC_C_wind_E,China,1,2024,184.556597544026,2039.5645009808857,2224.121098524912,3.028467717742299,117.07828218326276,0.1587247795814752,12.189952505681092,0.0448,71.8908004684377,0.2473279148060095,2425.2801336822936,3.4793204121297836
lng,SMR,DAC,wind,SMR_H_DAC_C_wind_E,United Arab Emirates,1,2024,192.62464552409276,721.8143206838236,914.4389662079165,3.028467717742299,15.525975735670064,0.0210487976973739,13.84109797041032,0.03064,41.57821592775767,0.143042689464573,985.3842558417546,3.2231992049042457
lng,SMR,DAC,wind,SMR_H_DAC_C_wind_E,United States,1,2024,201.70119950166776,1563.2179524861128,1764.9191519877809,3.028467717742299,132.4178586528644,0.1795208730038194,17.038636618230697,0.03072,22.577681561125654,0.0776746240865531,1936.9533288200016,3.3163832148326717
lng,SMR,DAC,wind,SMR_H_DAC_C_wind_E,Turkey,1,2024,184.556597544026,1422.2735297611137,1606.8301273051395,3.028467717742299,14.367053340775968,0.0194776292598864,16.749952505681094,0.0376,23.35828389663454,0.0803601519520952,1661.305417048231,3.1659054989542805
lng,SMR,DAC,wind,SMR_H_DAC_C_wind_E,Australia,1,2024,206.74372948920947,1855.4917432969369,2062.235472786146,3.028467717742299,117.82066045617007,0.1597312329179604,24.130602533686467,0.04416,65.95113324728365,0.2268935129231901,2270.1378690232864,3.4592524635834496
lng,SMR,DAC,wind,SMR_H_DAC_C_wind_E,Malaysia,1,2024,176.48854956395928,1369.8737679458288,1546.3623175097882,3.028467717742299,10.778832326510203,0.0146130243224186,14.858807040951865,0.04832,56.29162476997725,0.1936616379937679,1628.2915816472275,3.285062380058485
lng,SMR,DAC,wind,SMR_H_DAC_C_wind_E,Canada,1,2024,205.7352234917011,1182.5280846482572,1388.2633081399583,3.028467717742299,167.7201837743543,0.2273807635755919,13.944209350595314,0.0139999999999999,20.458397233290732,0.0703835914332919,1590.3860984981986,3.3402320727511823
lng,SMR,DAC,wind,SMR_H_DAC_C_wind_E,Mexico,1,2024,177.49705556146765,1036.0817691801929,1213.5788247416606,3.028467717742299,47.986626418251255,0.065056187698186,21.525200224043015,0.042,34.464447055117745,0.1185689931054071,1317.5550984390725,3.254092898545892
lng,SMR,DAC,wind,SMR_H_DAC_C_wind_E,Thailand,1,2024,179.51406755648432,1430.1413793954443,1609.6554469519288,3.028467717742299,16.66138756714907,0.0225880925121339,15.017986590225323,0.04432,62.49514318275459,0.2150037744492733,1703.8299642920579,3.310379584703706
lng,SMR,DAC,wind,SMR_H_DAC_C_wind_E,Russia,1,2024,190.60763352907605,898.5625317697334,1089.1701652988097,3.028467717742299,205.1274017296293,0.2780942888681251,12.188311604228012,0.03592,8.377143565808982,0.0288201193568813,1314.863022198476,3.3713021259673055
lng,SMR,DAC,wind,SMR_H_DAC_C_wind_E,Saudi Arabia,1,2024,192.62464552409276,720.5750169009897,913.1996624250824,3.028467717742299,42.18212397392533,0.0571869368527249,10.48109797041032,0.04416,26.16353792532288,0.0900111451931741,992.0264222947409,3.219825799788198
lng,SMRCCS,DAC,wind,SMRCCS_H_DAC_C_wind_E,South Africa,1,2024,325.25890869973006,1053.8057366418825,1379.0646453416125,-1.287435512972101,36.05304361240747,0.0488776508666503,12.135525238045703,0.05672,47.91999291028547,0.1648604807123136,1475.173207102351,-1.016977381393137
lng,SMRCCS,DAC,wind,SMRCCS_H_DAC_C_wind_E,Taiwan,1,2024,320.0408513409108,1795.2216142696852,2115.262465610596,-1.287435512972101,8.910824241692303,0.0120805378015195,18.45634568877224,0.05088,68.52112477860437,0.2357351260693634,2211.1507603196646,-0.988739849101218
lng,SMRCCS,DAC,wind,SMRCCS_H_DAC_C_wind_E,Switzerland,1,2024,384.39689209968094,5960.805123895269,6345.202015994951,-1.287435512972101,40.538576790060155,0.0549587553349742,28.47289346314492,0.00296,0.0,0.0,6414.213486248155,-1.2295167576371266
lng,SMRCCS,DAC,wind,SMRCCS_H_DAC_C_wind_E,Singapore,1,2024,321.7802037938506,6390.07957764823,6711.859781442081,-1.287435512972101,0.5503414925855502,0.0007461061989998,27.9227388718634,0.03992,57.04210191937806,0.1962435253459939,6797.374963725908,-1.0505258814271072
lng,SMRCCS,DAC,wind,SMRCCS_H_DAC_C_wind_E,Hungary,1,2024,313.0834415291519,2654.0485982746272,2967.132039803779,-1.287435512972101,76.80742832481737,0.1041289802321632,20.75077295640763,0.01464,0.0,0.0,3064.6902410850043,-1.1686665327399377
lng,SMRCCS,DAC,wind,SMRCCS_H_DAC_C_wind_E,Philippines,1,2024,311.34408907621213,1787.9752182226034,2099.3193072988156,-1.287435512972101,14.30847482008127,0.0193982134825784,16.72437977331648,0.04904,65.90453867693275,0.2267332123304705,2196.256700569146,-0.9922640871590521
lng,SMRCCS,DAC,wind,SMRCCS_H_DAC_C_wind_E,Netherlands,1,2024,356.5672528526452,4229.196071500037,4585.763324352682,-1.287435512972101,6.791636792605323,0.0092075236568326,24.05060253368647,0.02024,0.0,0.0,4616.605563678973,-1.2579879893152683
lng,SMRCCS,DAC,wind,SMRCCS_H_DAC_C_wind_E,Norway,1,2024,394.8330068173193,3281.325459722429,3676.1584665397486,-1.287435512972101,31.586172849052392,0.0428218473127285,15.911252561691846,0.00248,4.00931300443226,0.0137933507309631,3727.6652049549252,-1.2283403149284093
lng,SMRCCS,DAC,wind,SMRCCS_H_DAC_C_wind_E,Oman,1,2024,332.21631851148896,805.073908993028,1137.290227504517,-1.287435512972101,26.719103995420006,0.0362234892176598,21.12109797041032,0.0436,40.64882895144683,0.1398452936726074,1225.779258421794,-1.0677667300818336
lng,SMRCCS,DAC,wind,SMRCCS_H_DAC_C_wind_E,Italy,1,2024,333.9556709644287,4656.117798503054,4990.073469467482,-1.287435512972101,18.21993296312582,0.0247010358337391,41.78749115350147,0.0230399999999999,15.307500202047128,0.0526628175120549,5065.3883937861565,-1.1870316596263069
lng,SMRCCS,DAC,wind,SMRCCS_H_DAC_C_wind_E,Austria,1,2024,361.7853102114644,4022.775050045805,4384.560360257269,-1.287435512972101,54.43905545807985,0.0738038423273236,28.929782082959928,0.0082399999999999,0.0,0.0,4467.929197798308,-1.2053916706447776
lng,SMRCCS,DAC,wind,SMRCCS_H_DAC_C_wind_E,Finland,1,2024,375.7001298349823,4243.332298325302,4619.032428160284,-1.287435512972101,27.22434438169863,0.0369084511717668,15.940927547689158,0.0057599999999999,7.807709183324688,0.0268610784570582,4670.005409272997,-1.217905983343276
lng,SMRCCS,DAC,wind,SMRCCS_H_DAC_C_wind_E,Portugal,1,2024,316.56214643503137,3731.922141782993,4048.4842882180246,-1.287435512972101,12.817872374283043,0.0173773814354991,16.803559322589937,0.00896,7.71666717802024,0.0265478641210794,4085.822387092918,-1.2345502674155222
lng,SMRCCS,DAC,wind,SMRCCS_H_DAC_C_wind_E,Germany,1,2024,358.3066053055849,3802.9546603550534,4161.261265660638,-1.287435512972101,27.861242502357104,0.0377719034870231,28.316995716777623,0.02752,0.0,0.0,4217.439503879773,-1.2221436094850777
lng,SMRCCS,DAC,wind,SMRCCS_H_DAC_C_wind_E,Greece,1,2024,320.0408513409108,2300.0097824407094,2620.05063378162,-1.287435512972101,11.184540606351485,0.0151630491100337,24.136345688772245,0.0256,19.28989298501403,0.0663635538584547,2674.6614130617577,-1.1803089100036126
lng,SMRCCS,DAC,wind,SMRCCS_H_DAC_C_wind_E,France,1,2024,351.349195493826,4146.867957306425,4498.217152800251,-1.287435512972101,38.404076242702544,0.0520649809937556,20.531422984413005,0.0035199999999999,0.0,0.0,4557.1526520273665,-1.2318505319783453
lng,SMRCCS,DAC,wind,SMRCCS_H_DAC_C_wind_E,Brazil,1,2024,320.0408513409108,3991.536902135917,4311.577753476828,-1.287435512972101,102.99809327173692,0.1396360567221048,15.176345688772244,0.0082399999999999,37.200579700505514,0.1279821861343748,4466.952772137843,-1.0115772701156214
lng,SMRCCS,DAC,wind,SMRCCS_H_DAC_C_wind_E,United Kingdom,1,2024,370.482072476163,3188.1076800287747,3558.5897525049377,-1.287435512972101,18.53994207479783,0.0251348769763235,40.9817479984157,0.01688,3.630648102871035,0.0124906193675186,3621.742090681022,-1.2329300166282589
lng,SMRCCS,DAC,wind,SMRCCS_H_DAC_C_wind_E,Spain,1,2024,323.5195562467903,3178.929712646572,3502.4492688933624,-1.287435512972101,31.30247157646122,0.042437229251041,15.949132054954552,0.01168,9.520354774212615,0.0327531405851185,3559.221227298991,-1.2005651431359414
lng,SMRCCS,DAC,wind,SMRCCS_H_DAC_C_wind_E,Sweden,1,2024,382.6575396467412,5981.406030879584,6364.063570526326,-1.287435512972101,33.07840154431364,0.0448448840905465,11.52280028005377,0.0028799999999999,3.31854791959344,0.0114168924506162,6411.983320270287,-1.2282937364309383
lng,SMRCCS,DAC,wind,SMRCCS_H_DAC_C_wind_E,Czech Republic,1,2024,316.56214643503137,3220.921970627702,3537.484117062734,-1.287435512972101,51.82922071370271,0.0702656503004119,23.283559322589937,0.03312,0.0,0.0,3612.596897099027,-1.1840498626716889
lng,SMRCCS,DAC,wind,SMRCCS_H_DAC_C_wind_E,Japan,1,2024,375.7001298349823,3439.5777681261866,3815.277897961169,-1.287435512972101,12.977661099092396,0.0175940094014379,22.260927547689153,0.03856,77.30846684554109,0.2659664627068899,3927.824953453492,-0.9653150408637732
lng,SMRCCS,DAC,wind,SMRCCS_H_DAC_C_wind_E,Belgium,1,2024,356.5672528526452,2682.899784570236,3039.4670374228813,-1.287435512972101,9.461820518818865,0.0128275317017224,26.37060253368647,0.01104,0.0,0.0,3075.2994604753867,-1.2635679812703786
lng,SMRCCS,DAC,wind,SMRCCS_H_DAC_C_wind_E,Poland,1,2024,321.7802037938506,3507.2923016991535,3829.072505493004,-1.287435512972101,16.004410049511293,0.0216974182578447,37.9227388718634,0.0492,5.811847391273151,0.0199946597768849,3888.8115018056515,-1.1965434349373714
lng,SMRCCS,DAC,wind,SMRCCS_H_DAC_C_wind_E,India,1,2024,307.86538417033273,2485.876817682974,2793.7422018533066,-1.287435512972101,61.31609301406824,0.0831271450773518,14.831593407134172,0.0566399999999999,42.91830595173238,0.1476530383426261,2912.8081942262415,-1.0000153295521232
lng,SMRCCS,DAC,wind,SMRCCS_H_DAC_C_wind_E,Indonesia,1,2024,280.035744923297,3644.8724601532904,3924.9082050765874,-1.287435512972101,21.19081700585028,0.0287287077985997,9.929302477675712,0.05168,64.82844830678646,0.2230311087837455,4020.8567728669,-0.9839956963897558
lng,SMRCCS,DAC,wind,SMRCCS_H_DAC_C_wind_E,South Korea,1,2024,326.9982611526697,2798.5380049932237,3125.5362661458935,-1.287435512972101,10.383993350619884,0.0140777352128614,14.241918421136855,0.03312,74.66638919455023,0.2568768496838436,3224.8285671122003,-0.9833609280753959
lng,SMRCCS,DAC,wind,SMRCCS_H_DAC_C_wind_E,China,1,2024,318.3014988879711,2456.491315942665,2774.7928148306364,-1.287435512972101,117.07828218326276,0.1587247795814752,12.189952505681092,0.0448,71.8908004684377,0.2473279148060095,2975.951849988018,-0.8365828185846163
lng,SMRCCS,DAC,wind,SMRCCS_H_DAC_C_wind_E,United Arab Emirates,1,2024,332.21631851148896,800.3731367113115,1132.5894552228006,-1.287435512972101,15.525975735670064,0.0210487976973739,13.84109797041032,0.03064,41.57821592775767,0.143042689464573,1203.5347448566386,-1.092704025810154
lng,SMRCCS,DAC,wind,SMRCCS_H_DAC_C_wind_E,United States,1,2024,347.87049058794656,1848.3978758149185,2196.268366402865,-1.287435512972101,132.4178586528644,0.1795208730038194,17.038636618230697,0.03072,22.577681561125654,0.0776746240865531,2368.3025432350855,-0.9995200158817283
lng,SMRCCS,DAC,wind,SMRCCS_H_DAC_C_wind_E,Turkey,1,2024,318.3014988879711,1701.2865586347114,2019.5880575226824,-1.287435512972101,14.367053340775968,0.0194776292598864,16.749952505681094,0.0376,23.35828389663454,0.0803601519520952,2074.063347265774,-1.1499977317601193
lng,SMRCCS,DAC,wind,SMRCCS_H_DAC_C_wind_E,Australia,1,2024,356.5672528526452,2222.3641186436685,2578.9313714963137,-1.287435512972101,117.82066045617007,0.1597312329179604,24.130602533686467,0.04416,65.95113324728365,0.2268935129231901,2786.833767733454,-0.8566507671309505
lng,SMRCCS,DAC,wind,SMRCCS_H_DAC_C_wind_E,Malaysia,1,2024,304.3866792644532,1638.6443504673268,1943.03102973178,-1.287435512972101,10.778832326510203,0.0146130243224186,14.858807040951865,0.04832,56.29162476997725,0.1936616379937679,2024.9602938692194,-1.0308408506559146
lng,SMRCCS,DAC,wind,SMRCCS_H_DAC_C_wind_E,Canada,1,2024,354.82790039970547,1368.2558832936452,1723.0837836933506,-1.287435512972101,167.7201837743543,0.2273807635755919,13.944209350595314,0.0139999999999999,20.458397233290732,0.0703835914332919,1925.206574051591,-0.9756711579632172
lng,SMRCCS,DAC,wind,SMRCCS_H_DAC_C_wind_E,Mexico,1,2024,306.12603171739295,1195.9120317854802,1502.0380635028732,-1.287435512972101,47.986626418251255,0.065056187698186,21.525200224043015,0.042,34.464447055117745,0.1185689931054071,1606.0143372002851,-1.061810332168508
lng,SMRCCS,DAC,wind,SMRCCS_H_DAC_C_wind_E,Thailand,1,2024,309.6047366232724,1710.1180786336113,2019.7228152568837,-1.287435512972101,16.66138756714907,0.0225880925121339,15.017986590225323,0.04432,62.49514318275459,0.2150037744492733,2113.897332597013,-1.0055236460106938
lng,SMRCCS,DAC,wind,SMRCCS_H_DAC_C_wind_E,Russia,1,2024,328.7376136056095,1053.858401637454,1382.5960152430637,-1.287435512972101,205.1274017296293,0.2780942888681251,12.188311604228012,0.03592,8.377143565808982,0.0288201193568813,1608.28887214273,-0.9446011047470946
lng,SMRCCS,DAC,wind,SMRCCS_H_DAC_C_wind_E,Saudi Arabia,1,2024,332.21631851148896,799.1338245845675,1131.3501430960564,-1.287435512972101,42.18212397392533,0.0571869368527249,10.48109797041032,0.04416,26.16353792532288,0.0900111451931741,1210.1769029657148,-1.096077430926202
lng,SMR,SMR,wind,SMR_H_C_wind_E,South Africa,1,2024,188.59062153405935,372.2328626844628,560.8234842185223,2.870333738063669,36.05304361240747,0.0488776508666503,12.135525238045703,0.05672,47.91999291028547,0.1648604807123136,656.9320459792609,3.1407918696426327
lng,SMR,SMR,wind,SMR_H_C_wind_E,Taiwan,1,2024,185.5651035415343,969.7475625432644,1155.3126660847986,2.870333738063669,8.910824241692303,0.0120805378015195,18.45634568877224,0.05088,68.52112477860437,0.2357351260693634,1251.2009607938676,3.1690294019345515
lng,SMR,SMR,wind,SMR_H_C_wind_E,Switzerland,1,2024,222.8798254493429,4255.934634039467,4478.81445948881,2.870333738063669,40.538576790060155,0.0549587553349742,28.47289346314492,0.00296,0.0,0.0,4547.8259297420145,2.928252493398643
lng,SMR,SMR,wind,SMR_H_C_wind_E,Singapore,1,2024,186.5736095390427,4573.339473270302,4759.913082809345,2.870333738063669,0.5503414925855502,0.0007461061989998,27.9227388718634,0.03992,57.04210191937806,0.1962435253459939,4845.428265093172,3.1072433696086623
lng,SMR,SMR,wind,SMR_H_C_wind_E,Hungary,1,2024,181.531079551501,1637.701390546397,1819.2324700978984,2.870333738063669,76.80742832481737,0.1041289802321632,20.75077295640763,0.01464,0.0,0.0,1916.7906713791235,2.989102718295832
lng,SMR,SMR,wind,SMR_H_C_wind_E,Philippines,1,2024,180.52257355399263,947.7627923091368,1128.2853658631295,2.870333738063669,14.30847482008127,0.0193982134825784,16.72437977331648,0.04904,65.90453867693275,0.2267332123304705,1225.2227591334602,3.165505163876718
lng,SMR,SMR,wind,SMR_H_C_wind_E,Netherlands,1,2024,206.74372948920947,2887.9917213816216,3094.735450870831,2.870333738063669,6.791636792605323,0.0092075236568326,24.05060253368647,0.02024,0.0,0.0,3125.5776901971226,2.899781261720501
lng,SMR,SMR,wind,SMR_H_C_wind_E,Norway,1,2024,228.93086143439297,2144.2241172454083,2373.1549786798014,2.870333738063669,31.586172849052392,0.0428218473127285,15.911252561691846,0.00248,4.00931300443226,0.0137933507309631,2424.661717094978,2.92942893610736
lng,SMR,SMR,wind,SMR_H_C_wind_E,Oman,1,2024,192.62464552409276,175.11102146795014,367.73566699204287,2.870333738063669,26.719103995420006,0.0362234892176598,21.12109797041032,0.0436,40.64882895144683,0.1398452936726074,456.22469790932007,3.090002520953936
lng,SMR,SMR,wind,SMR_H_C_wind_E,Italy,1,2024,193.63315152160104,3221.680515321037,3415.313666842638,2.870333738063669,18.21993296312582,0.0247010358337391,41.78749115350147,0.0230399999999999,15.307500202047128,0.0526628175120549,3490.6285911613127,2.9707375914094625
lng,SMR,SMR,wind,SMR_H_C_wind_E,Austria,1,2024,209.76924748173448,2725.159505025172,2934.9287525069067,2.870333738063669,54.43905545807985,0.0738038423273236,28.929782082959928,0.0082399999999999,0.0,0.0,3018.2975900479464,2.9523775803909924
lng,SMR,SMR,wind,SMR_H_C_wind_E,Finland,1,2024,217.8372954618012,2899.287163574105,3117.124459035906,2.870333738063669,27.22434438169863,0.0369084511717668,15.940927547689158,0.0057599999999999,7.807709183324688,0.0268610784570582,3168.0974401486187,2.939863267692494
lng,SMR,SMR,wind,SMR_H_C_wind_E,Portugal,1,2024,183.5480915465177,2485.1903548184473,2668.738446364965,2.870333738063669,12.817872374283043,0.0173773814354991,16.803559322589937,0.00896,7.71666717802024,0.0265478641210794,2706.076545239858,2.9232189836202473
lng,SMR,SMR,wind,SMR_H_C_wind_E,Germany,1,2024,207.7522354867178,2548.5885717781466,2756.3408072648645,2.870333738063669,27.861242502357104,0.0377719034870231,28.316995716777623,0.02752,0.0,0.0,2812.519045483999,2.935625641550692
lng,SMR,SMR,wind,SMR_H_C_wind_E,Greece,1,2024,185.5651035415343,1360.1918334691372,1545.7569370106717,2.870333738063669,11.184540606351485,0.0151630491100337,24.136345688772245,0.0256,19.28989298501403,0.0663635538584547,1600.3677162908093,2.977460341032157
lng,SMR,SMR,wind,SMR_H_C_wind_E,France,1,2024,203.7182114966845,2821.3990596599906,3025.117271156675,2.870333738063669,38.404076242702544,0.0520649809937556,20.531422984413005,0.0035199999999999,0.0,0.0,3084.0527703837906,2.9259187190574245
lng,SMR,SMR,wind,SMR_H_C_wind_E,Brazil,1,2024,185.5651035415343,2701.6467471113374,2887.211850652872,2.870333738063669,102.99809327173692,0.1396360567221048,15.176345688772244,0.0082399999999999,37.200579700505514,0.1279821861343748,3042.586869313886,3.146191980920148
lng,SMR,SMR,wind,SMR_H_C_wind_E,United Kingdom,1,2024,214.81177746927617,2069.0510091825245,2283.8627866518004,2.870333738063669,18.53994207479783,0.0251348769763235,40.9817479984157,0.01688,3.630648102871035,0.0124906193675186,2347.015124827885,2.924839234407511
lng,SMR,SMR,wind,SMR_H_C_wind_E,Spain,1,2024,187.58211553655104,2059.35891351754,2246.941029054091,2.870333738063669,31.30247157646122,0.042437229251041,15.949132054954552,0.01168,9.520354774212615,0.0327531405851185,2303.7129874597194,2.9572041078998286
lng,SMR,SMR,wind,SMR_H_C_wind_E,Sweden,1,2024,221.87131945183455,4270.5594938700015,4492.4308133218365,2.870333738063669,33.07840154431364,0.0448448840905465,11.52280028005377,0.0028799999999999,3.31854791959344,0.0114168924506162,4540.350563065797,2.9294755146048312
lng,SMR,SMR,wind,SMR_H_C_wind_E,Czech Republic,1,2024,183.5480915465177,2080.2385622502557,2263.7866537967734,2.870333738063669,51.82922071370271,0.0702656503004119,23.283559322589937,0.03312,0.0,0.0,2338.8994338330663,2.9737193883640805
lng,SMR,SMR,wind,SMR_H_C_wind_E,Japan,1,2024,217.8372954618012,2228.1126415617023,2445.9499370235035,2.870333738063669,12.977661099092396,0.0175940094014379,22.260927547689153,0.03856,77.30846684554109,0.2659664627068899,2558.4969925158266,3.1924542101719964
lng,SMR,SMR,wind,SMR_H_C_wind_E,Belgium,1,2024,206.74372948920947,1669.1643835156435,1875.908113004853,2.870333738063669,9.461820518818865,0.0128275317017224,26.37060253368647,0.01104,0.0,0.0,1911.7405360573584,2.894201269765391
lng,SMR,SMR,wind,SMR_H_C_wind_E,Poland,1,2024,186.5736095390427,2308.375641165977,2494.9492507050195,2.870333738063669,16.004410049511293,0.0216974182578447,37.9227388718634,0.0492,5.811847391273151,0.0199946597768849,2554.688247017667,2.9612258160983984
lng,SMR,SMR,wind,SMR_H_C_wind_E,India,1,2024,178.50556155897596,1503.519938386062,1682.025499945038,2.870333738063669,61.31609301406824,0.0831271450773518,14.831593407134172,0.0566399999999999,42.91830595173238,0.1476530383426261,1801.091492317973,3.1577539214836463
lng,SMR,SMR,wind,SMR_H_C_wind_E,Indonesia,1,2024,162.3694655988425,2401.7376341243594,2564.107099723202,2.870333738063669,21.19081700585028,0.0287287077985997,9.929302477675712,0.05168,64.82844830678646,0.2230311087837455,2660.0556675135144,3.173773554646014
lng,SMR,SMR,wind,SMR_H_C_wind_E,South Korea,1,2024,189.59912753156772,1747.0613133643965,1936.6604408959645,2.870333738063669,10.383993350619884,0.0140777352128614,14.241918421136855,0.03312,74.66638919455023,0.2568768496838436,2035.9527418622715,3.1744083229603737
lng,SMR,SMR,wind,SMR_H_C_wind_E,China,1,2024,184.556597544026,1489.5645009808854,1674.1210985249115,2.870333738063669,117.07828218326276,0.1587247795814752,12.189952505681092,0.0448,71.8908004684377,0.2473279148060095,1875.280133682293,3.3211864324511535
lng,SMR,SMR,wind,SMR_H_C_wind_E,United Arab Emirates,1,2024,192.62464552409276,171.81432068382367,364.4389662079165,2.870333738063669,15.525975735670064,0.0210487976973739,13.84109797041032,0.03064,41.57821592775767,0.143042689464573,435.38425584175457,3.0650652252256156
lng,SMR,SMR,wind,SMR_H_C_wind_E,United States,1,2024,201.70119950166776,1013.217952486113,1214.9191519877809,2.870333738063669,132.4178586528644,0.1795208730038194,17.038636618230697,0.03072,22.577681561125654,0.0776746240865531,1386.9533288200016,3.1582492351540417
lng,SMR,SMR,wind,SMR_H_C_wind_E,Turkey,1,2024,184.556597544026,872.2735297611132,1056.8301273051393,2.870333738063669,14.367053340775968,0.0194776292598864,16.749952505681094,0.0376,23.35828389663454,0.0803601519520952,1111.3054170482308,3.0077715192756505
lng,SMR,SMR,wind,SMR_H_C_wind_E,Australia,1,2024,206.74372948920947,1305.4917432969369,1512.2354727861464,2.870333738063669,117.82066045617007,0.1597312329179604,24.130602533686467,0.04416,65.95113324728365,0.2268935129231901,1720.1378690232866,3.3011184839048195
lng,SMR,SMR,wind,SMR_H_C_wind_E,Malaysia,1,2024,176.48854956395928,819.8737679458287,996.362317509788,2.870333738063669,10.778832326510203,0.0146130243224186,14.858807040951865,0.04832,56.29162476997725,0.1936616379937679,1078.2915816472273,3.126928400379855
lng,SMR,SMR,wind,SMR_H_C_wind_E,Canada,1,2024,205.7352234917011,632.5280846482573,838.2633081399583,2.870333738063669,167.7201837743543,0.2273807635755919,13.944209350595314,0.0139999999999999,20.458397233290732,0.0703835914332919,1040.3860984981986,3.182098093072552
lng,SMR,SMR,wind,SMR_H_C_wind_E,Mexico,1,2024,177.49705556146765,486.0817691801928,663.5788247416605,2.870333738063669,47.986626418251255,0.065056187698186,21.525200224043015,0.042,34.464447055117745,0.1185689931054071,767.5550984390725,3.095958918867262
lng,SMR,SMR,wind,SMR_H_C_wind_E,Thailand,1,2024,179.51406755648432,880.1413793954442,1059.6554469519283,2.870333738063669,16.66138756714907,0.0225880925121339,15.017986590225323,0.04432,62.49514318275459,0.2150037744492733,1153.8299642920574,3.152245605025076
lng,SMR,SMR,wind,SMR_H_C_wind_E,Russia,1,2024,190.60763352907605,348.56253176973337,539.1701652988095,2.870333738063669,205.1274017296293,0.2780942888681251,12.188311604228012,0.03592,8.377143565808982,0.0288201193568813,764.8630221984758,3.2131681462886754
lng,SMR,SMR,wind,SMR_H_C_wind_E,Saudi Arabia,1,2024,192.62464552409276,170.57501690098974,363.19966242508247,2.870333738063669,42.18212397392533,0.0571869368527249,10.48109797041032,0.04416,26.16353792532288,0.0900111451931741,442.026422294741,3.061691820109568
