Fuel,Hydrogen Source,Carbon Source,Electricity Source,Pathway Name,Region,Number,Year,CapEx [$/tonne],OpEx [$/tonne],Fuel Production LCOF [$/tonne],Fuel Production Emissions [kg CO2e / kg fuel],Land Transport Cost [$/tonne],Land Transport Emissions [kg CO2e / kg fuel],Fuel Storage Cost [$/tonne],Fuel Storage Emissions [kg CO2e / kg fuel],Tanker Transport Cost [$/tonne],Tanker Transport Emissions [kg CO2e / kg fuel],Final LCOF [$/tonne],Final Emissions [kg CO2e / kg fuel]
methanol,ATRCCS,BEC,grid,ATRCCS_H_BEC_C_grid_E,South Africa,1,2024,171.99539045238782,287.8105567791484,459.8059472315362,-0.2482863521861684,24.53851842343582,0.0612638196651808,2.3634903994060386,0.0004340817049999,25.830928168264716,0.0888668586207434,512.5388842226428,-0.09772159219524432
methanol,ATRCCS,BEC,grid,ATRCCS_H_BEC_C_grid_E,Taiwan,1,2024,169.2361061135794,642.3259325298903,811.5620386434698,-0.332520156873361,6.525622092765043,0.0173213779005709,2.3754370312337483,0.0003893878199999,36.935820409625535,0.1270713274026291,857.3989181770942,-0.18773806375016105
methanol,ATRCCS,BEC,grid,ATRCCS_H_BEC_C_grid_E,Switzerland,1,2024,203.26727962554924,2175.3270536312075,2378.5943332567567,-1.023698910402516,27.51533631048074,0.068525763788103,2.9013606570253185,2.2653065e-05,0.0,0.0,2409.011030224263,-0.955150493549413
methanol,ATRCCS,BEC,grid,ATRCCS_H_BEC_C_grid_E,Singapore,1,2024,170.1558675598489,2290.415955693855,2460.571823253704,-0.4906027766287771,0.97719928410902,0.0037860062602167,2.4600262639578463,0.000305510255,30.748135543443087,0.1057836635366315,2494.7571843452142,-0.38072759657692895
methanol,ATRCCS,BEC,grid,ATRCCS_H_BEC_C_grid_E,Hungary,1,2024,165.55706032850165,951.403331361768,1116.9603916902695,-0.8552313010281312,51.585109448964424,0.1272439501923771,2.344427090337363,0.0001120408349999,0.0,0.0,1170.8899282295713,-0.7278753100007541
methanol,ATRCCS,BEC,grid,ATRCCS_H_BEC_C_grid_E,Philippines,1,2024,164.63729888223216,597.2966680055889,761.933966887821,-0.3590595747885038,10.107765430778445,0.0260600128282098,2.301470517613267,0.0003753061849999,35.52536845557584,0.1222189104249892,809.8685712917886,-0.2104053453503049
methanol,ATRCCS,BEC,grid,ATRCCS_H_BEC_C_grid_E,Netherlands,1,2024,188.55109648523796,1529.846114279636,1718.3972107648742,-0.7744591595472615,5.11922627434319,0.0138904767720408,2.673239243439774,0.000154897985,0.0,0.0,1726.1896762826573,-0.7604137847902207
methanol,ATRCCS,BEC,grid,ATRCCS_H_BEC_C_grid_E,Norway,1,2024,208.78584830316595,1098.202664933331,1306.9885132364973,-1.030622236815162,21.57408582181769,0.0540320894331074,2.878079638369897,1.8979595e-05,2.16119139281739,0.0074352066912496,1333.6018700895024,-0.969135961095805
methanol,ATRCCS,BEC,grid,ATRCCS_H_BEC_C_grid_E,Oman,1,2024,175.67443623746564,332.73270516371923,508.4071414011848,-0.4375239407984913,18.344062311311852,0.046152450456501,2.4808268853024247,0.000333673525,21.91145943478494,0.0753826016270478,551.1434900325839,-0.31565521518994244
methanol,ATRCCS,BEC,grid,ATRCCS_H_BEC_C_grid_E,Italy,1,2024,176.59419768373508,1929.881826204897,2106.476023888632,-0.7340730888068268,12.703599215411328,0.0323925466316501,2.651130418026521,0.00017632656,8.251398093798704,0.0283875137218633,2130.082151615869,-0.6731167018933133
methanol,ATRCCS,BEC,grid,ATRCCS_H_BEC_C_grid_E,Austria,1,2024,191.31038082404632,1533.0326718044296,1724.343052628476,-0.9475423198634106,36.74036974543607,0.0910302232070957,2.747006911612064,6.3061235e-05,0.0,0.0,1763.8304292855241,-0.8564490354213149
methanol,ATRCCS,BEC,grid,ATRCCS_H_BEC_C_grid_E,Finland,1,2024,198.668472394202,1414.892800324482,1613.561272718684,-0.9833128396620816,18.67936439460148,0.0469704195380984,2.7447410684048363,4.408164e-05,4.208689584965953,0.0144792715108576,1639.1940677666562,-0.9218190669731255
methanol,ATRCCS,BEC,grid,ATRCCS_H_BEC_C_grid_E,Portugal,1,2024,167.39658322104057,1249.0436488657704,1416.440232086811,-0.9371573302444416,9.118529180062064,0.0236467720289204,2.338503485785557,6.857144e-05,4.159614045582699,0.0143104355715642,1432.0568787982413,-0.8991315512039569
methanol,ATRCCS,BEC,grid,ATRCCS_H_BEC_C_grid_E,Germany,1,2024,189.47085793150745,1448.41811993213,1637.8889778636374,-0.6694553756221312,19.102040951147117,0.0480015385558461,2.718032551163871,0.00021061228,0.0,0.0,1659.7090513659482,-0.6212432247862851
methanol,ATRCCS,BEC,grid,ATRCCS_H_BEC_C_grid_E,Greece,1,2024,169.23610611357947,885.6517661579876,1054.8878722715672,-0.6971486812727149,8.034570812196023,0.0210024567238846,2.4189064262337494,0.0001959184,10.39807833449119,0.0357727972939781,1075.739427844488,-0.6401775088548523
methanol,ATRCCS,BEC,grid,ATRCCS_H_BEC_C_grid_E,France,1,2024,185.79181214642963,1452.774496473894,1638.5663086203238,-1.015621696254429,26.098777975579193,0.0650700712112465,2.609879740267486,2.693878e-05,0.0,0.0,1667.2749663361703,-0.9505246862631825
methanol,ATRCCS,BEC,grid,ATRCCS_H_BEC_C_grid_E,Brazil,1,2024,169.2361061135794,1322.870626708448,1492.1067328220274,-0.9475423198634106,68.96650800287952,0.1696458537908778,2.3503349862337486,6.3061235e-05,20.052705430499195,0.06898787867193,1583.4762812416398,-0.7088455261656028
methanol,ATRCCS,BEC,grid,ATRCCS_H_BEC_C_grid_E,United Kingdom,1,2024,195.9091880553936,1424.912308464303,1620.8214965196962,-0.8229224444357833,12.915972819599244,0.0329106318170113,2.899953030232547,0.000129183695,1.9570747960060495,0.0067329787018866,1638.5944971655342,-0.7831496502218854
methanol,ATRCCS,BEC,grid,ATRCCS_H_BEC_C_grid_E,Spain,1,2024,171.07562900611833,1066.1388533250952,1237.2144823312135,-0.8979251472394479,21.385807864799265,0.0535727855538221,2.3805338366819417,8.938776999999999e-05,5.131878895923174,0.0176553453028094,1266.1127029286179,-0.8266076286128164
methanol,ATRCCS,BEC,grid,ATRCCS_H_BEC_C_grid_E,Sweden,1,2024,202.3475181792798,1928.893153693307,2131.240671872587,-1.0248527981379572,22.56440133074008,0.0564479630816619,2.759498200469972,2.204082e-05,1.7888394327279502,0.0061541939154455,2158.3534108365247,-0.9622286003208498
methanol,ATRCCS,BEC,grid,ATRCCS_H_BEC_C_grid_E,Czech Republic,1,2024,167.39658322104057,1168.9047469891348,1336.3013302101754,-0.5886832341412616,35.008356528367685,0.086804978775029,2.3880953307855566,0.00025346943,0.0,0.0,1373.6977820693285,-0.5016247859362325
methanol,ATRCCS,BEC,grid,ATRCCS_H_BEC_C_grid_E,Japan,1,2024,198.668472394202,1201.026264386401,1399.6947367806029,-0.510218868131274,9.224572746193816,0.023905465197621,2.793108423404836,0.0002951020899999,41.67257406787354,0.1433673123911195,1453.384992018075,-0.34265098845253367
methanol,ATRCCS,BEC,grid,ATRCCS_H_BEC_C_grid_E,Belgium,1,2024,188.55109648523796,1055.0324236132096,1243.5835200984477,-0.907156249122976,6.891290009706824,0.0182134244016125,2.690994348439774,8.448981e-05,0.0,0.0,1253.1658044565943,-0.8888583349113636
methanol,ATRCCS,BEC,grid,ATRCCS_H_BEC_C_grid_E,Poland,1,2024,170.1558675598489,1477.6085038088918,1647.7643713687407,-0.3567517993176218,11.233270499248109,0.0288056812659274,2.5365568889578465,0.000376530675,3.1328346139356533,0.0107779778142402,1664.6670333708826,-0.31679160956245417
methanol,ATRCCS,BEC,grid,ATRCCS_H_BEC_C_grid_E,India,1,2024,162.7977759896933,808.2518711935687,971.049647183262,-0.2494402399216094,41.30430620421374,0.1021639414262884,2.2627002371650744,0.0004334694599999,23.134804719573623,0.0795913103408614,1037.7514583442144,-0.06725151869445972
methanol,ATRCCS,BEC,grid,ATRCCS_H_BEC_C_grid_E,Indonesia,1,2024,148.08159284938202,1112.1108381238746,1260.1924309732567,-0.320981279518951,14.675222299770391,0.0372023190844393,2.0309053535795303,0.00039551027,34.945309666630486,0.1202233180849409,1311.8438682932372,-0.16316013207957075
methanol,ATRCCS,BEC,grid,ATRCCS_H_BEC_C_grid_E,South Korea,1,2024,172.91515189865726,904.8592960648896,1077.774447963547,-0.5886832341412616,7.503288733588453,0.0197063946486234,2.3917530921301347,0.00025346943,40.2483810771631,0.1384676217439359,1127.9178708664285,-0.43025574831870217
methanol,ATRCCS,BEC,grid,ATRCCS_H_BEC_C_grid_E,China,1,2024,168.31634466731,767.994465579376,936.310810246686,-0.4202156247668764,78.31080589228577,0.1924412587218022,2.315337598509652,0.0003428572,38.75221989986314,0.1333203369483275,1055.6891736373445,-0.0941111718967467
methanol,ATRCCS,BEC,grid,ATRCCS_H_BEC_C_grid_E,United Arab Emirates,1,2024,175.67443623746564,227.23395299414364,402.9083892316093,-0.6244537539399324,10.915758228841952,0.0280311104142585,2.425112590302424,0.000234489835,22.41243881244368,0.0771061348751099,438.6616988631974,-0.519082018815564
methanol,ATRCCS,BEC,grid,ATRCCS_H_BEC_C_grid_E,United States,1,2024,183.9522892538907,644.3627424432574,828.3150316971481,-0.6232998662044914,88.49089459208655,0.2172755744607914,2.558864559819293,0.00023510208,12.170337163931713,0.0418699485000563,931.5351280129856,-0.3639192411636437
methanol,ATRCCS,BEC,grid,ATRCCS_H_BEC_C_grid_E,Turkey,1,2024,168.31634466731,562.3244276486259,730.6407723159359,-0.5240655209565659,10.146640984986664,0.026154849702053,2.3502355635096523,0.00028775515,12.591115249067489,0.0433175630169984,755.7287641134997,-0.45430535308751446
methanol,ATRCCS,BEC,grid,ATRCCS_H_BEC_C_grid_E,Australia,1,2024,188.55109648523796,865.162929973054,1053.714026458292,-0.4294467266504044,78.8034842059262,0.1936431469527896,2.673851488439774,0.00033795924,35.55048492422846,0.1223053193087221,1170.7418470768864,-0.1131603011488927
methanol,ATRCCS,BEC,grid,ATRCCS_H_BEC_C_grid_E,Malaysia,1,2024,160.9582530971544,513.4318202815867,674.3900733787411,-0.3694445644074728,7.765323073628242,0.0203456271471706,2.238623836716881,0.0003697959799999,30.34359622361494,0.1043919156943736,714.7376165127012,-0.24433722558592869
methanol,ATRCCS,BEC,grid,ATRCCS_H_BEC_C_grid_E,Canada,1,2024,187.63133503896853,433.3314373426945,620.9627723816631,-0.864462402911659,111.9192338137173,0.2744289834955782,2.5837520507156784,0.0001071428749999,11.02795216101818,0.0379397696894823,746.4937104071142,-0.5519865068515986
methanol,ATRCCS,BEC,grid,ATRCCS_H_BEC_C_grid_E,Mexico,1,2024,161.87801454342383,476.74814404606,638.6261585894838,-0.4606016955073113,32.458224140908094,0.0805839334822081,2.301784494440977,0.000321428625,18.577812770264984,0.0639137645454839,691.9639799950978,-0.31578256885461925
methanol,ATRCCS,BEC,grid,ATRCCS_H_BEC_C_grid_E,Thailand,1,2024,163.71753743596273,541.2536106345224,704.9711480704851,-0.4271389511795224,11.669272719816664,0.0298693082271259,2.276269049889171,0.00033918373,33.68755828994832,0.115896241138903,752.6042481301394,-0.28103421808349344
methanol,ATRCCS,BEC,grid,ATRCCS_H_BEC_C_grid_E,Russia,1,2024,173.83491334492675,265.7502293182605,439.5851426631872,-0.5482971634008269,136.74448225210324,0.3349901511040483,2.3881790448542315,0.000274898005,4.515639100965043,0.0155352784442634,583.2334430611097,-0.19749683584751523
methanol,ATRCCS,BEC,grid,ATRCCS_H_BEC_C_grid_E,Saudi Arabia,1,2024,175.67443623746564,177.76310053215565,353.43753676962126,-0.4294467266504044,28.6060741249968,0.0711866175461529,2.3993983003024244,0.00033795924,14.10326729475843,0.048519861640653,398.5462764896789,-0.3094022882235985
methanol,BG,BEC,grid,BG_H_BEC_C_grid_E,South Africa,1,2024,177.1915221413973,392.11435222620554,569.3058743676029,-0.5473280018921698,24.53851842343582,0.0612638196651808,2.3634903994060386,0.0004340817049999,25.830928168264716,0.0888668586207434,622.0388113587094,-0.3967632419012457
methanol,BG,BEC,grid,BG_H_BEC_C_grid_E,Taiwan,1,2024,174.34887740116096,468.85124141479105,643.200118815952,-0.6031728991709497,6.525622092765043,0.0173213779005709,2.3754370312337483,0.0003893878199999,36.935820409625535,0.1270713274026291,689.0369983495764,-0.4583908060477499
methanol,BG,BEC,grid,BG_H_BEC_C_grid_E,Switzerland,1,2024,209.40816253074223,703.305456405165,912.7136189359072,-1.0614070562940898,27.51533631048074,0.068525763788103,2.9013606570253185,2.2653065e-05,0.0,0.0,943.1303159034132,-0.9928586394409867
methanol,BG,BEC,grid,BG_H_BEC_C_grid_E,Singapore,1,2024,175.2964256479064,647.0745803824415,822.3710060303479,-0.7079777063927698,0.97719928410902,0.0037860062602167,2.4600262639578463,0.000305510255,30.748135543443087,0.1057836635366315,856.5563671218579,-0.5981025263409215
methanol,BG,BEC,grid,BG_H_BEC_C_grid_E,Hungary,1,2024,170.5586844141792,500.38136177670714,670.9400461908863,-0.9497172617365296,51.585109448964424,0.1272439501923771,2.344427090337363,0.0001120408349999,0.0,0.0,724.8695827301881,-0.8223612707091525
methanol,BG,BEC,grid,BG_H_BEC_C_grid_E,Philippines,1,2024,169.61113616743376,438.80316078763786,608.4142969550717,-0.6207678668067297,10.107765430778445,0.0260600128282098,2.301470517613267,0.0003753061849999,35.52536845557584,0.1222189104249892,656.3489013590392,-0.47211363736853074
methanol,BG,BEC,grid,BG_H_BEC_C_grid_E,Netherlands,1,2024,194.24739058281517,595.472188165111,789.7195787479261,-0.8961673602363297,5.11922627434319,0.0138904767720408,2.673239243439774,0.000154897985,0.0,0.0,797.512044265709,-0.8821219854792889
methanol,BG,BEC,grid,BG_H_BEC_C_grid_E,Norway,1,2024,215.09345201121488,528.0486322170906,743.1420842283055,-1.0659970478512495,21.57408582181769,0.0540320894331074,2.878079638369897,1.8979595e-05,2.16119139281739,0.0074352066912496,769.7554410813104,-1.0045107721318924
methanol,BG,BEC,grid,BG_H_BEC_C_grid_E,Oman,1,2024,180.98171512837908,478.1416485865381,659.1233637149172,-0.6727877711212097,18.344062311311852,0.046152450456501,2.4808268853024247,0.000333673525,21.91145943478494,0.0753826016270478,701.8597123463164,-0.5509190455126609
methanol,BG,BEC,grid,BG_H_BEC_C_grid_E,Italy,1,2024,181.9292633751245,767.7429189195652,949.6721822946896,-0.8693924094862298,12.703599215411328,0.0323925466316501,2.651130418026521,0.00017632656,8.251398093798704,0.0283875137218633,973.2783100219261,-0.8084360225727163
methanol,BG,BEC,grid,BG_H_BEC_C_grid_E,Austria,1,2024,197.09003532305152,647.6405030747162,844.7305383977678,-1.0109171491653297,36.74036974543607,0.0910302232070957,2.747006911612064,6.3061235e-05,0.0,0.0,884.2179150548159,-0.9198238647232341
methanol,BG,BEC,grid,BG_H_BEC_C_grid_E,Finland,1,2024,204.67042129701508,523.9448224750436,728.6152437720586,-1.0346321055439895,18.67936439460148,0.0469704195380984,2.7447410684048363,4.408164e-05,4.208689584965953,0.0144792715108576,754.2480388200311,-0.9731383328550335
methanol,BG,BEC,grid,BG_H_BEC_C_grid_E,Portugal,1,2024,172.45378090767008,480.61144440622,653.0652253138901,-1.0040321618295898,9.118529180062064,0.0236467720289204,2.338503485785557,6.857144e-05,4.159614045582699,0.0143104355715642,668.6818720253203,-0.9660063827891051
methanol,BG,BEC,grid,BG_H_BEC_C_grid_E,Germany,1,2024,195.1949388295606,647.1900299299975,842.3849687595582,-0.8265524882860699,19.102040951147117,0.0480015385558461,2.718032551163871,0.00021061228,0.0,0.0,864.2050422618693,-0.7783403374502238
methanol,BG,BEC,grid,BG_H_BEC_C_grid_E,Greece,1,2024,174.34887740116096,540.6350776788317,714.9839550799927,-0.8449124545147096,8.034570812196023,0.0210024567238846,2.4189064262337494,0.0001959184,10.39807833449119,0.0357727972939781,735.8355106529137,-0.787941282096847
methanol,BG,BEC,grid,BG_H_BEC_C_grid_E,France,1,2024,191.40474584257888,566.7263156301747,758.1310614727536,-1.0560520661440698,26.098777975579193,0.0650700712112465,2.609879740267486,2.693878e-05,0.0,0.0,786.8397191886003,-0.9909550561528232
methanol,BG,BEC,grid,BG_H_BEC_C_grid_E,Brazil,1,2024,174.34887740116096,461.7912309560549,636.1401083572159,-1.0109171491653297,68.96650800287952,0.1696458537908778,2.3503349862337486,6.3061235e-05,20.052705430499195,0.06898787867193,727.5096567768284,-0.7722203554675219
methanol,BG,BEC,grid,BG_H_BEC_C_grid_E,United Kingdom,1,2024,201.8277765567787,731.9130842445182,933.740860801297,-0.9282973011364496,12.915972819599244,0.0329106318170113,2.899953030232547,0.000129183695,1.9570747960060495,0.0067329787018866,951.5138614471348,-0.8885245069225517
methanol,BG,BEC,grid,BG_H_BEC_C_grid_E,Spain,1,2024,176.24397389465182,488.21900297317234,664.4629768678242,-0.97802220967235,21.385807864799265,0.0535727855538221,2.3805338366819417,8.938776999999999e-05,5.131878895923174,0.0176553453028094,693.3611974652285,-0.9067046910457185
methanol,BG,BEC,grid,BG_H_BEC_C_grid_E,Sweden,1,2024,208.4606142839968,507.75527491001407,716.2158891940109,-1.0621720548869498,22.56440133074008,0.0564479630816619,2.759498200469972,2.204082e-05,1.7888394327279502,0.0061541939154455,743.3286281579489,-0.9995478570698424
methanol,BG,BEC,grid,BG_H_BEC_C_grid_E,Czech Republic,1,2024,172.45378090767008,537.0441038676254,709.4978847752955,-0.7730025867858699,35.008356528367685,0.086804978775029,2.3880953307855566,0.00025346943,0.0,0.0,746.8943366344487,-0.6859441385808408
methanol,BG,BEC,grid,BG_H_BEC_C_grid_E,Japan,1,2024,204.67042129701508,548.6883659282495,753.3587872252646,-0.7209826824713896,9.224572746193816,0.023905465197621,2.793108423404836,0.0002951020899999,41.67257406787354,0.1433673123911195,807.0490424627369,-0.5534148027926491
methanol,BG,BEC,grid,BG_H_BEC_C_grid_E,Belgium,1,2024,194.24739058281517,621.8060259807405,816.0534165635556,-0.98414219841523,6.891290009706824,0.0182134244016125,2.690994348439774,8.448981e-05,0.0,0.0,825.6357009217022,-0.9658442842036176
methanol,BG,BEC,grid,BG_H_BEC_C_grid_E,Poland,1,2024,175.2964256479064,674.6427629283897,849.9391885762961,-0.6192378696210098,11.233270499248109,0.0288056812659274,2.5365568889578465,0.000376530675,3.1328346139356533,0.0107779778142402,866.8418505784377,-0.5792776798658422
methanol,BG,BEC,grid,BG_H_BEC_C_grid_E,India,1,2024,167.71603967394287,428.7955257303228,596.5115654042656,-0.5480930004850298,41.30430620421374,0.1021639414262884,2.2627002371650744,0.0004334694599999,23.134804719573623,0.0795913103408614,663.213376565218,-0.36590427925788016
methanol,BG,BEC,grid,BG_H_BEC_C_grid_E,Indonesia,1,2024,152.5552677260158,397.3963277490301,549.9515954750459,-0.5955229132423498,14.675222299770391,0.0372023190844393,2.0309053535795303,0.00039551027,34.945309666630486,0.1202233180849409,601.6030327950264,-0.4377017658029697
methanol,BG,BEC,grid,BG_H_BEC_C_grid_E,South Korea,1,2024,178.1390703881427,463.7703784135668,641.9094488017095,-0.7730025867858699,7.503288733588453,0.0197063946486234,2.3917530921301347,0.00025346943,40.2483810771631,0.1384676217439359,692.0528717045911,-0.6145751009633105
methanol,BG,BEC,grid,BG_H_BEC_C_grid_E,China,1,2024,173.40132915441552,407.12244608105823,580.5237752354737,-0.6613127922283097,78.31080589228577,0.1924412587218022,2.315337598509652,0.0003428572,38.75221989986314,0.1333203369483275,699.9021386261323,-0.33520833935818006
methanol,BG,BEC,grid,BG_H_BEC_C_grid_E,United Arab Emirates,1,2024,180.98171512837908,408.0171609029781,588.9988760313572,-0.7967175431645298,10.915758228841952,0.0280311104142585,2.425112590302424,0.000234489835,22.41243881244368,0.0771061348751099,624.7521856629453,-0.6913458080401614
methanol,BG,BEC,grid,BG_H_BEC_C_grid_E,United States,1,2024,189.509649349088,507.9525161539676,697.4621655030556,-0.7959525445716698,88.49089459208655,0.2172755744607914,2.558864559819293,0.00023510208,12.170337163931713,0.0418699485000563,800.6822618188932,-0.5365719195308221
methanol,BG,BEC,grid,BG_H_BEC_C_grid_E,Turkey,1,2024,173.40132915441552,444.1722057819172,617.5735349363326,-0.7301626655857096,10.146640984986664,0.026154849702053,2.3502355635096523,0.00028775515,12.591115249067489,0.0433175630169984,642.6615267338964,-0.6604024977166583
methanol,BG,BEC,grid,BG_H_BEC_C_grid_E,Australia,1,2024,194.24739058281517,578.5586014642545,772.8059920470696,-0.6674327809711897,78.8034842059262,0.1936431469527896,2.673851488439774,0.00033795924,35.55048492422846,0.1223053193087221,889.8338126656641,-0.351146355469678
methanol,BG,BEC,grid,BG_H_BEC_C_grid_E,Malaysia,1,2024,165.820943180452,421.52851589143023,587.3494590718822,-0.6276528541424697,7.765323073628242,0.0203456271471706,2.238623836716881,0.0003697959799999,30.34359622361494,0.1043919156943736,627.6970022058422,-0.5025455153209257
methanol,BG,BEC,grid,BG_H_BEC_C_grid_E,Canada,1,2024,193.29984233606976,455.32595214045625,648.625794476526,-0.9558372504794096,111.9192338137173,0.2744289834955782,2.5837520507156784,0.0001071428749999,11.02795216101818,0.0379397696894823,774.1567325019772,-0.6433613544193492
methanol,BG,BEC,grid,BG_H_BEC_C_grid_E,Mexico,1,2024,166.76849142719743,481.52099910552766,648.289490532725,-0.6880877429784098,32.458224140908094,0.0805839334822081,2.301784494440977,0.000321428625,18.577812770264984,0.0639137645454839,701.6273119383391,-0.5432686163257179
methanol,BG,BEC,grid,BG_H_BEC_C_grid_E,Thailand,1,2024,168.66358792068831,420.84398478161415,589.5075727023025,-0.6659027837854697,11.669272719816664,0.0298693082271259,2.276269049889171,0.00033918373,33.68755828994832,0.115896241138903,637.1406727619567,-0.519798050689441
methanol,BG,BEC,grid,BG_H_BEC_C_grid_E,Russia,1,2024,179.08661863488817,386.7902616697055,565.8768803045937,-0.7462276360357698,136.74448225210324,0.3349901511040483,2.3881790448542315,0.000274898005,4.515639100965043,0.0155352784442634,709.5251807025162,-0.3954273084824581
methanol,BG,BEC,grid,BG_H_BEC_C_grid_E,Saudi Arabia,1,2024,180.98171512837908,374.3656056652746,555.3473207936537,-0.6674327809711897,28.6060741249968,0.0711866175461529,2.3993983003024244,0.00033795924,14.10326729475843,0.048519861640653,600.4560605137113,-0.5473883425443838
methanol,LTE,BEC,grid,LTE_H_BEC_C_grid_E,South Africa,1,2024,204.03355600716057,1048.188365279742,1252.2219212869024,6.472661384456386,24.53851842343582,0.0612638196651808,2.3634903994060386,0.0004340817049999,25.830928168264716,0.0888668586207434,1304.9548582780092,6.62322614444731
methanol,LTE,BEC,grid,LTE_H_BEC_C_grid_E,Taiwan,1,2024,200.7602904027676,1930.3916267351049,2131.1519171378723,5.669773766536154,6.525622092765043,0.0173213779005709,2.3754370312337483,0.0003893878199999,36.935820409625535,0.1270713274026291,2176.9887966714964,5.814555859659355
methanol,LTE,BEC,grid,LTE_H_BEC_C_grid_E,Switzerland,1,2024,241.13056619028063,3258.181619705515,3499.3121858957957,-0.9183040846175468,27.51533631048074,0.068525763788103,2.9013606570253185,2.2653065e-05,0.0,0.0,3529.728882863302,-0.8497556677644437
methanol,LTE,BEC,grid,LTE_H_BEC_C_grid_E,Singapore,1,2024,201.85137893756524,3256.7550340171492,3458.6064129547144,4.162984675370783,0.97719928410902,0.0037860062602167,2.4600262639578463,0.000305510255,30.748135543443087,0.1057836635366315,3492.7917740462244,4.272859855422632
methanol,LTE,BEC,grid,LTE_H_BEC_C_grid_E,Hungary,1,2024,196.395936263577,2260.307036474804,2456.702972738381,0.6874711512229206,51.585109448964424,0.1272439501923771,2.344427090337363,0.0001120408349999,0.0,0.0,2510.632509277683,0.8148271422502976
methanol,LTE,BEC,grid,LTE_H_BEC_C_grid_E,Philippines,1,2024,195.30484772877935,1699.338112338591,1894.6429600673705,5.416809174588682,10.107765430778445,0.0260600128282098,2.301470517613267,0.0003753061849999,35.52536845557584,0.1222189104249892,1942.577564471338,5.565463404026881
methanol,LTE,BEC,grid,LTE_H_BEC_C_grid_E,Netherlands,1,2024,223.67314963351825,2667.6067664199104,2891.2799160534287,1.4573633875847891,5.11922627434319,0.0138904767720408,2.673239243439774,0.000154897985,0.0,0.0,2899.0723815712113,1.4714087623418297
methanol,LTE,BEC,grid,LTE_H_BEC_C_grid_E,Norway,1,2024,247.67709739906655,1493.2289376317292,1740.9060350307957,-0.9842948477342784,21.57408582181769,0.0540320894331074,2.878079638369897,1.8979595e-05,2.16119139281739,0.0074352066912496,1767.5193918838008,-0.9228085720149214
methanol,LTE,BEC,grid,LTE_H_BEC_C_grid_E,Oman,1,2024,208.39791014635117,2273.2555151202255,2481.6534252665765,4.668913859265725,18.344062311311852,0.046152450456501,2.4808268853024247,0.000333673525,21.91145943478494,0.0753826016270478,2524.389773897976,4.7907825848742736
methanol,LTE,BEC,grid,LTE_H_BEC_C_grid_E,Italy,1,2024,209.4889986811488,5146.070853764954,5355.559852446103,1.8423095057657224,12.703599215411328,0.0323925466316501,2.651130418026521,0.00017632656,8.251398093798704,0.0283875137218633,5379.165980173339,1.9032658926792358
methanol,LTE,BEC,grid,LTE_H_BEC_C_grid_E,Austria,1,2024,226.9464152379112,3334.204870190686,3561.1512854285975,-0.1924056903335,36.74036974543607,0.0910302232070957,2.747006911612064,6.3061235e-05,0.0,0.0,3600.6386620856456,-0.1013124058914043
methanol,LTE,BEC,grid,LTE_H_BEC_C_grid_E,Finland,1,2024,235.6751235162924,1520.986986651871,1756.662110168163,-0.5333579664366129,18.67936439460148,0.0469704195380984,2.7447410684048363,4.408164e-05,4.208689584965953,0.0144792715108576,1782.2949052161352,-0.4718641937476569
methanol,LTE,BEC,grid,LTE_H_BEC_C_grid_E,Portugal,1,2024,198.5781133331723,1716.3747429249331,1914.9528562581056,-0.0934195456584026,9.118529180062064,0.0236467720289204,2.338503485785557,6.857144e-05,4.159614045582699,0.0143104355715642,1930.569502969536,-0.055393766617918
methanol,LTE,BEC,grid,LTE_H_BEC_C_grid_E,Germany,1,2024,224.7642381683159,3265.7614291844807,3490.5256673527965,2.458223294855217,19.102040951147117,0.0480015385558461,2.718032551163871,0.00021061228,0.0,0.0,3512.3457408551076,2.5064354456910634
methanol,LTE,BEC,grid,LTE_H_BEC_C_grid_E,Greece,1,2024,200.7602904027676,2722.2687575701193,2923.029047972887,2.19426024238829,8.034570812196023,0.0210024567238846,2.4189064262337494,0.0001959184,10.39807833449119,0.0357727972939781,2943.880603545808,2.251231414806153
methanol,LTE,BEC,grid,LTE_H_BEC_C_grid_E,France,1,2024,220.3998840291253,2198.4005005950903,2418.800384624215,-0.8413148609813601,26.098777975579193,0.0650700712112465,2.609879740267486,2.693878e-05,0.0,0.0,2447.5090423400616,-0.7762178509901135
methanol,LTE,BEC,grid,LTE_H_BEC_C_grid_E,Brazil,1,2024,200.7602904027676,1478.2503916517644,1679.010682054532,-0.1924056903335,68.96650800287952,0.1696458537908778,2.3503349862337486,6.3061235e-05,20.052705430499195,0.06898787867193,1770.3802304741444,0.04629110336430779
methanol,LTE,BEC,grid,LTE_H_BEC_C_grid_E,United Kingdom,1,2024,232.40185791189944,4957.866161405078,5190.268019316977,0.995428045767668,12.915972819599244,0.0329106318170113,2.899953030232547,0.000129183695,1.9570747960060495,0.0067329787018866,5208.041019962815,1.0352008399815658
methanol,LTE,BEC,grid,LTE_H_BEC_C_grid_E,Spain,1,2024,202.9424674723629,1604.1467866626283,1807.0892541349915,0.280528112003076,21.385807864799265,0.0535727855538221,2.3805338366819417,8.938776999999999e-05,5.131878895923174,0.0176553453028094,1835.9874747323959,0.3518456306297075
methanol,LTE,BEC,grid,LTE_H_BEC_C_grid_E,Sweden,1,2024,240.03947765548304,903.7952410711532,1143.8347187266363,-0.9293025451370022,22.56440133074008,0.0564479630816619,2.759498200469972,2.204082e-05,1.7888394327279502,0.0061541939154455,1170.9474576905743,-0.8666783473198948
methanol,LTE,BEC,grid,LTE_H_BEC_C_grid_E,Czech Republic,1,2024,198.5781133331723,2610.290281081643,2808.8683944148156,3.228115531217086,35.008356528367685,0.086804978775029,2.3880953307855566,0.00025346943,0.0,0.0,2846.264846273969,3.315173979422115
methanol,LTE,BEC,grid,LTE_H_BEC_C_grid_E,Japan,1,2024,235.6751235162924,2365.8619058518266,2601.537029368119,3.976010846540043,9.224572746193816,0.023905465197621,2.793108423404836,0.0002951020899999,41.67257406787354,0.1433673123911195,2655.2272846055907,4.1435787262187835
methanol,LTE,BEC,grid,LTE_H_BEC_C_grid_E,Belgium,1,2024,223.67314963351825,3005.928315442344,3229.601465075862,0.1925404278474343,6.891290009706824,0.0182134244016125,2.690994348439774,8.448981e-05,0.0,0.0,3239.1837494340084,0.2108383420590468
methanol,LTE,BEC,grid,LTE_H_BEC_C_grid_E,Poland,1,2024,201.85137893756524,4605.118070007055,4806.969448944621,5.4388060956275925,11.233270499248109,0.0288056812659274,2.5365568889578465,0.000376530675,3.1328346139356533,0.0107779778142402,4823.8721109467615,5.47876628538276
methanol,LTE,BEC,grid,LTE_H_BEC_C_grid_E,India,1,2024,193.122670659184,1444.499193632006,1637.62186429119,6.461662923936931,41.30430620421374,0.1021639414262884,2.2627002371650744,0.0004334694599999,23.134804719573623,0.0795913103408614,1704.3236754521424,6.64385164516408
methanol,LTE,BEC,grid,LTE_H_BEC_C_grid_E,Indonesia,1,2024,175.6652541024216,826.6484606926567,1002.3137147950785,5.779758371730706,14.675222299770391,0.0372023190844393,2.0309053535795303,0.00039551027,34.945309666630486,0.1202233180849409,1053.965152115059,5.937579519170086
methanol,LTE,BEC,grid,LTE_H_BEC_C_grid_E,South Korea,1,2024,205.1246445419582,1356.965414303584,1562.0900588455422,3.228115531217086,7.503288733588453,0.0197063946486234,2.3917530921301347,0.00025346943,40.2483810771631,0.1384676217439359,1612.2334817484239,3.3865430170396453
methanol,LTE,BEC,grid,LTE_H_BEC_C_grid_E,China,1,2024,199.66920186796995,1064.2833658840177,1263.952567751987,4.833890767057554,78.31080589228577,0.1924412587218022,2.315337598509652,0.0003428572,38.75221989986314,0.1333203369483275,1383.3309311426456,5.159995219927683
methanol,LTE,BEC,grid,LTE_H_BEC_C_grid_E,United Arab Emirates,1,2024,208.39791014635117,1271.1627258039198,1479.560635950271,2.8871632551139723,10.915758228841952,0.0280311104142585,2.425112590302424,0.000234489835,22.41243881244368,0.0771061348751099,1515.3139455818591,2.9925349902383407
methanol,LTE,BEC,grid,LTE_H_BEC_C_grid_E,United States,1,2024,218.21770695953,1727.3530976175855,1945.5708045771155,2.898161715633428,88.49089459208655,0.2172755744607914,2.558864559819293,0.00023510208,12.170337163931713,0.0418699485000563,2048.7909008929532,3.1575423406742757
methanol,LTE,BEC,grid,LTE_H_BEC_C_grid_E,Turkey,1,2024,199.66920186796995,1694.378292251486,1894.047494119456,3.84402932030658,10.146640984986664,0.026154849702053,2.3502355635096523,0.00028775515,12.591115249067489,0.0433175630169984,1919.1354859170197,3.9137894881756314
methanol,LTE,BEC,grid,LTE_H_BEC_C_grid_E,Australia,1,2024,223.67314963351825,2685.3593347892056,2909.032484422724,4.745903082901912,78.8034842059262,0.1936431469527896,2.673851488439774,0.00033795924,35.55048492422846,0.1223053193087221,3026.060305041318,5.062189508403424
methanol,LTE,BEC,grid,LTE_H_BEC_C_grid_E,Malaysia,1,2024,190.94049358958875,1457.978810602222,1648.9193041918106,5.317823029913585,7.765323073628242,0.0203456271471706,2.238623836716881,0.0003697959799999,30.34359622361494,0.1043919156943736,1689.2668473257706,5.442930368735129
methanol,LTE,BEC,grid,LTE_H_BEC_C_grid_E,Canada,1,2024,222.58206109872057,1274.331890182316,1496.9139512810364,0.5994834670672786,111.9192338137173,0.2744289834955782,2.5837520507156784,0.0001071428749999,11.02795216101818,0.0379397696894823,1622.4448893064875,0.911959363127339
methanol,LTE,BEC,grid,LTE_H_BEC_C_grid_E,Mexico,1,2024,192.0315821243864,2372.7268102383064,2564.7583923626926,4.448944648876619,32.458224140908094,0.0805839334822081,2.301784494440977,0.000321428625,18.577812770264984,0.0639137645454839,2618.096213768307,4.593763775529311
methanol,LTE,BEC,grid,LTE_H_BEC_C_grid_E,Thailand,1,2024,194.2137591939817,1467.4597580485267,1661.6735172425083,4.767900003940822,11.669272719816664,0.0298693082271259,2.276269049889171,0.00033918373,33.68755828994832,0.115896241138903,1709.3066173021625,4.914004737036851
methanol,LTE,BEC,grid,LTE_H_BEC_C_grid_E,Russia,1,2024,206.21573307675584,1042.4886300121807,1248.7043630889366,3.61306164939802,136.74448225210324,0.3349901511040483,2.3881790448542315,0.000274898005,4.515639100965043,0.0155352784442634,1392.3526634868592,3.9638619769513315
methanol,LTE,BEC,grid,LTE_H_BEC_C_grid_E,Saudi Arabia,1,2024,208.39791014635117,808.0133947389055,1016.4113048852566,4.745903082901912,28.6060741249968,0.0711866175461529,2.3993983003024244,0.00033795924,14.10326729475843,0.048519861640653,1061.5200446053143,4.865947521328718
methanol,SMR,BEC,grid,SMR_H_BEC_C_grid_E,South Africa,1,2024,133.69110276099715,235.76906319606,369.46016595705714,1.3141887556777656,24.53851842343582,0.0612638196651808,2.3634903994060386,0.0004340817049999,25.830928168264716,0.0888668586207434,422.19310294816376,1.46475351566869
methanol,SMR,BEC,grid,SMR_H_BEC_C_grid_E,Taiwan,1,2024,131.54632571135548,527.6083429511074,659.1546686624629,1.263330149753387,6.525622092765043,0.0173213779005709,2.3754370312337483,0.0003893878199999,36.935820409625535,0.1270713274026291,704.9915481960873,1.408112242876587
methanol,SMR,BEC,grid,SMR_H_BEC_C_grid_E,Switzerland,1,2024,157.99857599026936,1893.5274175482175,2051.525993538487,0.8460109038807464,27.51533631048074,0.068525763788103,2.9013606570253185,2.2653065e-05,0.0,0.0,2081.942690505993,0.9145593207338495
methanol,SMR,BEC,grid,SMR_H_BEC_C_grid_E,Singapore,1,2024,132.26125139456937,1989.166955117636,2121.4282065122056,1.167883176991197,0.97719928410902,0.0037860062602167,2.4600262639578463,0.000305510255,30.748135543443087,0.1057836635366315,2155.6135676037156,1.2777583570430453
methanol,SMR,BEC,grid,SMR_H_BEC_C_grid_E,Hungary,1,2024,128.68662297849994,799.5184698930902,928.2050928715902,0.9477281157295034,51.585109448964424,0.1272439501923771,2.344427090337363,0.0001120408349999,0.0,0.0,982.134629410892,1.0750841067568806
methanol,SMR,BEC,grid,SMR_H_BEC_C_grid_E,Philippines,1,2024,127.97169729528603,493.38142198498457,621.3531192802706,1.2473062054210486,10.107765430778445,0.0260600128282098,2.301470517613267,0.0003753061849999,35.52536845557584,0.1222189104249892,669.2877236842381,1.3959604348592474
methanol,SMR,BEC,grid,SMR_H_BEC_C_grid_E,Netherlands,1,2024,146.55976505884712,1320.1103345113474,1466.6700995701945,0.9964966419583596,5.11922627434319,0.0138904767720408,2.673239243439774,0.000154897985,0.0,0.0,1474.4625650879775,1.0105420167154002
methanol,SMR,BEC,grid,SMR_H_BEC_C_grid_E,Norway,1,2024,162.2881300895527,969.4152473688076,1131.70337745836,0.8418307444897015,21.57408582181769,0.0540320894331074,2.878079638369897,1.8979595e-05,2.16119139281739,0.0074352066912496,1158.316734311365,0.9033170202090586
methanol,SMR,BEC,grid,SMR_H_BEC_C_grid_E,Oman,1,2024,136.55080549385272,238.52946245356063,375.0802679474134,1.199931065655874,18.344062311311852,0.046152450456501,2.4808268853024247,0.000333673525,21.91145943478494,0.0753826016270478,417.8166165788126,1.3217997912644226
methanol,SMR,BEC,grid,SMR_H_BEC_C_grid_E,Italy,1,2024,137.26573117706658,1601.4769801208358,1738.7427112979024,1.0208809050727878,12.703599215411328,0.0323925466316501,2.651130418026521,0.00017632656,8.251398093798704,0.0283875137218633,1762.348839025139,1.0818372919863013
methanol,SMR,BEC,grid,SMR_H_BEC_C_grid_E,Austria,1,2024,148.70454210848882,1301.800678692286,1450.5052208007749,0.8919926571822393,36.74036974543607,0.0910302232070957,2.747006911612064,6.3061235e-05,0.0,0.0,1489.992597457823,0.983085941624335
methanol,SMR,BEC,grid,SMR_H_BEC_C_grid_E,Finland,1,2024,154.42394757419993,1254.1239385217507,1408.5478860959506,0.8703951669951745,18.67936439460148,0.0469704195380984,2.7447410684048363,4.408164e-05,4.208689584965953,0.0144792715108576,1434.1806811439228,0.9318889396841306
methanol,SMR,BEC,grid,SMR_H_BEC_C_grid_E,Portugal,1,2024,130.1164743449277,1089.8795817249727,1219.9960560699003,0.8982628962688064,9.118529180062064,0.0236467720289204,2.338503485785557,6.857144e-05,4.159614045582699,0.0143104355715642,1235.6127027813307,0.936288675309291
methanol,SMR,BEC,grid,SMR_H_BEC_C_grid_E,Germany,1,2024,147.27469074206104,1230.3874405680644,1377.6621313101257,1.0598957260558726,19.102040951147117,0.0480015385558461,2.718032551163871,0.00021061228,0.0,0.0,1399.4822048124365,1.1081078768917187
methanol,SMR,BEC,grid,SMR_H_BEC_C_grid_E,Greece,1,2024,131.5463257113555,726.3280619377942,857.8743876491498,1.0431750884916935,8.034570812196023,0.0210024567238846,2.4189064262337494,0.0001959184,10.39807833449119,0.0357727972939781,878.7259432220707,1.1001462609095563
methanol,SMR,BEC,grid,SMR_H_BEC_C_grid_E,France,1,2024,144.4149880092055,1265.047321797511,1409.462309806716,0.850887756503632,26.098777975579193,0.0650700712112465,2.609879740267486,2.693878e-05,0.0,0.0,1438.1709675225625,0.9159847664948786
methanol,SMR,BEC,grid,SMR_H_BEC_C_grid_E,Brazil,1,2024,131.54632571135548,1161.7569760119477,1293.3033017233029,0.8919926571822393,68.96650800287952,0.1696458537908778,2.3503349862337486,6.3061235e-05,20.052705430499195,0.06898787867193,1384.6728501429152,1.1306894508800471
methanol,SMR,BEC,grid,SMR_H_BEC_C_grid_E,United Kingdom,1,2024,152.27917052455825,1150.419952617213,1302.6991231417717,0.967235526221046,12.915972819599244,0.0329106318170113,2.899953030232547,0.000129183695,1.9570747960060495,0.0067329787018866,1320.4721237876097,1.0070083204349438
methanol,SMR,BEC,grid,SMR_H_BEC_C_grid_E,Spain,1,2024,132.97617707778326,930.112489244049,1063.0886663218323,0.9219504661513938,21.385807864799265,0.0535727855538221,2.3805338366819417,8.938776999999999e-05,5.131878895923174,0.0176553453028094,1091.9868869192367,0.9932679847780252
methanol,SMR,BEC,grid,SMR_H_BEC_C_grid_E,Sweden,1,2024,157.2836503070555,1741.762159231036,1899.0458095380911,0.8453142106489057,22.56440133074008,0.0564479630816619,2.759498200469972,2.204082e-05,1.7888394327279502,0.0061541939154455,1926.1585485020291,0.907938408466013
methanol,SMR,BEC,grid,SMR_H_BEC_C_grid_E,Czech Republic,1,2024,130.1164743449277,991.1324788407871,1121.248953185715,1.1086642522847288,35.008356528367685,0.086804978775029,2.3880953307855566,0.00025346943,0.0,0.0,1158.645405044868,1.1957227004897577
methanol,SMR,BEC,grid,SMR_H_BEC_C_grid_E,Japan,1,2024,154.42394757419993,1025.7375851719112,1180.161532746111,1.1560393920499037,9.224572746193816,0.023905465197621,2.793108423404836,0.0002951020899999,41.67257406787354,0.1433673123911195,1233.8517879835833,1.323607271728644
methanol,SMR,BEC,grid,SMR_H_BEC_C_grid_E,Belgium,1,2024,146.55976505884712,880.2439638594492,1026.8037289182962,0.9163769202966674,6.891290009706824,0.0182134244016125,2.690994348439774,8.448981e-05,0.0,0.0,1036.3860132764428,0.9346748345082799
methanol,SMR,BEC,grid,SMR_H_BEC_C_grid_E,Poland,1,2024,132.26125139456937,1204.3327386573703,1336.5939900519395,1.2486995918847303,11.233270499248109,0.0288056812659274,2.5365568889578465,0.000376530675,3.1328346139356533,0.0107779778142402,1353.4966520540813,1.2886597816398981
methanol,SMR,BEC,grid,SMR_H_BEC_C_grid_E,India,1,2024,126.54184592885824,692.2847330983795,818.8265790272378,1.313492062445925,41.30430620421374,0.1021639414262884,2.2627002371650744,0.0004334694599999,23.134804719573623,0.0795913103408614,885.5283901881902,1.4956807836730748
methanol,SMR,BEC,grid,SMR_H_BEC_C_grid_E,Indonesia,1,2024,115.10303499743604,988.5571857839346,1103.6602207813708,1.2702970820717954,14.675222299770391,0.0372023190844393,2.0309053535795303,0.00039551027,34.945309666630486,0.1202233180849409,1155.3116581013512,1.4281182295111754
methanol,SMR,BEC,grid,SMR_H_BEC_C_grid_E,South Korea,1,2024,134.40602844421105,787.489681436681,921.895709880892,1.1086642522847288,7.503288733588453,0.0197063946486234,2.3917530921301347,0.00025346943,40.2483810771631,0.1384676217439359,972.0391327837737,1.267091738107288
methanol,SMR,BEC,grid,SMR_H_BEC_C_grid_E,China,1,2024,130.8314000281416,668.7629376319242,799.5943376600658,1.2103814641334862,78.31080589228577,0.1924412587218022,2.315337598509652,0.0003428572,38.75221989986314,0.1333203369483275,918.9727010507244,1.536485917003616
methanol,SMR,BEC,grid,SMR_H_BEC_C_grid_E,United Arab Emirates,1,2024,136.55080549385272,173.7093047961688,310.26011029002154,1.0870667620976642,10.915758228841952,0.0280311104142585,2.425112590302424,0.000234489835,22.41243881244368,0.0771061348751099,346.01341992160957,1.1924384972220325
methanol,SMR,BEC,grid,SMR_H_BEC_C_grid_E,United States,1,2024,142.98513664277772,545.4545461333353,688.4396827761129,1.0877634553295048,88.49089459208655,0.2172755744607914,2.558864559819293,0.00023510208,12.170337163931713,0.0418699485000563,791.6597790919504,1.3471440803703525
methanol,SMR,BEC,grid,SMR_H_BEC_C_grid_E,Turkey,1,2024,130.8314000281416,462.252142539732,593.0835425678736,1.147679073267814,10.146640984986664,0.026154849702053,2.3502355635096523,0.00028775515,12.591115249067489,0.0433175630169984,618.1715343654373,1.2174392411368653
methanol,SMR,BEC,grid,SMR_H_BEC_C_grid_E,Australia,1,2024,146.55976505884712,717.0221475803723,863.5819126392195,1.20480791827876,78.8034842059262,0.1936431469527896,2.673851488439774,0.00033795924,35.55048492422846,0.1223053193087221,980.609733257814,1.5210943437802715
methanol,SMR,BEC,grid,SMR_H_BEC_C_grid_E,Malaysia,1,2024,125.1119945624305,424.2187260063545,549.330720568785,1.2410359663344817,7.765323073628242,0.0203456271471706,2.238623836716881,0.0003697959799999,30.34359622361494,0.1043919156943736,589.678263702745,1.3661433051560259
methanol,SMR,BEC,grid,SMR_H_BEC_C_grid_E,Canada,1,2024,145.84483937563326,366.4903382315651,512.3351776071984,0.9421545698747772,111.9192338137173,0.2744289834955782,2.5837520507156784,0.0001071428749999,11.02795216101818,0.0379397696894823,637.8661156326496,1.2546304659348375
methanol,SMR,BEC,grid,SMR_H_BEC_C_grid_E,Mexico,1,2024,125.82692024564436,362.48799237564725,488.3149126212916,1.1859972010190585,32.458224140908094,0.0805839334822081,2.301784494440977,0.000321428625,18.577812770264984,0.0639137645454839,541.6527340269056,1.3308163276717504
methanol,SMR,BEC,grid,SMR_H_BEC_C_grid_E,Thailand,1,2024,127.25677161207216,449.44901949767853,576.7057911097506,1.2062013047424416,11.669272719816664,0.0298693082271259,2.276269049889171,0.00033918373,33.68755828994832,0.115896241138903,624.3388911694049,1.3523060378384706
methanol,SMR,BEC,grid,SMR_H_BEC_C_grid_E,Russia,1,2024,135.12095412742494,213.08624121326977,348.2071953406947,1.133048515399157,136.74448225210324,0.3349901511040483,2.3881790448542315,0.000274898005,4.515639100965043,0.0155352784442634,491.85549573861715,1.4838488429524688
methanol,SMR,BEC,grid,SMR_H_BEC_C_grid_E,Saudi Arabia,1,2024,136.55080549385272,143.44062489745738,279.99143039131013,1.20480791827876,28.6060741249968,0.0711866175461529,2.3993983003024244,0.00033795924,14.10326729475843,0.048519861640653,325.1001701113678,1.324852356705566
methanol,SMRCCS,BEC,grid,SMRCCS_H_BEC_C_grid_E,South Africa,1,2024,189.57875801038116,301.0375612120552,490.61631922243635,-0.2518024019811951,24.53851842343582,0.0612638196651808,2.3634903994060386,0.0004340817049999,25.830928168264716,0.0888668586207434,543.3492562135428,-0.101237641990271
methanol,SMRCCS,BEC,grid,SMRCCS_H_BEC_C_grid_E,Taiwan,1,2024,186.53738756101671,681.2227149225955,867.7601024836123,-0.3234279792255553,6.525622092765043,0.0173213779005709,2.3754370312337483,0.0003893878199999,36.935820409625535,0.1270713274026291,913.5969820172367,-0.17864588610235532
methanol,SMRCCS,BEC,grid,SMRCCS_H_BEC_C_grid_E,Switzerland,1,2024,224.04762310317773,2431.1325391298933,2655.180162233071,-0.9111501815457168,27.51533631048074,0.068525763788103,2.9013606570253185,2.2653065e-05,0.0,0.0,2685.596859200577,-0.8426017646926137
methanol,SMRCCS,BEC,grid,SMRCCS_H_BEC_C_grid_E,Singapore,1,2024,187.5511777108049,2565.378405850964,2752.929583561769,-0.4578485830951081,0.97719928410902,0.0037860062602167,2.4600262639578463,0.000305510255,30.748135543443087,0.1057836635366315,2787.114944653279,-0.34797340304325997
methanol,SMRCCS,BEC,grid,SMRCCS_H_BEC_C_grid_E,Hungary,1,2024,182.48222696186423,1034.1165858316292,1216.5988127934934,-0.7678990270569963,51.585109448964424,0.1272439501923771,2.344427090337363,0.0001120408349999,0.0,0.0,1270.5283493327952,-0.6405430360296193
methanol,SMRCCS,BEC,grid,SMRCCS_H_BEC_C_grid_E,Philippines,1,2024,181.46843681207605,638.2582825570898,819.726719369166,-0.3459949419189839,10.107765430778445,0.0260600128282098,2.301470517613267,0.0003753061849999,35.52536845557584,0.1222189104249892,867.6613237731335,-0.19734071248078497
methanol,SMRCCS,BEC,grid,SMRCCS_H_BEC_C_grid_E,Netherlands,1,2024,207.82698070656755,1698.1061994452884,1905.933180151856,-0.6992169666856919,5.11922627434319,0.0138904767720408,2.673239243439774,0.000154897985,0.0,0.0,1913.725645669639,-0.6851715919286511
methanol,SMRCCS,BEC,grid,SMRCCS_H_BEC_C_grid_E,Norway,1,2024,230.1303640019065,1233.422826763136,1463.5531907650425,-0.9170372152918284,21.57408582181769,0.0540320894331074,2.878079638369897,1.8979595e-05,2.16119139281739,0.0074352066912496,1490.1665476180476,-0.8555509395724713
methanol,SMRCCS,BEC,grid,SMRCCS_H_BEC_C_grid_E,Oman,1,2024,193.63391860953368,313.5306592981045,507.1645779076382,-0.4127146577082509,18.344062311311852,0.046152450456501,2.4808268853024247,0.000333673525,21.91145943478494,0.0753826016270478,549.9009265390374,-0.29084593209970205
methanol,SMRCCS,BEC,grid,SMRCCS_H_BEC_C_grid_E,Italy,1,2024,194.6477087593218,2079.415814650732,2274.0635234100537,-0.6648759365000398,12.703599215411328,0.0323925466316501,2.651130418026521,0.00017632656,8.251398093798704,0.0283875137218633,2297.6696511372907,-0.6039195495865264
methanol,SMRCCS,BEC,grid,SMRCCS_H_BEC_C_grid_E,Austria,1,2024,210.868351155932,1677.874187226433,1888.742538382365,-0.8463928103384869,36.74036974543607,0.0910302232070957,2.747006911612064,6.3061235e-05,0.0,0.0,1928.229915039413,-0.7552995258963912
methanol,SMRCCS,BEC,grid,SMRCCS_H_BEC_C_grid_E,Finland,1,2024,218.97867235423703,1603.1267030098684,1822.1053753641056,-0.8768091513600645,18.67936439460148,0.0469704195380984,2.7447410684048363,4.408164e-05,4.208689584965953,0.0144792715108576,1847.7381704120778,-0.8153153786711085
methanol,SMRCCS,BEC,grid,SMRCCS_H_BEC_C_grid_E,Portugal,1,2024,184.50980726144044,1402.7578552543805,1587.2676625158208,-0.8375622597193192,9.118529180062064,0.0236467720289204,2.338503485785557,6.857144e-05,4.159614045582699,0.0143104355715642,1602.8843092272512,-0.7995364806788345
methanol,SMRCCS,BEC,grid,SMRCCS_H_BEC_C_grid_E,Germany,1,2024,208.8407708563557,1584.6215886087546,1793.4623594651102,-0.6099302882029963,19.102040951147117,0.0480015385558461,2.718032551163871,0.00021061228,0.0,0.0,1815.282432967421,-0.5617181373671503
methanol,SMRCCS,BEC,grid,SMRCCS_H_BEC_C_grid_E,Greece,1,2024,186.53738756101671,941.095634329837,1127.6330218908538,-0.6334784231874435,8.034570812196023,0.0210024567238846,2.4189064262337494,0.0001959184,10.39807833449119,0.0357727972939781,1148.4845774637747,-0.5765072507695809
methanol,SMRCCS,BEC,grid,SMRCCS_H_BEC_C_grid_E,France,1,2024,204.78561025720316,1622.4414433730933,1827.2270536302965,-0.9042819755085862,26.098777975579193,0.0650700712112465,2.609879740267486,2.693878e-05,0.0,0.0,1855.935711346143,-0.8391849655173397
methanol,SMRCCS,BEC,grid,SMRCCS_H_BEC_C_grid_E,Brazil,1,2024,186.53738756101671,1494.0477372365706,1680.5851247975872,-0.8463928103384869,68.96650800287952,0.1696458537908778,2.3503349862337486,6.3061235e-05,20.052705430499195,0.06898787867193,1771.9546732171996,-0.6076960166406791
methanol,SMRCCS,BEC,grid,SMRCCS_H_BEC_C_grid_E,United Kingdom,1,2024,215.93730190487264,1499.9309514462443,1715.868253351117,-0.7404262029084746,12.915972819599244,0.0329106318170113,2.899953030232547,0.000129183695,1.9570747960060495,0.0067329787018866,1733.641253996955,-0.7006534086945767
methanol,SMRCCS,BEC,grid,SMRCCS_H_BEC_C_grid_E,Spain,1,2024,188.564967860593,1192.1288362031285,1380.6938040637217,-0.8042024018246857,21.385807864799265,0.0535727855538221,2.3805338366819417,8.938776999999999e-05,5.131878895923174,0.0176553453028094,1409.592024661126,-0.7328848831980542
methanol,SMRCCS,BEC,grid,SMRCCS_H_BEC_C_grid_E,Sweden,1,2024,223.0338329533896,2224.3900297795603,2447.42386273295,-0.9121313538367354,22.56440133074008,0.0564479630816619,2.759498200469972,2.204082e-05,1.7888394327279502,0.0061541939154455,2474.536601696888,-0.849507156019628
methanol,SMRCCS,BEC,grid,SMRCCS_H_BEC_C_grid_E,Czech Republic,1,2024,184.50980726144044,1283.2321095673185,1467.741916828759,-0.5412482278316919,35.008356528367685,0.086804978775029,2.3880953307855566,0.00025346943,0.0,0.0,1505.1383686879121,-0.4541897796266629
methanol,SMRCCS,BEC,grid,SMRCCS_H_BEC_C_grid_E,Japan,1,2024,218.97867235423703,1319.614178130754,1538.592850484991,-0.4745285120424249,9.224572746193816,0.023905465197621,2.793108423404836,0.0002951020899999,41.67257406787354,0.1433673123911195,1592.2831057224632,-0.30696063236368454
methanol,SMRCCS,BEC,grid,SMRCCS_H_BEC_C_grid_E,Belgium,1,2024,207.82698070656755,1130.6436439570634,1338.470624663631,-0.8120517801528347,6.891290009706824,0.0182134244016125,2.690994348439774,8.448981e-05,0.0,0.0,1348.0529090217776,-0.7937538659412223
methanol,SMRCCS,BEC,grid,SMRCCS_H_BEC_C_grid_E,Poland,1,2024,187.5511777108049,1573.1587524236843,1760.7099301344892,-0.3440325973369466,11.233270499248109,0.0288056812659274,2.5365568889578465,0.000376530675,3.1328346139356533,0.0107779778142402,1777.612592136631,-0.30407240758177895
methanol,SMRCCS,BEC,grid,SMRCCS_H_BEC_C_grid_E,India,1,2024,179.4408565124998,892.0171040864915,1071.4579605989911,-0.2527835742722137,41.30430620421374,0.1021639414262884,2.2627002371650744,0.0004334694599999,23.134804719573623,0.0795913103408614,1138.1597717599436,-0.07059485304506402
methanol,SMRCCS,BEC,grid,SMRCCS_H_BEC_C_grid_E,Indonesia,1,2024,163.22021411588963,1268.4727250541666,1431.6929391700562,-0.313616256315369,14.675222299770391,0.0372023190844393,2.0309053535795303,0.00039551027,34.945309666630486,0.1202233180849409,1483.3443764900367,-0.15579510887598874
methanol,SMRCCS,BEC,grid,SMRCCS_H_BEC_C_grid_E,South Korea,1,2024,190.5925481601693,1006.38383305982,1196.9763812199894,-0.5412482278316919,7.503288733588453,0.0197063946486234,2.3917530921301347,0.00025346943,40.2483810771631,0.1384676217439359,1247.119804122871,-0.3828207420091325
methanol,SMRCCS,BEC,grid,SMRCCS_H_BEC_C_grid_E,China,1,2024,185.5235974112286,858.0321102755053,1043.555707686734,-0.3979970733429715,78.31080589228577,0.1924412587218022,2.315337598509652,0.0003428572,38.75221989986314,0.1333203369483275,1162.9340710773924,-0.07189262047284181
methanol,SMRCCS,BEC,grid,SMRCCS_H_BEC_C_grid_E,United Arab Emirates,1,2024,193.63391860953368,222.24874140162083,415.8826600111545,-0.5716645688532696,10.915758228841952,0.0280311104142585,2.425112590302424,0.000234489835,22.41243881244368,0.0771061348751099,451.6359696427425,-0.4662928337289012
methanol,SMRCCS,BEC,grid,SMRCCS_H_BEC_C_grid_E,United States,1,2024,202.7580299576269,692.9673738554765,895.7254038131033,-0.570683396562251,88.49089459208655,0.2172755744607914,2.558864559819293,0.00023510208,12.170337163931713,0.0418699485000563,998.9455001289408,-0.3113027715214033
methanol,SMRCCS,BEC,grid,SMRCCS_H_BEC_C_grid_E,Turkey,1,2024,185.5235974112286,596.7458696758221,782.2694670870507,-0.4863025795346484,10.146640984986664,0.026154849702053,2.3502355635096523,0.00028775515,12.591115249067489,0.0433175630169984,807.3574588846144,-0.41654241166559697
methanol,SMRCCS,BEC,grid,SMRCCS_H_BEC_C_grid_E,Australia,1,2024,207.82698070656755,921.610063219532,1129.4370439260997,-0.4058464516711205,78.8034842059262,0.1936431469527896,2.673851488439774,0.00033795924,35.55048492422846,0.1223053193087221,1246.4648645446941,-0.08956002616960879
methanol,SMRCCS,BEC,grid,SMRCCS_H_BEC_C_grid_E,Malaysia,1,2024,177.4132762129235,546.814635102524,724.2279113154475,-0.3548254925381516,7.765323073628242,0.0203456271471706,2.238623836716881,0.0003697959799999,30.34359622361494,0.1043919156943736,764.5754544494075,-0.22971815371660748
methanol,SMRCCS,BEC,grid,SMRCCS_H_BEC_C_grid_E,Canada,1,2024,206.81319055677943,462.5240825275287,669.3372730843082,-0.7757484053851453,111.9192338137173,0.2744289834955782,2.5837520507156784,0.0001071428749999,11.02795216101818,0.0379397696894823,794.8682111097594,-0.4632725093250849
methanol,SMRCCS,BEC,grid,SMRCCS_H_BEC_C_grid_E,Mexico,1,2024,178.42706636271166,474.47337383548745,652.9004401981991,-0.4323381035286236,32.458224140908094,0.0805839334822081,2.301784494440977,0.000321428625,18.577812770264984,0.0639137645454839,706.2382616038133,-0.2875189768759316
methanol,SMRCCS,BEC,grid,SMRCCS_H_BEC_C_grid_E,Thailand,1,2024,180.45464666228796,579.998513946045,760.453160608333,-0.4038841070890832,11.669272719816664,0.0298693082271259,2.276269049889171,0.00033918373,33.68755828994832,0.115896241138903,808.0862606679872,-0.25777937399305423
methanol,SMRCCS,BEC,grid,SMRCCS_H_BEC_C_grid_E,Russia,1,2024,191.60633830995744,272.12493798663104,463.7312762965885,-0.5069071976460398,136.74448225210324,0.3349901511040483,2.3881790448542315,0.000274898005,4.515639100965043,0.0155352784442634,607.379576694511,-0.15610687009272808
methanol,SMRCCS,BEC,grid,SMRCCS_H_BEC_C_grid_E,Saudi Arabia,1,2024,193.63391860953368,180.03193760537195,373.6658562149056,-0.4058464516711205,28.6060741249968,0.0711866175461529,2.3993983003024244,0.00033795924,14.10326729475843,0.048519861640653,418.77459593496326,-0.28580201324431453
methanol,BG,BG,grid,BG_H_C_grid_E,South Africa,1,2024,177.1915221413973,358.87260984620553,536.0641319876029,-0.280287749972756,24.53851842343582,0.0612638196651808,2.3634903994060386,0.0004340817049999,25.830928168264716,0.0888668586207434,588.7970689787094,-0.12972298998183193
methanol,BG,BG,grid,BG_H_C_grid_E,Taiwan,1,2024,174.34887740116096,435.60949903479104,609.958376435952,-0.3361326472515358,6.525622092765043,0.0173213779005709,2.3754370312337483,0.0003893878199999,36.935820409625535,0.1270713274026291,655.7952559695764,-0.19135055412833585
methanol,BG,BG,grid,BG_H_C_grid_E,Switzerland,1,2024,209.40816253074223,670.063714025165,879.4718765559073,-0.7943668043746759,27.51533631048074,0.068525763788103,2.9013606570253185,2.2653065e-05,0.0,0.0,909.8885735234134,-0.7258183875215728
methanol,BG,BG,grid,BG_H_C_grid_E,Singapore,1,2024,175.2964256479064,613.8328380024415,789.1292636503479,-0.4409374544733559,0.97719928410902,0.0037860062602167,2.4600262639578463,0.000305510255,30.748135543443087,0.1057836635366315,823.3146247418579,-0.33106227442150776
methanol,BG,BG,grid,BG_H_C_grid_E,Hungary,1,2024,170.5586844141792,467.1396193967072,637.6983038108864,-0.682677009817116,51.585109448964424,0.1272439501923771,2.344427090337363,0.0001120408349999,0.0,0.0,691.6278403501882,-0.5553210187897389
methanol,BG,BG,grid,BG_H_C_grid_E,Philippines,1,2024,169.61113616743376,405.56141840763786,575.1725545750717,-0.353727614887316,10.107765430778445,0.0260600128282098,2.301470517613267,0.0003753061849999,35.52536845557584,0.1222189104249892,623.1071589790392,-0.2050733854491171
methanol,BG,BG,grid,BG_H_C_grid_E,Netherlands,1,2024,194.24739058281517,562.230445785111,756.4778363679261,-0.6291271083169161,5.11922627434319,0.0138904767720408,2.673239243439774,0.000154897985,0.0,0.0,764.270301885709,-0.6150817335598753
methanol,BG,BG,grid,BG_H_C_grid_E,Norway,1,2024,215.09345201121488,494.80688983709064,709.9003418483055,-0.7989567959318358,21.57408582181769,0.0540320894331074,2.878079638369897,1.8979595e-05,2.16119139281739,0.0074352066912496,736.5136987013104,-0.7374705202124787
methanol,BG,BG,grid,BG_H_C_grid_E,Oman,1,2024,180.98171512837908,444.8999062065381,625.8816213349172,-0.4057475192017959,18.344062311311852,0.046152450456501,2.4808268853024247,0.000333673525,21.91145943478494,0.0753826016270478,668.6179699663164,-0.2838787935932471
methanol,BG,BG,grid,BG_H_C_grid_E,Italy,1,2024,181.9292633751245,734.5011765395652,916.4304399146896,-0.602352157566816,12.703599215411328,0.0323925466316501,2.651130418026521,0.00017632656,8.251398093798704,0.0283875137218633,940.0365676419261,-0.5413957706533026
methanol,BG,BG,grid,BG_H_C_grid_E,Austria,1,2024,197.09003532305152,614.3987606947162,811.4887960177678,-0.743876897245916,36.74036974543607,0.0910302232070957,2.747006911612064,6.3061235e-05,0.0,0.0,850.9761726748159,-0.6527836128038204
methanol,BG,BG,grid,BG_H_C_grid_E,Finland,1,2024,204.67042129701508,490.7030800950436,695.3735013920586,-0.7675918536245758,18.67936439460148,0.0469704195380984,2.7447410684048363,4.408164e-05,4.208689584965953,0.0144792715108576,721.0062964400311,-0.7060980809356198
methanol,BG,BG,grid,BG_H_C_grid_E,Portugal,1,2024,172.45378090767008,447.36970202622,619.8234829338901,-0.7369919099101758,9.118529180062064,0.0236467720289204,2.338503485785557,6.857144e-05,4.159614045582699,0.0143104355715642,635.4401296453203,-0.6989661308696912
methanol,BG,BG,grid,BG_H_C_grid_E,Germany,1,2024,195.1949388295606,613.9482875499975,809.1432263795582,-0.559512236366656,19.102040951147117,0.0480015385558461,2.718032551163871,0.00021061228,0.0,0.0,830.9632998818693,-0.51130008553081
methanol,BG,BG,grid,BG_H_C_grid_E,Greece,1,2024,174.34887740116096,507.3933352988318,681.7422126999927,-0.577872202595296,8.034570812196023,0.0210024567238846,2.4189064262337494,0.0001959184,10.39807833449119,0.0357727972939781,702.5937682729137,-0.5209010301774334
methanol,BG,BG,grid,BG_H_C_grid_E,France,1,2024,191.40474584257888,533.4845732501747,724.8893190927536,-0.789011814224656,26.098777975579193,0.0650700712112465,2.609879740267486,2.693878e-05,0.0,0.0,753.5979768086003,-0.7239148042334095
methanol,BG,BG,grid,BG_H_C_grid_E,Brazil,1,2024,174.34887740116096,428.5494885760549,602.8983659772159,-0.743876897245916,68.96650800287952,0.1696458537908778,2.3503349862337486,6.3061235e-05,20.052705430499195,0.06898787867193,694.2679143968284,-0.5051801035481082
methanol,BG,BG,grid,BG_H_C_grid_E,United Kingdom,1,2024,201.8277765567787,698.6713418645182,900.499118421297,-0.661257049217036,12.915972819599244,0.0329106318170113,2.899953030232547,0.000129183695,1.9570747960060495,0.0067329787018866,918.2721190671348,-0.6214842550031381
methanol,BG,BG,grid,BG_H_C_grid_E,Spain,1,2024,176.24397389465182,454.97726059317233,631.2212344878242,-0.7109819577529359,21.385807864799265,0.0535727855538221,2.3805338366819417,8.938776999999999e-05,5.131878895923174,0.0176553453028094,660.1194550852285,-0.6396644391263044
methanol,BG,BG,grid,BG_H_C_grid_E,Sweden,1,2024,208.4606142839968,474.51353253001395,682.9741468140107,-0.795131802967536,22.56440133074008,0.0564479630816619,2.759498200469972,2.204082e-05,1.7888394327279502,0.0061541939154455,710.0868857779487,-0.7325076051504287
methanol,BG,BG,grid,BG_H_C_grid_E,Czech Republic,1,2024,172.45378090767008,503.8023614876254,676.2561423952955,-0.5059623348664559,35.008356528367685,0.086804978775029,2.3880953307855566,0.00025346943,0.0,0.0,713.6525942544487,-0.4189038866614269
methanol,BG,BG,grid,BG_H_C_grid_E,Japan,1,2024,204.67042129701508,515.4466235482495,720.1170448452646,-0.453942430551976,9.224572746193816,0.023905465197621,2.793108423404836,0.0002951020899999,41.67257406787354,0.1433673123911195,773.8073000827369,-0.2863745508732356
methanol,BG,BG,grid,BG_H_C_grid_E,Belgium,1,2024,194.24739058281517,588.5642836007405,782.8116741835556,-0.7171019464958159,6.891290009706824,0.0182134244016125,2.690994348439774,8.448981e-05,0.0,0.0,792.3939585417022,-0.6988040322842034
methanol,BG,BG,grid,BG_H_C_grid_E,Poland,1,2024,175.2964256479064,641.4010205483897,816.6974461962961,-0.3521976177015959,11.233270499248109,0.0288056812659274,2.5365568889578465,0.000376530675,3.1328346139356533,0.0107779778142402,833.6001081984377,-0.3122374279464283
methanol,BG,BG,grid,BG_H_C_grid_E,India,1,2024,167.71603967394287,395.5537833503227,563.2698230242656,-0.2810527485656159,41.30430620421374,0.1021639414262884,2.2627002371650744,0.0004334694599999,23.134804719573623,0.0795913103408614,629.971634185218,-0.09886402733846622
methanol,BG,BG,grid,BG_H_C_grid_E,Indonesia,1,2024,152.5552677260158,364.1545853690301,516.7098530950459,-0.3284826613229359,14.675222299770391,0.0372023190844393,2.0309053535795303,0.00039551027,34.945309666630486,0.1202233180849409,568.3612904150264,-0.17066151388355572
methanol,BG,BG,grid,BG_H_C_grid_E,South Korea,1,2024,178.1390703881427,430.5286360335668,608.6677064217095,-0.5059623348664559,7.503288733588453,0.0197063946486234,2.3917530921301347,0.00025346943,40.2483810771631,0.1384676217439359,658.8111293245911,-0.34753484904389664
methanol,BG,BG,grid,BG_H_C_grid_E,China,1,2024,173.40132915441552,373.8807037010582,547.2820328554737,-0.3942725403088959,78.31080589228577,0.1924412587218022,2.315337598509652,0.0003428572,38.75221989986314,0.1333203369483275,666.6603962461323,-0.0681680874387662
methanol,BG,BG,grid,BG_H_C_grid_E,United Arab Emirates,1,2024,180.98171512837908,374.77541852297816,555.7571336513572,-0.529677291245116,10.915758228841952,0.0280311104142585,2.425112590302424,0.000234489835,22.41243881244368,0.0771061348751099,591.5104432829453,-0.4243055561207476
methanol,BG,BG,grid,BG_H_C_grid_E,United States,1,2024,189.509649349088,474.7107737739675,664.2204231230555,-0.528912292652256,88.49089459208655,0.2172755744607914,2.558864559819293,0.00023510208,12.170337163931713,0.0418699485000563,767.440519438893,-0.26953166761140834
methanol,BG,BG,grid,BG_H_C_grid_E,Turkey,1,2024,173.40132915441552,410.9304634019172,584.3317925563326,-0.463122413666296,10.146640984986664,0.026154849702053,2.3502355635096523,0.00028775515,12.591115249067489,0.0433175630169984,609.4197843538964,-0.39336224579724455
methanol,BG,BG,grid,BG_H_C_grid_E,Australia,1,2024,194.24739058281517,545.3168590842546,739.5642496670698,-0.4003925290517759,78.8034842059262,0.1936431469527896,2.673851488439774,0.00033795924,35.55048492422846,0.1223053193087221,856.5920702856644,-0.08410610355026421
methanol,BG,BG,grid,BG_H_C_grid_E,Malaysia,1,2024,165.820943180452,388.2867735114303,554.1077166918823,-0.3606126022230558,7.765323073628242,0.0203456271471706,2.238623836716881,0.0003697959799999,30.34359622361494,0.1043919156943736,594.4552598258423,-0.23550526340151168
methanol,BG,BG,grid,BG_H_C_grid_E,Canada,1,2024,193.29984233606976,422.08420976045625,615.384052096526,-0.688796998559996,111.9192338137173,0.2744289834955782,2.5837520507156784,0.0001071428749999,11.02795216101818,0.0379397696894823,740.9149901219772,-0.37632110249993556
methanol,BG,BG,grid,BG_H_C_grid_E,Mexico,1,2024,166.76849142719743,448.27925672552766,615.047748152725,-0.4210474910589959,32.458224140908094,0.0805839334822081,2.301784494440977,0.000321428625,18.577812770264984,0.0639137645454839,668.3855695583391,-0.2762283644063039
methanol,BG,BG,grid,BG_H_C_grid_E,Thailand,1,2024,168.66358792068831,387.60224240161415,556.2658303223025,-0.3988625318660561,11.669272719816664,0.0298693082271259,2.276269049889171,0.00033918373,33.68755828994832,0.115896241138903,603.8989303819567,-0.25275779877002713
methanol,BG,BG,grid,BG_H_C_grid_E,Russia,1,2024,179.08661863488817,353.5485192897055,532.6351379245937,-0.4791873841163559,136.74448225210324,0.3349901511040483,2.3881790448542315,0.000274898005,4.515639100965043,0.0155352784442634,676.2834383225162,-0.12838705656304425
methanol,BG,BG,grid,BG_H_C_grid_E,Saudi Arabia,1,2024,180.98171512837908,341.1238632852746,522.1055784136537,-0.4003925290517759,28.6060741249968,0.0711866175461529,2.3993983003024244,0.00033795924,14.10326729475843,0.048519861640653,567.2143181337113,-0.28034809062497
methanol,ATRCCS,DAC,grid,ATRCCS_H_DAC_C_grid_E,South Africa,1,2024,171.99539045238782,586.9862381991484,758.9816286515362,0.4126105990855384,24.53851842343582,0.0612638196651808,2.3634903994060386,0.0004340817049999,25.830928168264716,0.0888668586207434,811.7145656426427,0.5631753590764625
methanol,ATRCCS,DAC,grid,ATRCCS_H_DAC_C_grid_E,Taiwan,1,2024,169.2361061135794,941.5016139498904,1110.73772006347,0.2643065677969607,6.525622092765043,0.0173213779005709,2.3754370312337483,0.0003893878199999,36.935820409625535,0.1270713274026291,1156.5745995970942,0.40908866092016066
methanol,ATRCCS,DAC,grid,ATRCCS_H_DAC_C_grid_E,Switzerland,1,2024,203.26727962554924,2474.502735051208,2677.770014676757,-0.9525991135983558,27.51533631048074,0.068525763788103,2.9013606570253185,2.2653065e-05,0.0,0.0,2708.186711644263,-0.8840506967452527
methanol,ATRCCS,DAC,grid,ATRCCS_H_DAC_C_grid_E,Singapore,1,2024,170.1558675598489,2589.591637113855,2759.747504673704,-0.0140174361281787,0.97719928410902,0.0037860062602167,2.4600262639578463,0.000305510255,30.748135543443087,0.1057836635366315,2793.932865765214,0.0958577439236695
methanol,ATRCCS,DAC,grid,ATRCCS_H_DAC_C_grid_E,Hungary,1,2024,165.55706032850165,1250.579012781768,1416.1360731102695,-0.6559910510212004,51.585109448964424,0.1272439501923771,2.344427090337363,0.0001120408349999,0.0,0.0,1470.0656096495713,-0.5286350599938233
methanol,ATRCCS,DAC,grid,ATRCCS_H_DAC_C_grid_E,Philippines,1,2024,164.63729888223216,896.4723494255888,1061.109648307821,0.2175806401306964,10.107765430778445,0.0260600128282098,2.301470517613267,0.0003753061849999,35.52536845557584,0.1222189104249892,1109.0442527117887,0.3662348695688953
methanol,ATRCCS,DAC,grid,ATRCCS_H_DAC_C_grid_E,Netherlands,1,2024,188.55109648523796,1829.021795699636,2017.572892184874,-0.5137817059499613,5.11922627434319,0.0138904767720408,2.673239243439774,0.000154897985,0.0,0.0,2025.365357702657,-0.4997363311929205
methanol,ATRCCS,DAC,grid,ATRCCS_H_DAC_C_grid_E,Norway,1,2024,208.78584830316595,1397.3783463533314,1606.164194656497,-0.9647884860330336,21.57408582181769,0.0540320894331074,2.878079638369897,1.8979595e-05,2.16119139281739,0.0074352066912496,1632.7775515095022,-0.9033022103136765
methanol,ATRCCS,DAC,grid,ATRCCS_H_DAC_C_grid_E,Oman,1,2024,175.67443623746564,631.9083865837192,807.5828228211849,0.0794344192043501,18.344062311311852,0.046152450456501,2.4808268853024247,0.000333673525,21.91145943478494,0.0753826016270478,850.3191714525841,0.20130314481289888
methanol,ATRCCS,DAC,grid,ATRCCS_H_DAC_C_grid_E,Italy,1,2024,176.59419768373508,2229.057507624897,2405.651705308632,-0.4426770334143419,12.703599215411328,0.0323925466316501,2.651130418026521,0.00017632656,8.251398093798704,0.0283875137218633,2429.2578330358688,-0.3817206465008285
methanol,ATRCCS,DAC,grid,ATRCCS_H_DAC_C_grid_E,Austria,1,2024,191.31038082404632,1832.2083532244296,2023.518734048476,-0.818516016816902,36.74036974543607,0.0910302232070957,2.747006911612064,6.3061235e-05,0.0,0.0,2063.0061107055244,-0.7274227323748063
methanol,ATRCCS,DAC,grid,ATRCCS_H_DAC_C_grid_E,Finland,1,2024,198.668472394202,1714.068481744482,1912.736954138684,-0.8814944410627364,18.67936439460148,0.0469704195380984,2.7447410684048363,4.408164e-05,4.208689584965953,0.0144792715108576,1938.3697491866562,-0.8200006683737804
methanol,ATRCCS,DAC,grid,ATRCCS_H_DAC_C_grid_E,Portugal,1,2024,167.39658322104057,1548.2193302857704,1715.615913506811,-0.8002319581648856,9.118529180062064,0.0236467720289204,2.338503485785557,6.857144e-05,4.159614045582699,0.0143104355715642,1731.2325602182414,-0.7622061791244009
methanol,ATRCCS,DAC,grid,ATRCCS_H_DAC_C_grid_E,Germany,1,2024,189.47085793150745,1747.59380135213,1937.0646592836376,-0.3289095573573507,19.102040951147117,0.0480015385558461,2.718032551163871,0.00021061228,0.0,0.0,1958.8847327859485,-0.2806974065215046
methanol,ATRCCS,DAC,grid,ATRCCS_H_DAC_C_grid_E,Greece,1,2024,169.23610611357947,1184.8274475779874,1354.063553691567,-0.3776670470960611,8.034570812196023,0.0210024567238846,2.4189064262337494,0.0001959184,10.39807833449119,0.0357727972939781,1374.915109264488,-0.3206958746781984
methanol,ATRCCS,DAC,grid,ATRCCS_H_DAC_C_grid_E,France,1,2024,185.79181214642963,1751.950177893894,1937.7419900403236,-0.938378179091232,26.098777975579193,0.0650700712112465,2.609879740267486,2.693878e-05,0.0,0.0,1966.4506477561702,-0.8732811690999854
methanol,ATRCCS,DAC,grid,ATRCCS_H_DAC_C_grid_E,Brazil,1,2024,169.2361061135794,1622.046308128448,1791.2824142420272,-0.818516016816902,68.96650800287952,0.1696458537908778,2.3503349862337486,6.3061235e-05,20.052705430499195,0.06898787867193,1882.6519626616396,-0.5798192231190942
methanol,ATRCCS,DAC,grid,ATRCCS_H_DAC_C_grid_E,United Kingdom,1,2024,195.9091880553936,1724.0879898843027,1919.9971779396965,-0.5991073129927047,12.915972819599244,0.0329106318170113,2.899953030232547,0.000129183695,1.9570747960060495,0.0067329787018866,1937.7701785855345,-0.5593345187788068
methanol,ATRCCS,DAC,grid,ATRCCS_H_DAC_C_grid_E,Spain,1,2024,171.07562900611833,1365.3145347450952,1536.3901637512135,-0.7311588477017124,21.385807864799265,0.0535727855538221,2.3805338366819417,8.938776999999999e-05,5.131878895923174,0.0176553453028094,1565.288384348618,-0.6598413290750809
methanol,ATRCCS,DAC,grid,ATRCCS_H_DAC_C_grid_E,Sweden,1,2024,202.3475181792798,2228.068835113307,2430.416353292587,-0.9546306756708022,22.56440133074008,0.0564479630816619,2.759498200469972,2.204082e-05,1.7888394327279502,0.0061541939154455,2457.5290922565246,-0.8920064778536948
methanol,ATRCCS,DAC,grid,ATRCCS_H_DAC_C_grid_E,Czech Republic,1,2024,167.39658322104057,1468.0804284091346,1635.4770116301752,-0.1867002122861116,35.008356528367685,0.086804978775029,2.3880953307855566,0.00025346943,0.0,0.0,1672.8734634893283,-0.0996417640810826
methanol,ATRCCS,DAC,grid,ATRCCS_H_DAC_C_grid_E,Japan,1,2024,198.668472394202,1500.2019458064008,1698.870418200603,-0.0485539913597652,9.224572746193816,0.023905465197621,2.793108423404836,0.0002951020899999,41.67257406787354,0.1433673123911195,1752.5606734380751,0.11901388831897519
methanol,ATRCCS,DAC,grid,ATRCCS_H_DAC_C_grid_E,Belgium,1,2024,188.55109648523796,1354.2081050332094,1542.7592015184473,-0.7474113442812825,6.891290009706824,0.0182134244016125,2.690994348439774,8.448981e-05,0.0,0.0,1552.3414858765939,-0.7291134300696701
methanol,ATRCCS,DAC,grid,ATRCCS_H_DAC_C_grid_E,Poland,1,2024,170.1558675598489,1776.7841852288916,1946.9400527887408,0.2216437642755889,11.233270499248109,0.0288056812659274,2.5365568889578465,0.000376530675,3.1328346139356533,0.0107779778142402,1963.8427147908826,0.26160395403075654
methanol,ATRCCS,DAC,grid,ATRCCS_H_DAC_C_grid_E,India,1,2024,162.7977759896933,1107.4275526135689,1270.225328603262,0.410579037013092,41.30430620421374,0.1021639414262884,2.2627002371650744,0.0004334694599999,23.134804719573623,0.0795913103408614,1336.9271397642144,0.5927677582402417
methanol,ATRCCS,DAC,grid,ATRCCS_H_DAC_C_grid_E,Indonesia,1,2024,148.08159284938202,1411.2865195438746,1559.3681123932568,0.2846221885214233,14.675222299770391,0.0372023190844393,2.0309053535795303,0.00039551027,34.945309666630486,0.1202233180849409,1611.0195497132372,0.4424433359608035
methanol,ATRCCS,DAC,grid,ATRCCS_H_DAC_C_grid_E,South Korea,1,2024,172.91515189865726,1204.03497748489,1376.9501293835472,-0.1867002122861116,7.503288733588453,0.0197063946486234,2.3917530921301347,0.00025346943,40.2483810771631,0.1384676217439359,1427.0935522864288,-0.028272726463552333
methanol,ATRCCS,DAC,grid,ATRCCS_H_DAC_C_grid_E,China,1,2024,168.31634466731,1067.170146999376,1235.486491666686,0.1099078502910441,78.31080589228577,0.1924412587218022,2.315337598509652,0.0003428572,38.75221989986314,0.1333203369483275,1354.8648550573446,0.4360123031611738
methanol,ATRCCS,DAC,grid,ATRCCS_H_DAC_C_grid_E,United Arab Emirates,1,2024,175.67443623746564,526.4096344141436,702.0840706516093,-0.2496786365319459,10.915758228841952,0.0280311104142585,2.425112590302424,0.000234489835,22.41243881244368,0.0771061348751099,737.8373802831974,-0.14430690140757751
methanol,ATRCCS,DAC,grid,ATRCCS_H_DAC_C_grid_E,United States,1,2024,183.9522892538907,943.5384238632574,1127.490713117148,-0.2476470744594998,88.49089459208655,0.2172755744607914,2.558864559819293,0.00023510208,12.170337163931713,0.0418699485000563,1230.7108094329856,0.01173355058134791
methanol,ATRCCS,DAC,grid,ATRCCS_H_DAC_C_grid_E,Turkey,1,2024,168.31634466731,861.5001090686259,1029.816453735936,-0.0729327362291203,10.146640984986664,0.026154849702053,2.3502355635096523,0.00028775515,12.591115249067489,0.0433175630169984,1054.9044455334997,-0.003172568360068906
methanol,ATRCCS,DAC,grid,ATRCCS_H_DAC_C_grid_E,Australia,1,2024,188.55109648523796,1164.3386113930535,1352.8897078782916,0.093655353711474,78.8034842059262,0.1936431469527896,2.673851488439774,0.00033795924,35.55048492422846,0.1223053193087221,1469.917528496886,0.4099417792129857
methanol,ATRCCS,DAC,grid,ATRCCS_H_DAC_C_grid_E,Malaysia,1,2024,160.9582530971544,812.6075017015868,973.5657547987412,0.1992965814786799,7.765323073628242,0.0203456271471706,2.238623836716881,0.0003697959799999,30.34359622361494,0.1043919156943736,1013.9132979327012,0.32440392030022397
methanol,ATRCCS,DAC,grid,ATRCCS_H_DAC_C_grid_E,Canada,1,2024,187.63133503896853,732.5071187626945,920.138453801663,-0.6722435476007704,111.9192338137173,0.2744289834955782,2.5837520507156784,0.0001071428749999,11.02795216101818,0.0379397696894823,1045.6693918271142,-0.35976765154071
methanol,ATRCCS,DAC,grid,ATRCCS_H_DAC_C_grid_E,Mexico,1,2024,161.87801454342383,775.92382546606,937.8018400094838,0.0388031777554244,32.458224140908094,0.0805839334822081,2.301784494440977,0.000321428625,18.577812770264984,0.0639137645454839,991.1396614150979,0.1836223044081164
methanol,ATRCCS,DAC,grid,ATRCCS_H_DAC_C_grid_E,Thailand,1,2024,163.71753743596273,840.4292920545223,1004.1468294904852,0.0977184778563665,11.669272719816664,0.0298693082271259,2.276269049889171,0.00033918373,33.68755828994832,0.115896241138903,1051.7799295501393,0.2438232109523954
methanol,ATRCCS,DAC,grid,ATRCCS_H_DAC_C_grid_E,Russia,1,2024,173.83491334492675,564.9259107382604,738.7608240831871,-0.1155955397504922,136.74448225210324,0.3349901511040483,2.3881790448542315,0.000274898005,4.515639100965043,0.0155352784442634,882.4091244811096,0.23520478780281948
methanol,ATRCCS,DAC,grid,ATRCCS_H_DAC_C_grid_E,Saudi Arabia,1,2024,175.67443623746564,476.9387819521557,652.6132181896213,0.093655353711474,28.6060741249968,0.0711866175461529,2.3993983003024244,0.00033795924,14.10326729475843,0.048519861640653,697.721957909679,0.2136997921382799
methanol,BG,DAC,grid,BG_H_DAC_C_grid_E,South Africa,1,2024,177.1915221413973,691.2900336462056,868.4815557876029,0.1135689493795371,24.53851842343582,0.0612638196651808,2.3634903994060386,0.0004340817049999,25.830928168264716,0.0888668586207434,921.2144927787094,0.2641337093704612
methanol,BG,DAC,grid,BG_H_DAC_C_grid_E,Taiwan,1,2024,174.34887740116096,768.026922834791,942.375800235952,-0.0063461745006281,6.525622092765043,0.0173213779005709,2.3754370312337483,0.0003893878199999,36.935820409625535,0.1270713274026291,988.2126797695764,0.13843591862257182
methanol,BG,DAC,grid,BG_H_DAC_C_grid_E,Switzerland,1,2024,209.40816253074223,1002.481137825165,1211.8893003559072,-0.9903072594899294,27.51533631048074,0.068525763788103,2.9013606570253185,2.2653065e-05,0.0,0.0,1242.3059973234133,-0.9217588426368263
methanol,BG,DAC,grid,BG_H_DAC_C_grid_E,Singapore,1,2024,175.2964256479064,946.2502618024416,1121.546687450348,-0.2313923658921712,0.97719928410902,0.0037860062602167,2.4600262639578463,0.000305510255,30.748135543443087,0.1057836635366315,1155.732048541858,-0.12151718584032299
methanol,BG,DAC,grid,BG_H_DAC_C_grid_E,Hungary,1,2024,170.5586844141792,799.5570431967071,970.1157276108864,-0.7504770117295989,51.585109448964424,0.1272439501923771,2.344427090337363,0.0001120408349999,0.0,0.0,1024.0452641501881,-0.6231210207022219
methanol,BG,DAC,grid,BG_H_DAC_C_grid_E,Philippines,1,2024,169.61113616743376,737.9788422076377,907.5899783750716,-0.0441276518875295,10.107765430778445,0.0260600128282098,2.301470517613267,0.0003753061849999,35.52536845557584,0.1222189104249892,955.5245827790392,0.1045265775506694
methanol,BG,DAC,grid,BG_H_DAC_C_grid_E,Netherlands,1,2024,194.24739058281517,894.6478695851109,1088.8952601679262,-0.6354899066390295,5.11922627434319,0.0138904767720408,2.673239243439774,0.000154897985,0.0,0.0,1096.6877256857092,-0.6214445318819887
methanol,BG,DAC,grid,BG_H_DAC_C_grid_E,Norway,1,2024,215.09345201121488,827.2243136370906,1042.3177656483056,-1.0001632970691212,21.57408582181769,0.0540320894331074,2.878079638369897,1.8979595e-05,2.16119139281739,0.0074352066912496,1068.9311225013107,-0.9386770213497642
methanol,BG,DAC,grid,BG_H_DAC_C_grid_E,Oman,1,2024,180.98171512837908,777.317330006538,958.299045134917,-0.1558294111183682,18.344062311311852,0.046152450456501,2.4808268853024247,0.000333673525,21.91145943478494,0.0753826016270478,1001.0353937663162,-0.03396068550981941
methanol,BG,DAC,grid,BG_H_DAC_C_grid_E,Italy,1,2024,181.9292633751245,1066.9186003395653,1248.8478637146898,-0.577996354093745,12.703599215411328,0.0323925466316501,2.651130418026521,0.00017632656,8.251398093798704,0.0283875137218633,1272.4539914419263,-0.5170399671802315
methanol,BG,DAC,grid,BG_H_DAC_C_grid_E,Austria,1,2024,197.09003532305152,946.8161844947164,1143.9062198177678,-0.8818908461188211,36.74036974543607,0.0910302232070957,2.747006911612064,6.3061235e-05,0.0,0.0,1183.393596474816,-0.7907975616767254
methanol,BG,DAC,grid,BG_H_DAC_C_grid_E,Finland,1,2024,204.67042129701508,823.1205038950435,1027.7909251920587,-0.9328137069446448,18.67936439460148,0.0469704195380984,2.7447410684048363,4.408164e-05,4.208689584965953,0.0144792715108576,1053.423720240031,-0.8713199342556888
methanol,BG,DAC,grid,BG_H_DAC_C_grid_E,Portugal,1,2024,172.45378090767008,779.78712582622,952.24090673389,-0.8671067897500336,9.118529180062064,0.0236467720289204,2.338503485785557,6.857144e-05,4.159614045582699,0.0143104355715642,967.8575534453203,-0.829081010709549
methanol,BG,DAC,grid,BG_H_DAC_C_grid_E,Germany,1,2024,195.1949388295606,946.3657113499976,1141.560650179558,-0.4860066700212894,19.102040951147117,0.0480015385558461,2.718032551163871,0.00021061228,0.0,0.0,1163.3807236818689,-0.43779451918544326
methanol,BG,DAC,grid,BG_H_DAC_C_grid_E,Greece,1,2024,174.34887740116096,839.8107590988318,1014.1596364999928,-0.5254308203380559,8.034570812196023,0.0210024567238846,2.4189064262337494,0.0001959184,10.39807833449119,0.0357727972939781,1035.0111920729137,-0.46845964792019323
methanol,BG,DAC,grid,BG_H_DAC_C_grid_E,France,1,2024,191.40474584257888,865.9019970501746,1057.3067428927534,-0.9788085489808726,26.098777975579193,0.0650700712112465,2.609879740267486,2.693878e-05,0.0,0.0,1086.0154006086,-0.913711538989626
methanol,BG,DAC,grid,BG_H_DAC_C_grid_E,Brazil,1,2024,174.34887740116096,760.966912376055,935.315789777216,-0.8818908461188211,68.96650800287952,0.1696458537908778,2.3503349862337486,6.3061235e-05,20.052705430499195,0.06898787867193,1026.6853381968285,-0.6431940524210132
methanol,BG,DAC,grid,BG_H_DAC_C_grid_E,United Kingdom,1,2024,201.8277765567787,1031.0887656645182,1232.9165422212968,-0.7044821696933712,12.915972819599244,0.0329106318170113,2.899953030232547,0.000129183695,1.9570747960060495,0.0067329787018866,1250.6895428671348,-0.6647093754794733
methanol,BG,DAC,grid,BG_H_DAC_C_grid_E,Spain,1,2024,176.24397389465182,787.3946843931723,963.638658287824,-0.8112559101346142,21.385807864799265,0.0535727855538221,2.3805338366819417,8.938776999999999e-05,5.131878895923174,0.0176553453028094,992.5368788852284,-0.7399383915079827
methanol,BG,DAC,grid,BG_H_DAC_C_grid_E,Sweden,1,2024,208.4606142839968,806.9309563300139,1015.3915706140108,-0.9919499324197948,22.56440133074008,0.0564479630816619,2.759498200469972,2.204082e-05,1.7888394327279502,0.0061541939154455,1042.5043095779488,-0.9293257346026874
methanol,BG,DAC,grid,BG_H_DAC_C_grid_E,Czech Republic,1,2024,172.45378090767008,836.2197852876253,1008.6735661952954,-0.3710195649307199,35.008356528367685,0.086804978775029,2.3880953307855566,0.00025346943,0.0,0.0,1046.0700180544486,-0.2839611167256909
methanol,BG,DAC,grid,BG_H_DAC_C_grid_E,Japan,1,2024,204.67042129701508,847.8640473482493,1052.5344686452645,-0.2593178056998809,9.224572746193816,0.023905465197621,2.793108423404836,0.0002951020899999,41.67257406787354,0.1433673123911195,1106.2247238827367,-0.09174992602114052
methanol,BG,DAC,grid,BG_H_DAC_C_grid_E,Belgium,1,2024,194.24739058281517,920.9817074007404,1115.2290979835557,-0.8243972935735364,6.891290009706824,0.0182134244016125,2.690994348439774,8.448981e-05,0.0,0.0,1124.8113823417023,-0.8060993793619239
methanol,BG,DAC,grid,BG_H_DAC_C_grid_E,Poland,1,2024,175.2964256479064,973.81844434839,1149.1148699962964,-0.040842306027799,11.233270499248109,0.0288056812659274,2.5365568889578465,0.000376530675,3.1328346139356533,0.0107779778142402,1166.0175319984382,-0.0008821162726313989
methanol,BG,DAC,grid,BG_H_DAC_C_grid_E,India,1,2024,167.71603967394287,727.9712071503227,895.6872468242656,0.1119262764496716,41.30430620421374,0.1021639414262884,2.2627002371650744,0.0004334694599999,23.134804719573623,0.0795913103408614,962.389057985218,0.29411499767682125
methanol,BG,DAC,grid,BG_H_DAC_C_grid_E,Indonesia,1,2024,152.5552677260158,696.5720091690299,849.1272768950457,0.0100805547980245,14.675222299770391,0.0372023190844393,2.0309053535795303,0.00039551027,34.945309666630486,0.1202233180849409,900.7787142150262,0.1679017022374047
methanol,BG,DAC,grid,BG_H_DAC_C_grid_E,South Korea,1,2024,178.1390703881427,762.9460598335668,941.0851302217096,-0.3710195649307199,7.503288733588453,0.0197063946486234,2.3917530921301347,0.00025346943,40.2483810771631,0.1384676217439359,991.2285531245913,-0.21259207910816064
methanol,BG,DAC,grid,BG_H_DAC_C_grid_E,China,1,2024,173.40132915441552,706.2981275010583,879.6994566554738,-0.1311893171703891,78.31080589228577,0.1924412587218022,2.315337598509652,0.0003428572,38.75221989986314,0.1333203369483275,999.0778200461324,0.19491513569974062
methanol,BG,DAC,grid,BG_H_DAC_C_grid_E,United Arab Emirates,1,2024,180.98171512837908,707.1928423229782,888.1745574513573,-0.4219424257565435,10.915758228841952,0.0280311104142585,2.425112590302424,0.000234489835,22.41243881244368,0.0771061348751099,923.9278670829453,-0.31657069063217513
methanol,BG,DAC,grid,BG_H_DAC_C_grid_E,United States,1,2024,189.509649349088,807.1281975739676,996.6378469230556,-0.4202997528266781,88.49089459208655,0.2172755744607914,2.558864559819293,0.00023510208,12.170337163931713,0.0418699485000563,1099.857943238893,-0.1609191277858304
methanol,BG,DAC,grid,BG_H_DAC_C_grid_E,Turkey,1,2024,173.40132915441552,743.3478872019172,916.7492163563328,-0.2790298808582643,10.146640984986664,0.026154849702053,2.3502355635096523,0.00028775515,12.591115249067489,0.0433175630169984,941.8372081538965,-0.20926971298921287
methanol,BG,DAC,grid,BG_H_DAC_C_grid_E,Australia,1,2024,194.24739058281517,877.7342828842546,1071.98167346707,-0.1443307006093114,78.8034842059262,0.1936431469527896,2.673851488439774,0.00033795924,35.55048492422846,0.1223053193087221,1189.0094940856645,0.1719557248922003
methanol,BG,DAC,grid,BG_H_DAC_C_grid_E,Malaysia,1,2024,165.820943180452,720.7041973114303,886.5251404918823,-0.058911708256317,7.765323073628242,0.0203456271471706,2.238623836716881,0.0003697959799999,30.34359622361494,0.1043919156943736,926.8726836258423,0.06619563056522709
methanol,BG,DAC,grid,BG_H_DAC_C_grid_E,Canada,1,2024,193.29984233606976,754.5016335604563,947.801475896526,-0.7636183951685211,111.9192338137173,0.2744289834955782,2.5837520507156784,0.0001071428749999,11.02795216101818,0.0379397696894823,1073.3324139219771,-0.4511424991084607
methanol,BG,DAC,grid,BG_H_DAC_C_grid_E,Mexico,1,2024,166.76849142719743,780.6966805255277,947.4651719527252,-0.188682869715674,32.458224140908094,0.0805839334822081,2.301784494440977,0.000321428625,18.577812770264984,0.0639137645454839,1000.8029933583393,-0.04386374306298199
methanol,BG,DAC,grid,BG_H_DAC_C_grid_E,Thailand,1,2024,168.66358792068831,720.0196662016142,888.6832541223025,-0.1410453547495808,11.669272719816664,0.0298693082271259,2.276269049889171,0.00033918373,33.68755828994832,0.115896241138903,936.3163541819567,0.005059378346448096
methanol,BG,DAC,grid,BG_H_DAC_C_grid_E,Russia,1,2024,179.08661863488817,685.9659430897054,865.0525617245936,-0.3135260123854351,136.74448225210324,0.3349901511040483,2.3881790448542315,0.000274898005,4.515639100965043,0.0155352784442634,1008.7008621225161,0.03727431516787659
methanol,BG,DAC,grid,BG_H_DAC_C_grid_E,Saudi Arabia,1,2024,180.98171512837908,673.5412870852746,854.5230022136536,-0.1443307006093114,28.6060741249968,0.0711866175461529,2.3993983003024244,0.00033795924,14.10326729475843,0.048519861640653,899.6317419337113,-0.024286262182505514
methanol,LTE,DAC,grid,LTE_H_DAC_C_grid_E,South Africa,1,2024,204.03355600716057,1347.364046699742,1551.3976027069025,7.133558335728093,24.53851842343582,0.0612638196651808,2.3634903994060386,0.0004340817049999,25.830928168264716,0.0888668586207434,1604.1305396980092,7.284123095719017
methanol,LTE,DAC,grid,LTE_H_DAC_C_grid_E,Taiwan,1,2024,200.7602904027676,2229.567308155105,2430.3275985578725,6.266600491206475,6.525622092765043,0.0173213779005709,2.3754370312337483,0.0003893878199999,36.935820409625535,0.1270713274026291,2476.1644780914967,6.411382584329676
methanol,LTE,DAC,grid,LTE_H_DAC_C_grid_E,Switzerland,1,2024,241.13056619028063,3557.357301125515,3798.487867315795,-0.8472042878133865,27.51533631048074,0.068525763788103,2.9013606570253185,2.2653065e-05,0.0,0.0,3828.904564283301,-0.7786558709602834
methanol,LTE,DAC,grid,LTE_H_DAC_C_grid_E,Singapore,1,2024,201.85137893756524,3555.930715437149,3757.7820943747142,4.639570015871381,0.97719928410902,0.0037860062602167,2.4600262639578463,0.000305510255,30.748135543443087,0.1057836635366315,3791.9674554662242,4.749445195923229
methanol,LTE,DAC,grid,LTE_H_DAC_C_grid_E,Hungary,1,2024,196.395936263577,2559.482717894804,2755.878654158381,0.8867114012298516,51.585109448964424,0.1272439501923771,2.344427090337363,0.0001120408349999,0.0,0.0,2809.8081906976827,1.0140673922572288
methanol,LTE,DAC,grid,LTE_H_DAC_C_grid_E,Philippines,1,2024,195.30484772877935,1998.5137937585907,2193.81864148737,5.993449389507882,10.107765430778445,0.0260600128282098,2.301470517613267,0.0003753061849999,35.52536845557584,0.1222189104249892,2241.7532458913374,6.142103618946081
methanol,LTE,DAC,grid,LTE_H_DAC_C_grid_E,Netherlands,1,2024,223.67314963351825,2966.78244783991,3190.4555974734285,1.7180408411820896,5.11922627434319,0.0138904767720408,2.673239243439774,0.000154897985,0.0,0.0,3198.248062991211,1.7320862159391301
methanol,LTE,DAC,grid,LTE_H_DAC_C_grid_E,Norway,1,2024,247.67709739906655,1792.404619051729,2040.0817164507955,-0.9184610969521498,21.57408582181769,0.0540320894331074,2.878079638369897,1.8979595e-05,2.16119139281739,0.0074352066912496,2066.6950733038,-0.8569748212327928
methanol,LTE,DAC,grid,LTE_H_DAC_C_grid_E,Oman,1,2024,208.39791014635117,2572.4311965402253,2780.8291066865763,5.185872219268566,18.344062311311852,0.046152450456501,2.4808268853024247,0.000333673525,21.91145943478494,0.0753826016270478,2823.5654553179756,5.307740944877114
methanol,LTE,DAC,grid,LTE_H_DAC_C_grid_E,Italy,1,2024,209.4889986811488,5445.246535184955,5654.735533866104,2.133705561158208,12.703599215411328,0.0323925466316501,2.651130418026521,0.00017632656,8.251398093798704,0.0283875137218633,5678.34166159334,2.194661948071721
methanol,LTE,DAC,grid,LTE_H_DAC_C_grid_E,Austria,1,2024,226.9464152379112,3633.380551610686,3860.3269668485977,-0.0633793872869913,36.74036974543607,0.0910302232070957,2.747006911612064,6.3061235e-05,0.0,0.0,3899.814343505646,0.027713897155104392
methanol,LTE,DAC,grid,LTE_H_DAC_C_grid_E,Finland,1,2024,235.6751235162924,1820.1626680718707,2055.837791588163,-0.4315395678372679,18.67936439460148,0.0469704195380984,2.7447410684048363,4.408164e-05,4.208689584965953,0.0144792715108576,2081.4705866361355,-0.3700457951483119
methanol,LTE,DAC,grid,LTE_H_DAC_C_grid_E,Portugal,1,2024,198.5781133331723,2015.5504243449332,2214.1285376781057,0.0435058264211536,9.118529180062064,0.0236467720289204,2.338503485785557,6.857144e-05,4.159614045582699,0.0143104355715642,2229.745184389536,0.08153160546163819
methanol,LTE,DAC,grid,LTE_H_DAC_C_grid_E,Germany,1,2024,224.7642381683159,3564.9371106044805,3789.701348772796,2.798769113119998,19.102040951147117,0.0480015385558461,2.718032551163871,0.00021061228,0.0,0.0,3811.521422275107,2.8469812639558443
methanol,LTE,DAC,grid,LTE_H_DAC_C_grid_E,Greece,1,2024,200.7602904027676,3021.444438990119,3222.2047293928867,2.513741876564945,8.034570812196023,0.0210024567238846,2.4189064262337494,0.0001959184,10.39807833449119,0.0357727972939781,3243.0562849658077,2.570713048982808
methanol,LTE,DAC,grid,LTE_H_DAC_C_grid_E,France,1,2024,220.3998840291253,2497.5761820150906,2717.9760660442157,-0.7640713438181629,26.098777975579193,0.0650700712112465,2.609879740267486,2.693878e-05,0.0,0.0,2746.6847237600623,-0.6989743338269163
methanol,LTE,DAC,grid,LTE_H_DAC_C_grid_E,Brazil,1,2024,200.7602904027676,1777.4260730717644,1978.186363474532,-0.0633793872869913,68.96650800287952,0.1696458537908778,2.3503349862337486,6.3061235e-05,20.052705430499195,0.06898787867193,2069.5559118941446,0.1753174064108165
methanol,LTE,DAC,grid,LTE_H_DAC_C_grid_E,United Kingdom,1,2024,232.40185791189944,5257.041842825078,5489.443700736977,1.2192431772107466,12.915972819599244,0.0329106318170113,2.899953030232547,0.000129183695,1.9570747960060495,0.0067329787018866,5507.216701382815,1.2590159714246445
methanol,LTE,DAC,grid,LTE_H_DAC_C_grid_E,Spain,1,2024,202.9424674723629,1903.3224680826283,2106.264935554991,0.4472944115408117,21.385807864799265,0.0535727855538221,2.3805338366819417,8.938776999999999e-05,5.131878895923174,0.0176553453028094,2135.1631561523955,0.5186119301674432
methanol,LTE,DAC,grid,LTE_H_DAC_C_grid_E,Sweden,1,2024,240.03947765548304,1202.9709224911533,1443.0104001466364,-0.8590804226698471,22.56440133074008,0.0564479630816619,2.759498200469972,2.204082e-05,1.7888394327279502,0.0061541939154455,1470.1231391105744,-0.7964562248527397
methanol,LTE,DAC,grid,LTE_H_DAC_C_grid_E,Czech Republic,1,2024,198.5781133331723,2909.4659625016434,3108.044075834816,3.6300985530722354,35.008356528367685,0.086804978775029,2.3880953307855566,0.00025346943,0.0,0.0,3145.440527693969,3.7171570012772643
methanol,LTE,DAC,grid,LTE_H_DAC_C_grid_E,Japan,1,2024,235.6751235162924,2665.0375872718264,2900.712710788119,4.4376757233115525,9.224572746193816,0.023905465197621,2.793108423404836,0.0002951020899999,41.67257406787354,0.1433673123911195,2954.4029660255906,4.605243602990293
methanol,LTE,DAC,grid,LTE_H_DAC_C_grid_E,Belgium,1,2024,223.67314963351825,3305.1039968623436,3528.777146495862,0.3522853326891277,6.891290009706824,0.0182134244016125,2.690994348439774,8.448981e-05,0.0,0.0,3538.359430854008,0.3705832469007402
methanol,LTE,DAC,grid,LTE_H_DAC_C_grid_E,Poland,1,2024,201.85137893756524,4904.293751427055,5106.145130364621,6.017201659220802,11.233270499248109,0.0288056812659274,2.5365568889578465,0.000376530675,3.1328346139356533,0.0107779778142402,5123.047792366761,6.05716184897597
methanol,LTE,DAC,grid,LTE_H_DAC_C_grid_E,India,1,2024,193.122670659184,1743.674875052006,1936.79754571119,7.121682200871631,41.30430620421374,0.1021639414262884,2.2627002371650744,0.0004334694599999,23.134804719573623,0.0795913103408614,2003.4993568721425,7.30387092209878
methanol,LTE,DAC,grid,LTE_H_DAC_C_grid_E,Indonesia,1,2024,175.6652541024216,1125.8241421126568,1301.4893962150784,6.38536183977108,14.675222299770391,0.0372023190844393,2.0309053535795303,0.00039551027,34.945309666630486,0.1202233180849409,1353.1408335350588,6.54318298721046
methanol,LTE,DAC,grid,LTE_H_DAC_C_grid_E,South Korea,1,2024,205.1246445419582,1656.1410957235842,1861.2657402655425,3.6300985530722354,7.503288733588453,0.0197063946486234,2.3917530921301347,0.00025346943,40.2483810771631,0.1384676217439359,1911.4091631684241,3.7885260388947946
methanol,LTE,DAC,grid,LTE_H_DAC_C_grid_E,China,1,2024,199.66920186796995,1363.4590473040173,1563.1282491719871,5.3640142421154735,78.31080589228577,0.1924412587218022,2.315337598509652,0.0003428572,38.75221989986314,0.1333203369483275,1682.5066125626456,5.690118694985602
methanol,LTE,DAC,grid,LTE_H_DAC_C_grid_E,United Arab Emirates,1,2024,208.39791014635117,1570.3384072239196,1778.7363173702709,3.2619383725219584,10.915758228841952,0.0280311104142585,2.425112590302424,0.000234489835,22.41243881244368,0.0771061348751099,1814.489627001859,3.3673101076463268
methanol,LTE,DAC,grid,LTE_H_DAC_C_grid_E,United States,1,2024,218.21770695953,2026.528779037586,2244.746485997116,3.273814507378419,88.49089459208655,0.2172755744607914,2.558864559819293,0.00023510208,12.170337163931713,0.0418699485000563,2347.9665823129535,3.5331951324192667
methanol,LTE,DAC,grid,LTE_H_DAC_C_grid_E,Turkey,1,2024,199.66920186796995,1993.553973671486,2193.223175539456,4.295162105034025,10.146640984986664,0.026154849702053,2.3502355635096523,0.00028775515,12.591115249067489,0.0433175630169984,2218.31116733702,4.364922272903076
methanol,LTE,DAC,grid,LTE_H_DAC_C_grid_E,Australia,1,2024,223.67314963351825,2984.5350162092063,3208.2081658427246,5.26900516326379,78.8034842059262,0.1936431469527896,2.673851488439774,0.00033795924,35.55048492422846,0.1223053193087221,3325.2359864613186,5.585291588765302
methanol,LTE,DAC,grid,LTE_H_DAC_C_grid_E,Malaysia,1,2024,190.94049358958875,1757.154492022222,1948.094985611811,5.886564175799737,7.765323073628242,0.0203456271471706,2.238623836716881,0.0003697959799999,30.34359622361494,0.1043919156943736,1988.442528745771,6.011671514621281
methanol,LTE,DAC,grid,LTE_H_DAC_C_grid_E,Canada,1,2024,222.58206109872057,1573.507571602316,1796.0896327010364,0.7917023223781672,111.9192338137173,0.2744289834955782,2.5837520507156784,0.0001071428749999,11.02795216101818,0.0379397696894823,1921.6205707264876,1.1041782184382276
methanol,LTE,DAC,grid,LTE_H_DAC_C_grid_E,Mexico,1,2024,192.0315821243864,2671.902491658306,2863.9340737826924,4.948349522139354,32.458224140908094,0.0805839334822081,2.301784494440977,0.000321428625,18.577812770264984,0.0639137645454839,2917.2718951883066,5.093168648792046
methanol,LTE,DAC,grid,LTE_H_DAC_C_grid_E,Thailand,1,2024,194.2137591939817,1766.6354394685266,1960.8491986625083,5.29275743297671,11.669272719816664,0.0298693082271259,2.276269049889171,0.00033918373,33.68755828994832,0.115896241138903,2008.4822987221626,5.43886216607274
methanol,LTE,DAC,grid,LTE_H_DAC_C_grid_E,Russia,1,2024,206.21573307675584,1341.664311432181,1547.8800445089369,4.045763273048354,136.74448225210324,0.3349901511040483,2.3881790448542315,0.000274898005,4.515639100965043,0.0155352784442634,1691.5283449068595,4.396563600601666
methanol,LTE,DAC,grid,LTE_H_DAC_C_grid_E,Saudi Arabia,1,2024,208.39791014635117,1107.1890761589057,1315.586986305257,5.26900516326379,28.6060741249968,0.0711866175461529,2.3993983003024244,0.00033795924,14.10326729475843,0.048519861640653,1360.6957260253146,5.389049601690596
methanol,SMR,DAC,grid,SMR_H_DAC_C_grid_E,South Africa,1,2024,133.69110276099715,534.94474461606,668.6358473770572,1.975085706949473,24.53851842343582,0.0612638196651808,2.3634903994060386,0.0004340817049999,25.830928168264716,0.0888668586207434,721.3687843681637,2.125650466940397
methanol,SMR,DAC,grid,SMR_H_DAC_C_grid_E,Taiwan,1,2024,131.54632571135548,826.7840243711073,958.3303500824628,1.8601568744237091,6.525622092765043,0.0173213779005709,2.3754370312337483,0.0003893878199999,36.935820409625535,0.1270713274026291,1004.1672296160872,2.004938967546909
methanol,SMR,DAC,grid,SMR_H_DAC_C_grid_E,Switzerland,1,2024,157.99857599026936,2192.7030989682175,2350.701674958487,0.9171107006849072,27.51533631048074,0.068525763788103,2.9013606570253185,2.2653065e-05,0.0,0.0,2381.118371925993,0.9856591175380103
methanol,SMR,DAC,grid,SMR_H_DAC_C_grid_E,Singapore,1,2024,132.26125139456937,2288.342636537636,2420.603887932205,1.644468517491796,0.97719928410902,0.0037860062602167,2.4600262639578463,0.000305510255,30.748135543443087,0.1057836635366315,2454.789249023715,1.7543436975436442
methanol,SMR,DAC,grid,SMR_H_DAC_C_grid_E,Hungary,1,2024,128.68662297849994,1098.6941513130903,1227.38077429159,1.146968365736435,51.585109448964424,0.1272439501923771,2.344427090337363,0.0001120408349999,0.0,0.0,1281.3103108308917,1.2743243567638118
methanol,SMR,DAC,grid,SMR_H_DAC_C_grid_E,Philippines,1,2024,127.97169729528603,792.5571034049846,920.5288007002706,1.8239464203402491,10.107765430778445,0.0260600128282098,2.301470517613267,0.0003753061849999,35.52536845557584,0.1222189104249892,968.4634051042382,1.9726006497784478
methanol,SMR,DAC,grid,SMR_H_DAC_C_grid_E,Netherlands,1,2024,146.55976505884712,1619.2860159313473,1765.8457809901945,1.2571740955556605,5.11922627434319,0.0138904767720408,2.673239243439774,0.000154897985,0.0,0.0,1773.6382465079776,1.271219470312701
methanol,SMR,DAC,grid,SMR_H_DAC_C_grid_E,Norway,1,2024,162.2881300895527,1268.5909287888076,1430.8790588783602,0.9076644952718304,21.57408582181769,0.0540320894331074,2.878079638369897,1.8979595e-05,2.16119139281739,0.0074352066912496,1457.4924157313653,0.9691507709911874
methanol,SMR,DAC,grid,SMR_H_DAC_C_grid_E,Oman,1,2024,136.55080549385272,537.7051438735606,674.2559493674133,1.7168894256587155,18.344062311311852,0.046152450456501,2.4808268853024247,0.000333673525,21.91145943478494,0.0753826016270478,716.9922979988125,1.8387581512672642
methanol,SMR,DAC,grid,SMR_H_DAC_C_grid_E,Italy,1,2024,137.26573117706658,1900.652661540836,2037.9183927179024,1.312276960465273,12.703599215411328,0.0323925466316501,2.651130418026521,0.00017632656,8.251398093798704,0.0283875137218633,2061.5245204451394,1.3732333473787866
methanol,SMR,DAC,grid,SMR_H_DAC_C_grid_E,Austria,1,2024,148.70454210848882,1600.976360112286,1749.680902220775,1.021018960228748,36.74036974543607,0.0910302232070957,2.747006911612064,6.3061235e-05,0.0,0.0,1789.168278877823,1.1121122446708438
methanol,SMR,DAC,grid,SMR_H_DAC_C_grid_E,Finland,1,2024,154.42394757419993,1553.2996199417505,1707.7235675159504,0.9722135655945198,18.67936439460148,0.0469704195380984,2.7447410684048363,4.408164e-05,4.208689584965953,0.0144792715108576,1733.3563625639226,1.0337073382834758
methanol,SMR,DAC,grid,SMR_H_DAC_C_grid_E,Portugal,1,2024,130.1164743449277,1389.0552631449723,1519.1717374899,1.0351882683483626,9.118529180062064,0.0236467720289204,2.338503485785557,6.857144e-05,4.159614045582699,0.0143104355715642,1534.7883842013302,1.0732140473888472
methanol,SMR,DAC,grid,SMR_H_DAC_C_grid_E,Germany,1,2024,147.27469074206104,1529.5631219880645,1676.8378127301253,1.4004415443206537,19.102040951147117,0.0480015385558461,2.718032551163871,0.00021061228,0.0,0.0,1698.657886232436,1.4486536951564999
methanol,SMR,DAC,grid,SMR_H_DAC_C_grid_E,Greece,1,2024,131.5463257113555,1025.5037433577943,1157.0500690691497,1.3626567226683477,8.034570812196023,0.0210024567238846,2.4189064262337494,0.0001959184,10.39807833449119,0.0357727972939781,1177.9016246420706,1.4196278950862105
methanol,SMR,DAC,grid,SMR_H_DAC_C_grid_E,France,1,2024,144.4149880092055,1564.2230032175107,1708.6379912267162,0.9281312736668298,26.098777975579193,0.0650700712112465,2.609879740267486,2.693878e-05,0.0,0.0,1737.3466489425628,0.9932282836580764
methanol,SMR,DAC,grid,SMR_H_DAC_C_grid_E,Brazil,1,2024,131.54632571135548,1460.9326574319475,1592.478983143303,1.021018960228748,68.96650800287952,0.1696458537908778,2.3503349862337486,6.3061235e-05,20.052705430499195,0.06898787867193,1683.8485315629152,1.259715753926556
methanol,SMR,DAC,grid,SMR_H_DAC_C_grid_E,United Kingdom,1,2024,152.27917052455825,1449.5956340372131,1601.8748045617713,1.1910506576641249,12.915972819599244,0.0329106318170113,2.899953030232547,0.000129183695,1.9570747960060495,0.0067329787018866,1619.6478052076093,1.2308234518780228
methanol,SMR,DAC,grid,SMR_H_DAC_C_grid_E,Spain,1,2024,132.97617707778326,1229.288170664049,1362.264347741832,1.0887167656891297,21.385807864799265,0.0535727855538221,2.3805338366819417,8.938776999999999e-05,5.131878895923174,0.0176553453028094,1391.1625683392363,1.1600342843157612
methanol,SMR,DAC,grid,SMR_H_DAC_C_grid_E,Sweden,1,2024,157.2836503070555,2040.937840651036,2198.2214909580916,0.915536333116061,22.56440133074008,0.0564479630816619,2.759498200469972,2.204082e-05,1.7888394327279502,0.0061541939154455,2225.3342299220294,0.9781605309331683
methanol,SMR,DAC,grid,SMR_H_DAC_C_grid_E,Czech Republic,1,2024,130.1164743449277,1290.3081602607872,1420.4246346057148,1.5106472741398789,35.008356528367685,0.086804978775029,2.3880953307855566,0.00025346943,0.0,0.0,1457.821086464868,1.5977057223449078
methanol,SMR,DAC,grid,SMR_H_DAC_C_grid_E,Japan,1,2024,154.42394757419993,1324.913266591911,1479.337214166111,1.6177042688214127,9.224572746193816,0.023905465197621,2.793108423404836,0.0002951020899999,41.67257406787354,0.1433673123911195,1533.0274694035832,1.785272148500153
methanol,SMR,DAC,grid,SMR_H_DAC_C_grid_E,Belgium,1,2024,146.55976505884712,1179.4196452794492,1325.9794103382965,1.0761218251383609,6.891290009706824,0.0182134244016125,2.690994348439774,8.448981e-05,0.0,0.0,1335.561694696443,1.0944197393499735
methanol,SMR,DAC,grid,SMR_H_DAC_C_grid_E,Poland,1,2024,132.26125139456937,1503.5084200773706,1635.76967147194,1.8270951554779415,11.233270499248109,0.0288056812659274,2.5365568889578465,0.000376530675,3.1328346139356533,0.0107779778142402,1652.6723334740818,1.8670553452331093
methanol,SMR,DAC,grid,SMR_H_DAC_C_grid_E,India,1,2024,126.54184592885824,991.4604145183796,1118.0022604472376,1.973511339380627,41.30430620421374,0.1021639414262884,2.2627002371650744,0.0004334694599999,23.134804719573623,0.0795913103408614,1184.7040716081901,2.1557000606077765
methanol,SMR,DAC,grid,SMR_H_DAC_C_grid_E,Indonesia,1,2024,115.10303499743604,1287.7328672039346,1402.8359022013706,1.8759005501121704,14.675222299770391,0.0372023190844393,2.0309053535795303,0.00039551027,34.945309666630486,0.1202233180849409,1454.487339521351,2.0337216975515506
methanol,SMR,DAC,grid,SMR_H_DAC_C_grid_E,South Korea,1,2024,134.40602844421105,1086.6653628566812,1221.0713913008922,1.5106472741398789,7.503288733588453,0.0197063946486234,2.3917530921301347,0.00025346943,40.2483810771631,0.1384676217439359,1271.2148142037738,1.669074759962438
methanol,SMR,DAC,grid,SMR_H_DAC_C_grid_E,China,1,2024,130.8314000281416,967.938619051924,1098.7700190800656,1.740504939191407,78.31080589228577,0.1924412587218022,2.315337598509652,0.0003428572,38.75221989986314,0.1333203369483275,1218.148382470724,2.0666093920615367
methanol,SMR,DAC,grid,SMR_H_DAC_C_grid_E,United Arab Emirates,1,2024,136.55080549385272,472.8849862161688,609.4357917100216,1.4618418795056507,10.915758228841952,0.0280311104142585,2.425112590302424,0.000234489835,22.41243881244368,0.0771061348751099,645.1891013416097,1.567213614630019
methanol,SMR,DAC,grid,SMR_H_DAC_C_grid_E,United States,1,2024,142.98513664277772,844.6302275533353,987.615364196113,1.4634162470744967,88.49089459208655,0.2172755744607914,2.558864559819293,0.00023510208,12.170337163931713,0.0418699485000563,1090.8354605119505,1.7227968721153444
methanol,SMR,DAC,grid,SMR_H_DAC_C_grid_E,Turkey,1,2024,130.8314000281416,761.427823959732,892.2592239878736,1.59881185799526,10.146640984986664,0.026154849702053,2.3502355635096523,0.00028775515,12.591115249067489,0.0433175630169984,917.3472157854374,1.6685720258643113
methanol,SMR,DAC,grid,SMR_H_DAC_C_grid_E,Australia,1,2024,146.55976505884712,1016.1978290003722,1162.7575940592192,1.7279099986406383,78.8034842059262,0.1936431469527896,2.673851488439774,0.00033795924,35.55048492422846,0.1223053193087221,1279.7854146778136,2.0441964241421497
methanol,SMR,DAC,grid,SMR_H_DAC_C_grid_E,Malaysia,1,2024,125.1119945624305,723.3944074263545,848.506401988785,1.8097771122206348,7.765323073628242,0.0203456271471706,2.238623836716881,0.0003697959799999,30.34359622361494,0.1043919156943736,888.853945122745,1.934884451042179
methanol,SMR,DAC,grid,SMR_H_DAC_C_grid_E,Canada,1,2024,145.84483937563326,665.666019651565,811.5108590271982,1.134373425185666,111.9192338137173,0.2744289834955782,2.5837520507156784,0.0001071428749999,11.02795216101818,0.0379397696894823,937.0417970526494,1.4468493212457265
methanol,SMR,DAC,grid,SMR_H_DAC_C_grid_E,Mexico,1,2024,125.82692024564436,661.6636737956472,787.4905940412916,1.6854020742817943,32.458224140908094,0.0805839334822081,2.301784494440977,0.000321428625,18.577812770264984,0.0639137645454839,840.8284154469056,1.8302212009344863
methanol,SMR,DAC,grid,SMR_H_DAC_C_grid_E,Thailand,1,2024,127.25677161207216,748.6247009176785,875.8814725297507,1.731058733778331,11.669272719816664,0.0298693082271259,2.276269049889171,0.00033918373,33.68755828994832,0.115896241138903,923.5145725894049,1.87716346687436
methanol,SMR,DAC,grid,SMR_H_DAC_C_grid_E,Russia,1,2024,135.12095412742494,512.2619226332697,647.3828767606947,1.565750139049492,136.74448225210324,0.3349901511040483,2.3881790448542315,0.000274898005,4.515639100965043,0.0155352784442634,791.0311771586172,1.9165504666028037
methanol,SMR,DAC,grid,SMR_H_DAC_C_grid_E,Saudi Arabia,1,2024,136.55080549385272,442.61630631745743,579.1671118113102,1.7279099986406383,28.6060741249968,0.0711866175461529,2.3993983003024244,0.00033795924,14.10326729475843,0.048519861640653,624.2758515313678,1.8479544370674441
methanol,SMRCCS,DAC,grid,SMRCCS_H_DAC_C_grid_E,South Africa,1,2024,189.57875801038116,600.2132426320552,789.7920006424364,0.4090945492905118,24.53851842343582,0.0612638196651808,2.3634903994060386,0.0004340817049999,25.830928168264716,0.0888668586207434,842.5249376335429,0.5596593092814359
methanol,SMRCCS,DAC,grid,SMRCCS_H_DAC_C_grid_E,Taiwan,1,2024,186.53738756101671,980.3983963425956,1166.9357839036122,0.2733987454447664,6.525622092765043,0.0173213779005709,2.3754370312337483,0.0003893878199999,36.935820409625535,0.1270713274026291,1212.7726634372366,0.41818083856796634
methanol,SMRCCS,DAC,grid,SMRCCS_H_DAC_C_grid_E,Switzerland,1,2024,224.04762310317773,2730.3082205498936,2954.355843653071,-0.8400503847415564,27.51533631048074,0.068525763788103,2.9013606570253185,2.2653065e-05,0.0,0.0,2984.7725406205773,-0.7715019678884533
methanol,SMRCCS,DAC,grid,SMRCCS_H_DAC_C_grid_E,Singapore,1,2024,187.5511777108049,2864.554087270964,3052.105264981769,0.0187367574054905,0.97719928410902,0.0037860062602167,2.4600262639578463,0.000305510255,30.748135543443087,0.1057836635366315,3086.290626073279,0.1286119374573387
methanol,SMRCCS,DAC,grid,SMRCCS_H_DAC_C_grid_E,Hungary,1,2024,182.48222696186423,1333.2922672516293,1515.7744942134934,-0.5686587770500655,51.585109448964424,0.1272439501923771,2.344427090337363,0.0001120408349999,0.0,0.0,1569.7040307527952,-0.4413027860226885
methanol,SMRCCS,DAC,grid,SMRCCS_H_DAC_C_grid_E,Philippines,1,2024,181.46843681207605,937.4339639770898,1118.9024007891658,0.2306452730002163,10.107765430778445,0.0260600128282098,2.301470517613267,0.0003753061849999,35.52536845557584,0.1222189104249892,1166.8370051931333,0.37929950243841526
methanol,SMRCCS,DAC,grid,SMRCCS_H_DAC_C_grid_E,Netherlands,1,2024,207.82698070656755,1997.2818808652885,2205.108861571856,-0.4385395130883917,5.11922627434319,0.0138904767720408,2.673239243439774,0.000154897985,0.0,0.0,2212.9013270896385,-0.42449413833135086
methanol,SMRCCS,DAC,grid,SMRCCS_H_DAC_C_grid_E,Norway,1,2024,230.1303640019065,1532.598508183136,1762.7288721850423,-0.8512034645097,21.57408582181769,0.0540320894331074,2.878079638369897,1.8979595e-05,2.16119139281739,0.0074352066912496,1789.3422290380474,-0.7897171887903429
methanol,SMRCCS,DAC,grid,SMRCCS_H_DAC_C_grid_E,Oman,1,2024,193.63391860953368,612.7063407181045,806.3402593276381,0.1042437022945905,18.344062311311852,0.046152450456501,2.4808268853024247,0.000333673525,21.91145943478494,0.0753826016270478,849.0766079590373,0.2261124279031393
methanol,SMRCCS,DAC,grid,SMRCCS_H_DAC_C_grid_E,Italy,1,2024,194.6477087593218,2378.5914960707323,2573.239204830054,-0.3734798811075547,12.703599215411328,0.0323925466316501,2.651130418026521,0.00017632656,8.251398093798704,0.0283875137218633,2596.845332557291,-0.3125234941940413
methanol,SMRCCS,DAC,grid,SMRCCS_H_DAC_C_grid_E,Austria,1,2024,210.868351155932,1977.0498686464327,2187.9182198023645,-0.7173665072919783,36.74036974543607,0.0910302232070957,2.747006911612064,6.3061235e-05,0.0,0.0,2227.4055964594127,-0.6262732228498825
methanol,SMRCCS,DAC,grid,SMRCCS_H_DAC_C_grid_E,Finland,1,2024,218.97867235423703,1902.3023844298684,2121.2810567841057,-0.7749907527607196,18.67936439460148,0.0469704195380984,2.7447410684048363,4.408164e-05,4.208689584965953,0.0144792715108576,2146.9138518320783,-0.7134969800717635
methanol,SMRCCS,DAC,grid,SMRCCS_H_DAC_C_grid_E,Portugal,1,2024,184.50980726144044,1701.93353667438,1886.4433439358208,-0.7006368876397631,9.118529180062064,0.0236467720289204,2.338503485785557,6.857144e-05,4.159614045582699,0.0143104355715642,1902.0599906472512,-0.6626111085992784
methanol,SMRCCS,DAC,grid,SMRCCS_H_DAC_C_grid_E,Germany,1,2024,208.8407708563557,1883.7972700287544,2092.63804088511,-0.2693844699382158,19.102040951147117,0.0480015385558461,2.718032551163871,0.00021061228,0.0,0.0,2114.458114387421,-0.2211723191023697
methanol,SMRCCS,DAC,grid,SMRCCS_H_DAC_C_grid_E,Greece,1,2024,186.53738756101671,1240.271315749837,1426.8087033108536,-0.3139967890107896,8.034570812196023,0.0210024567238846,2.4189064262337494,0.0001959184,10.39807833449119,0.0357727972939781,1447.6602588837745,-0.2570256165929269
methanol,SMRCCS,DAC,grid,SMRCCS_H_DAC_C_grid_E,France,1,2024,204.78561025720316,1921.6171247930936,2126.4027350502965,-0.827038458345389,26.098777975579193,0.0650700712112465,2.609879740267486,2.693878e-05,0.0,0.0,2155.111392766143,-0.7619414483541425
methanol,SMRCCS,DAC,grid,SMRCCS_H_DAC_C_grid_E,Brazil,1,2024,186.53738756101671,1793.2234186565706,1979.7608062175873,-0.7173665072919783,68.96650800287952,0.1696458537908778,2.3503349862337486,6.3061235e-05,20.052705430499195,0.06898787867193,2071.1303546372,-0.47866971359417043
methanol,SMRCCS,DAC,grid,SMRCCS_H_DAC_C_grid_E,United Kingdom,1,2024,215.93730190487264,1799.106632866244,2015.0439347711167,-0.516611071465396,12.915972819599244,0.0329106318170113,2.899953030232547,0.000129183695,1.9570747960060495,0.0067329787018866,2032.8169354169547,-0.4768382772514981
methanol,SMRCCS,DAC,grid,SMRCCS_H_DAC_C_grid_E,Spain,1,2024,188.564967860593,1491.3045176231285,1679.8694854837213,-0.6374361022869501,21.385807864799265,0.0535727855538221,2.3805338366819417,8.938776999999999e-05,5.131878895923174,0.0176553453028094,1708.7677060811257,-0.5661185836603186
methanol,SMRCCS,DAC,grid,SMRCCS_H_DAC_C_grid_E,Sweden,1,2024,223.0338329533896,2523.56571119956,2746.59954415295,-0.8419092313695804,22.56440133074008,0.0564479630816619,2.759498200469972,2.204082e-05,1.7888394327279502,0.0061541939154455,2773.7122831168876,-0.779285033552473
methanol,SMRCCS,DAC,grid,SMRCCS_H_DAC_C_grid_E,Czech Republic,1,2024,184.50980726144044,1582.4077909873183,1766.9175982487588,-0.1392652059765419,35.008356528367685,0.086804978775029,2.3880953307855566,0.00025346943,0.0,0.0,1804.314050107912,-0.0522067577715129
methanol,SMRCCS,DAC,grid,SMRCCS_H_DAC_C_grid_E,Japan,1,2024,218.97867235423703,1618.789859550754,1837.768531904991,-0.0128636352709159,9.224572746193816,0.023905465197621,2.793108423404836,0.0002951020899999,41.67257406787354,0.1433673123911195,1891.4587871424633,0.1547042444078245
methanol,SMRCCS,DAC,grid,SMRCCS_H_DAC_C_grid_E,Belgium,1,2024,207.82698070656755,1429.8193253770637,1637.646306083631,-0.6523068753111414,6.891290009706824,0.0182134244016125,2.690994348439774,8.448981e-05,0.0,0.0,1647.2285904417777,-0.6340089610995289
methanol,SMRCCS,DAC,grid,SMRCCS_H_DAC_C_grid_E,Poland,1,2024,187.5511777108049,1872.3344338436843,2059.885611554489,0.2343629662562641,11.233270499248109,0.0288056812659274,2.5365568889578465,0.000376530675,3.1328346139356533,0.0107779778142402,2076.788273556631,0.2743231560114317
methanol,SMRCCS,DAC,grid,SMRCCS_H_DAC_C_grid_E,India,1,2024,179.4408565124998,1191.1927855064914,1370.6336420189912,0.4072357026624876,41.30430620421374,0.1021639414262884,2.2627002371650744,0.0004334694599999,23.134804719573623,0.0795913103408614,1437.3354531799437,0.5894244238896373
methanol,SMRCCS,DAC,grid,SMRCCS_H_DAC_C_grid_E,Indonesia,1,2024,163.22021411588963,1567.6484064741664,1730.868620590056,0.2919872117250053,14.675222299770391,0.0372023190844393,2.0309053535795303,0.00039551027,34.945309666630486,0.1202233180849409,1782.5200579100365,0.4498083591643855
methanol,SMRCCS,DAC,grid,SMRCCS_H_DAC_C_grid_E,South Korea,1,2024,190.5925481601693,1305.55951447982,1496.1520626399893,-0.1392652059765419,7.503288733588453,0.0197063946486234,2.3917530921301347,0.00025346943,40.2483810771631,0.1384676217439359,1546.295485542871,0.019162279846017385
methanol,SMRCCS,DAC,grid,SMRCCS_H_DAC_C_grid_E,China,1,2024,185.5235974112286,1157.2077916955054,1342.731389106734,0.1321264017149489,78.31080589228577,0.1924412587218022,2.315337598509652,0.0003428572,38.75221989986314,0.1333203369483275,1462.1097524973925,0.4582308545850786
methanol,SMRCCS,DAC,grid,SMRCCS_H_DAC_C_grid_E,United Arab Emirates,1,2024,193.63391860953368,521.424422821621,715.0583414311546,-0.1968894514452831,10.915758228841952,0.0280311104142585,2.425112590302424,0.000234489835,22.41243881244368,0.0771061348751099,750.8116510627427,-0.09151771632091471
methanol,SMRCCS,DAC,grid,SMRCCS_H_DAC_C_grid_E,United States,1,2024,202.7580299576269,992.1430552754764,1194.9010852331037,-0.1950306048172594,88.49089459208655,0.2172755744607914,2.558864559819293,0.00023510208,12.170337163931713,0.0418699485000563,1298.1211815489412,0.06435002022358831
methanol,SMRCCS,DAC,grid,SMRCCS_H_DAC_C_grid_E,Turkey,1,2024,185.5235974112286,895.9215510958221,1081.4451485070508,-0.035169794807203,10.146640984986664,0.026154849702053,2.3502355635096523,0.00028775515,12.591115249067489,0.0433175630169984,1106.5331403046146,0.034590373061848395
methanol,SMRCCS,DAC,grid,SMRCCS_H_DAC_C_grid_E,Australia,1,2024,207.82698070656755,1220.785744639532,1428.6127253460998,0.1172556286907579,78.8034842059262,0.1936431469527896,2.673851488439774,0.00033795924,35.55048492422846,0.1223053193087221,1545.6405459646942,0.43354205419226965
methanol,SMRCCS,DAC,grid,SMRCCS_H_DAC_C_grid_E,Malaysia,1,2024,177.4132762129235,845.9903165225242,1023.4035927354475,0.2139156533480012,7.765323073628242,0.0203456271471706,2.238623836716881,0.0003697959799999,30.34359622361494,0.1043919156943736,1063.7511358694076,0.3390229921695453
methanol,SMRCCS,DAC,grid,SMRCCS_H_DAC_C_grid_E,Canada,1,2024,206.81319055677943,761.6997639475288,968.5129545043084,-0.5835295500742568,111.9192338137173,0.2744289834955782,2.5837520507156784,0.0001071428749999,11.02795216101818,0.0379397696894823,1094.0438925297597,-0.27105365401419634
methanol,SMRCCS,DAC,grid,SMRCCS_H_DAC_C_grid_E,Mexico,1,2024,178.42706636271166,773.6490552554874,952.0761216181992,0.0670667697341122,32.458224140908094,0.0805839334822081,2.301784494440977,0.000321428625,18.577812770264984,0.0639137645454839,1005.4139430238133,0.21188589638680422
methanol,SMRCCS,DAC,grid,SMRCCS_H_DAC_C_grid_E,Thailand,1,2024,180.45464666228796,879.1741953660451,1059.628842028333,0.1209733219468057,11.669272719816664,0.0298693082271259,2.276269049889171,0.00033918373,33.68755828994832,0.115896241138903,1107.2619420879873,0.2670780550428346
methanol,SMRCCS,DAC,grid,SMRCCS_H_DAC_C_grid_E,Russia,1,2024,191.60633830995744,571.3006194066311,762.9069577165885,-0.074205573995705,136.74448225210324,0.3349901511040483,2.3881790448542315,0.000274898005,4.515639100965043,0.0155352784442634,906.555258114511,0.2765947535576067
methanol,SMRCCS,DAC,grid,SMRCCS_H_DAC_C_grid_E,Saudi Arabia,1,2024,193.63391860953368,479.207619025372,672.8415376349056,0.1172556286907579,28.6060741249968,0.0711866175461529,2.3993983003024244,0.00033795924,14.10326729475843,0.048519861640653,717.9502773549633,0.2373000671175638
methanol,SMR,SMR,grid,SMR_H_C_grid_E,South Africa,1,2024,133.69110276099715,202.52732081606,336.21842357705714,1.5812290075971795,24.53851842343582,0.0612638196651808,2.3634903994060386,0.0004340817049999,25.830928168264716,0.0888668586207434,388.95136056816375,1.7317937675881039
methanol,SMR,SMR,grid,SMR_H_C_grid_E,Taiwan,1,2024,131.54632571135548,494.36660057110737,625.9129262824629,1.530370401672801,6.525622092765043,0.0173213779005709,2.3754370312337483,0.0003893878199999,36.935820409625535,0.1270713274026291,671.7498058160872,1.675152494796001
methanol,SMR,SMR,grid,SMR_H_C_grid_E,Switzerland,1,2024,157.99857599026936,1860.2856751682175,2018.284251158487,1.1130511558001603,27.51533631048074,0.068525763788103,2.9013606570253185,2.2653065e-05,0.0,0.0,2048.700948125993,1.1815995726532633
methanol,SMR,SMR,grid,SMR_H_C_grid_E,Singapore,1,2024,132.26125139456937,1955.925212737636,2088.1864641322054,1.434923428910611,0.97719928410902,0.0037860062602167,2.4600262639578463,0.000305510255,30.748135543443087,0.1057836635366315,2122.3718252237154,1.5447986089624592
methanol,SMR,SMR,grid,SMR_H_C_grid_E,Hungary,1,2024,128.68662297849994,766.2767275130902,894.9633504915902,1.2147683676489174,51.585109448964424,0.1272439501923771,2.344427090337363,0.0001120408349999,0.0,0.0,948.892887030892,1.3421243586762945
methanol,SMR,SMR,grid,SMR_H_C_grid_E,Philippines,1,2024,127.97169729528603,460.13967960498456,588.1113769002706,1.5143464573404626,10.107765430778445,0.0260600128282098,2.301470517613267,0.0003753061849999,35.52536845557584,0.1222189104249892,636.0459813042381,1.6630006867786613
methanol,SMR,SMR,grid,SMR_H_C_grid_E,Netherlands,1,2024,146.55976505884712,1286.8685921313474,1433.428357190195,1.2635368938777736,5.11922627434319,0.0138904767720408,2.673239243439774,0.000154897985,0.0,0.0,1441.220822707978,1.2775822686348142
methanol,SMR,SMR,grid,SMR_H_C_grid_E,Norway,1,2024,162.2881300895527,936.1735049888076,1098.46163507836,1.1088709964091157,21.57408582181769,0.0540320894331074,2.878079638369897,1.8979595e-05,2.16119139281739,0.0074352066912496,1125.074991931365,1.1703572721284727
methanol,SMR,SMR,grid,SMR_H_C_grid_E,Oman,1,2024,136.55080549385272,205.28772007356068,341.8385255674134,1.466971317575288,18.344062311311852,0.046152450456501,2.4808268853024247,0.000333673525,21.91145943478494,0.0753826016270478,384.5748741988126,1.5888400431838368
methanol,SMR,SMR,grid,SMR_H_C_grid_E,Italy,1,2024,137.26573117706658,1568.235237740836,1705.5009689179026,1.2879211569922018,12.703599215411328,0.0323925466316501,2.651130418026521,0.00017632656,8.251398093798704,0.0283875137218633,1729.107096645139,1.3488775439057152
methanol,SMR,SMR,grid,SMR_H_C_grid_E,Austria,1,2024,148.70454210848882,1268.558936312286,1417.2634784207748,1.1590329091016531,36.74036974543607,0.0910302232070957,2.747006911612064,6.3061235e-05,0.0,0.0,1456.750855077823,1.2501261935437489
methanol,SMR,SMR,grid,SMR_H_C_grid_E,Finland,1,2024,154.42394757419993,1220.882196141751,1375.3061437159506,1.1374354189145883,18.67936439460148,0.0469704195380984,2.7447410684048363,4.408164e-05,4.208689584965953,0.0144792715108576,1400.9389387639228,1.1989291916035445
methanol,SMR,SMR,grid,SMR_H_C_grid_E,Portugal,1,2024,130.1164743449277,1056.6378393449727,1186.7543136899003,1.1653031481882203,9.118529180062064,0.0236467720289204,2.338503485785557,6.857144e-05,4.159614045582699,0.0143104355715642,1202.3709604013306,1.2033289272287049
methanol,SMR,SMR,grid,SMR_H_C_grid_E,Germany,1,2024,147.27469074206104,1197.1456981880642,1344.4203889301252,1.3269359779752865,19.102040951147117,0.0480015385558461,2.718032551163871,0.00021061228,0.0,0.0,1366.240462432436,1.3751481288111327
methanol,SMR,SMR,grid,SMR_H_C_grid_E,Greece,1,2024,131.5463257113555,693.0863195577942,824.6326452691497,1.3102153404111072,8.034570812196023,0.0210024567238846,2.4189064262337494,0.0001959184,10.39807833449119,0.0357727972939781,845.4842008420707,1.36718651282897
methanol,SMR,SMR,grid,SMR_H_C_grid_E,France,1,2024,144.4149880092055,1231.805579417511,1376.220567426716,1.1179280084230458,26.098777975579193,0.0650700712112465,2.609879740267486,2.693878e-05,0.0,0.0,1404.9292251425625,1.1830250184142923
methanol,SMR,SMR,grid,SMR_H_C_grid_E,Brazil,1,2024,131.54632571135548,1128.5152336319477,1260.0615593433029,1.1590329091016531,68.96650800287952,0.1696458537908778,2.3503349862337486,6.3061235e-05,20.052705430499195,0.06898787867193,1351.4311077629152,1.397729702799461
methanol,SMR,SMR,grid,SMR_H_C_grid_E,United Kingdom,1,2024,152.27917052455825,1117.1782102372133,1269.4573807617717,1.23427577814046,12.915972819599244,0.0329106318170113,2.899953030232547,0.000129183695,1.9570747960060495,0.0067329787018866,1287.2303814076097,1.274048572354358
methanol,SMR,SMR,grid,SMR_H_C_grid_E,Spain,1,2024,132.97617707778326,896.870746864049,1029.8469239418323,1.1889907180708077,21.385807864799265,0.0535727855538221,2.3805338366819417,8.938776999999999e-05,5.131878895923174,0.0176553453028094,1058.7451445392367,1.2603082366974392
methanol,SMR,SMR,grid,SMR_H_C_grid_E,Sweden,1,2024,157.2836503070555,1708.520416851036,1865.8040671580911,1.1123544625683195,22.56440133074008,0.0564479630816619,2.759498200469972,2.204082e-05,1.7888394327279502,0.0061541939154455,1892.9168061220291,1.1749786603854269
methanol,SMR,SMR,grid,SMR_H_C_grid_E,Czech Republic,1,2024,130.1164743449277,957.8907364607873,1088.007210805715,1.3757045042041427,35.008356528367685,0.086804978775029,2.3880953307855566,0.00025346943,0.0,0.0,1125.403662664868,1.4627629524091716
methanol,SMR,SMR,grid,SMR_H_C_grid_E,Japan,1,2024,154.42394757419993,992.4958427919112,1146.919790366111,1.4230796439693176,9.224572746193816,0.023905465197621,2.793108423404836,0.0002951020899999,41.67257406787354,0.1433673123911195,1200.6100456035833,1.590647523648058
methanol,SMR,SMR,grid,SMR_H_C_grid_E,Belgium,1,2024,146.55976505884712,847.0022214794492,993.5619865382964,1.1834171722160811,6.891290009706824,0.0182134244016125,2.690994348439774,8.448981e-05,0.0,0.0,1003.144270896443,1.2017150864276938
methanol,SMR,SMR,grid,SMR_H_C_grid_E,Poland,1,2024,132.26125139456937,1171.0909962773703,1303.3522476719395,1.5157398438041445,11.233270499248109,0.0288056812659274,2.5365568889578465,0.000376530675,3.1328346139356533,0.0107779778142402,1320.2549096740813,1.5557000335593123
methanol,SMR,SMR,grid,SMR_H_C_grid_E,India,1,2024,126.54184592885824,659.0429907183795,785.5848366472378,1.580532314365339,41.30430620421374,0.1021639414262884,2.2627002371650744,0.0004334694599999,23.134804719573623,0.0795913103408614,852.2866478081902,1.7627210355924887
methanol,SMR,SMR,grid,SMR_H_C_grid_E,Indonesia,1,2024,115.10303499743604,955.3154434039346,1070.4184784013707,1.5373373339912093,14.675222299770391,0.0372023190844393,2.0309053535795303,0.00039551027,34.945309666630486,0.1202233180849409,1122.0699157213512,1.6951584814305893
methanol,SMR,SMR,grid,SMR_H_C_grid_E,South Korea,1,2024,134.40602844421105,754.247939056681,888.6539675008921,1.3757045042041427,7.503288733588453,0.0197063946486234,2.3917530921301347,0.00025346943,40.2483810771631,0.1384676217439359,938.7973904037738,1.5341319900267019
methanol,SMR,SMR,grid,SMR_H_C_grid_E,China,1,2024,130.8314000281416,635.5211952519242,766.3525952800658,1.4774217160529002,78.31080589228577,0.1924412587218022,2.315337598509652,0.0003428572,38.75221989986314,0.1333203369483275,885.7309586707244,1.80352616892303
methanol,SMR,SMR,grid,SMR_H_C_grid_E,United Arab Emirates,1,2024,136.55080549385272,140.46756241616882,277.01836791002154,1.354107014017078,10.915758228841952,0.0280311104142585,2.425112590302424,0.000234489835,22.41243881244368,0.0771061348751099,312.77167754160956,1.4594787491414463
methanol,SMR,SMR,grid,SMR_H_C_grid_E,United States,1,2024,142.98513664277772,512.2128037533354,655.1979403961132,1.3548037072489187,88.49089459208655,0.2172755744607914,2.558864559819293,0.00023510208,12.170337163931713,0.0418699485000563,758.4180367119507,1.6141843322897664
methanol,SMR,SMR,grid,SMR_H_C_grid_E,Turkey,1,2024,130.8314000281416,429.010400159732,559.8418001878736,1.414719325187228,10.146640984986664,0.026154849702053,2.3502355635096523,0.00028775515,12.591115249067489,0.0433175630169984,584.9297919854373,1.4844794930562795
methanol,SMR,SMR,grid,SMR_H_C_grid_E,Australia,1,2024,146.55976505884712,683.7804052003723,830.3401702592195,1.4718481701981738,78.8034842059262,0.1936431469527896,2.673851488439774,0.00033795924,35.55048492422846,0.1223053193087221,947.367990877814,1.7881345956996855
methanol,SMR,SMR,grid,SMR_H_C_grid_E,Malaysia,1,2024,125.1119945624305,390.97698362635447,516.088978188785,1.5080762182538956,7.765323073628242,0.0203456271471706,2.238623836716881,0.0003697959799999,30.34359622361494,0.1043919156943736,556.436521322745,1.6331835570754398
methanol,SMR,SMR,grid,SMR_H_C_grid_E,Canada,1,2024,145.84483937563326,333.2485958515651,479.0934352271984,1.209194821794191,111.9192338137173,0.2744289834955782,2.5837520507156784,0.0001071428749999,11.02795216101818,0.0379397696894823,604.6243732526497,1.5216707178542515
methanol,SMR,SMR,grid,SMR_H_C_grid_E,Mexico,1,2024,125.82692024564436,329.2462499956473,455.0731702412917,1.4530374529384722,32.458224140908094,0.0805839334822081,2.301784494440977,0.000321428625,18.577812770264984,0.0639137645454839,508.41099164690576,1.5978565795911641
methanol,SMR,SMR,grid,SMR_H_C_grid_E,Thailand,1,2024,127.25677161207216,416.2072771176786,543.4640487297506,1.4732415566618555,11.669272719816664,0.0298693082271259,2.276269049889171,0.00033918373,33.68755828994832,0.115896241138903,591.0971487894049,1.6193462897578845
methanol,SMR,SMR,grid,SMR_H_C_grid_E,Russia,1,2024,135.12095412742494,179.84449883326974,314.9654529606947,1.400088767318571,136.74448225210324,0.3349901511040483,2.3881790448542315,0.000274898005,4.515639100965043,0.0155352784442634,458.61375335861715,1.7508890948718827
methanol,SMR,SMR,grid,SMR_H_C_grid_E,Saudi Arabia,1,2024,136.55080549385272,110.19888251745738,246.7496880113101,1.4718481701981738,28.6060741249968,0.0711866175461529,2.3993983003024244,0.00033795924,14.10326729475843,0.048519861640653,291.8584277313678,1.5918926086249796
methanol,ATRCCS,BEC,solar,ATRCCS_H_BEC_C_solar_E,South Africa,1,2024,171.99539045238782,270.27146320044534,442.2668536528331,-1.023698910402516,24.53851842343582,0.0612638196651808,2.3634903994060386,0.0004340817049999,25.830928168264716,0.0888668586207434,494.9997906439397,-0.8731341504115919
methanol,ATRCCS,BEC,solar,ATRCCS_H_BEC_C_solar_E,Taiwan,1,2024,169.2361061135794,487.2434208866208,656.4795270002003,-1.023698910402516,6.525622092765043,0.0173213779005709,2.3754370312337483,0.0003893878199999,36.935820409625535,0.1270713274026291,702.3164065338246,-0.878916817279316
methanol,ATRCCS,BEC,solar,ATRCCS_H_BEC_C_solar_E,Switzerland,1,2024,203.26727962554924,1921.0101967400128,2124.277476365562,-1.023698910402516,27.51533631048074,0.068525763788103,2.9013606570253185,2.2653065e-05,0.0,0.0,2154.694173333068,-0.955150493549413
methanol,ATRCCS,BEC,solar,ATRCCS_H_BEC_C_solar_E,Singapore,1,2024,170.1558675598489,2026.2218197872855,2196.3776873471347,-1.023698910402516,0.97719928410902,0.0037860062602167,2.4600262639578463,0.000305510255,30.748135543443087,0.1057836635366315,2230.5630484386447,-0.9138237303506679
methanol,ATRCCS,BEC,solar,ATRCCS_H_BEC_C_solar_E,Hungary,1,2024,165.55706032850165,819.9178239082669,985.4748842367684,-1.023698910402516,51.585109448964424,0.1272439501923771,2.344427090337363,0.0001120408349999,0.0,0.0,1039.40442077607,-0.896342919375139
methanol,ATRCCS,BEC,solar,ATRCCS_H_BEC_C_solar_E,Philippines,1,2024,164.63729888223216,490.4466637037529,655.0839625859851,-1.023698910402516,10.107765430778445,0.0260600128282098,2.301470517613267,0.0003753061849999,35.52536845557584,0.1222189104249892,703.0185669899527,-0.8750446809643171
methanol,ATRCCS,BEC,solar,ATRCCS_H_BEC_C_solar_E,Netherlands,1,2024,188.55109648523796,1329.415814633536,1517.966911118774,-1.023698910402516,5.11922627434319,0.0138904767720408,2.673239243439774,0.000154897985,0.0,0.0,1525.7593766365571,-1.0096535356454754
methanol,ATRCCS,BEC,solar,ATRCCS_H_BEC_C_solar_E,Norway,1,2024,208.78584830316595,1061.970590040484,1270.75643834365,-1.023698910402516,21.57408582181769,0.0540320894331074,2.878079638369897,1.8979595e-05,2.16119139281739,0.0074352066912496,1297.369795196655,-0.962212634683159
methanol,ATRCCS,BEC,solar,ATRCCS_H_BEC_C_solar_E,Oman,1,2024,175.67443623746564,151.80310824657138,327.477544484037,-1.023698910402516,18.344062311311852,0.046152450456501,2.4808268853024247,0.000333673525,21.91145943478494,0.0753826016270478,370.21389311543624,-0.9018301847939673
methanol,ATRCCS,BEC,solar,ATRCCS_H_BEC_C_solar_E,Italy,1,2024,176.59419768373508,1462.6726821248385,1639.2668798085735,-1.023698910402516,12.703599215411328,0.0323925466316501,2.651130418026521,0.00017632656,8.251398093798704,0.0283875137218633,1662.87300753581,-0.9627425234890026
methanol,ATRCCS,BEC,solar,ATRCCS_H_BEC_C_solar_E,Austria,1,2024,191.31038082404632,1267.1769375588244,1458.4873183828709,-1.023698910402516,36.74036974543607,0.0910302232070957,2.747006911612064,6.3061235e-05,0.0,0.0,1497.974695039919,-0.9326056259604204
methanol,ATRCCS,BEC,solar,ATRCCS_H_BEC_C_solar_E,Finland,1,2024,198.668472394202,1374.0451744898712,1572.7136468840731,-1.023698910402516,18.67936439460148,0.0469704195380984,2.7447410684048363,4.408164e-05,4.208689584965953,0.0144792715108576,1598.3464419320453,-0.96220513771356
methanol,ATRCCS,BEC,solar,ATRCCS_H_BEC_C_solar_E,Portugal,1,2024,167.39658322104057,1129.039324379907,1296.4359076009475,-1.023698910402516,9.118529180062064,0.0236467720289204,2.338503485785557,6.857144e-05,4.159614045582699,0.0143104355715642,1312.0525543123779,-0.9856731313620314
methanol,ATRCCS,BEC,solar,ATRCCS_H_BEC_C_solar_E,Germany,1,2024,189.47085793150745,1190.639599834612,1380.1104577661197,-1.023698910402516,19.102040951147117,0.0480015385558461,2.718032551163871,0.00021061228,0.0,0.0,1401.9305312684305,-0.97548675956667
methanol,ATRCCS,BEC,solar,ATRCCS_H_BEC_C_solar_E,Greece,1,2024,169.23610611357947,660.6436577469938,829.8797638605732,-1.023698910402516,8.034570812196023,0.0210024567238846,2.4189064262337494,0.0001959184,10.39807833449119,0.0357727972939781,850.7313194334941,-0.9667277379846533
methanol,ATRCCS,BEC,solar,ATRCCS_H_BEC_C_solar_E,France,1,2024,185.79181214642963,1291.2302135121547,1477.0220256585844,-1.023698910402516,26.098777975579193,0.0650700712112465,2.609879740267486,2.693878e-05,0.0,0.0,1505.730683374431,-0.9586019004112695
methanol,ATRCCS,BEC,solar,ATRCCS_H_BEC_C_solar_E,Brazil,1,2024,169.2361061135794,1242.3292627746664,1411.5653688882458,-1.023698910402516,68.96650800287952,0.1696458537908778,2.3503349862337486,6.3061235e-05,20.052705430499195,0.06898787867193,1502.934917307858,-0.7850021167047082
methanol,ATRCCS,BEC,solar,ATRCCS_H_BEC_C_solar_E,United Kingdom,1,2024,195.9091880553936,994.6275719183568,1190.5367599737503,-1.023698910402516,12.915972819599244,0.0329106318170113,2.899953030232547,0.000129183695,1.9570747960060495,0.0067329787018866,1208.3097606195884,-0.9839261161886181
methanol,ATRCCS,BEC,solar,ATRCCS_H_BEC_C_solar_E,Spain,1,2024,171.07562900611833,951.211634875172,1122.2872638812903,-1.023698910402516,21.385807864799265,0.0535727855538221,2.3805338366819417,8.938776999999999e-05,5.131878895923174,0.0176553453028094,1151.1854844786947,-0.9523813917758845
methanol,ATRCCS,BEC,solar,ATRCCS_H_BEC_C_solar_E,Sweden,1,2024,202.3475181792798,1953.293552218876,2155.641070398156,-1.023698910402516,22.56440133074008,0.0564479630816619,2.759498200469972,2.204082e-05,1.7888394327279502,0.0061541939154455,2182.7538093620938,-0.9610747125854087
methanol,ATRCCS,BEC,solar,ATRCCS_H_BEC_C_solar_E,Czech Republic,1,2024,167.39658322104057,974.5900523408714,1141.986635561912,-1.023698910402516,35.008356528367685,0.086804978775029,2.3880953307855566,0.00025346943,0.0,0.0,1179.383087421065,-0.936640462197487
methanol,ATRCCS,BEC,solar,ATRCCS_H_BEC_C_solar_E,Japan,1,2024,198.668472394202,1080.560384806361,1279.228857200563,-1.023698910402516,9.224572746193816,0.023905465197621,2.793108423404836,0.0002951020899999,41.67257406787354,0.1433673123911195,1332.9191124380352,-0.8561310307237755
methanol,ATRCCS,BEC,solar,ATRCCS_H_BEC_C_solar_E,Belgium,1,2024,188.55109648523796,856.7945106644469,1045.3456071496848,-1.023698910402516,6.891290009706824,0.0182134244016125,2.690994348439774,8.448981e-05,0.0,0.0,1054.9278915078314,-1.0054009961909034
methanol,ATRCCS,BEC,solar,ATRCCS_H_BEC_C_solar_E,Poland,1,2024,170.1558675598489,1129.2497964792556,1299.4056640391043,-1.023698910402516,11.233270499248109,0.0288056812659274,2.5365568889578465,0.000376530675,3.1328346139356533,0.0107779778142402,1316.3083260412461,-0.9837387206473485
methanol,ATRCCS,BEC,solar,ATRCCS_H_BEC_C_solar_E,India,1,2024,162.7977759896933,717.2101288672743,880.0079048569676,-1.023698910402516,41.30430620421374,0.1021639414262884,2.2627002371650744,0.0004334694599999,23.134804719573623,0.0795913103408614,946.70971601792,-0.8415101891753664
methanol,ATRCCS,BEC,solar,ATRCCS_H_BEC_C_solar_E,Indonesia,1,2024,148.08159284938202,1110.3338510112956,1258.4154438606777,-1.023698910402516,14.675222299770391,0.0372023190844393,2.0309053535795303,0.00039551027,34.945309666630486,0.1202233180849409,1310.0668811806581,-0.8658777629631359
methanol,ATRCCS,BEC,solar,ATRCCS_H_BEC_C_solar_E,South Korea,1,2024,172.91515189865726,848.8957408960014,1021.8108927946588,-1.023698910402516,7.503288733588453,0.0197063946486234,2.3917530921301347,0.00025346943,40.2483810771631,0.1384676217439359,1071.9543156975403,-0.8652714245799568
methanol,ATRCCS,BEC,solar,ATRCCS_H_BEC_C_solar_E,China,1,2024,168.31634466731,702.915197300504,871.231541967814,-1.023698910402516,78.31080589228577,0.1924412587218022,2.315337598509652,0.0003428572,38.75221989986314,0.1333203369483275,990.6099053584726,-0.6975944575323862
methanol,ATRCCS,BEC,solar,ATRCCS_H_BEC_C_solar_E,United Arab Emirates,1,2024,175.67443623746564,129.8458281229238,305.52026436038943,-1.023698910402516,10.915758228841952,0.0280311104142585,2.425112590302424,0.000234489835,22.41243881244368,0.0771061348751099,341.27357399197746,-0.9183271752781477
methanol,ATRCCS,BEC,solar,ATRCCS_H_BEC_C_solar_E,United States,1,2024,183.9522892538907,540.628235027112,724.5805242810028,-1.023698910402516,88.49089459208655,0.2172755744607914,2.558864559819293,0.00023510208,12.170337163931713,0.0418699485000563,827.8006205968403,-0.7643182853616683
methanol,ATRCCS,BEC,solar,ATRCCS_H_BEC_C_solar_E,Turkey,1,2024,168.31634466731,485.82167078888807,654.1380154561981,-1.023698910402516,10.146640984986664,0.026154849702053,2.3502355635096523,0.00028775515,12.591115249067489,0.0433175630169984,679.2260072537618,-0.9539387425334647
methanol,ATRCCS,BEC,solar,ATRCCS_H_BEC_C_solar_E,Australia,1,2024,188.55109648523796,634.0392165642229,822.5903130494609,-1.023698910402516,78.8034842059262,0.1936431469527896,2.673851488439774,0.00033795924,35.55048492422846,0.1223053193087221,939.6181336680554,-0.7074124849010043
methanol,ATRCCS,BEC,solar,ATRCCS_H_BEC_C_solar_E,Malaysia,1,2024,160.9582530971544,436.5482804691534,597.5065335663078,-1.023698910402516,7.765323073628242,0.0203456271471706,2.238623836716881,0.0003697959799999,30.34359622361494,0.1043919156943736,637.8540767002678,-0.8985915715809718
methanol,ATRCCS,BEC,solar,ATRCCS_H_BEC_C_solar_E,Canada,1,2024,187.63133503896853,417.17700904652065,604.8083440854891,-1.023698910402516,111.9192338137173,0.2744289834955782,2.5837520507156784,0.0001071428749999,11.02795216101818,0.0379397696894823,730.3392821109403,-0.7112230143424556
methanol,ATRCCS,BEC,solar,ATRCCS_H_BEC_C_solar_E,Mexico,1,2024,161.87801454342383,308.0497571245868,469.9277716680106,-1.023698910402516,32.458224140908094,0.0805839334822081,2.301784494440977,0.000321428625,18.577812770264984,0.0639137645454839,523.2655930736247,-0.8788797837498241
methanol,ATRCCS,BEC,solar,ATRCCS_H_BEC_C_solar_E,Thailand,1,2024,163.71753743596273,450.4311069779617,614.1486444139244,-1.023698910402516,11.669272719816664,0.0298693082271259,2.276269049889171,0.00033918373,33.68755828994832,0.115896241138903,661.7817444735787,-0.8775941773064873
methanol,ATRCCS,BEC,solar,ATRCCS_H_BEC_C_solar_E,Russia,1,2024,173.83491334492675,269.2118925245835,443.04680586951025,-1.023698910402516,136.74448225210324,0.3349901511040483,2.3881790448542315,0.000274898005,4.515639100965043,0.0155352784442634,586.6951062674327,-0.6728985828492043
methanol,ATRCCS,BEC,solar,ATRCCS_H_BEC_C_solar_E,Saudi Arabia,1,2024,175.67443623746564,149.6082397873954,325.2826760248611,-1.023698910402516,28.6060741249968,0.0711866175461529,2.3993983003024244,0.00033795924,14.10326729475843,0.048519861640653,370.39141574491873,-0.9036544719757101
methanol,BG,BEC,solar,BG_H_BEC_C_solar_E,South Africa,1,2024,177.1915221413973,380.4863736147336,557.6778957561309,-1.0614070562940898,24.53851842343582,0.0612638196651808,2.3634903994060386,0.0004340817049999,25.830928168264716,0.0888668586207434,610.4108327472374,-0.9108422963031656
methanol,BG,BEC,solar,BG_H_BEC_C_solar_E,Taiwan,1,2024,174.34887740116096,366.03543053440706,540.384307935568,-1.0614070562940898,6.525622092765043,0.0173213779005709,2.3754370312337483,0.0003893878199999,36.935820409625535,0.1270713274026291,586.2211874691924,-0.9166249631708898
methanol,BG,BEC,solar,BG_H_BEC_C_solar_E,Switzerland,1,2024,209.40816253074223,534.6997665388211,744.1079290695634,-1.0614070562940898,27.51533631048074,0.068525763788103,2.9013606570253185,2.2653065e-05,0.0,0.0,774.5246260370694,-0.9928586394409867
methanol,BG,BEC,solar,BG_H_BEC_C_solar_E,Singapore,1,2024,175.2964256479064,471.9205025612159,647.2169282091223,-1.0614070562940898,0.97719928410902,0.0037860062602167,2.4600262639578463,0.000305510255,30.748135543443087,0.1057836635366315,681.4022893006323,-0.9515318762422417
methanol,BG,BEC,solar,BG_H_BEC_C_solar_E,Hungary,1,2024,170.5586844141792,413.2097721203101,583.7684565344894,-1.0614070562940898,51.585109448964424,0.1272439501923771,2.344427090337363,0.0001120408349999,0.0,0.0,637.6979930737912,-0.9340510652667128
methanol,BG,BEC,solar,BG_H_BEC_C_solar_E,Philippines,1,2024,169.61113616743376,367.96429108880193,537.5754272562357,-1.0614070562940898,10.107765430778445,0.0260600128282098,2.301470517613267,0.0003753061849999,35.52536845557584,0.1222189104249892,585.5100316602033,-0.912752826855891
methanol,BG,BEC,solar,BG_H_BEC_C_solar_E,Netherlands,1,2024,194.24739058281517,462.591932585329,656.8393231681441,-1.0614070562940898,5.11922627434319,0.0138904767720408,2.673239243439774,0.000154897985,0.0,0.0,664.6317886859271,-1.0473616815370492
methanol,BG,BEC,solar,BG_H_BEC_C_solar_E,Norway,1,2024,215.09345201121488,504.0276764012866,719.1211284125015,-1.0614070562940898,21.57408582181769,0.0540320894331074,2.878079638369897,1.8979595e-05,2.16119139281739,0.0074352066912496,745.7344852655065,-0.9999207805747327
methanol,BG,BEC,solar,BG_H_BEC_C_solar_E,Oman,1,2024,180.98171512837908,358.18986922609014,539.1715843544692,-1.0614070562940898,18.344062311311852,0.046152450456501,2.4808268853024247,0.000333673525,21.91145943478494,0.0753826016270478,581.9079329858685,-0.9395383306855412
methanol,BG,BEC,solar,BG_H_BEC_C_solar_E,Italy,1,2024,181.9292633751245,457.99498867055127,639.9242520456758,-1.0614070562940898,12.703599215411328,0.0323925466316501,2.651130418026521,0.00017632656,8.251398093798704,0.0283875137218633,663.5303797729123,-1.0004506693805764
methanol,BG,BEC,solar,BG_H_BEC_C_solar_E,Austria,1,2024,197.09003532305152,471.3848272797722,668.4748626028237,-1.0614070562940898,36.74036974543607,0.0910302232070957,2.747006911612064,6.3061235e-05,0.0,0.0,707.9622392598718,-0.9703137718519942
methanol,BG,BEC,solar,BG_H_BEC_C_solar_E,Finland,1,2024,204.67042129701508,496.8638722877995,701.5342935848146,-1.0614070562940898,18.67936439460148,0.0469704195380984,2.7447410684048363,4.408164e-05,4.208689584965953,0.0144792715108576,727.167088632787,-0.9999132836051338
methanol,BG,BEC,solar,BG_H_BEC_C_solar_E,Portugal,1,2024,172.45378090767008,401.05159074878,573.50537165645,-1.0614070562940898,9.118529180062064,0.0236467720289204,2.338503485785557,6.857144e-05,4.159614045582699,0.0143104355715642,589.1220183678803,-1.0233812772536053
methanol,BG,BEC,solar,BG_H_BEC_C_solar_E,Germany,1,2024,195.1949388295606,476.2893442850734,671.4842831146341,-1.0614070562940898,19.102040951147117,0.0480015385558461,2.718032551163871,0.00021061228,0.0,0.0,693.3043566169451,-1.0131949054582436
methanol,BG,BEC,solar,BG_H_BEC_C_solar_E,Greece,1,2024,174.34887740116096,391.46035207113175,565.8092294722927,-1.0614070562940898,8.034570812196023,0.0210024567238846,2.4189064262337494,0.0001959184,10.39807833449119,0.0357727972939781,586.6607850452136,-1.004435883876227
methanol,BG,BEC,solar,BG_H_BEC_C_solar_E,France,1,2024,191.40474584257888,459.6265126297746,651.0312584723534,-1.0614070562940898,26.098777975579193,0.0650700712112465,2.609879740267486,2.693878e-05,0.0,0.0,679.7399161882001,-0.9963100463028433
methanol,BG,BEC,solar,BG_H_BEC_C_solar_E,Brazil,1,2024,174.34887740116096,408.3943291744269,582.7432065755879,-1.0614070562940898,68.96650800287952,0.1696458537908778,2.3503349862337486,6.3061235e-05,20.052705430499195,0.06898787867193,674.1127549952004,-0.822710262596282
methanol,BG,BEC,solar,BG_H_BEC_C_solar_E,United Kingdom,1,2024,201.8277765567787,446.6451089670242,648.4728855238029,-1.0614070562940898,12.915972819599244,0.0329106318170113,2.899953030232547,0.000129183695,1.9570747960060495,0.0067329787018866,666.2458861696407,-1.021634262080192
methanol,BG,BEC,solar,BG_H_BEC_C_solar_E,Spain,1,2024,176.24397389465182,412.02514312431634,588.2691170189681,-1.0614070562940898,21.385807864799265,0.0535727855538221,2.3805338366819417,8.938776999999999e-05,5.131878895923174,0.0176553453028094,617.1673376163725,-0.9900895376674583
methanol,BG,BEC,solar,BG_H_BEC_C_solar_E,Sweden,1,2024,208.4606142839968,523.9321264042798,732.3927406882766,-1.0614070562940898,22.56440133074008,0.0564479630816619,2.759498200469972,2.204082e-05,1.7888394327279502,0.0061541939154455,759.5054796522146,-0.9987828584769824
methanol,BG,BEC,solar,BG_H_BEC_C_solar_E,Czech Republic,1,2024,172.45378090767008,408.2183408300013,580.6721217376713,-1.0614070562940898,35.008356528367685,0.086804978775029,2.3880953307855566,0.00025346943,0.0,0.0,618.0685735968245,-0.9743486080890608
methanol,BG,BEC,solar,BG_H_BEC_C_solar_E,Japan,1,2024,204.67042129701508,468.8225128336654,673.4929341306805,-1.0614070562940898,9.224572746193816,0.023905465197621,2.793108423404836,0.0002951020899999,41.67257406787354,0.1433673123911195,727.1831893681529,-0.8938391766153495
methanol,BG,BEC,solar,BG_H_BEC_C_solar_E,Belgium,1,2024,194.24739058281517,490.37926772739246,684.6266583102076,-1.0614070562940898,6.891290009706824,0.0182134244016125,2.690994348439774,8.448981e-05,0.0,0.0,694.2089426683542,-1.0431091420824772
methanol,BG,BEC,solar,BG_H_BEC_C_solar_E,Poland,1,2024,175.2964256479064,443.6896877439558,618.9861133918622,-1.0614070562940898,11.233270499248109,0.0288056812659274,2.5365568889578465,0.000376530675,3.1328346139356533,0.0107779778142402,635.8887753940038,-1.021446866538922
methanol,BG,BEC,solar,BG_H_BEC_C_solar_E,India,1,2024,167.71603967394287,368.4371367536687,536.1531764276116,-1.0614070562940898,41.30430620421374,0.1021639414262884,2.2627002371650744,0.0004334694599999,23.134804719573623,0.0795913103408614,602.854987588564,-0.8792183350669401
methanol,BG,BEC,solar,BG_H_BEC_C_solar_E,Indonesia,1,2024,152.5552677260158,396.2182299160257,548.7734976420415,-1.0614070562940898,14.675222299770391,0.0372023190844393,2.0309053535795303,0.00039551027,34.945309666630486,0.1202233180849409,600.424934962022,-0.9035859088547097
methanol,BG,BEC,solar,BG_H_BEC_C_solar_E,South Korea,1,2024,178.1390703881427,426.66794665985674,604.8070170479995,-1.0614070562940898,7.503288733588453,0.0197063946486234,2.3917530921301347,0.00025346943,40.2483810771631,0.1384676217439359,654.9504399508811,-0.9029795704715305
methanol,BG,BEC,solar,BG_H_BEC_C_solar_E,China,1,2024,173.40132915441552,363.9765254437542,537.3778545981697,-1.0614070562940898,78.31080589228577,0.1924412587218022,2.315337598509652,0.0003428572,38.75221989986314,0.1333203369483275,656.7562179888283,-0.73530260342396
methanol,BG,BEC,solar,BG_H_BEC_C_solar_E,United Arab Emirates,1,2024,180.98171512837908,343.45127966559414,524.4329947939732,-1.0614070562940898,10.915758228841952,0.0280311104142585,2.425112590302424,0.000234489835,22.41243881244368,0.0771061348751099,560.1863044255613,-0.9560353211697215
methanol,BG,BEC,solar,BG_H_BEC_C_solar_E,United States,1,2024,189.509649349088,439.1791426558536,628.6887920049415,-1.0614070562940898,88.49089459208655,0.2172755744607914,2.558864559819293,0.00023510208,12.170337163931713,0.0418699485000563,731.908888320779,-0.8020264312532421
methanol,BG,BEC,solar,BG_H_BEC_C_solar_E,Turkey,1,2024,173.40132915441552,393.4527990752992,566.8541282297147,-1.0614070562940898,10.146640984986664,0.026154849702053,2.3502355635096523,0.00028775515,12.591115249067489,0.0433175630169984,591.9421200272784,-0.9916468884250385
methanol,BG,BEC,solar,BG_H_BEC_C_solar_E,Australia,1,2024,194.24739058281517,425.32938331439647,619.5767738972116,-1.0614070562940898,78.8034842059262,0.1936431469527896,2.673851488439774,0.00033795924,35.55048492422846,0.1223053193087221,736.6045945158062,-0.7451206307925781
methanol,BG,BEC,solar,BG_H_BEC_C_solar_E,Malaysia,1,2024,165.820943180452,370.55665964916847,536.3776028296204,-1.0614070562940898,7.765323073628242,0.0203456271471706,2.238623836716881,0.0003697959799999,30.34359622361494,0.1043919156943736,576.7251459635804,-0.9362997174725456
methanol,BG,BEC,solar,BG_H_BEC_C_solar_E,Canada,1,2024,193.29984233606976,444.61597184041625,637.915814176486,-1.0614070562940898,111.9192338137173,0.2744289834955782,2.5837520507156784,0.0001071428749999,11.02795216101818,0.0379397696894823,763.4467522019372,-0.7489311602340294
methanol,BG,BEC,solar,BG_H_BEC_C_solar_E,Mexico,1,2024,166.76849142719743,369.67820482939567,536.4466962565931,-1.0614070562940898,32.458224140908094,0.0805839334822081,2.301784494440977,0.000321428625,18.577812770264984,0.0639137645454839,589.7845176622072,-0.9165879296413979
methanol,BG,BEC,solar,BG_H_BEC_C_solar_E,Thailand,1,2024,168.66358792068831,360.6309455376036,529.2945334582919,-1.0614070562940898,11.669272719816664,0.0298693082271259,2.276269049889171,0.00033918373,33.68755828994832,0.115896241138903,576.9276335179461,-0.9153023231980609
methanol,BG,BEC,solar,BG_H_BEC_C_solar_E,Russia,1,2024,179.08661863488817,389.08525744828546,568.1718760831736,-1.0614070562940898,136.74448225210324,0.3349901511040483,2.3881790448542315,0.000274898005,4.515639100965043,0.0155352784442634,711.8201764810962,-0.7106067287407781
methanol,BG,BEC,solar,BG_H_BEC_C_solar_E,Saudi Arabia,1,2024,180.98171512837908,355.6996399994906,536.6813551278697,-1.0614070562940898,28.6060741249968,0.0711866175461529,2.3993983003024244,0.00033795924,14.10326729475843,0.048519861640653,581.7900948479273,-0.9413626178672839
methanol,LTE,BEC,solar,LTE_H_BEC_C_solar_E,South Africa,1,2024,204.03355600716057,881.011765384022,1085.0453213911826,-0.9183040846175468,24.53851842343582,0.0612638196651808,2.3634903994060386,0.0004340817049999,25.830928168264716,0.0888668586207434,1137.7782583822893,-0.7677393246266226
methanol,LTE,BEC,solar,LTE_H_BEC_C_solar_E,Taiwan,1,2024,200.7602904027676,452.1985329203179,652.9588233230855,-0.9183040846175468,6.525622092765043,0.0173213779005709,2.3754370312337483,0.0003893878199999,36.935820409625535,0.1270713274026291,698.7957028567099,-0.773521991494347
methanol,LTE,BEC,solar,LTE_H_BEC_C_solar_E,Switzerland,1,2024,241.13056619028063,834.1209212175762,1075.2514874078568,-0.9183040846175468,27.51533631048074,0.068525763788103,2.9013606570253185,2.2653065e-05,0.0,0.0,1105.668184375363,-0.8497556677644437
methanol,LTE,BEC,solar,LTE_H_BEC_C_solar_E,Singapore,1,2024,201.85137893756524,738.5475134826735,940.3988924202388,-0.9183040846175468,0.97719928410902,0.0037860062602167,2.4600262639578463,0.000305510255,30.748135543443087,0.1057836635366315,974.5842535117488,-0.8084289045656985
methanol,LTE,BEC,solar,LTE_H_BEC_C_solar_E,Hungary,1,2024,196.395936263577,1007.0324602828772,1203.428396546454,-0.9183040846175468,51.585109448964424,0.1272439501923771,2.344427090337363,0.0001120408349999,0.0,0.0,1257.3579330857558,-0.7909480935901697
methanol,LTE,BEC,solar,LTE_H_BEC_C_solar_E,Philippines,1,2024,195.30484772877935,680.880668237034,876.1855159658134,-0.9183040846175468,10.107765430778445,0.0260600128282098,2.301470517613267,0.0003753061849999,35.52536845557584,0.1222189104249892,924.1201203697809,-0.7696498551793478
methanol,LTE,BEC,solar,LTE_H_BEC_C_solar_E,Netherlands,1,2024,223.67314963351825,757.1741741905315,980.8473238240498,-0.9183040846175468,5.11922627434319,0.0138904767720408,2.673239243439774,0.000154897985,0.0,0.0,988.6397893418327,-0.9042587098605059
methanol,LTE,BEC,solar,LTE_H_BEC_C_solar_E,Norway,1,2024,247.67709739906655,1147.877277320834,1395.5543747199006,-0.9183040846175468,21.57408582181769,0.0540320894331074,2.878079638369897,1.8979595e-05,2.16119139281739,0.0074352066912496,1422.1677315729057,-0.8568178088981897
methanol,LTE,BEC,solar,LTE_H_BEC_C_solar_E,Oman,1,2024,208.39791014635117,548.6969056696406,757.0948158159918,-0.9183040846175468,18.344062311311852,0.046152450456501,2.4808268853024247,0.000333673525,21.91145943478494,0.0753826016270478,799.831164447391,-0.796435359008998
methanol,LTE,BEC,solar,LTE_H_BEC_C_solar_E,Italy,1,2024,209.4889986811488,692.7941894375205,902.2831881186692,-0.9183040846175468,12.703599215411328,0.0323925466316501,2.651130418026521,0.00017632656,8.251398093798704,0.0283875137218633,925.8893158459057,-0.8573476977040333
methanol,LTE,BEC,solar,LTE_H_BEC_C_solar_E,Austria,1,2024,226.9464152379112,800.1595665081943,1027.1059817461055,-0.9183040846175468,36.74036974543607,0.0910302232070957,2.747006911612064,6.3061235e-05,0.0,0.0,1066.5933584031536,-0.8272108001754511
methanol,LTE,BEC,solar,LTE_H_BEC_C_solar_E,Finland,1,2024,235.6751235162924,1131.6414842631546,1367.316607779447,-0.9183040846175468,18.67936439460148,0.0469704195380984,2.7447410684048363,4.408164e-05,4.208689584965953,0.0144792715108576,1392.9494028274191,-0.8568103119285907
methanol,LTE,BEC,solar,LTE_H_BEC_C_solar_E,Portugal,1,2024,198.5781133331723,572.5348489015865,771.1129622347588,-0.9183040846175468,9.118529180062064,0.0236467720289204,2.338503485785557,6.857144e-05,4.159614045582699,0.0143104355715642,786.729608946189,-0.8802783055770621
methanol,LTE,BEC,solar,LTE_H_BEC_C_solar_E,Germany,1,2024,224.7642381683159,808.7053491381764,1033.4695873064925,-0.9183040846175468,19.102040951147117,0.0480015385558461,2.718032551163871,0.00021061228,0.0,0.0,1055.2896608088033,-0.8700919337817007
methanol,LTE,BEC,solar,LTE_H_BEC_C_solar_E,Greece,1,2024,200.7602904027676,577.5689562763439,778.3292466791115,-0.9183040846175468,8.034570812196023,0.0210024567238846,2.4189064262337494,0.0001959184,10.39807833449119,0.0357727972939781,799.1808022520325,-0.8613329121996841
methanol,LTE,BEC,solar,LTE_H_BEC_C_solar_E,France,1,2024,220.3998840291253,658.6160278713543,879.0159119004795,-0.9183040846175468,26.098777975579193,0.0650700712112465,2.609879740267486,2.693878e-05,0.0,0.0,907.7245696163262,-0.8532070746263002
methanol,LTE,BEC,solar,LTE_H_BEC_C_solar_E,Brazil,1,2024,200.7602904027676,710.5578473937874,911.318137796555,-0.9183040846175468,68.96650800287952,0.1696458537908778,2.3503349862337486,6.3061235e-05,20.052705430499195,0.06898787867193,1002.6876862161674,-0.6796072909197389
methanol,LTE,BEC,solar,LTE_H_BEC_C_solar_E,United Kingdom,1,2024,232.40185791189944,856.5402337002113,1088.9420916121107,-0.9183040846175468,12.915972819599244,0.0329106318170113,2.899953030232547,0.000129183695,1.9570747960060495,0.0067329787018866,1106.7150922579488,-0.8785312904036489
methanol,LTE,BEC,solar,LTE_H_BEC_C_solar_E,Spain,1,2024,202.9424674723629,508.7001189248844,711.6425863972473,-0.9183040846175468,21.385807864799265,0.0535727855538221,2.3805338366819417,8.938776999999999e-05,5.131878895923174,0.0176553453028094,740.5408069946517,-0.8469865659909153
methanol,LTE,BEC,solar,LTE_H_BEC_C_solar_E,Sweden,1,2024,240.03947765548304,1136.3714368306842,1376.4109144861673,-0.9183040846175468,22.56440133074008,0.0564479630816619,2.759498200469972,2.204082e-05,1.7888394327279502,0.0061541939154455,1403.5236534501053,-0.8556798868004394
methanol,LTE,BEC,solar,LTE_H_BEC_C_solar_E,Czech Republic,1,2024,198.5781133331723,758.149529605378,956.7276429385504,-0.9183040846175468,35.008356528367685,0.086804978775029,2.3880953307855566,0.00025346943,0.0,0.0,994.1240947977036,-0.8312456364125177
methanol,LTE,BEC,solar,LTE_H_BEC_C_solar_E,Japan,1,2024,235.6751235162924,1217.6226276206976,1453.29775113699,-0.9183040846175468,9.224572746193816,0.023905465197621,2.793108423404836,0.0002951020899999,41.67257406787354,0.1433673123911195,1506.9880063744622,-0.7507362049388062
methanol,LTE,BEC,solar,LTE_H_BEC_C_solar_E,Belgium,1,2024,223.67314963351825,1116.3927981999304,1340.0659478334487,-0.9183040846175468,6.891290009706824,0.0182134244016125,2.690994348439774,8.448981e-05,0.0,0.0,1349.6482321915953,-0.9000061704059342
methanol,LTE,BEC,solar,LTE_H_BEC_C_solar_E,Poland,1,2024,201.85137893756524,1284.6828391835134,1486.5342181210783,-0.9183040846175468,11.233270499248109,0.0288056812659274,2.5365568889578465,0.000376530675,3.1328346139356533,0.0107779778142402,1503.4368801232201,-0.8783438948623792
methanol,LTE,BEC,solar,LTE_H_BEC_C_solar_E,India,1,2024,193.122670659184,576.7206586469858,769.8433293061698,-0.9183040846175468,41.30430620421374,0.1021639414262884,2.2627002371650744,0.0004334694599999,23.134804719573623,0.0795913103408614,836.5451404671222,-0.7361153633903971
methanol,LTE,BEC,solar,LTE_H_BEC_C_solar_E,Indonesia,1,2024,175.6652541024216,809.7108314926957,985.3760855951172,-0.9183040846175468,14.675222299770391,0.0372023190844393,2.0309053535795303,0.00039551027,34.945309666630486,0.1202233180849409,1037.0275229150977,-0.7604829371781666
methanol,LTE,BEC,solar,LTE_H_BEC_C_solar_E,South Korea,1,2024,205.1246445419582,823.5400791100041,1028.6647236519625,-0.9183040846175468,7.503288733588453,0.0197063946486234,2.3917530921301347,0.00025346943,40.2483810771631,0.1384676217439359,1078.8081465548441,-0.7598765987949874
methanol,LTE,BEC,solar,LTE_H_BEC_C_solar_E,China,1,2024,199.66920186796995,443.9701925867408,643.6393944547108,-0.9183040846175468,78.31080589228577,0.1924412587218022,2.315337598509652,0.0003428572,38.75221989986314,0.1333203369483275,763.0177578453694,-0.592199631747417
methanol,LTE,BEC,solar,LTE_H_BEC_C_solar_E,United Arab Emirates,1,2024,208.39791014635117,342.892657961896,551.2905681082472,-0.9183040846175468,10.915758228841952,0.0280311104142585,2.425112590302424,0.000234489835,22.41243881244368,0.0771061348751099,587.0438777398352,-0.8129323494931784
methanol,LTE,BEC,solar,LTE_H_BEC_C_solar_E,United States,1,2024,218.21770695953,738.5914969185583,956.8092038780884,-0.9183040846175468,88.49089459208655,0.2172755744607914,2.558864559819293,0.00023510208,12.170337163931713,0.0418699485000563,1060.029300193926,-0.6589234595766991
methanol,LTE,BEC,solar,LTE_H_BEC_C_solar_E,Turkey,1,2024,199.66920186796995,965.1803598116026,1164.8495616795726,-0.9183040846175468,10.146640984986664,0.026154849702053,2.3502355635096523,0.00028775515,12.591115249067489,0.0433175630169984,1189.9375534771364,-0.8485439167484954
methanol,LTE,BEC,solar,LTE_H_BEC_C_solar_E,Australia,1,2024,223.67314963351825,482.3676927423176,706.0408423758358,-0.9183040846175468,78.8034842059262,0.1936431469527896,2.673851488439774,0.00033795924,35.55048492422846,0.1223053193087221,823.0686629944304,-0.602017659116035
methanol,LTE,BEC,solar,LTE_H_BEC_C_solar_E,Malaysia,1,2024,190.94049358958875,725.1513861909183,916.091879780507,-0.9183040846175468,7.765323073628242,0.0203456271471706,2.238623836716881,0.0003697959799999,30.34359622361494,0.1043919156943736,956.4394229144671,-0.7931967457960027
methanol,LTE,BEC,solar,LTE_H_BEC_C_solar_E,Canada,1,2024,222.58206109872057,1120.3534429099425,1342.935504008663,-0.9183040846175468,111.9192338137173,0.2744289834955782,2.5837520507156784,0.0001071428749999,11.02795216101818,0.0379397696894823,1468.4664420341142,-0.6058281885574863
methanol,LTE,BEC,solar,LTE_H_BEC_C_solar_E,Mexico,1,2024,192.0315821243864,764.7518822939476,956.783464418334,-0.9183040846175468,32.458224140908094,0.0805839334822081,2.301784494440977,0.000321428625,18.577812770264984,0.0639137645454839,1010.121285823948,-0.7734849579648548
methanol,LTE,BEC,solar,LTE_H_BEC_C_solar_E,Thailand,1,2024,194.2137591939817,601.7709305622034,795.984689756185,-0.9183040846175468,11.669272719816664,0.0298693082271259,2.276269049889171,0.00033918373,33.68755828994832,0.115896241138903,843.6177898158393,-0.772199351521518
methanol,LTE,BEC,solar,LTE_H_BEC_C_solar_E,Russia,1,2024,206.21573307675584,1075.4840115705467,1281.6997446473026,-0.9183040846175468,136.74448225210324,0.3349901511040483,2.3881790448542315,0.000274898005,4.515639100965043,0.0155352784442634,1425.348045045225,-0.5675037570642351
methanol,LTE,BEC,solar,LTE_H_BEC_C_solar_E,Saudi Arabia,1,2024,208.39791014635117,539.6509580641972,748.0488682105483,-0.9183040846175468,28.6060741249968,0.0711866175461529,2.3993983003024244,0.00033795924,14.10326729475843,0.048519861640653,793.157607930606,-0.7982596461907409
methanol,SMR,BEC,solar,SMR_H_BEC_C_solar_E,South Africa,1,2024,133.69110276099715,225.1793260720798,358.87042883307697,0.8460109038807464,24.53851842343582,0.0612638196651808,2.3634903994060386,0.0004340817049999,25.830928168264716,0.0888668586207434,411.6033658241836,0.9965756638716705
methanol,SMR,BEC,solar,SMR_H_BEC_C_solar_E,Taiwan,1,2024,131.54632571135548,433.97277259170346,565.519098303059,0.8460109038807464,6.525622092765043,0.0173213779005709,2.3754370312337483,0.0003893878199999,36.935820409625535,0.1270713274026291,611.3559778366833,0.9907929970039462
methanol,SMR,BEC,solar,SMR_H_BEC_C_solar_E,Switzerland,1,2024,157.99857599026936,1739.9762292505045,1897.9748052407735,0.8460109038807464,27.51533631048074,0.068525763788103,2.9013606570253185,2.2653065e-05,0.0,0.0,1928.3915022082797,0.9145593207338495
methanol,SMR,BEC,solar,SMR_H_BEC_C_solar_E,Singapore,1,2024,132.26125139456937,1829.652072755366,1961.9133241499353,0.8460109038807464,0.97719928410902,0.0037860062602167,2.4600262639578463,0.000305510255,30.748135543443087,0.1057836635366315,1996.0986852414453,0.9558860839325947
methanol,SMR,BEC,solar,SMR_H_BEC_C_solar_E,Hungary,1,2024,128.68662297849994,720.1302761248309,848.8168991033308,0.8460109038807464,51.585109448964424,0.1272439501923771,2.344427090337363,0.0001120408349999,0.0,0.0,902.7464356426326,0.9733668949081234
methanol,SMR,BEC,solar,SMR_H_BEC_C_solar_E,Philippines,1,2024,127.97169729528603,428.8676287165262,556.8393260118122,0.8460109038807464,10.107765430778445,0.0260600128282098,2.301470517613267,0.0003753061849999,35.52536845557584,0.1222189104249892,604.7739304157798,0.9946651333189453
methanol,SMR,BEC,solar,SMR_H_BEC_C_solar_E,Netherlands,1,2024,146.55976505884712,1199.0947201406,1345.6544851994472,0.8460109038807464,5.11922627434319,0.0138904767720408,2.673239243439774,0.000154897985,0.0,0.0,1353.4469507172303,0.8600562786377872
methanol,SMR,BEC,solar,SMR_H_BEC_C_solar_E,Norway,1,2024,162.2881300895527,947.5390798890064,1109.827209978559,0.8460109038807464,21.57408582181769,0.0540320894331074,2.878079638369897,1.8979595e-05,2.16119139281739,0.0074352066912496,1136.4405668315642,0.9074971796001035
methanol,SMR,BEC,solar,SMR_H_BEC_C_solar_E,Oman,1,2024,136.55080549385272,129.28796370092277,265.83876919477547,0.8460109038807464,18.344062311311852,0.046152450456501,2.4808268853024247,0.000333673525,21.91145943478494,0.0753826016270478,308.5751178261747,0.9678796294892952
methanol,SMR,BEC,solar,SMR_H_BEC_C_solar_E,Italy,1,2024,137.26573117706658,1319.385890548495,1456.6516217255612,0.8460109038807464,12.703599215411328,0.0323925466316501,2.651130418026521,0.00017632656,8.251398093798704,0.0283875137218633,1480.2577494527977,0.9069672907942599
methanol,SMR,BEC,solar,SMR_H_BEC_C_solar_E,Austria,1,2024,148.70454210848882,1141.282558076165,1289.987100184654,0.8460109038807464,36.74036974543607,0.0910302232070957,2.747006911612064,6.3061235e-05,0.0,0.0,1329.4744768417022,0.937104188322842
methanol,SMR,BEC,solar,SMR_H_BEC_C_solar_E,Finland,1,2024,154.42394757419993,1229.4609981145866,1383.8849456887865,0.8460109038807464,18.67936439460148,0.0469704195380984,2.7447410684048363,4.408164e-05,4.208689584965953,0.0144792715108576,1409.5177407367587,0.9075046765697025
methanol,SMR,BEC,solar,SMR_H_BEC_C_solar_E,Portugal,1,2024,130.1164743449277,1017.4234856135292,1147.5399599584568,0.8460109038807464,9.118529180062064,0.0236467720289204,2.338503485785557,6.857144e-05,4.159614045582699,0.0143104355715642,1163.1566066698872,0.884036682921231
methanol,SMR,BEC,solar,SMR_H_BEC_C_solar_E,Germany,1,2024,147.27469074206104,1074.746172574829,1222.02086331689,0.8460109038807464,19.102040951147117,0.0480015385558461,2.718032551163871,0.00021061228,0.0,0.0,1243.8409368192008,0.8942230547165925
methanol,SMR,BEC,solar,SMR_H_BEC_C_solar_E,Greece,1,2024,131.5463257113555,590.4728817288377,722.0192074401932,0.8460109038807464,8.034570812196023,0.0210024567238846,2.4189064262337494,0.0001959184,10.39807833449119,0.0357727972939781,742.8707630131142,0.902982076298609
methanol,SMR,BEC,solar,SMR_H_BEC_C_solar_E,France,1,2024,144.4149880092055,1167.510269339798,1311.9252573490037,0.8460109038807464,26.098777975579193,0.0650700712112465,2.609879740267486,2.693878e-05,0.0,0.0,1340.6339150648503,0.911107913871993
methanol,SMR,BEC,solar,SMR_H_BEC_C_solar_E,Brazil,1,2024,131.54632571135548,1113.1277884294595,1244.674114140815,0.8460109038807464,68.96650800287952,0.1696458537908778,2.3503349862337486,6.3061235e-05,20.052705430499195,0.06898787867193,1336.0436625604273,1.0847076975785543
methanol,SMR,BEC,solar,SMR_H_BEC_C_solar_E,United Kingdom,1,2024,152.27917052455825,890.623046463778,1042.9022169883362,0.8460109038807464,12.915972819599244,0.0329106318170113,2.899953030232547,0.000129183695,1.9570747960060495,0.0067329787018866,1060.6752176341743,0.8857836980946443
methanol,SMR,BEC,solar,SMR_H_BEC_C_solar_E,Spain,1,2024,132.97617707778326,860.721843352705,993.6980204304884,0.8460109038807464,21.385807864799265,0.0535727855538221,2.3805338366819417,8.938776999999999e-05,5.131878895923174,0.0176553453028094,1022.5962410278928,0.9173284225073779
methanol,SMR,BEC,solar,SMR_H_BEC_C_solar_E,Sweden,1,2024,157.2836503070555,1756.494608484849,1913.7782587919048,0.8460109038807464,22.56440133074008,0.0564479630816619,2.759498200469972,2.204082e-05,1.7888394327279502,0.0061541939154455,1940.8909977558428,0.9086351016978538
methanol,SMR,BEC,solar,SMR_H_BEC_C_solar_E,Czech Republic,1,2024,130.1164743449277,873.8093385987961,1003.9258129437238,0.8460109038807464,35.008356528367685,0.086804978775029,2.3880953307855566,0.00025346943,0.0,0.0,1041.322264802877,0.9330693520857755
methanol,SMR,BEC,solar,SMR_H_BEC_C_solar_E,Japan,1,2024,154.42394757419993,953.0028117677316,1107.4267593419313,0.8460109038807464,9.224572746193816,0.023905465197621,2.793108423404836,0.0002951020899999,41.67257406787354,0.1433673123911195,1161.1170145794035,1.013578783559487
methanol,SMR,BEC,solar,SMR_H_BEC_C_solar_E,Belgium,1,2024,146.55976505884712,760.5520666291993,907.1118316880464,0.8460109038807464,6.891290009706824,0.0182134244016125,2.690994348439774,8.448981e-05,0.0,0.0,916.694116046193,0.8643088180923589
methanol,SMR,BEC,solar,SMR_H_BEC_C_solar_E,Poland,1,2024,132.26125139456937,994.001051964632,1126.2623033592015,0.8460109038807464,11.233270499248109,0.0288056812659274,2.5365568889578465,0.000376530675,3.1328346139356533,0.0107779778142402,1143.1649653613433,0.885971093635914
methanol,SMR,BEC,solar,SMR_H_BEC_C_solar_E,India,1,2024,126.54184592885824,637.3156371061401,763.8574830349984,0.8460109038807464,41.30430620421374,0.1021639414262884,2.2627002371650744,0.0004334694599999,23.134804719573623,0.0795913103408614,830.5592941959508,1.028199625107896
methanol,SMR,BEC,solar,SMR_H_BEC_C_solar_E,Indonesia,1,2024,115.10303499743604,987.4842782068996,1102.5873132043355,0.8460109038807464,14.675222299770391,0.0372023190844393,2.0309053535795303,0.00039551027,34.945309666630486,0.1202233180849409,1154.238750524316,1.0038320513201264
methanol,SMR,BEC,solar,SMR_H_BEC_C_solar_E,South Korea,1,2024,134.40602844421105,753.7000596924022,888.1060881366133,0.8460109038807464,7.503288733588453,0.0197063946486234,2.3917530921301347,0.00025346943,40.2483810771631,0.1384676217439359,938.2495110394949,1.0044383897033058
methanol,SMR,BEC,solar,SMR_H_BEC_C_solar_E,China,1,2024,130.8314000281416,629.469439356103,760.3008393842446,0.8460109038807464,78.31080589228577,0.1924412587218022,2.315337598509652,0.0003428572,38.75221989986314,0.1333203369483275,879.6792027749032,1.1721153567508762
methanol,SMR,BEC,solar,SMR_H_BEC_C_solar_E,United Arab Emirates,1,2024,136.55080549385272,114.90839602880504,251.45920152265776,0.8460109038807464,10.915758228841952,0.0280311104142585,2.425112590302424,0.000234489835,22.41243881244368,0.0771061348751099,287.2125111542458,0.9513826390051148
methanol,SMR,BEC,solar,SMR_H_BEC_C_solar_E,United States,1,2024,142.98513664277772,482.82182459084703,625.8069612336247,0.8460109038807464,88.49089459208655,0.2172755744607914,2.558864559819293,0.00023510208,12.170337163931713,0.0418699485000563,729.0270575494623,1.105391528921594
methanol,SMR,BEC,solar,SMR_H_BEC_C_solar_E,Turkey,1,2024,130.8314000281416,416.0613812686868,546.8927812968284,0.8460109038807464,10.146640984986664,0.026154849702053,2.3502355635096523,0.00028775515,12.591115249067489,0.0433175630169984,571.9807730943921,0.9157710717497978
methanol,SMR,BEC,solar,SMR_H_BEC_C_solar_E,Australia,1,2024,146.55976505884712,577.4744932426594,724.0342583015065,0.8460109038807464,78.8034842059262,0.1936431469527896,2.673851488439774,0.00033795924,35.55048492422846,0.1223053193087221,841.062078920101,1.162297329382258
methanol,SMR,BEC,solar,SMR_H_BEC_C_solar_E,Malaysia,1,2024,125.1119945624305,377.7980559688018,502.9100505312323,0.8460109038807464,7.765323073628242,0.0203456271471706,2.238623836716881,0.0003697959799999,30.34359622361494,0.1043919156943736,543.2575936651923,0.9711182427022904
methanol,SMR,BEC,solar,SMR_H_BEC_C_solar_E,Canada,1,2024,145.84483937563326,356.7366329857939,502.58147236142713,0.8460109038807464,111.9192338137173,0.2744289834955782,2.5837520507156784,0.0001071428749999,11.02795216101818,0.0379397696894823,628.1124103868783,1.1584867999408068
methanol,SMR,BEC,solar,SMR_H_BEC_C_solar_E,Mexico,1,2024,125.82692024564436,260.6314418805219,386.45836212616626,0.8460109038807464,32.458224140908094,0.0805839334822081,2.301784494440977,0.000321428625,18.577812770264984,0.0639137645454839,439.79618353178034,0.9908300305334383
methanol,SMR,BEC,solar,SMR_H_BEC_C_solar_E,Thailand,1,2024,127.25677161207216,394.61229521948894,521.8690668315611,0.8460109038807464,11.669272719816664,0.0298693082271259,2.276269049889171,0.00033918373,33.68755828994832,0.115896241138903,569.5021668912153,0.9921156369767752
methanol,SMR,BEC,solar,SMR_H_BEC_C_solar_E,Russia,1,2024,135.12095412742494,215.17632090879215,350.2972750362171,0.8460109038807464,136.74448225210324,0.3349901511040483,2.3881790448542315,0.000274898005,4.515639100965043,0.0155352784442634,493.9455754341396,1.1968112314340582
methanol,SMR,BEC,solar,SMR_H_BEC_C_solar_E,Saudi Arabia,1,2024,136.55080549385272,126.4413100405418,262.99211553439454,0.8460109038807464,28.6060741249968,0.0711866175461529,2.3993983003024244,0.00033795924,14.10326729475843,0.048519861640653,308.1008552544522,0.9660553423075523
methanol,SMRCCS,BEC,solar,SMRCCS_H_BEC_C_solar_E,South Africa,1,2024,189.57875801038116,286.123742388572,475.70250039895313,-0.9111501815457168,24.53851842343582,0.0612638196651808,2.3634903994060386,0.0004340817049999,25.830928168264716,0.0888668586207434,528.4354373900597,-0.7605854215547927
methanol,SMRCCS,BEC,solar,SMRCCS_H_BEC_C_solar_E,Taiwan,1,2024,186.53738756101671,549.3531590096911,735.8905465707079,-0.9111501815457168,6.525622092765043,0.0173213779005709,2.3754370312337483,0.0003893878199999,36.935820409625535,0.1270713274026291,781.7274261043323,-0.766368088422517
methanol,SMRCCS,BEC,solar,SMRCCS_H_BEC_C_solar_E,Switzerland,1,2024,224.04762310317773,2214.8821661893867,2438.929789292564,-0.9111501815457168,27.51533631048074,0.068525763788103,2.9013606570253185,2.2653065e-05,0.0,0.0,2469.34648626007,-0.8426017646926137
methanol,SMRCCS,BEC,solar,SMRCCS_H_BEC_C_solar_E,Singapore,1,2024,187.5511777108049,2340.7291980993377,2528.2803758101427,-0.9111501815457168,0.97719928410902,0.0037860062602167,2.4600262639578463,0.000305510255,30.748135543443087,0.1057836635366315,2562.4657369016527,-0.8012750014938685
methanol,SMRCCS,BEC,solar,SMRCCS_H_BEC_C_solar_E,Hungary,1,2024,182.48222696186423,922.312003270056,1104.7942302319202,-0.9111501815457168,51.585109448964424,0.1272439501923771,2.344427090337363,0.0001120408349999,0.0,0.0,1158.723766771222,-0.7837941905183398
methanol,SMRCCS,BEC,solar,SMRCCS_H_BEC_C_solar_E,Philippines,1,2024,181.46843681207605,547.4017284087645,728.8701652208406,-0.9111501815457168,10.107765430778445,0.0260600128282098,2.301470517613267,0.0003753061849999,35.52536845557584,0.1222189104249892,776.8047696248082,-0.7624959521075179
methanol,SMRCCS,BEC,solar,SMRCCS_H_BEC_C_solar_E,Netherlands,1,2024,207.82698070656755,1527.6765724953518,1735.5035532019194,-0.9111501815457168,5.11922627434319,0.0138904767720408,2.673239243439774,0.000154897985,0.0,0.0,1743.2960187197025,-0.897104806788676
methanol,SMRCCS,BEC,solar,SMRCCS_H_BEC_C_solar_E,Norway,1,2024,230.1303640019065,1202.6140168251509,1432.7443808270573,-0.9111501815457168,21.57408582181769,0.0540320894331074,2.878079638369897,1.8979595e-05,2.16119139281739,0.0074352066912496,1459.3577376800624,-0.8496639058263598
methanol,SMRCCS,BEC,solar,SMRCCS_H_BEC_C_solar_E,Oman,1,2024,193.63391860953368,159.68284406638284,353.3167626759165,-0.9111501815457168,18.344062311311852,0.046152450456501,2.4808268853024247,0.000333673525,21.91145943478494,0.0753826016270478,396.0531113073157,-0.789281455937168
methanol,SMRCCS,BEC,solar,SMRCCS_H_BEC_C_solar_E,Italy,1,2024,194.6477087593218,1682.1391540172874,1876.7868627766093,-0.9111501815457168,12.703599215411328,0.0323925466316501,2.651130418026521,0.00017632656,8.251398093798704,0.0283875137218633,1900.3929905038458,-0.8501937946322033
methanol,SMRCCS,BEC,solar,SMRCCS_H_BEC_C_solar_E,Austria,1,2024,210.868351155932,1451.8120913757398,1662.6804425316718,-0.9111501815457168,36.74036974543607,0.0910302232070957,2.747006911612064,6.3061235e-05,0.0,0.0,1702.16781918872,-0.8200568971036212
methanol,SMRCCS,BEC,solar,SMRCCS_H_BEC_C_solar_E,Finland,1,2024,218.97867235423703,1568.3932039078088,1787.3718762620458,-0.9111501815457168,18.67936439460148,0.0469704195380984,2.7447410684048363,4.408164e-05,4.208689584965953,0.0144792715108576,1813.004671310018,-0.8496564088567607
methanol,SMRCCS,BEC,solar,SMRCCS_H_BEC_C_solar_E,Portugal,1,2024,184.50980726144044,1300.7159369884423,1485.2257442498828,-0.9111501815457168,9.118529180062064,0.0236467720289204,2.338503485785557,6.857144e-05,4.159614045582699,0.0143104355715642,1500.8423909613132,-0.8731244025052322
methanol,SMRCCS,BEC,solar,SMRCCS_H_BEC_C_solar_E,Germany,1,2024,208.8407708563557,1365.427698795192,1574.2684696515475,-0.9111501815457168,19.102040951147117,0.0480015385558461,2.718032551163871,0.00021061228,0.0,0.0,1596.0885431538584,-0.8629380307098707
methanol,SMRCCS,BEC,solar,SMRCCS_H_BEC_C_solar_E,Greece,1,2024,186.53738756101671,749.7670375812036,936.3044251422205,-0.9111501815457168,8.034570812196023,0.0210024567238846,2.4189064262337494,0.0001959184,10.39807833449119,0.0357727972939781,957.1559807151415,-0.8541790091278542
methanol,SMRCCS,BEC,solar,SMRCCS_H_BEC_C_solar_E,France,1,2024,204.78561025720316,1485.0773226304846,1689.8629328876875,-0.9111501815457168,26.098777975579193,0.0650700712112465,2.609879740267486,2.693878e-05,0.0,0.0,1718.571590603534,-0.8460531715544702
methanol,SMRCCS,BEC,solar,SMRCCS_H_BEC_C_solar_E,Brazil,1,2024,186.53738756101671,1425.56191132347,1612.0992988844866,-0.9111501815457168,68.96650800287952,0.1696458537908778,2.3503349862337486,6.3061235e-05,20.052705430499195,0.06898787867193,1703.468847304099,-0.672453387847909
methanol,SMRCCS,BEC,solar,SMRCCS_H_BEC_C_solar_E,United Kingdom,1,2024,215.93730190487264,1134.0518041253958,1349.9891060302684,-0.9111501815457168,12.915972819599244,0.0329106318170113,2.899953030232547,0.000129183695,1.9570747960060495,0.0067329787018866,1367.7621066761064,-0.8713773873318189
methanol,SMRCCS,BEC,solar,SMRCCS_H_BEC_C_solar_E,Spain,1,2024,188.564967860593,1094.4040760176724,1282.9690438782654,-0.9111501815457168,21.385807864799265,0.0535727855538221,2.3805338366819417,8.938776999999999e-05,5.131878895923174,0.0176553453028094,1311.8672644756698,-0.8398326629190853
methanol,SMRCCS,BEC,solar,SMRCCS_H_BEC_C_solar_E,Sweden,1,2024,223.0338329533896,2245.138144338513,2468.1719772919027,-0.9111501815457168,22.56440133074008,0.0564479630816619,2.759498200469972,2.204082e-05,1.7888394327279502,0.0061541939154455,2495.2847162558405,-0.8485259837286094
methanol,SMRCCS,BEC,solar,SMRCCS_H_BEC_C_solar_E,Czech Republic,1,2024,184.50980726144044,1118.0026957597806,1302.5125030212212,-0.9111501815457168,35.008356528367685,0.086804978775029,2.3880953307855566,0.00025346943,0.0,0.0,1339.9089548803743,-0.8240917333406877
methanol,SMRCCS,BEC,solar,SMRCCS_H_BEC_C_solar_E,Japan,1,2024,218.97867235423703,1217.1797909484087,1436.1584633026455,-0.9111501815457168,9.224572746193816,0.023905465197621,2.793108423404836,0.0002951020899999,41.67257406787354,0.1433673123911195,1489.8487185401177,-0.7435823018669763
methanol,SMRCCS,BEC,solar,SMRCCS_H_BEC_C_solar_E,Belgium,1,2024,207.82698070656755,962.0782443600622,1169.9052250666298,-0.9111501815457168,6.891290009706824,0.0182134244016125,2.690994348439774,8.448981e-05,0.0,0.0,1179.4875094247764,-0.8928522673341043
methanol,SMRCCS,BEC,solar,SMRCCS_H_BEC_C_solar_E,Poland,1,2024,187.5511777108049,1276.9428377651589,1464.4940154759638,-0.9111501815457168,11.233270499248109,0.0288056812659274,2.5365568889578465,0.000376530675,3.1328346139356533,0.0107779778142402,1481.3966774781056,-0.8711899917905492
methanol,SMRCCS,BEC,solar,SMRCCS_H_BEC_C_solar_E,India,1,2024,179.4408565124998,814.6026103251214,994.0434668376212,-0.9111501815457168,41.30430620421374,0.1021639414262884,2.2627002371650744,0.0004334694599999,23.134804719573623,0.0795913103408614,1060.7452779985736,-0.7289614603185671
methanol,SMRCCS,BEC,solar,SMRCCS_H_BEC_C_solar_E,Indonesia,1,2024,163.22021411588963,1266.961719725998,1430.1819338418877,-0.9111501815457168,14.675222299770391,0.0372023190844393,2.0309053535795303,0.00039551027,34.945309666630486,0.1202233180849409,1481.8333711618682,-0.7533290341063367
methanol,SMRCCS,BEC,solar,SMRCCS_H_BEC_C_solar_E,South Korea,1,2024,190.5925481601693,958.7969769454164,1149.3895251055856,-0.9111501815457168,7.503288733588453,0.0197063946486234,2.3917530921301347,0.00025346943,40.2483810771631,0.1384676217439359,1199.5329480084672,-0.7527226957231574
methanol,SMRCCS,BEC,solar,SMRCCS_H_BEC_C_solar_E,China,1,2024,185.5235974112286,802.6939930620543,988.2175904732828,-0.9111501815457168,78.31080589228577,0.1924412587218022,2.315337598509652,0.0003428572,38.75221989986314,0.1333203369483275,1107.5959538639413,-0.585045728675587
methanol,SMRCCS,BEC,solar,SMRCCS_H_BEC_C_solar_E,United Arab Emirates,1,2024,193.63391860953368,139.43780003964815,333.07171864918183,-0.9111501815457168,10.915758228841952,0.0280311104142585,2.425112590302424,0.000234489835,22.41243881244368,0.0771061348751099,368.8250282807699,-0.8057784464213484
methanol,SMRCCS,BEC,solar,SMRCCS_H_BEC_C_solar_E,United States,1,2024,202.7580299576269,604.7599848929013,807.5180148505282,-0.9111501815457168,88.49089459208655,0.2172755744607914,2.558864559819293,0.00023510208,12.170337163931713,0.0418699485000563,910.7381111663657,-0.6517695565048691
methanol,SMRCCS,BEC,solar,SMRCCS_H_BEC_C_solar_E,Turkey,1,2024,185.5235974112286,531.6941467812868,717.2177441925154,-0.9111501815457168,10.146640984986664,0.026154849702053,2.3502355635096523,0.00028775515,12.591115249067489,0.0433175630169984,742.3057359900791,-0.8413900136766654
methanol,SMRCCS,BEC,solar,SMRCCS_H_BEC_C_solar_E,Australia,1,2024,207.82698070656755,725.0812533284997,932.9082340350672,-0.9111501815457168,78.8034842059262,0.1936431469527896,2.673851488439774,0.00033795924,35.55048492422846,0.1223053193087221,1049.9360546536616,-0.594863756044205
methanol,SMRCCS,BEC,solar,SMRCCS_H_BEC_C_solar_E,Malaysia,1,2024,177.4132762129235,481.43912535195255,658.8524015648761,-0.9111501815457168,7.765323073628242,0.0203456271471706,2.238623836716881,0.0003697959799999,30.34359622361494,0.1043919156943736,699.1999446988361,-0.7860428427241728
methanol,SMRCCS,BEC,solar,SMRCCS_H_BEC_C_solar_E,Canada,1,2024,206.81319055677943,448.78767045326794,655.6008610100473,-0.9111501815457168,111.9192338137173,0.2744289834955782,2.5837520507156784,0.0001071428749999,11.02795216101818,0.0379397696894823,781.1317990354985,-0.5986742854856564
methanol,SMRCCS,BEC,solar,SMRCCS_H_BEC_C_solar_E,Mexico,1,2024,178.42706636271166,331.02598488856324,509.4530512512749,-0.9111501815457168,32.458224140908094,0.0805839334822081,2.301784494440977,0.000321428625,18.577812770264984,0.0639137645454839,562.790872656889,-0.7663310548930249
methanol,SMRCCS,BEC,solar,SMRCCS_H_BEC_C_solar_E,Thailand,1,2024,180.45464666228796,502.7704429199685,683.2250895822565,-0.9111501815457168,11.669272719816664,0.0298693082271259,2.276269049889171,0.00033918373,33.68755828994832,0.115896241138903,730.8581896419107,-0.765045448449688
methanol,SMRCCS,BEC,solar,SMRCCS_H_BEC_C_solar_E,Russia,1,2024,191.60633830995744,275.068454859687,466.6747931696444,-0.9111501815457168,136.74448225210324,0.3349901511040483,2.3881790448542315,0.000274898005,4.515639100965043,0.0155352784442634,610.323093567567,-0.5603498539924051
methanol,SMRCCS,BEC,solar,SMRCCS_H_BEC_C_solar_E,Saudi Arabia,1,2024,193.63391860953368,156.0913337045173,349.725252314051,-0.9111501815457168,28.6060741249968,0.0711866175461529,2.3993983003024244,0.00033795924,14.10326729475843,0.048519861640653,394.83399203410863,-0.7911057431189109
methanol,BG,BG,solar,BG_H_C_solar_E,South Africa,1,2024,177.1915221413973,347.2446312347336,524.436153376131,-0.7943668043746759,24.53851842343582,0.0612638196651808,2.3634903994060386,0.0004340817049999,25.830928168264716,0.0888668586207434,577.1690903672375,-0.6438020443837518
methanol,BG,BG,solar,BG_H_C_solar_E,Taiwan,1,2024,174.34887740116096,332.79368815440705,507.142565555568,-0.7943668043746759,6.525622092765043,0.0173213779005709,2.3754370312337483,0.0003893878199999,36.935820409625535,0.1270713274026291,552.9794450891924,-0.6495847112514761
methanol,BG,BG,solar,BG_H_C_solar_E,Switzerland,1,2024,209.40816253074223,501.4580241588211,710.8661866895634,-0.7943668043746759,27.51533631048074,0.068525763788103,2.9013606570253185,2.2653065e-05,0.0,0.0,741.2828836570694,-0.7258183875215728
methanol,BG,BG,solar,BG_H_C_solar_E,Singapore,1,2024,175.2964256479064,438.6787601812159,613.9751858291223,-0.7943668043746759,0.97719928410902,0.0037860062602167,2.4600262639578463,0.000305510255,30.748135543443087,0.1057836635366315,648.1605469206323,-0.6844916243228276
methanol,BG,BG,solar,BG_H_C_solar_E,Hungary,1,2024,170.5586844141792,379.96802974031016,550.5267141544894,-0.7943668043746759,51.585109448964424,0.1272439501923771,2.344427090337363,0.0001120408349999,0.0,0.0,604.4562506937912,-0.6670108133472988
methanol,BG,BG,solar,BG_H_C_solar_E,Philippines,1,2024,169.61113616743376,334.7225487088019,504.3336848762357,-0.7943668043746759,10.107765430778445,0.0260600128282098,2.301470517613267,0.0003753061849999,35.52536845557584,0.1222189104249892,552.2682892802032,-0.6457125749364769
methanol,BG,BG,solar,BG_H_C_solar_E,Netherlands,1,2024,194.24739058281517,429.350190205329,623.5975807881441,-0.7943668043746759,5.11922627434319,0.0138904767720408,2.673239243439774,0.000154897985,0.0,0.0,631.3900463059271,-0.7803214296176351
methanol,BG,BG,solar,BG_H_C_solar_E,Norway,1,2024,215.09345201121488,470.78593402128666,685.8793860325015,-0.7943668043746759,21.57408582181769,0.0540320894331074,2.878079638369897,1.8979595e-05,2.16119139281739,0.0074352066912496,712.4927428855065,-0.7328805286553188
methanol,BG,BG,solar,BG_H_C_solar_E,Oman,1,2024,180.98171512837908,324.94812684609013,505.9298419744693,-0.7943668043746759,18.344062311311852,0.046152450456501,2.4808268853024247,0.000333673525,21.91145943478494,0.0753826016270478,548.6661906058685,-0.6724980787661271
methanol,BG,BG,solar,BG_H_C_solar_E,Italy,1,2024,181.9292633751245,424.75324629055126,606.6825096656758,-0.7943668043746759,12.703599215411328,0.0323925466316501,2.651130418026521,0.00017632656,8.251398093798704,0.0283875137218633,630.2886373929123,-0.7334104174611624
methanol,BG,BG,solar,BG_H_C_solar_E,Austria,1,2024,197.09003532305152,438.1430848997722,635.2331202228237,-0.7943668043746759,36.74036974543607,0.0910302232070957,2.747006911612064,6.3061235e-05,0.0,0.0,674.7204968798718,-0.7032735199325802
methanol,BG,BG,solar,BG_H_C_solar_E,Finland,1,2024,204.67042129701508,463.62212990779955,668.2925512048146,-0.7943668043746759,18.67936439460148,0.0469704195380984,2.7447410684048363,4.408164e-05,4.208689584965953,0.0144792715108576,693.925346252787,-0.7328730316857198
methanol,BG,BG,solar,BG_H_C_solar_E,Portugal,1,2024,172.45378090767008,367.80984836878,540.26362927645,-0.7943668043746759,9.118529180062064,0.0236467720289204,2.338503485785557,6.857144e-05,4.159614045582699,0.0143104355715642,555.8802759878803,-0.7563410253341912
methanol,BG,BG,solar,BG_H_C_solar_E,Germany,1,2024,195.1949388295606,443.04760190507346,638.2425407346341,-0.7943668043746759,19.102040951147117,0.0480015385558461,2.718032551163871,0.00021061228,0.0,0.0,660.0626142369451,-0.7461546535388298
methanol,BG,BG,solar,BG_H_C_solar_E,Greece,1,2024,174.34887740116096,358.2186096911318,532.5674870922928,-0.7943668043746759,8.034570812196023,0.0210024567238846,2.4189064262337494,0.0001959184,10.39807833449119,0.0357727972939781,553.4190426652139,-0.7373956319568132
methanol,BG,BG,solar,BG_H_C_solar_E,France,1,2024,191.40474584257888,426.3847702497746,617.7895160923534,-0.7943668043746759,26.098777975579193,0.0650700712112465,2.609879740267486,2.693878e-05,0.0,0.0,646.4981738082001,-0.7292697943834293
methanol,BG,BG,solar,BG_H_C_solar_E,Brazil,1,2024,174.34887740116096,375.1525867944269,549.5014641955879,-0.7943668043746759,68.96650800287952,0.1696458537908778,2.3503349862337486,6.3061235e-05,20.052705430499195,0.06898787867193,640.8710126152004,-0.555670010676868
methanol,BG,BG,solar,BG_H_C_solar_E,United Kingdom,1,2024,201.8277765567787,413.4033665870242,615.2311431438029,-0.7943668043746759,12.915972819599244,0.0329106318170113,2.899953030232547,0.000129183695,1.9570747960060495,0.0067329787018866,633.0041437896407,-0.754594010160778
methanol,BG,BG,solar,BG_H_C_solar_E,Spain,1,2024,176.24397389465182,378.78340074431634,555.0273746389681,-0.7943668043746759,21.385807864799265,0.0535727855538221,2.3805338366819417,8.938776999999999e-05,5.131878895923174,0.0176553453028094,583.9255952363725,-0.7230492857480444
methanol,BG,BG,solar,BG_H_C_solar_E,Sweden,1,2024,208.4606142839968,490.69038402427975,699.1509983082766,-0.7943668043746759,22.56440133074008,0.0564479630816619,2.759498200469972,2.204082e-05,1.7888394327279502,0.0061541939154455,726.2637372722146,-0.7317426065575685
methanol,BG,BG,solar,BG_H_C_solar_E,Czech Republic,1,2024,172.45378090767008,374.9765984500012,547.4303793576713,-0.7943668043746759,35.008356528367685,0.086804978775029,2.3880953307855566,0.00025346943,0.0,0.0,584.8268312168245,-0.7073083561696468
methanol,BG,BG,solar,BG_H_C_solar_E,Japan,1,2024,204.67042129701508,435.5807704536654,640.2511917506805,-0.7943668043746759,9.224572746193816,0.023905465197621,2.793108423404836,0.0002951020899999,41.67257406787354,0.1433673123911195,693.9414469881528,-0.6267989246959353
methanol,BG,BG,solar,BG_H_C_solar_E,Belgium,1,2024,194.24739058281517,457.1375253473925,651.3849159302076,-0.7943668043746759,6.891290009706824,0.0182134244016125,2.690994348439774,8.448981e-05,0.0,0.0,660.9672002883542,-0.7760688901630634
methanol,BG,BG,solar,BG_H_C_solar_E,Poland,1,2024,175.2964256479064,410.4479453639558,585.7443710118622,-0.7943668043746759,11.233270499248109,0.0288056812659274,2.5365568889578465,0.000376530675,3.1328346139356533,0.0107779778142402,602.6470330140038,-0.7544066146195083
methanol,BG,BG,solar,BG_H_C_solar_E,India,1,2024,167.71603967394287,335.19539437366876,502.9114340476117,-0.7943668043746759,41.30430620421374,0.1021639414262884,2.2627002371650744,0.0004334694599999,23.134804719573623,0.0795913103408614,569.6132452085641,-0.6121780831475262
methanol,BG,BG,solar,BG_H_C_solar_E,Indonesia,1,2024,152.5552677260158,362.9764875360257,515.5317552620415,-0.7943668043746759,14.675222299770391,0.0372023190844393,2.0309053535795303,0.00039551027,34.945309666630486,0.1202233180849409,567.183192582022,-0.6365456569352957
methanol,BG,BG,solar,BG_H_C_solar_E,South Korea,1,2024,178.1390703881427,393.42620427985673,571.5652746679995,-0.7943668043746759,7.503288733588453,0.0197063946486234,2.3917530921301347,0.00025346943,40.2483810771631,0.1384676217439359,621.7086975708811,-0.6359393185521165
methanol,BG,BG,solar,BG_H_C_solar_E,China,1,2024,173.40132915441552,330.73478306375426,504.1361122181698,-0.7943668043746759,78.31080589228577,0.1924412587218022,2.315337598509652,0.0003428572,38.75221989986314,0.1333203369483275,623.5144756088283,-0.46826235150454615
methanol,BG,BG,solar,BG_H_C_solar_E,United Arab Emirates,1,2024,180.98171512837908,310.20953728559414,491.1912524139732,-0.7943668043746759,10.915758228841952,0.0280311104142585,2.425112590302424,0.000234489835,22.41243881244368,0.0771061348751099,526.9445620455613,-0.6889950692503075
methanol,BG,BG,solar,BG_H_C_solar_E,United States,1,2024,189.509649349088,405.9374002758536,595.4470496249415,-0.7943668043746759,88.49089459208655,0.2172755744607914,2.558864559819293,0.00023510208,12.170337163931713,0.0418699485000563,698.667145940779,-0.5349861793338282
methanol,BG,BG,solar,BG_H_C_solar_E,Turkey,1,2024,173.40132915441552,360.2110566952992,533.6123858497147,-0.7943668043746759,10.146640984986664,0.026154849702053,2.3502355635096523,0.00028775515,12.591115249067489,0.0433175630169984,558.7003776472784,-0.7246066365056245
methanol,BG,BG,solar,BG_H_C_solar_E,Australia,1,2024,194.24739058281517,392.08764093439646,586.3350315172116,-0.7943668043746759,78.8034842059262,0.1936431469527896,2.673851488439774,0.00033795924,35.55048492422846,0.1223053193087221,703.3628521358062,-0.4780803788731641
methanol,BG,BG,solar,BG_H_C_solar_E,Malaysia,1,2024,165.820943180452,337.31491726916846,503.13586044962045,-0.7943668043746759,7.765323073628242,0.0203456271471706,2.238623836716881,0.0003697959799999,30.34359622361494,0.1043919156943736,543.4834035835804,-0.6692594655531319
methanol,BG,BG,solar,BG_H_C_solar_E,Canada,1,2024,193.29984233606976,411.37422946041625,604.674071796486,-0.7943668043746759,111.9192338137173,0.2744289834955782,2.5837520507156784,0.0001071428749999,11.02795216101818,0.0379397696894823,730.2050098219372,-0.48189090831461545
methanol,BG,BG,solar,BG_H_C_solar_E,Mexico,1,2024,166.76849142719743,336.43646244939566,503.2049538765931,-0.7943668043746759,32.458224140908094,0.0805839334822081,2.301784494440977,0.000321428625,18.577812770264984,0.0639137645454839,556.5427752822072,-0.649547677721984
methanol,BG,BG,solar,BG_H_C_solar_E,Thailand,1,2024,168.66358792068831,327.38920315760356,496.0527910782919,-0.7943668043746759,11.669272719816664,0.0298693082271259,2.276269049889171,0.00033918373,33.68755828994832,0.115896241138903,543.685891137946,-0.6482620712786471
methanol,BG,BG,solar,BG_H_C_solar_E,Russia,1,2024,179.08661863488817,355.8435150682855,534.9301337031736,-0.7943668043746759,136.74448225210324,0.3349901511040483,2.3881790448542315,0.000274898005,4.515639100965043,0.0155352784442634,678.5784341010961,-0.4435664768213642
methanol,BG,BG,solar,BG_H_C_solar_E,Saudi Arabia,1,2024,180.98171512837908,322.4578976194906,503.43961274786966,-0.7943668043746759,28.6060741249968,0.0711866175461529,2.3993983003024244,0.00033795924,14.10326729475843,0.048519861640653,548.5483524679273,-0.67432236594787
methanol,ATRCCS,DAC,solar,ATRCCS_H_DAC_C_solar_E,South Africa,1,2024,171.99539045238782,569.4471446204454,741.4425350728333,-0.9525991135983558,24.53851842343582,0.0612638196651808,2.3634903994060386,0.0004340817049999,25.830928168264716,0.0888668586207434,794.1754720639398,-0.8020343536074317
methanol,ATRCCS,DAC,solar,ATRCCS_H_DAC_C_solar_E,Taiwan,1,2024,169.2361061135794,786.4191023066207,955.6552084202,-0.9525991135983558,6.525622092765043,0.0173213779005709,2.3754370312337483,0.0003893878199999,36.935820409625535,0.1270713274026291,1001.4920879538244,-0.807817020475156
methanol,ATRCCS,DAC,solar,ATRCCS_H_DAC_C_solar_E,Switzerland,1,2024,203.26727962554924,2220.185878160013,2423.4531577855623,-0.9525991135983558,27.51533631048074,0.068525763788103,2.9013606570253185,2.2653065e-05,0.0,0.0,2453.8698547530685,-0.8840506967452527
methanol,ATRCCS,DAC,solar,ATRCCS_H_DAC_C_solar_E,Singapore,1,2024,170.1558675598489,2325.3975012072856,2495.5533687671345,-0.9525991135983558,0.97719928410902,0.0037860062602167,2.4600262639578463,0.000305510255,30.748135543443087,0.1057836635366315,2529.7387298586445,-0.8427239335465075
methanol,ATRCCS,DAC,solar,ATRCCS_H_DAC_C_solar_E,Hungary,1,2024,165.55706032850165,1119.0935053282667,1284.6505656567683,-0.9525991135983558,51.585109448964424,0.1272439501923771,2.344427090337363,0.0001120408349999,0.0,0.0,1338.5801021960701,-0.8252431225709788
methanol,ATRCCS,DAC,solar,ATRCCS_H_DAC_C_solar_E,Philippines,1,2024,164.63729888223216,789.6223451237529,954.259644005985,-0.9525991135983558,10.107765430778445,0.0260600128282098,2.301470517613267,0.0003753061849999,35.52536845557584,0.1222189104249892,1002.1942484099526,-0.8039448841601569
methanol,ATRCCS,DAC,solar,ATRCCS_H_DAC_C_solar_E,Netherlands,1,2024,188.55109648523796,1628.5914960535358,1817.142592538774,-0.9525991135983558,5.11922627434319,0.0138904767720408,2.673239243439774,0.000154897985,0.0,0.0,1824.935058056557,-0.938553738841315
methanol,ATRCCS,DAC,solar,ATRCCS_H_DAC_C_solar_E,Norway,1,2024,208.78584830316595,1361.1462714604845,1569.9321197636502,-0.9525991135983558,21.57408582181769,0.0540320894331074,2.878079638369897,1.8979595e-05,2.16119139281739,0.0074352066912496,1596.5454766166554,-0.8911128378789988
methanol,ATRCCS,DAC,solar,ATRCCS_H_DAC_C_solar_E,Oman,1,2024,175.67443623746564,450.97878966657146,626.6532259040371,-0.9525991135983558,18.344062311311852,0.046152450456501,2.4808268853024247,0.000333673525,21.91145943478494,0.0753826016270478,669.3895745354363,-0.830730387989807
methanol,ATRCCS,DAC,solar,ATRCCS_H_DAC_C_solar_E,Italy,1,2024,176.59419768373508,1761.8483635448383,1938.4425612285736,-0.9525991135983558,12.703599215411328,0.0323925466316501,2.651130418026521,0.00017632656,8.251398093798704,0.0283875137218633,1962.0486889558101,-0.8916427266848423
methanol,ATRCCS,DAC,solar,ATRCCS_H_DAC_C_solar_E,Austria,1,2024,191.31038082404632,1566.3526189788245,1757.662999802871,-0.9525991135983558,36.74036974543607,0.0910302232070957,2.747006911612064,6.3061235e-05,0.0,0.0,1797.150376459919,-0.8615058291562602
methanol,ATRCCS,DAC,solar,ATRCCS_H_DAC_C_solar_E,Finland,1,2024,198.668472394202,1673.220855909871,1871.889328304073,-0.9525991135983558,18.67936439460148,0.0469704195380984,2.7447410684048363,4.408164e-05,4.208689584965953,0.0144792715108576,1897.5221233520451,-0.8911053409093997
methanol,ATRCCS,DAC,solar,ATRCCS_H_DAC_C_solar_E,Portugal,1,2024,167.39658322104057,1428.2150057999067,1595.6115890209471,-0.9525991135983558,9.118529180062064,0.0236467720289204,2.338503485785557,6.857144e-05,4.159614045582699,0.0143104355715642,1611.2282357323775,-0.9145733345578712
methanol,ATRCCS,DAC,solar,ATRCCS_H_DAC_C_solar_E,Germany,1,2024,189.47085793150745,1489.815281254612,1679.2861391861195,-0.9525991135983558,19.102040951147117,0.0480015385558461,2.718032551163871,0.00021061228,0.0,0.0,1701.1062126884303,-0.9043869627625097
methanol,ATRCCS,DAC,solar,ATRCCS_H_DAC_C_solar_E,Greece,1,2024,169.23610611357947,959.8193391669938,1129.0554452805732,-0.9525991135983558,8.034570812196023,0.0210024567238846,2.4189064262337494,0.0001959184,10.39807833449119,0.0357727972939781,1149.907000853494,-0.8956279411804932
methanol,ATRCCS,DAC,solar,ATRCCS_H_DAC_C_solar_E,France,1,2024,185.79181214642963,1590.4058949321548,1776.1977070785845,-0.9525991135983558,26.098777975579193,0.0650700712112465,2.609879740267486,2.693878e-05,0.0,0.0,1804.906364794431,-0.8875021036071092
methanol,ATRCCS,DAC,solar,ATRCCS_H_DAC_C_solar_E,Brazil,1,2024,169.2361061135794,1541.5049441946665,1710.7410503082458,-0.9525991135983558,68.96650800287952,0.1696458537908778,2.3503349862337486,6.3061235e-05,20.052705430499195,0.06898787867193,1802.1105987278581,-0.713902319900548
methanol,ATRCCS,DAC,solar,ATRCCS_H_DAC_C_solar_E,United Kingdom,1,2024,195.9091880553936,1293.8032533383566,1489.7124413937502,-0.9525991135983558,12.915972819599244,0.0329106318170113,2.899953030232547,0.000129183695,1.9570747960060495,0.0067329787018866,1507.4854420395882,-0.9128263193844579
methanol,ATRCCS,DAC,solar,ATRCCS_H_DAC_C_solar_E,Spain,1,2024,171.07562900611833,1250.3873162951722,1421.4629453012906,-0.9525991135983558,21.385807864799265,0.0535727855538221,2.3805338366819417,8.938776999999999e-05,5.131878895923174,0.0176553453028094,1450.361165898695,-0.8812815949717243
methanol,ATRCCS,DAC,solar,ATRCCS_H_DAC_C_solar_E,Sweden,1,2024,202.3475181792798,2252.4692336388757,2454.8167518181554,-0.9525991135983558,22.56440133074008,0.0564479630816619,2.759498200469972,2.204082e-05,1.7888394327279502,0.0061541939154455,2481.929490782093,-0.8899749157812484
methanol,ATRCCS,DAC,solar,ATRCCS_H_DAC_C_solar_E,Czech Republic,1,2024,167.39658322104057,1273.7657337608714,1441.162316981912,-0.9525991135983558,35.008356528367685,0.086804978775029,2.3880953307855566,0.00025346943,0.0,0.0,1478.558768841065,-0.8655406653933267
methanol,ATRCCS,DAC,solar,ATRCCS_H_DAC_C_solar_E,Japan,1,2024,198.668472394202,1379.7360662263611,1578.404538620563,-0.9525991135983558,9.224572746193816,0.023905465197621,2.793108423404836,0.0002951020899999,41.67257406787354,0.1433673123911195,1632.0947938580352,-0.7850312339196153
methanol,ATRCCS,DAC,solar,ATRCCS_H_DAC_C_solar_E,Belgium,1,2024,188.55109648523796,1155.970192084447,1344.521288569685,-0.9525991135983558,6.891290009706824,0.0182134244016125,2.690994348439774,8.448981e-05,0.0,0.0,1354.1035729278317,-0.9343011993867433
methanol,ATRCCS,DAC,solar,ATRCCS_H_DAC_C_solar_E,Poland,1,2024,170.1558675598489,1428.4254778992556,1598.5813454591046,-0.9525991135983558,11.233270499248109,0.0288056812659274,2.5365568889578465,0.000376530675,3.1328346139356533,0.0107779778142402,1615.4840074612464,-0.9126389238431882
methanol,ATRCCS,DAC,solar,ATRCCS_H_DAC_C_solar_E,India,1,2024,162.7977759896933,1016.3858102872742,1179.1835862769676,-0.9525991135983558,41.30430620421374,0.1021639414262884,2.2627002371650744,0.0004334694599999,23.134804719573623,0.0795913103408614,1245.8853974379201,-0.7704103923712061
methanol,ATRCCS,DAC,solar,ATRCCS_H_DAC_C_solar_E,Indonesia,1,2024,148.08159284938202,1409.5095324312956,1557.5911252806775,-0.9525991135983558,14.675222299770391,0.0372023190844393,2.0309053535795303,0.00039551027,34.945309666630486,0.1202233180849409,1609.242562600658,-0.7947779661589757
methanol,ATRCCS,DAC,solar,ATRCCS_H_DAC_C_solar_E,South Korea,1,2024,172.91515189865726,1148.0714223160016,1320.986574214659,-0.9525991135983558,7.503288733588453,0.0197063946486234,2.3917530921301347,0.00025346943,40.2483810771631,0.1384676217439359,1371.1299971175406,-0.7941716277757964
methanol,ATRCCS,DAC,solar,ATRCCS_H_DAC_C_solar_E,China,1,2024,168.31634466731,1002.090878720504,1170.4072233878142,-0.9525991135983558,78.31080589228577,0.1924412587218022,2.315337598509652,0.0003428572,38.75221989986314,0.1333203369483275,1289.7855867784726,-0.626494660728226
methanol,ATRCCS,DAC,solar,ATRCCS_H_DAC_C_solar_E,United Arab Emirates,1,2024,175.67443623746564,429.02150954292387,604.6959457803895,-0.9525991135983558,10.915758228841952,0.0280311104142585,2.425112590302424,0.000234489835,22.41243881244368,0.0771061348751099,640.4492554119776,-0.8472273784739874
methanol,ATRCCS,DAC,solar,ATRCCS_H_DAC_C_solar_E,United States,1,2024,183.9522892538907,839.8039164471122,1023.756205701003,-0.9525991135983558,88.49089459208655,0.2172755744607914,2.558864559819293,0.00023510208,12.170337163931713,0.0418699485000563,1126.9763020168405,-0.6932184885575081
methanol,ATRCCS,DAC,solar,ATRCCS_H_DAC_C_solar_E,Turkey,1,2024,168.31634466731,784.997352208888,953.313696876198,-0.9525991135983558,10.146640984986664,0.026154849702053,2.3502355635096523,0.00028775515,12.591115249067489,0.0433175630169984,978.4016886737618,-0.8828389457293044
methanol,ATRCCS,DAC,solar,ATRCCS_H_DAC_C_solar_E,Australia,1,2024,188.55109648523796,933.214897984223,1121.765994469461,-0.9525991135983558,78.8034842059262,0.1936431469527896,2.673851488439774,0.00033795924,35.55048492422846,0.1223053193087221,1238.7938150880555,-0.636312688096844
methanol,ATRCCS,DAC,solar,ATRCCS_H_DAC_C_solar_E,Malaysia,1,2024,160.9582530971544,735.7239618891533,896.6822149863077,-0.9525991135983558,7.765323073628242,0.0203456271471706,2.238623836716881,0.0003697959799999,30.34359622361494,0.1043919156943736,937.0297581202677,-0.8274917747768118
methanol,ATRCCS,DAC,solar,ATRCCS_H_DAC_C_solar_E,Canada,1,2024,187.63133503896853,716.3526904665206,903.9840255054892,-0.9525991135983558,111.9192338137173,0.2744289834955782,2.5837520507156784,0.0001071428749999,11.02795216101818,0.0379397696894823,1029.5149635309403,-0.6401232175382954
methanol,ATRCCS,DAC,solar,ATRCCS_H_DAC_C_solar_E,Mexico,1,2024,161.87801454342383,607.2254385445867,769.1034530880106,-0.9525991135983558,32.458224140908094,0.0805839334822081,2.301784494440977,0.000321428625,18.577812770264984,0.0639137645454839,822.4412744936246,-0.8077799869456639
methanol,ATRCCS,DAC,solar,ATRCCS_H_DAC_C_solar_E,Thailand,1,2024,163.71753743596273,749.6067883979617,913.3243258339244,-0.9525991135983558,11.669272719816664,0.0298693082271259,2.276269049889171,0.00033918373,33.68755828994832,0.115896241138903,960.9574258935786,-0.806494380502327
methanol,ATRCCS,DAC,solar,ATRCCS_H_DAC_C_solar_E,Russia,1,2024,173.83491334492675,568.3875739445836,742.2224872895104,-0.9525991135983558,136.74448225210324,0.3349901511040483,2.3881790448542315,0.000274898005,4.515639100965043,0.0155352784442634,885.8707876874329,-0.6017987860450441
methanol,ATRCCS,DAC,solar,ATRCCS_H_DAC_C_solar_E,Saudi Arabia,1,2024,175.67443623746564,448.78392120739545,624.4583574448611,-0.9525991135983558,28.6060741249968,0.0711866175461529,2.3993983003024244,0.00033795924,14.10326729475843,0.048519861640653,669.5670971649188,-0.8325546751715499
methanol,BG,DAC,solar,BG_H_DAC_C_solar_E,South Africa,1,2024,177.1915221413973,679.6620550347336,856.8535771761309,-0.9903072594899294,24.53851842343582,0.0612638196651808,2.3634903994060386,0.0004340817049999,25.830928168264716,0.0888668586207434,909.5865141672374,-0.8397424994990053
methanol,BG,DAC,solar,BG_H_DAC_C_solar_E,Taiwan,1,2024,174.34887740116096,665.211111954407,839.559989355568,-0.9903072594899294,6.525622092765043,0.0173213779005709,2.3754370312337483,0.0003893878199999,36.935820409625535,0.1270713274026291,885.3968688891923,-0.8455251663667296
methanol,BG,DAC,solar,BG_H_DAC_C_solar_E,Switzerland,1,2024,209.40816253074223,833.8754479588212,1043.2836104895634,-0.9903072594899294,27.51533631048074,0.068525763788103,2.9013606570253185,2.2653065e-05,0.0,0.0,1073.7003074570696,-0.9217588426368263
methanol,BG,DAC,solar,BG_H_DAC_C_solar_E,Singapore,1,2024,175.2964256479064,771.0961839812161,946.3926096291224,-0.9903072594899294,0.97719928410902,0.0037860062602167,2.4600262639578463,0.000305510255,30.748135543443087,0.1057836635366315,980.5779707206324,-0.8804320794380811
methanol,BG,DAC,solar,BG_H_DAC_C_solar_E,Hungary,1,2024,170.5586844141792,712.3854535403101,882.9441379544893,-0.9903072594899294,51.585109448964424,0.1272439501923771,2.344427090337363,0.0001120408349999,0.0,0.0,936.8736744937911,-0.8629512684625523
methanol,BG,DAC,solar,BG_H_DAC_C_solar_E,Philippines,1,2024,169.61113616743376,667.1399725088019,836.7511086762356,-0.9903072594899294,10.107765430778445,0.0260600128282098,2.301470517613267,0.0003753061849999,35.52536845557584,0.1222189104249892,884.6857130802032,-0.8416530300517304
methanol,BG,DAC,solar,BG_H_DAC_C_solar_E,Netherlands,1,2024,194.24739058281517,761.7676140053288,956.015004588144,-0.9903072594899294,5.11922627434319,0.0138904767720408,2.673239243439774,0.000154897985,0.0,0.0,963.807470105927,-0.9762618847328886
methanol,BG,DAC,solar,BG_H_DAC_C_solar_E,Norway,1,2024,215.09345201121488,803.2033578212865,1018.2968098325014,-0.9903072594899294,21.57408582181769,0.0540320894331074,2.878079638369897,1.8979595e-05,2.16119139281739,0.0074352066912496,1044.9101666855065,-0.9288209837705723
methanol,BG,DAC,solar,BG_H_DAC_C_solar_E,Oman,1,2024,180.98171512837908,657.36555064609,838.3472657744691,-0.9903072594899294,18.344062311311852,0.046152450456501,2.4808268853024247,0.000333673525,21.91145943478494,0.0753826016270478,881.0836144058683,-0.8684385338813806
methanol,BG,DAC,solar,BG_H_DAC_C_solar_E,Italy,1,2024,181.9292633751245,757.1706700905512,939.0999334656756,-0.9903072594899294,12.703599215411328,0.0323925466316501,2.651130418026521,0.00017632656,8.251398093798704,0.0283875137218633,962.7060611929121,-0.9293508725764159
methanol,BG,DAC,solar,BG_H_DAC_C_solar_E,Austria,1,2024,197.09003532305152,770.5605086997722,967.6505440228236,-0.9903072594899294,36.74036974543607,0.0910302232070957,2.747006911612064,6.3061235e-05,0.0,0.0,1007.1379206798717,-0.8992139750478337
methanol,BG,DAC,solar,BG_H_DAC_C_solar_E,Finland,1,2024,204.67042129701508,796.0395537077994,1000.7099750048144,-0.9903072594899294,18.67936439460148,0.0469704195380984,2.7447410684048363,4.408164e-05,4.208689584965953,0.0144792715108576,1026.3427700527868,-0.9288134868009733
methanol,BG,DAC,solar,BG_H_DAC_C_solar_E,Portugal,1,2024,172.45378090767008,700.22727216878,872.6810530764501,-0.9903072594899294,9.118529180062064,0.0236467720289204,2.338503485785557,6.857144e-05,4.159614045582699,0.0143104355715642,888.2976997878803,-0.9522814804494447
methanol,BG,DAC,solar,BG_H_DAC_C_solar_E,Germany,1,2024,195.1949388295606,775.4650257050737,970.6599645346344,-0.9903072594899294,19.102040951147117,0.0480015385558461,2.718032551163871,0.00021061228,0.0,0.0,992.4800380369454,-0.9420951086540833
methanol,BG,DAC,solar,BG_H_DAC_C_solar_E,Greece,1,2024,174.34887740116096,690.6360334911318,864.9849108922928,-0.9903072594899294,8.034570812196023,0.0210024567238846,2.4189064262337494,0.0001959184,10.39807833449119,0.0357727972939781,885.8364664652137,-0.9333360870720667
methanol,BG,DAC,solar,BG_H_DAC_C_solar_E,France,1,2024,191.40474584257888,758.8021940497746,950.2069398923536,-0.9903072594899294,26.098777975579193,0.0650700712112465,2.609879740267486,2.693878e-05,0.0,0.0,978.9155976082003,-0.9252102494986828
methanol,BG,DAC,solar,BG_H_DAC_C_solar_E,Brazil,1,2024,174.34887740116096,707.5700105944269,881.9188879955879,-0.9903072594899294,68.96650800287952,0.1696458537908778,2.3503349862337486,6.3061235e-05,20.052705430499195,0.06898787867193,973.2884364152003,-0.7516104657921215
methanol,BG,DAC,solar,BG_H_DAC_C_solar_E,United Kingdom,1,2024,201.8277765567787,745.8207903870242,947.648566943803,-0.9903072594899294,12.915972819599244,0.0329106318170113,2.899953030232547,0.000129183695,1.9570747960060495,0.0067329787018866,965.4215675896407,-0.9505344652760315
methanol,BG,DAC,solar,BG_H_DAC_C_solar_E,Spain,1,2024,176.24397389465182,711.2008245443163,887.4447984389682,-0.9903072594899294,21.385807864799265,0.0535727855538221,2.3805338366819417,8.938776999999999e-05,5.131878895923174,0.0176553453028094,916.3430190363725,-0.9189897408632979
methanol,BG,DAC,solar,BG_H_DAC_C_solar_E,Sweden,1,2024,208.4606142839968,823.1078078242798,1031.5684221082763,-0.9903072594899294,22.56440133074008,0.0564479630816619,2.759498200469972,2.204082e-05,1.7888394327279502,0.0061541939154455,1058.6811610722143,-0.927683061672822
methanol,BG,DAC,solar,BG_H_DAC_C_solar_E,Czech Republic,1,2024,172.45378090767008,707.3940222500013,879.8478031576714,-0.9903072594899294,35.008356528367685,0.086804978775029,2.3880953307855566,0.00025346943,0.0,0.0,917.2442550168246,-0.9032488112849003
methanol,BG,DAC,solar,BG_H_DAC_C_solar_E,Japan,1,2024,204.67042129701508,767.9981942536654,972.6686155506804,-0.9903072594899294,9.224572746193816,0.023905465197621,2.793108423404836,0.0002951020899999,41.67257406787354,0.1433673123911195,1026.3588707881527,-0.8227393798111888
methanol,BG,DAC,solar,BG_H_DAC_C_solar_E,Belgium,1,2024,194.24739058281517,789.5549491473926,983.8023397302076,-0.9903072594899294,6.891290009706824,0.0182134244016125,2.690994348439774,8.448981e-05,0.0,0.0,993.3846240883541,-0.9720093452783168
methanol,BG,DAC,solar,BG_H_DAC_C_solar_E,Poland,1,2024,175.2964256479064,742.8653691639558,918.1617948118624,-0.9903072594899294,11.233270499248109,0.0288056812659274,2.5365568889578465,0.000376530675,3.1328346139356533,0.0107779778142402,935.064456814004,-0.9503470697347618
methanol,BG,DAC,solar,BG_H_DAC_C_solar_E,India,1,2024,167.71603967394287,667.6128181736686,835.3288578476115,-0.9903072594899294,41.30430620421374,0.1021639414262884,2.2627002371650744,0.0004334694599999,23.134804719573623,0.0795913103408614,902.0306690085639,-0.8081185382627797
methanol,BG,DAC,solar,BG_H_DAC_C_solar_E,Indonesia,1,2024,152.5552677260158,695.3939113360256,847.9491790620414,-0.9903072594899294,14.675222299770391,0.0372023190844393,2.0309053535795303,0.00039551027,34.945309666630486,0.1202233180849409,899.6006163820218,-0.8324861120505492
methanol,BG,DAC,solar,BG_H_DAC_C_solar_E,South Korea,1,2024,178.1390703881427,725.8436280798568,903.9826984679996,-0.9903072594899294,7.503288733588453,0.0197063946486234,2.3917530921301347,0.00025346943,40.2483810771631,0.1384676217439359,954.1261213708813,-0.83187977366737
methanol,BG,DAC,solar,BG_H_DAC_C_solar_E,China,1,2024,173.40132915441552,663.1522068637541,836.5535360181697,-0.9903072594899294,78.31080589228577,0.1924412587218022,2.315337598509652,0.0003428572,38.75221989986314,0.1333203369483275,955.9318994088283,-0.6642028066197996
methanol,BG,DAC,solar,BG_H_DAC_C_solar_E,United Arab Emirates,1,2024,180.98171512837908,642.6269610855942,823.6086762139732,-0.9903072594899294,10.915758228841952,0.0280311104142585,2.425112590302424,0.000234489835,22.41243881244368,0.0771061348751099,859.3619858455613,-0.884935524365561
methanol,BG,DAC,solar,BG_H_DAC_C_solar_E,United States,1,2024,189.509649349088,738.3548240758536,927.8644734249416,-0.9903072594899294,88.49089459208655,0.2172755744607914,2.558864559819293,0.00023510208,12.170337163931713,0.0418699485000563,1031.0845697407792,-0.7309266344490817
methanol,BG,DAC,solar,BG_H_DAC_C_solar_E,Turkey,1,2024,173.40132915441552,692.6284804952991,866.0298096497146,-0.9903072594899294,10.146640984986664,0.026154849702053,2.3502355635096523,0.00028775515,12.591115249067489,0.0433175630169984,891.1178014472783,-0.920547091620878
methanol,BG,DAC,solar,BG_H_DAC_C_solar_E,Australia,1,2024,194.24739058281517,724.5050647343965,918.7524553172116,-0.9903072594899294,78.8034842059262,0.1936431469527896,2.673851488439774,0.00033795924,35.55048492422846,0.1223053193087221,1035.780275935806,-0.6740208339884176
methanol,BG,DAC,solar,BG_H_DAC_C_solar_E,Malaysia,1,2024,165.820943180452,669.7323410691685,835.5532842496204,-0.9903072594899294,7.765323073628242,0.0203456271471706,2.238623836716881,0.0003697959799999,30.34359622361494,0.1043919156943736,875.9008273835805,-0.8651999206683854
methanol,BG,DAC,solar,BG_H_DAC_C_solar_E,Canada,1,2024,193.29984233606976,743.7916532604162,937.091495596486,-0.9903072594899294,111.9192338137173,0.2744289834955782,2.5837520507156784,0.0001071428749999,11.02795216101818,0.0379397696894823,1062.6224336219373,-0.6778313634298689
methanol,BG,DAC,solar,BG_H_DAC_C_solar_E,Mexico,1,2024,166.76849142719743,668.8538862493957,835.6223776765931,-0.9903072594899294,32.458224140908094,0.0805839334822081,2.301784494440977,0.000321428625,18.577812770264984,0.0639137645454839,888.9601990822073,-0.8454881328372374
methanol,BG,DAC,solar,BG_H_DAC_C_solar_E,Thailand,1,2024,168.66358792068831,659.8066269576036,828.4702148782919,-0.9903072594899294,11.669272719816664,0.0298693082271259,2.276269049889171,0.00033918373,33.68755828994832,0.115896241138903,876.1033149379462,-0.8442025263939006
methanol,BG,DAC,solar,BG_H_DAC_C_solar_E,Russia,1,2024,179.08661863488817,688.2609388682855,867.3475575031737,-0.9903072594899294,136.74448225210324,0.3349901511040483,2.3881790448542315,0.000274898005,4.515639100965043,0.0155352784442634,1010.9958579010962,-0.6395069319366177
methanol,BG,DAC,solar,BG_H_DAC_C_solar_E,Saudi Arabia,1,2024,180.98171512837908,654.8753214194905,835.8570365478696,-0.9903072594899294,28.6060741249968,0.0711866175461529,2.3993983003024244,0.00033795924,14.10326729475843,0.048519861640653,880.9657762679273,-0.8702628210631235
methanol,LTE,DAC,solar,LTE_H_DAC_C_solar_E,South Africa,1,2024,204.03355600716057,1180.187446804022,1384.2210028111826,-0.8472042878133865,24.53851842343582,0.0612638196651808,2.3634903994060386,0.0004340817049999,25.830928168264716,0.0888668586207434,1436.9539398022894,-0.6966395278224624
methanol,LTE,DAC,solar,LTE_H_DAC_C_solar_E,Taiwan,1,2024,200.7602904027676,751.374214340318,952.1345047430856,-0.8472042878133865,6.525622092765043,0.0173213779005709,2.3754370312337483,0.0003893878199999,36.935820409625535,0.1270713274026291,997.97138427671,-0.7024221946901867
methanol,LTE,DAC,solar,LTE_H_DAC_C_solar_E,Switzerland,1,2024,241.13056619028063,1133.296602637576,1374.4271688278568,-0.8472042878133865,27.51533631048074,0.068525763788103,2.9013606570253185,2.2653065e-05,0.0,0.0,1404.843865795363,-0.7786558709602834
methanol,LTE,DAC,solar,LTE_H_DAC_C_solar_E,Singapore,1,2024,201.85137893756524,1037.7231949026734,1239.5745738402386,-0.8472042878133865,0.97719928410902,0.0037860062602167,2.4600262639578463,0.000305510255,30.748135543443087,0.1057836635366315,1273.7599349317486,-0.7373291077615383
methanol,LTE,DAC,solar,LTE_H_DAC_C_solar_E,Hungary,1,2024,196.395936263577,1306.2081417028771,1502.604077966454,-0.8472042878133865,51.585109448964424,0.1272439501923771,2.344427090337363,0.0001120408349999,0.0,0.0,1556.5336145057558,-0.7198482967860095
methanol,LTE,DAC,solar,LTE_H_DAC_C_solar_E,Philippines,1,2024,195.30484772877935,980.056349657034,1175.3611973858133,-0.8472042878133865,10.107765430778445,0.0260600128282098,2.301470517613267,0.0003753061849999,35.52536845557584,0.1222189104249892,1223.2958017897809,-0.6985500583751876
methanol,LTE,DAC,solar,LTE_H_DAC_C_solar_E,Netherlands,1,2024,223.67314963351825,1056.3498556105314,1280.0230052440495,-0.8472042878133865,5.11922627434319,0.0138904767720408,2.673239243439774,0.000154897985,0.0,0.0,1287.8154707618326,-0.8331589130563457
methanol,LTE,DAC,solar,LTE_H_DAC_C_solar_E,Norway,1,2024,247.67709739906655,1447.052958740834,1694.7300561399006,-0.8472042878133865,21.57408582181769,0.0540320894331074,2.878079638369897,1.8979595e-05,2.16119139281739,0.0074352066912496,1721.3434129929058,-0.7857180120940295
methanol,LTE,DAC,solar,LTE_H_DAC_C_solar_E,Oman,1,2024,208.39791014635117,847.8725870896407,1056.2704972359918,-0.8472042878133865,18.344062311311852,0.046152450456501,2.4808268853024247,0.000333673525,21.91145943478494,0.0753826016270478,1099.006845867391,-0.7253355622048377
methanol,LTE,DAC,solar,LTE_H_DAC_C_solar_E,Italy,1,2024,209.4889986811488,991.9698708575204,1201.4588695386692,-0.8472042878133865,12.703599215411328,0.0323925466316501,2.651130418026521,0.00017632656,8.251398093798704,0.0283875137218633,1225.0649972659057,-0.7862479008998731
methanol,LTE,DAC,solar,LTE_H_DAC_C_solar_E,Austria,1,2024,226.9464152379112,1099.3352479281943,1326.2816631661055,-0.8472042878133865,36.74036974543607,0.0910302232070957,2.747006911612064,6.3061235e-05,0.0,0.0,1365.7690398231537,-0.7561110033712909
methanol,LTE,DAC,solar,LTE_H_DAC_C_solar_E,Finland,1,2024,235.6751235162924,1430.8171656831546,1666.492289199447,-0.8472042878133865,18.67936439460148,0.0469704195380984,2.7447410684048363,4.408164e-05,4.208689584965953,0.0144792715108576,1692.1250842474192,-0.7857105151244305
methanol,LTE,DAC,solar,LTE_H_DAC_C_solar_E,Portugal,1,2024,198.5781133331723,871.7105303215865,1070.2886436547587,-0.8472042878133865,9.118529180062064,0.0236467720289204,2.338503485785557,6.857144e-05,4.159614045582699,0.0143104355715642,1085.905290366189,-0.8091785087729019
methanol,LTE,DAC,solar,LTE_H_DAC_C_solar_E,Germany,1,2024,224.7642381683159,1107.8810305581762,1332.645268726492,-0.8472042878133865,19.102040951147117,0.0480015385558461,2.718032551163871,0.00021061228,0.0,0.0,1354.465342228803,-0.7989921369775405
methanol,LTE,DAC,solar,LTE_H_DAC_C_solar_E,Greece,1,2024,200.7602904027676,876.7446376963438,1077.504928099111,-0.8472042878133865,8.034570812196023,0.0210024567238846,2.4189064262337494,0.0001959184,10.39807833449119,0.0357727972939781,1098.356483672032,-0.7902331153955239
methanol,LTE,DAC,solar,LTE_H_DAC_C_solar_E,France,1,2024,220.3998840291253,957.7917092913542,1178.1915933204796,-0.8472042878133865,26.098777975579193,0.0650700712112465,2.609879740267486,2.693878e-05,0.0,0.0,1206.9002510363262,-0.78210727782214
methanol,LTE,DAC,solar,LTE_H_DAC_C_solar_E,Brazil,1,2024,200.7602904027676,1009.7335288137874,1210.493819216555,-0.8472042878133865,68.96650800287952,0.1696458537908778,2.3503349862337486,6.3061235e-05,20.052705430499195,0.06898787867193,1301.8633676361674,-0.6085074941155787
methanol,LTE,DAC,solar,LTE_H_DAC_C_solar_E,United Kingdom,1,2024,232.40185791189944,1155.715915120211,1388.1177730321108,-0.8472042878133865,12.915972819599244,0.0329106318170113,2.899953030232547,0.000129183695,1.9570747960060495,0.0067329787018866,1405.8907736779488,-0.8074314935994886
methanol,LTE,DAC,solar,LTE_H_DAC_C_solar_E,Spain,1,2024,202.9424674723629,807.8758003448844,1010.8182678172471,-0.8472042878133865,21.385807864799265,0.0535727855538221,2.3805338366819417,8.938776999999999e-05,5.131878895923174,0.0176553453028094,1039.7164884146514,-0.775886769186755
methanol,LTE,DAC,solar,LTE_H_DAC_C_solar_E,Sweden,1,2024,240.03947765548304,1435.547118250684,1675.586595906167,-0.8472042878133865,22.56440133074008,0.0564479630816619,2.759498200469972,2.204082e-05,1.7888394327279502,0.0061541939154455,1702.699334870105,-0.7845800899962792
methanol,LTE,DAC,solar,LTE_H_DAC_C_solar_E,Czech Republic,1,2024,198.5781133331723,1057.325211025378,1255.9033243585502,-0.8472042878133865,35.008356528367685,0.086804978775029,2.3880953307855566,0.00025346943,0.0,0.0,1293.2997762177033,-0.7601458396083575
methanol,LTE,DAC,solar,LTE_H_DAC_C_solar_E,Japan,1,2024,235.6751235162924,1516.7983090406976,1752.47343255699,-0.8472042878133865,9.224572746193816,0.023905465197621,2.793108423404836,0.0002951020899999,41.67257406787354,0.1433673123911195,1806.1636877944622,-0.679636408134646
methanol,LTE,DAC,solar,LTE_H_DAC_C_solar_E,Belgium,1,2024,223.67314963351825,1415.5684796199305,1639.2416292534488,-0.8472042878133865,6.891290009706824,0.0182134244016125,2.690994348439774,8.448981e-05,0.0,0.0,1648.8239136115953,-0.828906373601774
methanol,LTE,DAC,solar,LTE_H_DAC_C_solar_E,Poland,1,2024,201.85137893756524,1583.8585206035134,1785.7098995410786,-0.8472042878133865,11.233270499248109,0.0288056812659274,2.5365568889578465,0.000376530675,3.1328346139356533,0.0107779778142402,1802.6125615432204,-0.807244098058219
methanol,LTE,DAC,solar,LTE_H_DAC_C_solar_E,India,1,2024,193.122670659184,875.8963400669858,1069.01901072617,-0.8472042878133865,41.30430620421374,0.1021639414262884,2.2627002371650744,0.0004334694599999,23.134804719573623,0.0795913103408614,1135.7208218871226,-0.6650155665862368
methanol,LTE,DAC,solar,LTE_H_DAC_C_solar_E,Indonesia,1,2024,175.6652541024216,1108.8865129126957,1284.551767015117,-0.8472042878133865,14.675222299770391,0.0372023190844393,2.0309053535795303,0.00039551027,34.945309666630486,0.1202233180849409,1336.2032043350976,-0.6893831403740064
methanol,LTE,DAC,solar,LTE_H_DAC_C_solar_E,South Korea,1,2024,205.1246445419582,1122.715760530004,1327.840405071962,-0.8472042878133865,7.503288733588453,0.0197063946486234,2.3917530921301347,0.00025346943,40.2483810771631,0.1384676217439359,1377.9838279748437,-0.6887768019908271
methanol,LTE,DAC,solar,LTE_H_DAC_C_solar_E,China,1,2024,199.66920186796995,743.1458740067409,942.8150758747108,-0.8472042878133865,78.31080589228577,0.1924412587218022,2.315337598509652,0.0003428572,38.75221989986314,0.1333203369483275,1062.1934392653695,-0.5210998349432567
methanol,LTE,DAC,solar,LTE_H_DAC_C_solar_E,United Arab Emirates,1,2024,208.39791014635117,642.068339381896,850.4662495282471,-0.8472042878133865,10.915758228841952,0.0280311104142585,2.425112590302424,0.000234489835,22.41243881244368,0.0771061348751099,886.2195591598352,-0.7418325526890182
methanol,LTE,DAC,solar,LTE_H_DAC_C_solar_E,United States,1,2024,218.21770695953,1037.7671783385583,1255.9848852980883,-0.8472042878133865,88.49089459208655,0.2172755744607914,2.558864559819293,0.00023510208,12.170337163931713,0.0418699485000563,1359.2049816139258,-0.5878236627725388
methanol,LTE,DAC,solar,LTE_H_DAC_C_solar_E,Turkey,1,2024,199.66920186796995,1264.3560412316026,1464.0252430995724,-0.8472042878133865,10.146640984986664,0.026154849702053,2.3502355635096523,0.00028775515,12.591115249067489,0.0433175630169984,1489.1132348971362,-0.7774441199443352
methanol,LTE,DAC,solar,LTE_H_DAC_C_solar_E,Australia,1,2024,223.67314963351825,781.5433741623176,1005.216523795836,-0.8472042878133865,78.8034842059262,0.1936431469527896,2.673851488439774,0.00033795924,35.55048492422846,0.1223053193087221,1122.2443444144303,-0.5309178623118748
methanol,LTE,DAC,solar,LTE_H_DAC_C_solar_E,Malaysia,1,2024,190.94049358958875,1024.3270676109182,1215.2675612005069,-0.8472042878133865,7.765323073628242,0.0203456271471706,2.238623836716881,0.0003697959799999,30.34359622361494,0.1043919156943736,1255.6151043344669,-0.7220969489918425
methanol,LTE,DAC,solar,LTE_H_DAC_C_solar_E,Canada,1,2024,222.58206109872057,1419.5291243299423,1642.1111854286628,-0.8472042878133865,111.9192338137173,0.2744289834955782,2.5837520507156784,0.0001071428749999,11.02795216101818,0.0379397696894823,1767.642123454114,-0.5347283917533261
methanol,LTE,DAC,solar,LTE_H_DAC_C_solar_E,Mexico,1,2024,192.0315821243864,1063.9275637139474,1255.9591458383338,-0.8472042878133865,32.458224140908094,0.0805839334822081,2.301784494440977,0.000321428625,18.577812770264984,0.0639137645454839,1309.2969672439476,-0.7023851611606946
methanol,LTE,DAC,solar,LTE_H_DAC_C_solar_E,Thailand,1,2024,194.2137591939817,900.9466119822032,1095.160371176185,-0.8472042878133865,11.669272719816664,0.0298693082271259,2.276269049889171,0.00033918373,33.68755828994832,0.115896241138903,1142.7934712358392,-0.7010995547173577
methanol,LTE,DAC,solar,LTE_H_DAC_C_solar_E,Russia,1,2024,206.21573307675584,1374.6596929905463,1580.8754260673024,-0.8472042878133865,136.74448225210324,0.3349901511040483,2.3881790448542315,0.000274898005,4.515639100965043,0.0155352784442634,1724.5237264652249,-0.49640396026007483
methanol,LTE,DAC,solar,LTE_H_DAC_C_solar_E,Saudi Arabia,1,2024,208.39791014635117,838.8266394841971,1047.2245496305484,-0.8472042878133865,28.6060741249968,0.0711866175461529,2.3993983003024244,0.00033795924,14.10326729475843,0.048519861640653,1092.333289350606,-0.7271598493865806
methanol,SMR,DAC,solar,SMR_H_DAC_C_solar_E,South Africa,1,2024,133.69110276099715,524.3550074920797,658.0461102530769,0.9171107006849072,24.53851842343582,0.0612638196651808,2.3634903994060386,0.0004340817049999,25.830928168264716,0.0888668586207434,710.7790472441834,1.0676754606758312
methanol,SMR,DAC,solar,SMR_H_DAC_C_solar_E,Taiwan,1,2024,131.54632571135548,733.1484540117034,864.6947797230589,0.9171107006849072,6.525622092765043,0.0173213779005709,2.3754370312337483,0.0003893878199999,36.935820409625535,0.1270713274026291,910.5316592566833,1.061892793808107
methanol,SMR,DAC,solar,SMR_H_DAC_C_solar_E,Switzerland,1,2024,157.99857599026936,2039.1519106705043,2197.150486660774,0.9171107006849072,27.51533631048074,0.068525763788103,2.9013606570253185,2.2653065e-05,0.0,0.0,2227.56718362828,0.9856591175380103
methanol,SMR,DAC,solar,SMR_H_DAC_C_solar_E,Singapore,1,2024,132.26125139456937,2128.827754175366,2261.089005569935,0.9171107006849072,0.97719928410902,0.0037860062602167,2.4600262639578463,0.000305510255,30.748135543443087,0.1057836635366315,2295.274366661445,1.0269858807367556
methanol,SMR,DAC,solar,SMR_H_DAC_C_solar_E,Hungary,1,2024,128.68662297849994,1019.3059575448308,1147.9925805233306,0.9171107006849072,51.585109448964424,0.1272439501923771,2.344427090337363,0.0001120408349999,0.0,0.0,1201.9221170626324,1.0444666917122842
methanol,SMR,DAC,solar,SMR_H_DAC_C_solar_E,Philippines,1,2024,127.97169729528603,728.0433101365261,856.0150074318121,0.9171107006849072,10.107765430778445,0.0260600128282098,2.301470517613267,0.0003753061849999,35.52536845557584,0.1222189104249892,903.9496118357797,1.065764930123106
methanol,SMR,DAC,solar,SMR_H_DAC_C_solar_E,Netherlands,1,2024,146.55976505884712,1498.2704015605998,1644.830166619447,0.9171107006849072,5.11922627434319,0.0138904767720408,2.673239243439774,0.000154897985,0.0,0.0,1652.62263213723,0.931156075441948
methanol,SMR,DAC,solar,SMR_H_DAC_C_solar_E,Norway,1,2024,162.2881300895527,1246.7147613090065,1409.002891398559,0.9171107006849072,21.57408582181769,0.0540320894331074,2.878079638369897,1.8979595e-05,2.16119139281739,0.0074352066912496,1435.6162482515642,0.9785969764042642
methanol,SMR,DAC,solar,SMR_H_DAC_C_solar_E,Oman,1,2024,136.55080549385272,428.4636451209228,565.0144506147756,0.9171107006849072,18.344062311311852,0.046152450456501,2.4808268853024247,0.000333673525,21.91145943478494,0.0753826016270478,607.7507992461748,1.038979426293456
methanol,SMR,DAC,solar,SMR_H_DAC_C_solar_E,Italy,1,2024,137.26573117706658,1618.5615719684947,1755.8273031455612,0.9171107006849072,12.703599215411328,0.0323925466316501,2.651130418026521,0.00017632656,8.251398093798704,0.0283875137218633,1779.4334308727978,0.9780670875984206
methanol,SMR,DAC,solar,SMR_H_DAC_C_solar_E,Austria,1,2024,148.70454210848882,1440.4582394961649,1589.1627816046537,0.9171107006849072,36.74036974543607,0.0910302232070957,2.747006911612064,6.3061235e-05,0.0,0.0,1628.6501582617018,1.008203985127003
methanol,SMR,DAC,solar,SMR_H_DAC_C_solar_E,Finland,1,2024,154.42394757419993,1528.6366795345864,1683.0606271087863,0.9171107006849072,18.67936439460148,0.0469704195380984,2.7447410684048363,4.408164e-05,4.208689584965953,0.0144792715108576,1708.6934221567585,0.9786044733738632
methanol,SMR,DAC,solar,SMR_H_DAC_C_solar_E,Portugal,1,2024,130.1164743449277,1316.5991670335288,1446.7156413784564,0.9171107006849072,9.118529180062064,0.0236467720289204,2.338503485785557,6.857144e-05,4.159614045582699,0.0143104355715642,1462.3322880898868,0.9551364797253918
methanol,SMR,DAC,solar,SMR_H_DAC_C_solar_E,Germany,1,2024,147.27469074206104,1373.921853994829,1521.19654473689,0.9171107006849072,19.102040951147117,0.0480015385558461,2.718032551163871,0.00021061228,0.0,0.0,1543.0166182392009,0.9653228515207533
methanol,SMR,DAC,solar,SMR_H_DAC_C_solar_E,Greece,1,2024,131.5463257113555,889.6485631488378,1021.1948888601931,0.9171107006849072,8.034570812196023,0.0210024567238846,2.4189064262337494,0.0001959184,10.39807833449119,0.0357727972939781,1042.046444433114,0.9740818731027698
methanol,SMR,DAC,solar,SMR_H_DAC_C_solar_E,France,1,2024,144.4149880092055,1466.685950759798,1611.1009387690035,0.9171107006849072,26.098777975579193,0.0650700712112465,2.609879740267486,2.693878e-05,0.0,0.0,1639.80959648485,0.9822077106761538
methanol,SMR,DAC,solar,SMR_H_DAC_C_solar_E,Brazil,1,2024,131.54632571135548,1412.3034698494594,1543.8497955608148,0.9171107006849072,68.96650800287952,0.1696458537908778,2.3503349862337486,6.3061235e-05,20.052705430499195,0.06898787867193,1635.219343980427,1.155807494382715
methanol,SMR,DAC,solar,SMR_H_DAC_C_solar_E,United Kingdom,1,2024,152.27917052455825,1189.798727883778,1342.0778984083363,0.9171107006849072,12.915972819599244,0.0329106318170113,2.899953030232547,0.000129183695,1.9570747960060495,0.0067329787018866,1359.8508990541743,0.9568834948988051
methanol,SMR,DAC,solar,SMR_H_DAC_C_solar_E,Spain,1,2024,132.97617707778326,1159.8975247727053,1292.8737018504885,0.9171107006849072,21.385807864799265,0.0535727855538221,2.3805338366819417,8.938776999999999e-05,5.131878895923174,0.0176553453028094,1321.7719224478928,0.9884282193115387
methanol,SMR,DAC,solar,SMR_H_DAC_C_solar_E,Sweden,1,2024,157.2836503070555,2055.670289904849,2212.9539402119044,0.9171107006849072,22.56440133074008,0.0564479630816619,2.759498200469972,2.204082e-05,1.7888394327279502,0.0061541939154455,2240.066679175842,0.9797348985020146
methanol,SMR,DAC,solar,SMR_H_DAC_C_solar_E,Czech Republic,1,2024,130.1164743449277,1172.985020018796,1303.1014943637238,0.9171107006849072,35.008356528367685,0.086804978775029,2.3880953307855566,0.00025346943,0.0,0.0,1340.4979462228769,1.0041691488899362
methanol,SMR,DAC,solar,SMR_H_DAC_C_solar_E,Japan,1,2024,154.42394757419993,1252.1784931877314,1406.6024407619311,0.9171107006849072,9.224572746193816,0.023905465197621,2.793108423404836,0.0002951020899999,41.67257406787354,0.1433673123911195,1460.2926959994033,1.0846785803636476
methanol,SMR,DAC,solar,SMR_H_DAC_C_solar_E,Belgium,1,2024,146.55976505884712,1059.7277480491994,1206.2875131080464,0.9171107006849072,6.891290009706824,0.0182134244016125,2.690994348439774,8.448981e-05,0.0,0.0,1215.869797466193,0.9354086148965196
methanol,SMR,DAC,solar,SMR_H_DAC_C_solar_E,Poland,1,2024,132.26125139456937,1293.176733384632,1425.437984779201,0.9171107006849072,11.233270499248109,0.0288056812659274,2.5365568889578465,0.000376530675,3.1328346139356533,0.0107779778142402,1442.340646781343,0.9570708904400748
methanol,SMR,DAC,solar,SMR_H_DAC_C_solar_E,India,1,2024,126.54184592885824,936.49131852614,1063.0331644549983,0.9171107006849072,41.30430620421374,0.1021639414262884,2.2627002371650744,0.0004334694599999,23.134804719573623,0.0795913103408614,1129.7349756159508,1.0992994219120569
methanol,SMR,DAC,solar,SMR_H_DAC_C_solar_E,Indonesia,1,2024,115.10303499743604,1286.6599596268998,1401.7629946243358,0.9171107006849072,14.675222299770391,0.0372023190844393,2.0309053535795303,0.00039551027,34.945309666630486,0.1202233180849409,1453.4144319443162,1.0749318481242873
methanol,SMR,DAC,solar,SMR_H_DAC_C_solar_E,South Korea,1,2024,134.40602844421105,1052.8757411124022,1187.2817695566132,0.9171107006849072,7.503288733588453,0.0197063946486234,2.3917530921301347,0.00025346943,40.2483810771631,0.1384676217439359,1237.4251924594948,1.0755381865074667
methanol,SMR,DAC,solar,SMR_H_DAC_C_solar_E,China,1,2024,130.8314000281416,928.645120776103,1059.4765208042445,0.9171107006849072,78.31080589228577,0.1924412587218022,2.315337598509652,0.0003428572,38.75221989986314,0.1333203369483275,1178.854884194903,1.2432151535550369
methanol,SMR,DAC,solar,SMR_H_DAC_C_solar_E,United Arab Emirates,1,2024,136.55080549385272,414.0840774488051,550.6348829426578,0.9171107006849072,10.915758228841952,0.0280311104142585,2.425112590302424,0.000234489835,22.41243881244368,0.0771061348751099,586.3881925742459,1.0224824358092757
methanol,SMR,DAC,solar,SMR_H_DAC_C_solar_E,United States,1,2024,142.98513664277772,781.9975060108471,924.9826426536248,0.9171107006849072,88.49089459208655,0.2172755744607914,2.558864559819293,0.00023510208,12.170337163931713,0.0418699485000563,1028.2027389694624,1.1764913257257548
methanol,SMR,DAC,solar,SMR_H_DAC_C_solar_E,Turkey,1,2024,130.8314000281416,715.2370626886868,846.0684627168284,0.9171107006849072,10.146640984986664,0.026154849702053,2.3502355635096523,0.00028775515,12.591115249067489,0.0433175630169984,871.1564545143922,0.9868708685539586
methanol,SMR,DAC,solar,SMR_H_DAC_C_solar_E,Australia,1,2024,146.55976505884712,876.6501746626594,1023.2099397215064,0.9171107006849072,78.8034842059262,0.1936431469527896,2.673851488439774,0.00033795924,35.55048492422846,0.1223053193087221,1140.2377603401007,1.2333971261864187
methanol,SMR,DAC,solar,SMR_H_DAC_C_solar_E,Malaysia,1,2024,125.1119945624305,676.9737373888019,802.0857319512323,0.9171107006849072,7.765323073628242,0.0203456271471706,2.238623836716881,0.0003697959799999,30.34359622361494,0.1043919156943736,842.4332750851923,1.0422180395064513
methanol,SMR,DAC,solar,SMR_H_DAC_C_solar_E,Canada,1,2024,145.84483937563326,655.9123144057938,801.7571537814271,0.9171107006849072,111.9192338137173,0.2744289834955782,2.5837520507156784,0.0001071428749999,11.02795216101818,0.0379397696894823,927.2880918068782,1.2295865967449675
methanol,SMR,DAC,solar,SMR_H_DAC_C_solar_E,Mexico,1,2024,125.82692024564436,559.807123300522,685.6340435461664,0.9171107006849072,32.458224140908094,0.0805839334822081,2.301784494440977,0.000321428625,18.577812770264984,0.0639137645454839,738.9718649517804,1.0619298273375992
methanol,SMR,DAC,solar,SMR_H_DAC_C_solar_E,Thailand,1,2024,127.25677161207216,693.7879766394889,821.044748251561,0.9171107006849072,11.669272719816664,0.0298693082271259,2.276269049889171,0.00033918373,33.68755828994832,0.115896241138903,868.6778483112153,1.063215433780936
methanol,SMR,DAC,solar,SMR_H_DAC_C_solar_E,Russia,1,2024,135.12095412742494,514.3520023287922,649.4729564562172,0.9171107006849072,136.74448225210324,0.3349901511040483,2.3881790448542315,0.000274898005,4.515639100965043,0.0155352784442634,793.1212568541397,1.2679110282382189
methanol,SMR,DAC,solar,SMR_H_DAC_C_solar_E,Saudi Arabia,1,2024,136.55080549385272,425.6169914605419,562.1677969543946,0.9171107006849072,28.6060741249968,0.0711866175461529,2.3993983003024244,0.00033795924,14.10326729475843,0.048519861640653,607.2765366744522,1.037155139111713
methanol,SMRCCS,DAC,solar,SMRCCS_H_DAC_C_solar_E,South Africa,1,2024,189.57875801038116,585.299423808572,774.8781818189532,-0.8400503847415564,24.53851842343582,0.0612638196651808,2.3634903994060386,0.0004340817049999,25.830928168264716,0.0888668586207434,827.6111188100597,-0.6894856247506322
methanol,SMRCCS,DAC,solar,SMRCCS_H_DAC_C_solar_E,Taiwan,1,2024,186.53738756101671,848.5288404296912,1035.0662279907078,-0.8400503847415564,6.525622092765043,0.0173213779005709,2.3754370312337483,0.0003893878199999,36.935820409625535,0.1270713274026291,1080.903107524332,-0.6952682916183566
methanol,SMRCCS,DAC,solar,SMRCCS_H_DAC_C_solar_E,Switzerland,1,2024,224.04762310317773,2514.0578476093865,2738.105470712564,-0.8400503847415564,27.51533631048074,0.068525763788103,2.9013606570253185,2.2653065e-05,0.0,0.0,2768.52216768007,-0.7715019678884533
methanol,SMRCCS,DAC,solar,SMRCCS_H_DAC_C_solar_E,Singapore,1,2024,187.5511777108049,2639.904879519338,2827.456057230143,-0.8400503847415564,0.97719928410902,0.0037860062602167,2.4600262639578463,0.000305510255,30.748135543443087,0.1057836635366315,2861.641418321653,-0.7301752046897081
methanol,SMRCCS,DAC,solar,SMRCCS_H_DAC_C_solar_E,Hungary,1,2024,182.48222696186423,1221.487684690056,1403.96991165192,-0.8400503847415564,51.585109448964424,0.1272439501923771,2.344427090337363,0.0001120408349999,0.0,0.0,1457.8994481912218,-0.7126943937141793
methanol,SMRCCS,DAC,solar,SMRCCS_H_DAC_C_solar_E,Philippines,1,2024,181.46843681207605,846.5774098287645,1028.0458466408406,-0.8400503847415564,10.107765430778445,0.0260600128282098,2.301470517613267,0.0003753061849999,35.52536845557584,0.1222189104249892,1075.9804510448082,-0.6913961553033574
methanol,SMRCCS,DAC,solar,SMRCCS_H_DAC_C_solar_E,Netherlands,1,2024,207.82698070656755,1826.852253915352,2034.6792346219197,-0.8400503847415564,5.11922627434319,0.0138904767720408,2.673239243439774,0.000154897985,0.0,0.0,2042.4717001397028,-0.8260050099845155
methanol,SMRCCS,DAC,solar,SMRCCS_H_DAC_C_solar_E,Norway,1,2024,230.1303640019065,1501.789698245151,1731.9200622470576,-0.8400503847415564,21.57408582181769,0.0540320894331074,2.878079638369897,1.8979595e-05,2.16119139281739,0.0074352066912496,1758.5334191000627,-0.7785641090221993
methanol,SMRCCS,DAC,solar,SMRCCS_H_DAC_C_solar_E,Oman,1,2024,193.63391860953368,458.8585254863829,652.4924440959167,-0.8400503847415564,18.344062311311852,0.046152450456501,2.4808268853024247,0.000333673525,21.91145943478494,0.0753826016270478,695.2287927273159,-0.7181816591330076
methanol,SMRCCS,DAC,solar,SMRCCS_H_DAC_C_solar_E,Italy,1,2024,194.6477087593218,1981.3148354372877,2175.962544196609,-0.8400503847415564,12.703599215411328,0.0323925466316501,2.651130418026521,0.00017632656,8.251398093798704,0.0283875137218633,2199.568671923846,-0.7790939978280429
methanol,SMRCCS,DAC,solar,SMRCCS_H_DAC_C_solar_E,Austria,1,2024,210.868351155932,1750.9877727957396,1961.8561239516716,-0.8400503847415564,36.74036974543607,0.0910302232070957,2.747006911612064,6.3061235e-05,0.0,0.0,2001.3435006087198,-0.7489571002994607
methanol,SMRCCS,DAC,solar,SMRCCS_H_DAC_C_solar_E,Finland,1,2024,218.97867235423703,1867.5688853278089,2086.547557682046,-0.8400503847415564,18.67936439460148,0.0469704195380984,2.7447410684048363,4.408164e-05,4.208689584965953,0.0144792715108576,2112.1803527300185,-0.7785566120526003
methanol,SMRCCS,DAC,solar,SMRCCS_H_DAC_C_solar_E,Portugal,1,2024,184.50980726144044,1599.891618408442,1784.4014256698829,-0.8400503847415564,9.118529180062064,0.0236467720289204,2.338503485785557,6.857144e-05,4.159614045582699,0.0143104355715642,1800.0180723813132,-0.8020246057010717
methanol,SMRCCS,DAC,solar,SMRCCS_H_DAC_C_solar_E,Germany,1,2024,208.8407708563557,1664.603380215192,1873.4441510715476,-0.8400503847415564,19.102040951147117,0.0480015385558461,2.718032551163871,0.00021061228,0.0,0.0,1895.2642245738584,-0.7918382339057103
methanol,SMRCCS,DAC,solar,SMRCCS_H_DAC_C_solar_E,Greece,1,2024,186.53738756101671,1048.9427190012034,1235.48010656222,-0.8400503847415564,8.034570812196023,0.0210024567238846,2.4189064262337494,0.0001959184,10.39807833449119,0.0357727972939781,1256.331662135141,-0.7830792123236937
methanol,SMRCCS,DAC,solar,SMRCCS_H_DAC_C_solar_E,France,1,2024,204.78561025720316,1784.2530040504844,1989.0386143076876,-0.8400503847415564,26.098777975579193,0.0650700712112465,2.609879740267486,2.693878e-05,0.0,0.0,2017.7472720235342,-0.7749533747503098
methanol,SMRCCS,DAC,solar,SMRCCS_H_DAC_C_solar_E,Brazil,1,2024,186.53738756101671,1724.7375927434698,1911.2749803044865,-0.8400503847415564,68.96650800287952,0.1696458537908778,2.3503349862337486,6.3061235e-05,20.052705430499195,0.06898787867193,2002.6445287240988,-0.6013535910437485
methanol,SMRCCS,DAC,solar,SMRCCS_H_DAC_C_solar_E,United Kingdom,1,2024,215.93730190487264,1433.2274855453957,1649.1647874502682,-0.8400503847415564,12.915972819599244,0.0329106318170113,2.899953030232547,0.000129183695,1.9570747960060495,0.0067329787018866,1666.9377880961063,-0.8002775905276585
methanol,SMRCCS,DAC,solar,SMRCCS_H_DAC_C_solar_E,Spain,1,2024,188.564967860593,1393.5797574376725,1582.1447252982657,-0.8400503847415564,21.385807864799265,0.0535727855538221,2.3805338366819417,8.938776999999999e-05,5.131878895923174,0.0176553453028094,1611.04294589567,-0.7687328661149249
methanol,SMRCCS,DAC,solar,SMRCCS_H_DAC_C_solar_E,Sweden,1,2024,223.0338329533896,2544.313825758513,2767.3476587119026,-0.8400503847415564,22.56440133074008,0.0564479630816619,2.759498200469972,2.204082e-05,1.7888394327279502,0.0061541939154455,2794.4603976758403,-0.777426186924449
methanol,SMRCCS,DAC,solar,SMRCCS_H_DAC_C_solar_E,Czech Republic,1,2024,184.50980726144044,1417.1783771797805,1601.688184441221,-0.8400503847415564,35.008356528367685,0.086804978775029,2.3880953307855566,0.00025346943,0.0,0.0,1639.084636300374,-0.7529919365365273
methanol,SMRCCS,DAC,solar,SMRCCS_H_DAC_C_solar_E,Japan,1,2024,218.97867235423703,1516.3554723684088,1735.3341447226458,-0.8400503847415564,9.224572746193816,0.023905465197621,2.793108423404836,0.0002951020899999,41.67257406787354,0.1433673123911195,1789.024399960118,-0.6724825050628158
methanol,SMRCCS,DAC,solar,SMRCCS_H_DAC_C_solar_E,Belgium,1,2024,207.82698070656755,1261.2539257800622,1469.0809064866298,-0.8400503847415564,6.891290009706824,0.0182134244016125,2.690994348439774,8.448981e-05,0.0,0.0,1478.6631908447764,-0.8217524705299438
methanol,SMRCCS,DAC,solar,SMRCCS_H_DAC_C_solar_E,Poland,1,2024,187.5511777108049,1576.118519185159,1763.6696968959636,-0.8400503847415564,11.233270499248109,0.0288056812659274,2.5365568889578465,0.000376530675,3.1328346139356533,0.0107779778142402,1780.5723588981054,-0.8000901949863888
methanol,SMRCCS,DAC,solar,SMRCCS_H_DAC_C_solar_E,India,1,2024,179.4408565124998,1113.7782917451214,1293.219148257621,-0.8400503847415564,41.30430620421374,0.1021639414262884,2.2627002371650744,0.0004334694599999,23.134804719573623,0.0795913103408614,1359.9209594185736,-0.6578616635144067
methanol,SMRCCS,DAC,solar,SMRCCS_H_DAC_C_solar_E,Indonesia,1,2024,163.22021411588963,1566.137401145998,1729.3576152618875,-0.8400503847415564,14.675222299770391,0.0372023190844393,2.0309053535795303,0.00039551027,34.945309666630486,0.1202233180849409,1781.009052581868,-0.6822292373021762
methanol,SMRCCS,DAC,solar,SMRCCS_H_DAC_C_solar_E,South Korea,1,2024,190.5925481601693,1257.9726583654165,1448.5652065255858,-0.8400503847415564,7.503288733588453,0.0197063946486234,2.3917530921301347,0.00025346943,40.2483810771631,0.1384676217439359,1498.7086294284675,-0.681622898918997
methanol,SMRCCS,DAC,solar,SMRCCS_H_DAC_C_solar_E,China,1,2024,185.5235974112286,1101.8696744820545,1287.393271893283,-0.8400503847415564,78.31080589228577,0.1924412587218022,2.315337598509652,0.0003428572,38.75221989986314,0.1333203369483275,1406.7716352839416,-0.5139459318714266
methanol,SMRCCS,DAC,solar,SMRCCS_H_DAC_C_solar_E,United Arab Emirates,1,2024,193.63391860953368,438.6134814596482,632.2474000691818,-0.8400503847415564,10.915758228841952,0.0280311104142585,2.425112590302424,0.000234489835,22.41243881244368,0.0771061348751099,668.0007097007699,-0.734678649617188
methanol,SMRCCS,DAC,solar,SMRCCS_H_DAC_C_solar_E,United States,1,2024,202.7580299576269,903.9356663129014,1106.6936962705283,-0.8400503847415564,88.49089459208655,0.2172755744607914,2.558864559819293,0.00023510208,12.170337163931713,0.0418699485000563,1209.9137925863658,-0.5806697597007087
methanol,SMRCCS,DAC,solar,SMRCCS_H_DAC_C_solar_E,Turkey,1,2024,185.5235974112286,830.8698282012867,1016.3934256125152,-0.8400503847415564,10.146640984986664,0.026154849702053,2.3502355635096523,0.00028775515,12.591115249067489,0.0433175630169984,1041.481417410079,-0.770290216872505
methanol,SMRCCS,DAC,solar,SMRCCS_H_DAC_C_solar_E,Australia,1,2024,207.82698070656755,1024.2569347484998,1232.0839154550674,-0.8400503847415564,78.8034842059262,0.1936431469527896,2.673851488439774,0.00033795924,35.55048492422846,0.1223053193087221,1349.1117360736619,-0.5237639592400446
methanol,SMRCCS,DAC,solar,SMRCCS_H_DAC_C_solar_E,Malaysia,1,2024,177.4132762129235,780.6148067719525,958.028082984876,-0.8400503847415564,7.765323073628242,0.0203456271471706,2.238623836716881,0.0003697959799999,30.34359622361494,0.1043919156943736,998.3756261188361,-0.7149430459200123
methanol,SMRCCS,DAC,solar,SMRCCS_H_DAC_C_solar_E,Canada,1,2024,206.81319055677943,747.9633518732679,954.7765424300474,-0.8400503847415564,111.9192338137173,0.2744289834955782,2.5837520507156784,0.0001071428749999,11.02795216101818,0.0379397696894823,1080.3074804554985,-0.5275744886814959
methanol,SMRCCS,DAC,solar,SMRCCS_H_DAC_C_solar_E,Mexico,1,2024,178.42706636271166,630.2016663085632,808.6287326712749,-0.8400503847415564,32.458224140908094,0.0805839334822081,2.301784494440977,0.000321428625,18.577812770264984,0.0639137645454839,861.966554076889,-0.6952312580888644
methanol,SMRCCS,DAC,solar,SMRCCS_H_DAC_C_solar_E,Thailand,1,2024,180.45464666228796,801.9461243399685,982.4007710022564,-0.8400503847415564,11.669272719816664,0.0298693082271259,2.276269049889171,0.00033918373,33.68755828994832,0.115896241138903,1030.0338710619105,-0.6939456516455276
methanol,SMRCCS,DAC,solar,SMRCCS_H_DAC_C_solar_E,Russia,1,2024,191.60633830995744,574.2441362796869,765.8504745896444,-0.8400503847415564,136.74448225210324,0.3349901511040483,2.3881790448542315,0.000274898005,4.515639100965043,0.0155352784442634,909.4987749875669,-0.48925005718824466
methanol,SMRCCS,DAC,solar,SMRCCS_H_DAC_C_solar_E,Saudi Arabia,1,2024,193.63391860953368,455.2670151245174,648.900933734051,-0.8400503847415564,28.6060741249968,0.0711866175461529,2.3993983003024244,0.00033795924,14.10326729475843,0.048519861640653,694.0096734541087,-0.7200059463147505
methanol,SMR,SMR,solar,SMR_H_C_solar_E,South Africa,1,2024,133.69110276099715,191.9375836920798,325.62868645307697,1.1130511558001603,24.53851842343582,0.0612638196651808,2.3634903994060386,0.0004340817049999,25.830928168264716,0.0888668586207434,378.3616234441836,1.2636159157910845
methanol,SMR,SMR,solar,SMR_H_C_solar_E,Taiwan,1,2024,131.54632571135548,400.73103021170346,532.277355923059,1.1130511558001603,6.525622092765043,0.0173213779005709,2.3754370312337483,0.0003893878199999,36.935820409625535,0.1270713274026291,578.1142354566833,1.2578332489233603
methanol,SMR,SMR,solar,SMR_H_C_solar_E,Switzerland,1,2024,157.99857599026936,1706.7344868705045,1864.7330628607735,1.1130511558001603,27.51533631048074,0.068525763788103,2.9013606570253185,2.2653065e-05,0.0,0.0,1895.1497598282797,1.1815995726532633
methanol,SMR,SMR,solar,SMR_H_C_solar_E,Singapore,1,2024,132.26125139456937,1796.410330375366,1928.6715817699353,1.1130511558001603,0.97719928410902,0.0037860062602167,2.4600262639578463,0.000305510255,30.748135543443087,0.1057836635366315,1962.8569428614453,1.2229263358520086
methanol,SMR,SMR,solar,SMR_H_C_solar_E,Hungary,1,2024,128.68662297849994,686.8885337448309,815.5751567233308,1.1130511558001603,51.585109448964424,0.1272439501923771,2.344427090337363,0.0001120408349999,0.0,0.0,869.5046932626326,1.2404071468275375
methanol,SMR,SMR,solar,SMR_H_C_solar_E,Philippines,1,2024,127.97169729528603,395.6258863365262,523.5975836318122,1.1130511558001603,10.107765430778445,0.0260600128282098,2.301470517613267,0.0003753061849999,35.52536845557584,0.1222189104249892,571.5321880357798,1.261705385238359
methanol,SMR,SMR,solar,SMR_H_C_solar_E,Netherlands,1,2024,146.55976505884712,1165.8529777606,1312.412742819447,1.1130511558001603,5.11922627434319,0.0138904767720408,2.673239243439774,0.000154897985,0.0,0.0,1320.20520833723,1.127096530557201
methanol,SMR,SMR,solar,SMR_H_C_solar_E,Norway,1,2024,162.2881300895527,914.2973375090064,1076.585467598559,1.1130511558001603,21.57408582181769,0.0540320894331074,2.878079638369897,1.8979595e-05,2.16119139281739,0.0074352066912496,1103.1988244515642,1.1745374315195174
methanol,SMR,SMR,solar,SMR_H_C_solar_E,Oman,1,2024,136.55080549385272,96.04622132092275,232.59702681477543,1.1130511558001603,18.344062311311852,0.046152450456501,2.4808268853024247,0.000333673525,21.91145943478494,0.0753826016270478,275.33337544617467,1.234919881408709
methanol,SMR,SMR,solar,SMR_H_C_solar_E,Italy,1,2024,137.26573117706658,1286.144148168495,1423.4098793455612,1.1130511558001603,12.703599215411328,0.0323925466316501,2.651130418026521,0.00017632656,8.251398093798704,0.0283875137218633,1447.0160070727977,1.1740075427136738
methanol,SMR,SMR,solar,SMR_H_C_solar_E,Austria,1,2024,148.70454210848882,1108.040815696165,1256.7453578046538,1.1130511558001603,36.74036974543607,0.0910302232070957,2.747006911612064,6.3061235e-05,0.0,0.0,1296.232734461702,1.204144440242256
methanol,SMR,SMR,solar,SMR_H_C_solar_E,Finland,1,2024,154.42394757419993,1196.2192557345866,1350.6432033087865,1.1130511558001603,18.67936439460148,0.0469704195380984,2.7447410684048363,4.408164e-05,4.208689584965953,0.0144792715108576,1376.2759983567587,1.1745449284891165
methanol,SMR,SMR,solar,SMR_H_C_solar_E,Portugal,1,2024,130.1164743449277,984.1817432335292,1114.2982175784568,1.1130511558001603,9.118529180062064,0.0236467720289204,2.338503485785557,6.857144e-05,4.159614045582699,0.0143104355715642,1129.9148642898872,1.1510769348406449
methanol,SMR,SMR,solar,SMR_H_C_solar_E,Germany,1,2024,147.27469074206104,1041.504430194829,1188.77912093689,1.1130511558001603,19.102040951147117,0.0480015385558461,2.718032551163871,0.00021061228,0.0,0.0,1210.5991944392008,1.1612633066360065
methanol,SMR,SMR,solar,SMR_H_C_solar_E,Greece,1,2024,131.5463257113555,557.2311393488377,688.7774650601932,1.1130511558001603,8.034570812196023,0.0210024567238846,2.4189064262337494,0.0001959184,10.39807833449119,0.0357727972939781,709.6290206331142,1.170022328218023
methanol,SMR,SMR,solar,SMR_H_C_solar_E,France,1,2024,144.4149880092055,1134.268526959798,1278.6835149690037,1.1130511558001603,26.098777975579193,0.0650700712112465,2.609879740267486,2.693878e-05,0.0,0.0,1307.3921726848503,1.1781481657914068
methanol,SMR,SMR,solar,SMR_H_C_solar_E,Brazil,1,2024,131.54632571135548,1079.8860460494595,1211.432371760815,1.1130511558001603,68.96650800287952,0.1696458537908778,2.3503349862337486,6.3061235e-05,20.052705430499195,0.06898787867193,1302.8019201804273,1.3517479494979683
methanol,SMR,SMR,solar,SMR_H_C_solar_E,United Kingdom,1,2024,152.27917052455825,857.381304083778,1009.6604746083362,1.1130511558001603,12.915972819599244,0.0329106318170113,2.899953030232547,0.000129183695,1.9570747960060495,0.0067329787018866,1027.433475254174,1.1528239500140582
methanol,SMR,SMR,solar,SMR_H_C_solar_E,Spain,1,2024,132.97617707778326,827.480100972705,960.4562780504884,1.1130511558001603,21.385807864799265,0.0535727855538221,2.3805338366819417,8.938776999999999e-05,5.131878895923174,0.0176553453028094,989.3544986478928,1.1843686744267918
methanol,SMR,SMR,solar,SMR_H_C_solar_E,Sweden,1,2024,157.2836503070555,1723.252866104849,1880.5365164119048,1.1130511558001603,22.56440133074008,0.0564479630816619,2.759498200469972,2.204082e-05,1.7888394327279502,0.0061541939154455,1907.6492553758428,1.1756753536172677
methanol,SMR,SMR,solar,SMR_H_C_solar_E,Czech Republic,1,2024,130.1164743449277,840.5675962187961,970.6840705637238,1.1130511558001603,35.008356528367685,0.086804978775029,2.3880953307855566,0.00025346943,0.0,0.0,1008.080522422877,1.2001096040051893
methanol,SMR,SMR,solar,SMR_H_C_solar_E,Japan,1,2024,154.42394757419993,919.7610693877316,1074.1850169619315,1.1130511558001603,9.224572746193816,0.023905465197621,2.793108423404836,0.0002951020899999,41.67257406787354,0.1433673123911195,1127.8752721994038,1.2806190354789007
methanol,SMR,SMR,solar,SMR_H_C_solar_E,Belgium,1,2024,146.55976505884712,727.3103242491993,873.8700893080464,1.1130511558001603,6.891290009706824,0.0182134244016125,2.690994348439774,8.448981e-05,0.0,0.0,883.452373666193,1.131349070011773
methanol,SMR,SMR,solar,SMR_H_C_solar_E,Poland,1,2024,132.26125139456937,960.759309584632,1093.0205609792015,1.1130511558001603,11.233270499248109,0.0288056812659274,2.5365568889578465,0.000376530675,3.1328346139356533,0.0107779778142402,1109.9232229813433,1.1530113455553281
methanol,SMR,SMR,solar,SMR_H_C_solar_E,India,1,2024,126.54184592885824,604.0738947261401,730.6157406549984,1.1130511558001603,41.30430620421374,0.1021639414262884,2.2627002371650744,0.0004334694599999,23.134804719573623,0.0795913103408614,797.3175518159508,1.2952398770273101
methanol,SMR,SMR,solar,SMR_H_C_solar_E,Indonesia,1,2024,115.10303499743604,954.2425358268996,1069.3455708243357,1.1130511558001603,14.675222299770391,0.0372023190844393,2.0309053535795303,0.00039551027,34.945309666630486,0.1202233180849409,1120.9970081443162,1.2708723032395404
methanol,SMR,SMR,solar,SMR_H_C_solar_E,South Korea,1,2024,134.40602844421105,720.4583173124022,854.8643457566133,1.1130511558001603,7.503288733588453,0.0197063946486234,2.3917530921301347,0.00025346943,40.2483810771631,0.1384676217439359,905.0077686594949,1.2714786416227195
methanol,SMR,SMR,solar,SMR_H_C_solar_E,China,1,2024,130.8314000281416,596.2276969761031,727.0590970042447,1.1130511558001603,78.31080589228577,0.1924412587218022,2.315337598509652,0.0003428572,38.75221989986314,0.1333203369483275,846.4374603949033,1.4391556086702901
methanol,SMR,SMR,solar,SMR_H_C_solar_E,United Arab Emirates,1,2024,136.55080549385272,81.66665364880502,218.21745914265773,1.1130511558001603,10.915758228841952,0.0280311104142585,2.425112590302424,0.000234489835,22.41243881244368,0.0771061348751099,253.97076877424578,1.2184228909245287
methanol,SMR,SMR,solar,SMR_H_C_solar_E,United States,1,2024,142.98513664277772,449.5800822108471,592.5652188536249,1.1130511558001603,88.49089459208655,0.2172755744607914,2.558864559819293,0.00023510208,12.170337163931713,0.0418699485000563,695.7853151694624,1.372431780841008
methanol,SMR,SMR,solar,SMR_H_C_solar_E,Turkey,1,2024,130.8314000281416,382.8196388886868,513.6510389168284,1.1130511558001603,10.146640984986664,0.026154849702053,2.3502355635096523,0.00028775515,12.591115249067489,0.0433175630169984,538.7390307143921,1.1828113236692117
methanol,SMR,SMR,solar,SMR_H_C_solar_E,Australia,1,2024,146.55976505884712,544.2327508626594,690.7925159215065,1.1130511558001603,78.8034842059262,0.1936431469527896,2.673851488439774,0.00033795924,35.55048492422846,0.1223053193087221,807.820336540101,1.429337581301672
methanol,SMR,SMR,solar,SMR_H_C_solar_E,Malaysia,1,2024,125.1119945624305,344.5563135888018,469.6683081512323,1.1130511558001603,7.765323073628242,0.0203456271471706,2.238623836716881,0.0003697959799999,30.34359622361494,0.1043919156943736,510.01585128519235,1.2381584946217046
methanol,SMR,SMR,solar,SMR_H_C_solar_E,Canada,1,2024,145.84483937563326,323.49489060579384,469.3397299814271,1.1130511558001603,111.9192338137173,0.2744289834955782,2.5837520507156784,0.0001071428749999,11.02795216101818,0.0379397696894823,594.8706680068783,1.4255270518602208
methanol,SMR,SMR,solar,SMR_H_C_solar_E,Mexico,1,2024,125.82692024564436,227.38969950052189,353.21661974616626,1.1130511558001603,32.458224140908094,0.0805839334822081,2.301784494440977,0.000321428625,18.577812770264984,0.0639137645454839,406.55444115178034,1.2578702824528523
methanol,SMR,SMR,solar,SMR_H_C_solar_E,Thailand,1,2024,127.25677161207216,361.37055283948894,488.6273244515611,1.1130511558001603,11.669272719816664,0.0298693082271259,2.276269049889171,0.00033918373,33.68755828994832,0.115896241138903,536.2604245112152,1.2591558888961893
methanol,SMR,SMR,solar,SMR_H_C_solar_E,Russia,1,2024,135.12095412742494,181.93457852879217,317.0555326562171,1.1130511558001603,136.74448225210324,0.3349901511040483,2.3881790448542315,0.000274898005,4.515639100965043,0.0155352784442634,460.7038330541396,1.4638514833534721
methanol,SMR,SMR,solar,SMR_H_C_solar_E,Saudi Arabia,1,2024,136.55080549385272,93.1995676605418,229.75037315439457,1.1130511558001603,28.6060741249968,0.0711866175461529,2.3993983003024244,0.00033795924,14.10326729475843,0.048519861640653,274.85911287445225,1.2330955942269661
methanol,ATRCCS,BEC,wind,ATRCCS_H_BEC_C_wind_E,South Africa,1,2024,171.99539045238782,241.30888104087637,413.3042714932642,-1.055084656806511,24.53851842343582,0.0612638196651808,2.3634903994060386,0.0004340817049999,25.830928168264716,0.0888668586207434,466.0372084843708,-0.904519896815587
methanol,ATRCCS,BEC,wind,ATRCCS_H_BEC_C_wind_E,Taiwan,1,2024,169.2361061135794,476.1660986263873,645.4022047399667,-1.055084656806511,6.525622092765043,0.0173213779005709,2.3754370312337483,0.0003893878199999,36.935820409625535,0.1270713274026291,691.2390842735911,-0.9103025636833111
methanol,ATRCCS,BEC,wind,ATRCCS_H_BEC_C_wind_E,Switzerland,1,2024,203.26727962554924,1910.2790408004116,2113.546320425961,-1.055084656806511,27.51533631048074,0.068525763788103,2.9013606570253185,2.2653065e-05,0.0,0.0,2143.963017393467,-0.986536239953408
methanol,ATRCCS,BEC,wind,ATRCCS_H_BEC_C_wind_E,Singapore,1,2024,170.1558675598489,2054.330525022628,2224.486392582477,-1.055084656806511,0.97719928410902,0.0037860062602167,2.4600262639578463,0.000305510255,30.748135543443087,0.1057836635366315,2258.671753673987,-0.9452094767546629
methanol,ATRCCS,BEC,wind,ATRCCS_H_BEC_C_wind_E,Hungary,1,2024,165.55706032850165,773.3584537832227,938.9155141117244,-1.055084656806511,51.585109448964424,0.1272439501923771,2.344427090337363,0.0001120408349999,0.0,0.0,992.8450506510262,-0.927728665779134
methanol,ATRCCS,BEC,wind,ATRCCS_H_BEC_C_wind_E,Philippines,1,2024,164.63729888223216,491.0236075714734,655.6609064537056,-1.055084656806511,10.107765430778445,0.0260600128282098,2.301470517613267,0.0003753061849999,35.52536845557584,0.1222189104249892,703.5955108576732,-0.9064304273683123
methanol,ATRCCS,BEC,wind,ATRCCS_H_BEC_C_wind_E,Netherlands,1,2024,188.55109648523796,1308.99200171623,1497.5430982014682,-1.055084656806511,5.11922627434319,0.0138904767720408,2.673239243439774,0.000154897985,0.0,0.0,1505.3355637192512,-1.0410392820494705
methanol,ATRCCS,BEC,wind,ATRCCS_H_BEC_C_wind_E,Norway,1,2024,208.78584830316595,1001.1607063827436,1209.9465546859096,-1.055084656806511,21.57408582181769,0.0540320894331074,2.878079638369897,1.8979595e-05,2.16119139281739,0.0074352066912496,1236.5599115389148,-0.9935983810871539
methanol,ATRCCS,BEC,wind,ATRCCS_H_BEC_C_wind_E,Oman,1,2024,175.67443623746564,161.14959890364344,336.8240351411091,-1.055084656806511,18.344062311311852,0.046152450456501,2.4808268853024247,0.000333673525,21.91145943478494,0.0753826016270478,379.5603837725083,-0.9332159311979624
methanol,ATRCCS,BEC,wind,ATRCCS_H_BEC_C_wind_E,Italy,1,2024,176.59419768373508,1458.2879087301628,1634.882106413898,-1.055084656806511,12.703599215411328,0.0323925466316501,2.651130418026521,0.00017632656,8.251398093798704,0.0283875137218633,1658.4882341411346,-0.9941282698929975
methanol,ATRCCS,BEC,wind,ATRCCS_H_BEC_C_wind_E,Austria,1,2024,191.31038082404632,1247.676234829872,1438.9866156539183,-1.055084656806511,36.74036974543607,0.0910302232070957,2.747006911612064,6.3061235e-05,0.0,0.0,1478.4739923109664,-0.9639913723644155
methanol,ATRCCS,BEC,wind,ATRCCS_H_BEC_C_wind_E,Finland,1,2024,198.668472394202,1316.3507877178213,1515.0192601120232,-1.055084656806511,18.67936439460148,0.0469704195380984,2.7447410684048363,4.408164e-05,4.208689584965953,0.0144792715108576,1540.6520551599954,-0.993590884117555
methanol,ATRCCS,BEC,wind,ATRCCS_H_BEC_C_wind_E,Portugal,1,2024,167.39658322104057,1135.6164844719208,1303.0130676929614,-1.055084656806511,9.118529180062064,0.0236467720289204,2.338503485785557,6.857144e-05,4.159614045582699,0.0143104355715642,1318.6297144043917,-1.0170588777660265
methanol,ATRCCS,BEC,wind,ATRCCS_H_BEC_C_wind_E,Germany,1,2024,189.47085793150745,1179.908443895011,1369.3793018265185,-1.055084656806511,19.102040951147117,0.0480015385558461,2.718032551163871,0.00021061228,0.0,0.0,1391.1993753288293,-1.006872505970665
methanol,ATRCCS,BEC,wind,ATRCCS_H_BEC_C_wind_E,Greece,1,2024,169.23610611357947,661.1052128411701,830.3413189547496,-1.055084656806511,8.034570812196023,0.0210024567238846,2.4189064262337494,0.0001959184,10.39807833449119,0.0357727972939781,851.1928745276706,-0.9981134843886483
methanol,ATRCCS,BEC,wind,ATRCCS_H_BEC_C_wind_E,France,1,2024,185.79181214642963,1289.3839931354494,1475.175805281879,-1.055084656806511,26.098777975579193,0.0650700712112465,2.609879740267486,2.693878e-05,0.0,0.0,1503.8844629977257,-0.9899876468152645
methanol,ATRCCS,BEC,wind,ATRCCS_H_BEC_C_wind_E,Brazil,1,2024,169.2361061135794,1202.289358354864,1371.5254644684435,-1.055084656806511,68.96650800287952,0.1696458537908778,2.3503349862337486,6.3061235e-05,20.052705430499195,0.06898787867193,1462.8950128880558,-0.8163878631087033
methanol,ATRCCS,BEC,wind,ATRCCS_H_BEC_C_wind_E,United Kingdom,1,2024,195.9091880553936,951.1260042922312,1147.0351923476248,-1.055084656806511,12.915972819599244,0.0329106318170113,2.899953030232547,0.000129183695,1.9570747960060495,0.0067329787018866,1164.8081929934629,-1.0153118625926132
methanol,ATRCCS,BEC,wind,ATRCCS_H_BEC_C_wind_E,Spain,1,2024,171.07562900611833,948.0961379894816,1119.1717669955997,-1.055084656806511,21.385807864799265,0.0535727855538221,2.3805338366819417,8.938776999999999e-05,5.131878895923174,0.0176553453028094,1148.069987593004,-0.9837671381798796
methanol,ATRCCS,BEC,wind,ATRCCS_H_BEC_C_wind_E,Sweden,1,2024,202.3475181792798,1896.7530531822672,2099.1005713615473,-1.055084656806511,22.56440133074008,0.0564479630816619,2.759498200469972,2.204082e-05,1.7888394327279502,0.0061541939154455,2126.213310325485,-0.9924604589894037
methanol,ATRCCS,BEC,wind,ATRCCS_H_BEC_C_wind_E,Czech Republic,1,2024,167.39658322104057,963.85889640127,1131.2554796223103,-1.055084656806511,35.008356528367685,0.086804978775029,2.3880953307855566,0.00025346943,0.0,0.0,1168.6519314814634,-0.968026208601482
methanol,ATRCCS,BEC,wind,ATRCCS_H_BEC_C_wind_E,Japan,1,2024,198.668472394202,1106.1766925331513,1304.8451649273532,-1.055084656806511,9.224572746193816,0.023905465197621,2.793108423404836,0.0002951020899999,41.67257406787354,0.1433673123911195,1358.5354201648254,-0.8875167771277708
methanol,ATRCCS,BEC,wind,ATRCCS_H_BEC_C_wind_E,Belgium,1,2024,188.55109648523796,808.5620033230133,997.1130998082511,-1.055084656806511,6.891290009706824,0.0182134244016125,2.690994348439774,8.448981e-05,0.0,0.0,1006.6953841663977,-1.0367867425948984
methanol,ATRCCS,BEC,wind,ATRCCS_H_BEC_C_wind_E,Poland,1,2024,170.1558675598489,1057.9395344290026,1228.0954019888516,-1.055084656806511,11.233270499248109,0.0288056812659274,2.5365568889578465,0.000376530675,3.1328346139356533,0.0107779778142402,1244.9980639909934,-1.0151244670513433
methanol,ATRCCS,BEC,wind,ATRCCS_H_BEC_C_wind_E,India,1,2024,162.7977759896933,715.2485197170246,878.0462957067178,-1.055084656806511,41.30430620421374,0.1021639414262884,2.2627002371650744,0.0004334694599999,23.134804719573623,0.0795913103408614,944.7481068676702,-0.8728959355793614
methanol,ATRCCS,BEC,wind,ATRCCS_H_BEC_C_wind_E,Indonesia,1,2024,148.08159284938202,1126.419046043343,1274.5006388927252,-1.055084656806511,14.675222299770391,0.0372023190844393,2.0309053535795303,0.00039551027,34.945309666630486,0.1202233180849409,1326.1520762127057,-0.897263509367131
methanol,ATRCCS,BEC,wind,ATRCCS_H_BEC_C_wind_E,South Korea,1,2024,172.91515189865726,848.7803521224572,1021.6955040211144,-1.055084656806511,7.503288733588453,0.0197063946486234,2.3917530921301347,0.00025346943,40.2483810771631,0.1384676217439359,1071.838926923996,-0.8966571709839518
methanol,ATRCCS,BEC,wind,ATRCCS_H_BEC_C_wind_E,China,1,2024,168.31634466731,691.8378750402705,860.1542197075805,-1.055084656806511,78.31080589228577,0.1924412587218022,2.315337598509652,0.0003428572,38.75221989986314,0.1333203369483275,979.5325830982391,-0.7289802039363813
methanol,ATRCCS,BEC,wind,ATRCCS_H_BEC_C_wind_E,United Arab Emirates,1,2024,175.67443623746564,160.65463065919832,336.32906689666396,-1.055084656806511,10.915758228841952,0.0280311104142585,2.425112590302424,0.000234489835,22.41243881244368,0.0771061348751099,372.08237652825204,-0.9497129216821427
methanol,ATRCCS,BEC,wind,ATRCCS_H_BEC_C_wind_E,United States,1,2024,183.9522892538907,519.0505343743655,703.0028236282562,-1.055084656806511,88.49089459208655,0.2172755744607914,2.558864559819293,0.00023510208,12.170337163931713,0.0418699485000563,806.2229199440937,-0.7957040317656634
methanol,ATRCCS,BEC,wind,ATRCCS_H_BEC_C_wind_E,Turkey,1,2024,168.31634466731,479.59067701750666,647.9070216848166,-1.055084656806511,10.146640984986664,0.026154849702053,2.3502355635096523,0.00028775515,12.591115249067489,0.0433175630169984,672.9950134823804,-0.9853244889374597
methanol,ATRCCS,BEC,wind,ATRCCS_H_BEC_C_wind_E,Australia,1,2024,188.55109648523796,643.8472623154714,832.3983588007094,-1.055084656806511,78.8034842059262,0.1936431469527896,2.673851488439774,0.00033795924,35.55048492422846,0.1223053193087221,949.4261794193039,-0.7387982313049993
methanol,ATRCCS,BEC,wind,ATRCCS_H_BEC_C_wind_E,Malaysia,1,2024,160.9582530971544,461.96842728091855,622.9266803780729,-1.055084656806511,7.765323073628242,0.0203456271471706,2.238623836716881,0.0003697959799999,30.34359622361494,0.1043919156943736,663.2742235120329,-0.9299773179849669
methanol,ATRCCS,BEC,wind,ATRCCS_H_BEC_C_wind_E,Canada,1,2024,187.63133503896853,351.86696322056036,539.4982982595288,-1.055084656806511,111.9192338137173,0.2744289834955782,2.5837520507156784,0.0001071428749999,11.02795216101818,0.0379397696894823,665.02923628498,-0.7426087607464507
methanol,ATRCCS,BEC,wind,ATRCCS_H_BEC_C_wind_E,Mexico,1,2024,161.87801454342383,287.6259442072812,449.503958750705,-1.055084656806511,32.458224140908094,0.0805839334822081,2.301784494440977,0.000321428625,18.577812770264984,0.0639137645454839,502.8417801563191,-0.9102655301538192
methanol,ATRCCS,BEC,wind,ATRCCS_H_BEC_C_wind_E,Thailand,1,2024,163.71753743596273,476.1166479688783,639.834185404841,-1.055084656806511,11.669272719816664,0.0298693082271259,2.276269049889171,0.00033918373,33.68755828994832,0.115896241138903,687.4672854644953,-0.9089799237104822
methanol,ATRCCS,BEC,wind,ATRCCS_H_BEC_C_wind_E,Russia,1,2024,173.83491334492675,283.8662667646841,457.7011801096109,-1.055084656806511,136.74448225210324,0.3349901511040483,2.3881790448542315,0.000274898005,4.515639100965043,0.0155352784442634,601.3494805075334,-0.7042843292531994
methanol,ATRCCS,BEC,wind,ATRCCS_H_BEC_C_wind_E,Saudi Arabia,1,2024,175.67443623746564,159.64706308573207,335.3214993231977,-1.055084656806511,28.6060741249968,0.0711866175461529,2.3993983003024244,0.00033795924,14.10326729475843,0.048519861640653,380.43023904325537,-0.9350402183797052
methanol,BG,BEC,wind,BG_H_BEC_C_wind_E,South Africa,1,2024,177.1915221413973,361.2849089339475,538.4764310753449,-1.0822150180198815,24.53851842343582,0.0612638196651808,2.3634903994060386,0.0004340817049999,25.830928168264716,0.0888668586207434,591.2093680664514,-0.9316502580289573
methanol,BG,BEC,wind,BG_H_BEC_C_wind_E,Taiwan,1,2024,174.34887740116096,358.69144404295105,533.040321444112,-1.0822150180198815,6.525622092765043,0.0173213779005709,2.3754370312337483,0.0003893878199999,36.935820409625535,0.1270713274026291,578.8772009777364,-0.9374329248966815
methanol,BG,BEC,wind,BG_H_BEC_C_wind_E,Switzerland,1,2024,209.40816253074223,527.5852796252232,736.9934421559653,-1.0822150180198815,27.51533631048074,0.068525763788103,2.9013606570253185,2.2653065e-05,0.0,0.0,767.4101391234714,-1.0136666011667785
methanol,BG,BEC,wind,BG_H_BEC_C_wind_E,Singapore,1,2024,175.2964256479064,490.55586828328546,665.8522939311919,-1.0822150180198815,0.97719928410902,0.0037860062602167,2.4600262639578463,0.000305510255,30.748135543443087,0.1057836635366315,700.0376550227019,-0.9723398379680334
methanol,BG,BEC,wind,BG_H_BEC_C_wind_E,Hungary,1,2024,170.5586844141792,382.3420788984091,552.9007633125883,-1.0822150180198815,51.585109448964424,0.1272439501923771,2.344427090337363,0.0001120408349999,0.0,0.0,606.8302998518901,-0.9548590269925045
methanol,BG,BEC,wind,BG_H_BEC_C_wind_E,Philippines,1,2024,169.61113616743376,368.3467903852319,537.9579265526656,-1.0822150180198815,10.107765430778445,0.0260600128282098,2.301470517613267,0.0003753061849999,35.52536845557584,0.1222189104249892,585.8925309566332,-0.9335607885816827
methanol,BG,BEC,wind,BG_H_BEC_C_wind_E,Netherlands,1,2024,194.24739058281517,449.05145749170697,643.2988480745221,-1.0822150180198815,5.11922627434319,0.0138904767720408,2.673239243439774,0.000154897985,0.0,0.0,651.091313592305,-1.068169643262841
methanol,BG,BEC,wind,BG_H_BEC_C_wind_E,Norway,1,2024,215.09345201121488,463.71225055756463,678.8057025687795,-1.0822150180198815,21.57408582181769,0.0540320894331074,2.878079638369897,1.8979595e-05,2.16119139281739,0.0074352066912496,705.4190594217844,-1.0207287423005245
methanol,BG,BEC,wind,BG_H_BEC_C_wind_E,Oman,1,2024,180.98171512837908,364.38635782825605,545.3680729566352,-1.0822150180198815,18.344062311311852,0.046152450456501,2.4808268853024247,0.000333673525,21.91145943478494,0.0753826016270478,588.1044215880344,-0.9603462924113328
methanol,BG,BEC,wind,BG_H_BEC_C_wind_E,Italy,1,2024,181.9292633751245,455.0879940176832,637.0172573928077,-1.0822150180198815,12.703599215411328,0.0323925466316501,2.651130418026521,0.00017632656,8.251398093798704,0.0283875137218633,660.6233851200442,-1.021258631106368
methanol,BG,BEC,wind,BG_H_BEC_C_wind_E,Austria,1,2024,197.09003532305152,458.4563510604382,655.5463863834897,-1.0822150180198815,36.74036974543607,0.0910302232070957,2.747006911612064,6.3061235e-05,0.0,0.0,695.0337630405378,-0.9911217335777859
methanol,BG,BEC,wind,BG_H_BEC_C_wind_E,Finland,1,2024,204.67042129701508,458.6139426447996,663.2843639418147,-1.0822150180198815,18.67936439460148,0.0469704195380984,2.7447410684048363,4.408164e-05,4.208689584965953,0.0144792715108576,688.9171589897871,-1.0207212453309253
methanol,BG,BEC,wind,BG_H_BEC_C_wind_E,Portugal,1,2024,172.45378090767008,405.412082728082,577.865863635752,-1.0822150180198815,9.118529180062064,0.0236467720289204,2.338503485785557,6.857144e-05,4.159614045582699,0.0143104355715642,593.4825103471823,-1.044189238979397
methanol,BG,BEC,wind,BG_H_BEC_C_wind_E,Germany,1,2024,195.1949388295606,469.1748573714754,664.369796201036,-1.0822150180198815,19.102040951147117,0.0480015385558461,2.718032551163871,0.00021061228,0.0,0.0,686.1898697033471,-1.0340028671840353
methanol,BG,BEC,wind,BG_H_BEC_C_wind_E,Greece,1,2024,174.34887740116096,391.76635150827576,566.1152289094367,-1.0822150180198815,8.034570812196023,0.0210024567238846,2.4189064262337494,0.0001959184,10.39807833449119,0.0357727972939781,586.9667844823576,-1.0252438456020188
methanol,BG,BEC,wind,BG_H_BEC_C_wind_E,France,1,2024,191.40474584257888,458.4025148811986,649.8072607237775,-1.0822150180198815,26.098777975579193,0.0650700712112465,2.609879740267486,2.693878e-05,0.0,0.0,678.5159184396242,-1.017118008028635
methanol,BG,BEC,wind,BG_H_BEC_C_wind_E,Brazil,1,2024,174.34887740116096,381.8488780021849,556.1977554033458,-1.0822150180198815,68.96650800287952,0.1696458537908778,2.3503349862337486,6.3061235e-05,20.052705430499195,0.06898787867193,647.5673038229583,-0.8435182243220737
methanol,BG,BEC,wind,BG_H_BEC_C_wind_E,United Kingdom,1,2024,201.8277765567787,417.80466201620226,619.632438572981,-1.0822150180198815,12.915972819599244,0.0329106318170113,2.899953030232547,0.000129183695,1.9570747960060495,0.0067329787018866,637.4054392188187,-1.0424422238059836
methanol,BG,BEC,wind,BG_H_BEC_C_wind_E,Spain,1,2024,176.24397389465182,409.95964692359433,586.2036208182461,-1.0822150180198815,21.385807864799265,0.0535727855538221,2.3805338366819417,8.938776999999999e-05,5.131878895923174,0.0176553453028094,615.1018414156505,-1.01089749939325
methanol,BG,BEC,wind,BG_H_BEC_C_wind_E,Sweden,1,2024,208.4606142839968,486.44719535413975,694.9078096381365,-1.0822150180198815,22.56440133074008,0.0564479630816619,2.759498200469972,2.204082e-05,1.7888394327279502,0.0061541939154455,722.0205486020745,-1.0195908202027741
methanol,BG,BEC,wind,BG_H_BEC_C_wind_E,Czech Republic,1,2024,172.45378090767008,401.1038539164032,573.5576348240734,-1.0822150180198815,35.008356528367685,0.086804978775029,2.3880953307855566,0.00025346943,0.0,0.0,610.9540866832266,-0.9951565698148525
methanol,BG,BEC,wind,BG_H_BEC_C_wind_E,Japan,1,2024,204.67042129701508,485.8054815951573,690.4759028921724,-1.0822150180198815,9.224572746193816,0.023905465197621,2.793108423404836,0.0002951020899999,41.67257406787354,0.1433673123911195,744.1661581296446,-0.9146471383411412
methanol,BG,BEC,wind,BG_H_BEC_C_wind_E,Belgium,1,2024,194.24739058281517,458.40232654584446,652.6497171286596,-1.0822150180198815,6.891290009706824,0.0182134244016125,2.690994348439774,8.448981e-05,0.0,0.0,662.2320014868062,-1.0639171038082689
methanol,BG,BEC,wind,BG_H_BEC_C_wind_E,Poland,1,2024,175.2964256479064,396.41277470520777,571.7092003531142,-1.0822150180198815,11.233270499248109,0.0288056812659274,2.5365568889578465,0.000376530675,3.1328346139356533,0.0107779778142402,588.6118623552558,-1.0422548282647137
methanol,BG,BEC,wind,BG_H_BEC_C_wind_E,India,1,2024,167.71603967394287,367.1366391458067,534.8526788197496,-1.0822150180198815,41.30430620421374,0.1021639414262884,2.2627002371650744,0.0004334694599999,23.134804719573623,0.0795913103408614,601.554489980702,-0.9000262967927318
methanol,BG,BEC,wind,BG_H_BEC_C_wind_E,Indonesia,1,2024,152.5552677260158,406.88231030049405,559.4375780265099,-1.0822150180198815,14.675222299770391,0.0372023190844393,2.0309053535795303,0.00039551027,34.945309666630486,0.1202233180849409,611.0890153464903,-0.9243938705805014
methanol,BG,BEC,wind,BG_H_BEC_C_wind_E,South Korea,1,2024,178.1390703881427,426.59144680057074,604.7305171887134,-1.0822150180198815,7.503288733588453,0.0197063946486234,2.3917530921301347,0.00025346943,40.2483810771631,0.1384676217439359,654.873940091595,-0.9237875321973222
methanol,BG,BEC,wind,BG_H_BEC_C_wind_E,China,1,2024,173.40132915441552,356.63253895229826,530.0338681067137,-1.0822150180198815,78.31080589228577,0.1924412587218022,2.315337598509652,0.0003428572,38.75221989986314,0.1333203369483275,649.4122314973723,-0.7561105651497517
methanol,BG,BEC,wind,BG_H_BEC_C_wind_E,United Arab Emirates,1,2024,180.98171512837908,363.87674209495606,544.8584572233351,-1.0822150180198815,10.915758228841952,0.0280311104142585,2.425112590302424,0.000234489835,22.41243881244368,0.0771061348751099,580.6117668549232,-0.9768432828955131
methanol,BG,BEC,wind,BG_H_BEC_C_wind_E,United States,1,2024,189.509649349088,424.8736689693716,614.3833183184596,-1.0822150180198815,88.49089459208655,0.2172755744607914,2.558864559819293,0.00023510208,12.170337163931713,0.0418699485000563,717.6034146342971,-0.8228343929790338
methanol,BG,BEC,wind,BG_H_BEC_C_wind_E,Turkey,1,2024,173.40132915441552,389.3218066738552,562.7231358282706,-1.0822150180198815,10.146640984986664,0.026154849702053,2.3502355635096523,0.00028775515,12.591115249067489,0.0433175630169984,587.8111276258344,-1.0124548501508301
methanol,BG,BEC,wind,BG_H_BEC_C_wind_E,Australia,1,2024,194.24739058281517,431.8318713537065,626.0792619365216,-1.0822150180198815,78.8034842059262,0.1936431469527896,2.673851488439774,0.00033795924,35.55048492422846,0.1223053193087221,743.1070825551161,-0.7659285925183698
methanol,BG,BEC,wind,BG_H_BEC_C_wind_E,Malaysia,1,2024,165.820943180452,387.4095786498743,553.2305218303263,-1.0822150180198815,7.765323073628242,0.0203456271471706,2.238623836716881,0.0003697959799999,30.34359622361494,0.1043919156943736,593.5780649642863,-0.9571076791983373
methanol,BG,BEC,wind,BG_H_BEC_C_wind_E,Canada,1,2024,193.29984233606976,401.3170514845403,594.61689382061,-1.0822150180198815,111.9192338137173,0.2744289834955782,2.5837520507156784,0.0001071428749999,11.02795216101818,0.0379397696894823,720.1478318460612,-0.7697391219598211
methanol,BG,BEC,wind,BG_H_BEC_C_wind_E,Mexico,1,2024,166.76849142719743,356.1377297357737,522.9062211629712,-1.0822150180198815,32.458224140908094,0.0805839334822081,2.301784494440977,0.000321428625,18.577812770264984,0.0639137645454839,576.2440425685852,-0.9373958913671896
methanol,BG,BEC,wind,BG_H_BEC_C_wind_E,Thailand,1,2024,168.66358792068831,377.6598142146672,546.3234021353555,-1.0822150180198815,11.669272719816664,0.0298693082271259,2.276269049889171,0.00033918373,33.68755828994832,0.115896241138903,593.9565021950098,-0.9361102849238526
methanol,BG,BEC,wind,BG_H_BEC_C_wind_E,Russia,1,2024,179.08661863488817,398.8007395776075,577.8873582124957,-1.0822150180198815,136.74448225210324,0.3349901511040483,2.3881790448542315,0.000274898005,4.515639100965043,0.0155352784442634,721.5356586104182,-0.7314146904665698
methanol,BG,BEC,wind,BG_H_BEC_C_wind_E,Saudi Arabia,1,2024,180.98171512837908,362.35512775737254,543.3368428857516,-1.0822150180198815,28.6060741249968,0.0711866175461529,2.3993983003024244,0.00033795924,14.10326729475843,0.048519861640653,588.4455826058092,-0.9621705795930757
methanol,LTE,BEC,wind,LTE_H_BEC_C_wind_E,South Africa,1,2024,204.03355600716057,604.9504063456952,808.9839623528558,-1.21746221074673,24.53851842343582,0.0612638196651808,2.3634903994060386,0.0004340817049999,25.830928168264716,0.0888668586207434,861.7168993439623,-1.0668974507558056
methanol,LTE,BEC,wind,LTE_H_BEC_C_wind_E,Taiwan,1,2024,200.7602904027676,346.6133119335474,547.373602336315,-1.21746221074673,6.525622092765043,0.0173213779005709,2.3754370312337483,0.0003893878199999,36.935820409625535,0.1270713274026291,593.2104818699394,-1.0726801176235299
methanol,LTE,BEC,wind,LTE_H_BEC_C_wind_E,Switzerland,1,2024,241.13056619028063,731.8352383866421,972.9658045769228,-1.21746221074673,27.51533631048074,0.068525763788103,2.9013606570253185,2.2653065e-05,0.0,0.0,1003.3825015444288,-1.148913793893627
methanol,LTE,BEC,wind,LTE_H_BEC_C_wind_E,Singapore,1,2024,201.85137893756524,1006.4700117366036,1208.321390674169,-1.21746221074673,0.97719928410902,0.0037860062602167,2.4600262639578463,0.000305510255,30.748135543443087,0.1057836635366315,1242.506751765679,-1.1075870306948816
methanol,LTE,BEC,wind,LTE_H_BEC_C_wind_E,Hungary,1,2024,196.395936263577,563.2445783228574,759.6405145864344,-1.21746221074673,51.585109448964424,0.1272439501923771,2.344427090337363,0.0001120408349999,0.0,0.0,813.5700511257362,-1.090106219719353
methanol,LTE,BEC,wind,LTE_H_BEC_C_wind_E,Philippines,1,2024,195.30484772877935,686.3798984967617,881.6847462255411,-1.21746221074673,10.107765430778445,0.0260600128282098,2.301470517613267,0.0003753061849999,35.52536845557584,0.1222189104249892,929.6193506295086,-1.0688079813085312
methanol,LTE,BEC,wind,LTE_H_BEC_C_wind_E,Netherlands,1,2024,223.67314963351825,562.5014229961736,786.1745726296919,-1.21746221074673,5.11922627434319,0.0138904767720408,2.673239243439774,0.000154897985,0.0,0.0,793.9670381474748,-1.2034168359896893
methanol,LTE,BEC,wind,LTE_H_BEC_C_wind_E,Norway,1,2024,247.67709739906655,568.2584079455419,815.9355053446084,-1.21746221074673,21.57408582181769,0.0540320894331074,2.878079638369897,1.8979595e-05,2.16119139281739,0.0074352066912496,842.5488621976133,-1.1559759350273728
methanol,LTE,BEC,wind,LTE_H_BEC_C_wind_E,Oman,1,2024,208.39791014635117,637.7844358772282,846.1823460235794,-1.21746221074673,18.344062311311852,0.046152450456501,2.4808268853024247,0.000333673525,21.91145943478494,0.0753826016270478,888.9186946549786,-1.0955934851381812
methanol,LTE,BEC,wind,LTE_H_BEC_C_wind_E,Italy,1,2024,209.4889986811488,651.0000394635904,860.4890381447392,-1.21746221074673,12.703599215411328,0.0323925466316501,2.651130418026521,0.00017632656,8.251398093798704,0.0283875137218633,884.0951658719757,-1.1565058238332164
methanol,LTE,BEC,wind,LTE_H_BEC_C_wind_E,Austria,1,2024,226.9464152379112,614.2855837294003,841.2319989673115,-1.21746221074673,36.74036974543607,0.0910302232070957,2.747006911612064,6.3061235e-05,0.0,0.0,880.7193756243596,-1.1263689263046341
methanol,LTE,BEC,wind,LTE_H_BEC_C_wind_E,Finland,1,2024,235.6751235162924,581.7184582903916,817.393581806684,-1.21746221074673,18.67936439460148,0.0469704195380984,2.7447410684048363,4.408164e-05,4.208689584965953,0.0144792715108576,843.0263768546563,-1.1559684380577737
methanol,LTE,BEC,wind,LTE_H_BEC_C_wind_E,Portugal,1,2024,198.5781133331723,635.2260738624816,833.8041871956539,-1.21746221074673,9.118529180062064,0.0236467720289204,2.338503485785557,6.857144e-05,4.159614045582699,0.0143104355715642,849.4208339070841,-1.1794364317062453
methanol,LTE,BEC,wind,LTE_H_BEC_C_wind_E,Germany,1,2024,224.7642381683159,706.4196663072424,931.1839044755584,-1.21746221074673,19.102040951147117,0.0480015385558461,2.718032551163871,0.00021061228,0.0,0.0,953.0039779778695,-1.1692500599108837
methanol,LTE,BEC,wind,LTE_H_BEC_C_wind_E,Greece,1,2024,200.7602904027676,581.968340484126,782.7286308868936,-1.21746221074673,8.034570812196023,0.0210024567238846,2.4189064262337494,0.0001959184,10.39807833449119,0.0357727972939781,803.5801864598146,-1.1604910383288671
methanol,LTE,BEC,wind,LTE_H_BEC_C_wind_E,France,1,2024,220.3998840291253,641.0184910402257,861.418375069351,-1.21746221074673,26.098777975579193,0.0650700712112465,2.609879740267486,2.693878e-05,0.0,0.0,890.1270327851977,-1.1523652007554834
methanol,LTE,BEC,wind,LTE_H_BEC_C_wind_E,Brazil,1,2024,200.7602904027676,328.9112673686899,529.6715577714575,-1.21746221074673,68.96650800287952,0.1696458537908778,2.3503349862337486,6.3061235e-05,20.052705430499195,0.06898787867193,621.04110619107,-0.978765417048922
methanol,LTE,BEC,wind,LTE_H_BEC_C_wind_E,United Kingdom,1,2024,232.40185791189944,441.8982721167481,674.3001300286476,-1.21746221074673,12.915972819599244,0.0329106318170113,2.899953030232547,0.000129183695,1.9570747960060495,0.0067329787018866,692.0731306744854,-1.177689416532832
methanol,LTE,BEC,wind,LTE_H_BEC_C_wind_E,Spain,1,2024,202.9424674723629,479.0042755223553,681.9467429947182,-1.21746221074673,21.385807864799265,0.0535727855538221,2.3805338366819417,8.938776999999999e-05,5.131878895923174,0.0176553453028094,710.8449635921226,-1.1461446921200984
methanol,LTE,BEC,wind,LTE_H_BEC_C_wind_E,Sweden,1,2024,240.03947765548304,597.4468713773764,837.4863490328594,-1.21746221074673,22.56440133074008,0.0564479630816619,2.759498200469972,2.204082e-05,1.7888394327279502,0.0061541939154455,864.5990879967974,-1.1548380129296225
methanol,LTE,BEC,wind,LTE_H_BEC_C_wind_E,Czech Republic,1,2024,198.5781133331723,655.8638467744439,854.4419601076162,-1.21746221074673,35.008356528367685,0.086804978775029,2.3880953307855566,0.00025346943,0.0,0.0,891.8384119667694,-1.130403762541701
methanol,LTE,BEC,wind,LTE_H_BEC_C_wind_E,Japan,1,2024,235.6751235162924,1461.7884511526042,1697.4635746688966,-1.21746221074673,9.224572746193816,0.023905465197621,2.793108423404836,0.0002951020899999,41.67257406787354,0.1433673123911195,1751.1538299063689,-1.0498943310679896
methanol,LTE,BEC,wind,LTE_H_BEC_C_wind_E,Belgium,1,2024,223.67314963351825,656.6571484867006,880.3302981202189,-1.21746221074673,6.891290009706824,0.0182134244016125,2.690994348439774,8.448981e-05,0.0,0.0,889.9125824783655,-1.1991642965351172
methanol,LTE,BEC,wind,LTE_H_BEC_C_wind_E,Poland,1,2024,201.85137893756524,604.9779790811784,806.8293580187437,-1.21746221074673,11.233270499248109,0.0288056812659274,2.5365568889578465,0.000376530675,3.1328346139356533,0.0107779778142402,823.7320200208853,-1.177502020991562
methanol,LTE,BEC,wind,LTE_H_BEC_C_wind_E,India,1,2024,193.122670659184,558.023275763912,751.145946423096,-1.21746221074673,41.30430620421374,0.1021639414262884,2.2627002371650744,0.0004334694599999,23.134804719573623,0.0795913103408614,817.8477575840484,-1.03527348951958
methanol,LTE,BEC,wind,LTE_H_BEC_C_wind_E,Indonesia,1,2024,175.6652541024216,963.029371133902,1138.6946252363236,-1.21746221074673,14.675222299770391,0.0372023190844393,2.0309053535795303,0.00039551027,34.945309666630486,0.1202233180849409,1190.346062556304,-1.0596410633073499
methanol,LTE,BEC,wind,LTE_H_BEC_C_wind_E,South Korea,1,2024,205.1246445419582,822.4402330580584,1027.5648776000166,-1.21746221074673,7.503288733588453,0.0197063946486234,2.3917530921301347,0.00025346943,40.2483810771631,0.1384676217439359,1077.7083005028983,-1.0590347249241705
methanol,LTE,BEC,wind,LTE_H_BEC_C_wind_E,China,1,2024,199.66920186796995,338.3849715999704,538.0541734679404,-1.21746221074673,78.31080589228577,0.1924412587218022,2.315337598509652,0.0003428572,38.75221989986314,0.1333203369483275,657.432536858599,-0.8913577578766001
methanol,LTE,BEC,wind,LTE_H_BEC_C_wind_E,United Arab Emirates,1,2024,208.39791014635117,636.5515538313514,844.9494639777025,-1.21746221074673,10.915758228841952,0.0280311104142585,2.425112590302424,0.000234489835,22.41243881244368,0.0771061348751099,880.7027736092906,-1.1120904756223615
methanol,LTE,BEC,wind,LTE_H_BEC_C_wind_E,United States,1,2024,218.21770695953,532.920285204745,751.137992164275,-1.21746221074673,88.49089459208655,0.2172755744607914,2.558864559819293,0.00023510208,12.170337163931713,0.0418699485000563,854.3580884801125,-0.9580815857058821
methanol,LTE,BEC,wind,LTE_H_BEC_C_wind_E,Turkey,1,2024,199.66920186796995,905.788673006544,1105.457874874514,-1.21746221074673,10.146640984986664,0.026154849702053,2.3502355635096523,0.00028775515,12.591115249067489,0.0433175630169984,1130.5458666720776,-1.1477020428776785
methanol,LTE,BEC,wind,LTE_H_BEC_C_wind_E,Australia,1,2024,223.67314963351825,575.8546071576873,799.5277567912055,-1.21746221074673,78.8034842059262,0.1936431469527896,2.673851488439774,0.00033795924,35.55048492422846,0.1223053193087221,916.5555774098001,-0.9011757852452184
methanol,LTE,BEC,wind,LTE_H_BEC_C_wind_E,Malaysia,1,2024,190.94049358958875,967.4474714345176,1158.3879650241065,-1.21746221074673,7.765323073628242,0.0203456271471706,2.238623836716881,0.0003697959799999,30.34359622361494,0.1043919156943736,1198.7355081580665,-1.0923548719251857
methanol,LTE,BEC,wind,LTE_H_BEC_C_wind_E,Canada,1,2024,222.58206109872057,497.8405775087748,720.4226386074954,-1.21746221074673,111.9192338137173,0.2744289834955782,2.5837520507156784,0.0001071428749999,11.02795216101818,0.0379397696894823,845.9535766329466,-0.9049863146866695
methanol,LTE,BEC,wind,LTE_H_BEC_C_wind_E,Mexico,1,2024,192.0315821243864,570.0791310995895,762.110713223976,-1.21746221074673,32.458224140908094,0.0805839334822081,2.301784494440977,0.000321428625,18.577812770264984,0.0639137645454839,815.4485346295901,-1.072643084094038
methanol,LTE,BEC,wind,LTE_H_BEC_C_wind_E,Thailand,1,2024,194.2137591939817,846.5966617252775,1040.8104209192593,-1.21746221074673,11.669272719816664,0.0298693082271259,2.276269049889171,0.00033918373,33.68755828994832,0.115896241138903,1088.4435209789135,-1.0713574776507009
methanol,LTE,BEC,wind,LTE_H_BEC_C_wind_E,Russia,1,2024,206.21573307675584,1215.1644601676282,1421.380193244384,-1.21746221074673,136.74448225210324,0.3349901511040483,2.3881790448542315,0.000274898005,4.515639100965043,0.0155352784442634,1565.0284936423066,-0.8666618831934182
methanol,LTE,BEC,wind,LTE_H_BEC_C_wind_E,Saudi Arabia,1,2024,208.39791014635117,635.337564583458,843.7354747298091,-1.21746221074673,28.6060741249968,0.0711866175461529,2.3993983003024244,0.00033795924,14.10326729475843,0.048519861640653,888.8442144498667,-1.097417772319924
methanol,SMR,BEC,wind,SMR_H_BEC_C_wind_E,South Africa,1,2024,133.69110276099715,207.69232595287565,341.38342871387283,0.8270608479746766,24.53851842343582,0.0612638196651808,2.3634903994060386,0.0004340817049999,25.830928168264716,0.0888668586207434,394.11636570497944,0.9776256079656007
methanol,SMR,BEC,wind,SMR_H_BEC_C_wind_E,Taiwan,1,2024,131.54632571135548,427.2845175660318,558.8308432773873,0.8270608479746766,6.525622092765043,0.0173213779005709,2.3754370312337483,0.0003893878199999,36.935820409625535,0.1270713274026291,604.6677228110117,0.9718429410978764
methanol,SMR,BEC,wind,SMR_H_BEC_C_wind_E,Switzerland,1,2024,157.99857599026936,1733.496982194385,1891.4955581846543,0.8270608479746766,27.51533631048074,0.068525763788103,2.9013606570253185,2.2653065e-05,0.0,0.0,1921.9122551521605,0.8956092648277797
methanol,SMR,BEC,wind,SMR_H_BEC_C_wind_E,Singapore,1,2024,132.26125139456937,1846.623519883008,1978.884771277577,0.8270608479746766,0.97719928410902,0.0037860062602167,2.4600262639578463,0.000305510255,30.748135543443087,0.1057836635366315,2013.070132369087,0.9369360280265249
methanol,SMR,BEC,wind,SMR_H_BEC_C_wind_E,Hungary,1,2024,128.68662297849994,692.0187042200544,820.7053271985543,0.8270608479746766,51.585109448964424,0.1272439501923771,2.344427090337363,0.0001120408349999,0.0,0.0,874.6348637378561,0.9544168390020537
methanol,SMR,BEC,wind,SMR_H_BEC_C_wind_E,Philippines,1,2024,127.97169729528603,429.21597533244665,557.1876726277327,0.8270608479746766,10.107765430778445,0.0260600128282098,2.301470517613267,0.0003753061849999,35.52536845557584,0.1222189104249892,605.1222770317003,0.9757150774128756
methanol,SMR,BEC,wind,SMR_H_BEC_C_wind_E,Netherlands,1,2024,146.55976505884712,1186.7632499370177,1333.323014995865,0.8270608479746766,5.11922627434319,0.0138904767720408,2.673239243439774,0.000154897985,0.0,0.0,1341.115480513648,0.8411062227317174
methanol,SMR,BEC,wind,SMR_H_BEC_C_wind_E,Norway,1,2024,162.2881300895527,910.823346570996,1073.1114766605488,0.8270608479746766,21.57408582181769,0.0540320894331074,2.878079638369897,1.8979595e-05,2.16119139281739,0.0074352066912496,1099.724833513554,0.8885471236940337
methanol,SMR,BEC,wind,SMR_H_BEC_C_wind_E,Oman,1,2024,136.55080549385272,134.93117887883326,271.481984372686,0.8270608479746766,18.344062311311852,0.046152450456501,2.4808268853024247,0.000333673525,21.91145943478494,0.0753826016270478,314.2183330040852,0.9489295735832254
methanol,SMR,BEC,wind,SMR_H_BEC_C_wind_E,Italy,1,2024,137.26573117706658,1316.7384562674995,1454.0041874445662,0.8270608479746766,12.703599215411328,0.0323925466316501,2.651130418026521,0.00017632656,8.251398093798704,0.0283875137218633,1477.6103151718028,0.8880172348881901
methanol,SMR,BEC,wind,SMR_H_BEC_C_wind_E,Austria,1,2024,148.70454210848882,1129.5084424580557,1278.2129845665445,0.8270608479746766,36.74036974543607,0.0910302232070957,2.747006911612064,6.3061235e-05,0.0,0.0,1317.7003612235926,0.9181541324167722
methanol,SMR,BEC,wind,SMR_H_BEC_C_wind_E,Finland,1,2024,154.42394757419993,1194.6263365225464,1349.0502840967465,0.8270608479746766,18.67936439460148,0.0469704195380984,2.7447410684048363,4.408164e-05,4.208689584965953,0.0144792715108576,1374.6830791447187,0.8885546206636327
methanol,SMR,BEC,wind,SMR_H_BEC_C_wind_E,Portugal,1,2024,130.1164743449277,1021.3946370350218,1151.5111113799494,0.8270608479746766,9.118529180062064,0.0236467720289204,2.338503485785557,6.857144e-05,4.159614045582699,0.0143104355715642,1167.1277580913797,0.8650866270151613
methanol,SMR,BEC,wind,SMR_H_BEC_C_wind_E,Germany,1,2024,147.27469074206104,1068.2669255187093,1215.5416162607703,0.8270608479746766,19.102040951147117,0.0480015385558461,2.718032551163871,0.00021061228,0.0,0.0,1237.3616897630811,0.8752729988105227
methanol,SMR,BEC,wind,SMR_H_BEC_C_wind_E,Greece,1,2024,131.5463257113555,590.7515590215739,722.2978847329294,0.8270608479746766,8.034570812196023,0.0210024567238846,2.4189064262337494,0.0001959184,10.39807833449119,0.0357727972939781,743.1494403058504,0.8840320203925393
methanol,SMR,BEC,wind,SMR_H_BEC_C_wind_E,France,1,2024,144.4149880092055,1166.3955601688529,1310.8105481780583,0.8270608479746766,26.098777975579193,0.0650700712112465,2.609879740267486,2.693878e-05,0.0,0.0,1339.5192058939049,0.8921578579659232
methanol,SMR,BEC,wind,SMR_H_BEC_C_wind_E,Brazil,1,2024,131.54632571135548,1088.9525332845835,1220.498858995939,0.8270608479746766,68.96650800287952,0.1696458537908778,2.3503349862337486,6.3061235e-05,20.052705430499195,0.06898787867193,1311.8684074155512,1.0657576416724843
methanol,SMR,BEC,wind,SMR_H_BEC_C_wind_E,United Kingdom,1,2024,152.27917052455825,864.3577116233797,1016.636882147938,0.8270608479746766,12.915972819599244,0.0329106318170113,2.899953030232547,0.000129183695,1.9570747960060495,0.0067329787018866,1034.409882793776,0.8668336421885745
methanol,SMR,BEC,wind,SMR_H_BEC_C_wind_E,Spain,1,2024,132.97617707778326,858.8407716267349,991.8169487045182,0.8270608479746766,21.385807864799265,0.0535727855538221,2.3805338366819417,8.938776999999999e-05,5.131878895923174,0.0176553453028094,1020.7151693019225,0.8983783666013081
methanol,SMR,BEC,wind,SMR_H_BEC_C_wind_E,Sweden,1,2024,157.2836503070555,1722.35664012465,1879.6402904317056,0.8270608479746766,22.56440133074008,0.0564479630816619,2.759498200469972,2.204082e-05,1.7888394327279502,0.0061541939154455,1906.7530293956436,0.889685045791784
methanol,SMR,BEC,wind,SMR_H_BEC_C_wind_E,Czech Republic,1,2024,130.1164743449277,867.3300915426764,997.4465658876042,0.8270608479746766,35.008356528367685,0.086804978775029,2.3880953307855566,0.00025346943,0.0,0.0,1034.8430177467574,0.9141192961797057
methanol,SMR,BEC,wind,SMR_H_BEC_C_wind_E,Japan,1,2024,154.42394757419993,968.4694015145974,1122.893349088797,0.8270608479746766,9.224572746193816,0.023905465197621,2.793108423404836,0.0002951020899999,41.67257406787354,0.1433673123911195,1176.5836043262693,0.9946287276534171
methanol,SMR,BEC,wind,SMR_H_BEC_C_wind_E,Belgium,1,2024,146.55976505884712,731.4302895382538,877.9900545971009,0.8270608479746766,6.891290009706824,0.0182134244016125,2.690994348439774,8.448981e-05,0.0,0.0,887.5723389552475,0.8453587621862891
methanol,SMR,BEC,wind,SMR_H_BEC_C_wind_E,Poland,1,2024,132.26125139456937,950.9454102368704,1083.2066616314398,0.8270608479746766,11.233270499248109,0.0288056812659274,2.5365568889578465,0.000376530675,3.1328346139356533,0.0107779778142402,1100.1093236335817,0.8670210377298442
methanol,SMR,BEC,wind,SMR_H_BEC_C_wind_E,India,1,2024,126.54184592885824,636.1312586120108,762.6731045408691,0.8270608479746766,41.30430620421374,0.1021639414262884,2.2627002371650744,0.0004334694599999,23.134804719573623,0.0795913103408614,829.3749157018215,1.0092495692018262
methanol,SMR,BEC,wind,SMR_H_BEC_C_wind_E,Indonesia,1,2024,115.10303499743604,997.1961818587606,1112.2992168561966,0.8270608479746766,14.675222299770391,0.0372023190844393,2.0309053535795303,0.00039551027,34.945309666630486,0.1202233180849409,1163.950654176177,0.9848819954140567
methanol,SMR,BEC,wind,SMR_H_BEC_C_wind_E,South Korea,1,2024,134.40602844421105,753.6303903692179,888.036418813429,0.8270608479746766,7.503288733588453,0.0197063946486234,2.3917530921301347,0.00025346943,40.2483810771631,0.1384676217439359,938.1798417163106,0.985488333797236
methanol,SMR,BEC,wind,SMR_H_BEC_C_wind_E,China,1,2024,130.8314000281416,622.7811843304313,753.6125843585729,0.8270608479746766,78.31080589228577,0.1924412587218022,2.315337598509652,0.0003428572,38.75221989986314,0.1333203369483275,872.9909477492315,1.1531653008448064
methanol,SMR,BEC,wind,SMR_H_BEC_C_wind_E,United Arab Emirates,1,2024,136.55080549385272,133.51010531895446,270.06091081280715,0.8270608479746766,10.915758228841952,0.0280311104142585,2.425112590302424,0.000234489835,22.41243881244368,0.0771061348751099,305.8142204443952,0.932432583099045
methanol,SMR,BEC,wind,SMR_H_BEC_C_wind_E,United States,1,2024,142.98513664277772,469.7936611554241,612.7787977982018,0.8270608479746766,88.49089459208655,0.2172755744607914,2.558864559819293,0.00023510208,12.170337163931713,0.0418699485000563,715.9988941140393,1.0864414730155243
methanol,SMR,BEC,wind,SMR_H_BEC_C_wind_E,Turkey,1,2024,130.8314000281416,412.2992378167464,543.130637844888,0.8270608479746766,10.146640984986664,0.026154849702053,2.3502355635096523,0.00028775515,12.591115249067489,0.0433175630169984,568.2186296424518,0.896821015843728
methanol,SMR,BEC,wind,SMR_H_BEC_C_wind_E,Australia,1,2024,146.55976505884712,583.3963857133064,729.9561507721535,0.8270608479746766,78.8034842059262,0.1936431469527896,2.673851488439774,0.00033795924,35.55048492422846,0.1223053193087221,846.983971390748,1.1433472734761883
methanol,SMR,BEC,wind,SMR_H_BEC_C_wind_E,Malaysia,1,2024,125.1119945624305,393.1462078662547,518.2582024286852,0.8270608479746766,7.765323073628242,0.0203456271471706,2.238623836716881,0.0003697959799999,30.34359622361494,0.1043919156943736,558.6057455626452,0.9521681867962206
methanol,SMR,BEC,wind,SMR_H_BEC_C_wind_E,Canada,1,2024,145.84483937563326,317.3037960636044,463.1486354392376,0.8270608479746766,111.9192338137173,0.2744289834955782,2.5837520507156784,0.0001071428749999,11.02795216101818,0.0379397696894823,588.6795734646888,1.139536744034737
methanol,SMR,BEC,wind,SMR_H_BEC_C_wind_E,Mexico,1,2024,125.82692024564436,248.2999716769397,374.126891922584,0.8270608479746766,32.458224140908094,0.0805839334822081,2.301784494440977,0.000321428625,18.577812770264984,0.0639137645454839,427.46471332819806,0.9718799746273685
methanol,SMR,BEC,wind,SMR_H_BEC_C_wind_E,Thailand,1,2024,127.25677161207216,410.1206865602652,537.3774581723374,0.8270608479746766,11.669272719816664,0.0298693082271259,2.276269049889171,0.00033918373,33.68755828994832,0.115896241138903,585.0105582319916,0.9731655810707054
methanol,SMR,BEC,wind,SMR_H_BEC_C_wind_E,Russia,1,2024,135.12095412742494,224.0243249531704,359.1452790805953,0.8270608479746766,136.74448225210324,0.3349901511040483,2.3881790448542315,0.000274898005,4.515639100965043,0.0155352784442634,502.79357947851776,1.1778611755279884
methanol,SMR,BEC,wind,SMR_H_BEC_C_wind_E,Saudi Arabia,1,2024,136.55080549385272,132.50254115755678,269.05334665140947,0.8270608479746766,28.6060741249968,0.0711866175461529,2.3993983003024244,0.00033795924,14.10326729475843,0.048519861640653,314.1620863714671,0.9471052864014825
methanol,SMRCCS,BEC,wind,SMRCCS_H_BEC_C_wind_E,South Africa,1,2024,189.57875801038116,261.49631788400427,451.07507589438546,-0.9378380678614237,24.53851842343582,0.0612638196651808,2.3634903994060386,0.0004340817049999,25.830928168264716,0.0888668586207434,503.8080128854921,-0.7872733078704995
methanol,SMRCCS,BEC,wind,SMRCCS_H_BEC_C_wind_E,Taiwan,1,2024,186.53738756101671,539.9339050159122,726.4712925769289,-0.9378380678614237,6.525622092765043,0.0173213779005709,2.3754370312337483,0.0003893878199999,36.935820409625535,0.1270713274026291,772.3081721105533,-0.7930559747382238
methanol,SMRCCS,BEC,wind,SMRCCS_H_BEC_C_wind_E,Switzerland,1,2024,224.04762310317773,2205.7572638829133,2429.804886986091,-0.9378380678614237,27.51533631048074,0.068525763788103,2.9013606570253185,2.2653065e-05,0.0,0.0,2460.221583953597,-0.8692896510083206
methanol,SMRCCS,BEC,wind,SMRCCS_H_BEC_C_wind_E,Singapore,1,2024,187.5511777108049,2364.6305551085516,2552.1817328193565,-0.9378380678614237,0.97719928410902,0.0037860062602167,2.4600262639578463,0.000305510255,30.748135543443087,0.1057836635366315,2586.3670939108665,-0.8279628878095754
methanol,SMRCCS,BEC,wind,SMRCCS_H_BEC_C_wind_E,Hungary,1,2024,182.48222696186423,882.721701327454,1065.203928289318,-0.9378380678614237,51.585109448964424,0.1272439501923771,2.344427090337363,0.0001120408349999,0.0,0.0,1119.1334648286197,-0.8104820768340466
methanol,SMRCCS,BEC,wind,SMRCCS_H_BEC_C_wind_E,Philippines,1,2024,181.46843681207605,547.8923145542738,729.3607513663499,-0.9378380678614237,10.107765430778445,0.0260600128282098,2.301470517613267,0.0003753061849999,35.52536845557584,0.1222189104249892,777.2953557703174,-0.7891838384232247
methanol,SMRCCS,BEC,wind,SMRCCS_H_BEC_C_wind_E,Netherlands,1,2024,207.82698070656755,1510.309822944322,1718.1368036508895,-0.9378380678614237,5.11922627434319,0.0138904767720408,2.673239243439774,0.000154897985,0.0,0.0,1725.9292691686726,-0.9237926931043828
methanol,SMRCCS,BEC,wind,SMRCCS_H_BEC_C_wind_E,Norway,1,2024,230.1303640019065,1150.906237088469,1381.0366010903754,-0.9378380678614237,21.57408582181769,0.0540320894331074,2.878079638369897,1.8979595e-05,2.16119139281739,0.0074352066912496,1407.6499579433805,-0.8763517921420666
methanol,SMRCCS,BEC,wind,SMRCCS_H_BEC_C_wind_E,Oman,1,2024,193.63391860953368,167.63033962363377,361.2642582331674,-0.9378380678614237,18.344062311311852,0.046152450456501,2.4808268853024247,0.000333673525,21.91145943478494,0.0753826016270478,404.00060686456663,-0.8159693422528749
methanol,SMRCCS,BEC,wind,SMRCCS_H_BEC_C_wind_E,Italy,1,2024,194.6477087593218,1678.4106993114165,1873.0584080707383,-0.9378380678614237,12.703599215411328,0.0323925466316501,2.651130418026521,0.00017632656,8.251398093798704,0.0283875137218633,1896.6645357979748,-0.8768816809479102
methanol,SMRCCS,BEC,wind,SMRCCS_H_BEC_C_wind_E,Austria,1,2024,210.868351155932,1435.230279657525,1646.098630813457,-0.9378380678614237,36.74036974543607,0.0910302232070957,2.747006911612064,6.3061235e-05,0.0,0.0,1685.5860074705051,-0.8467447834193279
methanol,SMRCCS,BEC,wind,SMRCCS_H_BEC_C_wind_E,Finland,1,2024,218.97867235423703,1519.3345893568776,1738.3132617111146,-0.9378380678614237,18.67936439460148,0.0469704195380984,2.7447410684048363,4.408164e-05,4.208689584965953,0.0144792715108576,1763.9460567590868,-0.8763442951724676
methanol,SMRCCS,BEC,wind,SMRCCS_H_BEC_C_wind_E,Portugal,1,2024,184.50980726144044,1306.3086190472486,1490.8184263086891,-0.9378380678614237,9.118529180062064,0.0236467720289204,2.338503485785557,6.857144e-05,4.159614045582699,0.0143104355715642,1506.4350730201195,-0.899812288820939
methanol,SMRCCS,BEC,wind,SMRCCS_H_BEC_C_wind_E,Germany,1,2024,208.8407708563557,1356.3027964887185,1565.1435673450742,-0.9378380678614237,19.102040951147117,0.0480015385558461,2.718032551163871,0.00021061228,0.0,0.0,1586.963640847385,-0.8896259170255776
methanol,SMRCCS,BEC,wind,SMRCCS_H_BEC_C_wind_E,Greece,1,2024,186.53738756101671,750.1595064976109,936.6968940586275,-0.9378380678614237,8.034570812196023,0.0210024567238846,2.4189064262337494,0.0001959184,10.39807833449119,0.0357727972939781,957.5484496315486,-0.880866895443561
methanol,SMRCCS,BEC,wind,SMRCCS_H_BEC_C_wind_E,France,1,2024,204.78561025720316,1483.507446964855,1688.2930572220582,-0.9378380678614237,26.098777975579193,0.0650700712112465,2.609879740267486,2.693878e-05,0.0,0.0,1717.0017149379048,-0.8727410578701771
methanol,SMRCCS,BEC,wind,SMRCCS_H_BEC_C_wind_E,Brazil,1,2024,186.53738756101671,1391.5152328251231,1578.05262038614,-0.9378380678614237,68.96650800287952,0.1696458537908778,2.3503349862337486,6.3061235e-05,20.052705430499195,0.06898787867193,1669.4221688057523,-0.6991412741636158
methanol,SMRCCS,BEC,wind,SMRCCS_H_BEC_C_wind_E,United Kingdom,1,2024,215.93730190487264,1097.0616087539934,1312.998910658866,-0.9378380678614237,12.915972819599244,0.0329106318170113,2.899953030232547,0.000129183695,1.9570747960060495,0.0067329787018866,1330.771911304704,-0.8980652736475258
methanol,SMRCCS,BEC,wind,SMRCCS_H_BEC_C_wind_E,Spain,1,2024,188.564967860593,1091.7549108319222,1280.3198786925152,-0.9378380678614237,21.385807864799265,0.0535727855538221,2.3805338366819417,8.938776999999999e-05,5.131878895923174,0.0176553453028094,1309.2180992899196,-0.8665205492347922
methanol,SMRCCS,BEC,wind,SMRCCS_H_BEC_C_wind_E,Sweden,1,2024,223.0338329533896,2197.0607020785997,2420.0945350319894,-0.9378380678614237,22.56440133074008,0.0564479630816619,2.759498200469972,2.204082e-05,1.7888394327279502,0.0061541939154455,2447.207273995927,-0.8752138700443163
methanol,SMRCCS,BEC,wind,SMRCCS_H_BEC_C_wind_E,Czech Republic,1,2024,184.50980726144044,1108.8777934533075,1293.387600714748,-0.9378380678614237,35.008356528367685,0.086804978775029,2.3880953307855566,0.00025346943,0.0,0.0,1330.7840525739011,-0.8507796196563946
methanol,SMRCCS,BEC,wind,SMRCCS_H_BEC_C_wind_E,Japan,1,2024,218.97867235423703,1238.9618158090225,1457.9404881632593,-0.9378380678614237,9.224572746193816,0.023905465197621,2.793108423404836,0.0002951020899999,41.67257406787354,0.1433673123911195,1511.6307434007315,-0.7702701881826832
methanol,SMRCCS,BEC,wind,SMRCCS_H_BEC_C_wind_E,Belgium,1,2024,207.82698070656755,921.0652425954833,1128.8922233020508,-0.9378380678614237,6.891290009706824,0.0182134244016125,2.690994348439774,8.448981e-05,0.0,0.0,1138.4745076601973,-0.9195401536498112
methanol,SMRCCS,BEC,wind,SMRCCS_H_BEC_C_wind_E,Poland,1,2024,187.5511777108049,1216.3063901802077,1403.8575678910124,-0.9378380678614237,11.233270499248109,0.0288056812659274,2.5365568889578465,0.000376530675,3.1328346139356533,0.0107779778142402,1420.7602298931542,-0.8978778781062561
methanol,SMRCCS,BEC,wind,SMRCCS_H_BEC_C_wind_E,India,1,2024,179.4408565124998,812.9346174303896,992.3754739428894,-0.9378380678614237,41.30430620421374,0.1021639414262884,2.2627002371650744,0.0004334694599999,23.134804719573623,0.0795913103408614,1059.0772851038419,-0.755649346634274
methanol,SMRCCS,BEC,wind,SMRCCS_H_BEC_C_wind_E,Indonesia,1,2024,163.22021411588963,1280.6392614627978,1443.8594755786874,-0.9378380678614237,14.675222299770391,0.0372023190844393,2.0309053535795303,0.00039551027,34.945309666630486,0.1202233180849409,1495.5109128986678,-0.7800169204220435
methanol,SMRCCS,BEC,wind,SMRCCS_H_BEC_C_wind_E,South Korea,1,2024,190.5925481601693,958.6988597163142,1149.2914078764834,-0.9378380678614237,7.503288733588453,0.0197063946486234,2.3917530921301347,0.00025346943,40.2483810771631,0.1384676217439359,1199.434830779365,-0.7794105820388643
methanol,SMRCCS,BEC,wind,SMRCCS_H_BEC_C_wind_E,China,1,2024,185.5235974112286,793.2747390682755,978.798336479504,-0.9378380678614237,78.31080589228577,0.1924412587218022,2.315337598509652,0.0003428572,38.75221989986314,0.1333203369483275,1098.1766998701626,-0.611733614991294
methanol,SMRCCS,BEC,wind,SMRCCS_H_BEC_C_wind_E,United Arab Emirates,1,2024,193.63391860953368,165.6351002098457,359.26901881937937,-0.9378380678614237,10.915758228841952,0.0280311104142585,2.425112590302424,0.000234489835,22.41243881244368,0.0771061348751099,395.02232845096745,-0.8324663327370553
methanol,SMRCCS,BEC,wind,SMRCCS_H_BEC_C_wind_E,United States,1,2024,202.7580299576269,586.4120630508529,789.1700930084797,-0.9378380678614237,88.49089459208655,0.2172755744607914,2.558864559819293,0.00023510208,12.170337163931713,0.0418699485000563,892.3901893243172,-0.678457442820576
methanol,SMRCCS,BEC,wind,SMRCCS_H_BEC_C_wind_E,Turkey,1,2024,185.5235974112286,526.3958164097862,711.9194138210148,-0.9378380678614237,10.146640984986664,0.026154849702053,2.3502355635096523,0.00028775515,12.591115249067489,0.0433175630169984,737.0074056185786,-0.8680778999923723
methanol,SMRCCS,BEC,wind,SMRCCS_H_BEC_C_wind_E,Australia,1,2024,207.82698070656755,733.4212178021581,941.2481985087256,-0.9378380678614237,78.8034842059262,0.1936431469527896,2.673851488439774,0.00033795924,35.55048492422846,0.1223053193087221,1058.27601912732,-0.6215516423599119
methanol,SMRCCS,BEC,wind,SMRCCS_H_BEC_C_wind_E,Malaysia,1,2024,177.4132762129235,503.054350923093,680.4676271360165,-0.9378380678614237,7.765323073628242,0.0203456271471706,2.238623836716881,0.0003697959799999,30.34359622361494,0.1043919156943736,720.8151702699765,-0.8127307290398796
methanol,SMRCCS,BEC,wind,SMRCCS_H_BEC_C_wind_E,Canada,1,2024,206.81319055677943,393.2533187816133,600.0665093383927,-0.9378380678614237,111.9192338137173,0.2744289834955782,2.5837520507156784,0.0001071428749999,11.02795216101818,0.0379397696894823,725.5974473638439,-0.6253621718013632
methanol,SMRCCS,BEC,wind,SMRCCS_H_BEC_C_wind_E,Mexico,1,2024,178.42706636271166,313.65923533753346,492.08630170024514,-0.9378380678614237,32.458224140908094,0.0805839334822081,2.301784494440977,0.000321428625,18.577812770264984,0.0639137645454839,545.4241231058593,-0.7930189412087316
methanol,SMRCCS,BEC,wind,SMRCCS_H_BEC_C_wind_E,Thailand,1,2024,180.45464666228796,524.6113381180432,705.0659847803312,-0.9378380678614237,11.669272719816664,0.0298693082271259,2.276269049889171,0.00033918373,33.68755828994832,0.115896241138903,752.6990848399854,-0.7917333347653949
methanol,SMRCCS,BEC,wind,SMRCCS_H_BEC_C_wind_E,Russia,1,2024,191.60633830995744,287.52934295562363,479.135681265581,-0.9378380678614237,136.74448225210324,0.3349901511040483,2.3881790448542315,0.000274898005,4.515639100965043,0.0155352784442634,622.7839816635035,-0.587037740308112
methanol,SMRCCS,BEC,wind,SMRCCS_H_BEC_C_wind_E,Saudi Arabia,1,2024,193.63391860953368,164.6275326363794,358.2614512459131,-0.9378380678614237,28.6060741249968,0.0711866175461529,2.3993983003024244,0.00033795924,14.10326729475843,0.048519861640653,403.3701909659708,-0.8177936294346178
methanol,BG,BG,wind,BG_H_C_wind_E,South Africa,1,2024,177.1915221413973,328.0431665539476,505.23468869534486,-0.8151747661004678,24.53851842343582,0.0612638196651808,2.3634903994060386,0.0004340817049999,25.830928168264716,0.0888668586207434,557.9676256864514,-0.6646100061095437
methanol,BG,BG,wind,BG_H_C_wind_E,Taiwan,1,2024,174.34887740116096,325.44970166295104,499.798579064112,-0.8151747661004678,6.525622092765043,0.0173213779005709,2.3754370312337483,0.0003893878199999,36.935820409625535,0.1270713274026291,545.6354585977363,-0.670392672977268
methanol,BG,BG,wind,BG_H_C_wind_E,Switzerland,1,2024,209.40816253074223,494.3435372452231,703.7516997759653,-0.8151747661004678,27.51533631048074,0.068525763788103,2.9013606570253185,2.2653065e-05,0.0,0.0,734.1683967434714,-0.7466263492473647
methanol,BG,BG,wind,BG_H_C_wind_E,Singapore,1,2024,175.2964256479064,457.31412590328546,632.6105515511919,-0.8151747661004678,0.97719928410902,0.0037860062602167,2.4600262639578463,0.000305510255,30.748135543443087,0.1057836635366315,666.7959126427019,-0.7052995860486195
methanol,BG,BG,wind,BG_H_C_wind_E,Hungary,1,2024,170.5586844141792,349.1003365184091,519.6590209325883,-0.8151747661004678,51.585109448964424,0.1272439501923771,2.344427090337363,0.0001120408349999,0.0,0.0,573.5885574718901,-0.6878187750730907
methanol,BG,BG,wind,BG_H_C_wind_E,Philippines,1,2024,169.61113616743376,335.1050480052319,504.7161841726656,-0.8151747661004678,10.107765430778445,0.0260600128282098,2.301470517613267,0.0003753061849999,35.52536845557584,0.1222189104249892,552.6507885766331,-0.6665205366622688
methanol,BG,BG,wind,BG_H_C_wind_E,Netherlands,1,2024,194.24739058281517,415.809715111707,610.0571056945222,-0.8151747661004678,5.11922627434319,0.0138904767720408,2.673239243439774,0.000154897985,0.0,0.0,617.8495712123051,-0.801129391343427
methanol,BG,BG,wind,BG_H_C_wind_E,Norway,1,2024,215.09345201121488,430.4705081775647,645.5639601887796,-0.8151747661004678,21.57408582181769,0.0540320894331074,2.878079638369897,1.8979595e-05,2.16119139281739,0.0074352066912496,672.1773170417845,-0.7536884903811107
methanol,BG,BG,wind,BG_H_C_wind_E,Oman,1,2024,180.98171512837908,331.14461544825605,512.1263305766352,-0.8151747661004678,18.344062311311852,0.046152450456501,2.4808268853024247,0.000333673525,21.91145943478494,0.0753826016270478,554.8626792080344,-0.693306040491919
methanol,BG,BG,wind,BG_H_C_wind_E,Italy,1,2024,181.9292633751245,421.8462516376832,603.7755150128077,-0.8151747661004678,12.703599215411328,0.0323925466316501,2.651130418026521,0.00017632656,8.251398093798704,0.0283875137218633,627.3816427400442,-0.7542183791869543
methanol,BG,BG,wind,BG_H_C_wind_E,Austria,1,2024,197.09003532305152,425.2146086804382,622.3046440034897,-0.8151747661004678,36.74036974543607,0.0910302232070957,2.747006911612064,6.3061235e-05,0.0,0.0,661.7920206605378,-0.7240814816583722
methanol,BG,BG,wind,BG_H_C_wind_E,Finland,1,2024,204.67042129701508,425.3722002647996,630.0426215618147,-0.8151747661004678,18.67936439460148,0.0469704195380984,2.7447410684048363,4.408164e-05,4.208689584965953,0.0144792715108576,655.6754166097871,-0.7536809934115117
methanol,BG,BG,wind,BG_H_C_wind_E,Portugal,1,2024,172.45378090767008,372.170340348082,544.624121255752,-0.8151747661004678,9.118529180062064,0.0236467720289204,2.338503485785557,6.857144e-05,4.159614045582699,0.0143104355715642,560.2407679671823,-0.7771489870599831
methanol,BG,BG,wind,BG_H_C_wind_E,Germany,1,2024,195.1949388295606,435.93311499147546,631.128053821036,-0.8151747661004678,19.102040951147117,0.0480015385558461,2.718032551163871,0.00021061228,0.0,0.0,652.9481273233471,-0.7669626152646217
methanol,BG,BG,wind,BG_H_C_wind_E,Greece,1,2024,174.34887740116096,358.52460912827576,532.8734865294367,-0.8151747661004678,8.034570812196023,0.0210024567238846,2.4189064262337494,0.0001959184,10.39807833449119,0.0357727972939781,553.7250421023576,-0.7582035936826051
methanol,BG,BG,wind,BG_H_C_wind_E,France,1,2024,191.40474584257888,425.1607725011986,616.5655183437775,-0.8151747661004678,26.098777975579193,0.0650700712112465,2.609879740267486,2.693878e-05,0.0,0.0,645.2741760596242,-0.7500777561092212
methanol,BG,BG,wind,BG_H_C_wind_E,Brazil,1,2024,174.34887740116096,348.60713562218496,522.9560130233459,-0.8151747661004678,68.96650800287952,0.1696458537908778,2.3503349862337486,6.3061235e-05,20.052705430499195,0.06898787867193,614.3255614429584,-0.57647797240266
methanol,BG,BG,wind,BG_H_C_wind_E,United Kingdom,1,2024,201.8277765567787,384.56291963620225,586.390696192981,-0.8151747661004678,12.915972819599244,0.0329106318170113,2.899953030232547,0.000129183695,1.9570747960060495,0.0067329787018866,604.1636968388187,-0.7754019718865699
methanol,BG,BG,wind,BG_H_C_wind_E,Spain,1,2024,176.24397389465182,376.71790454359433,552.9618784382461,-0.8151747661004678,21.385807864799265,0.0535727855538221,2.3805338366819417,8.938776999999999e-05,5.131878895923174,0.0176553453028094,581.8600990356505,-0.7438572474738363
methanol,BG,BG,wind,BG_H_C_wind_E,Sweden,1,2024,208.4606142839968,453.2054529741398,661.6660672581366,-0.8151747661004678,22.56440133074008,0.0564479630816619,2.759498200469972,2.204082e-05,1.7888394327279502,0.0061541939154455,688.7788062220746,-0.7525505682833604
methanol,BG,BG,wind,BG_H_C_wind_E,Czech Republic,1,2024,172.45378090767008,367.8621115364032,540.3158924440734,-0.8151747661004678,35.008356528367685,0.086804978775029,2.3880953307855566,0.00025346943,0.0,0.0,577.7123443032266,-0.7281163178954387
methanol,BG,BG,wind,BG_H_C_wind_E,Japan,1,2024,204.67042129701508,452.5637392151573,657.2341605121724,-0.8151747661004678,9.224572746193816,0.023905465197621,2.793108423404836,0.0002951020899999,41.67257406787354,0.1433673123911195,710.9244157496446,-0.6476068864217273
methanol,BG,BG,wind,BG_H_C_wind_E,Belgium,1,2024,194.24739058281517,425.16058416584445,619.4079747486596,-0.8151747661004678,6.891290009706824,0.0182134244016125,2.690994348439774,8.448981e-05,0.0,0.0,628.9902591068062,-0.7968768518888553
methanol,BG,BG,wind,BG_H_C_wind_E,Poland,1,2024,175.2964256479064,363.17103232520776,538.4674579731142,-0.8151747661004678,11.233270499248109,0.0288056812659274,2.5365568889578465,0.000376530675,3.1328346139356533,0.0107779778142402,555.3701199752558,-0.7752145763453002
methanol,BG,BG,wind,BG_H_C_wind_E,India,1,2024,167.71603967394287,333.8948967658067,501.6109364397496,-0.8151747661004678,41.30430620421374,0.1021639414262884,2.2627002371650744,0.0004334694599999,23.134804719573623,0.0795913103408614,568.312747600702,-0.6329860448733181
methanol,BG,BG,wind,BG_H_C_wind_E,Indonesia,1,2024,152.5552677260158,373.6405679204941,526.1958356465099,-0.8151747661004678,14.675222299770391,0.0372023190844393,2.0309053535795303,0.00039551027,34.945309666630486,0.1202233180849409,577.8472729664903,-0.6573536186610877
methanol,BG,BG,wind,BG_H_C_wind_E,South Korea,1,2024,178.1390703881427,393.3497044205708,571.4887748087135,-0.8151747661004678,7.503288733588453,0.0197063946486234,2.3917530921301347,0.00025346943,40.2483810771631,0.1384676217439359,621.6321977115952,-0.6567472802779084
methanol,BG,BG,wind,BG_H_C_wind_E,China,1,2024,173.40132915441552,323.39079657229826,496.7921257267138,-0.8151747661004678,78.31080589228577,0.1924412587218022,2.315337598509652,0.0003428572,38.75221989986314,0.1333203369483275,616.1704891173723,-0.48907031323033806
methanol,BG,BG,wind,BG_H_C_wind_E,United Arab Emirates,1,2024,180.98171512837908,330.63499971495605,511.6167148433351,-0.8151747661004678,10.915758228841952,0.0280311104142585,2.425112590302424,0.000234489835,22.41243881244368,0.0771061348751099,547.3700244749232,-0.7098030309760994
methanol,BG,BG,wind,BG_H_C_wind_E,United States,1,2024,189.509649349088,391.6319265893716,581.1415759384596,-0.8151747661004678,88.49089459208655,0.2172755744607914,2.558864559819293,0.00023510208,12.170337163931713,0.0418699485000563,684.3616722542971,-0.5557941410596201
methanol,BG,BG,wind,BG_H_C_wind_E,Turkey,1,2024,173.40132915441552,356.0800642938552,529.4813934482706,-0.8151747661004678,10.146640984986664,0.026154849702053,2.3502355635096523,0.00028775515,12.591115249067489,0.0433175630169984,554.5693852458344,-0.7454145982314164
methanol,BG,BG,wind,BG_H_C_wind_E,Australia,1,2024,194.24739058281517,398.5901289737064,592.8375195565216,-0.8151747661004678,78.8034842059262,0.1936431469527896,2.673851488439774,0.00033795924,35.55048492422846,0.1223053193087221,709.8653401751161,-0.49888834059895604
methanol,BG,BG,wind,BG_H_C_wind_E,Malaysia,1,2024,165.820943180452,354.16783626987433,519.9887794503263,-0.8151747661004678,7.765323073628242,0.0203456271471706,2.238623836716881,0.0003697959799999,30.34359622361494,0.1043919156943736,560.3363225842863,-0.6900674272789238
methanol,BG,BG,wind,BG_H_C_wind_E,Canada,1,2024,193.29984233606976,368.0753091045403,561.37515144061,-0.8151747661004678,111.9192338137173,0.2744289834955782,2.5837520507156784,0.0001071428749999,11.02795216101818,0.0379397696894823,686.9060894660612,-0.5026988700404074
methanol,BG,BG,wind,BG_H_C_wind_E,Mexico,1,2024,166.76849142719743,322.8959873557737,489.6644787829711,-0.8151747661004678,32.458224140908094,0.0805839334822081,2.301784494440977,0.000321428625,18.577812770264984,0.0639137645454839,543.0023001885852,-0.6703556394477759
methanol,BG,BG,wind,BG_H_C_wind_E,Thailand,1,2024,168.66358792068831,344.41807183466716,513.0816597553555,-0.8151747661004678,11.669272719816664,0.0298693082271259,2.276269049889171,0.00033918373,33.68755828994832,0.115896241138903,560.7147598150098,-0.669070033004439
methanol,BG,BG,wind,BG_H_C_wind_E,Russia,1,2024,179.08661863488817,365.5589971976075,544.6456158324957,-0.8151747661004678,136.74448225210324,0.3349901511040483,2.3881790448542315,0.000274898005,4.515639100965043,0.0155352784442634,688.2939162304182,-0.4643744385471561
methanol,BG,BG,wind,BG_H_C_wind_E,Saudi Arabia,1,2024,180.98171512837908,329.11338537737254,510.0951005057516,-0.8151747661004678,28.6060741249968,0.0711866175461529,2.3993983003024244,0.00033795924,14.10326729475843,0.048519861640653,555.2038402258092,-0.6951303276736619
methanol,ATRCCS,DAC,wind,ATRCCS_H_DAC_C_wind_E,South Africa,1,2024,171.99539045238782,540.4845624608765,712.4799529132644,-1.0078576019688943,24.53851842343582,0.0612638196651808,2.3634903994060386,0.0004340817049999,25.830928168264716,0.0888668586207434,765.2128899043709,-0.8572928419779702
methanol,ATRCCS,DAC,wind,ATRCCS_H_DAC_C_wind_E,Taiwan,1,2024,169.2361061135794,775.3417800463872,944.5778861599664,-1.0078576019688943,6.525622092765043,0.0173213779005709,2.3754370312337483,0.0003893878199999,36.935820409625535,0.1270713274026291,990.4147656935908,-0.8630755088456945
methanol,ATRCCS,DAC,wind,ATRCCS_H_DAC_C_wind_E,Switzerland,1,2024,203.26727962554924,2209.454722220412,2412.722001845961,-1.0078576019688943,27.51533631048074,0.068525763788103,2.9013606570253185,2.2653065e-05,0.0,0.0,2443.1386988134673,-0.9393091851157912
methanol,ATRCCS,DAC,wind,ATRCCS_H_DAC_C_wind_E,Singapore,1,2024,170.1558675598489,2353.5062064426284,2523.6620740024773,-1.0078576019688943,0.97719928410902,0.0037860062602167,2.4600262639578463,0.000305510255,30.748135543443087,0.1057836635366315,2557.8474350939873,-0.8979824219170461
methanol,ATRCCS,DAC,wind,ATRCCS_H_DAC_C_wind_E,Hungary,1,2024,165.55706032850165,1072.5341352032226,1238.0911955317242,-1.0078576019688943,51.585109448964424,0.1272439501923771,2.344427090337363,0.0001120408349999,0.0,0.0,1292.020732071026,-0.8805016109415172
methanol,ATRCCS,DAC,wind,ATRCCS_H_DAC_C_wind_E,Philippines,1,2024,164.63729888223216,790.1992889914734,954.8365878737056,-1.0078576019688943,10.107765430778445,0.0260600128282098,2.301470517613267,0.0003753061849999,35.52536845557584,0.1222189104249892,1002.7711922776732,-0.8592033725306953
methanol,ATRCCS,DAC,wind,ATRCCS_H_DAC_C_wind_E,Netherlands,1,2024,188.55109648523796,1608.1676831362302,1796.718779621468,-1.0078576019688943,5.11922627434319,0.0138904767720408,2.673239243439774,0.000154897985,0.0,0.0,1804.511245139251,-0.9938122272118535
methanol,ATRCCS,DAC,wind,ATRCCS_H_DAC_C_wind_E,Norway,1,2024,208.78584830316595,1300.336387802744,1509.12223610591,-1.0078576019688943,21.57408582181769,0.0540320894331074,2.878079638369897,1.8979595e-05,2.16119139281739,0.0074352066912496,1535.735592958915,-0.9463713262495372
methanol,ATRCCS,DAC,wind,ATRCCS_H_DAC_C_wind_E,Oman,1,2024,175.67443623746564,460.3252803236434,635.999716561109,-1.0078576019688943,18.344062311311852,0.046152450456501,2.4808268853024247,0.000333673525,21.91145943478494,0.0753826016270478,678.7360651925082,-0.8859888763603455
methanol,ATRCCS,DAC,wind,ATRCCS_H_DAC_C_wind_E,Italy,1,2024,176.59419768373508,1757.4635901501626,1934.0577878338977,-1.0078576019688943,12.703599215411328,0.0323925466316501,2.651130418026521,0.00017632656,8.251398093798704,0.0283875137218633,1957.6639155611342,-0.9469012150553808
methanol,ATRCCS,DAC,wind,ATRCCS_H_DAC_C_wind_E,Austria,1,2024,191.31038082404632,1546.8519162498717,1738.162297073918,-1.0078576019688943,36.74036974543607,0.0910302232070957,2.747006911612064,6.3061235e-05,0.0,0.0,1777.649673730966,-0.9167643175267987
methanol,ATRCCS,DAC,wind,ATRCCS_H_DAC_C_wind_E,Finland,1,2024,198.668472394202,1615.526469137821,1814.1949415320232,-1.0078576019688943,18.67936439460148,0.0469704195380984,2.7447410684048363,4.408164e-05,4.208689584965953,0.0144792715108576,1839.8277365799954,-0.9463638292799382
methanol,ATRCCS,DAC,wind,ATRCCS_H_DAC_C_wind_E,Portugal,1,2024,167.39658322104057,1434.7921658919206,1602.1887491129612,-1.0078576019688943,9.118529180062064,0.0236467720289204,2.338503485785557,6.857144e-05,4.159614045582699,0.0143104355715642,1617.8053958243916,-0.9698318229284096
methanol,ATRCCS,DAC,wind,ATRCCS_H_DAC_C_wind_E,Germany,1,2024,189.47085793150745,1479.0841253150109,1668.5549832465183,-1.0078576019688943,19.102040951147117,0.0480015385558461,2.718032551163871,0.00021061228,0.0,0.0,1690.3750567488291,-0.9596454511330482
methanol,ATRCCS,DAC,wind,ATRCCS_H_DAC_C_wind_E,Greece,1,2024,169.23610611357947,960.28089426117,1129.5170003747494,-1.0078576019688943,8.034570812196023,0.0210024567238846,2.4189064262337494,0.0001959184,10.39807833449119,0.0357727972939781,1150.3685559476703,-0.9508864295510316
methanol,ATRCCS,DAC,wind,ATRCCS_H_DAC_C_wind_E,France,1,2024,185.79181214642963,1588.5596745554494,1774.3514867018791,-1.0078576019688943,26.098777975579193,0.0650700712112465,2.609879740267486,2.693878e-05,0.0,0.0,1803.0601444177257,-0.9427605919776477
methanol,ATRCCS,DAC,wind,ATRCCS_H_DAC_C_wind_E,Brazil,1,2024,169.2361061135794,1501.4650397748642,1670.7011458884435,-1.0078576019688943,68.96650800287952,0.1696458537908778,2.3503349862337486,6.3061235e-05,20.052705430499195,0.06898787867193,1762.0706943080559,-0.7691608082710865
methanol,ATRCCS,DAC,wind,ATRCCS_H_DAC_C_wind_E,United Kingdom,1,2024,195.9091880553936,1250.301685712231,1446.2108737676244,-1.0078576019688943,12.915972819599244,0.0329106318170113,2.899953030232547,0.000129183695,1.9570747960060495,0.0067329787018866,1463.9838744134624,-0.9680848077549964
methanol,ATRCCS,DAC,wind,ATRCCS_H_DAC_C_wind_E,Spain,1,2024,171.07562900611833,1247.2718194094816,1418.3474484156,-1.0078576019688943,21.385807864799265,0.0535727855538221,2.3805338366819417,8.938776999999999e-05,5.131878895923174,0.0176553453028094,1447.2456690130043,-0.9365400833422628
methanol,ATRCCS,DAC,wind,ATRCCS_H_DAC_C_wind_E,Sweden,1,2024,202.3475181792798,2195.9287346022675,2398.276252781547,-1.0078576019688943,22.56440133074008,0.0564479630816619,2.759498200469972,2.204082e-05,1.7888394327279502,0.0061541939154455,2425.388991745485,-0.9452334041517869
methanol,ATRCCS,DAC,wind,ATRCCS_H_DAC_C_wind_E,Czech Republic,1,2024,167.39658322104057,1263.0345778212702,1430.4311610423108,-1.0078576019688943,35.008356528367685,0.086804978775029,2.3880953307855566,0.00025346943,0.0,0.0,1467.827612901464,-0.9207991537638652
methanol,ATRCCS,DAC,wind,ATRCCS_H_DAC_C_wind_E,Japan,1,2024,198.668472394202,1405.3523739531513,1604.0208463473532,-1.0078576019688943,9.224572746193816,0.023905465197621,2.793108423404836,0.0002951020899999,41.67257406787354,0.1433673123911195,1657.7111015848254,-0.8402897222901538
methanol,ATRCCS,DAC,wind,ATRCCS_H_DAC_C_wind_E,Belgium,1,2024,188.55109648523796,1107.7376847430137,1296.2887812282515,-1.0078576019688943,6.891290009706824,0.0182134244016125,2.690994348439774,8.448981e-05,0.0,0.0,1305.8710655863981,-0.9895596877572818
methanol,ATRCCS,DAC,wind,ATRCCS_H_DAC_C_wind_E,Poland,1,2024,170.1558675598489,1357.1152158490024,1527.2710834088514,-1.0078576019688943,11.233270499248109,0.0288056812659274,2.5365568889578465,0.000376530675,3.1328346139356533,0.0107779778142402,1544.1737454109932,-0.9678974122137267
methanol,ATRCCS,DAC,wind,ATRCCS_H_DAC_C_wind_E,India,1,2024,162.7977759896933,1014.4242011370246,1177.221977126718,-1.0078576019688943,41.30430620421374,0.1021639414262884,2.2627002371650744,0.0004334694599999,23.134804719573623,0.0795913103408614,1243.9237882876705,-0.8256688807417446
methanol,ATRCCS,DAC,wind,ATRCCS_H_DAC_C_wind_E,Indonesia,1,2024,148.08159284938202,1425.594727463343,1573.676320312725,-1.0078576019688943,14.675222299770391,0.0372023190844393,2.0309053535795303,0.00039551027,34.945309666630486,0.1202233180849409,1625.3277576327055,-0.8500364545295142
methanol,ATRCCS,DAC,wind,ATRCCS_H_DAC_C_wind_E,South Korea,1,2024,172.91515189865726,1147.9560335424571,1320.8711854411144,-1.0078576019688943,7.503288733588453,0.0197063946486234,2.3917530921301347,0.00025346943,40.2483810771631,0.1384676217439359,1371.014608343996,-0.8494301161463349
methanol,ATRCCS,DAC,wind,ATRCCS_H_DAC_C_wind_E,China,1,2024,168.31634466731,991.0135564602706,1159.3299011275806,-1.0078576019688943,78.31080589228577,0.1924412587218022,2.315337598509652,0.0003428572,38.75221989986314,0.1333203369483275,1278.708264518239,-0.6817531490987645
methanol,ATRCCS,DAC,wind,ATRCCS_H_DAC_C_wind_E,United Arab Emirates,1,2024,175.67443623746564,459.83031207919834,635.504748316664,-1.0078576019688943,10.915758228841952,0.0280311104142585,2.425112590302424,0.000234489835,22.41243881244368,0.0771061348751099,671.258057948252,-0.9024858668445259
methanol,ATRCCS,DAC,wind,ATRCCS_H_DAC_C_wind_E,United States,1,2024,183.9522892538907,818.2262157943655,1002.1785050482564,-1.0078576019688943,88.49089459208655,0.2172755744607914,2.558864559819293,0.00023510208,12.170337163931713,0.0418699485000563,1105.398601364094,-0.7484769769280466
methanol,ATRCCS,DAC,wind,ATRCCS_H_DAC_C_wind_E,Turkey,1,2024,168.31634466731,778.7663584375067,947.0827031048168,-1.0078576019688943,10.146640984986664,0.026154849702053,2.3502355635096523,0.00028775515,12.591115249067489,0.0433175630169984,972.1706949023805,-0.9380974340998429
methanol,ATRCCS,DAC,wind,ATRCCS_H_DAC_C_wind_E,Australia,1,2024,188.55109648523796,943.0229437354714,1131.574040220709,-1.0078576019688943,78.8034842059262,0.1936431469527896,2.673851488439774,0.00033795924,35.55048492422846,0.1223053193087221,1248.6018608393035,-0.6915711764673825
methanol,ATRCCS,DAC,wind,ATRCCS_H_DAC_C_wind_E,Malaysia,1,2024,160.9582530971544,761.1441087009185,922.1023617980728,-1.0078576019688943,7.765323073628242,0.0203456271471706,2.238623836716881,0.0003697959799999,30.34359622361494,0.1043919156943736,962.4499049320328,-0.8827502631473503
methanol,ATRCCS,DAC,wind,ATRCCS_H_DAC_C_wind_E,Canada,1,2024,187.63133503896853,651.0426446405603,838.6739796795289,-1.0078576019688943,111.9192338137173,0.2744289834955782,2.5837520507156784,0.0001071428749999,11.02795216101818,0.0379397696894823,964.2049177049801,-0.6953817059088339
methanol,ATRCCS,DAC,wind,ATRCCS_H_DAC_C_wind_E,Mexico,1,2024,161.87801454342383,586.801625627281,748.6796401707049,-1.0078576019688943,32.458224140908094,0.0805839334822081,2.301784494440977,0.000321428625,18.577812770264984,0.0639137645454839,802.017461576319,-0.8630384753162024
methanol,ATRCCS,DAC,wind,ATRCCS_H_DAC_C_wind_E,Thailand,1,2024,163.71753743596273,775.2923293888782,939.009866824841,-1.0078576019688943,11.669272719816664,0.0298693082271259,2.276269049889171,0.00033918373,33.68755828994832,0.115896241138903,986.6429668844952,-0.8617528688728655
methanol,ATRCCS,DAC,wind,ATRCCS_H_DAC_C_wind_E,Russia,1,2024,173.83491334492675,583.041948184684,756.8768615296108,-1.0078576019688943,136.74448225210324,0.3349901511040483,2.3881790448542315,0.000274898005,4.515639100965043,0.0155352784442634,900.5251619275333,-0.6570572744155826
methanol,ATRCCS,DAC,wind,ATRCCS_H_DAC_C_wind_E,Saudi Arabia,1,2024,175.67443623746564,458.8227445057321,634.4971807431978,-1.0078576019688943,28.6060741249968,0.0711866175461529,2.3993983003024244,0.00033795924,14.10326729475843,0.048519861640653,679.6059204632554,-0.8878131635420884
methanol,BG,DAC,wind,BG_H_DAC_C_wind_E,South Africa,1,2024,177.1915221413973,660.4605903539477,837.652112495345,-1.034987963182265,24.53851842343582,0.0612638196651808,2.3634903994060386,0.0004340817049999,25.830928168264716,0.0888668586207434,890.3850494864515,-0.8844232031913408
methanol,BG,DAC,wind,BG_H_DAC_C_wind_E,Taiwan,1,2024,174.34887740116096,657.867125462951,832.2160028641119,-1.034987963182265,6.525622092765043,0.0173213779005709,2.3754370312337483,0.0003893878199999,36.935820409625535,0.1270713274026291,878.0528823977363,-0.8902058700590649
methanol,BG,DAC,wind,BG_H_DAC_C_wind_E,Switzerland,1,2024,209.40816253074223,826.7609610452231,1036.1691235759654,-1.034987963182265,27.51533631048074,0.068525763788103,2.9013606570253185,2.2653065e-05,0.0,0.0,1066.5858205434715,-0.9664395463291618
methanol,BG,DAC,wind,BG_H_DAC_C_wind_E,Singapore,1,2024,175.2964256479064,789.7315497032856,965.027975351192,-1.034987963182265,0.97719928410902,0.0037860062602167,2.4600262639578463,0.000305510255,30.748135543443087,0.1057836635366315,999.213336442702,-0.9251127831304168
methanol,BG,DAC,wind,BG_H_DAC_C_wind_E,Hungary,1,2024,170.5586844141792,681.517760318409,852.0764447325882,-1.034987963182265,51.585109448964424,0.1272439501923771,2.344427090337363,0.0001120408349999,0.0,0.0,906.00598127189,-0.9076319721548879
methanol,BG,DAC,wind,BG_H_DAC_C_wind_E,Philippines,1,2024,169.61113616743376,667.5224718052318,837.1336079726656,-1.034987963182265,10.107765430778445,0.0260600128282098,2.301470517613267,0.0003753061849999,35.52536845557584,0.1222189104249892,885.0682123766331,-0.8863337337440661
methanol,BG,DAC,wind,BG_H_DAC_C_wind_E,Netherlands,1,2024,194.24739058281517,748.2271389117068,942.474529494522,-1.034987963182265,5.11922627434319,0.0138904767720408,2.673239243439774,0.000154897985,0.0,0.0,950.266995012305,-1.0209425884252243
methanol,BG,DAC,wind,BG_H_DAC_C_wind_E,Norway,1,2024,215.09345201121488,762.8879319775647,977.9813839887796,-1.034987963182265,21.57408582181769,0.0540320894331074,2.878079638369897,1.8979595e-05,2.16119139281739,0.0074352066912496,1004.5947408417845,-0.9735016874629079
methanol,BG,DAC,wind,BG_H_DAC_C_wind_E,Oman,1,2024,180.98171512837908,663.562039248256,844.5437543766351,-1.034987963182265,18.344062311311852,0.046152450456501,2.4808268853024247,0.000333673525,21.91145943478494,0.0753826016270478,887.2801030080343,-0.9131192375737162
methanol,BG,DAC,wind,BG_H_DAC_C_wind_E,Italy,1,2024,181.9292633751245,754.2636754376831,936.1929388128076,-1.034987963182265,12.703599215411328,0.0323925466316501,2.651130418026521,0.00017632656,8.251398093798704,0.0283875137218633,959.7990665400441,-0.9740315762687514
methanol,BG,DAC,wind,BG_H_DAC_C_wind_E,Austria,1,2024,197.09003532305152,757.632032480438,954.7220678034896,-1.034987963182265,36.74036974543607,0.0910302232070957,2.747006911612064,6.3061235e-05,0.0,0.0,994.2094444605377,-0.9438946787401693
methanol,BG,DAC,wind,BG_H_DAC_C_wind_E,Finland,1,2024,204.67042129701508,757.7896240647995,962.4600453618144,-1.034987963182265,18.67936439460148,0.0469704195380984,2.7447410684048363,4.408164e-05,4.208689584965953,0.0144792715108576,988.0928404097867,-0.9734941904933089
methanol,BG,DAC,wind,BG_H_DAC_C_wind_E,Portugal,1,2024,172.45378090767008,704.587764148082,877.0415450557521,-1.034987963182265,9.118529180062064,0.0236467720289204,2.338503485785557,6.857144e-05,4.159614045582699,0.0143104355715642,892.6581917671823,-0.9969621841417804
methanol,BG,DAC,wind,BG_H_DAC_C_wind_E,Germany,1,2024,195.1949388295606,768.3505387914756,963.5454776210364,-1.034987963182265,19.102040951147117,0.0480015385558461,2.718032551163871,0.00021061228,0.0,0.0,985.3655511233475,-0.9867758123464189
methanol,BG,DAC,wind,BG_H_DAC_C_wind_E,Greece,1,2024,174.34887740116096,690.9420329282757,865.2909103294367,-1.034987963182265,8.034570812196023,0.0210024567238846,2.4189064262337494,0.0001959184,10.39807833449119,0.0357727972939781,886.1424659023577,-0.9780167907644022
methanol,BG,DAC,wind,BG_H_DAC_C_wind_E,France,1,2024,191.40474584257888,757.5781963011987,948.9829421437776,-1.034987963182265,26.098777975579193,0.0650700712112465,2.609879740267486,2.693878e-05,0.0,0.0,977.6915998596243,-0.9698909531910184
methanol,BG,DAC,wind,BG_H_DAC_C_wind_E,Brazil,1,2024,174.34887740116096,681.024559422185,855.373436823346,-1.034987963182265,68.96650800287952,0.1696458537908778,2.3503349862337486,6.3061235e-05,20.052705430499195,0.06898787867193,946.7429852429584,-0.7962911694844571
methanol,BG,DAC,wind,BG_H_DAC_C_wind_E,United Kingdom,1,2024,201.8277765567787,716.9803434362024,918.8081199929812,-1.034987963182265,12.915972819599244,0.0329106318170113,2.899953030232547,0.000129183695,1.9570747960060495,0.0067329787018866,936.581120638819,-0.995215168968367
methanol,BG,DAC,wind,BG_H_DAC_C_wind_E,Spain,1,2024,176.24397389465182,709.1353283435943,885.3793022382462,-1.034987963182265,21.385807864799265,0.0535727855538221,2.3805338366819417,8.938776999999999e-05,5.131878895923174,0.0176553453028094,914.2775228356505,-0.9636704445556334
methanol,BG,DAC,wind,BG_H_DAC_C_wind_E,Sweden,1,2024,208.4606142839968,785.6228767741397,994.0834910581366,-1.034987963182265,22.56440133074008,0.0564479630816619,2.759498200469972,2.204082e-05,1.7888394327279502,0.0061541939154455,1021.1962300220746,-0.9723637653651576
methanol,BG,DAC,wind,BG_H_DAC_C_wind_E,Czech Republic,1,2024,172.45378090767008,700.2795353364032,872.7333162440733,-1.034987963182265,35.008356528367685,0.086804978775029,2.3880953307855566,0.00025346943,0.0,0.0,910.1297681032265,-0.9479295149772359
methanol,BG,DAC,wind,BG_H_DAC_C_wind_E,Japan,1,2024,204.67042129701508,784.9811630151574,989.6515843121724,-1.034987963182265,9.224572746193816,0.023905465197621,2.793108423404836,0.0002951020899999,41.67257406787354,0.1433673123911195,1043.3418395496446,-0.8674200835035246
methanol,BG,DAC,wind,BG_H_DAC_C_wind_E,Belgium,1,2024,194.24739058281517,757.5780079658446,951.8253985486596,-1.034987963182265,6.891290009706824,0.0182134244016125,2.690994348439774,8.448981e-05,0.0,0.0,961.4076829068061,-1.0166900489706523
methanol,BG,DAC,wind,BG_H_DAC_C_wind_E,Poland,1,2024,175.2964256479064,695.5884561252078,870.8848817731142,-1.034987963182265,11.233270499248109,0.0288056812659274,2.5365568889578465,0.000376530675,3.1328346139356533,0.0107779778142402,887.7875437752558,-0.9950277734270973
methanol,BG,DAC,wind,BG_H_DAC_C_wind_E,India,1,2024,167.71603967394287,666.3123205658067,834.0283602397495,-1.034987963182265,41.30430620421374,0.1021639414262884,2.2627002371650744,0.0004334694599999,23.134804719573623,0.0795913103408614,900.7301714007019,-0.8527992419551153
methanol,BG,DAC,wind,BG_H_DAC_C_wind_E,Indonesia,1,2024,152.5552677260158,706.057991720494,858.6132594465098,-1.034987963182265,14.675222299770391,0.0372023190844393,2.0309053535795303,0.00039551027,34.945309666630486,0.1202233180849409,910.2646967664903,-0.8771668157428848
methanol,BG,DAC,wind,BG_H_DAC_C_wind_E,South Korea,1,2024,178.1390703881427,725.7671282205707,903.9061986087136,-1.034987963182265,7.503288733588453,0.0197063946486234,2.3917530921301347,0.00025346943,40.2483810771631,0.1384676217439359,954.0496215115952,-0.8765604773597057
methanol,BG,DAC,wind,BG_H_DAC_C_wind_E,China,1,2024,173.40132915441552,655.8082203722983,829.2095495267138,-1.034987963182265,78.31080589228577,0.1924412587218022,2.315337598509652,0.0003428572,38.75221989986314,0.1333203369483275,948.5879129173724,-0.7088835103121351
methanol,BG,DAC,wind,BG_H_DAC_C_wind_E,United Arab Emirates,1,2024,180.98171512837908,663.0524235149561,844.0341386433352,-1.034987963182265,10.915758228841952,0.0280311104142585,2.425112590302424,0.000234489835,22.41243881244368,0.0771061348751099,879.7874482749232,-0.9296162280578966
methanol,BG,DAC,wind,BG_H_DAC_C_wind_E,United States,1,2024,189.509649349088,724.0493503893716,913.5589997384596,-1.034987963182265,88.49089459208655,0.2172755744607914,2.558864559819293,0.00023510208,12.170337163931713,0.0418699485000563,1016.7790960542972,-0.7756073381414172
methanol,BG,DAC,wind,BG_H_DAC_C_wind_E,Turkey,1,2024,173.40132915441552,688.4974880938552,861.8988172482707,-1.034987963182265,10.146640984986664,0.026154849702053,2.3502355635096523,0.00028775515,12.591115249067489,0.0433175630169984,886.9868090458344,-0.9652277953132136
methanol,BG,DAC,wind,BG_H_DAC_C_wind_E,Australia,1,2024,194.24739058281517,731.0075527737065,925.2549433565216,-1.034987963182265,78.8034842059262,0.1936431469527896,2.673851488439774,0.00033795924,35.55048492422846,0.1223053193087221,1042.282763975116,-0.7187015376807532
methanol,BG,DAC,wind,BG_H_DAC_C_wind_E,Malaysia,1,2024,165.820943180452,686.5852600698743,852.4062032503263,-1.034987963182265,7.765323073628242,0.0203456271471706,2.238623836716881,0.0003697959799999,30.34359622361494,0.1043919156943736,892.7537463842863,-0.9098806243607207
methanol,BG,DAC,wind,BG_H_DAC_C_wind_E,Canada,1,2024,193.29984233606976,700.4927329045402,893.79257524061,-1.034987963182265,111.9192338137173,0.2744289834955782,2.5837520507156784,0.0001071428749999,11.02795216101818,0.0379397696894823,1019.3235132660611,-0.7225120671222045
methanol,BG,DAC,wind,BG_H_DAC_C_wind_E,Mexico,1,2024,166.76849142719743,655.3134111557737,822.0819025829711,-1.034987963182265,32.458224140908094,0.0805839334822081,2.301784494440977,0.000321428625,18.577812770264984,0.0639137645454839,875.4197239885852,-0.890168836529573
methanol,BG,DAC,wind,BG_H_DAC_C_wind_E,Thailand,1,2024,168.66358792068831,676.8354956346672,845.4990835553555,-1.034987963182265,11.669272719816664,0.0298693082271259,2.276269049889171,0.00033918373,33.68755828994832,0.115896241138903,893.1321836150097,-0.888883230086236
methanol,BG,DAC,wind,BG_H_DAC_C_wind_E,Russia,1,2024,179.08661863488817,697.9764209976075,877.0630396324957,-1.034987963182265,136.74448225210324,0.3349901511040483,2.3881790448542315,0.000274898005,4.515639100965043,0.0155352784442634,1020.7113400304182,-0.6841876356289532
methanol,BG,DAC,wind,BG_H_DAC_C_wind_E,Saudi Arabia,1,2024,180.98171512837908,661.5308091773725,842.5125243057515,-1.034987963182265,28.6060741249968,0.0711866175461529,2.3993983003024244,0.00033795924,14.10326729475843,0.048519861640653,887.6212640258092,-0.914943524755459
methanol,LTE,DAC,wind,LTE_H_DAC_C_wind_E,South Africa,1,2024,204.03355600716057,904.1260877656952,1108.1596437728558,-1.170235155909113,24.53851842343582,0.0612638196651808,2.3634903994060386,0.0004340817049999,25.830928168264716,0.0888668586207434,1160.8925807639625,-1.019670395918189
methanol,LTE,DAC,wind,LTE_H_DAC_C_wind_E,Taiwan,1,2024,200.7602904027676,645.7889933535474,846.549283756315,-1.170235155909113,6.525622092765043,0.0173213779005709,2.3754370312337483,0.0003893878199999,36.935820409625535,0.1270713274026291,892.3861632899394,-1.025453062785913
methanol,LTE,DAC,wind,LTE_H_DAC_C_wind_E,Switzerland,1,2024,241.13056619028063,1031.0109198066425,1272.141485996923,-1.170235155909113,27.51533631048074,0.068525763788103,2.9013606570253185,2.2653065e-05,0.0,0.0,1302.558182964429,-1.1016867390560101
methanol,LTE,DAC,wind,LTE_H_DAC_C_wind_E,Singapore,1,2024,201.85137893756524,1305.6456931566036,1507.4970720941687,-1.170235155909113,0.97719928410902,0.0037860062602167,2.4600262639578463,0.000305510255,30.748135543443087,0.1057836635366315,1541.6824331856787,-1.0603599758572648
methanol,LTE,DAC,wind,LTE_H_DAC_C_wind_E,Hungary,1,2024,196.395936263577,862.4202597428574,1058.8161960064344,-1.170235155909113,51.585109448964424,0.1272439501923771,2.344427090337363,0.0001120408349999,0.0,0.0,1112.7457325457362,-1.042879164881736
methanol,LTE,DAC,wind,LTE_H_DAC_C_wind_E,Philippines,1,2024,195.30484772877935,985.5555799167616,1180.860427645541,-1.170235155909113,10.107765430778445,0.0260600128282098,2.301470517613267,0.0003753061849999,35.52536845557584,0.1222189104249892,1228.7950320495086,-1.0215809264709144
methanol,LTE,DAC,wind,LTE_H_DAC_C_wind_E,Netherlands,1,2024,223.67314963351825,861.6771044161736,1085.3502540496918,-1.170235155909113,5.11922627434319,0.0138904767720408,2.673239243439774,0.000154897985,0.0,0.0,1093.1427195674748,-1.1561897811520725
methanol,LTE,DAC,wind,LTE_H_DAC_C_wind_E,Norway,1,2024,247.67709739906655,867.4340893655419,1115.1111867646084,-1.170235155909113,21.57408582181769,0.0540320894331074,2.878079638369897,1.8979595e-05,2.16119139281739,0.0074352066912496,1141.7245436176136,-1.108748880189756
methanol,LTE,DAC,wind,LTE_H_DAC_C_wind_E,Oman,1,2024,208.39791014635117,936.9601172972284,1145.3580274435794,-1.170235155909113,18.344062311311852,0.046152450456501,2.4808268853024247,0.000333673525,21.91145943478494,0.0753826016270478,1188.0943760749785,-1.0483664303005644
methanol,LTE,DAC,wind,LTE_H_DAC_C_wind_E,Italy,1,2024,209.4889986811488,950.1757208835904,1159.664719564739,-1.170235155909113,12.703599215411328,0.0323925466316501,2.651130418026521,0.00017632656,8.251398093798704,0.0283875137218633,1183.2708472919755,-1.1092787689955996
methanol,LTE,DAC,wind,LTE_H_DAC_C_wind_E,Austria,1,2024,226.9464152379112,913.4612651494004,1140.4076803873115,-1.170235155909113,36.74036974543607,0.0910302232070957,2.747006911612064,6.3061235e-05,0.0,0.0,1179.8950570443596,-1.0791418714670173
methanol,LTE,DAC,wind,LTE_H_DAC_C_wind_E,Finland,1,2024,235.6751235162924,880.8941397103916,1116.569263226684,-1.170235155909113,18.67936439460148,0.0469704195380984,2.7447410684048363,4.408164e-05,4.208689584965953,0.0144792715108576,1142.202058274656,-1.108741383220157
methanol,LTE,DAC,wind,LTE_H_DAC_C_wind_E,Portugal,1,2024,198.5781133331723,934.4017552824816,1132.979868615654,-1.170235155909113,9.118529180062064,0.0236467720289204,2.338503485785557,6.857144e-05,4.159614045582699,0.0143104355715642,1148.5965153270843,-1.1322093768686285
methanol,LTE,DAC,wind,LTE_H_DAC_C_wind_E,Germany,1,2024,224.7642381683159,1005.5953477272424,1230.3595858955582,-1.170235155909113,19.102040951147117,0.0480015385558461,2.718032551163871,0.00021061228,0.0,0.0,1252.179659397869,-1.122023005073267
methanol,LTE,DAC,wind,LTE_H_DAC_C_wind_E,Greece,1,2024,200.7602904027676,881.1440219041259,1081.9043123068934,-1.170235155909113,8.034570812196023,0.0210024567238846,2.4189064262337494,0.0001959184,10.39807833449119,0.0357727972939781,1102.7558678798143,-1.1132639834912503
methanol,LTE,DAC,wind,LTE_H_DAC_C_wind_E,France,1,2024,220.3998840291253,940.1941724602258,1160.594056489351,-1.170235155909113,26.098777975579193,0.0650700712112465,2.609879740267486,2.693878e-05,0.0,0.0,1189.3027142051976,-1.1051381459178666
methanol,LTE,DAC,wind,LTE_H_DAC_C_wind_E,Brazil,1,2024,200.7602904027676,628.0869487886898,828.8472391914574,-1.170235155909113,68.96650800287952,0.1696458537908778,2.3503349862337486,6.3061235e-05,20.052705430499195,0.06898787867193,920.2167876110699,-0.9315383622113051
methanol,LTE,DAC,wind,LTE_H_DAC_C_wind_E,United Kingdom,1,2024,232.40185791189944,741.0739535367481,973.4758114486476,-1.170235155909113,12.915972819599244,0.0329106318170113,2.899953030232547,0.000129183695,1.9570747960060495,0.0067329787018866,991.2488120944854,-1.1304623616952152
methanol,LTE,DAC,wind,LTE_H_DAC_C_wind_E,Spain,1,2024,202.9424674723629,778.1799569423551,981.122424414718,-1.170235155909113,21.385807864799265,0.0535727855538221,2.3805338366819417,8.938776999999999e-05,5.131878895923174,0.0176553453028094,1010.0206450121224,-1.0989176372824816
methanol,LTE,DAC,wind,LTE_H_DAC_C_wind_E,Sweden,1,2024,240.03947765548304,896.6225527973764,1136.6620304528594,-1.170235155909113,22.56440133074008,0.0564479630816619,2.759498200469972,2.204082e-05,1.7888394327279502,0.0061541939154455,1163.7747694167974,-1.1076109580920057
methanol,LTE,DAC,wind,LTE_H_DAC_C_wind_E,Czech Republic,1,2024,198.5781133331723,955.039528194444,1153.6176415276163,-1.170235155909113,35.008356528367685,0.086804978775029,2.3880953307855566,0.00025346943,0.0,0.0,1191.0140933867694,-1.0831767077040841
methanol,LTE,DAC,wind,LTE_H_DAC_C_wind_E,Japan,1,2024,235.6751235162924,1760.9641325726045,1996.639256088897,-1.170235155909113,9.224572746193816,0.023905465197621,2.793108423404836,0.0002951020899999,41.67257406787354,0.1433673123911195,2050.3295113263694,-1.0026672762303728
methanol,LTE,DAC,wind,LTE_H_DAC_C_wind_E,Belgium,1,2024,223.67314963351825,955.8328299067006,1179.5059795402187,-1.170235155909113,6.891290009706824,0.0182134244016125,2.690994348439774,8.448981e-05,0.0,0.0,1189.0882638983653,-1.1519372416975004
methanol,LTE,DAC,wind,LTE_H_DAC_C_wind_E,Poland,1,2024,201.85137893756524,904.1536605011784,1106.0050394387436,-1.170235155909113,11.233270499248109,0.0288056812659274,2.5365568889578465,0.000376530675,3.1328346139356533,0.0107779778142402,1122.9077014408854,-1.1302749661539453
methanol,LTE,DAC,wind,LTE_H_DAC_C_wind_E,India,1,2024,193.122670659184,857.198957183912,1050.321627843096,-1.170235155909113,41.30430620421374,0.1021639414262884,2.2627002371650744,0.0004334694599999,23.134804719573623,0.0795913103408614,1117.0234390040484,-0.9880464346819633
methanol,LTE,DAC,wind,LTE_H_DAC_C_wind_E,Indonesia,1,2024,175.6652541024216,1262.205052553902,1437.8703066563237,-1.170235155909113,14.675222299770391,0.0372023190844393,2.0309053535795303,0.00039551027,34.945309666630486,0.1202233180849409,1489.5217439763042,-1.012414008469733
methanol,LTE,DAC,wind,LTE_H_DAC_C_wind_E,South Korea,1,2024,205.1246445419582,1121.6159144780584,1326.7405590200165,-1.170235155909113,7.503288733588453,0.0197063946486234,2.3917530921301347,0.00025346943,40.2483810771631,0.1384676217439359,1376.883981922898,-1.011807670086554
methanol,LTE,DAC,wind,LTE_H_DAC_C_wind_E,China,1,2024,199.66920186796995,637.5606530199703,837.2298548879403,-1.170235155909113,78.31080589228577,0.1924412587218022,2.315337598509652,0.0003428572,38.75221989986314,0.1333203369483275,956.6082182785989,-0.8441307030389833
methanol,LTE,DAC,wind,LTE_H_DAC_C_wind_E,United Arab Emirates,1,2024,208.39791014635117,935.7272352513514,1144.125145397703,-1.170235155909113,10.915758228841952,0.0280311104142585,2.425112590302424,0.000234489835,22.41243881244368,0.0771061348751099,1179.878455029291,-1.0648634207847447
methanol,LTE,DAC,wind,LTE_H_DAC_C_wind_E,United States,1,2024,218.21770695953,832.095966624745,1050.313673584275,-1.170235155909113,88.49089459208655,0.2172755744607914,2.558864559819293,0.00023510208,12.170337163931713,0.0418699485000563,1153.5337699001125,-0.9108545308682654
methanol,LTE,DAC,wind,LTE_H_DAC_C_wind_E,Turkey,1,2024,199.66920186796995,1204.964354426544,1404.6335562945142,-1.170235155909113,10.146640984986664,0.026154849702053,2.3502355635096523,0.00028775515,12.591115249067489,0.0433175630169984,1429.721548092078,-1.1004749880400617
methanol,LTE,DAC,wind,LTE_H_DAC_C_wind_E,Australia,1,2024,223.67314963351825,875.0302885776873,1098.7034382112056,-1.170235155909113,78.8034842059262,0.1936431469527896,2.673851488439774,0.00033795924,35.55048492422846,0.1223053193087221,1215.7312588298,-0.8539487304076013
methanol,LTE,DAC,wind,LTE_H_DAC_C_wind_E,Malaysia,1,2024,190.94049358958875,1266.6231528545177,1457.5636464441063,-1.170235155909113,7.765323073628242,0.0203456271471706,2.238623836716881,0.0003697959799999,30.34359622361494,0.1043919156943736,1497.9111895780663,-1.0451278170875689
methanol,LTE,DAC,wind,LTE_H_DAC_C_wind_E,Canada,1,2024,222.58206109872057,797.0162589287748,1019.5983200274954,-1.170235155909113,111.9192338137173,0.2744289834955782,2.5837520507156784,0.0001071428749999,11.02795216101818,0.0379397696894823,1145.1292580529466,-0.8577592598490527
methanol,LTE,DAC,wind,LTE_H_DAC_C_wind_E,Mexico,1,2024,192.0315821243864,869.2548125195896,1061.286394643976,-1.170235155909113,32.458224140908094,0.0805839334822081,2.301784494440977,0.000321428625,18.577812770264984,0.0639137645454839,1114.62421604959,-1.0254160292564212
methanol,LTE,DAC,wind,LTE_H_DAC_C_wind_E,Thailand,1,2024,194.2137591939817,1145.7723431452775,1339.986102339259,-1.170235155909113,11.669272719816664,0.0298693082271259,2.276269049889171,0.00033918373,33.68755828994832,0.115896241138903,1387.6192023989133,-1.024130422813084
methanol,LTE,DAC,wind,LTE_H_DAC_C_wind_E,Russia,1,2024,206.21573307675584,1514.3401415876283,1720.5558746643842,-1.170235155909113,136.74448225210324,0.3349901511040483,2.3881790448542315,0.000274898005,4.515639100965043,0.0155352784442634,1864.2041750623068,-0.8194348283558014
methanol,LTE,DAC,wind,LTE_H_DAC_C_wind_E,Saudi Arabia,1,2024,208.39791014635117,934.513246003458,1142.9111561498091,-1.170235155909113,28.6060741249968,0.0711866175461529,2.3993983003024244,0.00033795924,14.10326729475843,0.048519861640653,1188.0198958698668,-1.0501907174823073
methanol,SMR,DAC,wind,SMR_H_DAC_C_wind_E,South Africa,1,2024,133.69110276099715,506.86800737287575,640.5591101338729,0.8742879028122936,24.53851842343582,0.0612638196651808,2.3634903994060386,0.0004340817049999,25.830928168264716,0.0888668586207434,693.2920471249794,1.0248526628032177
methanol,SMR,DAC,wind,SMR_H_DAC_C_wind_E,Taiwan,1,2024,131.54632571135548,726.4601989860316,858.0065246973871,0.8742879028122936,6.525622092765043,0.0173213779005709,2.3754370312337483,0.0003893878199999,36.935820409625535,0.1270713274026291,903.8434042310115,1.0190699959354934
methanol,SMR,DAC,wind,SMR_H_DAC_C_wind_E,Switzerland,1,2024,157.99857599026936,2032.672663614385,2190.6712396046546,0.8742879028122936,27.51533631048074,0.068525763788103,2.9013606570253185,2.2653065e-05,0.0,0.0,2221.0879365721607,0.9428363196653967
methanol,SMR,DAC,wind,SMR_H_DAC_C_wind_E,Singapore,1,2024,132.26125139456937,2145.799201303008,2278.060452697577,0.8742879028122936,0.97719928410902,0.0037860062602167,2.4600262639578463,0.000305510255,30.748135543443087,0.1057836635366315,2312.245813789087,0.9841630828641419
methanol,SMR,DAC,wind,SMR_H_DAC_C_wind_E,Hungary,1,2024,128.68662297849994,991.1943856400544,1119.8810086185545,0.8742879028122936,51.585109448964424,0.1272439501923771,2.344427090337363,0.0001120408349999,0.0,0.0,1173.8105451578563,1.0016438938396708
methanol,SMR,DAC,wind,SMR_H_DAC_C_wind_E,Philippines,1,2024,127.97169729528603,728.3916567524467,856.3633540477327,0.8742879028122936,10.107765430778445,0.0260600128282098,2.301470517613267,0.0003753061849999,35.52536845557584,0.1222189104249892,904.2979584517003,1.0229421322504926
methanol,SMR,DAC,wind,SMR_H_DAC_C_wind_E,Netherlands,1,2024,146.55976505884712,1485.9389313570175,1632.4986964158647,0.8742879028122936,5.11922627434319,0.0138904767720408,2.673239243439774,0.000154897985,0.0,0.0,1640.2911619336478,0.8883332775693344
methanol,SMR,DAC,wind,SMR_H_DAC_C_wind_E,Norway,1,2024,162.2881300895527,1209.9990279909962,1372.2871580805488,0.8742879028122936,21.57408582181769,0.0540320894331074,2.878079638369897,1.8979595e-05,2.16119139281739,0.0074352066912496,1398.900514933554,0.9357741785316507
methanol,SMR,DAC,wind,SMR_H_DAC_C_wind_E,Oman,1,2024,136.55080549385272,434.1068602988333,570.657665792686,0.8742879028122936,18.344062311311852,0.046152450456501,2.4808268853024247,0.000333673525,21.91145943478494,0.0753826016270478,613.3940144240852,0.9961566284208424
methanol,SMR,DAC,wind,SMR_H_DAC_C_wind_E,Italy,1,2024,137.26573117706658,1615.9141376874998,1753.1798688645663,0.8742879028122936,12.703599215411328,0.0323925466316501,2.651130418026521,0.00017632656,8.251398093798704,0.0283875137218633,1776.7859965918028,0.9352442897258071
methanol,SMR,DAC,wind,SMR_H_DAC_C_wind_E,Austria,1,2024,148.70454210848882,1428.6841238780555,1577.3886659865443,0.8742879028122936,36.74036974543607,0.0910302232070957,2.747006911612064,6.3061235e-05,0.0,0.0,1616.8760426435924,0.9653811872543893
methanol,SMR,DAC,wind,SMR_H_DAC_C_wind_E,Finland,1,2024,154.42394757419993,1493.8020179425464,1648.2259655167463,0.8742879028122936,18.67936439460148,0.0469704195380984,2.7447410684048363,4.408164e-05,4.208689584965953,0.0144792715108576,1673.8587605647185,0.9357816755012497
methanol,SMR,DAC,wind,SMR_H_DAC_C_wind_E,Portugal,1,2024,130.1164743449277,1320.5703184550216,1450.6867927999492,0.8742879028122936,9.118529180062064,0.0236467720289204,2.338503485785557,6.857144e-05,4.159614045582699,0.0143104355715642,1466.3034395113796,0.9123136818527783
methanol,SMR,DAC,wind,SMR_H_DAC_C_wind_E,Germany,1,2024,147.27469074206104,1367.4426069387096,1514.7172976807706,0.8742879028122936,19.102040951147117,0.0480015385558461,2.718032551163871,0.00021061228,0.0,0.0,1536.5373711830814,0.9225000536481397
methanol,SMR,DAC,wind,SMR_H_DAC_C_wind_E,Greece,1,2024,131.5463257113555,889.9272404415739,1021.4735661529294,0.8742879028122936,8.034570812196023,0.0210024567238846,2.4189064262337494,0.0001959184,10.39807833449119,0.0357727972939781,1042.3251217258503,0.9312590752301563
methanol,SMR,DAC,wind,SMR_H_DAC_C_wind_E,France,1,2024,144.4149880092055,1465.571241588853,1609.9862295980583,0.8742879028122936,26.098777975579193,0.0650700712112465,2.609879740267486,2.693878e-05,0.0,0.0,1638.694887313905,0.9393849128035402
methanol,SMR,DAC,wind,SMR_H_DAC_C_wind_E,Brazil,1,2024,131.54632571135548,1388.1282147045836,1519.674540415939,0.8742879028122936,68.96650800287952,0.1696458537908778,2.3503349862337486,6.3061235e-05,20.052705430499195,0.06898787867193,1611.0440888355513,1.1129846965101016
methanol,SMR,DAC,wind,SMR_H_DAC_C_wind_E,United Kingdom,1,2024,152.27917052455825,1163.5333930433794,1315.8125635679376,0.8742879028122936,12.915972819599244,0.0329106318170113,2.899953030232547,0.000129183695,1.9570747960060495,0.0067329787018866,1333.5855642137756,0.9140606970261915
methanol,SMR,DAC,wind,SMR_H_DAC_C_wind_E,Spain,1,2024,132.97617707778326,1158.016453046735,1290.9926301245182,0.8742879028122936,21.385807864799265,0.0535727855538221,2.3805338366819417,8.938776999999999e-05,5.131878895923174,0.0176553453028094,1319.8908507219226,0.9456054214389251
methanol,SMR,DAC,wind,SMR_H_DAC_C_wind_E,Sweden,1,2024,157.2836503070555,2021.53232154465,2178.8159718517054,0.8742879028122936,22.56440133074008,0.0564479630816619,2.759498200469972,2.204082e-05,1.7888394327279502,0.0061541939154455,2205.928710815643,0.936912100629401
methanol,SMR,DAC,wind,SMR_H_DAC_C_wind_E,Czech Republic,1,2024,130.1164743449277,1166.5057729626767,1296.6222473076043,0.8742879028122936,35.008356528367685,0.086804978775029,2.3880953307855566,0.00025346943,0.0,0.0,1334.0186991667574,0.9613463510173227
methanol,SMR,DAC,wind,SMR_H_DAC_C_wind_E,Japan,1,2024,154.42394757419993,1267.6450829345972,1422.0690305087971,0.8742879028122936,9.224572746193816,0.023905465197621,2.793108423404836,0.0002951020899999,41.67257406787354,0.1433673123911195,1475.7592857462694,1.0418557824910342
methanol,SMR,DAC,wind,SMR_H_DAC_C_wind_E,Belgium,1,2024,146.55976505884712,1030.6059709582537,1177.1657360171007,0.8742879028122936,6.891290009706824,0.0182134244016125,2.690994348439774,8.448981e-05,0.0,0.0,1186.7480203752473,0.8925858170239062
methanol,SMR,DAC,wind,SMR_H_DAC_C_wind_E,Poland,1,2024,132.26125139456937,1250.1210916568705,1382.38234305144,0.8742879028122936,11.233270499248109,0.0288056812659274,2.5365568889578465,0.000376530675,3.1328346139356533,0.0107779778142402,1399.285005053582,0.9142480925674612
methanol,SMR,DAC,wind,SMR_H_DAC_C_wind_E,India,1,2024,126.54184592885824,935.3069400320107,1061.848785960869,0.8742879028122936,41.30430620421374,0.1021639414262884,2.2627002371650744,0.0004334694599999,23.134804719573623,0.0795913103408614,1128.5505971218215,1.0564766240394432
methanol,SMR,DAC,wind,SMR_H_DAC_C_wind_E,Indonesia,1,2024,115.10303499743604,1296.3718632787604,1411.4748982761964,0.8742879028122936,14.675222299770391,0.0372023190844393,2.0309053535795303,0.00039551027,34.945309666630486,0.1202233180849409,1463.126335596177,1.0321090502516737
methanol,SMR,DAC,wind,SMR_H_DAC_C_wind_E,South Korea,1,2024,134.40602844421105,1052.806071789218,1187.212100233429,0.8742879028122936,7.503288733588453,0.0197063946486234,2.3917530921301347,0.00025346943,40.2483810771631,0.1384676217439359,1237.3555231363107,1.032715388634853
methanol,SMR,DAC,wind,SMR_H_DAC_C_wind_E,China,1,2024,130.8314000281416,921.9568657504312,1052.7882657785728,0.8742879028122936,78.31080589228577,0.1924412587218022,2.315337598509652,0.0003428572,38.75221989986314,0.1333203369483275,1172.1666291692313,1.2003923556824234
methanol,SMR,DAC,wind,SMR_H_DAC_C_wind_E,United Arab Emirates,1,2024,136.55080549385272,432.6857867389545,569.2365922328072,0.8742879028122936,10.915758228841952,0.0280311104142585,2.425112590302424,0.000234489835,22.41243881244368,0.0771061348751099,604.9899018643953,0.979659637936662
methanol,SMR,DAC,wind,SMR_H_DAC_C_wind_E,United States,1,2024,142.98513664277772,768.9693425754242,911.954479218202,0.8742879028122936,88.49089459208655,0.2172755744607914,2.558864559819293,0.00023510208,12.170337163931713,0.0418699485000563,1015.1745755340395,1.1336685278531413
methanol,SMR,DAC,wind,SMR_H_DAC_C_wind_E,Turkey,1,2024,130.8314000281416,711.4749192367466,842.3063192648882,0.8742879028122936,10.146640984986664,0.026154849702053,2.3502355635096523,0.00028775515,12.591115249067489,0.0433175630169984,867.394311062452,0.944048070681345
methanol,SMR,DAC,wind,SMR_H_DAC_C_wind_E,Australia,1,2024,146.55976505884712,882.5720671333063,1029.1318321921535,0.8742879028122936,78.8034842059262,0.1936431469527896,2.673851488439774,0.00033795924,35.55048492422846,0.1223053193087221,1146.159652810748,1.1905743283138053
methanol,SMR,DAC,wind,SMR_H_DAC_C_wind_E,Malaysia,1,2024,125.1119945624305,692.3218892862548,817.4338838486852,0.8742879028122936,7.765323073628242,0.0203456271471706,2.238623836716881,0.0003697959799999,30.34359622361494,0.1043919156943736,857.7814269826453,0.9993952416338376
methanol,SMR,DAC,wind,SMR_H_DAC_C_wind_E,Canada,1,2024,145.84483937563326,616.4794774836043,762.3243168592376,0.8742879028122936,111.9192338137173,0.2744289834955782,2.5837520507156784,0.0001071428749999,11.02795216101818,0.0379397696894823,887.8552548846887,1.186763798872354
methanol,SMR,DAC,wind,SMR_H_DAC_C_wind_E,Mexico,1,2024,125.82692024564436,547.4756530969397,673.3025733425841,0.8742879028122936,32.458224140908094,0.0805839334822081,2.301784494440977,0.000321428625,18.577812770264984,0.0639137645454839,726.6403947481981,1.0191070294649855
methanol,SMR,DAC,wind,SMR_H_DAC_C_wind_E,Thailand,1,2024,127.25677161207216,709.2963679802651,836.5531395923373,0.8742879028122936,11.669272719816664,0.0298693082271259,2.276269049889171,0.00033918373,33.68755828994832,0.115896241138903,884.1862396519915,1.0203926359083224
methanol,SMR,DAC,wind,SMR_H_DAC_C_wind_E,Russia,1,2024,135.12095412742494,523.2000063731704,658.3209605005953,0.8742879028122936,136.74448225210324,0.3349901511040483,2.3881790448542315,0.000274898005,4.515639100965043,0.0155352784442634,801.9692608985179,1.2250882303656054
methanol,SMR,DAC,wind,SMR_H_DAC_C_wind_E,Saudi Arabia,1,2024,136.55080549385272,431.6782225775568,568.2290280714095,0.8742879028122936,28.6060741249968,0.0711866175461529,2.3993983003024244,0.00033795924,14.10326729475843,0.048519861640653,613.3377677914672,0.9943323412390995
methanol,SMRCCS,DAC,wind,SMRCCS_H_DAC_C_wind_E,South Africa,1,2024,189.57875801038116,560.6719993040043,750.2507573143855,-0.8906110130238067,24.53851842343582,0.0612638196651808,2.3634903994060386,0.0004340817049999,25.830928168264716,0.0888668586207434,802.983694305492,-0.7400462530328826
methanol,SMRCCS,DAC,wind,SMRCCS_H_DAC_C_wind_E,Taiwan,1,2024,186.53738756101671,839.1095864359123,1025.646973996929,-0.8906110130238067,6.525622092765043,0.0173213779005709,2.3754370312337483,0.0003893878199999,36.935820409625535,0.1270713274026291,1071.4838535305535,-0.745828919900607
methanol,SMRCCS,DAC,wind,SMRCCS_H_DAC_C_wind_E,Switzerland,1,2024,224.04762310317773,2504.9329453029136,2728.980568406091,-0.8906110130238067,27.51533631048074,0.068525763788103,2.9013606570253185,2.2653065e-05,0.0,0.0,2759.3972653735973,-0.8220625961707037
methanol,SMRCCS,DAC,wind,SMRCCS_H_DAC_C_wind_E,Singapore,1,2024,187.5511777108049,2663.8062365285514,2851.3574142393563,-0.8906110130238067,0.97719928410902,0.0037860062602167,2.4600262639578463,0.000305510255,30.748135543443087,0.1057836635366315,2885.5427753308663,-0.7807358329719585
methanol,SMRCCS,DAC,wind,SMRCCS_H_DAC_C_wind_E,Hungary,1,2024,182.48222696186423,1181.897382747454,1364.3796097093182,-0.8906110130238067,51.585109448964424,0.1272439501923771,2.344427090337363,0.0001120408349999,0.0,0.0,1418.30914624862,-0.7632550219964297
methanol,SMRCCS,DAC,wind,SMRCCS_H_DAC_C_wind_E,Philippines,1,2024,181.46843681207605,847.0679959742738,1028.53643278635,-0.8906110130238067,10.107765430778445,0.0260600128282098,2.301470517613267,0.0003753061849999,35.52536845557584,0.1222189104249892,1076.4710371903175,-0.7419567835856078
methanol,SMRCCS,DAC,wind,SMRCCS_H_DAC_C_wind_E,Netherlands,1,2024,207.82698070656755,1809.485504364322,2017.3124850708896,-0.8906110130238067,5.11922627434319,0.0138904767720408,2.673239243439774,0.000154897985,0.0,0.0,2025.1049505886726,-0.8765656382667659
methanol,SMRCCS,DAC,wind,SMRCCS_H_DAC_C_wind_E,Norway,1,2024,230.1303640019065,1450.081918508469,1680.2122825103756,-0.8906110130238067,21.57408582181769,0.0540320894331074,2.878079638369897,1.8979595e-05,2.16119139281739,0.0074352066912496,1706.8256393633808,-0.8291247373044497
methanol,SMRCCS,DAC,wind,SMRCCS_H_DAC_C_wind_E,Oman,1,2024,193.63391860953368,466.8060210436338,660.4399396531675,-0.8906110130238067,18.344062311311852,0.046152450456501,2.4808268853024247,0.000333673525,21.91145943478494,0.0753826016270478,703.1762882845667,-0.768742287415258
methanol,SMRCCS,DAC,wind,SMRCCS_H_DAC_C_wind_E,Italy,1,2024,194.6477087593218,1977.5863807314165,2172.2340894907384,-0.8906110130238067,12.703599215411328,0.0323925466316501,2.651130418026521,0.00017632656,8.251398093798704,0.0283875137218633,2195.8402172179754,-0.8296546261102933
methanol,SMRCCS,DAC,wind,SMRCCS_H_DAC_C_wind_E,Austria,1,2024,210.868351155932,1734.4059610775248,1945.2743122334568,-0.8906110130238067,36.74036974543607,0.0910302232070957,2.747006911612064,6.3061235e-05,0.0,0.0,1984.761688890505,-0.7995177285817111
methanol,SMRCCS,DAC,wind,SMRCCS_H_DAC_C_wind_E,Finland,1,2024,218.97867235423703,1818.5102707768776,2037.4889431311144,-0.8906110130238067,18.67936439460148,0.0469704195380984,2.7447410684048363,4.408164e-05,4.208689584965953,0.0144792715108576,2063.121738179087,-0.8291172403348507
methanol,SMRCCS,DAC,wind,SMRCCS_H_DAC_C_wind_E,Portugal,1,2024,184.50980726144044,1605.4843004672489,1789.9941077286892,-0.8906110130238067,9.118529180062064,0.0236467720289204,2.338503485785557,6.857144e-05,4.159614045582699,0.0143104355715642,1805.6107544401195,-0.8525852339833221
methanol,SMRCCS,DAC,wind,SMRCCS_H_DAC_C_wind_E,Germany,1,2024,208.8407708563557,1655.4784779087183,1864.319248765074,-0.8906110130238067,19.102040951147117,0.0480015385558461,2.718032551163871,0.00021061228,0.0,0.0,1886.1393222673848,-0.8423988621879607
methanol,SMRCCS,DAC,wind,SMRCCS_H_DAC_C_wind_E,Greece,1,2024,186.53738756101671,1049.335187917611,1235.8725754786276,-0.8906110130238067,8.034570812196023,0.0210024567238846,2.4189064262337494,0.0001959184,10.39807833449119,0.0357727972939781,1256.7241310515485,-0.8336398406059441
methanol,SMRCCS,DAC,wind,SMRCCS_H_DAC_C_wind_E,France,1,2024,204.78561025720316,1782.683128384855,1987.4687386420585,-0.8906110130238067,26.098777975579193,0.0650700712112465,2.609879740267486,2.693878e-05,0.0,0.0,2016.177396357905,-0.8255140030325602
methanol,SMRCCS,DAC,wind,SMRCCS_H_DAC_C_wind_E,Brazil,1,2024,186.53738756101671,1690.6909142451232,1877.22830180614,-0.8906110130238067,68.96650800287952,0.1696458537908778,2.3503349862337486,6.3061235e-05,20.052705430499195,0.06898787867193,1968.5978502257524,-0.6519142193259989
methanol,SMRCCS,DAC,wind,SMRCCS_H_DAC_C_wind_E,United Kingdom,1,2024,215.93730190487264,1396.2372901739932,1612.1745920788658,-0.8906110130238067,12.915972819599244,0.0329106318170113,2.899953030232547,0.000129183695,1.9570747960060495,0.0067329787018866,1629.9475927247038,-0.8508382188099088
methanol,SMRCCS,DAC,wind,SMRCCS_H_DAC_C_wind_E,Spain,1,2024,188.564967860593,1390.9305922519222,1579.4955601125152,-0.8906110130238067,21.385807864799265,0.0535727855538221,2.3805338366819417,8.938776999999999e-05,5.131878895923174,0.0176553453028094,1608.3937807099196,-0.8192934943971752
methanol,SMRCCS,DAC,wind,SMRCCS_H_DAC_C_wind_E,Sweden,1,2024,223.0338329533896,2496.2363834985995,2719.270216451989,-0.8906110130238067,22.56440133074008,0.0564479630816619,2.759498200469972,2.204082e-05,1.7888394327279502,0.0061541939154455,2746.382955415927,-0.8279868152066994
methanol,SMRCCS,DAC,wind,SMRCCS_H_DAC_C_wind_E,Czech Republic,1,2024,184.50980726144044,1408.053474873307,1592.563282134748,-0.8906110130238067,35.008356528367685,0.086804978775029,2.3880953307855566,0.00025346943,0.0,0.0,1629.9597339939012,-0.8035525648187777
methanol,SMRCCS,DAC,wind,SMRCCS_H_DAC_C_wind_E,Japan,1,2024,218.97867235423703,1538.1374972290223,1757.1161695832593,-0.8906110130238067,9.224572746193816,0.023905465197621,2.793108423404836,0.0002951020899999,41.67257406787354,0.1433673123911195,1810.8064248207315,-0.7230431333450662
methanol,SMRCCS,DAC,wind,SMRCCS_H_DAC_C_wind_E,Belgium,1,2024,207.82698070656755,1220.2409240154834,1428.067904722051,-0.8906110130238067,6.891290009706824,0.0182134244016125,2.690994348439774,8.448981e-05,0.0,0.0,1437.6501890801976,-0.8723130988121942
methanol,SMRCCS,DAC,wind,SMRCCS_H_DAC_C_wind_E,Poland,1,2024,187.5511777108049,1515.4820716002073,1703.0332493110122,-0.8906110130238067,11.233270499248109,0.0288056812659274,2.5365568889578465,0.000376530675,3.1328346139356533,0.0107779778142402,1719.935911313154,-0.8506508232686392
methanol,SMRCCS,DAC,wind,SMRCCS_H_DAC_C_wind_E,India,1,2024,179.4408565124998,1112.1102988503897,1291.5511553628894,-0.8906110130238067,41.30430620421374,0.1021639414262884,2.2627002371650744,0.0004334694599999,23.134804719573623,0.0795913103408614,1358.252966523842,-0.708422291796657
methanol,SMRCCS,DAC,wind,SMRCCS_H_DAC_C_wind_E,Indonesia,1,2024,163.22021411588963,1579.8149428827976,1743.0351569986872,-0.8906110130238067,14.675222299770391,0.0372023190844393,2.0309053535795303,0.00039551027,34.945309666630486,0.1202233180849409,1794.6865943186676,-0.7327898655844266
methanol,SMRCCS,DAC,wind,SMRCCS_H_DAC_C_wind_E,South Korea,1,2024,190.5925481601693,1257.8745411363143,1448.4670892964837,-0.8906110130238067,7.503288733588453,0.0197063946486234,2.3917530921301347,0.00025346943,40.2483810771631,0.1384676217439359,1498.6105121993653,-0.7321835272012474
methanol,SMRCCS,DAC,wind,SMRCCS_H_DAC_C_wind_E,China,1,2024,185.5235974112286,1092.4504204882758,1277.9740178995044,-0.8906110130238067,78.31080589228577,0.1924412587218022,2.315337598509652,0.0003428572,38.75221989986314,0.1333203369483275,1397.3523812901628,-0.564506560153677
methanol,SMRCCS,DAC,wind,SMRCCS_H_DAC_C_wind_E,United Arab Emirates,1,2024,193.63391860953368,464.8107816298457,658.4447002393794,-0.8906110130238067,10.915758228841952,0.0280311104142585,2.425112590302424,0.000234489835,22.41243881244368,0.0771061348751099,694.1980098709674,-0.7852392778994384
methanol,SMRCCS,DAC,wind,SMRCCS_H_DAC_C_wind_E,United States,1,2024,202.7580299576269,885.587744470853,1088.34577442848,-0.8906110130238067,88.49089459208655,0.2172755744607914,2.558864559819293,0.00023510208,12.170337163931713,0.0418699485000563,1191.5658707443174,-0.631230387982959
methanol,SMRCCS,DAC,wind,SMRCCS_H_DAC_C_wind_E,Turkey,1,2024,185.5235974112286,825.5714978297863,1011.0950952410147,-0.8906110130238067,10.146640984986664,0.026154849702053,2.3502355635096523,0.00028775515,12.591115249067489,0.0433175630169984,1036.1830870385786,-0.8208508451547554
methanol,SMRCCS,DAC,wind,SMRCCS_H_DAC_C_wind_E,Australia,1,2024,207.82698070656755,1032.5968992221578,1240.4238799287257,-0.8906110130238067,78.8034842059262,0.1936431469527896,2.673851488439774,0.00033795924,35.55048492422846,0.1223053193087221,1357.4517005473201,-0.574324587522295
methanol,SMRCCS,DAC,wind,SMRCCS_H_DAC_C_wind_E,Malaysia,1,2024,177.4132762129235,802.2300323430931,979.6433085560166,-0.8906110130238067,7.765323073628242,0.0203456271471706,2.238623836716881,0.0003697959799999,30.34359622361494,0.1043919156943736,1019.9908516899766,-0.7655036742022627
methanol,SMRCCS,DAC,wind,SMRCCS_H_DAC_C_wind_E,Canada,1,2024,206.81319055677943,692.4290002016132,899.2421907583927,-0.8906110130238067,111.9192338137173,0.2744289834955782,2.5837520507156784,0.0001071428749999,11.02795216101818,0.0379397696894823,1024.7731287838437,-0.5781351169637463
methanol,SMRCCS,DAC,wind,SMRCCS_H_DAC_C_wind_E,Mexico,1,2024,178.42706636271166,612.8349167575334,791.2619831202451,-0.8906110130238067,32.458224140908094,0.0805839334822081,2.301784494440977,0.000321428625,18.577812770264984,0.0639137645454839,844.5998045258591,-0.7457918863711148
methanol,SMRCCS,DAC,wind,SMRCCS_H_DAC_C_wind_E,Thailand,1,2024,180.45464666228796,823.7870195380432,1004.2416662003312,-0.8906110130238067,11.669272719816664,0.0298693082271259,2.276269049889171,0.00033918373,33.68755828994832,0.115896241138903,1051.8747662599853,-0.744506279927778
methanol,SMRCCS,DAC,wind,SMRCCS_H_DAC_C_wind_E,Russia,1,2024,191.60633830995744,586.7050243756237,778.3113626855811,-0.8906110130238067,136.74448225210324,0.3349901511040483,2.3881790448542315,0.000274898005,4.515639100965043,0.0155352784442634,921.9596630835036,-0.539810685470495
methanol,SMRCCS,DAC,wind,SMRCCS_H_DAC_C_wind_E,Saudi Arabia,1,2024,193.63391860953368,463.80321405637943,657.4371326659132,-0.8906110130238067,28.6060741249968,0.0711866175461529,2.3993983003024244,0.00033795924,14.10326729475843,0.048519861640653,702.5458723859708,-0.7705665745970008
methanol,SMR,SMR,wind,SMR_H_C_wind_E,South Africa,1,2024,133.69110276099715,174.45058357287564,308.1416863338728,1.0941010998940903,24.53851842343582,0.0612638196651808,2.3634903994060386,0.0004340817049999,25.830928168264716,0.0888668586207434,360.87462332497944,1.2446658598850147
methanol,SMR,SMR,wind,SMR_H_C_wind_E,Taiwan,1,2024,131.54632571135548,394.0427751860318,525.5891008973873,1.0941010998940903,6.525622092765043,0.0173213779005709,2.3754370312337483,0.0003893878199999,36.935820409625535,0.1270713274026291,571.4259804310117,1.2388831930172903
methanol,SMR,SMR,wind,SMR_H_C_wind_E,Switzerland,1,2024,157.99857599026936,1700.255239814385,1858.2538158046543,1.0941010998940903,27.51533631048074,0.068525763788103,2.9013606570253185,2.2653065e-05,0.0,0.0,1888.6705127721605,1.1626495167471933
methanol,SMR,SMR,wind,SMR_H_C_wind_E,Singapore,1,2024,132.26125139456937,1813.381777503008,1945.643028897577,1.0941010998940903,0.97719928410902,0.0037860062602167,2.4600262639578463,0.000305510255,30.748135543443087,0.1057836635366315,1979.828389989087,1.2039762799459386
methanol,SMR,SMR,wind,SMR_H_C_wind_E,Hungary,1,2024,128.68662297849994,658.7769618400544,787.4635848185543,1.0941010998940903,51.585109448964424,0.1272439501923771,2.344427090337363,0.0001120408349999,0.0,0.0,841.3931213578561,1.2214570909214673
methanol,SMR,SMR,wind,SMR_H_C_wind_E,Philippines,1,2024,127.97169729528603,395.97423295244664,523.9459302477327,1.0941010998940903,10.107765430778445,0.0260600128282098,2.301470517613267,0.0003753061849999,35.52536845557584,0.1222189104249892,571.8805346517003,1.242755329332289
methanol,SMR,SMR,wind,SMR_H_C_wind_E,Netherlands,1,2024,146.55976505884712,1153.5215075570177,1300.0812726158647,1.0941010998940903,5.11922627434319,0.0138904767720408,2.673239243439774,0.000154897985,0.0,0.0,1307.8737381336477,1.108146474651131
methanol,SMR,SMR,wind,SMR_H_C_wind_E,Norway,1,2024,162.2881300895527,877.581604190996,1039.8697342805488,1.0941010998940903,21.57408582181769,0.0540320894331074,2.878079638369897,1.8979595e-05,2.16119139281739,0.0074352066912496,1066.483091133554,1.1555873756134474
methanol,SMR,SMR,wind,SMR_H_C_wind_E,Oman,1,2024,136.55080549385272,101.68943649883326,238.240241992686,1.0941010998940903,18.344062311311852,0.046152450456501,2.4808268853024247,0.000333673525,21.91145943478494,0.0753826016270478,280.9765906240852,1.215969825502639
methanol,SMR,SMR,wind,SMR_H_C_wind_E,Italy,1,2024,137.26573117706658,1283.4967138874997,1420.7624450645662,1.0941010998940903,12.703599215411328,0.0323925466316501,2.651130418026521,0.00017632656,8.251398093798704,0.0283875137218633,1444.3685727918028,1.1550574868076038
methanol,SMR,SMR,wind,SMR_H_C_wind_E,Austria,1,2024,148.70454210848882,1096.2667000780557,1244.9712421865445,1.0941010998940903,36.74036974543607,0.0910302232070957,2.747006911612064,6.3061235e-05,0.0,0.0,1284.4586188435926,1.185194384336186
methanol,SMR,SMR,wind,SMR_H_C_wind_E,Finland,1,2024,154.42394757419993,1161.3845941425466,1315.8085417167465,1.0941010998940903,18.67936439460148,0.0469704195380984,2.7447410684048363,4.408164e-05,4.208689584965953,0.0144792715108576,1341.4413367647187,1.1555948725830465
methanol,SMR,SMR,wind,SMR_H_C_wind_E,Portugal,1,2024,130.1164743449277,988.152894655022,1118.2693689999496,1.0941010998940903,9.118529180062064,0.0236467720289204,2.338503485785557,6.857144e-05,4.159614045582699,0.0143104355715642,1133.88601571138,1.1321268789345749
methanol,SMR,SMR,wind,SMR_H_C_wind_E,Germany,1,2024,147.27469074206104,1035.0251831387093,1182.2998738807703,1.0941010998940903,19.102040951147117,0.0480015385558461,2.718032551163871,0.00021061228,0.0,0.0,1204.1199473830811,1.1423132507299365
methanol,SMR,SMR,wind,SMR_H_C_wind_E,Greece,1,2024,131.5463257113555,557.5098166415739,689.0561423529294,1.0941010998940903,8.034570812196023,0.0210024567238846,2.4189064262337494,0.0001959184,10.39807833449119,0.0357727972939781,709.9076979258504,1.151072272311953
methanol,SMR,SMR,wind,SMR_H_C_wind_E,France,1,2024,144.4149880092055,1133.1538177888528,1277.5688057980583,1.0941010998940903,26.098777975579193,0.0650700712112465,2.609879740267486,2.693878e-05,0.0,0.0,1306.2774635139049,1.1591981098853368
methanol,SMR,SMR,wind,SMR_H_C_wind_E,Brazil,1,2024,131.54632571135548,1055.7107909045835,1187.257116615939,1.0941010998940903,68.96650800287952,0.1696458537908778,2.3503349862337486,6.3061235e-05,20.052705430499195,0.06898787867193,1278.6266650355512,1.3327978935918983
methanol,SMR,SMR,wind,SMR_H_C_wind_E,United Kingdom,1,2024,152.27917052455825,831.1159692433797,983.395139767938,1.0941010998940903,12.915972819599244,0.0329106318170113,2.899953030232547,0.000129183695,1.9570747960060495,0.0067329787018866,1001.1681404137757,1.1338738941079882
methanol,SMR,SMR,wind,SMR_H_C_wind_E,Spain,1,2024,132.97617707778326,825.5990292467349,958.575206324518,1.0941010998940903,21.385807864799265,0.0535727855538221,2.3805338366819417,8.938776999999999e-05,5.131878895923174,0.0176553453028094,987.4734269219224,1.1654186185207218
methanol,SMR,SMR,wind,SMR_H_C_wind_E,Sweden,1,2024,157.2836503070555,1689.11489774465,1846.3985480517056,1.0941010998940903,22.56440133074008,0.0564479630816619,2.759498200469972,2.204082e-05,1.7888394327279502,0.0061541939154455,1873.5112870156436,1.1567252977111977
methanol,SMR,SMR,wind,SMR_H_C_wind_E,Czech Republic,1,2024,130.1164743449277,834.0883491626765,964.2048235076044,1.0941010998940903,35.008356528367685,0.086804978775029,2.3880953307855566,0.00025346943,0.0,0.0,1001.6012753667576,1.1811595480991193
methanol,SMR,SMR,wind,SMR_H_C_wind_E,Japan,1,2024,154.42394757419993,935.2276591345974,1089.651606708797,1.0941010998940903,9.224572746193816,0.023905465197621,2.793108423404836,0.0002951020899999,41.67257406787354,0.1433673123911195,1143.3418619462693,1.2616689795728306
methanol,SMR,SMR,wind,SMR_H_C_wind_E,Belgium,1,2024,146.55976505884712,698.1885471582538,844.7483122171009,1.0941010998940903,6.891290009706824,0.0182134244016125,2.690994348439774,8.448981e-05,0.0,0.0,854.3305965752475,1.112399014105703
methanol,SMR,SMR,wind,SMR_H_C_wind_E,Poland,1,2024,132.26125139456937,917.7036678568704,1049.9649192514398,1.0941010998940903,11.233270499248109,0.0288056812659274,2.5365568889578465,0.000376530675,3.1328346139356533,0.0107779778142402,1066.8675812535816,1.1340612896492581
methanol,SMR,SMR,wind,SMR_H_C_wind_E,India,1,2024,126.54184592885824,602.8895162320108,729.4313621608691,1.0941010998940903,41.30430620421374,0.1021639414262884,2.2627002371650744,0.0004334694599999,23.134804719573623,0.0795913103408614,796.1331733218215,1.2762898211212401
methanol,SMR,SMR,wind,SMR_H_C_wind_E,Indonesia,1,2024,115.10303499743604,963.9544394787606,1079.0574744761966,1.0941010998940903,14.675222299770391,0.0372023190844393,2.0309053535795303,0.00039551027,34.945309666630486,0.1202233180849409,1130.708911796177,1.2519222473334704
methanol,SMR,SMR,wind,SMR_H_C_wind_E,South Korea,1,2024,134.40602844421105,720.3886479892179,854.794676433429,1.0941010998940903,7.503288733588453,0.0197063946486234,2.3917530921301347,0.00025346943,40.2483810771631,0.1384676217439359,904.9380993363106,1.2525285857166497
methanol,SMR,SMR,wind,SMR_H_C_wind_E,China,1,2024,130.8314000281416,589.5394419504313,720.3708419785729,1.0941010998940903,78.31080589228577,0.1924412587218022,2.315337598509652,0.0003428572,38.75221989986314,0.1333203369483275,839.7492053692315,1.4202055527642201
methanol,SMR,SMR,wind,SMR_H_C_wind_E,United Arab Emirates,1,2024,136.55080549385272,100.26836293895448,236.8191684328072,1.0941010998940903,10.915758228841952,0.0280311104142585,2.425112590302424,0.000234489835,22.41243881244368,0.0771061348751099,272.5724780643953,1.1994728350184587
methanol,SMR,SMR,wind,SMR_H_C_wind_E,United States,1,2024,142.98513664277772,436.551918775424,579.5370554182018,1.0941010998940903,88.49089459208655,0.2172755744607914,2.558864559819293,0.00023510208,12.170337163931713,0.0418699485000563,682.7571517340393,1.353481724934938
methanol,SMR,SMR,wind,SMR_H_C_wind_E,Turkey,1,2024,130.8314000281416,379.0574954367464,509.888895464888,1.0941010998940903,10.146640984986664,0.026154849702053,2.3502355635096523,0.00028775515,12.591115249067489,0.0433175630169984,534.9768872624517,1.1638612677631417
methanol,SMR,SMR,wind,SMR_H_C_wind_E,Australia,1,2024,146.55976505884712,550.1546433333062,696.7144083921534,1.0941010998940903,78.8034842059262,0.1936431469527896,2.673851488439774,0.00033795924,35.55048492422846,0.1223053193087221,813.7422290107479,1.4103875253956017
methanol,SMR,SMR,wind,SMR_H_C_wind_E,Malaysia,1,2024,125.1119945624305,359.9044654862547,485.0164600486852,1.0941010998940903,7.765323073628242,0.0203456271471706,2.238623836716881,0.0003697959799999,30.34359622361494,0.1043919156943736,525.3640031826452,1.2192084387156346
methanol,SMR,SMR,wind,SMR_H_C_wind_E,Canada,1,2024,145.84483937563326,284.0620536836044,429.9068930592376,1.0941010998940903,111.9192338137173,0.2744289834955782,2.5837520507156784,0.0001071428749999,11.02795216101818,0.0379397696894823,555.4378310846888,1.4065769959541508
methanol,SMR,SMR,wind,SMR_H_C_wind_E,Mexico,1,2024,125.82692024564436,215.0582292969397,340.88514954258403,1.0941010998940903,32.458224140908094,0.0805839334822081,2.301784494440977,0.000321428625,18.577812770264984,0.0639137645454839,394.2229709481981,1.2389202265467822
methanol,SMR,SMR,wind,SMR_H_C_wind_E,Thailand,1,2024,127.25677161207216,376.8789441802652,504.13571579233735,1.0941010998940903,11.669272719816664,0.0298693082271259,2.276269049889171,0.00033918373,33.68755828994832,0.115896241138903,551.7688158519916,1.2402058329901193
methanol,SMR,SMR,wind,SMR_H_C_wind_E,Russia,1,2024,135.12095412742494,190.78258257317032,325.9035367005953,1.0941010998940903,136.74448225210324,0.3349901511040483,2.3881790448542315,0.000274898005,4.515639100965043,0.0155352784442634,469.55183709851775,1.4449014274474021
methanol,SMR,SMR,wind,SMR_H_C_wind_E,Saudi Arabia,1,2024,136.55080549385272,99.2607987775568,235.81160427140952,1.0941010998940903,28.6060741249968,0.0711866175461529,2.3993983003024244,0.00033795924,14.10326729475843,0.048519861640653,280.9203439914672,1.2141455383208961
