Fuel,Hydrogen Source,Carbon Source,Fuel Pathway,Electricity Demand [kWh / kg fuel],NG Demand [GJ / kg fuel],Water Demand [m^3 / kg fuel],CO2 Demand [kg CO2 / kg fuel]
ammonia,SMR,n/a,SMR_H_grid_E,0.9933442439859024,0.027077137900910035,0.003048638465668524,0.0
ammonia,SMRCCS,n/a,SMRCCS_H_grid_E,0.9933444910017111,0.0348196037718,0.004360621471974342,0.0
ammonia,LTE,n/a,LTE_H_grid_E,10.05314189,9.059797760691664,0.00261861625758975,0.0
ammonia,SMR,n/a,SMR_H_renewable_E,0.9933442439859024,0.027077137900910035,0.003048638465668524,0.0
ammonia,SMRCCS,n/a,SMRCCS_H_renewable_E,0.9933444910017111,0.0348196037718,0.004360621471974342,0.0
ammonia,LTE,n/a,LTE_H_renewable_E,10.05314189,9.059797760691664,0.00261861625758975,0.0
ammonia,SMR,n/a,SMR_H_nuke_E,0.9933442439859024,0.027077137900910035,0.003048638465668524,0.0
ammonia,SMRCCS,n/a,SMRCCS_H_nuke_E,0.9933444910017111,0.0348196037718,0.004360621471974342,0.0
ammonia,LTE,n/a,LTE_H_nuke_E,10.05314189,9.059797760691664,0.00261861625758975,0.0
