Fuel,Hydrogen Source,Carbon Source,Fuel Pathway,Electricity Demand [kWh / kg fuel],NG Demand [GJ / kg fuel],Water Demand [m^3 / kg fuel],CO2 Demand [kg CO2 / kg fuel]
hydrogen,SMR,n/a,SMR_H_grid_E,6.459306369869819e-07,0.15251416078704164,0.01673099473318096,0
hydrogen,SMRCCS,n/a,SMRCCS_H_grid_E,2.0372670807453415e-06,0.19612422360248447,0.024120844720496894,0
hydrogen,LTE,n/a,LTE_H_grid_E,51.03004082,51.03004082,0.01430886,0
hydrogen,SMR,n/a,SMR_H_renewable_E,6.459306369869819e-07,0.15251416078704164,0.01673099473318096,0
hydrogen,SMRCCS,n/a,SMRCCS_H_renewable_E,2.0372670807453415e-06,0.19612422360248447,0.024120844720496894,0
hydrogen,LTE,n/a,LTE_H_renewable_E,51.03004082,51.03004082,0.01430886,0
hydrogen,SMR,n/a,SMR_H_nuke_E,6.459306369869819e-07,0.15251416078704164,0.01673099473318096,0
hydrogen,SMRCCS,n/a,SMRCCS_H_nuke_E,2.0372670807453415e-06,0.19612422360248447,0.024120844720496894,0
hydrogen,LTE,n/a,LTE_H_nuke_E,51.03004082,51.03004082,0.01430886,0
