Fuel,Hydrogen Source,Carbon Source,Fuel Pathway,Electricity Demand [kWh / kg fuel],NG Demand [GJ / kg fuel],Water Demand [m^3 / kg fuel],CO2 Demand [kg CO2 / kg fuel]
liquid_hydrogen,SMR,n/a,SMR_H_grid_E,8.000000645930637,0.15251416078704164,0.01673099473318096,0
liquid_hydrogen,SMRCCS,n/a,SMRCCS_H_grid_E,8.00000203726708,0.19612422360248447,0.024120844720496894,0
liquid_hydrogen,LTE,n/a,LTE_H_grid_E,59.03004082,51.03004082,0.01430886,0
liquid_hydrogen,SMR,n/a,SMR_H_renewable_E,8.000000645930637,0.15251416078704164,0.01673099473318096,0
liquid_hydrogen,SMRCCS,n/a,SMRCCS_H_renewable_E,8.00000203726708,0.19612422360248447,0.024120844720496894,0
liquid_hydrogen,LTE,n/a,LTE_H_renewable_E,59.03004082,51.03004082,0.01430886,0
liquid_hydrogen,SMR,n/a,SMR_H_nuke_E,8.000000645930637,0.15251416078704164,0.01673099473318096,0
liquid_hydrogen,SMRCCS,n/a,SMRCCS_H_nuke_E,8.00000203726708,0.19612422360248447,0.024120844720496894,0
liquid_hydrogen,LTE,n/a,LTE_H_nuke_E,59.03004082,51.03004082,0.01430886,0
