Fuel,Hydrogen Source,Carbon Source,Electricity Source,Pathway Name,Region,Number,Year,CapEx [$/tonne],OpEx [$/tonne],Fuel Production LCOF [$/tonne],Fuel Production Emissions [kg CO2e / kg fuel],Land Transport Cost [$/tonne],Land Transport Emissions [kg CO2e / kg fuel],Fuel Storage Cost [$/tonne],Fuel Storage Emissions [kg CO2e / kg fuel],Tanker Transport Cost [$/tonne],Tanker Transport Emissions [kg CO2e / kg fuel],Final LCOF [$/tonne],Final Emissions [kg CO2e / kg fuel]
ammonia,ATRCCS,,grid,ATRCCS_H_grid_E,South Africa,1,2024,153.0005125017031,260.53581734770614,413.5363298494093,1.290814396481858,33.88057380211861,0.0066445524812235,14.145041851870085,0.05672,21.057445183137673,0.0724445127102709,482.61939068653567,1.4266234616733524
ammonia,ATRCCS,,grid,ATRCCS_H_grid_E,Taiwan,1,2024,150.54595882520513,604.6960975057317,755.2420563309369,1.1810559456966798,14.355511307849394,0.0016441948150371,20.433624068150245,0.05088,7.203844257696276,0.0247835852046951,797.2350359646327,1.2583637257164122
ammonia,ATRCCS,,grid,ATRCCS_H_grid_E,Switzerland,1,2024,180.81878750201273,1942.4770588783908,2123.2958463804034,0.2804352330895302,20.247192340312665,0.0031530510569083,30.847776734028276,0.00296,27.81668321550792,0.0956985067864331,2202.2074986702523,0.3822467909328716
ammonia,ATRCCS,,grid,ATRCCS_H_grid_E,Singapore,1,2024,151.36414338403782,2078.273210545302,2229.63735392934,0.9750709079217558,8.42126414544956,0.0001244374109182,29.91076332939019,0.03992,0.0,0.0,2267.96938140418,1.015115345332674
ammonia,ATRCCS,,grid,ATRCCS_H_grid_E,Hungary,1,2024,147.27322058987463,889.2329910135959,1036.5062116034703,0.4999521346598872,27.45606077813814,0.0049992382621062,22.685067023190456,0.01464,27.086249650723964,0.0931855759342909,1113.7335890555228,0.6127769488562843
ammonia,ATRCCS,,grid,ATRCCS_H_grid_E,Philippines,1,2024,146.455036031042,563.1567882612874,709.6118242923294,1.14647451599724,18.23837230111739,0.0026385933599904,18.647927761950505,0.04904,5.5617638302542565,0.0191342903656246,752.0598881856515,1.217287399722855
ammonia,ATRCCS,,grid,ATRCCS_H_grid_E,Netherlands,1,2024,167.72783456069052,1382.2854082728777,1550.013242833568,0.6051999641799215,12.831049847445094,0.0012537810812744,26.25354855418913,0.02024,35.79768272946307,0.1231557607743188,1624.8955239646652,0.7498495060355147
ammonia,ATRCCS,,grid,ATRCCS_H_grid_E,Norway,1,2024,185.72789485500857,938.8371856545936,1124.5650805096022,0.2714139905592416,30.667279796307408,0.0058216296700732,18.350612301467965,0.00248,37.98858466568507,0.1306931814720913,1211.5715572730626,0.4104088017014061
ammonia,ATRCCS,,grid,ATRCCS_H_grid_E,Oman,1,2024,156.27325073703364,353.19578929491075,509.4690400319443,1.0442337673206354,27.166098767846073,0.0049249791522318,23.17359889682987,0.0436,13.815824948800785,0.0475309657653892,573.6245626454211,1.1402897122382567
ammonia,ATRCCS,,grid,ATRCCS_H_grid_E,Italy,1,2024,157.09143529586626,1845.2855436078048,2002.3769789036708,0.6578238789399384,20.06756614487286,0.0031070488879688,43.850738158069824,0.0230399999999999,27.28757978080138,0.0938782175648641,2093.582862987415,0.7778491453927713
ammonia,ATRCCS,,grid,ATRCCS_H_grid_E,Austria,1,2024,170.18238823718846,1410.3252489020308,1580.5076371392192,0.3796689009227053,17.789447370858756,0.0025236239345548,31.164966337908968,0.0082399999999999,27.28757978080138,0.0938782175648641,1656.7496306287885,0.4843107424221241
ammonia,ATRCCS,,grid,ATRCCS_H_grid_E,Finland,1,2024,176.72786470784956,1225.6697890936814,1402.3976538015309,0.3330591478495474,27.529549154197397,0.0050180585944207,18.262080427828543,0.0057599999999999,40.51635260328374,0.1393895316176742,1488.7056359868407,0.4832267380616422
ammonia,ATRCCS,,grid,ATRCCS_H_grid_E,Portugal,1,2024,148.90958970753988,1120.1811722008526,1269.0907619083926,0.3932007647181382,17.16609057239028,0.0023639826044998,18.75934554567035,0.00896,31.016532907113156,0.106707038431102,1336.0327309335662,0.5112317857537401
ammonia,ATRCCS,,grid,ATRCCS_H_grid_E,Germany,1,2024,168.54601911952318,1329.540348373852,1498.086367493375,0.7420221425559659,22.29593273045604,0.0036777323335437,30.530687815429072,0.02752,36.6158627362772,0.125970568144702,1587.5288507755374,0.8991904430342116
ammonia,ATRCCS,,grid,ATRCCS_H_grid_E,Greece,1,2024,150.54595882520516,845.6827835318696,996.2287423570748,0.7059371724348114,15.991134891457742,0.002063077106845,26.11362406815024,0.0256,24.258747856022367,0.0834580430867353,1062.5922491727051,0.8170582926283916
ammonia,ATRCCS,,grid,ATRCCS_H_grid_E,France,1,2024,165.27328088419264,1290.7550457177072,1456.0283266018998,0.2909600160415336,24.644306125238636,0.0042791494563373,22.702130770469285,0.0035199999999999,34.98222431345737,0.1203503165682795,1538.3569878110652,0.4191094820661503
ammonia,ATRCCS,,grid,ATRCCS_H_grid_E,Brazil,1,2024,150.54595882520513,1176.8816860829904,1327.4276449081956,0.3796689009227053,82.03825245129546,0.0189777072503737,17.153624068150243,0.0082399999999999,38.5588408334689,0.1326550495826733,1465.1783622611101,0.5395416577557521
ammonia,ATRCCS,,grid,ATRCCS_H_grid_E,United Kingdom,1,2024,174.2733110313516,1402.0500210706348,1576.3233321019864,0.5420512664679009,21.282326130476545,0.0034181482459541,43.270662644108704,0.01688,34.73904083892114,0.1195136857159255,1675.6153617154928,0.6818631004297805
ammonia,ATRCCS,,grid,ATRCCS_H_grid_E,Spain,1,2024,152.18232794287042,942.9641672935136,1095.146495236384,0.4443211390564405,30.463196077087932,0.0057693639428704,17.947902590630136,0.01168,29.915481049237933,0.1029190591858143,1173.47307495334,0.5646895621851252
ammonia,ATRCCS,,grid,ATRCCS_H_grid_E,Sweden,1,2024,180.0006029431801,1640.786118325626,1820.786721268806,0.2789316926678154,31.740731385979313,0.0060965400263024,13.886937472788334,0.0028799999999999,37.69910770463717,0.1296972858541006,1904.113497832211,0.41760551854821826
ammonia,ATRCCS,,grid,ATRCCS_H_grid_E,Czech Republic,1,2024,148.90958970753988,1091.2373894940472,1240.146979201587,0.847269972076,29.17016765563514,0.0054382200819119,25.23934554567035,0.03312,27.28757978080138,0.0938782175648641,1321.8440721836942,0.979706409722776
ammonia,ATRCCS,,grid,ATRCCS_H_grid_E,Japan,1,2024,176.72786470784956,1091.9883392941897,1268.7162040020394,0.9495107207526046,17.281036398859737,0.0023934201668509,24.582080427828544,0.03856,12.718481214659484,0.0437557436810314,1323.297802043387,1.0342198846004869
ammonia,ATRCCS,,grid,ATRCCS_H_grid_E,Belgium,1,2024,167.72783456069052,971.9586308404184,1139.686465401109,0.4322928156827224,10.990769212109248,0.0007824862321267,28.573548554189134,0.01104,35.725866416927914,0.1229086891224156,1214.976649584335,0.5670239910372646
ammonia,ATRCCS,,grid,ATRCCS_H_grid_E,Poland,1,2024,151.36414338403782,1452.9836481613945,1604.3477915454323,1.1494815968406695,19.458362490150392,0.0029510321701706,39.91076332939019,0.0492,39.26381763701094,0.1350804008330493,1702.980735001984,1.3367130298438894
ammonia,ATRCCS,,grid,ATRCCS_H_grid_E,India,1,2024,144.81866691337672,735.2457431357689,880.0644100491456,1.2893108560601436,39.14341255809945,0.0079923625651654,16.733649239470612,0.0566399999999999,6.648265497095545,0.0228722121851359,942.5897373438113,1.3768154308104448
ammonia,ATRCCS,,grid,ATRCCS_H_grid_E,Indonesia,1,2024,131.72771397205452,971.8309536408668,1103.5586676129217,1.1960913499138277,23.18926299464231,0.0039065137183034,11.65942105963146,0.05168,4.88644611995716,0.0168109761163601,1143.2937977871527,1.2684888397484912
ammonia,ATRCCS,,grid,ATRCCS_H_grid_E,South Korea,1,2024,153.8186970605357,792.6097456160392,946.4284426765748,0.847269972076,15.415252168520214,0.0019155938611801,16.262181113110028,0.03312,11.06040315802593,0.0380514117545449,989.166279116231,0.920356977691725
ammonia,ATRCCS,,grid,ATRCCS_H_grid_E,China,1,2024,149.7277742663725,680.2232426433324,829.9510169097049,1.066786873646357,92.1669955976749,0.0215716727475749,14.156484806910296,0.0448,9.318538092371725,0.0320588250570185,945.5930354066618,1.1652173714509504
ammonia,ATRCCS,,grid,ATRCCS_H_grid_E,United Arab Emirates,1,2024,156.27325073703364,216.0193841458013,372.29263488283493,0.800660219002842,19.114195355194887,0.0028628911579598,15.89359889682987,0.03064,14.399076599623424,0.0495375425967107,421.6995057344831,0.8837006527575125
ammonia,ATRCCS,,grid,ATRCCS_H_grid_E,United States,1,2024,163.63691176652733,565.823422664639,729.4603344311663,0.8021637594245568,91.30750456281253,0.0213515575706604,19.18785224798939,0.03072,33.23503464352958,0.1143394114869881,873.1907258854978,0.9685747284822053
ammonia,ATRCCS,,grid,ATRCCS_H_grid_E,Turkey,1,2024,149.7277742663725,528.3288182563829,678.0565925227554,0.9314682356920272,18.28051142252689,0.0026493851655915,18.716484806910294,0.0376,23.426924570833513,0.0805962983673512,738.4805133230261,1.05231391922497
ammonia,ATRCCS,,grid,ATRCCS_H_grid_E,Australia,1,2024,167.72783456069052,801.9115533711544,969.6393879318448,1.0547585502726389,92.70103380490208,0.0217084396359947,26.33354855418913,0.04416,7.469047395891629,0.0256959709166704,1096.1430176868278,1.146322960825304
ammonia,ATRCCS,,grid,ATRCCS_H_grid_E,Malaysia,1,2024,143.18229779571143,478.05047783544256,621.232775631154,1.1329426522018071,24.03131984393713,0.004122164009972,16.73937071699072,0.04832,0.0,0.0,662.0034661920819,1.185384816211779
ammonia,ATRCCS,,grid,ATRCCS_H_grid_E,Canada,1,2024,166.9096500018579,371.3232065842303,538.2328565860882,0.487923811286169,92.91265643600036,0.0217626360743447,16.136409292949182,0.0139999999999999,31.11744592592871,0.1070542122886443,678.3993682409665,0.6307406596491579
ammonia,ATRCCS,,grid,ATRCCS_H_grid_E,Mexico,1,2024,144.00048235454403,487.2303882072572,631.2308705618012,1.01416295888634,58.72141086820218,0.0130062770644014,23.416509978230664,0.042,40.70394528232899,0.1400349119144411,754.072736690563,1.2092041478651825
ammonia,ATRCCS,,grid,ATRCCS_H_grid_E,Thailand,1,2024,145.63685147220934,504.2448697476827,649.881721219892,1.0577656311160686,19.93096669815586,0.0030720658454926,16.93078850071056,0.04432,3.4221431975442065,0.0117732941586562,690.1656196163027,1.1169309911202172
ammonia,ATRCCS,,grid,ATRCCS_H_grid_E,Russia,1,2024,154.63688161936835,243.43459442927175,398.0714760486401,0.8998938868360171,164.06845868908275,0.0399855975319214,14.219320374349977,0.03592,13.633944517067093,0.0469052374714824,589.9931996291399,1.022704721839421
ammonia,ATRCCS,,grid,ATRCCS_H_grid_E,Saudi Arabia,1,2024,156.27325073703364,152.81104827657038,309.084299013604,1.0547585502726389,35.82667913602567,0.0071429489769307,12.53359889682987,0.04416,15.984347931204594,0.0549913955276411,373.4289249776641,1.1610528947772107
ammonia,BG,,grid,BG_H_grid_E,South Africa,1,2024,157.51313647152088,351.1193197775856,508.6324562491064,1.0311091778301718,33.88057380211861,0.0066445524812235,14.145041851870085,0.05672,21.057445183137673,0.0724445127102709,577.7155170862328,1.1669182430216662
ammonia,BG,,grid,BG_H_grid_E,Taiwan,1,2024,154.98618775807398,454.04055293234825,609.0267406904222,0.9460053108229812,14.355511307849394,0.0016441948150371,20.433624068150245,0.05088,7.203844257696276,0.0247835852046951,651.0197203241181,1.0233130908427135
ammonia,BG,,grid,BG_H_grid_E,Switzerland,1,2024,186.1518885572519,664.0876066283822,850.2394951856342,0.247687278805073,20.247192340312665,0.0031530510569083,30.847776734028276,0.00296,27.81668321550792,0.0956985067864331,929.151147475483,0.3494988366484144
ammonia,BG,,grid,BG_H_grid_E,Singapore,1,2024,155.82850399588963,651.0996659430676,806.9281699389572,0.7862898343848286,8.42126414544956,0.0001244374109182,29.91076332939019,0.03992,0.0,0.0,845.260197413797,0.8263342717957467
ammonia,BG,,grid,BG_H_grid_E,Hungary,1,2024,151.61692280681154,497.5391940359513,649.1561168427629,0.4178950128194546,27.45606077813814,0.0049992382621062,22.685067023190456,0.01464,27.086249650723964,0.0931855759342909,726.3834942948155,0.5307198270158517
ammonia,BG,,grid,BG_H_grid_E,Philippines,1,2024,150.77460656899592,425.5117779846987,576.2863845536947,0.9191917636837292,18.23837230111739,0.0026385933599904,18.647927761950505,0.04904,5.5617638302542565,0.0191342903656246,618.7344484470168,0.9900046474093442
ammonia,BG,,grid,BG_H_grid_E,Netherlands,1,2024,172.67482875220202,570.8205670958139,743.495395848016,0.4995014606345691,12.831049847445094,0.0012537810812744,26.25354855418913,0.02024,35.79768272946307,0.1231557607743188,818.3776769791133,0.6441510024901623
ammonia,BG,,grid,BG_H_grid_E,Norway,1,2024,191.20578598414568,443.68215331282136,634.887939296967,0.2406924404209204,30.667279796307408,0.0058216296700732,18.350612301467965,0.00248,37.98858466568507,0.1306931814720913,721.8944160604275,0.3796872515630849
ammonia,BG,,grid,BG_H_grid_E,Oman,1,2024,160.88240142278335,479.4774008452098,640.3598022679931,0.8399169286633323,27.166098767846073,0.0049249791522318,23.17359889682987,0.0436,13.815824948800785,0.0475309657653892,704.5153248814698,0.9359728735809533
ammonia,BG,,grid,BG_H_grid_E,Italy,1,2024,161.72471766059894,836.0163019590485,997.7410196196474,0.5403046845421263,20.06756614487286,0.0031070488879688,43.850738158069824,0.0230399999999999,27.28757978080138,0.0938782175648641,1088.9469037033916,0.6603299509949592
ammonia,BG,,grid,BG_H_grid_E,Austria,1,2024,175.2017774656489,641.3990240818285,816.6008015474774,0.3246305010307524,17.789447370858756,0.0025236239345548,31.164966337908968,0.0082399999999999,27.28757978080138,0.0938782175648641,892.8427950370465,0.4292723425301712
ammonia,BG,,grid,BG_H_grid_E,Finland,1,2024,181.94030736817385,451.91857543448685,633.8588828026607,0.2884905027126303,27.529549154197397,0.0050180585944207,18.262080427828543,0.0057599999999999,40.51635260328374,0.1393895316176742,720.1668649879704,0.43865809292472513
ammonia,BG,,grid,BG_H_grid_E,Portugal,1,2024,153.30155528244276,452.82980534488,606.1313606273227,0.3351227586069814,17.16609057239028,0.0023639826044998,18.75934554567035,0.00896,31.016532907113156,0.106707038431102,673.0733296524966,0.45315377964258324
ammonia,BG,,grid,BG_H_grid_E,Germany,1,2024,173.51714499001764,633.7071207667581,807.2242657567757,0.6055898427942179,22.29593273045604,0.0036777323335437,30.530687815429072,0.02752,36.6158627362772,0.125970568144702,896.666749038938,0.7627581432724636
ammonia,BG,,grid,BG_H_grid_E,Greece,1,2024,154.98618775807398,546.0501584174367,701.0363461755107,0.5776104892576073,15.991134891457742,0.002063077106845,26.11362406815024,0.0256,24.258747856022367,0.0834580430867353,767.3998529911411,0.6887316094511875
ammonia,BG,,grid,BG_H_grid_E,France,1,2024,170.14788003875515,521.2591016972744,691.4069817360296,0.2558479235865845,24.644306125238636,0.0042791494563373,22.702130770469285,0.0035199999999999,34.98222431345737,0.1203503165682795,773.7356429451947,0.38399738961120117
ammonia,BG,,grid,BG_H_grid_E,Brazil,1,2024,154.98618775807398,429.0700920451944,584.0562798032684,0.3246305010307524,82.03825245129546,0.0189777072503737,17.153624068150243,0.0082399999999999,38.5588408334689,0.1326550495826733,721.806997156183,0.48450325786379933
ammonia,BG,,grid,BG_H_grid_E,United Kingdom,1,2024,179.41335865472695,800.2090560131296,979.6224146678566,0.4505375919455004,21.282326130476545,0.0034181482459541,43.270662644108704,0.01688,34.73904083892114,0.1195136857159255,1078.914444281363,0.59034942590738
ammonia,BG,,grid,BG_H_grid_E,Spain,1,2024,156.67082023370523,441.06484575635073,597.735665990056,0.3747601761171798,30.463196077087932,0.0057693639428704,17.947902590630136,0.01168,29.915481049237933,0.1029190591858143,676.0622457070119,0.49512859924586455
ammonia,BG,,grid,BG_H_grid_E,Sweden,1,2024,185.3095723194363,406.58705640076766,591.896628720204,0.2465214724077142,31.740731385979313,0.0060965400263024,13.886937472788334,0.0028799999999999,37.69910770463717,0.1296972858541006,675.2234052836088,0.38519529828811705
ammonia,BG,,grid,BG_H_grid_E,Czech Republic,1,2024,153.30155528244276,542.492735896139,695.7942911785818,0.6871962906093324,29.17016765563514,0.0054382200819119,25.23934554567035,0.03312,27.28757978080138,0.0938782175648641,777.4913841606888,0.8196327282561084
ammonia,BG,,grid,BG_H_grid_E,Japan,1,2024,181.94030736817385,525.460042247894,707.4003496160678,0.7664711256297294,17.281036398859737,0.0023934201668509,24.582080427828544,0.03856,12.718481214659484,0.0437557436810314,761.9819476574157,0.8511802894776117
ammonia,BG,,grid,BG_H_grid_E,Belgium,1,2024,172.67482875220202,595.719546975557,768.3943757277591,0.3654337249383096,10.990769212109248,0.0007824862321267,28.573548554189134,0.01104,35.725866416927914,0.1229086891224156,843.6845599109855,0.5001649002928519
ammonia,BG,,grid,BG_H_grid_E,Poland,1,2024,155.82850399588963,755.6413431339782,911.4698471298678,0.9215233764784468,19.458362490150392,0.0029510321701706,39.91076332939019,0.0492,39.26381763701094,0.1350804008330493,1010.1027905864194,1.1087548094816668
ammonia,BG,,grid,BG_H_grid_E,India,1,2024,149.08997409336467,405.70371023103127,554.7936843243959,1.0299433714328132,39.14341255809945,0.0079923625651654,16.733649239470612,0.0566399999999999,6.648265497095545,0.0228722121851359,617.3190116190616,1.1174479461831144
ammonia,BG,,grid,BG_H_grid_E,Indonesia,1,2024,135.61291428831473,351.1311669291599,486.7440812174747,0.9576633747965688,23.18926299464231,0.0039065137183034,11.65942105963146,0.05168,4.88644611995716,0.0168109761163601,526.4792113917057,1.0300608646312324
ammonia,BG,,grid,BG_H_grid_E,South Korea,1,2024,158.35545270933648,409.5423905633441,567.8978432726806,0.6871962906093324,15.415252168520214,0.0019155938611801,16.262181113110028,0.03312,11.06040315802593,0.0380514117545449,610.6356797123367,0.7602832962250574
ammonia,BG,,grid,BG_H_grid_E,China,1,2024,154.1438715202584,366.82092286203726,520.9647943822956,0.8574040246237141,92.1669955976749,0.0215716727475749,14.156484806910296,0.0448,9.318538092371725,0.0320588250570185,636.6068128792525,0.9558345224283075
ammonia,BG,,grid,BG_H_grid_E,United Arab Emirates,1,2024,160.88240142278335,373.022071178446,533.9044726012294,0.6510562922912103,19.114195355194887,0.0028628911579598,15.89359889682987,0.03064,14.399076599623424,0.0495375425967107,583.3113434528775,0.7340967260458808
ammonia,BG,,grid,BG_H_grid_E,United States,1,2024,168.46324756312393,447.3568221773321,615.820069740456,0.6522220986885692,91.30750456281253,0.0213515575706604,19.18785224798939,0.03072,33.23503464352958,0.1143394114869881,759.5504611947875,0.8186330677462177
ammonia,BG,,grid,BG_H_grid_E,Turkey,1,2024,154.1438715202584,425.7185342232276,579.862405743486,0.752481448861424,18.28051142252689,0.0026493851655915,18.716484806910294,0.0376,23.426924570833513,0.0805962983673512,640.2863265437567,0.8733271323943667
ammonia,BG,,grid,BG_H_grid_E,Australia,1,2024,172.67482875220202,553.0076302050171,725.6824589572191,0.8480775734448438,92.70103380490208,0.0217084396359947,26.33354855418913,0.04416,7.469047395891629,0.0256959709166704,852.1860887122019,0.9396419839975089
ammonia,BG,,grid,BG_H_grid_E,Malaysia,1,2024,147.40534161773346,398.23628544811675,545.6416270658502,0.9086995061075004,24.03131984393713,0.004122164009972,16.73937071699072,0.04832,0.0,0.0,586.4123176267781,0.9611416701174724
ammonia,BG,,grid,BG_H_grid_E,Canada,1,2024,171.83251251438642,390.4245266856483,562.2570392000347,0.4085685616405844,92.91265643600036,0.0217626360743447,16.136409292949182,0.0139999999999999,31.11744592592871,0.1070542122886443,702.423550854913,0.5513854100035733
ammonia,BG,,grid,BG_H_grid_E,Mexico,1,2024,148.24765785554905,491.3754140524211,639.6230719079701,0.8166008007161568,58.72141086820218,0.0130062770644014,23.416509978230664,0.042,40.70394528232899,0.1400349119144411,762.464938036732,1.0116419896949993
ammonia,BG,,grid,BG_H_grid_E,Thailand,1,2024,149.9322903311803,399.67412436609146,549.6064146972717,0.8504091862395614,19.93096669815586,0.0030720658454926,16.93078850071056,0.04432,3.4221431975442065,0.0117732941586562,589.8903130936824,0.9095745462437103
ammonia,BG,,grid,BG_H_grid_E,Russia,1,2024,159.1977689471521,348.5528216004495,507.7505905476016,0.7279995145168896,164.06845868908275,0.0399855975319214,14.219320374349977,0.03592,13.633944517067093,0.0469052374714824,699.6723141281014,0.8508103495202934
ammonia,BG,,grid,BG_H_grid_E,Saudi Arabia,1,2024,160.88240142278335,323.552136125917,484.4345375487004,0.8480775734448438,35.82667913602567,0.0071429489769307,12.53359889682987,0.04416,15.984347931204594,0.0549913955276411,548.7791635127605,0.9543719179494156
ammonia,LTE,,grid,LTE_H_grid_E,South Africa,1,2024,180.824325,920.892276752878,1101.716601752878,7.12767760001,33.88057380211861,0.0066445524812235,14.145041851870085,0.05672,21.057445183137673,0.0724445127102709,1170.7996625900041,7.263486665201494
ammonia,LTE,,grid,LTE_H_grid_E,Taiwan,1,2024,177.92340000000002,1723.3275091508235,1901.2509091508236,6.39379824204,14.355511307849394,0.0016441948150371,20.433624068150245,0.05088,7.203844257696276,0.0247835852046951,1943.2438887845196,6.471106022059732
ammonia,LTE,,grid,LTE_H_grid_E,Switzerland,1,2024,213.701475,2882.8911521218747,3096.5926271218746,0.37196624993,20.247192340312665,0.0031530510569083,30.847776734028276,0.00296,27.81668321550792,0.0956985067864331,3175.5042794117235,0.4737778077733414
ammonia,LTE,,grid,LTE_H_grid_E,Singapore,1,2024,178.890375,2917.498455170428,3096.388830170428,5.01651780311,8.42126414544956,0.0001244374109182,29.91076332939019,0.03992,0.0,0.0,3134.7208576452676,5.056562240520919
ammonia,LTE,,grid,LTE_H_grid_E,Hungary,1,2024,174.05550000000002,2025.961347296341,2200.016847296341,1.83972496587,27.45606077813814,0.0049992382621062,22.685067023190456,0.01464,27.086249650723964,0.0931855759342909,2277.2442247483937,1.9525497800663971
ammonia,LTE,,grid,LTE_H_grid_E,Philippines,1,2024,173.08852500000003,1520.2338862009954,1693.3224112009957,6.16257597857,18.23837230111739,0.0026385933599904,18.647927761950505,0.04904,5.5617638302542565,0.0191342903656246,1735.7704750943178,6.233388862295614
ammonia,LTE,,grid,LTE_H_grid_E,Netherlands,1,2024,198.229875,2370.3831506036677,2568.6130256036677,2.5434448981699997,12.831049847445094,0.0012537810812744,26.25354855418913,0.02024,35.79768272946307,0.1231557607743188,2643.4953067347647,2.688094440025593
ammonia,LTE,,grid,LTE_H_grid_E,Norway,1,2024,219.503325,1281.9010519259252,1501.4043769259251,0.3116473985899999,30.667279796307408,0.0058216296700732,18.350612301467965,0.00248,37.98858466568507,0.1306931814720913,1588.4108536893855,0.4506422097321644
ammonia,LTE,,grid,LTE_H_grid_E,Oman,1,2024,184.69222500000004,2038.4590332403752,2223.1512582403757,5.47896233005,27.166098767846073,0.0049249791522318,23.17359889682987,0.0436,13.815824948800785,0.0475309657653892,2287.306780853852,5.575018274967621
ammonia,LTE,,grid,LTE_H_grid_E,Italy,1,2024,185.65920000000003,4638.411770167932,4824.0709701679325,2.89530486432,20.06756614487286,0.0031070488879688,43.850738158069824,0.0230399999999999,27.28757978080138,0.0938782175648641,4915.276854251677,3.0153301307728326
ammonia,LTE,,grid,LTE_H_grid_E,Austria,1,2024,201.1308,2974.568290201216,3175.699090201216,1.03547361467,17.789447370858756,0.0025236239345548,31.164966337908968,0.0082399999999999,27.28757978080138,0.0938782175648641,3251.9410836907855,1.1401154561694187
ammonia,LTE,,grid,LTE_H_grid_E,Finland,1,2024,208.8666,1317.8081714391365,1526.6747714391363,0.72382621608,27.529549154197397,0.0050180585944207,18.262080427828543,0.0057599999999999,40.51635260328374,0.1393895316176742,1612.982753624446,0.8739938062920948
ammonia,LTE,,grid,LTE_H_grid_E,Portugal,1,2024,175.98945000000003,1526.0387645619442,1702.0282145619442,1.12595189168,17.16609057239028,0.0023639826044998,18.75934554567035,0.00896,31.016532907113156,0.106707038431102,1768.9701835871178,1.243982912715602
ammonia,LTE,,grid,LTE_H_grid_E,Germany,1,2024,199.19685000000004,2907.827325985751,3107.024175985751,3.45828081016,22.29593273045604,0.0036777323335437,30.530687815429072,0.02752,36.6158627362772,0.125970568144702,3196.466659267913,3.615449110638246
ammonia,LTE,,grid,LTE_H_grid_E,Greece,1,2024,177.92340000000002,2440.708151412983,2618.6315514129833,3.2170054047999996,15.991134891457742,0.002063077106845,26.11362406815024,0.0256,24.258747856022367,0.0834580430867353,2684.9950582286137,3.32812652499358
ammonia,LTE,,grid,LTE_H_grid_E,France,1,2024,195.32895,1938.3001773843357,2133.629127384336,0.4423382431599999,24.644306125238636,0.0042791494563373,22.702130770469285,0.0035199999999999,34.98222431345737,0.1203503165682795,2215.957788593501,0.5704877091846167
ammonia,LTE,,grid,LTE_H_grid_E,Brazil,1,2024,177.92340000000002,1311.822540871359,1489.745940871359,1.03547361467,82.03825245129546,0.0189777072503737,17.153624068150243,0.0082399999999999,38.5588408334689,0.1326550495826733,1627.4966582242735,1.1953463715030468
ammonia,LTE,,grid,LTE_H_grid_E,United Kingdom,1,2024,205.965675,4470.273306242968,4676.238981242968,2.12121293879,21.282326130476545,0.0034181482459541,43.270662644108704,0.01688,34.73904083892114,0.1195136857159255,4775.5310108564745,2.2610247727518793
ammonia,LTE,,grid,LTE_H_grid_E,Spain,1,2024,179.85735000000005,1410.2016511059962,1590.0590011059962,1.4677587159399998,30.463196077087932,0.0057693639428704,17.947902590630136,0.01168,29.915481049237933,0.1029190591858143,1668.3855808229523,1.5881271390686844
ammonia,LTE,,grid,LTE_H_grid_E,Sweden,1,2024,212.73450000000005,750.5312732274347,963.2657732274348,0.36191310804,31.740731385979313,0.0060965400263024,13.886937472788334,0.0028799999999999,37.69910770463717,0.1296972858541006,1046.5925497908395,0.5005869339204029
ammonia,LTE,,grid,LTE_H_grid_E,Czech Republic,1,2024,175.98945000000003,2343.020696805572,2519.010146805572,4.16200074246,29.17016765563514,0.0054382200819119,25.23934554567035,0.03312,27.28757978080138,0.0938782175648641,2600.7072397876786,4.294437180106776
ammonia,LTE,,grid,LTE_H_grid_E,Japan,1,2024,208.8666,2103.5995822680966,2312.4661822680964,4.845614390979999,17.281036398859737,0.0023934201668509,24.582080427828544,0.03856,12.718481214659484,0.0437557436810314,2367.047780309444,4.930323554827882
ammonia,LTE,,grid,LTE_H_grid_E,Belgium,1,2024,198.229875,2666.2304643869347,2864.4603393869347,1.38733358082,10.990769212109248,0.0007824862321267,28.573548554189134,0.01104,35.725866416927914,0.1229086891224156,2939.750523570161,1.5220647561745422
ammonia,LTE,,grid,LTE_H_grid_E,Poland,1,2024,178.890375,4169.0954557416035,4347.985830741603,6.182682262349999,19.458362490150392,0.0029510321701706,39.91076332939019,0.0492,39.26381763701094,0.1350804008330493,4446.618774198156,6.36991369535322
ammonia,LTE,,grid,LTE_H_grid_E,India,1,2024,171.15457500000002,1287.8000450294169,1458.954620029417,7.11762445812,39.14341255809945,0.0079923625651654,16.733649239470612,0.0566399999999999,6.648265497095545,0.0228722121851359,1521.4799473240826,7.205129032870301
ammonia,LTE,,grid,LTE_H_grid_E,Indonesia,1,2024,155.682975,723.9187674270382,879.6017424270383,6.494329660939999,23.18926299464231,0.0039065137183034,11.65942105963146,0.05168,4.88644611995716,0.0168109761163601,919.3368726012692,6.566727150774662
ammonia,LTE,,grid,LTE_H_grid_E,South Korea,1,2024,181.7913,1185.245080548078,1367.036380548078,4.16200074246,15.415252168520214,0.0019155938611801,16.262181113110028,0.03312,11.06040315802593,0.0380514117545449,1409.7742169877342,4.235087748075725
ammonia,LTE,,grid,LTE_H_grid_E,China,1,2024,176.95642500000002,937.5378130830512,1114.4942380830512,5.629759458400001,92.1669955976749,0.0215716727475749,14.156484806910296,0.0448,9.318538092371725,0.0320588250570185,1230.1362565800082,5.728189956204594
ammonia,LTE,,grid,LTE_H_grid_E,United Arab Emirates,1,2024,184.69222500000004,1122.6280470724914,1307.3202720724914,3.85035334387,19.114195355194887,0.0028628911579598,15.89359889682987,0.03064,14.399076599623424,0.0495375425967107,1356.7271429241396,3.9333937776246706
ammonia,LTE,,grid,LTE_H_grid_E,United States,1,2024,193.395,1506.3554430863144,1699.7504430863144,3.86040648576,91.30750456281253,0.0213515575706604,19.18785224798939,0.03072,33.23503464352958,0.1143394114869881,1843.480834540646,4.026817454817649
ammonia,LTE,,grid,LTE_H_grid_E,Turkey,1,2024,176.95642500000002,1511.4704532801825,1688.4268782801823,4.7249766883,18.28051142252689,0.0026493851655915,18.716484806910294,0.0376,23.426924570833513,0.0805962983673512,1748.850799080453,4.845822371832943
ammonia,LTE,,grid,LTE_H_grid_E,Australia,1,2024,198.229875,2382.6763256580075,2580.9062006580075,5.54933432328,92.70103380490208,0.0217084396359947,26.33354855418913,0.04416,7.469047395891629,0.0256959709166704,2707.4098304129907,5.640898733832665
ammonia,LTE,,grid,LTE_H_grid_E,Malaysia,1,2024,169.220625,1298.3502016002758,1467.5708266002755,6.07209770156,24.03131984393713,0.004122164009972,16.73937071699072,0.04832,0.0,0.0,1508.3415171612032,6.124539865569972
ammonia,LTE,,grid,LTE_H_grid_E,Canada,1,2024,197.26290000000003,1101.697074925346,1298.959974925346,1.7592998307499998,92.91265643600036,0.0217626360743447,16.136409292949182,0.0139999999999999,31.11744592592871,0.1070542122886443,1439.126486580224,1.9021166791129884
ammonia,LTE,,grid,LTE_H_grid_E,Mexico,1,2024,170.1876,2133.808898413049,2303.9964984130493,5.27789949225,58.72141086820218,0.0130062770644014,23.416509978230664,0.042,40.70394528232899,0.1400349119144411,2426.8383645418116,5.472940681228843
ammonia,LTE,,grid,LTE_H_grid_E,Thailand,1,2024,172.12155,1308.616335284922,1480.7378852849222,5.569440607060001,19.93096669815586,0.0030720658454926,16.93078850071056,0.04432,3.4221431975442065,0.0117732941586562,1521.0217836813329,5.62860596706415
ammonia,LTE,,grid,LTE_H_grid_E,Russia,1,2024,182.75827500000003,917.9995467885732,1100.7578217885734,4.51386070861,164.06845868908275,0.0399855975319214,14.219320374349977,0.03592,13.633944517067093,0.0469052374714824,1292.6795453690731,4.636671543613404
ammonia,LTE,,grid,LTE_H_grid_E,Saudi Arabia,1,2024,184.69222500000004,700.1571809078364,884.8494059078364,5.54933432328,35.82667913602567,0.0071429489769307,12.53359889682987,0.04416,15.984347931204594,0.0549913955276411,949.1940318718965,5.655628667784572
ammonia,SMR,,grid,SMR_H_grid_E,South Africa,1,2024,119.73483389148348,215.3399475307631,335.07478142224664,2.6477589556245733,33.88057380211861,0.0066445524812235,14.145041851870085,0.05672,21.057445183137673,0.0724445127102709,404.15784225937296,2.783568020816068
ammonia,SMR,,grid,SMR_H_grid_E,Taiwan,1,2024,117.81395420338478,505.0686485733085,622.8826027766933,2.5669854749957652,14.355511307849394,0.0016441948150371,20.433624068150245,0.05088,7.203844257696276,0.0247835852046951,664.8755824103891,2.6442932550154974
ammonia,SMR,,grid,SMR_H_grid_E,Switzerland,1,2024,141.50480368993502,1697.7458109841618,1839.2506146740968,1.9042003394251303,20.247192340312665,0.0031530510569083,30.847776734028276,0.00296,27.81668321550792,0.0956985067864331,1918.1622669639457,2.006011897268472
ammonia,SMR,,grid,SMR_H_grid_E,Singapore,1,2024,118.45424743275105,1816.6509995918595,1935.105247024611,2.4153968880622476,8.42126414544956,0.0001244374109182,29.91076332939019,0.03992,0.0,0.0,1973.4372744994507,2.4554413254731657
ammonia,SMR,,grid,SMR_H_grid_E,Hungary,1,2024,115.25278128591992,757.3273143415198,872.5800956274397,2.0657473006827476,27.45606077813814,0.0049992382621062,22.685067023190456,0.01464,27.086249650723964,0.0931855759342909,949.8074730794923,2.178572114879145
ammonia,SMR,,grid,SMR_H_grid_E,Philippines,1,2024,114.61248805655369,472.9107248264546,587.5232128830083,2.5415362961675103,18.23837230111739,0.0026385933599904,18.647927761950505,0.04904,5.5617638302542565,0.0191342903656246,629.9712767763305,2.6123491798931258
ammonia,SMR,,grid,SMR_H_grid_E,Netherlands,1,2024,131.26011202007544,1200.138618361317,1331.3987303813924,2.143201323203523,12.831049847445094,0.0012537810812744,26.25354855418913,0.02024,35.79768272946307,0.1231557607743188,1406.2810115124896,2.287850865059116
ammonia,SMR,,grid,SMR_H_grid_E,Norway,1,2024,145.34656306613235,826.9906770794055,972.337240145538,1.897561423209064,30.667279796307408,0.0058216296700732,18.350612301467965,0.00248,37.98858466568507,0.1306931814720913,1059.3437169089984,2.0365562343512287
ammonia,SMR,,grid,SMR_H_grid_E,Oman,1,2024,122.29600680894836,271.384196261659,393.6802030706074,2.466295245718757,27.166098767846073,0.0049249791522318,23.17359889682987,0.0436,13.815824948800785,0.0475309657653892,457.8357256840841,2.562351190636378
ammonia,SMR,,grid,SMR_H_grid_E,Italy,1,2024,122.93630003831456,1560.079611783978,1683.0159118222923,2.1819283344639104,20.06756614487286,0.0031070488879688,43.850738158069824,0.0230399999999999,27.28757978080138,0.0938782175648641,1774.2217959060365,2.301953600916743
ammonia,SMR,,grid,SMR_H_grid_E,Austria,1,2024,133.18099170817413,1209.5098929491264,1342.6908846573006,1.977228417801861,17.789447370858756,0.0025236239345548,31.164966337908968,0.0082399999999999,27.28757978080138,0.0938782175648641,1418.9328781468698,2.08187025930128
ammonia,SMR,,grid,SMR_H_grid_E,Finland,1,2024,138.3033375431039,1086.0487281213736,1224.3520656644775,1.942927350685518,27.529549154197397,0.0050180585944207,18.262080427828543,0.0057599999999999,40.51635260328374,0.1393895316176742,1310.6600478497874,2.093094940897613
ammonia,SMR,,grid,SMR_H_grid_E,Portugal,1,2024,116.53336774465237,981.9538085579244,1098.4871763025767,1.9871867921259612,17.16609057239028,0.0023639826044998,18.75934554567035,0.00896,31.016532907113156,0.106707038431102,1165.4291453277503,2.105217813161563
ammonia,SMR,,grid,SMR_H_grid_E,Germany,1,2024,131.9004052494417,1140.189783619112,1272.0901888685537,2.2438915524805307,22.29593273045604,0.0036777323335437,30.530687815429072,0.02752,36.6158627362772,0.125970568144702,1361.532672150716,2.4010598529587766
ammonia,SMR,,grid,SMR_H_grid_E,Greece,1,2024,117.8139542033848,707.3167817338548,825.1307359372396,2.2173358876162648,15.991134891457742,0.002063077106845,26.11362406815024,0.0256,24.258747856022367,0.0834580430867353,891.4942427528699,2.328457007809845
ammonia,SMR,,grid,SMR_H_grid_E,France,1,2024,129.3392323319768,1127.7218127412136,1257.0610450731904,1.911945741677208,24.644306125238636,0.0042791494563373,22.702130770469285,0.0035199999999999,34.98222431345737,0.1203503165682795,1339.3897062823557,2.0400952077018246
ammonia,SMR,,grid,SMR_H_grid_E,Brazil,1,2024,117.81395420338478,1036.9611903157872,1154.775144519172,1.977228417801861,82.03825245129546,0.0189777072503737,17.153624068150243,0.0082399999999999,38.5588408334689,0.1326550495826733,1292.5258618720866,2.137101174634908
ammonia,SMR,,grid,SMR_H_grid_E,United Kingdom,1,2024,136.3824578550052,1163.6648417366862,1300.0472995916914,2.0967289096910577,21.282326130476545,0.0034181482459541,43.270662644108704,0.01688,34.73904083892114,0.1195136857159255,1399.3393292051978,2.236540743652937
ammonia,SMR,,grid,SMR_H_grid_E,Spain,1,2024,119.09454066211724,824.8309351474464,943.9254758095636,2.0248073173503376,30.463196077087932,0.0057693639428704,17.947902590630136,0.01168,29.915481049237933,0.1029190591858143,1022.2520555265196,2.1451757404790226
ammonia,SMR,,grid,SMR_H_grid_E,Sweden,1,2024,140.8645104605688,1478.2706430361102,1619.1351534966789,1.9030938533891193,31.740731385979313,0.0060965400263024,13.886937472788334,0.0028799999999999,37.69910770463717,0.1296972858541006,1702.4619300600837,2.0417676792695225
ammonia,SMR,,grid,SMR_H_grid_E,Czech Republic,1,2024,116.53336774465237,936.8495782474782,1053.3829459921303,2.321345575001306,29.17016765563514,0.0054382200819119,25.23934554567035,0.03312,27.28757978080138,0.0938782175648641,1135.0800389742374,2.453782012648082
ammonia,SMR,,grid,SMR_H_grid_E,Japan,1,2024,138.3033375431039,939.7574216032256,1078.0607591463297,2.3965866254500594,17.281036398859737,0.0023934201668509,24.582080427828544,0.03856,12.718481214659484,0.0437557436810314,1132.6423571876774,2.4812957892979415
ammonia,SMR,,grid,SMR_H_grid_E,Belgium,1,2024,131.26011202007544,820.1621329185747,951.42224493865,2.0159554290622492,10.990769212109248,0.0007824862321267,28.573548554189134,0.01104,35.725866416927914,0.1229086891224156,1026.7124291218763,2.1506866044167916
ammonia,SMR,,grid,SMR_H_grid_E,Poland,1,2024,118.45424743275105,1215.6550271794774,1334.1092746122283,2.5437492682395324,19.458362490150392,0.0029510321701706,39.91076332939019,0.0492,39.26381763701094,0.1350804008330493,1432.74221806878,2.730980701242752
ammonia,SMR,,grid,SMR_H_grid_E,India,1,2024,113.33190159782124,634.533113356503,747.8650149543242,2.6466524695885623,39.14341255809945,0.0079923625651654,16.733649239470612,0.0566399999999999,6.648265497095545,0.0228722121851359,810.3903422489899,2.734157044338863
ammonia,SMR,,grid,SMR_H_grid_E,Indonesia,1,2024,103.0872099279617,864.5297521938274,967.6169621217892,2.5780503353558757,23.18926299464231,0.0039065137183034,11.65942105963146,0.05168,4.88644611995716,0.0168109761163601,1007.3520922960201,2.6504478251905392
ammonia,SMR,,grid,SMR_H_grid_E,South Korea,1,2024,120.37512712084968,690.6791233764598,811.0542504973095,2.321345575001306,15.415252168520214,0.0019155938611801,16.262181113110028,0.03312,11.06040315802593,0.0380514117545449,853.7920869369656,2.394432580617031
ammonia,SMR,,grid,SMR_H_grid_E,China,1,2024,117.17366097401856,594.0447932933162,711.2184542673348,2.482892536258923,92.1669955976749,0.0215716727475749,14.156484806910296,0.0448,9.318538092371725,0.0320588250570185,826.8604727642917,2.5813230340635163
ammonia,SMR,,grid,SMR_H_grid_E,United Arab Emirates,1,2024,122.29600680894836,169.53545631442444,291.8314631233728,2.287044507884963,19.114195355194887,0.0028628911579598,15.89359889682987,0.03064,14.399076599623424,0.0495375425967107,341.238333975021,2.3700849416396332
ammonia,SMR,,grid,SMR_H_grid_E,United States,1,2024,128.05864587324433,479.9257733760998,607.9844192493442,2.288150993920974,91.30750456281253,0.0213515575706604,19.18785224798939,0.03072,33.23503464352958,0.1143394114869881,751.7148107036758,2.4545619629786226
ammonia,SMR,,grid,SMR_H_grid_E,Turkey,1,2024,117.17366097401856,441.42020632647217,558.5938673004907,2.3833087930179264,18.28051142252689,0.0026493851655915,18.716484806910294,0.0376,23.426924570833513,0.0805962983673512,619.0177881007614,2.5041544765508688
ammonia,SMR,,grid,SMR_H_grid_E,Australia,1,2024,131.26011202007544,673.2574534477911,804.5175654678666,2.474040647970835,92.70103380490208,0.0217084396359947,26.33354855418913,0.04416,7.469047395891629,0.0256959709166704,931.0211952228494,2.5656050585235
ammonia,SMR,,grid,SMR_H_grid_E,Malaysia,1,2024,112.0513151390888,400.5726208943739,512.6239360334628,2.531577921843411,24.03131984393713,0.004122164009972,16.73937071699072,0.04832,0.0,0.0,553.3946265943906,2.584020085853383
ammonia,SMR,,grid,SMR_H_grid_E,Canada,1,2024,130.61981879070922,313.27449572191,443.8943145126192,2.056895412394659,92.91265643600036,0.0217626360743447,16.136409292949182,0.0139999999999999,31.11744592592871,0.1070542122886443,584.0608261674975,2.1997122607576474
ammonia,SMR,,grid,SMR_H_grid_E,Mexico,1,2024,112.69160836845502,388.0002050474434,500.6918134158984,2.4441655249985357,58.72141086820218,0.0130062770644014,23.416509978230664,0.042,40.70394528232899,0.1400349119144411,623.5336795446602,2.6392067139773783
ammonia,SMR,,grid,SMR_H_grid_E,Thailand,1,2024,113.97219482718748,424.51640570977105,538.4886005369585,2.476253620042857,19.93096669815586,0.0030720658454926,16.93078850071056,0.04432,3.4221431975442065,0.0117732941586562,578.7724989333692,2.5354189800470057
ammonia,SMR,,grid,SMR_H_grid_E,Russia,1,2024,121.01542035021592,197.698114044941,318.7135343951569,2.360072586261694,164.06845868908275,0.0399855975319214,14.219320374349977,0.03592,13.633944517067093,0.0469052374714824,510.6352579756567,2.4828834212650976
ammonia,SMR,,grid,SMR_H_grid_E,Saudi Arabia,1,2024,122.29600680894836,123.00340760798824,245.2994144169366,2.474040647970835,35.82667913602567,0.0071429489769307,12.53359889682987,0.04416,15.984347931204594,0.0549913955276411,309.6440403809967,2.580334992475407
ammonia,SMRCCS,,grid,SMRCCS_H_grid_E,South Africa,1,2024,168.27093493540457,272.0229198357109,440.2938547711155,1.2877608536669851,33.88057380211861,0.0066445524812235,14.145041851870085,0.05672,21.057445183137673,0.0724445127102709,509.3769156082418,1.4235699188584796
ammonia,SMRCCS,,grid,SMRCCS_H_grid_E,Taiwan,1,2024,165.5714012198633,638.476333088554,804.0477343084174,1.188952123323993,14.355511307849394,0.0016441948150371,20.433624068150245,0.05088,7.203844257696276,0.0247835852046951,846.0407139421133,1.2662599033437254
ammonia,SMRCCS,,grid,SMRCCS_H_grid_E,Switzerland,1,2024,198.86565037820537,2164.63346956249,2363.499119940695,0.3781791168109484,20.247192340312665,0.0031530510569083,30.847776734028276,0.00296,27.81668321550792,0.0956985067864331,2442.410772230544,0.4799906746542898
ammonia,SMRCCS,,grid,SMRCCS_H_grid_E,Singapore,1,2024,166.4712457917104,2317.066647209594,2483.5378930013044,1.0035165608994736,8.42126414544956,0.0001244374109182,29.91076332939019,0.03992,0.0,0.0,2521.869920476144,1.0435609983103917
ammonia,SMRCCS,,grid,SMRCCS_H_grid_E,Hungary,1,2024,161.97202293247497,961.0660077810152,1123.03803071349,0.5757965774969326,27.45606077813814,0.0049992382621062,22.685067023190456,0.01464,27.086249650723964,0.0931855759342909,1200.2654081655423,0.6886213916933297
ammonia,SMRCCS,,grid,SMRCCS_H_grid_E,Philippines,1,2024,161.07217836062787,598.7302445804397,759.8024229410676,1.157820605544694,18.23837230111739,0.0026385933599904,18.647927761950505,0.04904,5.5617638302542565,0.0191342903656246,802.2504868343897,1.228633489270309
ammonia,SMRCCS,,grid,SMRCCS_H_grid_E,Netherlands,1,2024,184.46813722865204,1528.4122847506458,1712.8804219792978,0.670544675086103,12.831049847445094,0.0012537810812744,26.25354855418913,0.02024,35.79768272946307,0.1231557607743188,1787.762703110395,0.8151942169416962
ammonia,SMRCCS,,grid,SMRCCS_H_grid_E,Norway,1,2024,204.2647178092879,1056.270264721175,1260.534982530463,0.3700578513033052,30.667279796307408,0.0058216296700732,18.350612301467965,0.00248,37.98858466568507,0.1306931814720913,1347.5414592939233,0.5090526624454697
ammonia,SMRCCS,,grid,SMRCCS_H_grid_E,Oman,1,2024,171.8703132227929,336.5196121637588,508.3899253865517,1.0657795964580714,27.166098767846073,0.0049249791522318,23.17359889682987,0.0436,13.815824948800785,0.0475309657653892,572.5454480000284,1.1618355413756927
ammonia,SMRCCS,,grid,SMRCCS_H_grid_E,Italy,1,2024,172.77015779463994,1975.1495849658036,2147.9197427604436,0.7179187238806883,20.06756614487286,0.0031070488879688,43.850738158069824,0.0230399999999999,27.28757978080138,0.0938782175648641,2239.1256268441875,0.8379439903335212
ammonia,SMRCCS,,grid,SMRCCS_H_grid_E,Austria,1,2024,187.1676709441933,1536.1140728651635,1723.2817438093568,0.4675130373950235,17.789447370858756,0.0025236239345548,31.164966337908968,0.0082399999999999,27.28757978080138,0.0938782175648641,1799.523737298926,0.5721548788944423
ammonia,SMRCCS,,grid,SMRCCS_H_grid_E,Finland,1,2024,194.36642751897,1389.1430942424104,1583.5095217613805,0.4255531656055337,27.529549154197397,0.0050180585944207,18.262080427828543,0.0057599999999999,40.51635260328374,0.1393895316176742,1669.8175039466903,0.5757207558176285
ammonia,SMRCCS,,grid,SMRCCS_H_grid_E,Portugal,1,2024,163.77171207616914,1253.6755587495877,1417.4472708257567,0.4796949356564882,17.16609057239028,0.0023639826044998,18.75934554567035,0.00896,31.016532907113156,0.106707038431102,1484.3892398509304,0.59772595669209
ammonia,SMRCCS,,grid,SMRCCS_H_grid_E,Germany,1,2024,185.3679818004991,1447.8273884853447,1633.195370285844,0.7937172019520247,22.29593273045604,0.0036777323335437,30.530687815429072,0.02752,36.6158627362772,0.125970568144702,1722.6378535680064,0.9508855024302704
ammonia,SMRCCS,,grid,SMRCCS_H_grid_E,Greece,1,2024,165.5714012198633,893.8334739812492,1059.4048752011124,0.7612321399214519,15.991134891457742,0.002063077106845,26.11362406815024,0.0256,24.258747856022367,0.0834580430867353,1125.7683820167429,0.8723532601150321
ammonia,SMRCCS,,grid,SMRCCS_H_grid_E,France,1,2024,181.7686035131108,1438.1037230198183,1619.8723265329293,0.3876539265698654,24.644306125238636,0.0042791494563373,22.702130770469285,0.0035199999999999,34.98222431345737,0.1203503165682795,1702.2009877420946,0.5158033925944822
ammonia,SMRCCS,,grid,SMRCCS_H_grid_E,Brazil,1,2024,165.5714012198633,1325.5418776033885,1491.1132788232517,0.4675130373950235,82.03825245129546,0.0189777072503737,17.153624068150243,0.0082399999999999,38.5588408334689,0.1326550495826733,1628.8639961761662,0.6273857942280704
ammonia,SMRCCS,,grid,SMRCCS_H_grid_E,United Kingdom,1,2024,191.6668938034287,1467.2005882164892,1658.867482019918,0.6136958165326007,21.282326130476545,0.0034181482459541,43.270662644108704,0.01688,34.73904083892114,0.1195136857159255,1758.1595116334242,0.7535076504944803
ammonia,SMRCCS,,grid,SMRCCS_H_grid_E,Spain,1,2024,167.37109036355747,1052.381220347596,1219.7523107111533,0.5257154401997995,30.463196077087932,0.0057693639428704,17.947902590630136,0.01168,29.915481049237933,0.1029190591858143,1298.0788904281094,0.6460838633284843
ammonia,SMRCCS,,grid,SMRCCS_H_grid_E,Sweden,1,2024,197.9658058063583,1897.4128487169223,2095.378654523281,0.3768255725596746,31.740731385979313,0.0060965400263024,13.886937472788334,0.0028799999999999,37.69910770463717,0.1296972858541006,2178.705431086686,0.5154993984400774
ammonia,SMRCCS,,grid,SMRCCS_H_grid_E,Czech Republic,1,2024,163.77171207616914,1190.525942528143,1354.2976546043124,0.8884652995411951,29.17016765563514,0.0054382200819119,25.23934554567035,0.03312,27.28757978080138,0.0938782175648641,1435.9947475864194,1.0209017371879712
ammonia,SMRCCS,,grid,SMRCCS_H_grid_E,Japan,1,2024,194.36642751897,1194.9770035779206,1389.3434310968903,0.9805063086278178,17.281036398859737,0.0023934201668509,24.582080427828544,0.03856,12.718481214659484,0.0437557436810314,1443.925029138238,1.0652154724757001
ammonia,SMRCCS,,grid,SMRCCS_H_grid_E,Belgium,1,2024,184.46813722865204,1037.6238267461624,1222.0919639748145,0.5148870861896087,10.990769212109248,0.0007824862321267,28.573548554189134,0.01104,35.725866416927914,0.1229086891224156,1297.3821481580405,0.649618261544151
ammonia,SMRCCS,,grid,SMRCCS_H_grid_E,Poland,1,2024,166.4712457917104,1535.9650597243792,1702.4363055160895,1.160527694047242,19.458362490150392,0.0029510321701706,39.91076332939019,0.0492,39.26381763701094,0.1350804008330493,1801.0692489726412,1.3477591270504619
ammonia,SMRCCS,,grid,SMRCCS_H_grid_E,India,1,2024,159.2724892169337,807.9923593521164,967.2648485690502,1.2864073094157111,39.14341255809945,0.0079923625651654,16.733649239470612,0.0566399999999999,6.648265497095545,0.0228722121851359,1029.7901758637158,1.3739118841660123
ammonia,SMRCCS,,grid,SMRCCS_H_grid_E,Indonesia,1,2024,144.87497606738037,1107.6247404727176,1252.499716540098,1.2024875658367316,23.18926299464231,0.0039065137183034,11.65942105963146,0.05168,4.88644611995716,0.0168109761163601,1292.234846714329,1.274885055671395
ammonia,SMRCCS,,grid,SMRCCS_H_grid_E,South Korea,1,2024,169.1707795072516,880.7795778273764,1049.950357334628,0.8884652995411951,15.415252168520214,0.0019155938611801,16.262181113110028,0.03312,11.06040315802593,0.0380514117545449,1092.6881937742844,0.9615523051569201
ammonia,SMRCCS,,grid,SMRCCS_H_grid_E,China,1,2024,164.6715566480162,758.4171872850902,923.0887439331063,1.0860827602271792,92.1669955976749,0.0215716727475749,14.156484806910296,0.0448,9.318538092371725,0.0320588250570185,1038.7307624300634,1.1845132580317725
ammonia,SMRCCS,,grid,SMRCCS_H_grid_E,United Arab Emirates,1,2024,171.8703132227929,211.68993549564203,383.56024871843493,0.8465054277517055,19.114195355194887,0.0028628911579598,15.89359889682987,0.03064,14.399076599623424,0.0495375425967107,432.9671195700831,0.929545861506376
ammonia,SMRCCS,,grid,SMRCCS_H_grid_E,United States,1,2024,179.96891436941664,608.0345208203806,788.0034351897973,0.8478589720029792,91.30750456281253,0.0213515575706604,19.18785224798939,0.03072,33.23503464352958,0.1143394114869881,931.7338266441288,1.0142699410606277
ammonia,SMRCCS,,grid,SMRCCS_H_grid_E,Turkey,1,2024,164.6715566480162,558.2224071152192,722.8939637632354,0.9642637776125316,18.28051142252689,0.0026493851655915,18.716484806910294,0.0376,23.426924570833513,0.0805962983673512,783.3178845635061,1.0851094611454744
ammonia,SMRCCS,,grid,SMRCCS_H_grid_E,Australia,1,2024,184.46813722865204,850.9335377551018,1035.4016749837538,1.0752544062169882,92.70103380490208,0.0217084396359947,26.33354855418913,0.04416,7.469047395891629,0.0256959709166704,1161.9053047387367,1.1668188167696534
ammonia,SMRCCS,,grid,SMRCCS_H_grid_E,Malaysia,1,2024,157.47280007323954,507.0420622211085,664.5148622943481,1.1456387072832293,24.03131984393713,0.004122164009972,16.73937071699072,0.04832,0.0,0.0,705.2855528552759,1.1980808712932012
ammonia,SMRCCS,,grid,SMRCCS_H_grid_E,Canada,1,2024,183.56829265680497,396.67580314796015,580.2440958047652,0.5649682234867417,92.91265643600036,0.0217626360743447,16.136409292949182,0.0139999999999999,31.11744592592871,0.1070542122886443,720.4106074596434,0.7077850718497306
ammonia,SMRCCS,,grid,SMRCCS_H_grid_E,Mexico,1,2024,158.37264464508664,485.2548450162003,643.627489661287,1.0387087114325944,58.72141086820218,0.0130062770644014,23.416509978230664,0.042,40.70394528232899,0.1400349119144411,766.4693557900488,1.233749900411437
ammonia,SMRCCS,,grid,SMRCCS_H_grid_E,Thailand,1,2024,160.1723337887808,537.8932046737709,698.0655384625518,1.0779614947195362,19.93096669815586,0.0030720658454926,16.93078850071056,0.04432,3.4221431975442065,0.0117732941586562,738.3494368589625,1.1371268547236848
ammonia,SMRCCS,,grid,SMRCCS_H_grid_E,Russia,1,2024,170.07062407909874,248.9707634217436,419.04138750084235,0.9358393483357804,164.06845868908275,0.0399855975319214,14.219320374349977,0.03592,13.633944517067093,0.0469052374714824,610.9631110813422,1.0586501833391844
ammonia,SMRCCS,,grid,SMRCCS_H_grid_E,Saudi Arabia,1,2024,171.8703132227929,154.7814387849293,326.65175200772217,1.0752544062169882,35.82667913602567,0.0071429489769307,12.53359889682987,0.04416,15.984347931204594,0.0549913955276411,390.9963779717823,1.18154875072156
ammonia,ATRCCS,,solar,ATRCCS_H_solar_E,South Africa,1,2024,153.0005125017031,237.68200293764156,390.6825154393447,0.2804352330895302,33.88057380211861,0.0066445524812235,14.145041851870085,0.05672,21.057445183137673,0.0724445127102709,459.76557627647105,0.4162442982810246
ammonia,ATRCCS,,solar,ATRCCS_H_solar_E,Taiwan,1,2024,150.54595882520513,402.6202648272661,553.1662236524712,0.2804352330895302,14.355511307849394,0.0016441948150371,20.433624068150245,0.05088,7.203844257696276,0.0247835852046951,595.1592032861671,0.3577430131092624
ammonia,ATRCCS,,solar,ATRCCS_H_solar_E,Switzerland,1,2024,180.81878750201273,1611.0967499324547,1791.9155374344675,0.2804352330895302,20.247192340312665,0.0031530510569083,30.847776734028276,0.00296,27.81668321550792,0.0956985067864331,1870.8271897243164,0.3822467909328716
ammonia,ATRCCS,,solar,ATRCCS_H_solar_E,Singapore,1,2024,151.36414338403782,1734.0225955894875,1885.386738973525,0.2804352330895302,8.42126414544956,0.0001244374109182,29.91076332939019,0.03992,0.0,0.0,1923.718766448365,0.32047967050044845
ammonia,ATRCCS,,solar,ATRCCS_H_solar_E,Hungary,1,2024,147.27322058987463,717.9045599591974,865.177780549072,0.2804352330895302,27.45606077813814,0.0049992382621062,22.685067023190456,0.01464,27.086249650723964,0.0931855759342909,942.4051580011246,0.3932600472859273
ammonia,ATRCCS,,solar,ATRCCS_H_solar_E,Philippines,1,2024,146.455036031042,423.9289452104994,570.3839812415414,0.2804352330895302,18.23837230111739,0.0026385933599904,18.647927761950505,0.04904,5.5617638302542565,0.0191342903656246,612.8320451348635,0.3512481168151452
ammonia,ATRCCS,,solar,ATRCCS_H_solar_E,Netherlands,1,2024,167.72783456069052,1121.1204370210212,1288.8482715817115,0.2804352330895302,12.831049847445094,0.0012537810812744,26.25354855418913,0.02024,35.79768272946307,0.1231557607743188,1363.7305527128087,0.4250847749451234
ammonia,ATRCCS,,solar,ATRCCS_H_solar_E,Norway,1,2024,185.72789485500857,891.6260164127498,1077.3539112677583,0.2804352330895302,30.667279796307408,0.0058216296700732,18.350612301467965,0.00248,37.98858466568507,0.1306931814720913,1164.3603880312187,0.4194300442316947
ammonia,ATRCCS,,solar,ATRCCS_H_solar_E,Oman,1,2024,156.27325073703364,117.44065117003416,273.7139019070678,0.2804352330895302,27.166098767846073,0.0049249791522318,23.17359889682987,0.0436,13.815824948800785,0.0475309657653892,337.8694245205445,0.37649117800715115
ammonia,ATRCCS,,solar,ATRCCS_H_solar_E,Italy,1,2024,157.09143529586626,1236.5020268554929,1393.5934621513588,0.2804352330895302,20.06756614487286,0.0031070488879688,43.850738158069824,0.0230399999999999,27.28757978080138,0.0938782175648641,1484.799346235103,0.400460499542363
ammonia,ATRCCS,,solar,ATRCCS_H_solar_E,Austria,1,2024,170.18238823718846,1063.909535738947,1234.0919239761354,0.2804352330895302,17.789447370858756,0.0025236239345548,31.164966337908968,0.0082399999999999,27.28757978080138,0.0938782175648641,1310.3339174657046,0.385077074588949
ammonia,ATRCCS,,solar,ATRCCS_H_solar_E,Finland,1,2024,176.72786470784956,1172.4444581649784,1349.172322872828,0.2804352330895302,27.529549154197397,0.0050180585944207,18.262080427828543,0.0057599999999999,40.51635260328374,0.1393895316176742,1435.480305058138,0.430602823301625
ammonia,ATRCCS,,solar,ATRCCS_H_solar_E,Portugal,1,2024,148.90958970753988,963.812968342516,1112.7225580500558,0.2804352330895302,17.16609057239028,0.0023639826044998,18.75934554567035,0.00896,31.016532907113156,0.106707038431102,1179.6645270752294,0.3984662541251321
ammonia,ATRCCS,,solar,ATRCCS_H_solar_E,Germany,1,2024,168.54601911952318,993.6494181627716,1162.1954372822947,0.2804352330895302,22.29593273045604,0.0036777323335437,30.530687815429072,0.02752,36.6158627362772,0.125970568144702,1251.637920564457,0.4376035335677759
ammonia,ATRCCS,,solar,ATRCCS_H_solar_E,Greece,1,2024,150.54595882520516,552.4924012974888,703.0383601226939,0.2804352330895302,15.991134891457742,0.002063077106845,26.11362406815024,0.0256,24.258747856022367,0.0834580430867353,769.4018669383242,0.39155635328311056
ammonia,ATRCCS,,solar,ATRCCS_H_solar_E,France,1,2024,165.27328088419264,1080.2593866776383,1245.5326675618312,0.2804352330895302,24.644306125238636,0.0042791494563373,22.702130770469285,0.0035199999999999,34.98222431345737,0.1203503165682795,1327.8613287709966,0.4085846991141469
ammonia,ATRCCS,,solar,ATRCCS_H_solar_E,Brazil,1,2024,150.54595882520513,1071.934564647299,1222.4805234725045,0.2804352330895302,82.03825245129546,0.0189777072503737,17.153624068150243,0.0082399999999999,38.5588408334689,0.1326550495826733,1360.231240825419,0.44030798992257714
ammonia,ATRCCS,,solar,ATRCCS_H_solar_E,United Kingdom,1,2024,174.2733110313516,841.3797978131956,1015.6531088445472,0.2804352330895302,21.282326130476545,0.0034181482459541,43.270662644108704,0.01688,34.73904083892114,0.1195136857159255,1114.9451384580534,0.4202470670514098
ammonia,ATRCCS,,solar,ATRCCS_H_solar_E,Spain,1,2024,152.18232794287042,793.211541290722,945.3938692335925,0.2804352330895302,30.463196077087932,0.0057693639428704,17.947902590630136,0.01168,29.915481049237933,0.1029190591858143,1023.7204489505484,0.40080365621821495
ammonia,ATRCCS,,solar,ATRCCS_H_solar_E,Sweden,1,2024,180.0006029431801,1672.5803599683118,1852.580962911492,0.2804352330895302,31.740731385979313,0.0060965400263024,13.886937472788334,0.0028799999999999,37.69910770463717,0.1296972858541006,1935.9077394748967,0.4191090589699331
ammonia,ATRCCS,,solar,ATRCCS_H_solar_E,Czech Republic,1,2024,148.90958970753988,838.0411824772796,986.9507721848196,0.2804352330895302,29.17016765563514,0.0054382200819119,25.23934554567035,0.03312,27.28757978080138,0.0938782175648641,1068.6478651669265,0.4128716707363062
ammonia,ATRCCS,,solar,ATRCCS_H_solar_E,Japan,1,2024,176.72786470784956,935.0187192671672,1111.7465839750168,0.2804352330895302,17.281036398859737,0.0023934201668509,24.582080427828544,0.03856,12.718481214659484,0.0437557436810314,1166.3281820163645,0.3651443969374125
ammonia,ATRCCS,,solar,ATRCCS_H_solar_E,Belgium,1,2024,167.72783456069052,713.6503863898204,881.3782209505109,0.2804352330895302,10.990769212109248,0.0007824862321267,28.573548554189134,0.01104,35.725866416927914,0.1229086891224156,956.6684051337373,0.4151664084440725
ammonia,ATRCCS,,solar,ATRCCS_H_solar_E,Poland,1,2024,151.36414338403782,999.064794845704,1150.4289382297418,0.2804352330895302,19.458362490150392,0.0029510321701706,39.91076332939019,0.0492,39.26381763701094,0.1350804008330493,1249.0618816862934,0.4676666660927502
ammonia,ATRCCS,,solar,ATRCCS_H_solar_E,India,1,2024,144.81866691337672,616.6164038624731,761.4350707758499,0.2804352330895302,39.14341255809945,0.0079923625651654,16.733649239470612,0.0566399999999999,6.648265497095545,0.0228722121851359,823.9603980705156,0.36793980783983143
ammonia,ATRCCS,,solar,ATRCCS_H_solar_E,Indonesia,1,2024,131.72771397205452,969.515501391426,1101.2432153634804,0.2804352330895302,23.18926299464231,0.0039065137183034,11.65942105963146,0.05168,4.88644611995716,0.0168109761163601,1140.9783455377114,0.35283272292419376
ammonia,ATRCCS,,solar,ATRCCS_H_solar_E,South Korea,1,2024,153.8186970605357,719.6880351628726,873.5067322234082,0.2804352330895302,15.415252168520214,0.0019155938611801,16.262181113110028,0.03312,11.06040315802593,0.0380514117545449,916.2445686630643,0.35352223870525523
ammonia,ATRCCS,,solar,ATRCCS_H_solar_E,China,1,2024,149.7277742663725,595.423562858619,745.1513371249915,0.2804352330895302,92.1669955976749,0.0215716727475749,14.156484806910296,0.0448,9.318538092371725,0.0320588250570185,860.7933556219484,0.3788657308941236
ammonia,ATRCCS,,solar,ATRCCS_H_solar_E,United Arab Emirates,1,2024,156.27325073703364,89.1205725530744,245.39382329010803,0.2804352330895302,19.114195355194887,0.0028628911579598,15.89359889682987,0.03064,14.399076599623424,0.0495375425967107,294.8006941417562,0.36347566684420074
ammonia,ATRCCS,,solar,ATRCCS_H_solar_E,United States,1,2024,163.63691176652733,430.6551387524807,594.2920505190081,0.2804352330895302,91.30750456281253,0.0213515575706604,19.18785224798939,0.03072,33.23503464352958,0.1143394114869881,738.0224419733396,0.4468462021471788
ammonia,ATRCCS,,solar,ATRCCS_H_solar_E,Turkey,1,2024,149.7277742663725,428.6440882966934,578.3718625630659,0.2804352330895302,18.28051142252689,0.0026493851655915,18.716484806910294,0.0376,23.426924570833513,0.0805962983673512,638.7957833633366,0.40128091662247295
ammonia,ATRCCS,,solar,ATRCCS_H_solar_E,Australia,1,2024,167.72783456069052,500.7524069016851,668.4802414623756,0.2804352330895302,92.70103380490208,0.0217084396359947,26.33354855418913,0.04416,7.469047395891629,0.0256959709166704,794.9838712173585,0.37199964364219534
ammonia,ATRCCS,,solar,ATRCCS_H_solar_E,Malaysia,1,2024,143.18229779571143,377.8695795365872,521.0518773322987,0.2804352330895302,24.03131984393713,0.004122164009972,16.73937071699072,0.04832,0.0,0.0,561.8225678932265,0.33287739709950226
ammonia,ATRCCS,,solar,ATRCCS_H_solar_E,Canada,1,2024,166.9096500018579,350.2736406802234,517.1832906820813,0.2804352330895302,92.91265643600036,0.0217626360743447,16.136409292949182,0.0139999999999999,31.11744592592871,0.1070542122886443,657.3498023369596,0.42325208145251914
ammonia,ATRCCS,,solar,ATRCCS_H_solar_E,Mexico,1,2024,144.00048235454403,267.4127785525572,411.4132609071012,0.2804352330895302,58.72141086820218,0.0130062770644014,23.416509978230664,0.042,40.70394528232899,0.1400349119144411,534.255127035863,0.4754764220683727
ammonia,ATRCCS,,solar,ATRCCS_H_solar_E,Thailand,1,2024,145.63685147220934,385.90120315451287,531.5380546267222,0.2804352330895302,19.93096669815586,0.0030720658454926,16.93078850071056,0.04432,3.4221431975442065,0.0117732941586562,571.8219530231329,0.339600593093679
ammonia,ATRCCS,,solar,ATRCCS_H_solar_E,Russia,1,2024,154.63688161936835,247.9452156944161,402.58209731378446,0.2804352330895302,164.06845868908275,0.0399855975319214,14.219320374349977,0.03592,13.633944517067093,0.0469052374714824,594.5038208942843,0.403246068092934
ammonia,ATRCCS,,solar,ATRCCS_H_solar_E,Saudi Arabia,1,2024,156.27325073703364,116.12466198672988,272.3979127237635,0.2804352330895302,35.82667913602567,0.0071429489769307,12.53359889682987,0.04416,15.984347931204594,0.0549913955276411,336.74253868782364,0.386729577594102
ammonia,BG,,solar,BG_H_solar_E,South Africa,1,2024,157.51313647152088,333.39906253773216,490.9121990092531,0.247687278805073,33.88057380211861,0.0066445524812235,14.145041851870085,0.05672,21.057445183137673,0.0724445127102709,559.9952598463796,0.3834963439965674
ammonia,BG,,solar,BG_H_solar_E,Taiwan,1,2024,154.98618775807398,297.3561731273284,452.3423608854024,0.247687278805073,14.355511307849394,0.0016441948150371,20.433624068150245,0.05088,7.203844257696276,0.0247835852046951,494.33534051909834,0.32499505882480517
ammonia,BG,,solar,BG_H_solar_E,Switzerland,1,2024,186.1518885572519,407.14387665050754,593.2957652077595,0.247687278805073,20.247192340312665,0.0031530510569083,30.847776734028276,0.00296,27.81668321550792,0.0956985067864331,672.2074174976083,0.3494988366484144
ammonia,BG,,solar,BG_H_solar_E,Singapore,1,2024,155.82850399588963,384.1766332038019,540.0051371996915,0.247687278805073,8.42126414544956,0.0001244374109182,29.91076332939019,0.03992,0.0,0.0,578.3371646745312,0.2877317162159912
ammonia,BG,,solar,BG_H_solar_E,Hungary,1,2024,151.61692280681154,364.69555505691847,516.31247786373,0.247687278805073,27.45606077813814,0.0049992382621062,22.685067023190456,0.01464,27.086249650723964,0.0931855759342909,593.5398553157826,0.3605120930014701
ammonia,BG,,solar,BG_H_solar_E,Philippines,1,2024,150.77460656899592,317.5581055892759,468.3327121582718,0.247687278805073,18.23837230111739,0.0026385933599904,18.647927761950505,0.04904,5.5617638302542565,0.0191342903656246,510.780776051594,0.31850016253068797
ammonia,BG,,solar,BG_H_solar_E,Netherlands,1,2024,172.67482875220202,368.3199958745941,540.9948246267961,0.247687278805073,12.831049847445094,0.0012537810812744,26.25354855418913,0.02024,35.79768272946307,0.1231557607743188,615.8771057578934,0.3923368206606662
ammonia,BG,,solar,BG_H_solar_E,Norway,1,2024,191.20578598414568,407.0758324357557,598.2816184199014,0.247687278805073,30.667279796307408,0.0058216296700732,18.350612301467965,0.00248,37.98858466568507,0.1306931814720913,685.2880951833619,0.38668208994723746
ammonia,BG,,solar,BG_H_solar_E,Oman,1,2024,160.88240142278335,296.6789577393534,457.5613591621368,0.247687278805073,27.166098767846073,0.0049249791522318,23.17359889682987,0.0436,13.815824948800785,0.0475309657653892,521.7168817756135,0.34374322372269395
ammonia,BG,,solar,BG_H_solar_E,Italy,1,2024,161.72471766059894,363.98129166847934,525.7060093290783,0.247687278805073,20.06756614487286,0.0031070488879688,43.850738158069824,0.0230399999999999,27.28757978080138,0.0938782175648641,616.9118934128223,0.36771254525790575
ammonia,BG,,solar,BG_H_solar_E,Austria,1,2024,175.2017774656489,372.7972301303662,547.9990075960151,0.247687278805073,17.789447370858756,0.0025236239345548,31.164966337908968,0.0082399999999999,27.28757978080138,0.0938782175648641,624.2410010855841,0.3523291203044918
ammonia,BG,,solar,BG_H_solar_E,Finland,1,2024,181.94030736817385,410.6490289679861,592.5893363361599,0.247687278805073,27.529549154197397,0.0050180585944207,18.262080427828543,0.0057599999999999,40.51635260328374,0.1393895316176742,678.8973185214696,0.39785486901716777
ammonia,BG,,solar,BG_H_solar_E,Portugal,1,2024,153.30155528244276,331.5859400195671,484.8874953020098,0.247687278805073,17.16609057239028,0.0023639826044998,18.75934554567035,0.00896,31.016532907113156,0.106707038431102,551.8294643271836,0.36571829984067483
ammonia,BG,,solar,BG_H_solar_E,Germany,1,2024,173.51714499001764,373.26597159680705,546.7831165868247,0.247687278805073,22.29593273045604,0.0036777323335437,30.530687815429072,0.02752,36.6158627362772,0.125970568144702,636.2255998689869,0.4048555792833187
ammonia,BG,,solar,BG_H_solar_E,Greece,1,2024,154.98618775807398,318.717910932475,473.70409869054896,0.247687278805073,15.991134891457742,0.002063077106845,26.11362406815024,0.0256,24.258747856022367,0.0834580430867353,540.0676055061793,0.35880839899865324
ammonia,BG,,solar,BG_H_solar_E,France,1,2024,170.14788003875515,358.04620606704543,528.1940861058006,0.247687278805073,24.644306125238636,0.0042791494563373,22.702130770469285,0.0035199999999999,34.98222431345737,0.1203503165682795,610.5227473149657,0.3758367448296897
ammonia,BG,,solar,BG_H_solar_E,Brazil,1,2024,154.98618775807398,347.69680550955167,502.6829932676257,0.247687278805073,82.03825245129546,0.0189777072503737,17.153624068150243,0.0082399999999999,38.5588408334689,0.1326550495826733,640.4337106205404,0.40756003563811993
ammonia,BG,,solar,BG_H_solar_E,United Kingdom,1,2024,179.41335865472695,365.4798504380413,544.8932090927683,0.247687278805073,21.282326130476545,0.0034181482459541,43.270662644108704,0.01688,34.73904083892114,0.1195136857159255,644.1852387062747,0.3874991127669526
ammonia,BG,,solar,BG_H_solar_E,Spain,1,2024,156.67082023370523,324.95052857941647,481.6213488131217,0.247687278805073,30.463196077087932,0.0057693639428704,17.947902590630136,0.01168,29.915481049237933,0.1029190591858143,559.9479285300777,0.3680557019337577
ammonia,BG,,solar,BG_H_solar_E,Sweden,1,2024,185.3095723194363,431.2394899309157,616.549062250352,0.247687278805073,31.740731385979313,0.0060965400263024,13.886937472788334,0.0028799999999999,37.69910770463717,0.1296972858541006,699.8758388137568,0.3863611046854759
ammonia,BG,,solar,BG_H_solar_E,Czech Republic,1,2024,153.30155528244276,346.1709385809208,499.4724938633635,0.247687278805073,29.17016765563514,0.0054382200819119,25.23934554567035,0.03312,27.28757978080138,0.0938782175648641,581.1695868454705,0.38012371645184895
ammonia,BG,,solar,BG_H_solar_E,Japan,1,2024,181.94030736817385,403.7498543636375,585.6901617318114,0.247687278805073,17.281036398859737,0.0023934201668509,24.582080427828544,0.03856,12.718481214659484,0.0437557436810314,640.2717597731591,0.33239644265295526
ammonia,BG,,solar,BG_H_solar_E,Belgium,1,2024,172.67482875220202,395.43400790931906,568.1088366615211,0.247687278805073,10.990769212109248,0.0007824862321267,28.573548554189134,0.01104,35.725866416927914,0.1229086891224156,643.3990208447475,0.3824184541596153
ammonia,BG,,solar,BG_H_solar_E,Poland,1,2024,155.82850399588963,403.6843917713631,559.5128957672528,0.247687278805073,19.458362490150392,0.0029510321701706,39.91076332939019,0.0492,39.26381763701094,0.1350804008330493,658.1458392238043,0.4349187118082929
ammonia,BG,,solar,BG_H_solar_E,India,1,2024,149.08997409336467,313.7215854794237,462.8115595727884,0.247687278805073,39.14341255809945,0.0079923625651654,16.733649239470612,0.0566399999999999,6.648265497095545,0.0228722121851359,525.3368868674539,0.33519185355537423
ammonia,BG,,solar,BG_H_solar_E,Indonesia,1,2024,135.61291428831473,349.33582507722735,484.9487393655421,0.247687278805073,23.18926299464231,0.0039065137183034,11.65942105963146,0.05168,4.88644611995716,0.0168109761163601,524.6838695397731,0.3200847686397365
ammonia,BG,,solar,BG_H_solar_E,South Korea,1,2024,158.35545270933648,353.0007802914434,511.35623300077987,0.247687278805073,15.415252168520214,0.0019155938611801,16.262181113110028,0.03312,11.06040315802593,0.0380514117545449,554.094069440436,0.320774284420798
ammonia,BG,,solar,BG_H_solar_E,China,1,2024,154.1438715202584,301.0694420510022,455.21331357126064,0.247687278805073,92.1669955976749,0.0215716727475749,14.156484806910296,0.0448,9.318538092371725,0.0320588250570185,570.8553320682175,0.3461177766096664
ammonia,BG,,solar,BG_H_solar_E,United Arab Emirates,1,2024,160.88240142278335,274.6280112413652,435.5104126641486,0.247687278805073,19.114195355194887,0.0028628911579598,15.89359889682987,0.03064,14.399076599623424,0.0495375425967107,484.9172835157968,0.33072771255974354
ammonia,BG,,solar,BG_H_solar_E,United States,1,2024,168.46324756312393,342.5508270547778,511.01407461790177,0.247687278805073,91.30750456281253,0.0213515575706604,19.18785224798939,0.03072,33.23503464352958,0.1143394114869881,654.7444660722333,0.41409824786272154
ammonia,BG,,solar,BG_H_solar_E,Turkey,1,2024,154.1438715202584,348.42557007834057,502.5694415985989,0.247687278805073,18.28051142252689,0.0026493851655915,18.716484806910294,0.0376,23.426924570833513,0.0805962983673512,562.9933623988696,0.36853296233801575
ammonia,BG,,solar,BG_H_solar_E,Australia,1,2024,172.67482875220202,319.4966088140539,492.1714375662559,0.247687278805073,92.70103380490208,0.0217084396359947,26.33354855418913,0.04416,7.469047395891629,0.0256959709166704,618.6750673212388,0.3392516893577381
ammonia,BG,,solar,BG_H_solar_E,Malaysia,1,2024,147.40534161773346,320.5586051921013,467.96394680983474,0.247687278805073,24.03131984393713,0.004122164009972,16.73937071699072,0.04832,0.0,0.0,508.7346373707626,0.30012944281504494
ammonia,BG,,solar,BG_H_solar_E,Canada,1,2024,171.83251251438642,374.10323712262544,545.9357496370119,0.247687278805073,92.91265643600036,0.0217626360743447,16.136409292949182,0.0139999999999999,31.11744592592871,0.1070542122886443,686.1022612918902,0.39050412716806193
ammonia,BG,,solar,BG_H_solar_E,Mexico,1,2024,148.24765785554905,320.9345187585678,469.1821766141168,0.247687278805073,58.72141086820218,0.0130062770644014,23.416509978230664,0.042,40.70394528232899,0.1400349119144411,592.0240427428787,0.4427284677839155
ammonia,BG,,solar,BG_H_solar_E,Thailand,1,2024,149.9322903311803,307.91350282998206,457.8457931611624,0.247687278805073,19.93096669815586,0.0030720658454926,16.93078850071056,0.04432,3.4221431975442065,0.0117732941586562,498.12969155757304,0.3068526388092218
ammonia,BG,,solar,BG_H_solar_E,Russia,1,2024,159.1977689471521,352.0502407925258,511.2480097396779,0.247687278805073,164.06845868908275,0.0399855975319214,14.219320374349977,0.03592,13.633944517067093,0.0469052374714824,703.1697333201778,0.3704981138084768
ammonia,BG,,solar,BG_H_solar_E,Saudi Arabia,1,2024,160.88240142278335,295.1064600303629,455.9888614531462,0.247687278805073,35.82667913602567,0.0071429489769307,12.53359889682987,0.04416,15.984347931204594,0.0549913955276411,520.3334874172064,0.3539816233096448
ammonia,LTE,,solar,LTE_H_solar_E,South Africa,1,2024,180.824325,768.0845200248782,948.9088450248782,0.37196624993,33.88057380211861,0.0066445524812235,14.145041851870085,0.05672,21.057445183137673,0.0724445127102709,1017.9919058620047,0.5077753151214943
ammonia,LTE,,solar,LTE_H_solar_E,Taiwan,1,2024,177.92340000000002,372.1852391348235,550.1086391348235,0.37196624993,14.355511307849394,0.0016441948150371,20.433624068150245,0.05088,7.203844257696276,0.0247835852046951,592.1016187685194,0.44927402994973215
ammonia,LTE,,solar,LTE_H_solar_E,Switzerland,1,2024,213.701475,667.1786795658752,880.8801545658753,0.37196624993,20.247192340312665,0.0031530510569083,30.847776734028276,0.00296,27.81668321550792,0.0956985067864331,959.7918068557242,0.4737778077733414
ammonia,LTE,,solar,LTE_H_solar_E,Singapore,1,2024,178.890375,615.731088036028,794.621463036028,0.37196624993,8.42126414544956,0.0001244374109182,29.91076332939019,0.03992,0.0,0.0,832.9534905108677,0.4120106873409182
ammonia,LTE,,solar,LTE_H_solar_E,Hungary,1,2024,174.05550000000002,880.4058289308412,1054.461328930841,0.37196624993,27.45606077813814,0.0049992382621062,22.685067023190456,0.01464,27.086249650723964,0.0931855759342909,1131.6887063828935,0.48479106412639705
ammonia,LTE,,solar,LTE_H_solar_E,Philippines,1,2024,173.08852500000003,589.3129471869955,762.4014721869955,0.37196624993,18.23837230111739,0.0026385933599904,18.647927761950505,0.04904,5.5617638302542565,0.0191342903656246,804.8495360803176,0.442779133655615
ammonia,LTE,,solar,LTE_H_solar_E,Netherlands,1,2024,198.229875,624.1524043106679,822.3822793106679,0.37196624993,12.831049847445094,0.0012537810812744,26.25354855418913,0.02024,35.79768272946307,0.1231557607743188,897.2645604417652,0.5166157917855931
ammonia,LTE,,solar,LTE_H_solar_E,Norway,1,2024,219.503325,966.2323965799252,1185.7357215799252,0.37196624993,30.667279796307408,0.0058216296700732,18.350612301467965,0.00248,37.98858466568507,0.1306931814720913,1272.7421983433856,0.5109610610721644
ammonia,LTE,,solar,LTE_H_solar_E,Oman,1,2024,184.69222500000004,462.1263848883756,646.8186098883756,0.37196624993,27.166098767846073,0.0049249791522318,23.17359889682987,0.0436,13.815824948800785,0.0475309657653892,710.9741325018523,0.468022194847621
ammonia,LTE,,solar,LTE_H_solar_E,Italy,1,2024,185.65920000000003,567.8946189069333,753.5538189069333,0.37196624993,20.06756614487286,0.0031070488879688,43.850738158069824,0.0230399999999999,27.28757978080138,0.0938782175648641,844.7597029906774,0.4919915163828328
ammonia,LTE,,solar,LTE_H_solar_E,Austria,1,2024,201.1308,658.3243987452166,859.4551987452166,0.37196624993,17.789447370858756,0.0025236239345548,31.164966337908968,0.0082399999999999,27.28757978080138,0.0938782175648641,935.6971922347857,0.4766080914294188
ammonia,LTE,,solar,LTE_H_solar_E,Finland,1,2024,208.8666,961.9269485331364,1170.7935485331363,0.37196624993,27.529549154197397,0.0050180585944207,18.262080427828543,0.0057599999999999,40.51635260328374,0.1393895316176742,1257.1015307184462,0.5221338401420947
ammonia,LTE,,solar,LTE_H_solar_E,Portugal,1,2024,175.98945000000003,480.5120080019443,656.5014580019443,0.37196624993,17.16609057239028,0.0023639826044998,18.75934554567035,0.00896,31.016532907113156,0.106707038431102,723.4434270271182,0.48999727096560186
ammonia,LTE,,solar,LTE_H_solar_E,Germany,1,2024,199.19685000000004,661.955427759751,861.1522777597511,0.37196624993,22.29593273045604,0.0036777323335437,30.530687815429072,0.02752,36.6158627362772,0.125970568144702,950.5947610419133,0.5291345504082456
ammonia,LTE,,solar,LTE_H_solar_E,Greece,1,2024,177.92340000000002,480.34548286298366,658.2688828629837,0.37196624993,15.991134891457742,0.002063077106845,26.11362406815024,0.0256,24.258747856022367,0.0834580430867353,724.632389678614,0.4830873701235803
ammonia,LTE,,solar,LTE_H_solar_E,France,1,2024,195.32895,530.8603127843359,726.1892627843358,0.37196624993,24.644306125238636,0.0042791494563373,22.702130770469285,0.0035199999999999,34.98222431345737,0.1203503165682795,808.517923993501,0.5001157159546167
ammonia,LTE,,solar,LTE_H_solar_E,Brazil,1,2024,177.92340000000002,610.113236949359,788.036636949359,0.37196624993,82.03825245129546,0.0189777072503737,17.153624068150243,0.0082399999999999,38.5588408334689,0.1326550495826733,925.7873543022737,0.5318390067630469
ammonia,LTE,,solar,LTE_H_solar_E,United Kingdom,1,2024,205.965675,721.4566954619679,927.422370461968,0.37196624993,21.282326130476545,0.0034181482459541,43.270662644108704,0.01688,34.73904083892114,0.1195136857159255,1026.7144000754743,0.5117780838918796
ammonia,LTE,,solar,LTE_H_solar_E,Spain,1,2024,179.85735000000005,408.9087188619962,588.7660688619962,0.37196624993,30.463196077087932,0.0057693639428704,17.947902590630136,0.01168,29.915481049237933,0.1029190591858143,667.0926485789522,0.4923346730586847
ammonia,LTE,,solar,LTE_H_solar_E,Sweden,1,2024,212.73450000000005,963.1175249188472,1175.8520249188473,0.37196624993,31.740731385979313,0.0060965400263024,13.886937472788334,0.0028799999999999,37.69910770463717,0.1296972858541006,1259.178801482252,0.5106400758104028
ammonia,LTE,,solar,LTE_H_solar_E,Czech Republic,1,2024,175.98945000000003,650.0716025295718,826.0610525295718,0.37196624993,29.17016765563514,0.0054382200819119,25.23934554567035,0.03312,27.28757978080138,0.0938782175648641,907.7581455116788,0.504402687576776
ammonia,LTE,,solar,LTE_H_solar_E,Japan,1,2024,208.8666,1054.0515689520969,1262.9181689520967,0.37196624993,17.281036398859737,0.0023934201668509,24.582080427828544,0.03856,12.718481214659484,0.0437557436810314,1317.4997669934444,0.4566754137778823
ammonia,LTE,,solar,LTE_H_solar_E,Belgium,1,2024,198.229875,939.100687684935,1137.330562684935,0.37196624993,10.990769212109248,0.0007824862321267,28.573548554189134,0.01104,35.725866416927914,0.1229086891224156,1212.6207468681612,0.5066974252845422
ammonia,LTE,,solar,LTE_H_solar_E,Poland,1,2024,178.890375,1134.0519191506032,1312.9422941506032,0.37196624993,19.458362490150392,0.0029510321701706,39.91076332939019,0.0492,39.26381763701094,0.1350804008330493,1411.5752376071548,0.5591976829332199
ammonia,LTE,,solar,LTE_H_solar_E,India,1,2024,171.15457500000002,494.6071499084165,665.7617249084165,0.37196624993,39.14341255809945,0.0079923625651654,16.733649239470612,0.0566399999999999,6.648265497095545,0.0228722121851359,728.2870522030821,0.4594708246803012
ammonia,LTE,,solar,LTE_H_solar_E,Indonesia,1,2024,155.682975,708.4369289164383,864.1199039164383,0.37196624993,23.18926299464231,0.0039065137183034,11.65942105963146,0.05168,4.88644611995716,0.0168109761163601,903.8550340906692,0.44436373976466353
ammonia,LTE,,solar,LTE_H_solar_E,South Korea,1,2024,181.7913,697.667698883078,879.4589988830779,0.37196624993,15.415252168520214,0.0019155938611801,16.262181113110028,0.03312,11.06040315802593,0.0380514117545449,922.196835322734,0.445053255545725
ammonia,LTE,,solar,LTE_H_solar_E,China,1,2024,176.95642500000002,370.5406104870511,547.4970354870511,0.37196624993,92.1669955976749,0.0215716727475749,14.156484806910296,0.0448,9.318538092371725,0.0320588250570185,663.139053984008,0.4703967477345934
ammonia,LTE,,solar,LTE_H_solar_E,United Arab Emirates,1,2024,184.69222500000004,274.1428715564915,458.8350965564915,0.37196624993,19.114195355194887,0.0028628911579598,15.89359889682987,0.03064,14.399076599623424,0.0495375425967107,508.2419674081397,0.45500668368467045
ammonia,LTE,,solar,LTE_H_solar_E,United States,1,2024,193.395,602.5779871753147,795.9729871753146,0.37196624993,91.30750456281253,0.0213515575706604,19.18785224798939,0.03072,33.23503464352958,0.1143394114869881,939.7033786296462,0.5383772189876485
ammonia,LTE,,solar,LTE_H_solar_E,Turkey,1,2024,176.95642500000002,844.947145973182,1021.903570973182,0.37196624993,18.28051142252689,0.0026493851655915,18.716484806910294,0.0376,23.426924570833513,0.0805962983673512,1082.3274917734527,0.4928119334629427
ammonia,LTE,,solar,LTE_H_solar_E,Australia,1,2024,198.229875,369.03200509100776,567.2618800910077,0.37196624993,92.70103380490208,0.0217084396359947,26.33354855418913,0.04416,7.469047395891629,0.0256959709166704,693.7655098459906,0.4635306604826651
ammonia,LTE,,solar,LTE_H_solar_E,Malaysia,1,2024,169.220625,628.5093574695755,797.7299824695756,0.37196624993,24.03131984393713,0.004122164009972,16.73937071699072,0.04832,0.0,0.0,838.5006730305034,0.424408413939972
ammonia,LTE,,solar,LTE_H_solar_E,Canada,1,2024,197.26290000000003,960.953088465346,1158.215988465346,0.37196624993,92.91265643600036,0.0217626360743447,16.136409292949182,0.0139999999999999,31.11744592592871,0.1070542122886443,1298.3825001202242,0.5147830982929888
ammonia,LTE,,solar,LTE_H_solar_E,Mexico,1,2024,170.1876,664.0395540950491,834.2271540950491,0.37196624993,58.72141086820218,0.0130062770644014,23.416509978230664,0.042,40.70394528232899,0.1400349119144411,957.0690202238109,0.5670074389088424
ammonia,LTE,,solar,LTE_H_solar_E,Thailand,1,2024,172.12155,517.3335371230221,689.4550871230222,0.37196624993,19.93096669815586,0.0030720658454926,16.93078850071056,0.04432,3.4221431975442065,0.0117732941586562,729.7389855194328,0.43113160993414873
ammonia,LTE,,solar,LTE_H_solar_E,Russia,1,2024,182.75827500000003,948.1589724585734,1130.9172474585737,0.37196624993,164.06845868908275,0.0399855975319214,14.219320374349977,0.03592,13.633944517067093,0.0469052374714824,1322.8389710390734,0.4947770849334038
ammonia,LTE,,solar,LTE_H_solar_E,Saudi Arabia,1,2024,184.69222500000004,454.86051879183634,639.5527437918364,0.37196624993,35.82667913602567,0.0071429489769307,12.53359889682987,0.04416,15.984347931204594,0.0549913955276411,703.8973697558965,0.47826059443457175
ammonia,SMR,,solar,SMR_H_solar_E,South Africa,1,2024,119.73483389148348,198.5213597833948,318.25619367487826,1.9042003394251303,33.88057380211861,0.0066445524812235,14.145041851870085,0.05672,21.057445183137673,0.0724445127102709,387.3392545120046,2.040009404616625
ammonia,SMR,,solar,SMR_H_solar_E,Taiwan,1,2024,117.81395420338478,356.3569253334199,474.1708795368047,1.9042003394251303,14.355511307849394,0.0016441948150371,20.433624068150245,0.05088,7.203844257696276,0.0247835852046951,516.1638591705006,1.9815081194448627
ammonia,SMR,,solar,SMR_H_solar_E,Switzerland,1,2024,141.50480368993502,1453.8762886473207,1595.3810923372555,1.9042003394251303,20.247192340312665,0.0031530510569083,30.847776734028276,0.00296,27.81668321550792,0.0956985067864331,1674.2927446271044,2.006011897268472
ammonia,SMR,,solar,SMR_H_solar_E,Singapore,1,2024,118.45424743275105,1563.3099567867637,1681.7642042195148,1.9042003394251303,8.42126414544956,0.0001244374109182,29.91076332939019,0.03992,0.0,0.0,1720.0962316943546,1.9442447768360485
ammonia,SMR,,solar,SMR_H_solar_E,Hungary,1,2024,115.25278128591992,631.2432305380578,746.4960118239777,1.9042003394251303,27.45606077813814,0.0049992382621062,22.685067023190456,0.01464,27.086249650723964,0.0931855759342909,823.7233892760303,2.0170251536215273
ammonia,SMR,,solar,SMR_H_solar_E,Philippines,1,2024,114.61248805655369,370.450117891829,485.06260594838267,1.9042003394251303,18.23837230111739,0.0026385933599904,18.647927761950505,0.04904,5.5617638302542565,0.0191342903656246,527.5106698417048,1.9750132231507453
ammonia,SMR,,solar,SMR_H_solar_E,Netherlands,1,2024,131.26011202007544,1007.9419939061931,1139.2021059262686,1.9042003394251303,12.831049847445094,0.0012537810812744,26.25354855418913,0.02024,35.79768272946307,0.1231557607743188,1214.0843870573658,2.0488498812807237
ammonia,SMR,,solar,SMR_H_solar_E,Norway,1,2024,145.34656306613235,792.2470155486576,937.59357861479,1.9042003394251303,30.667279796307408,0.0058216296700732,18.350612301467965,0.00248,37.98858466568507,0.1306931814720913,1024.6000553782505,2.043195150567295
ammonia,SMR,,solar,SMR_H_solar_E,Oman,1,2024,122.29600680894836,97.88718581512224,220.1831926240706,1.9042003394251303,27.166098767846073,0.0049249791522318,23.17359889682987,0.0436,13.815824948800785,0.0475309657653892,284.3387152375474,2.0002562843427514
ammonia,SMR,,solar,SMR_H_solar_E,Italy,1,2024,122.93630003831456,1112.063415803093,1234.9997158414076,1.9042003394251303,20.06756614487286,0.0031070488879688,43.850738158069824,0.0230399999999999,27.28757978080138,0.0938782175648641,1326.2055999251518,2.0242256058779633
ammonia,SMR,,solar,SMR_H_solar_E,Austria,1,2024,133.18099170817413,954.5755102521744,1087.7565019603485,1.9042003394251303,17.789447370858756,0.0025236239345548,31.164966337908968,0.0082399999999999,27.28757978080138,0.0938782175648641,1163.9984954499178,2.008842180924549
ammonia,SMR,,solar,SMR_H_solar_E,Finland,1,2024,138.3033375431039,1046.8791224465815,1185.1824599896854,1.9042003394251303,27.529549154197397,0.0050180585944207,18.262080427828543,0.0057599999999999,40.51635260328374,0.1393895316176742,1271.4904421749952,2.054367929637225
ammonia,SMR,,solar,SMR_H_solar_E,Portugal,1,2024,116.53336774465237,866.8792608127725,983.4126285574248,1.9042003394251303,17.16609057239028,0.0023639826044998,18.75934554567035,0.00896,31.016532907113156,0.106707038431102,1050.3545975825987,2.0222313604607325
ammonia,SMR,,solar,SMR_H_solar_E,Germany,1,2024,131.9004052494417,893.0008031742377,1024.9012084236797,1.9042003394251303,22.29593273045604,0.0036777323335437,30.530687815429072,0.02752,36.6158627362772,0.125970568144702,1114.343691705842,2.061368639903376
ammonia,SMR,,solar,SMR_H_solar_E,Greece,1,2024,117.8139542033848,491.55200471169496,609.3659589150798,1.9042003394251303,15.991134891457742,0.002063077106845,26.11362406815024,0.0256,24.258747856022367,0.0834580430867353,675.7294657307101,2.015321459618711
ammonia,SMR,,solar,SMR_H_solar_E,France,1,2024,129.3392323319768,972.8137676996632,1102.15300003164,1.9042003394251303,24.644306125238636,0.0042791494563373,22.702130770469285,0.0035199999999999,34.98222431345737,0.1203503165682795,1184.4816612408054,2.032349805449747
ammonia,SMR,,solar,SMR_H_solar_E,Brazil,1,2024,117.81395420338478,959.7284650022142,1077.542419205599,1.9042003394251303,82.03825245129546,0.0189777072503737,17.153624068150243,0.0082399999999999,38.5588408334689,0.1326550495826733,1215.2931365585134,2.064073096258177
ammonia,SMR,,solar,SMR_H_solar_E,United Kingdom,1,2024,136.3824578550052,751.056198908156,887.4386567631612,1.9042003394251303,21.282326130476545,0.0034181482459541,43.270662644108704,0.01688,34.73904083892114,0.1195136857159255,986.7306863766677,2.04401217338701
ammonia,SMR,,solar,SMR_H_solar_E,Spain,1,2024,119.09454066211724,714.6249259607432,833.7194666228604,1.9042003394251303,30.463196077087932,0.0057693639428704,17.947902590630136,0.01168,29.915481049237933,0.1029190591858143,912.0460463398164,2.024568762553815
ammonia,SMR,,solar,SMR_H_solar_E,Sweden,1,2024,140.8645104605688,1501.6686733751092,1642.5331838356778,1.9042003394251303,31.740731385979313,0.0060965400263024,13.886937472788334,0.0028799999999999,37.69910770463717,0.1296972858541006,1725.8599603990826,2.0428741653055336
ammonia,SMR,,solar,SMR_H_solar_E,Czech Republic,1,2024,116.53336774465237,750.5173297832132,867.0506975278656,1.9042003394251303,29.17016765563514,0.0054382200819119,25.23934554567035,0.03312,27.28757978080138,0.0938782175648641,948.7477905099726,2.0366367770719065
ammonia,SMR,,solar,SMR_H_solar_E,Japan,1,2024,138.3033375431039,824.2402794436694,962.5436169867731,1.9042003394251303,17.281036398859737,0.0023934201668509,24.582080427828544,0.03856,12.718481214659484,0.0437557436810314,1017.1252150281209,1.9889095032730126
ammonia,SMR,,solar,SMR_H_solar_E,Belgium,1,2024,131.26011202007544,630.0678319318719,761.3279439519473,1.9042003394251303,10.990769212109248,0.0007824862321267,28.573548554189134,0.01104,35.725866416927914,0.1229086891224156,836.6181281351737,2.0389315147796725
ammonia,SMR,,solar,SMR_H_solar_E,Poland,1,2024,118.45424743275105,881.6068929077336,1000.0611403404846,1.9042003394251303,19.458362490150392,0.0029510321701706,39.91076332939019,0.0492,39.26381763701094,0.1350804008330493,1098.6940837970362,2.09143177242835
ammonia,SMR,,solar,SMR_H_solar_E,India,1,2024,113.33190159782124,547.2313651152292,660.5632667130504,1.9042003394251303,39.14341255809945,0.0079923625651654,16.733649239470612,0.0566399999999999,6.648265497095545,0.0228722121851359,723.0885940077161,1.9917049141754315
ammonia,SMR,,solar,SMR_H_solar_E,Indonesia,1,2024,103.0872099279617,862.8257636983703,965.912973626332,1.9042003394251303,23.18926299464231,0.0039065137183034,11.65942105963146,0.05168,4.88644611995716,0.0168109761163601,1005.6481038005629,1.9765978292597939
ammonia,SMR,,solar,SMR_H_solar_E,South Korea,1,2024,120.37512712084968,637.0145506299225,757.3896777507722,1.9042003394251303,15.415252168520214,0.0019155938611801,16.262181113110028,0.03312,11.06040315802593,0.0380514117545449,800.1275141904283,1.9772873450408555
ammonia,SMR,,solar,SMR_H_solar_E,China,1,2024,117.17366097401856,531.6389808622914,648.81264183631,1.9042003394251303,92.1669955976749,0.0215716727475749,14.156484806910296,0.0448,9.318538092371725,0.0320588250570185,764.4546603332669,2.0026308372297237
ammonia,SMR,,solar,SMR_H_solar_E,United Arab Emirates,1,2024,122.29600680894836,76.14803487508962,198.444041684038,1.9042003394251303,19.114195355194887,0.0028628911579598,15.89359889682987,0.03064,14.399076599623424,0.0495375425967107,247.85091253568618,1.9872407731798007
ammonia,SMR,,solar,SMR_H_solar_E,United States,1,2024,128.05864587324433,380.4526787387041,508.51132461194845,1.9042003394251303,91.30750456281253,0.0213515575706604,19.18785224798939,0.03072,33.23503464352958,0.1143394114869881,652.24171606628,2.070611308482779
ammonia,SMR,,solar,SMR_H_solar_E,Turkey,1,2024,117.17366097401856,368.0601821389378,485.2338431129564,1.9042003394251303,18.28051142252689,0.0026493851655915,18.716484806910294,0.0376,23.426924570833513,0.0805962983673512,545.6577639132271,2.0250460229580733
ammonia,SMR,,solar,SMR_H_solar_E,Australia,1,2024,131.26011202007544,451.62830043477265,582.8884124548481,1.9042003394251303,92.70103380490208,0.0217084396359947,26.33354855418913,0.04416,7.469047395891629,0.0256959709166704,709.392042209831,1.9957647499777955
ammonia,SMR,,solar,SMR_H_solar_E,Malaysia,1,2024,112.0513151390888,326.847456314956,438.8987714540448,1.9042003394251303,24.03131984393713,0.004122164009972,16.73937071699072,0.04832,0.0,0.0,479.6694620149726,1.9566425034351023
ammonia,SMR,,solar,SMR_H_solar_E,Canada,1,2024,130.61981879070922,297.783691217755,428.4035100084642,1.9042003394251303,92.91265643600036,0.0217626360743447,16.136409292949182,0.0139999999999999,31.11744592592871,0.1070542122886443,568.5700216633425,2.047017187788119
ammonia,SMR,,solar,SMR_H_solar_E,Mexico,1,2024,112.69160836845502,226.2319465826241,338.9235549510791,1.9042003394251303,58.72141086820218,0.0130062770644014,23.416509978230664,0.042,40.70394528232899,0.1400349119144411,461.76542107984085,2.099241528403973
ammonia,SMR,,solar,SMR_H_solar_E,Thailand,1,2024,113.97219482718748,337.4248898153393,451.3970846425268,1.9042003394251303,19.93096669815586,0.0030720658454926,16.93078850071056,0.04432,3.4221431975442065,0.0117732941586562,491.6809830389374,1.963365699429279
ammonia,SMR,,solar,SMR_H_solar_E,Russia,1,2024,121.01542035021592,201.01757215297425,322.03299250319014,1.9042003394251303,164.06845868908275,0.0399855975319214,14.219320374349977,0.03592,13.633944517067093,0.0469052374714824,513.95471608369,2.027011174428534
ammonia,SMR,,solar,SMR_H_solar_E,Saudi Arabia,1,2024,122.29600680894836,96.00514832931798,218.30115513826632,1.9042003394251303,35.82667913602567,0.0071429489769307,12.53359889682987,0.04416,15.984347931204594,0.0549913955276411,282.64578110232645,2.010494683929702
ammonia,SMRCCS,,solar,SMRCCS_H_solar_E,South Africa,1,2024,168.27093493540457,251.4490472163482,419.7199821517528,0.3781791168109484,33.88057380211861,0.0066445524812235,14.145041851870085,0.05672,21.057445183137673,0.0724445127102709,488.80304298887916,0.5139881820024428
ammonia,SMRCCS,,solar,SMRCCS_H_solar_E,Taiwan,1,2024,165.5714012198633,456.5599857173467,622.13138693721,0.3781791168109484,14.355511307849394,0.0016441948150371,20.433624068150245,0.05088,7.203844257696276,0.0247835852046951,664.1243665709059,0.45548689683068055
ammonia,SMRCCS,,solar,SMRCCS_H_solar_E,Switzerland,1,2024,198.86565037820537,1866.3123165817303,2065.177966959936,0.3781791168109484,20.247192340312665,0.0031530510569083,30.847776734028276,0.00296,27.81668321550792,0.0956985067864331,2144.089619249785,0.4799906746542898
ammonia,SMRCCS,,solar,SMRCCS_H_solar_E,Singapore,1,2024,166.4712457917104,2007.1591554379297,2173.63040122964,0.3781791168109484,8.42126414544956,0.0001244374109182,29.91076332939019,0.03992,0.0,0.0,2211.96242870448,0.41822355422186663
ammonia,SMRCCS,,solar,SMRCCS_H_solar_E,Hungary,1,2024,161.97202293247497,806.8296403483581,968.801663280833,0.3781791168109484,27.45606077813814,0.0049992382621062,22.685067023190456,0.01464,27.086249650723964,0.0931855759342909,1046.0290407328855,0.49100393100734546
ammonia,SMRCCS,,solar,SMRCCS_H_solar_E,Philippines,1,2024,161.07217836062787,473.3920469124799,634.4642252731078,0.3781791168109484,18.23837230111739,0.0026385933599904,18.647927761950505,0.04904,5.5617638302542565,0.0191342903656246,676.9122891664299,0.44899200053656335
ammonia,SMRCCS,,solar,SMRCCS_H_solar_E,Netherlands,1,2024,184.46813722865204,1293.3016483043757,1477.7697855330275,0.3781791168109484,12.831049847445094,0.0012537810812744,26.25354855418913,0.02024,35.79768272946307,0.1231557607743188,1552.6520666641247,0.5228286586665416
ammonia,SMRCCS,,solar,SMRCCS_H_solar_E,Norway,1,2024,204.2647178092879,1013.7689752311755,1218.0336930404635,0.3781791168109484,30.667279796307408,0.0058216296700732,18.350612301467965,0.00248,37.98858466568507,0.1306931814720913,1305.0401698039238,0.5171739279531129
ammonia,SMRCCS,,solar,SMRCCS_H_solar_E,Oman,1,2024,171.8703132227929,124.28387356401691,296.1541867868098,0.3781791168109484,27.166098767846073,0.0049249791522318,23.17359889682987,0.0436,13.815824948800785,0.0475309657653892,360.3097094002865,0.47423506172856933
ammonia,SMRCCS,,solar,SMRCCS_H_solar_E,Italy,1,2024,172.77015779463994,1427.099517625016,1599.869675419656,0.3781791168109484,20.06756614487286,0.0031070488879688,43.850738158069824,0.0230399999999999,27.28757978080138,0.0938782175648641,1691.0755595034002,0.4982043832637812
ammonia,SMRCCS,,solar,SMRCCS_H_solar_E,Austria,1,2024,187.1676709441933,1224.2574773716651,1411.425148315859,0.3781791168109484,17.789447370858756,0.0025236239345548,31.164966337908968,0.0082399999999999,27.28757978080138,0.0938782175648641,1487.6671418054282,0.4828209583103672
ammonia,SMRCCS,,solar,SMRCCS_H_solar_E,Finland,1,2024,194.36642751897,1341.2276277473154,1535.5940552662855,0.3781791168109484,27.529549154197397,0.0050180585944207,18.262080427828543,0.0057599999999999,40.51635260328374,0.1393895316176742,1621.9020374515953,0.5283467070230432
ammonia,SMRCCS,,solar,SMRCCS_H_solar_E,Portugal,1,2024,163.77171207616914,1112.906956617106,1276.678668693275,0.3781791168109484,17.16609057239028,0.0023639826044998,18.75934554567035,0.00896,31.016532907113156,0.106707038431102,1343.6206377184487,0.49621013784655027
ammonia,SMRCCS,,solar,SMRCCS_H_solar_E,Germany,1,2024,185.3679818004991,1145.4456027507638,1330.813584551263,0.3781791168109484,22.29593273045604,0.0036777323335437,30.530687815429072,0.02752,36.6158627362772,0.125970568144702,1420.2560678334253,0.5353474172891941
ammonia,SMRCCS,,solar,SMRCCS_H_solar_E,Greece,1,2024,165.5714012198633,629.8923449828458,795.4637462027091,0.3781791168109484,15.991134891457742,0.002063077106845,26.11362406815024,0.0256,24.258747856022367,0.0834580430867353,861.8272530183394,0.48930023700452874
ammonia,SMRCCS,,solar,SMRCCS_H_solar_E,France,1,2024,181.7686035131108,1248.6075278414776,1430.3761313545883,0.3781791168109484,24.644306125238636,0.0042791494563373,22.702130770469285,0.0035199999999999,34.98222431345737,0.1203503165682795,1512.7047925637537,0.5063285828355651
ammonia,SMRCCS,,solar,SMRCCS_H_solar_E,Brazil,1,2024,165.5714012198633,1231.0644888644729,1396.635890084336,0.3781791168109484,82.03825245129546,0.0189777072503737,17.153624068150243,0.0082399999999999,38.5588408334689,0.1326550495826733,1534.3866074372506,0.5380518736439953
ammonia,SMRCCS,,solar,SMRCCS_H_solar_E,United Kingdom,1,2024,191.6668938034287,962.4639369164652,1154.1308307198938,0.3781791168109484,21.282326130476545,0.0034181482459541,43.270662644108704,0.01688,34.73904083892114,0.1195136857159255,1253.4228603334,0.517990950772828
ammonia,SMRCCS,,solar,SMRCCS_H_solar_E,Spain,1,2024,167.37109036355747,917.5682129207192,1084.9393032842763,0.3781791168109484,30.463196077087932,0.0057693639428704,17.947902590630136,0.01168,29.915481049237933,0.1029190591858143,1163.2658830012324,0.49854753993963313
ammonia,SMRCCS,,solar,SMRCCS_H_solar_E,Sweden,1,2024,197.9658058063583,1926.0352338404225,2124.001039646781,0.3781791168109484,31.740731385979313,0.0060965400263024,13.886937472788334,0.0028799999999999,37.69910770463717,0.1296972858541006,2207.327816210186,0.5168529426913513
ammonia,SMRCCS,,solar,SMRCCS_H_solar_E,Czech Republic,1,2024,163.77171207616914,962.5890906136246,1126.3608026897937,0.3781791168109484,29.17016765563514,0.0054382200819119,25.23934554567035,0.03312,27.28757978080138,0.0938782175648641,1208.0578956719007,0.5106155544577244
ammonia,SMRCCS,,solar,SMRCCS_H_solar_E,Japan,1,2024,194.36642751897,1053.6669837449292,1248.033411263899,0.3781791168109484,17.281036398859737,0.0023934201668509,24.582080427828544,0.03856,12.718481214659484,0.0437557436810314,1302.6150093052468,0.4628882806588307
ammonia,SMRCCS,,solar,SMRCCS_H_solar_E,Belgium,1,2024,184.46813722865204,805.0849243773126,989.5530616059648,0.3781791168109484,10.990769212109248,0.0007824862321267,28.573548554189134,0.01104,35.725866416927914,0.1229086891224156,1064.843245789191,0.5129102921654907
ammonia,SMRCCS,,solar,SMRCCS_H_solar_E,Poland,1,2024,166.4712457917104,1127.3300502647996,1293.80129605651,0.3781791168109484,19.458362490150392,0.0029510321701706,39.91076332939019,0.0492,39.26381763701094,0.1350804008330493,1392.4342395130616,0.5654105498141684
ammonia,SMRCCS,,solar,SMRCCS_H_solar_E,India,1,2024,159.2724892169337,701.1977179266086,860.4702071435422,0.3781791168109484,39.14341255809945,0.0079923625651654,16.733649239470612,0.0566399999999999,6.648265497095545,0.0228722121851359,922.9955344382079,0.4656836915612496
ammonia,SMRCCS,,solar,SMRCCS_H_solar_E,Indonesia,1,2024,144.87497606738037,1105.5402823257557,1250.415258393136,0.3781791168109484,23.18926299464231,0.0039065137183034,11.65942105963146,0.05168,4.88644611995716,0.0168109761163601,1290.150388567367,0.45057660664561194
ammonia,SMRCCS,,solar,SMRCCS_H_solar_E,South Korea,1,2024,169.1707795072516,815.132681640594,984.3034611478456,0.3781791168109484,15.415252168520214,0.0019155938611801,16.262181113110028,0.03312,11.06040315802593,0.0380514117545449,1027.0412975875017,0.4512661224266734
ammonia,SMRCCS,,solar,SMRCCS_H_solar_E,China,1,2024,164.6715566480162,682.0772915132444,846.7488481612606,0.3781791168109484,92.1669955976749,0.0215716727475749,14.156484806910296,0.0448,9.318538092371725,0.0320588250570185,962.3908666582175,0.4766096146155418
ammonia,SMRCCS,,solar,SMRCCS_H_solar_E,United Arab Emirates,1,2024,171.8703132227929,97.45080068812788,269.32111391092076,0.3781791168109484,19.114195355194887,0.0028628911579598,15.89359889682987,0.03064,14.399076599623424,0.0495375425967107,318.72798476256895,0.4612195505656189
ammonia,SMRCCS,,solar,SMRCCS_H_solar_E,United States,1,2024,179.96891436941664,486.35089263086024,666.3198070002769,0.3781791168109484,91.30750456281253,0.0213515575706604,19.18785224798939,0.03072,33.23503464352958,0.1143394114869881,810.0501984546084,0.5445900858685969
ammonia,SMRCCS,,solar,SMRCCS_H_solar_E,Turkey,1,2024,164.6715566480162,468.482423255762,633.1539799037782,0.3781791168109484,18.28051142252689,0.0026493851655915,18.716484806910294,0.0376,23.426924570833513,0.0805962983673512,693.577900704049,0.49902480034389113
ammonia,SMRCCS,,solar,SMRCCS_H_solar_E,Australia,1,2024,184.46813722865204,579.8186242249469,764.286761453599,0.3781791168109484,92.70103380490208,0.0217084396359947,26.33354855418913,0.04416,7.469047395891629,0.0256959709166704,890.7903912085818,0.4697435273636135
ammonia,SMRCCS,,solar,SMRCCS_H_solar_E,Malaysia,1,2024,157.47280007323954,416.8554087587309,574.3282088319704,0.3781791168109484,24.03131984393713,0.004122164009972,16.73937071699072,0.04832,0.0,0.0,615.0988993928983,0.43062128082092044
ammonia,SMRCCS,,solar,SMRCCS_H_solar_E,Canada,1,2024,183.56829265680497,377.72618363012606,561.2944762869311,0.3781791168109484,92.91265643600036,0.0217626360743447,16.136409292949182,0.0139999999999999,31.11744592592871,0.1070542122886443,701.4609879418093,0.5209959651739373
ammonia,SMRCCS,,solar,SMRCCS_H_solar_E,Mexico,1,2024,158.37264464508664,287.36667547996143,445.739320125048,0.3781791168109484,58.72141086820218,0.0130062770644014,23.416509978230664,0.042,40.70394528232899,0.1400349119144411,568.5811862538097,0.5732203057897909
ammonia,SMRCCS,,solar,SMRCCS_H_solar_E,Thailand,1,2024,160.1723337887808,431.3557366560051,591.528070444786,0.3781791168109484,19.93096669815586,0.0030720658454926,16.93078850071056,0.04432,3.4221431975442065,0.0117732941586562,631.8119688411966,0.4373444768150972
ammonia,SMRCCS,,solar,SMRCCS_H_solar_E,Russia,1,2024,170.07062407909874,253.0313961755651,423.1020202546639,0.3781791168109484,164.06845868908275,0.0399855975319214,14.219320374349977,0.03592,13.633944517067093,0.0469052374714824,615.0237438351637,0.5009899518143521
ammonia,SMRCCS,,solar,SMRCCS_H_solar_E,Saudi Arabia,1,2024,171.8703132227929,121.75495905384696,293.62527227663986,0.3781791168109484,35.82667913602567,0.0071429489769307,12.53359889682987,0.04416,15.984347931204594,0.0549913955276411,357.9698982407,0.48447346131552016
ammonia,ATRCCS,,wind,ATRCCS_H_wind_E,South Africa,1,2024,153.0005125017031,199.94313835260076,352.9436508543039,0.2395389336188883,33.88057380211861,0.0066445524812235,14.145041851870085,0.05672,21.057445183137673,0.0724445127102709,422.02671169143025,0.3753479988103827
ammonia,ATRCCS,,wind,ATRCCS_H_wind_E,Taiwan,1,2024,150.54595882520513,388.18627677880426,538.7322356040094,0.2395389336188883,14.355511307849394,0.0016441948150371,20.433624068150245,0.05088,7.203844257696276,0.0247835852046951,580.7252152377052,0.3168467136386205
ammonia,ATRCCS,,wind,ATRCCS_H_wind_E,Switzerland,1,2024,180.81878750201273,1597.1138240105072,1777.93261151252,0.2395389336188883,20.247192340312665,0.0031530510569083,30.847776734028276,0.00296,27.81668321550792,0.0956985067864331,1856.844263802369,0.34135049146222973
ammonia,ATRCCS,,wind,ATRCCS_H_wind_E,Singapore,1,2024,151.36414338403782,1770.648840262459,1922.012983646497,0.2395389336188883,8.42126414544956,0.0001244374109182,29.91076332939019,0.03992,0.0,0.0,1960.345011121337,0.2795833710298065
ammonia,ATRCCS,,wind,ATRCCS_H_wind_E,Hungary,1,2024,147.27322058987463,657.2367039430063,804.509924532881,0.2395389336188883,27.45606077813814,0.0049992382621062,22.685067023190456,0.01464,27.086249650723964,0.0931855759342909,881.7373019849335,0.3523637478152854
ammonia,ATRCCS,,wind,ATRCCS_H_wind_E,Philippines,1,2024,146.455036031042,424.6807154213567,571.1357514523987,0.2395389336188883,18.23837230111739,0.0026385933599904,18.647927761950505,0.04904,5.5617638302542565,0.0191342903656246,613.5838153457208,0.3103518173445033
ammonia,ATRCCS,,wind,ATRCCS_H_wind_E,Netherlands,1,2024,167.72783456069052,1094.5077715566697,1262.2356061173602,0.2395389336188883,12.831049847445094,0.0012537810812744,26.25354855418913,0.02024,35.79768272946307,0.1231557607743188,1337.1178872484575,0.38418847547448154
ammonia,ATRCCS,,wind,ATRCCS_H_wind_E,Norway,1,2024,185.72789485500857,812.3894361883811,998.1173310433896,0.2395389336188883,30.667279796307408,0.0058216296700732,18.350612301467965,0.00248,37.98858466568507,0.1306931814720913,1085.12380780685,0.37853374476105284
ammonia,ATRCCS,,wind,ATRCCS_H_wind_E,Oman,1,2024,156.27325073703364,129.61932858592388,285.89257932295754,0.2395389336188883,27.166098767846073,0.0049249791522318,23.17359889682987,0.0436,13.815824948800785,0.0475309657653892,350.04810193643425,0.33559487853650927
ammonia,ATRCCS,,wind,ATRCCS_H_wind_E,Italy,1,2024,157.09143529586626,1230.788573252977,1387.8800085488429,0.2395389336188883,20.06756614487286,0.0031070488879688,43.850738158069824,0.0230399999999999,27.28757978080138,0.0938782175648641,1479.085892632587,0.35956420007172113
ammonia,ATRCCS,,wind,ATRCCS_H_wind_E,Austria,1,2024,170.18238823718846,1038.4997026119672,1208.6820908491557,0.2395389336188883,17.789447370858756,0.0025236239345548,31.164966337908968,0.0082399999999999,27.28757978080138,0.0938782175648641,1284.924084338725,0.3441807751183071
ammonia,ATRCCS,,wind,ATRCCS_H_wind_E,Finland,1,2024,176.72786470784956,1097.26743707924,1273.9953017870894,0.2395389336188883,27.529549154197397,0.0050180585944207,18.262080427828543,0.0057599999999999,40.51635260328374,0.1393895316176742,1360.3032839723992,0.3897065238309831
ammonia,ATRCCS,,wind,ATRCCS_H_wind_E,Portugal,1,2024,148.90958970753988,972.3831487462902,1121.29273845383,0.2395389336188883,17.16609057239028,0.0023639826044998,18.75934554567035,0.00896,31.016532907113156,0.106707038431102,1188.2347074790036,0.35756995465449015
ammonia,ATRCCS,,wind,ATRCCS_H_wind_E,Germany,1,2024,168.54601911952318,979.666492240824,1148.2125113603474,0.2395389336188883,22.29593273045604,0.0036777323335437,30.530687815429072,0.02752,36.6158627362772,0.125970568144702,1237.6549946425098,0.39670723409713404
ammonia,ATRCCS,,wind,ATRCCS_H_wind_E,Greece,1,2024,150.54595882520516,553.0938174661746,703.6397762913798,0.2395389336188883,15.991134891457742,0.002063077106845,26.11362406815024,0.0256,24.258747856022367,0.0834580430867353,770.0032831070101,0.35066005381246856
ammonia,ATRCCS,,wind,ATRCCS_H_wind_E,France,1,2024,165.27328088419264,1077.853722002895,1243.1270028870877,0.2395389336188883,24.644306125238636,0.0042791494563373,22.702130770469285,0.0035199999999999,34.98222431345737,0.1203503165682795,1325.455664096253,0.367688399643505
ammonia,ATRCCS,,wind,ATRCCS_H_wind_E,Brazil,1,2024,150.54595882520513,1019.7617120137968,1170.3076708390015,0.2395389336188883,82.03825245129546,0.0189777072503737,17.153624068150243,0.0082399999999999,38.5588408334689,0.1326550495826733,1308.058388191916,0.39941169045193525
ammonia,ATRCCS,,wind,ATRCCS_H_wind_E,United Kingdom,1,2024,174.2733110313516,784.6963239145487,958.9696349459002,0.2395389336188883,21.282326130476545,0.0034181482459541,43.270662644108704,0.01688,34.73904083892114,0.1195136857159255,1058.2616645594067,0.3793507675807679
ammonia,ATRCCS,,wind,ATRCCS_H_wind_E,Spain,1,2024,152.18232794287042,789.1519821520922,941.3343100949626,0.2395389336188883,30.463196077087932,0.0057693639428704,17.947902590630136,0.01168,29.915481049237933,0.1029190591858143,1019.6608898119185,0.359907356747573
ammonia,ATRCCS,,wind,ATRCCS_H_wind_E,Sweden,1,2024,180.0006029431801,1598.906879304288,1778.907482247468,0.2395389336188883,31.740731385979313,0.0060965400263024,13.886937472788334,0.0028799999999999,37.69910770463717,0.1296972858541006,1862.2342588108727,0.37821275949929123
ammonia,ATRCCS,,wind,ATRCCS_H_wind_E,Czech Republic,1,2024,148.90958970753988,824.0582565553322,972.967846262872,0.2395389336188883,29.17016765563514,0.0054382200819119,25.23934554567035,0.03312,27.28757978080138,0.0938782175648641,1054.664939244979,0.37197537126566427
ammonia,ATRCCS,,wind,ATRCCS_H_wind_E,Japan,1,2024,176.72786470784956,968.3973166292352,1145.1251813370848,0.2395389336188883,17.281036398859737,0.0023934201668509,24.582080427828544,0.03856,12.718481214659484,0.0437557436810314,1199.7067793784324,0.32424809746677064
ammonia,ATRCCS,,wind,ATRCCS_H_wind_E,Belgium,1,2024,167.72783456069052,650.8023967621428,818.5302313228334,0.2395389336188883,10.990769212109248,0.0007824862321267,28.573548554189134,0.01104,35.725866416927914,0.1229086891224156,893.8204155060598,0.3742701089734306
ammonia,ATRCCS,,wind,ATRCCS_H_wind_E,Poland,1,2024,151.36414338403782,906.145996783731,1057.510140167769,0.2395389336188883,19.458362490150392,0.0029510321701706,39.91076332939019,0.0492,39.26381763701094,0.1350804008330493,1156.1430836243205,0.4267703666221082
ammonia,ATRCCS,,wind,ATRCCS_H_wind_E,India,1,2024,144.81866691337672,614.060385145558,758.8790520589348,0.2395389336188883,39.14341255809945,0.0079923625651654,16.733649239470612,0.0566399999999999,6.648265497095545,0.0228722121851359,821.4043793536005,0.3270435083691895
ammonia,ATRCCS,,wind,ATRCCS_H_wind_E,Indonesia,1,2024,131.72771397205452,990.47485487013,1122.2025688421843,0.2395389336188883,23.18926299464231,0.0039065137183034,11.65942105963146,0.05168,4.88644611995716,0.0168109761163601,1161.9376990164153,0.3119364234535518
ammonia,ATRCCS,,wind,ATRCCS_H_wind_E,South Korea,1,2024,153.8186970605357,719.5376811207011,873.3563781812368,0.2395389336188883,15.415252168520214,0.0019155938611801,16.262181113110028,0.03312,11.06040315802593,0.0380514117545449,916.0942146208929,0.3126259392346133
ammonia,ATRCCS,,wind,ATRCCS_H_wind_E,China,1,2024,149.7277742663725,580.9895748101573,730.7173490765298,0.2395389336188883,92.1669955976749,0.0215716727475749,14.156484806910296,0.0448,9.318538092371725,0.0320588250570185,846.3593675734867,0.33796943142348174
ammonia,ATRCCS,,wind,ATRCCS_H_wind_E,United Arab Emirates,1,2024,156.27325073703364,129.26510181285886,285.53835254989247,0.2395389336188883,19.114195355194887,0.0028628911579598,15.89359889682987,0.03064,14.399076599623424,0.0495375425967107,334.94522340154066,0.32257936737355886
ammonia,ATRCCS,,wind,ATRCCS_H_wind_E,United States,1,2024,163.63691176652733,402.5389328664145,566.1758446329418,0.2395389336188883,91.30750456281253,0.0213515575706604,19.18785224798939,0.03072,33.23503464352958,0.1143394114869881,709.9062360872733,0.40594990267653686
ammonia,ATRCCS,,wind,ATRCCS_H_wind_E,Turkey,1,2024,149.7277742663725,420.5249700194336,570.2527442858061,0.2395389336188883,18.28051142252689,0.0026493851655915,18.716484806910294,0.0376,23.426924570833513,0.0805962983673512,630.6766650860768,0.360384617151831
ammonia,ATRCCS,,wind,ATRCCS_H_wind_E,Australia,1,2024,167.72783456069052,513.5325004862607,681.2603350469512,0.2395389336188883,92.70103380490208,0.0217084396359947,26.33354855418913,0.04416,7.469047395891629,0.0256959709166704,807.7639648019341,0.3311033441715534
ammonia,ATRCCS,,wind,ATRCCS_H_wind_E,Malaysia,1,2024,143.18229779571143,410.99257502696366,554.1748728226751,0.2395389336188883,24.03131984393713,0.004122164009972,16.73937071699072,0.04832,0.0,0.0,594.9455633836029,0.2919810976288603
ammonia,ATRCCS,,wind,ATRCCS_H_wind_E,Canada,1,2024,166.9096500018579,265.1732528111673,432.0829028130251,0.2395389336188883,92.91265643600036,0.0217626360743447,16.136409292949182,0.0139999999999999,31.11744592592871,0.1070542122886443,572.2494144679034,0.38235578198187725
ammonia,ATRCCS,,wind,ATRCCS_H_wind_E,Mexico,1,2024,144.00048235454403,240.80011308820568,384.8005954427497,0.2395389336188883,58.72141086820218,0.0130062770644014,23.416509978230664,0.042,40.70394528232899,0.1400349119144411,507.6424615715115,0.4345801225977308
ammonia,ATRCCS,,wind,ATRCCS_H_wind_E,Thailand,1,2024,145.63685147220934,419.3700129418838,565.0068644140931,0.2395389336188883,19.93096669815586,0.0030720658454926,16.93078850071056,0.04432,3.4221431975442065,0.0117732941586562,605.2907628105038,0.29870429362303713
ammonia,ATRCCS,,wind,ATRCCS_H_wind_E,Russia,1,2024,154.63688161936835,267.0401790501937,421.677060669562,0.2395389336188883,164.06845868908275,0.0399855975319214,14.219320374349977,0.03592,13.633944517067093,0.0469052374714824,613.5987842500618,0.3623497686222921
ammonia,ATRCCS,,wind,ATRCCS_H_wind_E,Saudi Arabia,1,2024,156.27325073703364,129.20546365564843,285.47871439268204,0.2395389336188883,35.82667913602567,0.0071429489769307,12.53359889682987,0.04416,15.984347931204594,0.0549913955276411,349.82334035674216,0.3458332781234601
ammonia,BG,,wind,BG_H_wind_E,South Africa,1,2024,157.51313647152088,304.1373219640268,461.6504584355477,0.2159773447969143,33.88057380211861,0.0066445524812235,14.145041851870085,0.05672,21.057445183137673,0.0724445127102709,530.733519272674,0.3517864099884087
ammonia,BG,,wind,BG_H_wind_E,Taiwan,1,2024,154.98618775807398,286.1644317126842,441.15061947075816,0.2159773447969143,14.355511307849394,0.0016441948150371,20.433624068150245,0.05088,7.203844257696276,0.0247835852046951,483.1435991044541,0.2932851248166465
ammonia,BG,,wind,BG_H_wind_E,Switzerland,1,2024,186.1518885572519,396.30187715507094,582.4537657123228,0.2159773447969143,20.247192340312665,0.0031530510569083,30.847776734028276,0.00296,27.81668321550792,0.0956985067864331,661.3654180021717,0.3177889026402557
ammonia,BG,,wind,BG_H_wind_E,Singapore,1,2024,155.82850399588963,412.5756770434618,568.4041810393514,0.2159773447969143,8.42126414544956,0.0001244374109182,29.91076332939019,0.03992,0.0,0.0,606.7362085141912,0.2560217822078325
ammonia,BG,,wind,BG_H_wind_E,Hungary,1,2024,151.61692280681154,317.65526692349175,469.2721897303033,0.2159773447969143,27.45606077813814,0.0049992382621062,22.685067023190456,0.01464,27.086249650723964,0.0931855759342909,546.4995671823558,0.3288021589933114
ammonia,BG,,wind,BG_H_wind_E,Philippines,1,2024,150.77460656899592,318.1410087879553,468.9156153569512,0.2159773447969143,18.23837230111739,0.0026385933599904,18.647927761950505,0.04904,5.5617638302542565,0.0191342903656246,511.3636792502734,0.2867902285225293
ammonia,BG,,wind,BG_H_wind_E,Netherlands,1,2024,172.67482875220202,347.68522264134367,520.3600513935457,0.2159773447969143,12.831049847445094,0.0012537810812744,26.25354855418913,0.02024,35.79768272946307,0.1231557607743188,595.2423325246431,0.36062688665250753
ammonia,BG,,wind,BG_H_wind_E,Norway,1,2024,191.20578598414568,345.63783529494805,536.8436212790937,0.2159773447969143,30.667279796307408,0.0058216296700732,18.350612301467965,0.00248,37.98858466568507,0.1306931814720913,623.8500980425541,0.3549721559390788
ammonia,BG,,wind,BG_H_wind_E,Oman,1,2024,160.88240142278335,306.1219895579595,467.00439098074287,0.2159773447969143,27.166098767846073,0.0049249791522318,23.17359889682987,0.0436,13.815824948800785,0.0475309657653892,531.1599135942196,0.31203328971453526
ammonia,BG,,wind,BG_H_wind_E,Italy,1,2024,161.72471766059894,359.551227358516,521.2759450191149,0.2159773447969143,20.06756614487286,0.0031070488879688,43.850738158069824,0.0230399999999999,27.28757978080138,0.0938782175648641,612.481829102859,0.3360026112497471
ammonia,BG,,wind,BG_H_wind_E,Austria,1,2024,175.2017774656489,353.09510201500285,528.2968794806518,0.2159773447969143,17.789447370858756,0.0025236239345548,31.164966337908968,0.0082399999999999,27.28757978080138,0.0938782175648641,604.5388729702208,0.32061918629633307
ammonia,BG,,wind,BG_H_wind_E,Finland,1,2024,181.94030736817385,352.3587091000472,534.299016468221,0.2159773447969143,27.529549154197397,0.0050180585944207,18.262080427828543,0.0057599999999999,40.51635260328374,0.1393895316176742,620.6069986535307,0.36614493500900913
ammonia,BG,,wind,BG_H_wind_E,Portugal,1,2024,153.30155528244276,338.23103648451206,491.53259176695485,0.2159773447969143,17.16609057239028,0.0023639826044998,18.75934554567035,0.00896,31.016532907113156,0.106707038431102,558.4745607921286,0.3340083658325161
ammonia,BG,,wind,BG_H_wind_E,Germany,1,2024,173.51714499001764,362.4239721013704,535.941117091388,0.2159773447969143,22.29593273045604,0.0036777323335437,30.530687815429072,0.02752,36.6158627362772,0.125970568144702,625.3836003735503,0.37314564527516003
ammonia,BG,,wind,BG_H_wind_E,Greece,1,2024,154.98618775807398,319.18423349141847,474.1704212494925,0.2159773447969143,15.991134891457742,0.002063077106845,26.11362406815024,0.0256,24.258747856022367,0.0834580430867353,540.533928065123,0.3270984649904946
ammonia,BG,,wind,BG_H_wind_E,France,1,2024,170.14788003875515,356.18091583127136,526.3287958700265,0.2159773447969143,24.644306125238636,0.0042791494563373,22.702130770469285,0.0035199999999999,34.98222431345737,0.1203503165682795,608.6574570791917,0.344126810821531
ammonia,BG,,wind,BG_H_wind_E,Brazil,1,2024,154.98618775807398,307.2433235212021,462.2295112792761,0.2159773447969143,82.03825245129546,0.0189777072503737,17.153624068150243,0.0082399999999999,38.5588408334689,0.1326550495826733,599.9802286321908,0.37585010162996124
ammonia,BG,,wind,BG_H_wind_E,United Kingdom,1,2024,179.41335865472695,321.5289492576154,500.9423079123424,0.2159773447969143,21.282326130476545,0.0034181482459541,43.270662644108704,0.01688,34.73904083892114,0.1195136857159255,600.2343375258488,0.3557891787587939
ammonia,BG,,wind,BG_H_wind_E,Spain,1,2024,156.67082023370523,321.8028513065477,478.47367154025295,0.2159773447969143,30.463196077087932,0.0057693639428704,17.947902590630136,0.01168,29.915481049237933,0.1029190591858143,556.800251257209,0.336345767925599
ammonia,BG,,wind,BG_H_wind_E,Sweden,1,2024,185.3095723194363,374.1149764603356,559.424548779772,0.2159773447969143,31.740731385979313,0.0060965400263024,13.886937472788334,0.0028799999999999,37.69910770463717,0.1296972858541006,642.7513253431767,0.3546511706773172
ammonia,BG,,wind,BG_H_wind_E,Czech Republic,1,2024,153.30155528244276,335.3289390854842,488.630494367927,0.2159773447969143,29.17016765563514,0.0054382200819119,25.23934554567035,0.03312,27.28757978080138,0.0938782175648641,570.3275873500339,0.34841378244369026
ammonia,BG,,wind,BG_H_wind_E,Japan,1,2024,181.94030736817385,429.6307563850024,611.5710637531763,0.2159773447969143,17.281036398859737,0.0023934201668509,24.582080427828544,0.03856,12.718481214659484,0.0437557436810314,666.1526617945242,0.3006865086447966
ammonia,BG,,wind,BG_H_wind_E,Belgium,1,2024,172.67482875220202,346.7033004997221,519.3781292519241,0.2159773447969143,10.990769212109248,0.0007824862321267,28.573548554189134,0.01104,35.725866416927914,0.1229086891224156,594.6683134351505,0.3507085201514566
ammonia,BG,,wind,BG_H_wind_E,Poland,1,2024,155.82850399588963,331.6375564145906,487.4660604104803,0.2159773447969143,19.458362490150392,0.0029510321701706,39.91076332939019,0.0492,39.26381763701094,0.1350804008330493,586.0990038670318,0.4032087778001342
ammonia,BG,,wind,BG_H_wind_E,India,1,2024,149.08997409336467,311.73971460391374,460.8296886972784,0.2159773447969143,39.14341255809945,0.0079923625651654,16.733649239470612,0.0566399999999999,6.648265497095545,0.0228722121851359,523.355015991944,0.3034819195472155
ammonia,BG,,wind,BG_H_wind_E,Indonesia,1,2024,135.61291428831473,365.5871662564088,501.2000805447235,0.2159773447969143,23.18926299464231,0.0039065137183034,11.65942105963146,0.05168,4.88644611995716,0.0168109761163601,540.9352107189544,0.2883748346315778
ammonia,BG,,wind,BG_H_wind_E,South Korea,1,2024,158.35545270933648,352.88419965170743,511.2396523610439,0.2159773447969143,15.415252168520214,0.0019155938611801,16.262181113110028,0.03312,11.06040315802593,0.0380514117545449,553.9774888007,0.2890643504126393
ammonia,BG,,wind,BG_H_wind_E,China,1,2024,154.1438715202584,289.87770063635793,444.02157215661634,0.2159773447969143,92.1669955976749,0.0215716727475749,14.156484806910296,0.0448,9.318538092371725,0.0320588250570185,559.6635906535732,0.3144078426015077
ammonia,BG,,wind,BG_H_wind_E,United Arab Emirates,1,2024,160.88240142278335,305.75504205084457,466.637443473628,0.2159773447969143,19.114195355194887,0.0028628911579598,15.89359889682987,0.03064,14.399076599623424,0.0495375425967107,516.0443143252762,0.2990177785515848
ammonia,BG,,wind,BG_H_wind_E,United States,1,2024,168.46324756312393,320.7502474241687,489.2134949872926,0.2159773447969143,91.30750456281253,0.0213515575706604,19.18785224798939,0.03072,33.23503464352958,0.1143394114869881,632.9438864416242,0.38238831385456284
ammonia,BG,,wind,BG_H_wind_E,Turkey,1,2024,154.1438715202584,342.13021553260313,496.27408705286155,0.2159773447969143,18.28051142252689,0.0026493851655915,18.716484806910294,0.0376,23.426924570833513,0.0805962983673512,556.6980078531323,0.336823028329857
ammonia,BG,,wind,BG_H_wind_E,Australia,1,2024,172.67482875220202,329.40596319160346,502.0807919438055,0.2159773447969143,92.70103380490208,0.0217084396359947,26.33354855418913,0.04416,7.469047395891629,0.0256959709166704,628.5844216987883,0.3075417553495794
ammonia,BG,,wind,BG_H_wind_E,Malaysia,1,2024,147.40534161773346,346.24132012591525,493.6466617436487,0.2159773447969143,24.03131984393713,0.004122164009972,16.73937071699072,0.04832,0.0,0.0,534.4173523045765,0.2684195088068863
ammonia,BG,,wind,BG_H_wind_E,Canada,1,2024,171.83251251438642,308.1185950321186,479.951107546505,0.2159773447969143,92.91265643600036,0.0217626360743447,16.136409292949182,0.0139999999999999,31.11744592592871,0.1070542122886443,620.1176192013833,0.3587941931599032
ammonia,BG,,wind,BG_H_wind_E,Mexico,1,2024,148.24765785554905,300.29974552531746,448.5474033808665,0.2159773447969143,58.72141086820218,0.0130062770644014,23.416509978230664,0.042,40.70394528232899,0.1400349119144411,571.3892695096283,0.4110185337757568
ammonia,BG,,wind,BG_H_wind_E,Thailand,1,2024,149.9322903311803,333.8643532351885,483.7966435663688,0.2159773447969143,19.93096669815586,0.0030720658454926,16.93078850071056,0.04432,3.4221431975442065,0.0117732941586562,524.0805419627794,0.2751427048010631
ammonia,BG,,wind,BG_H_wind_E,Russia,1,2024,159.1977689471521,366.85598203898235,526.0537509861344,0.2159773447969143,164.06845868908275,0.0399855975319214,14.219320374349977,0.03592,13.633944517067093,0.0469052374714824,717.9754745666343,0.3387881798003181
ammonia,BG,,wind,BG_H_wind_E,Saudi Arabia,1,2024,160.88240142278335,305.24897568738425,466.1313771101676,0.2159773447969143,35.82667913602567,0.0071429489769307,12.53359889682987,0.04416,15.984347931204594,0.0549913955276411,530.4760030742278,0.3222716893014861
ammonia,LTE,,wind,LTE_H_wind_E,South Africa,1,2024,180.824325,515.7506585858781,696.5749835858782,0.098520790522,33.88057380211861,0.0066445524812235,14.145041851870085,0.05672,21.057445183137673,0.0724445127102709,765.6580444230046,0.2343298557134944
ammonia,LTE,,wind,LTE_H_wind_E,Taiwan,1,2024,177.92340000000002,275.6750769908235,453.59847699082354,0.098520790522,14.355511307849394,0.0016441948150371,20.433624068150245,0.05088,7.203844257696276,0.0247835852046951,495.5914566245195,0.17582857054173218
ammonia,LTE,,wind,LTE_H_wind_E,Switzerland,1,2024,213.701475,573.6844599888752,787.3859349888753,0.098520790522,20.247192340312665,0.0031530510569083,30.847776734028276,0.00296,27.81668321550792,0.0956985067864331,866.2975872787242,0.20033234836534142
ammonia,LTE,,wind,LTE_H_wind_E,Singapore,1,2024,178.890375,860.6256244764281,1039.515999476428,0.098520790522,8.42126414544956,0.0001244374109182,29.91076332939019,0.03992,0.0,0.0,1077.848026951268,0.1385652279329182
ammonia,LTE,,wind,LTE_H_wind_E,Hungary,1,2024,174.05550000000002,474.7615536693412,648.8170536693412,0.098520790522,27.45606077813814,0.0049992382621062,22.685067023190456,0.01464,27.086249650723964,0.0931855759342909,726.0444311213938,0.21134560471839708
ammonia,LTE,,wind,LTE_H_wind_E,Philippines,1,2024,173.08852500000003,594.3395181319956,767.4280431319957,0.098520790522,18.23837230111739,0.0026385933599904,18.647927761950505,0.04904,5.5617638302542565,0.0191342903656246,809.8761070253178,0.16933367424761497
ammonia,LTE,,wind,LTE_H_wind_E,Netherlands,1,2024,198.229875,446.2117928576679,644.4416678576679,0.098520790522,12.831049847445094,0.0012537810812744,26.25354855418913,0.02024,35.79768272946307,0.1231557607743188,719.3239489887652,0.2431703323775932
ammonia,LTE,,wind,LTE_H_wind_E,Norway,1,2024,219.503325,436.43181897692534,655.9351439769254,0.098520790522,30.667279796307408,0.0058216296700732,18.350612301467965,0.00248,37.98858466568507,0.1306931814720913,742.9416207403858,0.2375156016641645
ammonia,LTE,,wind,LTE_H_wind_E,Oman,1,2024,184.69222500000004,543.5568341973756,728.2490591973756,0.098520790522,27.166098767846073,0.0049249791522318,23.17359889682987,0.0436,13.815824948800785,0.0475309657653892,792.4045818108523,0.194576735439621
ammonia,LTE,,wind,LTE_H_wind_E,Italy,1,2024,185.65920000000003,529.6926797249332,715.3518797249333,0.098520790522,20.06756614487286,0.0031070488879688,43.850738158069824,0.0230399999999999,27.28757978080138,0.0938782175648641,806.5577638086774,0.21854605697483281
ammonia,LTE,,wind,LTE_H_wind_E,Austria,1,2024,201.1308,488.4263008042166,689.5571008042166,0.098520790522,17.789447370858756,0.0025236239345548,31.164966337908968,0.0082399999999999,27.28757978080138,0.0938782175648641,765.7990942937856,0.2031626320214188
ammonia,LTE,,wind,LTE_H_wind_E,Finland,1,2024,208.8666,459.2698540331364,668.1364540331365,0.098520790522,27.529549154197397,0.0050180585944207,18.262080427828543,0.0057599999999999,40.51635260328374,0.1393895316176742,754.4444362184462,0.2486883807340948
ammonia,LTE,,wind,LTE_H_wind_E,Portugal,1,2024,175.98945000000003,537.8149167749444,713.8043667749445,0.098520790522,17.16609057239028,0.0023639826044998,18.75934554567035,0.00896,31.016532907113156,0.106707038431102,780.7463358001183,0.21655181155760178
ammonia,LTE,,wind,LTE_H_wind_E,Germany,1,2024,199.19685000000004,568.461208182751,767.658058182751,0.098520790522,22.29593273045604,0.0036777323335437,30.530687815429072,0.02752,36.6158627362772,0.125970568144702,857.1005414649132,0.2556890910002457
ammonia,LTE,,wind,LTE_H_wind_E,Greece,1,2024,177.92340000000002,484.3667396189837,662.2901396189836,0.098520790522,15.991134891457742,0.002063077106845,26.11362406815024,0.0256,24.258747856022367,0.0834580430867353,728.653646434614,0.2096419107155803
ammonia,LTE,,wind,LTE_H_wind_E,France,1,2024,195.32895,514.7752857603358,710.1042357603358,0.098520790522,24.644306125238636,0.0042791494563373,22.702130770469285,0.0035199999999999,34.98222431345737,0.1203503165682795,792.4328969695009,0.2266702565466167
ammonia,LTE,,wind,LTE_H_wind_E,Brazil,1,2024,177.92340000000002,261.2692133663591,439.1926133663591,0.098520790522,82.03825245129546,0.0189777072503737,17.153624068150243,0.0082399999999999,38.5588408334689,0.1326550495826733,576.9433307192738,0.25839354735504694
ammonia,LTE,,wind,LTE_H_wind_E,United Kingdom,1,2024,205.965675,342.453246208968,548.418921208968,0.098520790522,21.282326130476545,0.0034181482459541,43.270662644108704,0.01688,34.73904083892114,0.1195136857159255,647.7109508224744,0.2383326244838796
ammonia,LTE,,wind,LTE_H_wind_E,Spain,1,2024,179.85735000000005,381.76523575899625,561.6225857589963,0.098520790522,30.463196077087932,0.0057693639428704,17.947902590630136,0.01168,29.915481049237933,0.1029190591858143,639.9491654759522,0.2188892136506847
ammonia,LTE,,wind,LTE_H_wind_E,Sweden,1,2024,212.73450000000005,470.5135723088472,683.2480723088472,0.098520790522,31.740731385979313,0.0060965400263024,13.886937472788334,0.0028799999999999,37.69910770463717,0.1296972858541006,766.574848872252,0.23719461640240289
ammonia,LTE,,wind,LTE_H_wind_E,Czech Republic,1,2024,175.98945000000003,556.5773829525717,732.5668329525718,0.098520790522,29.17016765563514,0.0054382200819119,25.23934554567035,0.03312,27.28757978080138,0.0938782175648641,814.2639259346787,0.230957228168776
ammonia,LTE,,wind,LTE_H_wind_E,Japan,1,2024,208.8666,1277.231318910097,1486.0979189100967,0.098520790522,17.281036398859737,0.0023934201668509,24.582080427828544,0.03856,12.718481214659484,0.0437557436810314,1540.6795169514444,0.18322995436988232
ammonia,LTE,,wind,LTE_H_wind_E,Belgium,1,2024,198.229875,518.879356682935,717.109231682935,0.098520790522,10.990769212109248,0.0007824862321267,28.573548554189134,0.01104,35.725866416927914,0.1229086891224156,792.3994158661615,0.2332519658765423
ammonia,LTE,,wind,LTE_H_wind_E,Poland,1,2024,178.890375,512.7677503486034,691.6581253486033,0.098520790522,19.458362490150392,0.0029510321701706,39.91076332939019,0.0492,39.26381763701094,0.1350804008330493,790.2910688051549,0.2857522235252199
ammonia,LTE,,wind,LTE_H_wind_E,India,1,2024,171.15457500000002,477.5168086954165,648.6713836954166,0.098520790522,39.14341255809945,0.0079923625651654,16.733649239470612,0.0566399999999999,6.648265497095545,0.0228722121851359,711.1967109900822,0.1860253652723012
ammonia,LTE,,wind,LTE_H_wind_E,Indonesia,1,2024,155.682975,848.5777268630385,1004.2607018630384,0.098520790522,23.18926299464231,0.0039065137183034,11.65942105963146,0.05168,4.88644611995716,0.0168109761163601,1043.9958320372693,0.17091828035666348
ammonia,LTE,,wind,LTE_H_wind_E,South Korea,1,2024,181.7913,696.662384694078,878.453684694078,0.098520790522,15.415252168520214,0.0019155938611801,16.262181113110028,0.03312,11.06040315802593,0.0380514117545449,921.1915211337341,0.171607796137725
ammonia,LTE,,wind,LTE_H_wind_E,China,1,2024,176.95642500000002,274.0304483430511,450.9868733430511,0.098520790522,92.1669955976749,0.0215716727475749,14.156484806910296,0.0448,9.318538092371725,0.0320588250570185,566.628891840008,0.19695128832659342
ammonia,LTE,,wind,LTE_H_wind_E,United Arab Emirates,1,2024,184.69222500000004,542.5617600194915,727.2539850194916,0.098520790522,19.114195355194887,0.0028628911579598,15.89359889682987,0.03064,14.399076599623424,0.0495375425967107,776.6608558711397,0.1815612242766705
ammonia,LTE,,wind,LTE_H_wind_E,United States,1,2024,193.395,414.5842338323146,607.9792338323147,0.098520790522,91.30750456281253,0.0213515575706604,19.18785224798939,0.03072,33.23503464352958,0.1143394114869881,751.7096252866462,0.2649317595796485
ammonia,LTE,,wind,LTE_H_wind_E,Turkey,1,2024,176.95642500000002,790.660179767182,967.616604767182,0.098520790522,18.28051142252689,0.0026493851655915,18.716484806910294,0.0376,23.426924570833513,0.0805962983673512,1028.0405255674527,0.2193664740549427
ammonia,LTE,,wind,LTE_H_wind_E,Australia,1,2024,198.229875,454.4837111560077,652.7135861560078,0.098520790522,92.70103380490208,0.0217084396359947,26.33354855418913,0.04416,7.469047395891629,0.0256959709166704,779.2172159109906,0.1900852010746651
ammonia,LTE,,wind,LTE_H_wind_E,Malaysia,1,2024,169.220625,849.9800733062757,1019.2006983062756,0.098520790522,24.03131984393713,0.004122164009972,16.73937071699072,0.04832,0.0,0.0,1059.9713888672036,0.150962954531972
ammonia,LTE,,wind,LTE_H_wind_E,Canada,1,2024,197.26290000000003,391.94525749134624,589.2081574913462,0.098520790522,92.91265643600036,0.0217626360743447,16.136409292949182,0.0139999999999999,31.11744592592871,0.1070542122886443,729.3746691462245,0.24133763888498888
ammonia,LTE,,wind,LTE_H_wind_E,Mexico,1,2024,170.1876,486.0989426420492,656.2865426420492,0.098520790522,58.72141086820218,0.0130062770644014,23.416509978230664,0.042,40.70394528232899,0.1400349119144411,779.128408770811,0.2935619795008425
ammonia,LTE,,wind,LTE_H_wind_E,Thailand,1,2024,172.12155,741.1164755944221,913.2380255944222,0.098520790522,19.93096669815586,0.0030720658454926,16.93078850071056,0.04432,3.4221431975442065,0.0117732941586562,953.5219239908329,0.1576861505261488
ammonia,LTE,,wind,LTE_H_wind_E,Russia,1,2024,182.75827500000003,1075.8338744615735,1258.5921494615736,0.098520790522,164.06845868908275,0.0399855975319214,14.219320374349977,0.03592,13.633944517067093,0.0469052374714824,1450.5138730420733,0.2213316255254038
ammonia,LTE,,wind,LTE_H_wind_E,Saudi Arabia,1,2024,184.69222500000004,542.3228532348364,727.0150782348364,0.098520790522,35.82667913602567,0.0071429489769307,12.53359889682987,0.04416,15.984347931204594,0.0549913955276411,791.3597041988966,0.20481513502657178
ammonia,SMR,,wind,SMR_H_wind_E,South Africa,1,2024,119.73483389148348,170.74856027951677,290.48339417100027,1.8741039192456292,33.88057380211861,0.0066445524812235,14.145041851870085,0.05672,21.057445183137673,0.0724445127102709,359.5664550081266,2.0099129844371237
ammonia,SMR,,wind,SMR_H_wind_E,Taiwan,1,2024,117.81395420338478,345.7346593877135,463.5486135910983,1.8741039192456292,14.355511307849394,0.0016441948150371,20.433624068150245,0.05088,7.203844257696276,0.0247835852046951,505.5415932247942,1.9514116992653616
ammonia,SMR,,wind,SMR_H_wind_E,Switzerland,1,2024,141.50480368993502,1443.5859685124176,1585.0907722023526,1.8741039192456292,20.247192340312665,0.0031530510569083,30.847776734028276,0.00296,27.81668321550792,0.0956985067864331,1664.0024244922015,1.9759154770889706
ammonia,SMR,,wind,SMR_H_wind_E,Singapore,1,2024,118.45424743275105,1590.2639566239934,1708.7182040567443,1.8741039192456292,8.42126414544956,0.0001244374109182,29.91076332939019,0.03992,0.0,0.0,1747.0502315315841,1.9141483566565474
ammonia,SMR,,wind,SMR_H_wind_E,Hungary,1,2024,115.25278128591992,586.5965189850108,701.8493002709307,1.8741039192456292,27.45606077813814,0.0049992382621062,22.685067023190456,0.01464,27.086249650723964,0.0931855759342909,779.0766777229833,1.9869287334420265
ammonia,SMR,,wind,SMR_H_wind_E,Philippines,1,2024,114.61248805655369,371.00336090983456,485.6158489663882,1.8741039192456292,18.23837230111739,0.0026385933599904,18.647927761950505,0.04904,5.5617638302542565,0.0191342903656246,528.0639128597104,1.9449168029712443
ammonia,SMR,,wind,SMR_H_wind_E,Netherlands,1,2024,131.26011202007544,988.3571910687972,1119.6173030888726,1.8741039192456292,12.831049847445094,0.0012537810812744,26.25354855418913,0.02024,35.79768272946307,0.1231557607743188,1194.4995842199698,2.018753461101223
ammonia,SMR,,wind,SMR_H_wind_E,Norway,1,2024,145.34656306613235,733.9352014508738,879.2817645170062,1.8741039192456292,30.667279796307408,0.0058216296700732,18.350612301467965,0.00248,37.98858466568507,0.1306931814720913,966.2882412804667,2.013098730387794
ammonia,SMR,,wind,SMR_H_wind_E,Oman,1,2024,122.29600680894836,106.84972270681196,229.1457295157603,1.8741039192456292,27.166098767846073,0.0049249791522318,23.17359889682987,0.0436,13.815824948800785,0.0475309657653892,293.301252129237,1.9701598641632505
ammonia,SMR,,wind,SMR_H_wind_E,Italy,1,2024,122.93630003831456,1107.858768866251,1230.7950689045656,1.8741039192456292,20.06756614487286,0.0031070488879688,43.850738158069824,0.0230399999999999,27.28757978080138,0.0938782175648641,1322.0009529883098,1.994129185698462
ammonia,SMR,,wind,SMR_H_wind_E,Austria,1,2024,133.18099170817413,935.8758962435874,1069.0568879517614,1.8741039192456292,17.789447370858756,0.0025236239345548,31.164966337908968,0.0082399999999999,27.28757978080138,0.0938782175648641,1145.2988814413306,1.9787457607450478
ammonia,SMR,,wind,SMR_H_wind_E,Finland,1,2024,138.3033375431039,991.5548206460276,1129.8581581891317,1.8741039192456292,27.529549154197397,0.0050180585944207,18.262080427828543,0.0057599999999999,40.51635260328374,0.1393895316176742,1216.1661403744415,2.024271509457724
ammonia,SMR,,wind,SMR_H_wind_E,Portugal,1,2024,116.53336774465237,873.1862312180355,989.7195989626878,1.8741039192456292,17.16609057239028,0.0023639826044998,18.75934554567035,0.00896,31.016532907113156,0.106707038431102,1056.6615679878614,1.9921349402812312
ammonia,SMR,,wind,SMR_H_wind_E,Germany,1,2024,131.9004052494417,882.7104830393348,1014.6108882887766,1.8741039192456292,22.29593273045604,0.0036777323335437,30.530687815429072,0.02752,36.6158627362772,0.125970568144702,1104.053371570939,2.031272219723875
ammonia,SMR,,wind,SMR_H_wind_E,Greece,1,2024,117.8139542033848,491.99459912609944,609.8085533294843,1.8741039192456292,15.991134891457742,0.002063077106845,26.11362406815024,0.0256,24.258747856022367,0.0834580430867353,676.1720601451146,1.9852250394392097
ammonia,SMR,,wind,SMR_H_wind_E,France,1,2024,129.3392323319768,971.0433900420452,1100.382622374022,1.8741039192456292,24.644306125238636,0.0042791494563373,22.702130770469285,0.0035199999999999,34.98222431345737,0.1203503165682795,1182.7112835831874,2.002253385270246
ammonia,SMR,,wind,SMR_H_wind_E,Brazil,1,2024,117.81395420338478,921.3333995526298,1039.1473537560146,1.8741039192456292,82.03825245129546,0.0189777072503737,17.153624068150243,0.0082399999999999,38.5588408334689,0.1326550495826733,1176.8980711089291,2.033976676078676
ammonia,SMR,,wind,SMR_H_wind_E,United Kingdom,1,2024,136.3824578550052,709.3416753505385,845.7241332055437,1.8741039192456292,21.282326130476545,0.0034181482459541,43.270662644108704,0.01688,34.73904083892114,0.1195136857159255,945.0161628190501,2.0139157532075087
ammonia,SMR,,wind,SMR_H_wind_E,Spain,1,2024,119.09454066211724,711.6374136635133,830.7319543256306,1.8741039192456292,30.463196077087932,0.0057693639428704,17.947902590630136,0.01168,29.915481049237933,0.1029190591858143,909.0585340425865,1.9944723423743138
ammonia,SMR,,wind,SMR_H_wind_E,Sweden,1,2024,140.8645104605688,1447.4508576105666,1588.3153680711353,1.8741039192456292,31.740731385979313,0.0060965400263024,13.886937472788334,0.0028799999999999,37.69910770463717,0.1296972858541006,1671.64214463454,2.0127777451260322
ammonia,SMR,,wind,SMR_H_wind_E,Czech Republic,1,2024,116.53336774465237,740.2270096483102,856.7603773929625,1.8741039192456292,29.17016765563514,0.0054382200819119,25.23934554567035,0.03312,27.28757978080138,0.0938782175648641,938.4574703750694,2.006540356892405
ammonia,SMR,,wind,SMR_H_wind_E,Japan,1,2024,138.3033375431039,848.8042694431152,987.1076069862193,1.8741039192456292,17.281036398859737,0.0023934201668509,24.582080427828544,0.03856,12.718481214659484,0.0437557436810314,1041.6892050275671,1.9588130830935115
ammonia,SMR,,wind,SMR_H_wind_E,Belgium,1,2024,131.26011202007544,583.8167156266088,715.0768276466843,1.8741039192456292,10.990769212109248,0.0007824862321267,28.573548554189134,0.01104,35.725866416927914,0.1229086891224156,790.3670118299107,2.0088350946001716
ammonia,SMR,,wind,SMR_H_wind_E,Poland,1,2024,118.45424743275105,813.226055882249,931.680303315,1.8741039192456292,19.458362490150392,0.0029510321701706,39.91076332939019,0.0492,39.26381763701094,0.1350804008330493,1030.3132467715516,2.0613353522488493
ammonia,SMR,,wind,SMR_H_wind_E,India,1,2024,113.33190159782124,545.3503388540104,658.6822404518316,1.8741039192456292,39.14341255809945,0.0079923625651654,16.733649239470612,0.0566399999999999,6.648265497095545,0.0228722121851359,721.2075677464973,1.9616084939959304
ammonia,SMR,,wind,SMR_H_wind_E,Indonesia,1,2024,103.0872099279617,878.2501790403647,981.3373889683264,1.8741039192456292,23.18926299464231,0.0039065137183034,11.65942105963146,0.05168,4.88644611995716,0.0168109761163601,1021.0725191425573,1.9465014090802928
ammonia,SMR,,wind,SMR_H_wind_E,South Korea,1,2024,120.37512712084968,636.9039020263214,757.2790291471711,1.8741039192456292,15.415252168520214,0.0019155938611801,16.262181113110028,0.03312,11.06040315802593,0.0380514117545449,800.0168655868272,1.9471909248613544
ammonia,SMR,,wind,SMR_H_wind_E,China,1,2024,117.17366097401856,521.0167149165852,638.1903758906038,1.8741039192456292,92.1669955976749,0.0215716727475749,14.156484806910296,0.0448,9.318538092371725,0.0320588250570185,753.8323943875607,1.9725344170502226
ammonia,SMR,,wind,SMR_H_wind_E,United Arab Emirates,1,2024,122.29600680894836,105.69121203658534,227.9872188455337,1.8741039192456292,19.114195355194887,0.0028628911579598,15.89359889682987,0.03064,14.399076599623424,0.0495375425967107,277.39408969718187,1.9571443530002997
ammonia,SMR,,wind,SMR_H_wind_E,United States,1,2024,128.05864587324433,359.76138986529696,487.82003573854126,1.8741039192456292,91.30750456281253,0.0213515575706604,19.18785224798939,0.03072,33.23503464352958,0.1143394114869881,631.5504271928728,2.040514888303278
ammonia,SMR,,wind,SMR_H_wind_E,Turkey,1,2024,117.17366097401856,362.085157544478,479.2588185184965,1.8741039192456292,18.28051142252689,0.0026493851655915,18.716484806910294,0.0376,23.426924570833513,0.0805962983673512,539.6827393187673,1.994949602778572
ammonia,SMR,,wind,SMR_H_wind_E,Australia,1,2024,131.26011202007544,461.0334317408668,592.2935437609423,1.8741039192456292,92.70103380490208,0.0217084396359947,26.33354855418913,0.04416,7.469047395891629,0.0256959709166704,718.7971735159251,1.9656683297982944
ammonia,SMR,,wind,SMR_H_wind_E,Malaysia,1,2024,112.0513151390888,351.22334368827995,463.27465882736874,1.8741039192456292,24.03131984393713,0.004122164009972,16.73937071699072,0.04832,0.0,0.0,504.0453493882966,1.9265460832556012
ammonia,SMR,,wind,SMR_H_wind_E,Canada,1,2024,130.61981879070922,235.15658157952808,365.7764003702373,1.8741039192456292,92.91265643600036,0.0217626360743447,16.136409292949182,0.0139999999999999,31.11744592592871,0.1070542122886443,505.94291202511556,2.016920767608618
ammonia,SMR,,wind,SMR_H_wind_E,Mexico,1,2024,112.69160836845502,206.647143745228,319.33875211368303,1.8741039192456292,58.72141086820218,0.0130062770644014,23.416509978230664,0.042,40.70394528232899,0.1400349119144411,442.1806182424448,2.069145108224472
ammonia,SMR,,wind,SMR_H_wind_E,Thailand,1,2024,113.97219482718748,362.05526897694585,476.02746380413333,1.8741039192456292,19.93096669815586,0.0030720658454926,16.93078850071056,0.04432,3.4221431975442065,0.0117732941586562,516.311362200544,1.9332692792497779
ammonia,SMR,,wind,SMR_H_wind_E,Russia,1,2024,121.01542035021592,215.06994481031492,336.08536516053084,1.8741039192456292,164.06845868908275,0.0399855975319214,14.219320374349977,0.03592,13.633944517067093,0.0469052374714824,528.0070887410307,1.996914754249033
ammonia,SMR,,wind,SMR_H_wind_E,Saudi Arabia,1,2024,122.29600680894836,105.63157684261436,227.9275836515627,1.8741039192456292,35.82667913602567,0.0071429489769307,12.53359889682987,0.04416,15.984347931204594,0.0549913955276411,292.27220961562284,1.9803982637502011
ammonia,SMRCCS,,wind,SMRCCS_H_wind_E,South Africa,1,2024,168.27093493540457,217.47508650937425,385.7460214447787,0.3413627131762993,33.88057380211861,0.0066445524812235,14.145041851870085,0.05672,21.057445183137673,0.0724445127102709,454.829082281905,0.4771717783677937
ammonia,SMRCCS,,wind,SMRCCS_H_wind_E,Taiwan,1,2024,165.5714012198633,443.5659609051176,609.1373621249809,0.3413627131762993,14.355511307849394,0.0016441948150371,20.433624068150245,0.05088,7.203844257696276,0.0247835852046951,651.1303417586768,0.41867049319603145
ammonia,SMRCCS,,wind,SMRCCS_H_wind_E,Switzerland,1,2024,198.86565037820537,1853.7243550448836,2052.5900054230888,0.3413627131762993,20.247192340312665,0.0031530510569083,30.847776734028276,0.00296,27.81668321550792,0.0956985067864331,2131.5016577129377,0.4431742710196407
ammonia,SMRCCS,,wind,SMRCCS_H_wind_E,Singapore,1,2024,166.4712457917104,2040.1314933989613,2206.602739190672,0.3413627131762993,8.42126414544956,0.0001244374109182,29.91076332939019,0.03992,0.0,0.0,2244.9347666655117,0.3814071505872175
ammonia,SMRCCS,,wind,SMRCCS_H_wind_E,Hungary,1,2024,161.97202293247497,752.2141298094576,914.1861527419326,0.3413627131762993,27.45606077813814,0.0049992382621062,22.685067023190456,0.01464,27.086249650723964,0.0931855759342909,991.4135301939851,0.45418752737269635
ammonia,SMRCCS,,wind,SMRCCS_H_wind_E,Philippines,1,2024,161.07217836062787,474.0688190381168,635.1409973987447,0.3413627131762993,18.23837230111739,0.0026385933599904,18.647927761950505,0.04904,5.5617638302542565,0.0191342903656246,677.5890612920668,0.41217559690191424
ammonia,SMRCCS,,wind,SMRCCS_H_wind_E,Netherlands,1,2024,184.46813722865204,1269.3439150568283,1453.8120522854804,0.3413627131762993,12.831049847445094,0.0012537810812744,26.25354855418913,0.02024,35.79768272946307,0.1231557607743188,1528.6943334165776,0.4860122550318925
ammonia,SMRCCS,,wind,SMRCCS_H_wind_E,Norway,1,2024,204.2647178092879,942.4371931890432,1146.701910998331,0.3413627131762993,30.667279796307408,0.0058216296700732,18.350612301467965,0.00248,37.98858466568507,0.1306931814720913,1233.7083877617913,0.4803575243184638
ammonia,SMRCCS,,wind,SMRCCS_H_wind_E,Oman,1,2024,171.8703132227929,135.24758199933524,307.11789522212814,0.3413627131762993,27.166098767846073,0.0049249791522318,23.17359889682987,0.0436,13.815824948800785,0.0475309657653892,371.27341783560485,0.4374186580939202
ammonia,SMRCCS,,wind,SMRCCS_H_wind_E,Italy,1,2024,172.77015779463994,1421.9560494701752,1594.7262072648152,0.3413627131762993,20.06756614487286,0.0031070488879688,43.850738158069824,0.0230399999999999,27.28757978080138,0.0938782175648641,1685.9320913485594,0.4613879796291321
ammonia,SMRCCS,,wind,SMRCCS_H_wind_E,Austria,1,2024,187.1676709441933,1201.3825795251369,1388.5502504693302,0.3413627131762993,17.789447370858756,0.0025236239345548,31.164966337908968,0.0082399999999999,27.28757978080138,0.0938782175648641,1464.7922439588995,0.4460045546757181
ammonia,SMRCCS,,wind,SMRCCS_H_wind_E,Finland,1,2024,194.36642751897,1273.5504151836224,1467.9168427025925,0.3413627131762993,27.529549154197397,0.0050180585944207,18.262080427828543,0.0057599999999999,40.51635260328374,0.1393895316176742,1554.2248248879023,0.4915303033883941
ammonia,SMRCCS,,wind,SMRCCS_H_wind_E,Portugal,1,2024,163.77171207616914,1120.622158849367,1284.3938709255362,0.3413627131762993,17.16609057239028,0.0023639826044998,18.75934554567035,0.00896,31.016532907113156,0.106707038431102,1351.33583995071,0.45939373421190116
ammonia,SMRCCS,,wind,SMRCCS_H_wind_E,Germany,1,2024,185.3679818004991,1132.8576412139166,1318.2256230144158,0.3413627131762993,22.29593273045604,0.0036777323335437,30.530687815429072,0.02752,36.6158627362772,0.125970568144702,1407.6681062965781,0.498531013654545
ammonia,SMRCCS,,wind,SMRCCS_H_wind_E,Greece,1,2024,165.5714012198633,630.4337626833553,796.0051639032187,0.3413627131762993,15.991134891457742,0.002063077106845,26.11362406815024,0.0256,24.258747856022367,0.0834580430867353,862.368670718849,0.45248383336987963
ammonia,SMRCCS,,wind,SMRCCS_H_wind_E,France,1,2024,181.7686035131108,1246.4418570394396,1428.2104605525503,0.3413627131762993,24.644306125238636,0.0042791494563373,22.702130770469285,0.0035199999999999,34.98222431345737,0.1203503165682795,1510.5391217617157,0.469512179200916
ammonia,SMRCCS,,wind,SMRCCS_H_wind_E,Brazil,1,2024,165.5714012198633,1184.09650334527,1349.667904565133,0.3413627131762993,82.03825245129546,0.0189777072503737,17.153624068150243,0.0082399999999999,38.5588408334689,0.1326550495826733,1487.4186219180476,0.5012354700093462
ammonia,SMRCCS,,wind,SMRCCS_H_wind_E,United Kingdom,1,2024,191.6668938034287,911.4353186434404,1103.102212446869,0.3413627131762993,21.282326130476545,0.0034181482459541,43.270662644108704,0.01688,34.73904083892114,0.1195136857159255,1202.3942420603753,0.48117454713817887
ammonia,SMRCCS,,wind,SMRCCS_H_wind_E,Spain,1,2024,167.37109036355747,913.9136434422796,1081.284733805837,0.3413627131762993,30.463196077087932,0.0057693639428704,17.947902590630136,0.01168,29.915481049237933,0.1029190591858143,1159.6113135227931,0.461731136304984
ammonia,SMRCCS,,wind,SMRCCS_H_wind_E,Sweden,1,2024,197.9658058063583,1859.7115655280031,2057.6773713343614,0.3413627131762993,31.740731385979313,0.0060965400263024,13.886937472788334,0.0028799999999999,37.69910770463717,0.1296972858541006,2141.0041478977664,0.4800365390567022
ammonia,SMRCCS,,wind,SMRCCS_H_wind_E,Czech Republic,1,2024,163.77171207616914,950.0011290767776,1113.772841152947,0.3413627131762993,29.17016765563514,0.0054382200819119,25.23934554567035,0.03312,27.28757978080138,0.0938782175648641,1195.469934135054,0.4737991508230753
ammonia,SMRCCS,,wind,SMRCCS_H_wind_E,Japan,1,2024,194.36642751897,1083.7156661232093,1278.0820936421792,0.3413627131762993,17.281036398859737,0.0023934201668509,24.582080427828544,0.03856,12.718481214659484,0.0437557436810314,1332.6636916835268,0.4260718770241816
ammonia,SMRCCS,,wind,SMRCCS_H_wind_E,Belgium,1,2024,184.46813722865204,748.5067746740651,932.9749119027172,0.3413627131762993,10.990769212109248,0.0007824862321267,28.573548554189134,0.01104,35.725866416927914,0.1229086891224156,1008.2650960859436,0.47609388853084156
ammonia,SMRCCS,,wind,SMRCCS_H_wind_E,Poland,1,2024,166.4712457917104,1043.6810155360747,1210.152261327785,0.3413627131762993,19.458362490150392,0.0029510321701706,39.91076332939019,0.0492,39.26381763701094,0.1350804008330493,1308.7852047843367,0.5285941461795193
ammonia,SMRCCS,,wind,SMRCCS_H_wind_E,India,1,2024,159.2724892169337,698.896692699443,858.1691819163766,0.3413627131762993,39.14341255809945,0.0079923625651654,16.733649239470612,0.0566399999999999,6.648265497095545,0.0228722121851359,920.6945092110423,0.4288672879266005
ammonia,SMRCCS,,wind,SMRCCS_H_wind_E,Indonesia,1,2024,144.87497606738037,1124.408689188513,1269.2836652558938,0.3413627131762993,23.18926299464231,0.0039065137183034,11.65942105963146,0.05168,4.88644611995716,0.0168109761163601,1309.0187954301248,0.41376020301096283
ammonia,SMRCCS,,wind,SMRCCS_H_wind_E,South Korea,1,2024,169.1707795072516,814.9973272154667,984.1681067227184,0.3413627131762993,15.415252168520214,0.0019155938611801,16.262181113110028,0.03312,11.06040315802593,0.0380514117545449,1026.9059431623746,0.4144497187920243
ammonia,SMRCCS,,wind,SMRCCS_H_wind_E,China,1,2024,164.6715566480162,669.0832667010154,833.7548233490317,0.3413627131762993,92.1669955976749,0.0215716727475749,14.156484806910296,0.0448,9.318538092371725,0.0320588250570185,949.3968418459885,0.4397932109808927
ammonia,SMRCCS,,wind,SMRCCS_H_wind_E,United Arab Emirates,1,2024,171.8703132227929,133.59043219714005,305.46074541993295,0.3413627131762993,19.114195355194887,0.0028628911579598,15.89359889682987,0.03064,14.399076599623424,0.0495375425967107,354.86761627158114,0.4244031469309698
ammonia,SMRCCS,,wind,SMRCCS_H_wind_E,United States,1,2024,179.96891436941664,461.039615132039,641.0085295014557,0.3413627131762993,91.30750456281253,0.0213515575706604,19.18785224798939,0.03072,33.23503464352958,0.1143394114869881,784.7389209557872,0.5077736822339478
ammonia,SMRCCS,,wind,SMRCCS_H_wind_E,Turkey,1,2024,164.6715566480162,461.1732842988831,625.8448409468994,0.3413627131762993,18.28051142252689,0.0026493851655915,18.716484806910294,0.0376,23.426924570833513,0.0805962983673512,686.2687617471701,0.462208396709242
ammonia,SMRCCS,,wind,SMRCCS_H_wind_E,Australia,1,2024,184.46813722865204,591.3237503607747,775.7918875894268,0.3413627131762993,92.70103380490208,0.0217084396359947,26.33354855418913,0.04416,7.469047395891629,0.0256959709166704,902.2955173444096,0.4329271237289644
ammonia,SMRCCS,,wind,SMRCCS_H_wind_E,Malaysia,1,2024,157.47280007323954,446.6739886142941,604.1467886875337,0.3413627131762993,24.03131984393713,0.004122164009972,16.73937071699072,0.04832,0.0,0.0,644.9174792484615,0.39380487718627133
ammonia,SMRCCS,,wind,SMRCCS_H_wind_E,Canada,1,2024,183.56829265680497,301.1155790080254,484.6838716648303,0.3413627131762993,92.91265643600036,0.0217626360743447,16.136409292949182,0.0139999999999999,31.11744592592871,0.1070542122886443,624.8503833197086,0.4841795615392882
ammonia,SMRCCS,,wind,SMRCCS_H_wind_E,Mexico,1,2024,158.37264464508664,263.408942232414,421.7815868775007,0.3413627131762993,58.72141086820218,0.0130062770644014,23.416509978230664,0.042,40.70394528232899,0.1400349119144411,544.6234530062625,0.5364039021551418
ammonia,SMRCCS,,wind,SMRCCS_H_wind_E,Thailand,1,2024,160.1723337887808,461.4856316893613,621.657965478142,0.3413627131762993,19.93096669815586,0.0030720658454926,16.93078850071056,0.04432,3.4221431975442065,0.0117732941586562,661.9418638745527,0.4005280731804481
ammonia,SMRCCS,,wind,SMRCCS_H_wind_E,Russia,1,2024,170.07062407909874,270.2214081667433,440.2920322458421,0.3413627131762993,164.06845868908275,0.0399855975319214,14.219320374349977,0.03592,13.633944517067093,0.0469052374714824,632.213755826342,0.4641735481797031
ammonia,SMRCCS,,wind,SMRCCS_H_wind_E,Saudi Arabia,1,2024,171.8703132227929,133.5307940399296,305.40110726272246,0.3413627131762993,35.82667913602567,0.0071429489769307,12.53359889682987,0.04416,15.984347931204594,0.0549913955276411,369.7457332267826,0.44765705768087105
