Fuel,Hydrogen Source,Carbon Source,Electricity Source,Pathway Name,Region,Number,Year,CapEx [$/tonne],OpEx [$/tonne],Fuel Production LCOF [$/tonne],Fuel Production Emissions [kg CO2e / kg fuel],Land Transport Cost [$/tonne],Land Transport Emissions [kg CO2e / kg fuel],Fuel Storage Cost [$/tonne],Fuel Storage Emissions [kg CO2e / kg fuel],Tanker Transport Cost [$/tonne],Tanker Transport Emissions [kg CO2e / kg fuel],Final LCOF [$/tonne],Final Emissions [kg CO2e / kg fuel]
compressed_hydrogen,ATRCCS,,grid,ATRCCS_H_grid_E,South Africa,1,2024,527.6615847731491,1213.9102976831073,1741.5718824562564,5.436339828918278,438.1704908749996,0.4433861978391045,449.5806429320899,0.140382,361.7425091914331,1.24451278761725,2991.065525454779,7.2646208143746325
compressed_hydrogen,ATRCCS,,grid,ATRCCS_H_grid_E,Taiwan,1,2024,519.1964256591414,2946.053064022879,3465.2494896820203,5.006954735750576,108.29765925058994,0.1099631873647823,458.4940016016286,0.125928,123.75369732364892,0.4257532773199524,4155.794847857887,5.6685992004353105
compressed_hydrogen,ATRCCS,,grid,ATRCCS_H_grid_E,Switzerland,1,2024,623.6000547319036,10182.663254852345,10806.263309584248,1.483644176744365,207.83667510659143,0.2105734684932008,566.2965780106518,0.007326,477.85838672484647,1.6439894616712198,12058.254949426338,3.3455331069087855
compressed_hydrogen,ATRCCS,,grid,ATRCCS_H_grid_E,Singapore,1,2024,522.0181453638106,10938.994089631442,11461.012234995253,4.201122437613931,8.03949538583879,0.0086260185661268,484.16688204511576,0.098802,0.0,0.0,11953.218612426208,4.308550456180058
compressed_hydrogen,ATRCCS,,grid,ATRCCS_H_grid_E,Hungary,1,2024,507.9095468404644,4471.0507738389315,4978.960320679396,2.3424143630797687,329.62936309882156,0.3336769216759281,455.1984798276802,0.036234,465.3103844280541,1.600820221339709,6229.098548033951,4.313145506095406
compressed_hydrogen,ATRCCS,,grid,ATRCCS_H_grid_E,Philippines,1,2024,505.0878271357951,2764.279686139093,3269.367513274888,4.871669021464863,173.897979404711,0.1762695155523986,442.989599384193,0.121374,95.54465824265502,0.3287049377671536,3981.7997503064466,5.498017474784415
compressed_hydrogen,ATRCCS,,grid,ATRCCS_H_grid_E,Netherlands,1,2024,578.4525394571956,7159.113116675213,7737.565656132409,2.7541534935145515,82.54212485506892,0.0839304650813442,519.454490914858,0.050094,614.9627108688619,2.115673270732631,8954.524982771198,5.003851229328527
compressed_hydrogen,ATRCCS,,grid,ATRCCS_H_grid_E,Norway,1,2024,640.530372959919,4940.898975949509,5581.429348909428,1.4483522512785267,383.8823986934868,0.3885138428199527,548.6678606715745,0.006138,652.5998675566051,2.245157424785045,7166.579475831094,4.088161518883524
compressed_hydrogen,ATRCCS,,grid,ATRCCS_H_grid_E,Oman,1,2024,538.9484635918261,1448.1860181099744,1987.1344817018005,4.47169386618536,324.730500960653,0.328725336684938,480.79416470603854,0.10791,237.33986435975157,0.816526918186284,3029.999011728243,5.7248561210565825
compressed_hydrogen,ATRCCS,,grid,ATRCCS_H_grid_E,Italy,1,2024,541.7701832964954,9184.08836370598,9725.858547002475,2.9600230587319425,204.80191904673052,0.2075060515842323,534.1870451495255,0.057024,468.7690027835402,1.6127190019959037,10933.616513982271,4.837272112312078
compressed_hydrogen,ATRCCS,,grid,ATRCCS_H_grid_E,Austria,1,2024,586.9176985712033,7161.679692180648,7748.597390751851,1.8718553568685887,166.3134639659168,0.1686033735481032,538.2611322453193,0.020394,468.7690027835402,1.6127190019959037,8921.940989746627,3.673571732412596
compressed_hydrogen,ATRCCS,,grid,ATRCCS_H_grid_E,Finland,1,2024,609.4914562085573,6547.202506908135,7156.6939631166915,1.6895137419617563,330.87093754752107,0.3349318582779358,524.0621757932163,0.014256,696.023991824673,2.3945506439106756,8707.651068282103,4.433252244150368
compressed_hydrogen,ATRCCS,,grid,ATRCCS_H_grid_E,Portugal,1,2024,513.552986249803,5900.391728006981,6413.944714256784,1.9247932450673468,155.78194980131548,0.1579585164365832,449.9162407146544,0.022176,532.8280967922211,1.83310327984916,7552.471001564975,3.9380310413530903
compressed_hydrogen,ATRCCS,,grid,ATRCCS_H_grid_E,Germany,1,2024,581.274259161865,6724.590931419635,7305.8651905815,3.2894143630797688,242.44981880117643,0.245559128014774,532.257371358345,0.0681119999999999,629.0180953687924,2.164028399866166,8709.590476109815,5.767113890960708
compressed_hydrogen,ATRCCS,,grid,ATRCCS_H_grid_E,Greece,1,2024,519.1964256591415,4119.315766721682,4638.512192380824,3.148246661216415,135.93126007286196,0.1378941883236556,472.5520016016286,0.06336,416.73717979363374,1.4337124782154538,5663.732633848948,4.783213327755524
compressed_hydrogen,ATRCCS,,grid,ATRCCS_H_grid_E,France,1,2024,569.9873803431879,6755.229547009095,7325.216927352283,1.5248180897878436,282.1252145483468,0.2856615208873211,504.01384958439667,0.008712,600.9540801455399,2.067478989913519,8712.310071630567,3.8866706005886837
compressed_hydrogen,ATRCCS,,grid,ATRCCS_H_grid_E,Brazil,1,2024,519.1964256591414,6274.179960475998,6793.37638613514,1.8718553568685887,1251.7868275768665,1.2657588892134022,450.3760016016286,0.020394,662.3962077689117,2.278860045727537,9157.935423082548,5.436868291809528
compressed_hydrogen,ATRCCS,,grid,ATRCCS_H_grid_E,United Kingdom,1,2024,601.0262970945495,6729.202373638692,7330.228670733241,2.507110015253682,225.3250961844594,0.2282501045941831,579.3075344627548,0.041778,596.7764698273104,2.0531066412660253,8731.637771207766,4.830244761113891
compressed_hydrogen,ATRCCS,,grid,ATRCCS_H_grid_E,Spain,1,2024,524.8398650684798,4932.807701397312,5457.647566465791,2.1247808227070983,380.43443665151494,0.3850287728965696,456.7757624886029,0.028908,513.9133016518961,1.7680301855094565,6808.771067257805,4.306747781113124
compressed_hydrogen,ATRCCS,,grid,ATRCCS_H_grid_E,Sweden,1,2024,620.7783350272343,9030.724229473566,9651.5025645008,1.4777621891667256,402.0181929118524,0.4068448192627633,522.1015400671648,0.007128,647.6269887799132,2.228049092002435,11223.24928625973,4.119784100431924
compressed_hydrogen,ATRCCS,,grid,ATRCCS_H_grid_E,Czech Republic,1,2024,513.552986249803,5527.5163601023505,6041.069346352154,3.701153493514552,358.5889267136765,0.3629481557904174,465.9542407146544,0.081972,468.7690027835402,1.6127190019959037,7334.381516564025,5.758792651300874
compressed_hydrogen,ATRCCS,,grid,ATRCCS_H_grid_E,Japan,1,2024,609.4914562085573,5590.930885096573,6200.4223413051295,4.101128648794054,157.72394129414766,0.1599214081566048,539.7041757932162,0.095436,218.4887704886088,0.751672977089759,7116.339228881103,5.108159034040419
compressed_hydrogen,ATRCCS,,grid,ATRCCS_H_grid_E,Belgium,1,2024,578.4525394571956,4773.225879342196,5351.678418799392,2.0777249220859804,51.45087562910715,0.0525046035901776,525.196490914858,0.027324,613.7289898323638,2.1114288660324307,6542.05477517572,4.2689823917085885
compressed_hydrogen,ATRCCS,,grid,ATRCCS_H_grid_E,Poland,1,2024,522.0181453638106,7094.398316101816,7616.416461465627,4.883432996620141,194.5095199991873,0.1971028830100399,508.91688204511576,0.12177,674.5068924040672,2.3205247699783293,8994.349755913998,7.52283064960851
compressed_hydrogen,ATRCCS,,grid,ATRCCS_H_grid_E,India,1,2024,499.44438772645674,3793.262576899028,4292.706964625485,5.430457841340638,527.0853162860647,0.5332579481689742,433.8178384972189,0.140184,114.20949796018044,0.3929181035330664,5367.819617368949,6.496817893042678
compressed_hydrogen,ATRCCS,,grid,ATRCCS_H_grid_E,Indonesia,1,2024,454.29687245174864,5272.070621295941,5726.36749374769,5.065774611526974,257.5424918161488,0.2608142323771918,385.78775140142506,0.127908,83.94348246374771,0.2887930909661872,6453.6412194290115,5.743289934870353
compressed_hydrogen,ATRCCS,,grid,ATRCCS_H_grid_E,South Korea,1,2024,530.4833044778184,4143.364496422302,4673.847800900121,3.701153493514552,126.20181287878846,0.1280600302399958,457.03752337557705,0.081972,190.00491067440015,0.6536791641460872,5447.092047828886,4.564864687900635
compressed_hydrogen,ATRCCS,,grid,ATRCCS_H_grid_E,China,1,2024,516.3747059544721,3573.1545155101912,4089.5292214646634,4.559923679849955,1422.9103352979398,1.4387240734825033,440.7411211581416,0.11088,160.08168712840094,0.5507334682339201,6113.262365049146,6.660261221566379
compressed_hydrogen,ATRCCS,,grid,ATRCCS_H_grid_E,United Arab Emirates,1,2024,538.9484635918261,911.0967868056268,1450.045250397453,3.5188118786077194,188.6948708838179,0.1912256550996622,462.77616470603857,0.075834,247.35945191292635,0.8509975831475254,2348.875737900236,4.636869116854907
compressed_hydrogen,ATRCCS,,grid,ATRCCS_H_grid_E,United States,1,2024,564.3439409338494,2784.06678615569,3348.4107270895393,3.524693866185359,1408.3893706910883,1.4240468304056315,490.8820886974225,0.076032,570.9393860676871,1.9642186053936008,5818.621572545738,6.988991301984591
compressed_hydrogen,ATRCCS,,grid,ATRCCS_H_grid_E,Turkey,1,2024,516.3747059544721,2570.3162743720845,3086.6909803265567,4.030544797862378,174.60991317217503,0.176989111339773,452.0271211581416,0.09306,402.4474195795582,1.384551019811929,4115.7754342364315,5.68514492901408
compressed_hydrogen,ATRCCS,,grid,ATRCCS_H_grid_E,Australia,1,2024,578.4525394571956,3887.884799430613,4466.337338887808,4.512867779228838,1431.9328260410734,1.447843666662513,519.6524909148579,0.109296,128.30957994957413,0.4414270066793259,6546.232235793313,6.5114344525706755
compressed_hydrogen,ATRCCS,,grid,ATRCCS_H_grid_E,Malaysia,1,2024,493.8009483171182,2342.445220151372,2836.24616846849,4.818731133266104,271.7689086251675,0.2751937576547579,429.3980776102447,0.119592,0.0,0.0,3537.4131547039024,5.213516890920862
compressed_hydrogen,ATRCCS,,grid,ATRCCS_H_grid_E,Canada,1,2024,575.6308197525263,1791.7335845522884,2367.364404304815,2.2953584624586507,1435.5081568025848,1.4514574760813554,492.19761047137087,0.03465,534.5616655285487,1.839067324454798,4829.631837107319,5.620533262994805
compressed_hydrogen,ATRCCS,,grid,ATRCCS_H_grid_E,Mexico,1,2024,496.62266802178743,2179.309733166511,2675.932401188298,4.354054114632564,857.852490116471,0.8675849259971682,448.1409580537317,0.10395,699.246616688876,2.4056375296133217,4681.1724660473765,7.731226570243054
compressed_hydrogen,ATRCCS,,grid,ATRCCS_H_grid_E,Thailand,1,2024,502.266107431126,2486.9718169828357,2989.2379244139615,4.524631754384117,202.49409307689865,0.2051733881796016,436.52271894070594,0.109692,58.78845493010452,0.2022515520454295,3687.0431913616703,5.041748694609148
compressed_hydrogen,ATRCCS,,grid,ATRCCS_H_grid_E,Russia,1,2024,533.3050241824877,1117.8003826944205,1651.105406876908,3.907023058731943,2637.6741412966267,2.666561489546193,454.19840381906425,0.088902,234.21536928563623,0.8057776311221919,4977.193321278235,7.468264179400328
compressed_hydrogen,ATRCCS,,grid,ATRCCS_H_grid_E,Saudi Arabia,1,2024,538.9484635918261,663.7174494781916,1202.6659130700175,4.512867779228838,471.0496315857507,0.4766191925771176,454.4601647060385,0.109296,274.5925765511722,0.9446884571750944,2402.768285912979,6.043471428981049
compressed_hydrogen,BG,,grid,BG_H_grid_E,South Africa,1,2024,553.0749400000001,1724.0415960894725,2277.1165360894724,3.9737803468950577,438.1704908749996,0.4433861978391045,449.5806429320899,0.140382,361.7425091914331,1.24451278761725,3526.6101790879948,5.802061332351411
compressed_hydrogen,BG,,grid,BG_H_grid_E,Taiwan,1,2024,544.2020799999999,2097.619226693276,2641.8213066932763,3.683240346895058,108.29765925058994,0.1099631873647823,458.4940016016286,0.125928,123.75369732364892,0.4257532773199524,3332.3666648691433,4.344884811579793
compressed_hydrogen,BG,,grid,BG_H_grid_E,Switzerland,1,2024,653.6340200000001,2983.2676292512697,3636.9016492512696,1.2992203468950578,207.83667510659143,0.2105734684932008,566.2965780106518,0.007326,477.85838672484647,1.6439894616712198,4888.893289093359,3.161109277059478
compressed_hydrogen,BG,,grid,BG_H_grid_E,Singapore,1,2024,547.1597,2901.7039227742816,3448.863622774282,3.137980346895058,8.03949538583879,0.0086260185661268,484.16688204511576,0.098802,0.0,0.0,3941.0700002052363,3.2454083654611847
compressed_hydrogen,BG,,grid,BG_H_grid_E,Hungary,1,2024,532.3716000000001,2265.1825983993517,2797.5541983993517,1.8803003468950577,329.62936309882156,0.3336769216759281,455.1984798276802,0.036234,465.3103844280541,1.600820221339709,4047.6924257539076,3.8510314899106945
compressed_hydrogen,BG,,grid,BG_H_grid_E,Philippines,1,2024,529.4139799999999,1989.116152736214,2518.530132736214,3.591700346895058,173.897979404711,0.1762695155523986,442.989599384193,0.121374,95.54465824265502,0.3287049377671536,3230.9623697677725,4.21804880021461
compressed_hydrogen,BG,,grid,BG_H_grid_E,Netherlands,1,2024,606.3121,2589.2565540940636,3195.5686540940637,2.1589003468950576,82.54212485506892,0.0839304650813442,519.454490914858,0.050094,614.9627108688619,2.115673270732631,4412.5279807328525,4.408598082709033
compressed_hydrogen,BG,,grid,BG_H_grid_E,Norway,1,2024,671.37974,2152.3770841570545,2823.7568241570543,1.275340346895058,383.8823986934868,0.3885138428199527,548.6678606715745,0.006138,652.5998675566051,2.245157424785045,4408.90695107872,3.9151496145000557
compressed_hydrogen,BG,,grid,BG_H_grid_E,Oman,1,2024,564.90542,2159.355278923993,2724.260698923993,3.321060346895058,324.730500960653,0.328725336684938,480.79416470603854,0.10791,237.33986435975157,0.816526918186284,3767.125228950436,4.57422260176628
compressed_hydrogen,BG,,grid,BG_H_grid_E,Italy,1,2024,567.86304,3500.2738183097126,4068.136858309713,2.2982003468950576,204.80191904673052,0.2075060515842323,534.1870451495255,0.057024,468.7690027835402,1.6127190019959037,5275.894825289509,4.175449400475194
compressed_hydrogen,BG,,grid,BG_H_grid_E,Austria,1,2024,615.18496,2831.384186662114,3446.5691466621142,1.561900346895058,166.3134639659168,0.1686033735481032,538.2611322453193,0.020394,468.7690027835402,1.6127190019959037,4619.912745656891,3.363616722439065
compressed_hydrogen,BG,,grid,BG_H_grid_E,Finland,1,2024,638.8459200000001,2189.7345278684224,2828.5804478684227,1.4385203468950578,330.87093754752107,0.3349318582779358,524.0621757932163,0.014256,696.023991824673,2.3945506439106756,4379.537553033833,4.182258849083669
compressed_hydrogen,BG,,grid,BG_H_grid_E,Portugal,1,2024,538.2868400000001,2142.126589925892,2680.413429925892,1.597720346895058,155.78194980131548,0.1579585164365832,449.9162407146544,0.022176,532.8280967922211,1.83310327984916,3818.939717234083,3.6109581431808015
compressed_hydrogen,BG,,grid,BG_H_grid_E,Germany,1,2024,609.26972,2805.926954518574,3415.1966745185737,2.521080346895058,242.44981880117643,0.245559128014774,532.257371358345,0.0681119999999999,629.0180953687924,2.164028399866166,4818.921960046888,4.998779874775998
compressed_hydrogen,BG,,grid,BG_H_grid_E,Greece,1,2024,544.20208,2431.9005531969483,2976.1026331969483,2.4255603468950575,135.93126007286196,0.1378941883236556,472.5520016016286,0.06336,416.73717979363374,1.4337124782154538,4001.323074665073,4.060527013434166
compressed_hydrogen,BG,,grid,BG_H_grid_E,France,1,2024,597.43924,2421.725603005136,3019.164843005136,1.327080346895058,282.1252145483468,0.2856615208873211,504.01384958439667,0.008712,600.9540801455399,2.067478989913519,4406.257987283419,3.688932857695898
compressed_hydrogen,BG,,grid,BG_H_grid_E,Brazil,1,2024,544.2020799999999,2062.793900137483,2606.9959801374835,1.561900346895058,1251.7868275768665,1.2657588892134022,450.3760016016286,0.020394,662.3962077689117,2.278860045727537,4971.555017084891,5.126913281835998
compressed_hydrogen,BG,,grid,BG_H_grid_E,United Kingdom,1,2024,629.9730599999999,3339.8665155271456,3969.839575527146,1.991740346895058,225.3250961844594,0.2282501045941831,579.3075344627548,0.041778,596.7764698273104,2.0531066412660253,5371.248676001671,4.314875092755266
compressed_hydrogen,BG,,grid,BG_H_grid_E,Spain,1,2024,550.1173200000001,2106.3045777935135,2656.4218977935134,1.7330403468950577,380.43443665151494,0.3850287728965696,456.7757624886029,0.028908,513.9133016518961,1.7680301855094565,4007.5453985855274,3.915007305301084
compressed_hydrogen,BG,,grid,BG_H_grid_E,Sweden,1,2024,650.6764000000001,2080.1918139377417,2730.8682139377415,1.2952403468950575,402.0181929118524,0.4068448192627633,522.1015400671648,0.007128,647.6269887799132,2.228049092002435,4302.614935696673,3.9372622581602554
compressed_hydrogen,BG,,grid,BG_H_grid_E,Czech Republic,1,2024,538.2868400000001,2437.198420032119,2975.485260032119,2.799680346895058,358.5889267136765,0.3629481557904174,465.9542407146544,0.081972,468.7690027835402,1.6127190019959037,4268.797430243991,4.857319504681379
compressed_hydrogen,BG,,grid,BG_H_grid_E,Japan,1,2024,638.8459200000001,2400.4623339396876,3039.308253939688,3.070320346895058,157.72394129414766,0.1599214081566048,539.7041757932162,0.095436,218.4887704886088,0.751672977089759,3955.22514151566,4.077350732141422
compressed_hydrogen,BG,,grid,BG_H_grid_E,Belgium,1,2024,606.3121,2654.392678873085,3260.704778873085,1.701200346895058,51.45087562910715,0.0525046035901776,525.196490914858,0.027324,613.7289898323638,2.1114288660324307,4451.081135249415,3.892457816517666
compressed_hydrogen,BG,,grid,BG_H_grid_E,Poland,1,2024,547.1597,3167.235798040673,3714.3954980406734,3.5996603468950576,194.5095199991873,0.1971028830100399,508.91688204511576,0.12177,674.5068924040672,2.3205247699783293,5092.328792489044,6.239057999883427
compressed_hydrogen,BG,,grid,BG_H_grid_E,India,1,2024,523.49874,1937.4091310102451,2460.907871010245,3.969800346895058,527.0853162860647,0.5332579481689742,433.8178384972189,0.140184,114.20949796018044,0.3929181035330664,3536.0205237537093,5.036160398597098
compressed_hydrogen,BG,,grid,BG_H_grid_E,Indonesia,1,2024,476.17682,1776.5291637230673,2252.705983723067,3.7230403468950577,257.5424918161488,0.2608142323771918,385.78775140142506,0.127908,83.94348246374771,0.2887930909661872,2979.979709404389,4.400555670238437
compressed_hydrogen,BG,,grid,BG_H_grid_E,South Korea,1,2024,556.03256,1986.077109997899,2542.109669997899,2.799680346895058,126.20181287878846,0.1280600302399958,457.03752337557705,0.081972,190.00491067440015,0.6536791641460872,3315.3539169266646,3.663391541281141
compressed_hydrogen,BG,,grid,BG_H_grid_E,China,1,2024,541.24446,1808.193700075186,2349.438160075186,3.380760346895058,1422.9103352979398,1.4387240734825033,440.7411211581416,0.11088,160.08168712840094,0.5507334682339201,4373.171303659668,5.481097888611481
compressed_hydrogen,BG,,grid,BG_H_grid_E,United Arab Emirates,1,2024,564.90542,1795.2752789239937,2360.1806989239935,2.676300346895058,188.6948708838179,0.1912256550996622,462.77616470603857,0.075834,247.35945191292635,0.8509975831475254,3259.0111864267765,3.7943575851422455
compressed_hydrogen,BG,,grid,BG_H_grid_E,United States,1,2024,591.524,2116.9086491521066,2708.4326491521065,2.6802803468950582,1408.3893706910883,1.4240468304056315,490.8820886974225,0.076032,570.9393860676871,1.9642186053936008,5178.6434946083045,6.14457778269429
compressed_hydrogen,BG,,grid,BG_H_grid_E,Turkey,1,2024,541.24446,1992.4547872409216,2533.6992472409215,3.022560346895058,174.60991317217503,0.176989111339773,452.0271211581416,0.09306,402.4474195795582,1.384551019811929,3562.7837011507963,4.67716047804676
compressed_hydrogen,BG,,grid,BG_H_grid_E,Australia,1,2024,606.3121,2486.15404165306,3092.4661416530603,3.348920346895058,1431.9328260410734,1.447843666662513,519.6524909148579,0.109296,128.30957994957413,0.4414270066793259,5172.361038558566,5.347487020236896
compressed_hydrogen,BG,,grid,BG_H_grid_E,Malaysia,1,2024,517.5835,1892.9625163298904,2410.5460163298903,3.5558803468950577,271.7689086251675,0.2751937576547579,429.3980776102447,0.119592,0.0,0.0,3111.7130025653028,3.9506661045498155
compressed_hydrogen,BG,,grid,BG_H_grid_E,Canada,1,2024,603.3544800000001,1899.304841604917,2502.6593216049173,1.8484603468950576,1435.5081568025848,1.4514574760813554,492.19761047137087,0.03465,534.5616655285487,1.839067324454798,4964.926754407422,5.173635147431211
compressed_hydrogen,BG,,grid,BG_H_grid_E,Mexico,1,2024,520.5411200000001,2202.652917737656,2723.194037737656,3.241460346895058,857.852490116471,0.8675849259971682,448.1409580537317,0.10395,699.246616688876,2.4056375296133217,4728.434102596734,6.618632802505548
compressed_hydrogen,BG,,grid,BG_H_grid_E,Thailand,1,2024,526.45636,1898.069768752512,2424.526128752512,3.356880346895058,202.49409307689865,0.2051733881796016,436.52271894070594,0.109692,58.78845493010452,0.2022515520454295,3122.3313957002206,3.8739972871200887
compressed_hydrogen,BG,,grid,BG_H_grid_E,Russia,1,2024,558.99018,1709.785636902475,2268.775816902475,2.938980346895058,2637.6741412966267,2.666561489546193,454.19840381906425,0.088902,234.21536928563623,0.8057776311221919,5594.8637313038025,6.500221467563443
compressed_hydrogen,BG,,grid,BG_H_grid_E,Saudi Arabia,1,2024,564.90542,1625.2653086297703,2190.1707286297706,3.348920346895058,471.0496315857507,0.4766191925771176,454.4601647060385,0.109296,274.5925765511722,0.9446884571750944,3390.2731014727324,4.87952399664727
compressed_hydrogen,LTE,,grid,LTE_H_grid_E,South Africa,1,2024,684.35455,4932.782818738027,5617.137368738027,38.30729894138,438.1704908749996,0.4433861978391045,449.5806429320899,0.140382,361.7425091914331,1.24451278761725,6866.63101173655,40.13557992683636
compressed_hydrogen,LTE,,grid,LTE_H_grid_E,Taiwan,1,2024,673.3756,9245.753110423646,9919.128710423643,34.363105961520006,108.29765925058994,0.1099631873647823,458.4940016016286,0.125928,123.75369732364892,0.4257532773199524,10609.67406859951,35.02475042620475
compressed_hydrogen,LTE,,grid,LTE_H_grid_E,Switzerland,1,2024,808.78265,15478.7121992758,16287.4948492758,1.99911151034,207.83667510659143,0.2105734684932008,566.2965780106518,0.007326,477.85838672484647,1.6439894616712198,17539.486489117888,3.8610004405044203
compressed_hydrogen,LTE,,grid,LTE_H_grid_E,Singapore,1,2024,677.03525,15665.186522159844,16342.221772159844,26.960990369180003,8.03949538583879,0.0086260185661268,484.16688204511576,0.098802,0.0,0.0,16834.4281495908,27.068418387746128
compressed_hydrogen,LTE,,grid,LTE_H_grid_E,Hungary,1,2024,658.737,10872.665822613784,11531.402822613783,9.88749747006,329.62936309882156,0.3336769216759281,455.1984798276802,0.036234,465.3103844280541,1.600820221339709,12781.54104996834,11.858228613075639
compressed_hydrogen,LTE,,grid,LTE_H_grid_E,Philippines,1,2024,655.07735,8154.168237036325,8809.245587036325,33.120415022660005,173.897979404711,0.1762695155523986,442.989599384193,0.121374,95.54465824265502,0.3287049377671536,9521.677824067885,33.74676347597956
compressed_hydrogen,LTE,,grid,LTE_H_grid_E,Netherlands,1,2024,750.2282499999999,12723.697955264286,13473.926205264286,13.66960032746,82.54212485506892,0.0839304650813442,519.454490914858,0.050094,614.9627108688619,2.115673270732631,14690.885531903074,15.919298063273974
compressed_hydrogen,LTE,,grid,LTE_H_grid_E,Norway,1,2024,830.74055,6872.902164640243,7703.642714640244,1.67493126542,383.8823986934868,0.3885138428199527,548.6678606715745,0.006138,652.5998675566051,2.245157424785045,9288.79284156191,4.314740533024998
compressed_hydrogen,LTE,,grid,LTE_H_grid_E,Oman,1,2024,698.9931499999999,10938.93768622878,11637.93083622878,29.446372246900005,324.730500960653,0.328725336684938,480.79416470603854,0.10791,237.33986435975157,0.816526918186284,12680.795366255223,30.699534501771225
compressed_hydrogen,LTE,,grid,LTE_H_grid_E,Italy,1,2024,702.6528,24913.896445160673,25616.549245160673,15.56065175616,204.80191904673052,0.2075060515842323,534.1870451495255,0.057024,468.7690027835402,1.6127190019959037,26824.307212140473,17.437900809740135
compressed_hydrogen,LTE,,grid,LTE_H_grid_E,Austria,1,2024,761.2072,15970.892322248485,16732.09952224848,5.56509420446,166.3134639659168,0.1686033735481032,538.2611322453193,0.020394,468.7690027835402,1.6127190019959037,17905.44312124326,7.366810580004007
compressed_hydrogen,LTE,,grid,LTE_H_grid_E,Finland,1,2024,790.4843999999999,7066.090288436935,7856.574688436936,3.89016293904,330.87093754752107,0.3349318582779358,524.0621757932163,0.014256,696.023991824673,2.3945506439106756,9407.531793602348,6.633901441228611
compressed_hydrogen,LTE,,grid,LTE_H_grid_E,Portugal,1,2024,666.0563000000001,8186.024928373843,8852.081228373843,6.051364571840001,155.78194980131548,0.1579585164365832,449.9162407146544,0.022176,532.8280967922211,1.83310327984916,9990.607515682035,8.064602368125744
compressed_hydrogen,LTE,,grid,LTE_H_grid_E,Germany,1,2024,753.8879000000001,15612.893586423152,16366.781486423151,18.58633404208,242.44981880117643,0.245559128014774,532.257371358345,0.0681119999999999,629.0180953687924,2.164028399866166,17770.506771951463,21.06403356996094
compressed_hydrogen,LTE,,grid,LTE_H_grid_E,Greece,1,2024,673.3756,13101.882570628884,13775.258170628882,17.2896130624,135.93126007286196,0.1378941883236556,472.5520016016286,0.06336,416.73717979363374,1.4337124782154538,14800.478612097007,18.92457972893911
compressed_hydrogen,LTE,,grid,LTE_H_grid_E,France,1,2024,739.2493,10401.953618531146,11141.202918531146,2.37732179608,282.1252145483468,0.2856615208873211,504.01384958439667,0.008712,600.9540801455399,2.067478989913519,12528.29606280943,4.73917430688084
compressed_hydrogen,LTE,,grid,LTE_H_grid_E,Brazil,1,2024,673.3756,7034.114734631394,7707.490334631394,5.56509420446,1251.7868275768665,1.2657588892134022,450.3760016016286,0.020394,662.3962077689117,2.278860045727537,10072.049371578802,9.13010713940094
compressed_hydrogen,LTE,,grid,LTE_H_grid_E,United Kingdom,1,2024,779.50545,24008.250834777853,24787.756284777857,11.40033861302,225.3250961844594,0.2282501045941831,579.3075344627548,0.041778,596.7764698273104,2.0531066412660253,26189.16538525238,13.72347335888021
compressed_hydrogen,LTE,,grid,LTE_H_grid_E,Spain,1,2024,680.6949,7564.108742841287,8244.803642841287,7.88838595972,380.43443665151494,0.3850287728965696,456.7757624886029,0.028908,513.9133016518961,1.7680301855094565,9595.9271436333,10.070352918126025
compressed_hydrogen,LTE,,grid,LTE_H_grid_E,Sweden,1,2024,805.1230000000002,4017.152796926544,4822.275796926545,1.94508146952,402.0181929118524,0.4068448192627633,522.1015400671648,0.007128,647.6269887799132,2.228049092002435,6394.022518685476,4.587103380785198
compressed_hydrogen,LTE,,grid,LTE_H_grid_E,Czech Republic,1,2024,666.0563000000001,12577.0764538574,13243.1327538574,22.36843689948,358.5889267136765,0.3629481557904174,465.9542407146544,0.081972,468.7690027835402,1.6127190019959037,14536.444924069272,24.426076057266318
compressed_hydrogen,LTE,,grid,LTE_H_grid_E,Japan,1,2024,790.4843999999999,11287.934677373569,12078.419077373566,26.042479675240003,157.72394129414766,0.1599214081566048,539.7041757932162,0.095436,218.4887704886088,0.751672977089759,12994.33596494954,27.049510060486366
compressed_hydrogen,LTE,,grid,LTE_H_grid_E,Belgium,1,2024,750.2282499999999,14314.710444585971,15064.938694585971,7.456145633160001,51.45087562910715,0.0525046035901776,525.196490914858,0.027324,613.7289898323638,2.1114288660324307,16255.3150509623,9.64740310278261
compressed_hydrogen,LTE,,grid,LTE_H_grid_E,Poland,1,2024,677.03525,22390.490936171576,23067.526186171577,33.2284751043,194.5095199991873,0.1971028830100399,508.91688204511576,0.12177,674.5068924040672,2.3205247699783293,24445.45948061995,35.86787275728837
compressed_hydrogen,LTE,,grid,LTE_H_grid_E,India,1,2024,647.75805,6905.034984719407,7552.793034719407,38.25326890056,527.0853162860647,0.5332579481689742,433.8178384972189,0.140184,114.20949796018044,0.3929181035330664,8627.905687462871,39.319628952262036
compressed_hydrogen,LTE,,grid,LTE_H_grid_E,Indonesia,1,2024,589.2036499999999,3875.924942981952,4465.128592981952,34.90340636972,257.5424918161488,0.2608142323771918,385.78775140142506,0.127908,83.94348246374771,0.2887930909661872,5192.402318663274,35.58092169306338
compressed_hydrogen,LTE,,grid,LTE_H_grid_E,South Korea,1,2024,688.0142000000001,6354.535049958224,7042.549249958223,22.36843689948,126.20181287878846,0.1280600302399958,457.03752337557705,0.081972,190.00491067440015,0.6536791641460872,7815.793496886989,23.232148093866083
compressed_hydrogen,LTE,,grid,LTE_H_grid_E,China,1,2024,669.71595,5022.250790175671,5691.966740175671,30.256822859200003,1422.9103352979398,1.4387240734825033,440.7411211581416,0.11088,160.08168712840094,0.5507334682339201,7715.699883760153,32.35716040091643
compressed_hydrogen,LTE,,grid,LTE_H_grid_E,United Arab Emirates,1,2024,698.9931499999999,6016.7666048087785,6715.759754808779,20.693505634060003,188.6948708838179,0.1912256550996622,462.77616470603857,0.075834,247.35945191292635,0.8509975831475254,7614.590242311562,21.81156287230719
compressed_hydrogen,LTE,,grid,LTE_H_grid_E,United States,1,2024,731.93,8080.779850898131,8812.70985089813,20.74753567488,1408.3893706910883,1.4240468304056315,490.8820886974225,0.076032,570.9393860676871,1.9642186053936008,11282.920696354327,24.211833110679237
compressed_hydrogen,LTE,,grid,LTE_H_grid_E,Turkey,1,2024,669.71595,8106.990230871853,8776.706180871854,25.3941191854,174.60991317217503,0.176989111339773,452.0271211581416,0.09306,402.4474195795582,1.384551019811929,9805.790634781728,27.048719316551704
compressed_hydrogen,LTE,,grid,LTE_H_grid_E,Australia,1,2024,750.2282499999999,12790.141437011667,13540.36968701167,29.824582532640004,1431.9328260410734,1.447843666662513,519.6524909148579,0.109296,128.30957994957413,0.4414270066793259,15620.264583917175,31.823149205981846
compressed_hydrogen,LTE,,grid,LTE_H_grid_E,Malaysia,1,2024,640.4387499999999,6962.0564290518705,7602.495179051871,32.634144655280004,271.7689086251675,0.2751937576547579,429.3980776102447,0.119592,0.0,0.0,8303.662165287284,33.028930412934756
compressed_hydrogen,LTE,,grid,LTE_H_grid_E,Canada,1,2024,746.5686000000001,5904.917108973321,6651.485708973321,9.4552571435,1435.5081568025848,1.4514574760813554,492.19761047137087,0.03465,534.5616655285487,1.839067324454798,9113.753141775825,12.780431944036152
compressed_hydrogen,LTE,,grid,LTE_H_grid_E,Mexico,1,2024,644.0984000000001,11452.203922586034,12096.302322586034,28.3657714305,857.852490116471,0.8675849259971682,448.1409580537317,0.10395,699.246616688876,2.4056375296133217,14101.542387445112,31.742943886110492
compressed_hydrogen,LTE,,grid,LTE_H_grid_E,Thailand,1,2024,651.4177,7016.881227729921,7668.298927729921,29.93264261428,202.49409307689865,0.2051733881796016,436.52271894070594,0.109692,58.78845493010452,0.2022515520454295,8366.104194677631,30.44975955450503
compressed_hydrogen,LTE,,grid,LTE_H_grid_E,Russia,1,2024,691.67385,4916.689648130567,5608.363498130567,24.259488328180005,2637.6741412966267,2.666561489546193,454.19840381906425,0.088902,234.21536928563623,0.8057776311221919,8934.451412531893,27.820729448848393
compressed_hydrogen,LTE,,grid,LTE_H_grid_E,Saudi Arabia,1,2024,698.9931499999999,3746.159459633768,4445.1526096337675,29.824582532640004,471.0496315857507,0.4766191925771176,454.4601647060385,0.109296,274.5925765511722,0.9446884571750944,5645.254982476728,31.355186182392217
compressed_hydrogen,SMR,,grid,SMR_H_grid_E,South Africa,1,2024,340.32213148874445,959.3846154798864,1299.706746968631,13.078127475148584,438.1704908749996,0.4433861978391045,449.5806429320899,0.140382,361.7425091914331,1.24451278761725,2549.2003899671536,14.906408460604938
compressed_hydrogen,SMR,,grid,SMR_H_grid_E,Taiwan,1,2024,334.8624181493528,2384.9897520787104,2719.852170228063,12.811974538648531,108.29765925058994,0.1099631873647823,458.4940016016286,0.125928,123.75369732364892,0.4257532773199524,3410.39752840393,13.473619003333265
compressed_hydrogen,SMR,,grid,SMR_H_grid_E,Switzerland,1,2024,402.1988826685161,8804.431392537952,9206.630275206468,10.628062087093332,207.83667510659143,0.2105734684932008,566.2965780106518,0.007326,477.85838672484647,1.6439894616712198,10458.621915048558,12.489951017257752
compressed_hydrogen,SMR,,grid,SMR_H_grid_E,Singapore,1,2024,336.68232259581663,9465.638847390328,9802.321169986144,12.312482041381315,8.03949538583879,0.0086260185661268,484.16688204511576,0.098802,0.0,0.0,10294.5275474171,12.41991005994744
compressed_hydrogen,SMR,,grid,SMR_H_grid_E,Hungary,1,2024,327.5828003634973,3728.208950517022,4055.791750880519,11.16036796009343,329.62936309882156,0.3336769216759281,455.1984798276802,0.036234,465.3103844280541,1.600820221339709,5305.9299782350745,13.131099103109069
compressed_hydrogen,SMR,,grid,SMR_H_grid_E,Philippines,1,2024,325.76289591703346,2256.048713819251,2581.8116097362845,12.728118133997834,173.897979404711,0.1762695155523986,442.989599384193,0.121374,95.54465824265502,0.3287049377671536,3294.243846767843,13.354466587317384
compressed_hydrogen,SMR,,grid,SMR_H_grid_E,Netherlands,1,2024,373.0804115250941,6133.332748886233,6506.413160411327,11.41558310468252,82.54212485506892,0.0839304650813442,519.454490914858,0.050094,614.9627108688619,2.115673270732631,7723.372487050116,13.665280840496496
compressed_hydrogen,SMR,,grid,SMR_H_grid_E,Norway,1,2024,413.11830934729943,4311.02263962826,4724.140948975559,10.60618650327141,383.8823986934868,0.3885138428199527,548.6678606715745,0.006138,652.5998675566051,2.245157424785045,6309.291075897226,13.245995770876407
compressed_hydrogen,SMR,,grid,SMR_H_grid_E,Oman,1,2024,347.60174927459997,987.4547253334276,1335.0564746080277,12.480194850682718,324.730500960653,0.328725336684938,480.79416470603854,0.10791,237.33986435975157,0.816526918186284,2377.9210046344706,13.73335710555394
compressed_hydrogen,SMR,,grid,SMR_H_grid_E,Italy,1,2024,349.42165372106376,7577.918714579075,7927.340368300139,11.543190676977062,204.80191904673052,0.2075060515842323,534.1870451495255,0.057024,468.7690027835402,1.6127190019959037,9135.098335279934,13.420439730557199
compressed_hydrogen,SMR,,grid,SMR_H_grid_E,Austria,1,2024,378.5401248644858,6030.7651710569835,6409.305295921469,10.868693509134472,166.3134639659168,0.1686033735481032,538.2611322453193,0.020394,468.7690027835402,1.6127190019959037,7582.648894916246,12.67040988467848
compressed_hydrogen,SMR,,grid,SMR_H_grid_E,Finland,1,2024,393.0993604361968,5760.910619223476,6154.009979659672,10.755669659387875,330.87093754752107,0.3349318582779358,524.0621757932163,0.014256,696.023991824673,2.3945506439106756,7704.967084825083,13.499408161576486
compressed_hydrogen,SMR,,grid,SMR_H_grid_E,Portugal,1,2024,331.22260925642513,5121.948605375015,5453.17121463144,10.901506884867356,155.78194980131548,0.1579585164365832,449.9162407146544,0.022176,532.8280967922211,1.83310327984916,6591.697501939631,12.914744681153099
compressed_hydrogen,SMR,,grid,SMR_H_grid_E,Germany,1,2024,374.900315971558,5658.241686124258,6033.142002095816,11.747362792648335,242.44981880117643,0.245559128014774,532.257371358345,0.0681119999999999,629.0180953687924,2.164028399866166,7436.86728762413,14.225062320529275
compressed_hydrogen,SMR,,grid,SMR_H_grid_E,Greece,1,2024,334.8624181493528,3340.091887548338,3674.954305697691,11.659860457360647,135.93126007286196,0.1378941883236556,472.5520016016286,0.06336,416.73717979363374,1.4337124782154538,4700.1747471658155,13.294827123899758
compressed_hydrogen,SMR,,grid,SMR_H_grid_E,France,1,2024,367.6206981857025,5837.089349393459,6204.710047579161,10.65358360155224,282.1252145483468,0.2856615208873211,504.01384958439667,0.008712,600.9540801455399,2.067478989913519,7591.803191857444,13.01543611235308
compressed_hydrogen,SMR,,grid,SMR_H_grid_E,Brazil,1,2024,334.8624181493528,5486.2017716812,5821.064189830552,10.868693509134472,1251.7868275768665,1.2657588892134022,450.3760016016286,0.020394,662.3962077689117,2.278860045727537,8185.623226777959,14.43370644407541
compressed_hydrogen,SMR,,grid,SMR_H_grid_E,United Kingdom,1,2024,387.6396470968051,5386.709118328789,5774.348765425594,11.262454017929066,225.3250961844594,0.2282501045941831,579.3075344627548,0.041778,596.7764698273104,2.0531066412660253,7175.757865900119,13.585588763789275
compressed_hydrogen,SMR,,grid,SMR_H_grid_E,Spain,1,2024,338.5022270422805,4267.526966130273,4606.029193172553,11.025468526524913,380.43443665151494,0.3850287728965696,456.7757624886029,0.028908,513.9133016518961,1.7680301855094565,5957.152693964567,13.207435484930938
compressed_hydrogen,SMR,,grid,SMR_H_grid_E,Sweden,1,2024,400.37897822205224,8115.499843170507,8515.87882139256,10.624416156456345,402.0181929118524,0.4068448192627633,522.1015400671648,0.007128,647.6269887799132,2.228049092002435,10087.62554315149,13.266438067721543
compressed_hydrogen,SMR,,grid,SMR_H_grid_E,Czech Republic,1,2024,331.22260925642513,4658.063838432684,4989.286447689109,12.002577937237422,358.5889267136765,0.3629481557904174,465.9542407146544,0.081972,468.7690027835402,1.6127190019959037,6282.598617900981,14.060217095023745
compressed_hydrogen,SMR,,grid,SMR_H_grid_E,Japan,1,2024,393.0993604361968,4733.625154846202,5126.724515282399,12.250501220552538,157.72394129414766,0.1599214081566048,539.7041757932162,0.095436,218.4887704886088,0.751672977089759,6042.641402858372,13.257531605798901
compressed_hydrogen,SMR,,grid,SMR_H_grid_E,Belgium,1,2024,373.0804115250941,3918.366633439748,4291.4470449648425,10.996301081429015,51.45087562910715,0.0525046035901776,525.196490914858,0.027324,613.7289898323638,2.1114288660324307,5481.823401341171,13.187558551051623
compressed_hydrogen,SMR,,grid,SMR_H_grid_E,Poland,1,2024,336.68232259581663,5757.855189341881,6094.537511937698,12.735409995271809,194.5095199991873,0.1971028830100399,508.91688204511576,0.12177,674.5068924040672,2.3205247699783293,7472.470806386068,15.374807648260177
compressed_hydrogen,SMR,,grid,SMR_H_grid_E,India,1,2024,322.12308702410564,3226.087945569367,3548.2110325934727,13.074481544511595,527.0853162860647,0.5332579481689742,433.8178384972189,0.140184,114.20949796018044,0.3929181035330664,4623.323685336937,14.140841596213635
compressed_hydrogen,SMR,,grid,SMR_H_grid_E,Indonesia,1,2024,293.0046158806837,4667.79169912561,4960.796315006293,12.848433845018404,257.5424918161488,0.2608142323771918,385.78775140142506,0.127908,83.94348246374771,0.2887930909661872,5688.070040687615,13.525949168361782
compressed_hydrogen,SMR,,grid,SMR_H_grid_E,South Korea,1,2024,342.1420359352083,3569.330601997687,3911.4726379328954,12.002577937237422,126.20181287878846,0.1280600302399958,457.03752337557705,0.081972,190.00491067440015,0.6536791641460872,4684.716884861661,12.866289131623505
compressed_hydrogen,SMR,,grid,SMR_H_grid_E,China,1,2024,333.042513702889,3087.830774626998,3420.873288329887,12.534883810237522,1422.9103352979398,1.4387240734825033,440.7411211581416,0.11088,160.08168712840094,0.5507334682339201,5444.60643191437,14.635221351953945
compressed_hydrogen,SMR,,grid,SMR_H_grid_E,United Arab Emirates,1,2024,347.60174927459997,649.3172593690035,996.9190086436035,11.889554087490826,188.6948708838179,0.1912256550996622,462.77616470603857,0.075834,247.35945191292635,0.8509975831475254,1895.7494961463863,13.007611325738015
compressed_hydrogen,SMR,,grid,SMR_H_grid_E,United States,1,2024,363.9808892927748,2300.3244027615697,2664.3052920543446,11.893200018127814,1408.3893706910883,1.4240468304056315,490.8820886974225,0.076032,570.9393860676871,1.9642186053936008,5134.516137510543,15.357497453927046
compressed_hydrogen,SMR,,grid,SMR_H_grid_E,Turkey,1,2024,333.042513702889,2080.8805398593927,2413.923053562282,12.206750052908694,174.60991317217503,0.176989111339773,452.0271211581416,0.09306,402.4474195795582,1.384551019811929,3443.0075074721567,13.861350184060395
compressed_hydrogen,SMR,,grid,SMR_H_grid_E,Australia,1,2024,373.0804115250941,3163.354600457439,3536.435011982533,12.505716365141629,1431.9328260410734,1.447843666662513,519.6524909148579,0.109296,128.30957994957413,0.4414270066793259,5616.3299088880385,14.504283038483468
compressed_hydrogen,SMR,,grid,SMR_H_grid_E,Malaysia,1,2024,318.48327813117794,1906.1198551690975,2224.6031333002757,12.69530475826495,271.7689086251675,0.2751937576547579,429.3980776102447,0.119592,0.0,0.0,2925.770119535688,13.090090515919709
compressed_hydrogen,SMR,,grid,SMR_H_grid_E,Canada,1,2024,371.2605070786302,1464.8256659063516,1836.086172984982,11.131200514997536,1435.5081568025848,1.4514574760813554,492.19761047137087,0.03465,534.5616655285487,1.839067324454798,4298.353605787486,14.456375315533688
compressed_hydrogen,SMR,,grid,SMR_H_grid_E,Mexico,1,2024,320.3031825776418,1620.483668612401,1940.7868511900429,12.407276237942977,857.852490116471,0.8675849259971682,448.1409580537317,0.10395,699.246616688876,2.4056375296133217,3946.0269160491216,15.784448693553465
compressed_hydrogen,SMR,,grid,SMR_H_grid_E,Thailand,1,2024,323.9429914705696,2037.971902113247,2361.914893583817,12.513008226415602,202.49409307689865,0.2051733881796016,436.52271894070594,0.109692,58.78845493010452,0.2022515520454295,3059.720160531526,13.030125166640634
compressed_hydrogen,SMR,,grid,SMR_H_grid_E,Russia,1,2024,343.96194038167215,860.2301905829282,1204.1921309646004,12.130185509531968,2637.6741412966267,2.666561489546193,454.19840381906425,0.088902,234.21536928563623,0.8057776311221919,4530.280045365927,15.691426630200352
compressed_hydrogen,SMR,,grid,SMR_H_grid_E,Saudi Arabia,1,2024,347.60174927459997,495.8523302368049,843.4540795114049,12.505716365141629,471.0496315857507,0.4766191925771176,454.4601647060385,0.109296,274.5925765511722,0.9446884571750944,2043.5564523543665,14.036320014893843
compressed_hydrogen,SMRCCS,,grid,SMRCCS_H_grid_E,South Africa,1,2024,613.6587058200857,1278.6012220781874,1892.2599278982732,5.419143455195629,438.1704908749996,0.4433861978391045,449.5806429320899,0.140382,361.7425091914331,1.24451278761725,3141.753570896796,7.247424440651983
compressed_hydrogen,SMRCCS,,grid,SMRCCS_H_grid_E,Taiwan,1,2024,603.8139137481056,3136.2903034327555,3740.1042171808617,5.0514229583012185,108.29765925058994,0.1099631873647823,458.4940016016286,0.125928,123.75369732364892,0.4257532773199524,4430.64957535673,5.713067422985953
compressed_hydrogen,SMRCCS,,grid,SMRCCS_H_grid_E,Switzerland,1,2024,725.2330159691923,11433.762353380853,12158.995369350045,2.034099976934759,207.83667510659143,0.2105734684932008,566.2965780106518,0.007326,477.85838672484647,1.6439894616712198,13410.987009192135,3.8959889070991798
compressed_hydrogen,SMRCCS,,grid,SMRCCS_H_grid_E,Singapore,1,2024,607.0955111054325,12283.786492539144,12890.882003644576,4.361317368239107,8.03949538583879,0.0086260185661268,484.16688204511576,0.098802,0.0,0.0,13383.088381075531,4.468745386805234
compressed_hydrogen,SMRCCS,,grid,SMRCCS_H_grid_E,Hungary,1,2024,590.6875243187991,4875.586579245396,5466.274103564195,2.7695409707235794,329.62936309882156,0.3336769216759281,455.1984798276802,0.036234,465.3103844280541,1.600820221339709,6716.41233091875,4.740272113739216
compressed_hydrogen,SMRCCS,,grid,SMRCCS_H_grid_E,Philippines,1,2024,587.4059269614725,2964.6156521163293,3552.021579077802,4.935565815444076,173.897979404711,0.1762695155523986,442.989599384193,0.121374,95.54465824265502,0.3287049377671536,4264.453816109361,5.561914268763629
compressed_hydrogen,SMRCCS,,grid,SMRCCS_H_grid_E,Netherlands,1,2024,672.7274582519656,7982.043244458414,8654.770702710379,3.122149666375753,82.54212485506892,0.0839304650813442,519.454490914858,0.050094,614.9627108688619,2.115673270732631,9871.730029349166,5.3718474021897284
compressed_hydrogen,SMRCCS,,grid,SMRCCS_H_grid_E,Norway,1,2024,744.9226001131523,5602.236719502381,6347.159319615533,2.0038763744502877,383.8823986934868,0.3885138428199527,548.6678606715745,0.006138,652.5998675566051,2.245157424785045,7932.309446537199,4.643685642055285
compressed_hydrogen,SMRCCS,,grid,SMRCCS_H_grid_E,Oman,1,2024,626.7850952493924,1354.2722295704514,1981.057324819844,4.5930316539533935,324.730500960653,0.328725336684938,480.79416470603854,0.10791,237.33986435975157,0.816526918186284,3023.921854846287,5.846193908824616
compressed_hydrogen,SMRCCS,,grid,SMRCCS_H_grid_E,Italy,1,2024,630.066692606719,9915.432485507146,10545.499178113863,3.29845401420184,204.80191904673052,0.2075060515842323,534.1870451495255,0.057024,468.7690027835402,1.6127190019959037,11753.25714509366,5.175703067781976
compressed_hydrogen,SMRCCS,,grid,SMRCCS_H_grid_E,Austria,1,2024,682.5722503239457,7870.0737636396925,8552.646013963638,2.3665596042639523,166.3134639659168,0.1686033735481032,538.2611322453193,0.020394,468.7690027835402,1.6127190019959037,9725.989612958414,4.168275979807959
compressed_hydrogen,SMRCCS,,grid,SMRCCS_H_grid_E,Finland,1,2024,708.825029182559,7467.8210210228335,8176.646050205392,2.2104043247608463,330.87093754752107,0.3349318582779358,524.0621757932163,0.014256,696.023991824673,2.3945506439106756,9727.603155370804,4.954142826949457
compressed_hydrogen,SMRCCS,,grid,SMRCCS_H_grid_E,Portugal,1,2024,597.2507190334525,6652.1805517255525,7249.431270759005,2.41189500799066,155.78194980131548,0.1579585164365832,449.9162407146544,0.022176,532.8280967922211,1.83310327984916,8387.957558067197,4.425132804276403
compressed_hydrogen,SMRCCS,,grid,SMRCCS_H_grid_E,Germany,1,2024,676.0090556092923,7390.737853740642,8066.746909349935,3.5805409707235794,242.44981880117643,0.245559128014774,532.257371358345,0.0681119999999999,629.0180953687924,2.164028399866166,9470.472194878248,6.058240498604519
compressed_hydrogen,SMRCCS,,grid,SMRCCS_H_grid_E,Greece,1,2024,603.8139137481057,4390.481857446859,4994.295771194965,3.459646560785691,135.93126007286196,0.1378941883236556,472.5520016016286,0.06336,416.73717979363374,1.4337124782154538,6019.516212663089,5.0946132273248
compressed_hydrogen,SMRCCS,,grid,SMRCCS_H_grid_E,France,1,2024,662.8826661799856,7585.040385122507,8247.923051302492,2.0693608464999773,282.1252145483468,0.2856615208873211,504.01384958439667,0.008712,600.9540801455399,2.067478989913519,9635.016195580776,4.431213357300818
compressed_hydrogen,SMRCCS,,grid,SMRCCS_H_grid_E,Brazil,1,2024,603.8139137481056,7111.376740103108,7715.190653851214,2.3665596042639523,1251.7868275768665,1.2657588892134022,450.3760016016286,0.020394,662.3962077689117,2.278860045727537,10079.749690798622,5.9315725392048915
compressed_hydrogen,SMRCCS,,grid,SMRCCS_H_grid_E,United Kingdom,1,2024,698.9802371105789,7096.105203828472,7795.085440939051,2.9105844489844492,225.3250961844594,0.2282501045941831,579.3075344627548,0.041778,596.7764698273104,2.0531066412660253,9196.494541413576,5.2337191948446575
compressed_hydrogen,SMRCCS,,grid,SMRCCS_H_grid_E,Spain,1,2024,610.3771084627591,5549.002282584818,6159.379391047577,2.5831620887360014,380.43443665151494,0.3850287728965696,456.7757624886029,0.028908,513.9133016518961,1.7680301855094565,7510.502891839591,4.765129047142027
compressed_hydrogen,SMRCCS,,grid,SMRCCS_H_grid_E,Sweden,1,2024,721.9514186118656,10475.946854660004,11197.898273271869,2.0290627098540144,402.0181929118524,0.4068448192627633,522.1015400671648,0.007128,647.6269887799132,2.228049092002435,12769.644995030798,4.6710846211192125
compressed_hydrogen,SMRCCS,,grid,SMRCCS_H_grid_E,Czech Republic,1,2024,597.2507190334525,6086.67114124344,6683.921860276892,3.9331496663757535,358.5889267136765,0.3629481557904174,465.9542407146544,0.081972,468.7690027835402,1.6127190019959037,7977.234030488764,5.990788824162076
compressed_hydrogen,SMRCCS,,grid,SMRCCS_H_grid_E,Japan,1,2024,708.825029182559,6170.923263652108,6879.748292834667,4.275683827866437,157.72394129414766,0.1599214081566048,539.7041757932162,0.095436,218.4887704886088,0.751672977089759,7795.6651804106405,5.282714213112801
compressed_hydrogen,SMRCCS,,grid,SMRCCS_H_grid_E,Belgium,1,2024,672.7274582519656,5143.02689993572,5815.754358187686,2.5428639520900393,51.45087562910715,0.0525046035901776,525.196490914858,0.027324,613.7289898323638,2.1114288660324307,7006.130714564015,4.734121421712648
compressed_hydrogen,SMRCCS,,grid,SMRCCS_H_grid_E,Poland,1,2024,607.0955111054325,7561.71757500315,8168.813086108583,4.945640349605567,194.5095199991873,0.1971028830100399,508.91688204511576,0.12177,674.5068924040672,2.3205247699783293,9546.746380556953,7.585038002593937
compressed_hydrogen,SMRCCS,,grid,SMRCCS_H_grid_E,India,1,2024,580.8427322468192,4202.943421530114,4783.786153776933,5.414106188114883,527.0853162860647,0.5332579481689742,433.8178384972189,0.140184,114.20949796018044,0.3929181035330664,5858.898806520398,6.4804662398169235
compressed_hydrogen,SMRCCS,,grid,SMRCCS_H_grid_E,Indonesia,1,2024,528.3371745295925,6036.808779280868,6565.145953810461,5.101795629108673,257.5424918161488,0.2608142323771918,385.78775140142506,0.127908,83.94348246374771,0.2887930909661872,7292.4196794917825,5.779310952452052
compressed_hydrogen,SMRCCS,,grid,SMRCCS_H_grid_E,South Korea,1,2024,616.9403031774124,4639.902936421996,5256.843239599409,3.9331496663757535,126.20181287878846,0.1280600302399958,457.03752337557705,0.081972,190.00491067440015,0.6536791641460872,6030.087486528174,4.796860860761837
compressed_hydrogen,SMRCCS,,grid,SMRCCS_H_grid_E,China,1,2024,600.5323163907791,4013.5126098386104,4614.04492622939,4.668590660164574,1422.9103352979398,1.4387240734825033,440.7411211581416,0.11088,160.08168712840094,0.5507334682339201,6637.778069813872,6.768928201880997
compressed_hydrogen,SMRCCS,,grid,SMRCCS_H_grid_E,United Arab Emirates,1,2024,626.7850952493924,886.7150042288366,1513.500099478229,3.776994386872648,188.6948708838179,0.1912256550996622,462.77616470603857,0.075834,247.35945191292635,0.8509975831475254,2412.330586981012,4.8950516251198355
compressed_hydrogen,SMRCCS,,grid,SMRCCS_H_grid_E,United States,1,2024,656.3194714653323,3021.783387211339,3678.102858676671,3.7820316539533936,1408.3893706910883,1.4240468304056315,490.8820886974225,0.076032,570.9393860676871,1.9642186053936008,6148.313704132869,7.246329089752626
compressed_hydrogen,SMRCCS,,grid,SMRCCS_H_grid_E,Turkey,1,2024,600.5323163907791,2738.665420624063,3339.197737014842,4.215236622897493,174.60991317217503,0.176989111339773,452.0271211581416,0.09306,402.4474195795582,1.384551019811929,4368.282190924717,5.869836754049195
compressed_hydrogen,SMRCCS,,grid,SMRCCS_H_grid_E,Australia,1,2024,672.7274582519656,4163.957681063755,4836.685139315721,4.628292523518611,1431.9328260410734,1.447843666662513,519.6524909148579,0.109296,128.30957994957413,0.4414270066793259,6916.580036221226,6.626859196860449
compressed_hydrogen,SMRCCS,,grid,SMRCCS_H_grid_E,Malaysia,1,2024,574.2795375321658,2505.7146256037163,3079.994163135882,4.8902304117173685,271.7689086251675,0.2751937576547579,429.3980776102447,0.119592,0.0,0.0,3781.1611493712944,5.285016169372127
compressed_hydrogen,SMRCCS,,grid,SMRCCS_H_grid_E,Canada,1,2024,669.4458608946389,1934.509616126468,2603.955477021107,2.7292428340776165,1435.5081568025848,1.4514574760813554,492.19761047137087,0.03465,534.5616655285487,1.839067324454798,5066.222909823611,6.05441763461377
compressed_hydrogen,SMRCCS,,grid,SMRCCS_H_grid_E,Mexico,1,2024,577.5611348894925,2168.184236954971,2745.745371844463,4.492286312338487,857.852490116471,0.8675849259971682,448.1409580537317,0.10395,699.246616688876,2.4056375296133217,4750.985436703541,7.869458767948977
compressed_hydrogen,SMRCCS,,grid,SMRCCS_H_grid_E,Thailand,1,2024,584.1243296041458,2676.466242839741,3260.5905724438867,4.638367057680101,202.49409307689865,0.2051733881796016,436.52271894070594,0.109692,58.78845493010452,0.2022515520454295,3958.3958393915955,5.155483997905132
compressed_hydrogen,SMRCCS,,grid,SMRCCS_H_grid_E,Russia,1,2024,620.2219005347391,1148.977948151363,1769.199848686102,4.109454014201841,2637.6741412966267,2.666561489546193,454.19840381906425,0.088902,234.21536928563623,0.8057776311221919,5095.287763087429,7.670695134870226
compressed_hydrogen,SMRCCS,,grid,SMRCCS_H_grid_E,Saudi Arabia,1,2024,626.7850952493924,674.813927770967,1301.5990230203593,4.628292523518611,471.0496315857507,0.4766191925771176,454.4601647060385,0.109296,274.5925765511722,0.9446884571750944,2501.7013958633206,6.158896173270822
compressed_hydrogen,ATRCCS,,solar,ATRCCS_H_solar_E,South Africa,1,2024,527.6615847731491,1124.5040865029832,1652.1656712761323,1.483644176744365,438.1704908749996,0.4433861978391045,449.5806429320899,0.140382,361.7425091914331,1.24451278761725,2901.659314274655,3.3119251622007195
compressed_hydrogen,ATRCCS,,solar,ATRCCS_H_solar_E,Taiwan,1,2024,519.1964256591414,2155.5139335880967,2674.710359247238,1.483644176744365,108.29765925058994,0.1099631873647823,458.4940016016286,0.125928,123.75369732364892,0.4257532773199524,3365.255717423105,2.1452886414291
compressed_hydrogen,ATRCCS,,solar,ATRCCS_H_solar_E,Switzerland,1,2024,623.6000547319036,8886.273192740542,9509.873247472446,1.483644176744365,207.83667510659143,0.2105734684932008,566.2965780106518,0.007326,477.85838672484647,1.6439894616712198,10761.864887314536,3.3455331069087855
compressed_hydrogen,ATRCCS,,solar,ATRCCS_H_solar_E,Singapore,1,2024,522.0181453638106,9592.254213855043,10114.272359218856,1.483644176744365,8.03949538583879,0.0086260185661268,484.16688204511576,0.098802,0.0,0.0,10606.478736649811,1.591072195310492
compressed_hydrogen,ATRCCS,,solar,ATRCCS_H_solar_E,Hungary,1,2024,507.9095468404644,3800.7982893668823,4308.707836207347,1.483644176744365,329.62936309882156,0.3336769216759281,455.1984798276802,0.036234,465.3103844280541,1.600820221339709,5558.846063561902,3.4543753197600022
compressed_hydrogen,ATRCCS,,solar,ATRCCS_H_solar_E,Philippines,1,2024,505.0878271357951,2219.607636449652,2724.695463585447,1.483644176744365,173.897979404711,0.1762695155523986,442.989599384193,0.121374,95.54465824265502,0.3287049377671536,3437.1277006170058,2.1099926300639176
compressed_hydrogen,ATRCCS,,solar,ATRCCS_H_solar_E,Netherlands,1,2024,578.4525394571956,6137.411874439188,6715.864413896384,1.483644176744365,82.54212485506892,0.0839304650813442,519.454490914858,0.050094,614.9627108688619,2.115673270732631,7932.823740535173,3.7333419125583402
compressed_hydrogen,ATRCCS,,solar,ATRCCS_H_solar_E,Norway,1,2024,640.530372959919,4756.204566011621,5396.73493897154,1.483644176744365,383.8823986934868,0.3885138428199527,548.6678606715745,0.006138,652.5998675566051,2.245157424785045,6981.885065893207,4.123453444349363
compressed_hydrogen,ATRCCS,,solar,ATRCCS_H_solar_E,Oman,1,2024,538.9484635918261,525.8903659360616,1064.8388295278878,1.483644176744365,324.730500960653,0.328725336684938,480.79416470603854,0.10791,237.33986435975157,0.816526918186284,2107.7033595543307,2.736806431615587
compressed_hydrogen,ATRCCS,,solar,ATRCCS_H_solar_E,Italy,1,2024,541.7701832964954,6802.471593519646,7344.241776816141,1.483644176744365,204.80191904673052,0.2075060515842323,534.1870451495255,0.057024,468.7690027835402,1.6127190019959037,8551.999743795937,3.3608932303245007
compressed_hydrogen,ATRCCS,,solar,ATRCCS_H_solar_E,Austria,1,2024,586.9176985712033,5806.469754292449,6393.387452863652,1.483644176744365,166.3134639659168,0.1686033735481032,538.2611322453193,0.020394,468.7690027835402,1.6127190019959037,7566.731051858428,3.285360552288372
compressed_hydrogen,ATRCCS,,solar,ATRCCS_H_solar_E,Finland,1,2024,609.4914562085573,6338.980146659687,6948.471602868245,1.483644176744365,330.87093754752107,0.3349318582779358,524.0621757932163,0.014256,696.023991824673,2.3945506439106756,8499.428708033656,4.227382678932976
compressed_hydrogen,ATRCCS,,solar,ATRCCS_H_solar_E,Portugal,1,2024,513.552986249803,5288.665019932447,5802.21800618225,1.483644176744365,155.78194980131548,0.1579585164365832,449.9162407146544,0.022176,532.8280967922211,1.83310327984916,6940.74429349044,3.496881973030108
compressed_hydrogen,ATRCCS,,solar,ATRCCS_H_solar_E,Germany,1,2024,581.274259161865,5410.554906574914,5991.829165736779,1.483644176744365,242.44981880117643,0.245559128014774,532.257371358345,0.0681119999999999,629.0180953687924,2.164028399866166,7395.554451265093,3.961343704625305
compressed_hydrogen,ATRCCS,,solar,ATRCCS_H_solar_E,Greece,1,2024,519.1964256591415,2972.3281890819308,3491.524614741072,1.483644176744365,135.93126007286196,0.1378941883236556,472.5520016016286,0.06336,416.73717979363374,1.4337124782154538,4516.745056209197,3.1186108432834745
compressed_hydrogen,ATRCCS,,solar,ATRCCS_H_solar_E,France,1,2024,569.9873803431879,5931.751286139529,6501.738666482717,1.483644176744365,282.1252145483468,0.2856615208873211,504.01384958439667,0.008712,600.9540801455399,2.067478989913519,7888.831810761,3.8454966875452055
compressed_hydrogen,ATRCCS,,solar,ATRCCS_H_solar_E,Brazil,1,2024,519.1964256591414,5863.617227556744,6382.813653215886,1.483644176744365,1251.7868275768665,1.2657588892134022,450.3760016016286,0.020394,662.3962077689117,2.278860045727537,8747.372690163293,5.048657111685305
compressed_hydrogen,ATRCCS,,solar,ATRCCS_H_solar_E,United Kingdom,1,2024,601.0262970945495,4535.809205936828,5136.835503031378,1.483644176744365,225.3250961844594,0.2282501045941831,579.3075344627548,0.041778,596.7764698273104,2.0531066412660253,6538.244603505903,3.8067789226045736
compressed_hydrogen,ATRCCS,,solar,ATRCCS_H_solar_E,Spain,1,2024,524.8398650684798,4346.961738664391,4871.801603732871,1.483644176744365,380.43443665151494,0.3850287728965696,456.7757624886029,0.028908,513.9133016518961,1.7680301855094565,6222.925104524885,3.665611135150391
compressed_hydrogen,ATRCCS,,solar,ATRCCS_H_solar_E,Sweden,1,2024,620.7783350272343,9155.10620928723,9775.884544314466,1.483644176744365,402.0181929118524,0.4068448192627633,522.1015400671648,0.007128,647.6269887799132,2.228049092002435,11347.631266073395,4.125666088009563
compressed_hydrogen,ATRCCS,,solar,ATRCCS_H_solar_E,Czech Republic,1,2024,513.552986249803,4536.989652027816,5050.5426382776195,1.483644176744365,358.5889267136765,0.3629481557904174,465.9542407146544,0.081972,468.7690027835402,1.6127190019959037,6343.854808489491,3.5412833345306862
compressed_hydrogen,ATRCCS,,solar,ATRCCS_H_solar_E,Japan,1,2024,609.4914562085573,4976.851381990982,5586.34283819954,1.483644176744365,157.72394129414766,0.1599214081566048,539.7041757932162,0.095436,218.4887704886088,0.751672977089759,6502.259725775513,2.490674561990729
compressed_hydrogen,ATRCCS,,solar,ATRCCS_H_solar_E,Belgium,1,2024,578.4525394571956,3762.7004135036864,4341.1529529608815,1.483644176744365,51.45087562910715,0.0525046035901776,525.196490914858,0.027324,613.7289898323638,2.1114288660324307,5531.529309337211,3.6749016463669735
compressed_hydrogen,ATRCCS,,solar,ATRCCS_H_solar_E,Poland,1,2024,522.0181453638106,5318.626266412375,5840.644411776186,1.483644176744365,194.5095199991873,0.1971028830100399,508.91688204511576,0.12177,674.5068924040672,2.3205247699783293,7218.577706224556,4.123041829732735
compressed_hydrogen,ATRCCS,,solar,ATRCCS_H_solar_E,India,1,2024,499.44438772645674,3329.173757023252,3828.618144749709,1.483644176744365,527.0853162860647,0.5332579481689742,433.8178384972189,0.140184,114.20949796018044,0.3929181035330664,4903.730797493173,2.5500042284464057
compressed_hydrogen,ATRCCS,,solar,ATRCCS_H_solar_E,Indonesia,1,2024,454.29687245174864,5263.012360426376,5717.309232878125,1.483644176744365,257.5424918161488,0.2608142323771918,385.78775140142506,0.127908,83.94348246374771,0.2887930909661872,6444.5829585594465,2.161159500087744
compressed_hydrogen,ATRCCS,,solar,ATRCCS_H_solar_E,South Korea,1,2024,530.4833044778184,3858.088098906774,4388.5714033845925,1.483644176744365,126.20181287878846,0.1280600302399958,457.03752337557705,0.081972,190.00491067440015,0.6536791641460872,5161.815650313358,2.347355371130448
compressed_hydrogen,ATRCCS,,solar,ATRCCS_H_solar_E,China,1,2024,516.3747059544721,3241.410416131309,3757.785122085781,1.483644176744365,1422.9103352979398,1.4387240734825033,440.7411211581416,0.11088,160.08168712840094,0.5507334682339201,5781.518265670264,3.5839817184607883
compressed_hydrogen,ATRCCS,,solar,ATRCCS_H_solar_E,United Arab Emirates,1,2024,538.9484635918261,414.6570352528316,953.6054988446576,1.483644176744365,188.6948708838179,0.1912256550996622,462.77616470603857,0.075834,247.35945191292635,0.8509975831475254,1852.4359863474403,2.6017014149915525
compressed_hydrogen,ATRCCS,,solar,ATRCCS_H_solar_E,United States,1,2024,564.3439409338494,2255.2761029258763,2819.6200438597257,1.483644176744365,1408.3893706910883,1.4240468304056315,490.8820886974225,0.076032,570.9393860676871,1.9642186053936008,5289.830889315924,4.947941612543598
compressed_hydrogen,ATRCCS,,solar,ATRCCS_H_solar_E,Turkey,1,2024,516.3747059544721,2180.340497974569,2696.7152039290413,1.483644176744365,174.60991317217503,0.176989111339773,452.0271211581416,0.09306,402.4474195795582,1.384551019811929,3725.799657838916,3.138244307896067
compressed_hydrogen,ATRCCS,,solar,ATRCCS_H_solar_E,Australia,1,2024,578.4525394571956,2709.7226876293703,3288.175227086566,1.483644176744365,1431.9328260410734,1.447843666662513,519.6524909148579,0.109296,128.30957994957413,0.4414270066793259,5368.070123992072,3.4822108500862043
compressed_hydrogen,ATRCCS,,solar,ATRCCS_H_solar_E,Malaysia,1,2024,493.8009483171182,1950.5283878532352,2444.3293361703536,1.483644176744365,271.7689086251675,0.2751937576547579,429.3980776102447,0.119592,0.0,0.0,3145.496322405766,1.8784299343991229
compressed_hydrogen,ATRCCS,,solar,ATRCCS_H_solar_E,Canada,1,2024,575.6308197525263,1709.385758465332,2285.0165782178583,1.483644176744365,1435.5081568025848,1.4514574760813554,492.19761047137087,0.03465,534.5616655285487,1.839067324454798,4747.284011020362,4.808818977280518
compressed_hydrogen,ATRCCS,,solar,ATRCCS_H_solar_E,Mexico,1,2024,496.62266802178743,1319.3631493155794,1815.9858173373668,1.483644176744365,857.852490116471,0.8675849259971682,448.1409580537317,0.10395,699.246616688876,2.4056375296133217,3821.225882196445,4.860816632354855
compressed_hydrogen,ATRCCS,,solar,ATRCCS_H_solar_E,Thailand,1,2024,502.266107431126,2024.0005747468103,2526.2666821779367,1.483644176744365,202.49409307689865,0.2051733881796016,436.52271894070594,0.109692,58.78845493010452,0.2022515520454295,3224.0719491256455,2.000761116969396
compressed_hydrogen,ATRCCS,,solar,ATRCCS_H_solar_E,Russia,1,2024,533.3050241824877,1135.4463454273398,1668.7513696098276,1.483644176744365,2637.6741412966267,2.666561489546193,454.19840381906425,0.088902,234.21536928563623,0.8057776311221919,4994.839284011155,5.04488529741275
compressed_hydrogen,ATRCCS,,solar,ATRCCS_H_solar_E,Saudi Arabia,1,2024,538.9484635918261,520.1969525837817,1059.1454161756078,1.483644176744365,471.0496315857507,0.4766191925771176,454.4601647060385,0.109296,274.5925765511722,0.9446884571750944,2259.247789018569,3.014247826496577
compressed_hydrogen,BG,,solar,BG_H_solar_E,South Africa,1,2024,553.0749400000001,1663.5455960894726,2216.620536089473,1.2992203468950578,438.1704908749996,0.4433861978391045,449.5806429320899,0.140382,361.7425091914331,1.24451278761725,3466.1141790879956,3.1275013323514123
compressed_hydrogen,BG,,solar,BG_H_solar_E,Taiwan,1,2024,544.2020799999999,1562.707226693276,2106.909306693276,1.2992203468950578,108.29765925058994,0.1099631873647823,458.4940016016286,0.125928,123.75369732364892,0.4257532773199524,2797.454664869143,1.9608648115797926
compressed_hydrogen,BG,,solar,BG_H_solar_E,Switzerland,1,2024,653.6340200000001,2106.0756292512697,2759.7096492512696,1.2992203468950578,207.83667510659143,0.2105734684932008,566.2965780106518,0.007326,477.85838672484647,1.6439894616712198,4011.7012890933593,3.161109277059478
compressed_hydrogen,BG,,solar,BG_H_solar_E,Singapore,1,2024,547.1597,1990.443122774282,2537.6028227742822,1.2992203468950578,8.03949538583879,0.0086260185661268,484.16688204511576,0.098802,0.0,0.0,3029.809200205237,1.4066483654611848
compressed_hydrogen,BG,,solar,BG_H_solar_E,Hungary,1,2024,532.3716000000001,1811.6615983993513,2344.0331983993515,1.2992203468950578,329.62936309882156,0.3336769216759281,455.1984798276802,0.036234,465.3103844280541,1.600820221339709,3594.1714257539074,3.269951489910695
compressed_hydrogen,BG,,solar,BG_H_solar_E,Philippines,1,2024,529.4139799999999,1620.568152736214,2149.9821327362138,1.2992203468950578,173.897979404711,0.1762695155523986,442.989599384193,0.121374,95.54465824265502,0.3287049377671536,2862.4143697677723,1.92556880021461
compressed_hydrogen,BG,,solar,BG_H_solar_E,Netherlands,1,2024,606.3121,1897.9305540940636,2504.2426540940637,1.2992203468950578,82.54212485506892,0.0839304650813442,519.454490914858,0.050094,614.9627108688619,2.115673270732631,3721.2019807328525,3.548918082709033
compressed_hydrogen,BG,,solar,BG_H_solar_E,Norway,1,2024,671.37974,2027.4050841570545,2698.7848241570546,1.2992203468950578,383.8823986934868,0.3885138428199527,548.6678606715745,0.006138,652.5998675566051,2.245157424785045,4283.934951078721,3.939029614500056
compressed_hydrogen,BG,,solar,BG_H_solar_E,Oman,1,2024,564.90542,1535.291278923993,2100.196698923993,1.2992203468950578,324.730500960653,0.328725336684938,480.79416470603854,0.10791,237.33986435975157,0.816526918186284,3143.061228950436,2.5523826017662796
compressed_hydrogen,BG,,solar,BG_H_solar_E,Italy,1,2024,567.86304,1888.7718183097131,2456.6348583097133,1.2992203468950578,204.80191904673052,0.2075060515842323,534.1870451495255,0.057024,468.7690027835402,1.6127190019959037,3664.3928252895093,3.1764694004751934
compressed_hydrogen,BG,,solar,BG_H_solar_E,Austria,1,2024,615.18496,1914.3921866621145,2529.5771466621145,1.2992203468950578,166.3134639659168,0.1686033735481032,538.2611322453193,0.020394,468.7690027835402,1.6127190019959037,3702.920745656891,3.100936722439065
compressed_hydrogen,BG,,solar,BG_H_solar_E,Finland,1,2024,638.8459200000001,2048.842527868422,2687.6884478684224,1.2992203468950578,330.87093754752107,0.3349318582779358,524.0621757932163,0.014256,696.023991824673,2.3945506439106756,4238.645553033833,4.04295884908367
compressed_hydrogen,BG,,solar,BG_H_solar_E,Portugal,1,2024,538.2868400000001,1728.206589925892,2266.493429925892,1.2992203468950578,155.78194980131548,0.1579585164365832,449.9162407146544,0.022176,532.8280967922211,1.83310327984916,3405.019717234083,3.312458143180801
compressed_hydrogen,BG,,solar,BG_H_solar_E,Germany,1,2024,609.26972,1916.7949545185736,2526.064674518574,1.2992203468950578,242.44981880117643,0.245559128014774,532.257371358345,0.0681119999999999,629.0180953687924,2.164028399866166,3929.789960046888,3.7769198747759978
compressed_hydrogen,BG,,solar,BG_H_solar_E,Greece,1,2024,544.20208,1655.8005531969486,2200.0026331969484,1.2992203468950578,135.93126007286196,0.1378941883236556,472.5520016016286,0.06336,416.73717979363374,1.4337124782154538,3225.2230746650725,2.934187013434167
compressed_hydrogen,BG,,solar,BG_H_solar_E,France,1,2024,597.43924,1864.525603005136,2461.964843005136,1.2992203468950578,282.1252145483468,0.2856615208873211,504.01384958439667,0.008712,600.9540801455399,2.067478989913519,3849.0579872834196,3.661072857695898
compressed_hydrogen,BG,,solar,BG_H_solar_E,Brazil,1,2024,544.2020799999999,1784.9899001374831,2329.191980137483,1.2992203468950578,1251.7868275768665,1.2657588892134022,450.3760016016286,0.020394,662.3962077689117,2.278860045727537,4693.75101708489,4.864233281835997
compressed_hydrogen,BG,,solar,BG_H_solar_E,United Kingdom,1,2024,629.9730599999999,1855.7245155271455,2485.6975755271455,1.2992203468950578,225.3250961844594,0.2282501045941831,579.3075344627548,0.041778,596.7764698273104,2.0531066412660253,3887.10667600167,3.6223550927552663
compressed_hydrogen,BG,,solar,BG_H_solar_E,Spain,1,2024,550.1173200000001,1709.8965777935136,2260.013897793514,1.2992203468950578,380.43443665151494,0.3850287728965696,456.7757624886029,0.028908,513.9133016518961,1.7680301855094565,3611.137398585528,3.481187305301084
compressed_hydrogen,BG,,solar,BG_H_solar_E,Sweden,1,2024,650.6764000000001,2164.353888937742,2815.0302889377417,1.2992203468950578,402.0181929118524,0.4068448192627633,522.1015400671648,0.007128,647.6269887799132,2.228049092002435,4386.777010696673,3.9412422581602558
compressed_hydrogen,BG,,solar,BG_H_solar_E,Czech Republic,1,2024,538.2868400000001,1766.9664200321192,2305.253260032119,1.2992203468950578,358.5889267136765,0.3629481557904174,465.9542407146544,0.081972,468.7690027835402,1.6127190019959037,3598.5654302439902,3.356859504681379
compressed_hydrogen,BG,,solar,BG_H_solar_E,Japan,1,2024,638.8459200000001,1984.9503339396877,2623.7962539396876,1.2992203468950578,157.72394129414766,0.1599214081566048,539.7041757932162,0.095436,218.4887704886088,0.751672977089759,3539.71314151566,2.3062507321414216
compressed_hydrogen,BG,,solar,BG_H_solar_E,Belgium,1,2024,606.3121,1970.628678873085,2576.940778873085,1.2992203468950578,51.45087562910715,0.0525046035901776,525.196490914858,0.027324,613.7289898323638,2.1114288660324307,3767.317135249414,3.490477816517666
compressed_hydrogen,BG,,solar,BG_H_solar_E,Poland,1,2024,547.1597,1965.673798040673,2512.8334980406735,1.2992203468950578,194.5095199991873,0.1971028830100399,508.91688204511576,0.12177,674.5068924040672,2.3205247699783293,3890.766792489044,3.938617999883427
compressed_hydrogen,BG,,solar,BG_H_solar_E,India,1,2024,523.49874,1623.387131010245,2146.885871010245,1.2992203468950578,527.0853162860647,0.5332579481689742,433.8178384972189,0.140184,114.20949796018044,0.3929181035330664,3221.9985237537094,2.3655803985970985
compressed_hydrogen,BG,,solar,BG_H_solar_E,Indonesia,1,2024,476.17682,1770.3999637230677,2246.5767837230674,1.2992203468950578,257.5424918161488,0.2608142323771918,385.78775140142506,0.127908,83.94348246374771,0.2887930909661872,2973.850509404389,1.9767356702384369
compressed_hydrogen,BG,,solar,BG_H_solar_E,South Korea,1,2024,556.03256,1793.047109997899,2349.079669997899,1.2992203468950578,126.20181287878846,0.1280600302399958,457.03752337557705,0.081972,190.00491067440015,0.6536791641460872,3122.323916926665,2.1629315412811407
compressed_hydrogen,BG,,solar,BG_H_solar_E,China,1,2024,541.24446,1583.721700075186,2124.966160075186,1.2992203468950578,1422.9103352979398,1.4387240734825033,440.7411211581416,0.11088,160.08168712840094,0.5507334682339201,4148.699303659669,3.399557888611481
compressed_hydrogen,BG,,solar,BG_H_solar_E,United Arab Emirates,1,2024,564.90542,1459.3632789239932,2024.2686989239933,1.2992203468950578,188.6948708838179,0.1912256550996622,462.77616470603857,0.075834,247.35945191292635,0.8509975831475254,2923.099186426776,2.417277585142245
compressed_hydrogen,BG,,solar,BG_H_solar_E,United States,1,2024,591.524,1759.106649152107,2350.630649152107,1.2992203468950578,1408.3893706910883,1.4240468304056315,490.8820886974225,0.076032,570.9393860676871,1.9642186053936008,4820.841494608305,4.76351778269429
compressed_hydrogen,BG,,solar,BG_H_solar_E,Turkey,1,2024,541.24446,1728.5807872409218,2269.8252472409217,1.2992203468950578,174.60991317217503,0.176989111339773,452.0271211581416,0.09306,402.4474195795582,1.384551019811929,3298.9097011507965,2.95382047804676
compressed_hydrogen,BG,,solar,BG_H_solar_E,Australia,1,2024,606.3121,1688.96004165306,2295.27214165306,1.2992203468950578,1431.9328260410734,1.447843666662513,519.6524909148579,0.109296,128.30957994957413,0.4414270066793259,4375.167038558565,3.297787020236897
compressed_hydrogen,BG,,solar,BG_H_solar_E,Malaysia,1,2024,517.5835,1627.7751163298906,2145.3586163298905,1.2992203468950578,271.7689086251675,0.2751937576547579,429.3980776102447,0.119592,0.0,0.0,2846.525602565303,1.6940061045498156
compressed_hydrogen,BG,,solar,BG_H_solar_E,Canada,1,2024,603.3544800000001,1843.5848416049173,2446.9393216049175,1.2992203468950578,1435.5081568025848,1.4514574760813554,492.19761047137087,0.03465,534.5616655285487,1.839067324454798,4909.206754407422,4.624395147431211
compressed_hydrogen,BG,,solar,BG_H_solar_E,Mexico,1,2024,520.5411200000001,1620.776917737656,2141.318037737656,1.2992203468950578,857.852490116471,0.8675849259971682,448.1409580537317,0.10395,699.246616688876,2.4056375296133217,4146.558102596735,4.676392802505548
compressed_hydrogen,BG,,solar,BG_H_solar_E,Thailand,1,2024,526.45636,1584.8039687525118,2111.2603287525117,1.2992203468950578,202.49409307689865,0.2051733881796016,436.52271894070594,0.109692,58.78845493010452,0.2022515520454295,2809.0655957002205,1.816337287120089
compressed_hydrogen,BG,,solar,BG_H_solar_E,Russia,1,2024,558.99018,1721.7256369024751,2280.715816902475,1.2992203468950578,2637.6741412966267,2.666561489546193,454.19840381906425,0.088902,234.21536928563623,0.8057776311221919,5606.803731303802,4.860461467563443
compressed_hydrogen,BG,,solar,BG_H_solar_E,Saudi Arabia,1,2024,564.90542,1528.1533086297704,2093.0587286297705,1.2992203468950578,471.0496315857507,0.4766191925771176,454.4601647060385,0.109296,274.5925765511722,0.9446884571750944,3293.1611014727323,2.82982399664727
compressed_hydrogen,LTE,,solar,LTE_H_solar_E,South Africa,1,2024,684.35455,4111.526198274028,4795.880748274028,1.99911151034,438.1704908749996,0.4433861978391045,449.5806429320899,0.140382,361.7425091914331,1.24451278761725,6045.37439127255,3.827392495796354
compressed_hydrogen,LTE,,solar,LTE_H_solar_E,Taiwan,1,2024,673.3756,1984.115624215644,2657.4912242156443,1.99911151034,108.29765925058994,0.1099631873647823,458.4940016016286,0.125928,123.75369732364892,0.4257532773199524,3348.0365823915113,2.6607559750247347
compressed_hydrogen,LTE,,solar,LTE_H_solar_E,Switzerland,1,2024,808.78265,3570.491202547801,4379.273852547801,1.99911151034,207.83667510659143,0.2105734684932008,566.2965780106518,0.007326,477.85838672484647,1.6439894616712198,5631.26549238989,3.8610004405044203
compressed_hydrogen,LTE,,solar,LTE_H_solar_E,Singapore,1,2024,677.03525,3294.4683760126454,3971.503626012646,1.99911151034,8.03949538583879,0.0086260185661268,484.16688204511576,0.098802,0.0,0.0,4463.710003443601,2.1065395289061266
compressed_hydrogen,LTE,,solar,LTE_H_solar_E,Hungary,1,2024,658.737,4715.942671174783,5374.679671174783,1.99911151034,329.62936309882156,0.3336769216759281,455.1984798276802,0.036234,465.3103844280541,1.600820221339709,6624.817898529338,3.9698426533556366
compressed_hydrogen,LTE,,solar,LTE_H_solar_E,Philippines,1,2024,655.07735,3150.9864571043245,3806.063807104325,1.99911151034,173.897979404711,0.1762695155523986,442.989599384193,0.121374,95.54465824265502,0.3287049377671536,4518.4960441358835,2.6254599636595524
compressed_hydrogen,LTE,,solar,LTE_H_solar_E,Netherlands,1,2024,750.2282499999999,3338.6798648302865,4088.908114830286,1.99911151034,82.54212485506892,0.0839304650813442,519.454490914858,0.050094,614.9627108688619,2.115673270732631,5305.867441469075,4.248809246153975
compressed_hydrogen,LTE,,solar,LTE_H_solar_E,Norway,1,2024,830.74055,5176.358882892243,6007.0994328922425,1.99911151034,383.8823986934868,0.3885138428199527,548.6678606715745,0.006138,652.5998675566051,2.245157424785045,7592.249559813909,4.638920777944998
compressed_hydrogen,LTE,,solar,LTE_H_solar_E,Oman,1,2024,698.9931499999999,2467.027285652779,3166.020435652779,1.99911151034,324.730500960653,0.328725336684938,480.79416470603854,0.10791,237.33986435975157,0.816526918186284,4208.884965679222,3.2522737652112217
compressed_hydrogen,LTE,,solar,LTE_H_solar_E,Italy,1,2024,702.6528,3037.132917142673,3739.7857171426726,1.99911151034,204.80191904673052,0.2075060515842323,534.1870451495255,0.057024,468.7690027835402,1.6127190019959037,4947.543684122469,3.876360563920136
compressed_hydrogen,LTE,,solar,LTE_H_solar_E,Austria,1,2024,761.2072,3522.370917320482,4283.578117320482,1.99911151034,166.3134639659168,0.1686033735481032,538.2611322453193,0.020394,468.7690027835402,1.6127190019959037,5456.921716315259,3.800827885884007
compressed_hydrogen,LTE,,solar,LTE_H_solar_E,Finland,1,2024,790.4843999999999,5153.426843408935,5943.911243408936,1.99911151034,330.87093754752107,0.3349318582779358,524.0621757932163,0.014256,696.023991824673,2.3945506439106756,7494.868348574346,4.742850012528612
compressed_hydrogen,LTE,,solar,LTE_H_solar_E,Portugal,1,2024,666.0563000000001,2566.9006830938433,3232.9569830938435,1.99911151034,155.78194980131548,0.1579585164365832,449.9162407146544,0.022176,532.8280967922211,1.83310327984916,4371.483270402035,4.012349306625743
compressed_hydrogen,LTE,,solar,LTE_H_solar_E,Germany,1,2024,753.8879000000001,3542.5824672351528,4296.4703672351525,1.99911151034,242.44981880117643,0.245559128014774,532.257371358345,0.0681119999999999,629.0180953687924,2.164028399866166,5700.195652763467,4.47681103822094
compressed_hydrogen,LTE,,solar,LTE_H_solar_E,Greece,1,2024,673.3756,2566.0246107288813,3239.400210728881,1.99911151034,135.93126007286196,0.1378941883236556,472.5520016016286,0.06336,416.73717979363374,1.4337124782154538,4264.620652197005,3.6340781768791093
compressed_hydrogen,LTE,,solar,LTE_H_solar_E,France,1,2024,739.2493,2837.747903731147,3576.997203731147,1.99911151034,282.1252145483468,0.2856615208873211,504.01384958439667,0.008712,600.9540801455399,2.067478989913519,4964.09034800943,4.36096402114084
compressed_hydrogen,LTE,,solar,LTE_H_solar_E,Brazil,1,2024,673.3756,3262.817885395393,3936.193485395393,1.99911151034,1251.7868275768665,1.2657588892134022,450.3760016016286,0.020394,662.3962077689117,2.278860045727537,6300.7525223428,5.564124445280939
compressed_hydrogen,LTE,,solar,LTE_H_solar_E,United Kingdom,1,2024,779.50545,3860.448612999855,4639.954062999855,1.99911151034,225.3250961844594,0.2282501045941831,579.3075344627548,0.041778,596.7764698273104,2.0531066412660253,6041.36316347438,4.3222462562002075
compressed_hydrogen,LTE,,solar,LTE_H_solar_E,Spain,1,2024,680.6949,2182.716677169285,2863.411577169285,1.99911151034,380.43443665151494,0.3850287728965696,456.7757624886029,0.028908,513.9133016518961,1.7680301855094565,4214.535077961299,4.181078468746026
compressed_hydrogen,LTE,,solar,LTE_H_solar_E,Sweden,1,2024,805.1230000000002,5159.68554761647,5964.808547616471,1.99911151034,402.0181929118524,0.4068448192627633,522.1015400671648,0.007128,647.6269887799132,2.228049092002435,7536.555269375402,4.641133421605198
compressed_hydrogen,LTE,,solar,LTE_H_solar_E,Czech Republic,1,2024,666.0563000000001,3478.4175797693965,4144.473879769396,1.99911151034,358.5889267136765,0.3629481557904174,465.9542407146544,0.081972,468.7690027835402,1.6127190019959037,5437.786049981268,4.0567506681263215
compressed_hydrogen,LTE,,solar,LTE_H_solar_E,Japan,1,2024,790.4843999999999,5647.198415765567,6437.682815765567,1.99911151034,157.72394129414766,0.1599214081566048,539.7041757932162,0.095436,218.4887704886088,0.751672977089759,7353.599703341541,3.0061418955863637
compressed_hydrogen,LTE,,solar,LTE_H_solar_E,Belgium,1,2024,750.2282499999999,5032.34943170997,5782.57768170997,1.99911151034,51.45087562910715,0.0525046035901776,525.196490914858,0.027324,613.7289898323638,2.1114288660324307,6972.9540380863,4.190368979962608
compressed_hydrogen,LTE,,solar,LTE_H_solar_E,Poland,1,2024,677.03525,6078.821612613578,6755.8568626135775,1.99911151034,194.5095199991873,0.1971028830100399,508.91688204511576,0.12177,674.5068924040672,2.3205247699783293,8133.790157061948,4.6385091633283695
compressed_hydrogen,LTE,,solar,LTE_H_solar_E,India,1,2024,647.75805,2642.0647640214047,3289.8228140214046,1.99911151034,527.0853162860647,0.5332579481689742,433.8178384972189,0.140184,114.20949796018044,0.3929181035330664,4364.935466764869,3.0654715620420405
compressed_hydrogen,LTE,,solar,LTE_H_solar_E,Indonesia,1,2024,589.2036499999999,3792.718680119152,4381.922330119152,1.99911151034,257.5424918161488,0.2608142323771918,385.78775140142506,0.127908,83.94348246374771,0.2887930909661872,5109.196055800474,2.676626833683379
compressed_hydrogen,LTE,,solar,LTE_H_solar_E,South Korea,1,2024,688.0142000000001,3734.078070188223,4422.092270188223,1.99911151034,126.20181287878846,0.1280600302399958,457.03752337557705,0.081972,190.00491067440015,0.6536791641460872,5195.336517116988,2.862822704726083
compressed_hydrogen,LTE,,solar,LTE_H_solar_E,China,1,2024,669.71595,1974.9564879276704,2644.67243792767,1.99911151034,1422.9103352979398,1.4387240734825033,440.7411211581416,0.11088,160.08168712840094,0.5507334682339201,4668.405581512152,4.099449052056423
compressed_hydrogen,LTE,,solar,LTE_H_solar_E,United Arab Emirates,1,2024,698.9931499999999,1456.6311596007793,2155.6243096007793,1.99911151034,188.6948708838179,0.1912256550996622,462.77616470603857,0.075834,247.35945191292635,0.8509975831475254,3054.4547971035627,3.1171687485871873
compressed_hydrogen,LTE,,solar,LTE_H_solar_E,United States,1,2024,731.93,3223.4791811801297,3955.4091811801295,1.99911151034,1408.3893706910883,1.4240468304056315,490.8820886974225,0.076032,570.9393860676871,1.9642186053936008,6425.620026636328,5.463408946139232
compressed_hydrogen,LTE,,solar,LTE_H_solar_E,Turkey,1,2024,669.71595,4524.798524505853,5194.514474505852,1.99911151034,174.60991317217503,0.176989111339773,452.0271211581416,0.09306,402.4474195795582,1.384551019811929,6223.598928415727,3.653711641491702
compressed_hydrogen,LTE,,solar,LTE_H_solar_E,Australia,1,2024,750.2282499999999,1967.9242607656672,2718.152510765667,1.99911151034,1431.9328260410734,1.447843666662513,519.6524909148579,0.109296,128.30957994957413,0.4414270066793259,4798.047407671172,3.997678183681839
compressed_hydrogen,LTE,,solar,LTE_H_solar_E,Malaysia,1,2024,640.4387499999999,3362.03480921527,4002.4735592152697,1.99911151034,271.7689086251675,0.2751937576547579,429.3980776102447,0.119592,0.0,0.0,4703.640545450681,2.393897267994758
compressed_hydrogen,LTE,,solar,LTE_H_solar_E,Canada,1,2024,746.5686000000001,5148.496537493322,5895.065137493322,1.99911151034,1435.5081568025848,1.4514574760813554,492.19761047137087,0.03465,534.5616655285487,1.839067324454798,8357.332570295828,5.324286310876153
compressed_hydrogen,LTE,,solar,LTE_H_solar_E,Mexico,1,2024,644.0984000000001,3553.0119547020336,4197.110354702034,1.99911151034,857.852490116471,0.8675849259971682,448.1409580537317,0.10395,699.246616688876,2.4056375296133217,6202.350419561113,5.37628396595049
compressed_hydrogen,LTE,,solar,LTE_H_solar_E,Thailand,1,2024,651.4177,2764.176714787721,3415.594414787721,1.99911151034,202.49409307689865,0.2051733881796016,436.52271894070594,0.109692,58.78845493010452,0.2022515520454295,4113.39968173543,2.5162284505650305
compressed_hydrogen,LTE,,solar,LTE_H_solar_E,Russia,1,2024,691.67385,5078.779770590567,5770.453620590567,1.99911151034,2637.6741412966267,2.666561489546193,454.19840381906425,0.088902,234.21536928563623,0.8057776311221919,9096.541534991893,5.560352631008385
compressed_hydrogen,LTE,,solar,LTE_H_solar_E,Saudi Arabia,1,2024,698.9931499999999,2427.8264636257672,3126.819613625767,1.99911151034,471.0496315857507,0.4766191925771176,454.4601647060385,0.109296,274.5925765511722,0.9446884571750944,4326.921986468728,3.529715160092212
compressed_hydrogen,SMR,,solar,SMR_H_solar_E,South Africa,1,2024,340.32213148874445,903.9664697976845,1244.288601286429,10.628062087093332,438.1704908749996,0.4433861978391045,449.5806429320899,0.140382,361.7425091914331,1.24451278761725,2493.782244284952,12.456343072549688
compressed_hydrogen,SMR,,solar,SMR_H_solar_E,Taiwan,1,2024,334.8624181493528,1894.9766744676597,2229.8390926170123,10.628062087093332,108.29765925058994,0.1099631873647823,458.4940016016286,0.125928,123.75369732364892,0.4257532773199524,2920.3844507928793,11.289706551778066
compressed_hydrogen,SMR,,solar,SMR_H_solar_E,Switzerland,1,2024,402.1988826685161,8000.868280146021,8403.067162814537,10.628062087093332,207.83667510659143,0.2105734684932008,566.2965780106518,0.007326,477.85838672484647,1.6439894616712198,9655.058802656627,12.489951017257752
compressed_hydrogen,SMR,,solar,SMR_H_solar_E,Singapore,1,2024,336.68232259581663,8630.866568745789,8967.548891341605,10.628062087093332,8.03949538583879,0.0086260185661268,484.16688204511576,0.098802,0.0,0.0,9459.75526877256,10.735490105659457
compressed_hydrogen,SMR,,solar,SMR_H_solar_E,Hungary,1,2024,327.5828003634973,3312.755154432355,3640.337954795853,10.628062087093332,329.62936309882156,0.3336769216759281,455.1984798276802,0.036234,465.3103844280541,1.600820221339709,4890.476182150409,12.59879323010897
compressed_hydrogen,SMR,,solar,SMR_H_solar_E,Philippines,1,2024,325.76289591703346,1918.4355368342567,2244.19843275129,10.628062087093332,173.897979404711,0.1762695155523986,442.989599384193,0.121374,95.54465824265502,0.3287049377671536,2956.6306697828486,11.254410540412882
compressed_hydrogen,SMR,,solar,SMR_H_solar_E,Netherlands,1,2024,373.0804115250941,5500.034597241594,5873.115008766688,10.628062087093332,82.54212485506892,0.0839304650813442,519.454490914858,0.050094,614.9627108688619,2.115673270732631,7090.0743354054775,12.877759822907308
compressed_hydrogen,SMR,,solar,SMR_H_solar_E,Norway,1,2024,413.11830934729943,4196.5404176268685,4609.658726974168,10.628062087093332,383.8823986934868,0.3885138428199527,548.6678606715745,0.006138,652.5998675566051,2.245157424785045,6194.808853895834,13.267871354698329
compressed_hydrogen,SMR,,solar,SMR_H_solar_E,Oman,1,2024,347.60174927459997,415.77280145386896,763.3745507284689,10.628062087093332,324.730500960653,0.328725336684938,480.79416470603854,0.10791,237.33986435975157,0.816526918186284,1806.239080754912,11.881224341964554
compressed_hydrogen,SMR,,solar,SMR_H_solar_E,Italy,1,2024,349.42165372106376,6101.681399663045,6451.103053384109,10.628062087093332,204.80191904673052,0.2075060515842323,534.1870451495255,0.057024,468.7690027835402,1.6127190019959037,7658.8610203639055,12.505311140673468
compressed_hydrogen,SMR,,solar,SMR_H_solar_E,Austria,1,2024,378.5401248644858,5190.742752295183,5569.282877159669,10.628062087093332,166.3134639659168,0.1686033735481032,538.2611322453193,0.020394,468.7690027835402,1.6127190019959037,6742.626476154445,12.429778462637339
compressed_hydrogen,SMR,,solar,SMR_H_solar_E,Finland,1,2024,393.0993604361968,5631.844674674137,6024.944035110334,10.628062087093332,330.87093754752107,0.3349318582779358,524.0621757932163,0.014256,696.023991824673,2.3945506439106756,7575.901140275744,13.371800589281943
compressed_hydrogen,SMR,,solar,SMR_H_solar_E,Portugal,1,2024,331.22260925642513,4742.771819128368,5073.9944283847935,10.628062087093332,155.78194980131548,0.1579585164365832,449.9162407146544,0.022176,532.8280967922211,1.83310327984916,6212.520715692984,12.641299883379075
compressed_hydrogen,SMR,,solar,SMR_H_solar_E,Germany,1,2024,374.900315971558,4843.740781821367,5218.6410977929245,10.628062087093332,242.44981880117643,0.245559128014774,532.257371358345,0.0681119999999999,629.0180953687924,2.164028399866166,6622.366383321239,13.10576161497427
compressed_hydrogen,SMR,,solar,SMR_H_solar_E,Greece,1,2024,334.8624181493528,2629.135413335877,2963.9978314852297,10.628062087093332,135.93126007286196,0.1378941883236556,472.5520016016286,0.06336,416.73717979363374,1.4337124782154538,3989.218272953354,12.26302875363244
compressed_hydrogen,SMR,,solar,SMR_H_solar_E,France,1,2024,367.6206981857025,5326.659060215282,5694.279758400984,10.628062087093332,282.1252145483468,0.2856615208873211,504.01384958439667,0.008712,600.9540801455399,2.067478989913519,7081.372902679267,12.989914597894172
compressed_hydrogen,SMR,,solar,SMR_H_solar_E,Brazil,1,2024,334.8624181493528,5231.715813219508,5566.5782313688605,10.628062087093332,1251.7868275768665,1.2657588892134022,450.3760016016286,0.020394,662.3962077689117,2.278860045727537,7931.137268316267,14.19307502203427
compressed_hydrogen,SMR,,solar,SMR_H_solar_E,United Kingdom,1,2024,387.6396470968051,4027.141583796343,4414.781230893148,10.628062087093332,225.3250961844594,0.2282501045941831,579.3075344627548,0.041778,596.7764698273104,2.0531066412660253,5816.190331367673,12.95119683295354
compressed_hydrogen,SMR,,solar,SMR_H_solar_E,Spain,1,2024,338.5022270422805,3904.392274686369,4242.89450172865,10.628062087093332,380.43443665151494,0.3850287728965696,456.7757624886029,0.028908,513.9133016518961,1.7680301855094565,5594.018002520664,12.810029045499357
compressed_hydrogen,SMR,,solar,SMR_H_solar_E,Sweden,1,2024,400.37897822205224,8192.597603902894,8592.976582124946,10.628062087093332,402.0181929118524,0.4068448192627633,522.1015400671648,0.007128,647.6269887799132,2.228049092002435,10164.723303883875,13.27008399835853
compressed_hydrogen,SMR,,solar,SMR_H_solar_E,Czech Republic,1,2024,331.22260925642513,4044.0891191640753,4375.3117284205,10.628062087093332,358.5889267136765,0.3629481557904174,465.9542407146544,0.081972,468.7690027835402,1.6127190019959037,5668.6238986323715,12.685701244879654
compressed_hydrogen,SMR,,solar,SMR_H_solar_E,Japan,1,2024,393.0993604361968,4352.9899963447615,4746.089356780958,10.628062087093332,157.72394129414766,0.1599214081566048,539.7041757932162,0.095436,218.4887704886088,0.751672977089759,5662.006244356931,11.635092472339695
compressed_hydrogen,SMR,,solar,SMR_H_solar_E,Belgium,1,2024,373.0804115250941,3291.9957500053843,3665.076161530478,10.628062087093332,51.45087562910715,0.0525046035901776,525.196490914858,0.027324,613.7289898323638,2.1114288660324307,4855.452517906808,12.81931955671594
compressed_hydrogen,SMR,,solar,SMR_H_solar_E,Poland,1,2024,336.68232259581663,4657.148730035511,4993.831052631328,10.628062087093332,194.5095199991873,0.1971028830100399,508.91688204511576,0.12177,674.5068924040672,2.3205247699783293,6371.764347079698,13.2674597400817
compressed_hydrogen,SMR,,solar,SMR_H_solar_E,India,1,2024,322.12308702410564,2938.424018311094,3260.5471053352,10.628062087093332,527.0853162860647,0.5332579481689742,433.8178384972189,0.140184,114.20949796018044,0.3929181035330664,4335.659758078664,11.694422138795371
compressed_hydrogen,SMR,,solar,SMR_H_solar_E,Indonesia,1,2024,293.0046158806837,4662.17696594465,4955.1815818253335,10.628062087093332,257.5424918161488,0.2608142323771918,385.78775140142506,0.127908,83.94348246374771,0.2887930909661872,5682.455307506655,11.30557741043671
compressed_hydrogen,SMR,,solar,SMR_H_solar_E,South Korea,1,2024,342.1420359352083,3392.502966103819,3734.645002039027,10.628062087093332,126.20181287878846,0.1280600302399958,457.03752337557705,0.081972,190.00491067440015,0.6536791641460872,4507.889248967793,11.491773281479414
compressed_hydrogen,SMR,,solar,SMR_H_solar_E,China,1,2024,333.042513702889,2882.200286700932,3215.242800403821,10.628062087093332,1422.9103352979398,1.4387240734825033,440.7411211581416,0.11088,160.08168712840094,0.5507334682339201,5238.975943988304,12.728399628809754
compressed_hydrogen,SMR,,solar,SMR_H_solar_E,United Arab Emirates,1,2024,347.60174927459997,341.60071360730234,689.2024628819023,10.628062087093332,188.6948708838179,0.1912256550996622,462.77616470603857,0.075834,247.35945191292635,0.8509975831475254,1588.032950384685,11.74611932534052
compressed_hydrogen,SMR,,solar,SMR_H_solar_E,United States,1,2024,363.9808892927748,1972.5552384964403,2336.5361277892152,10.628062087093332,1408.3893706910883,1.4240468304056315,490.8820886974225,0.076032,570.9393860676871,1.9642186053936008,4806.746973245414,14.092359522892563
compressed_hydrogen,SMR,,solar,SMR_H_solar_E,Turkey,1,2024,333.042513702889,1839.1553386271555,2172.197852330045,10.628062087093332,174.60991317217503,0.176989111339773,452.0271211581416,0.09306,402.4474195795582,1.384551019811929,3201.2823062399198,12.282662218245033
compressed_hydrogen,SMR,,solar,SMR_H_solar_E,Australia,1,2024,373.0804115250941,2433.0746938689467,2806.1551053940407,10.628062087093332,1431.9328260410734,1.447843666662513,519.6524909148579,0.109296,128.30957994957413,0.4414270066793259,4886.050002299547,12.626628760435171
compressed_hydrogen,SMR,,solar,SMR_H_solar_E,Malaysia,1,2024,318.48327813117794,1663.1914968266549,1981.6747749578328,10.628062087093332,271.7689086251675,0.2751937576547579,429.3980776102447,0.119592,0.0,0.0,2682.841761193245,11.02284784474809
compressed_hydrogen,SMR,,solar,SMR_H_solar_E,Canada,1,2024,371.2605070786302,1413.7826369885338,1785.043144067164,10.628062087093332,1435.5081568025848,1.4514574760813554,492.19761047137087,0.03465,534.5616655285487,1.839067324454798,4247.310576869669,13.953236887629483
compressed_hydrogen,SMR,,solar,SMR_H_solar_E,Mexico,1,2024,320.3031825776418,1087.4486094849044,1407.7517920625462,10.628062087093332,857.852490116471,0.8675849259971682,448.1409580537317,0.10395,699.246616688876,2.4056375296133217,3412.9918569216243,14.005234542703821
compressed_hydrogen,SMR,,solar,SMR_H_solar_E,Thailand,1,2024,323.9429914705696,1751.000701676002,2074.9436931465716,10.628062087093332,202.49409307689865,0.2051733881796016,436.52271894070594,0.109692,58.78845493010452,0.2022515520454295,2772.7489600942804,11.145179027318363
compressed_hydrogen,SMR,,solar,SMR_H_solar_E,Russia,1,2024,343.96194038167215,871.1679824938893,1215.1299228755615,10.628062087093332,2637.6741412966267,2.666561489546193,454.19840381906425,0.088902,234.21536928563623,0.8057776311221919,4541.2178372768885,14.189303207761716
compressed_hydrogen,SMR,,solar,SMR_H_solar_E,Saudi Arabia,1,2024,347.60174927459997,406.8916226943226,754.4933719689226,10.628062087093332,471.0496315857507,0.4766191925771176,454.4601647060385,0.109296,274.5925765511722,0.9446884571750944,1954.595744811884,12.158665736845546
compressed_hydrogen,SMRCCS,,solar,SMRCCS_H_solar_E,South Africa,1,2024,613.6587058200857,1202.0347624508584,1815.693468270944,2.034099976934759,438.1704908749996,0.4433861978391045,449.5806429320899,0.140382,361.7425091914331,1.24451278761725,3065.187111269467,3.8623809623911134
compressed_hydrogen,SMRCCS,,solar,SMRCCS_H_solar_E,Taiwan,1,2024,603.8139137481056,2459.281607780582,3063.0955215286876,2.034099976934759,108.29765925058994,0.1099631873647823,458.4940016016286,0.125928,123.75369732364892,0.4257532773199524,3753.6408797045547,2.6957444416194942
compressed_hydrogen,SMRCCS,,solar,SMRCCS_H_solar_E,Switzerland,1,2024,725.2330159691923,10323.54868878458,11048.781704753772,2.034099976934759,207.83667510659143,0.2105734684932008,566.2965780106518,0.007326,477.85838672484647,1.6439894616712198,12300.773344595862,3.8959889070991798
compressed_hydrogen,SMRCCS,,solar,SMRCCS_H_solar_E,Singapore,1,2024,607.0955111054325,11130.453821731691,11737.549332837125,2.034099976934759,8.03949538583879,0.0086260185661268,484.16688204511576,0.098802,0.0,0.0,12229.75571026808,2.141527995500886
compressed_hydrogen,SMRCCS,,solar,SMRCCS_H_solar_E,Hungary,1,2024,590.6875243187991,4301.589995394464,4892.277519713262,2.034099976934759,329.62936309882156,0.3336769216759281,455.1984798276802,0.036234,465.3103844280541,1.600820221339709,6142.415747067817,4.004831119950396
compressed_hydrogen,SMRCCS,,solar,SMRCCS_H_solar_E,Philippines,1,2024,587.4059269614725,2498.1647204393103,3085.570647400783,2.034099976934759,173.897979404711,0.1762695155523986,442.989599384193,0.121374,95.54465824265502,0.3287049377671536,3798.0028844323415,2.660448430254311
compressed_hydrogen,SMRCCS,,solar,SMRCCS_H_solar_E,Netherlands,1,2024,672.7274582519656,7107.069952532947,7779.797410784913,2.034099976934759,82.54212485506892,0.0839304650813442,519.454490914858,0.050094,614.9627108688619,2.115673270732631,8996.756737423702,4.2837977127487346
compressed_hydrogen,SMRCCS,,solar,SMRCCS_H_solar_E,Norway,1,2024,744.9226001131523,5444.066533166978,6188.98913328013,2.034099976934759,383.8823986934868,0.3885138428199527,548.6678606715745,0.006138,652.5998675566051,2.245157424785045,7774.139260201796,4.673909244539757
compressed_hydrogen,SMRCCS,,solar,SMRCCS_H_solar_E,Oman,1,2024,626.7850952493924,564.428751309582,1191.2138465589744,2.034099976934759,324.730500960653,0.328725336684938,480.79416470603854,0.10791,237.33986435975157,0.816526918186284,2234.0783765854176,3.287262231805981
compressed_hydrogen,SMRCCS,,solar,SMRCCS_H_solar_E,Italy,1,2024,630.066692606719,7875.843044513358,8505.909737120077,2.034099976934759,204.80191904673052,0.2075060515842323,534.1870451495255,0.057024,468.7690027835402,1.6127190019959037,9713.667704099873,3.9113490305148955
compressed_hydrogen,SMRCCS,,solar,SMRCCS_H_solar_E,Austria,1,2024,682.5722503239457,6709.487428235966,7392.059678559912,2.034099976934759,166.3134639659168,0.1686033735481032,538.2611322453193,0.020394,468.7690027835402,1.6127190019959037,8565.403277554688,3.835816352478766
compressed_hydrogen,SMRCCS,,solar,SMRCCS_H_solar_E,Finland,1,2024,708.825029182559,7289.501766364448,7998.326795547007,2.034099976934759,330.87093754752107,0.3349318582779358,524.0621757932163,0.014256,696.023991824673,2.3945506439106756,9549.283900712418,4.777838479123371
compressed_hydrogen,SMRCCS,,solar,SMRCCS_H_solar_E,Portugal,1,2024,597.2507190334525,6128.304775328037,6725.55549436149,2.034099976934759,155.78194980131548,0.1579585164365832,449.9162407146544,0.022176,532.8280967922211,1.83310327984916,7864.081781669681,4.0473377732205025
compressed_hydrogen,SMRCCS,,solar,SMRCCS_H_solar_E,Germany,1,2024,676.0090556092923,6265.412387902133,6941.4214435114245,2.034099976934759,242.44981880117643,0.245559128014774,532.257371358345,0.0681119999999999,629.0180953687924,2.164028399866166,8345.14672903974,4.5117995048156985
compressed_hydrogen,SMRCCS,,solar,SMRCCS_H_solar_E,Greece,1,2024,603.8139137481057,3408.214776701517,4012.028690449623,2.034099976934759,135.93126007286196,0.1378941883236556,472.5520016016286,0.06336,416.73717979363374,1.4337124782154538,5037.249131917748,3.6690666434738683
compressed_hydrogen,SMRCCS,,solar,SMRCCS_H_solar_E,France,1,2024,662.8826661799856,6879.82299381816,7542.705659998146,2.034099976934759,282.1252145483468,0.2856615208873211,504.01384958439667,0.008712,600.9540801455399,2.067478989913519,8929.79880427643,4.395952487735599
compressed_hydrogen,SMRCCS,,solar,SMRCCS_H_solar_E,Brazil,1,2024,603.8139137481056,6759.775497867083,7363.5894116151885,2.034099976934759,1251.7868275768665,1.2657588892134022,450.3760016016286,0.020394,662.3962077689117,2.278860045727537,9728.148448562597,5.599112911875698
compressed_hydrogen,SMRCCS,,solar,SMRCCS_H_solar_E,United Kingdom,1,2024,698.9802371105789,5217.708309418535,5916.688546529113,2.034099976934759,225.3250961844594,0.2282501045941831,579.3075344627548,0.041778,596.7764698273104,2.0531066412660253,7318.0976470036385,4.357234722794967
compressed_hydrogen,SMRCCS,,solar,SMRCCS_H_solar_E,Spain,1,2024,610.3771084627591,5047.290481342583,5657.667589805342,2.034099976934759,380.43443665151494,0.3850287728965696,456.7757624886029,0.028908,513.9133016518961,1.7680301855094565,7008.791090597356,4.216066935340785
compressed_hydrogen,SMRCCS,,solar,SMRCCS_H_solar_E,Sweden,1,2024,721.9514186118656,10582.466163666217,11304.41758227808,2.034099976934759,402.0181929118524,0.4068448192627633,522.1015400671648,0.007128,647.6269887799132,2.228049092002435,12876.164304037009,4.676121888199957
compressed_hydrogen,SMRCCS,,solar,SMRCCS_H_solar_E,Czech Republic,1,2024,597.2507190334525,5238.395364845924,5835.646083879376,2.034099976934759,358.5889267136765,0.3629481557904174,465.9542407146544,0.081972,468.7690027835402,1.6127190019959037,7128.958254091248,4.09173913472108
compressed_hydrogen,SMRCCS,,solar,SMRCCS_H_solar_E,Japan,1,2024,708.825029182559,5645.032580422295,6353.857609604854,2.034099976934759,157.72394129414766,0.1599214081566048,539.7041757932162,0.095436,218.4887704886088,0.751672977089759,7269.774497180827,3.0411303621811228
compressed_hydrogen,SMRCCS,,solar,SMRCCS_H_solar_E,Belgium,1,2024,672.7274582519656,4277.624415463671,4950.351873715636,2.034099976934759,51.45087562910715,0.0525046035901776,525.196490914858,0.027324,613.7289898323638,2.1114288660324307,6140.728230091965,4.225357446557368
compressed_hydrogen,SMRCCS,,solar,SMRCCS_H_solar_E,Poland,1,2024,607.0955111054325,6040.966643326131,6648.062154431564,2.034099976934759,194.5095199991873,0.1971028830100399,508.91688204511576,0.12177,674.5068924040672,2.3205247699783293,8025.995448879934,4.673497629923128
compressed_hydrogen,SMRCCS,,solar,SMRCCS_H_solar_E,India,1,2024,580.8427322468192,3805.503048859306,4386.345781106125,2.034099976934759,527.0853162860647,0.5332579481689742,433.8178384972189,0.140184,114.20949796018044,0.3929181035330664,5461.45843384959,3.1004600286368
compressed_hydrogen,SMRCCS,,solar,SMRCCS_H_solar_E,Indonesia,1,2024,528.3371745295925,6029.051387976519,6557.388562506112,2.034099976934759,257.5424918161488,0.2608142323771918,385.78775140142506,0.127908,83.94348246374771,0.2887930909661872,7284.662288187434,2.7116153002781385
compressed_hydrogen,SMRCCS,,solar,SMRCCS_H_solar_E,South Korea,1,2024,616.9403031774124,4395.595483005847,5012.53578618326,2.034099976934759,126.20181287878846,0.1280600302399958,457.03752337557705,0.081972,190.00491067440015,0.6536791641460872,5785.780033112025,2.8978111713208423
compressed_hydrogen,SMRCCS,,solar,SMRCCS_H_solar_E,China,1,2024,600.5323163907791,3729.410746484573,4329.943062875352,2.034099976934759,1422.9103352979398,1.4387240734825033,440.7411211581416,0.11088,160.08168712840094,0.5507334682339201,6353.676206459833,4.134437518651183
compressed_hydrogen,SMRCCS,,solar,SMRCCS_H_solar_E,United Arab Emirates,1,2024,626.7850952493924,461.56966261392984,1088.3547578633222,2.034099976934759,188.6948708838179,0.1912256550996622,462.77616470603857,0.075834,247.35945191292635,0.8509975831475254,1987.185245366105,3.152157215181947
compressed_hydrogen,SMRCCS,,solar,SMRCCS_H_solar_E,United States,1,2024,656.3194714653323,2568.933076652333,3225.252548117666,2.034099976934759,1408.3893706910883,1.4240468304056315,490.8820886974225,0.076032,570.9393860676871,1.9642186053936008,5695.463393573864,5.498397412733992
compressed_hydrogen,SMRCCS,,solar,SMRCCS_H_solar_E,Turkey,1,2024,600.5323163907791,2404.694613170647,3005.226929561426,2.034099976934759,174.60991317217503,0.176989111339773,452.0271211581416,0.09306,402.4474195795582,1.384551019811929,4034.311383471301,3.688700108086461
compressed_hydrogen,SMRCCS,,solar,SMRCCS_H_solar_E,Australia,1,2024,672.7274582519656,3154.993084790464,3827.720543042429,2.034099976934759,1431.9328260410734,1.447843666662513,519.6524909148579,0.109296,128.30957994957413,0.4414270066793259,5907.615439947934,4.032666650276598
compressed_hydrogen,SMRCCS,,solar,SMRCCS_H_solar_E,Malaysia,1,2024,574.2795375321658,2170.081520013654,2744.3610575458197,2.034099976934759,271.7689086251675,0.2751937576547579,429.3980776102447,0.119592,0.0,0.0,3445.528043781232,2.428885734589517
compressed_hydrogen,SMRCCS,,solar,SMRCCS_H_solar_E,Canada,1,2024,669.4458608946389,1863.9878769960335,2533.4337378906725,2.034099976934759,1435.5081568025848,1.4514574760813554,492.19761047137087,0.03465,534.5616655285487,1.839067324454798,4995.701170693177,5.359274777470913
compressed_hydrogen,SMRCCS,,solar,SMRCCS_H_solar_E,Mexico,1,2024,577.5611348894925,1431.735789750002,2009.2969246394944,2.034099976934759,857.852490116471,0.8675849259971682,448.1409580537317,0.10395,699.246616688876,2.4056375296133217,4014.5369894985724,5.41127243254525
compressed_hydrogen,SMRCCS,,solar,SMRCCS_H_solar_E,Thailand,1,2024,584.1243296041458,2279.9829509142746,2864.1072805184203,2.034099976934759,202.49409307689865,0.2051733881796016,436.52271894070594,0.109692,58.78845493010452,0.2022515520454295,3561.912547466129,2.55121691715979
compressed_hydrogen,SMRCCS,,solar,SMRCCS_H_solar_E,Russia,1,2024,620.2219005347391,1164.0897493935993,1784.3116499283385,2.034099976934759,2637.6741412966267,2.666561489546193,454.19840381906425,0.088902,234.21536928563623,0.8057776311221919,5110.399564329666,5.595341097603144
compressed_hydrogen,SMRCCS,,solar,SMRCCS_H_solar_E,Saudi Arabia,1,2024,626.7850952493924,551.9046110007805,1178.689706250173,2.034099976934759,471.0496315857507,0.4766191925771176,454.4601647060385,0.109296,274.5925765511722,0.9446884571750944,2378.792079093135,3.5647036266869714
compressed_hydrogen,ATRCCS,,wind,ATRCCS_H_wind_E,South Africa,1,2024,527.6615847731491,976.8661983042252,1504.5277830773744,1.323654114632564,438.1704908749996,0.4433861978391045,449.5806429320899,0.140382,361.7425091914331,1.24451278761725,2754.0214260758967,3.1519351000889184
compressed_hydrogen,ATRCCS,,wind,ATRCCS_H_wind_E,Taiwan,1,2024,519.1964256591414,2099.046852842755,2618.2432785018964,1.323654114632564,108.29765925058994,0.1099631873647823,458.4940016016286,0.125928,123.75369732364892,0.4257532773199524,3308.7886366777634,1.9852985793172988
compressed_hydrogen,ATRCCS,,wind,ATRCCS_H_wind_E,Switzerland,1,2024,623.6000547319036,8831.570708268493,9455.170763000397,1.323654114632564,207.83667510659143,0.2105734684932008,566.2965780106518,0.007326,477.85838672484647,1.6439894616712198,10707.162402842487,3.185543044796985
compressed_hydrogen,ATRCCS,,wind,ATRCCS_H_wind_E,Singapore,1,2024,522.0181453638106,9735.53943124635,10257.55757661016,1.323654114632564,8.03949538583879,0.0086260185661268,484.16688204511576,0.098802,0.0,0.0,10749.763954041115,1.431082133198691
compressed_hydrogen,ATRCCS,,wind,ATRCCS_H_wind_E,Hungary,1,2024,507.9095468404644,3563.460090609118,4071.3696374495826,1.323654114632564,329.62936309882156,0.3336769216759281,455.1984798276802,0.036234,465.3103844280541,1.600820221339709,5321.507864804138,3.294385257648201
compressed_hydrogen,ATRCCS,,wind,ATRCCS_H_wind_E,Philippines,1,2024,505.0878271357951,2222.548630238472,2727.636457374267,1.323654114632564,173.897979404711,0.1762695155523986,442.989599384193,0.121374,95.54465824265502,0.3287049377671536,3440.0686944058257,1.9500025679521162
compressed_hydrogen,ATRCCS,,wind,ATRCCS_H_wind_E,Netherlands,1,2024,578.4525394571956,6033.300694314964,6611.75323377216,1.323654114632564,82.54212485506892,0.0839304650813442,519.454490914858,0.050094,614.9627108688619,2.115673270732631,7828.712560410949,3.5733518504465396
compressed_hydrogen,ATRCCS,,wind,ATRCCS_H_wind_E,Norway,1,2024,640.530372959919,4446.223820670006,5086.754193629925,1.323654114632564,383.8823986934868,0.3885138428199527,548.6678606715745,0.006138,652.5998675566051,2.245157424785045,6671.904320551591,3.963463382237562
compressed_hydrogen,ATRCCS,,wind,ATRCCS_H_wind_E,Oman,1,2024,538.9484635918261,573.5344653149434,1112.4829289067695,1.323654114632564,324.730500960653,0.328725336684938,480.79416470603854,0.10791,237.33986435975157,0.816526918186284,2155.3474589332127,2.576816369503786
compressed_hydrogen,ATRCCS,,wind,ATRCCS_H_wind_E,Italy,1,2024,541.7701832964954,6780.120040724615,7321.89022402111,1.323654114632564,204.80191904673052,0.2075060515842323,534.1870451495255,0.057024,468.7690027835402,1.6127190019959037,8529.648191000906,3.2009031682127
compressed_hydrogen,ATRCCS,,wind,ATRCCS_H_wind_E,Austria,1,2024,586.9176985712033,5707.064164230338,6293.981862801542,1.323654114632564,166.3134639659168,0.1686033735481032,538.2611322453193,0.020394,468.7690027835402,1.6127190019959037,7467.325461796318,3.1253704901765706
compressed_hydrogen,ATRCCS,,wind,ATRCCS_H_wind_E,Finland,1,2024,609.4914562085573,6044.8807677777,6654.372223986258,1.323654114632564,330.87093754752107,0.3349318582779358,524.0621757932163,0.014256,696.023991824673,2.3945506439106756,8205.32932915167,4.067392616821175
compressed_hydrogen,ATRCCS,,wind,ATRCCS_H_wind_E,Portugal,1,2024,513.552986249803,5322.192349124994,5835.745335374797,1.323654114632564,155.78194980131548,0.1579585164365832,449.9162407146544,0.022176,532.8280967922211,1.83310327984916,6974.271622682988,3.3368919109183075
compressed_hydrogen,ATRCCS,,wind,ATRCCS_H_wind_E,Germany,1,2024,581.274259161865,5355.852422102865,5937.12668126473,1.323654114632564,242.44981880117643,0.245559128014774,532.257371358345,0.0681119999999999,629.0180953687924,2.164028399866166,7340.851966793044,3.801353642513504
compressed_hydrogen,ATRCCS,,wind,ATRCCS_H_wind_E,Greece,1,2024,519.1964256591415,2974.6809841129866,3493.877409772128,1.323654114632564,135.93126007286196,0.1378941883236556,472.5520016016286,0.06336,416.73717979363374,1.4337124782154538,4519.097851240253,2.9586207811716734
compressed_hydrogen,ATRCCS,,wind,ATRCCS_H_wind_E,France,1,2024,569.9873803431879,5922.340106015306,6492.327486358494,1.323654114632564,282.1252145483468,0.2856615208873211,504.01384958439667,0.008712,600.9540801455399,2.067478989913519,7879.420630636777,3.6855066254334043
compressed_hydrogen,ATRCCS,,wind,ATRCCS_H_wind_E,Brazil,1,2024,519.1964256591414,5659.5122586126445,6178.708684271785,1.323654114632564,1251.7868275768665,1.2657588892134022,450.3760016016286,0.020394,662.3962077689117,2.278860045727537,8543.267721219192,4.888667049573503
compressed_hydrogen,ATRCCS,,wind,ATRCCS_H_wind_E,United Kingdom,1,2024,601.0262970945495,4314.05827425981,4915.0845713543595,1.323654114632564,225.3250961844594,0.2282501045941831,579.3075344627548,0.041778,596.7764698273104,2.0531066412660253,6316.4936718288845,3.6467888604927725
compressed_hydrogen,ATRCCS,,wind,ATRCCS_H_wind_E,Spain,1,2024,524.8398650684798,4331.080372204764,4855.920237273243,1.323654114632564,380.43443665151494,0.3850287728965696,456.7757624886029,0.028908,513.9133016518961,1.7680301855094565,6207.0437380652575,3.50562107303859
compressed_hydrogen,ATRCCS,,wind,ATRCCS_H_wind_E,Sweden,1,2024,620.7783350272343,8866.888817982883,9487.667153010118,1.323654114632564,402.0181929118524,0.4068448192627633,522.1015400671648,0.007128,647.6269887799132,2.228049092002435,11059.413874769047,3.9656760258977624
compressed_hydrogen,ATRCCS,,wind,ATRCCS_H_wind_E,Czech Republic,1,2024,513.552986249803,4482.287167555767,4995.8401538055705,1.323654114632564,358.5889267136765,0.3629481557904174,465.9542407146544,0.081972,468.7690027835402,1.6127190019959037,6289.152324017442,3.381293272418885
compressed_hydrogen,ATRCCS,,wind,ATRCCS_H_wind_E,Japan,1,2024,609.4914562085573,5107.431506214584,5716.922962423141,1.323654114632564,157.72394129414766,0.1599214081566048,539.7041757932162,0.095436,218.4887704886088,0.751672977089759,6632.839849999114,2.330684499878928
compressed_hydrogen,ATRCCS,,wind,ATRCCS_H_wind_E,Belgium,1,2024,578.4525394571956,3516.833332758345,4095.2858722155406,1.323654114632564,51.45087562910715,0.0525046035901776,525.196490914858,0.027324,613.7289898323638,2.1114288660324307,5285.662228591869,3.514911584255172
compressed_hydrogen,ATRCCS,,wind,ATRCCS_H_wind_E,Poland,1,2024,522.0181453638106,4955.119434114238,5477.137579478049,1.323654114632564,194.5095199991873,0.1971028830100399,508.91688204511576,0.12177,674.5068924040672,2.3205247699783293,6855.070873926419,3.963051767620933
compressed_hydrogen,ATRCCS,,wind,ATRCCS_H_wind_E,India,1,2024,499.44438772645674,3319.1743781412647,3818.618765867722,1.323654114632564,527.0853162860647,0.5332579481689742,433.8178384972189,0.140184,114.20949796018044,0.3929181035330664,4893.731418611186,2.3900141663346046
compressed_hydrogen,ATRCCS,,wind,ATRCCS_H_wind_E,Indonesia,1,2024,454.29687245174864,5345.007267258675,5799.304139710423,1.323654114632564,257.5424918161488,0.2608142323771918,385.78775140142506,0.127908,83.94348246374771,0.2887930909661872,6526.577865391745,2.001169437975943
compressed_hydrogen,ATRCCS,,wind,ATRCCS_H_wind_E,South Korea,1,2024,530.4833044778184,3857.49990014901,4387.983204626828,1.323654114632564,126.20181287878846,0.1280600302399958,457.03752337557705,0.081972,190.00491067440015,0.6536791641460872,5161.227451555594,2.187365309018647
compressed_hydrogen,ATRCCS,,wind,ATRCCS_H_wind_E,China,1,2024,516.3747059544721,3184.9433353859677,3701.31804134044,1.323654114632564,1422.9103352979398,1.4387240734825033,440.7411211581416,0.11088,160.08168712840094,0.5507334682339201,5725.0511849249215,3.4239916563489876
compressed_hydrogen,ATRCCS,,wind,ATRCCS_H_wind_E,United Arab Emirates,1,2024,538.9484635918261,571.706103575813,1110.654567167639,1.323654114632564,188.6948708838179,0.1912256550996622,462.77616470603857,0.075834,247.35945191292635,0.8509975831475254,2009.4850546704217,2.441711352879752
compressed_hydrogen,ATRCCS,,wind,ATRCCS_H_wind_E,United States,1,2024,564.3439409338494,2145.2829352240133,2709.6268761578626,1.323654114632564,1408.3893706910883,1.4240468304056315,490.8820886974225,0.076032,570.9393860676871,1.9642186053936008,5179.837721614061,4.787951550431796
compressed_hydrogen,ATRCCS,,wind,ATRCCS_H_wind_E,Turkey,1,2024,516.3747059544721,2148.5777650553146,2664.9524710097867,1.323654114632564,174.60991317217503,0.176989111339773,452.0271211581416,0.09306,402.4474195795582,1.384551019811929,3694.0369249196615,2.978254245784266
compressed_hydrogen,ATRCCS,,wind,ATRCCS_H_wind_E,Australia,1,2024,578.4525394571956,2759.719582039308,3338.1721214965037,1.323654114632564,1431.9328260410734,1.447843666662513,519.6524909148579,0.109296,128.30957994957413,0.4414270066793259,5418.067018402008,3.322220787974403
compressed_hydrogen,ATRCCS,,wind,ATRCCS_H_wind_E,Malaysia,1,2024,493.8009483171182,2080.108574188639,2573.909522505757,1.323654114632564,271.7689086251675,0.2751937576547579,429.3980776102447,0.119592,0.0,0.0,3275.0765087411696,1.7184398722873218
compressed_hydrogen,ATRCCS,,wind,ATRCCS_H_wind_E,Canada,1,2024,575.6308197525263,1376.465261570922,1952.0960813234483,1.323654114632564,1435.5081568025848,1.4514574760813554,492.19761047137087,0.03465,534.5616655285487,1.839067324454798,4414.363514125953,4.648828915168718
compressed_hydrogen,ATRCCS,,wind,ATRCCS_H_wind_E,Mexico,1,2024,496.62266802178743,1215.251969191356,1711.8746372131434,1.323654114632564,857.852490116471,0.8675849259971682,448.1409580537317,0.10395,699.246616688876,2.4056375296133217,3717.114702072222,4.700826570243054
compressed_hydrogen,ATRCCS,,wind,ATRCCS_H_wind_E,Thailand,1,2024,502.266107431126,2154.9336182250713,2657.199725656197,1.323654114632564,202.49409307689865,0.2051733881796016,436.52271894070594,0.109692,58.78845493010452,0.2022515520454295,3355.004992603906,1.840771054857595
compressed_hydrogen,ATRCCS,,wind,ATRCCS_H_wind_E,Russia,1,2024,533.3050241824877,1210.147587663365,1743.4526118458523,1.323654114632564,2637.6741412966267,2.666561489546193,454.19840381906425,0.088902,234.21536928563623,0.8057776311221919,5069.5405262471795,4.884895235300949
compressed_hydrogen,ATRCCS,,wind,ATRCCS_H_wind_E,Saudi Arabia,1,2024,538.9484635918261,571.3702445092474,1110.3187081010735,1.323654114632564,471.0496315857507,0.4766191925771176,454.4601647060385,0.109296,274.5925765511722,0.9446884571750944,2310.4210809440347,2.854257764384776
compressed_hydrogen,BG,,wind,BG_H_wind_E,South Africa,1,2024,553.0749400000001,1563.6475960894725,2116.7225360894727,1.190964346895058,438.1704908749996,0.4433861978391045,449.5806429320899,0.140382,361.7425091914331,1.24451278761725,3366.2161790879954,3.0192453323514123
compressed_hydrogen,BG,,wind,BG_H_wind_E,Taiwan,1,2024,544.2020799999999,1524.499226693276,2068.701306693276,1.190964346895058,108.29765925058994,0.1099631873647823,458.4940016016286,0.125928,123.75369732364892,0.4257532773199524,2759.246664869143,1.8526088115797927
compressed_hydrogen,BG,,wind,BG_H_wind_E,Switzerland,1,2024,653.6340200000001,2069.06162925127,2722.69564925127,1.190964346895058,207.83667510659143,0.2105734684932008,566.2965780106518,0.007326,477.85838672484647,1.6439894616712198,3974.68728909336,3.0528532770594783
compressed_hydrogen,BG,,wind,BG_H_wind_E,Singapore,1,2024,547.1597,2087.3959227742816,2634.555622774282,1.190964346895058,8.03949538583879,0.0086260185661268,484.16688204511576,0.098802,0.0,0.0,3126.7620002052363,1.2983923654611849
compressed_hydrogen,BG,,wind,BG_H_wind_E,Hungary,1,2024,532.3716000000001,1651.0685983993517,2183.4401983993516,1.190964346895058,329.62936309882156,0.3336769216759281,455.1984798276802,0.036234,465.3103844280541,1.600820221339709,3433.5784257539076,3.161695489910695
compressed_hydrogen,BG,,wind,BG_H_wind_E,Philippines,1,2024,529.4139799999999,1622.558152736214,2151.972132736214,1.190964346895058,173.897979404711,0.1762695155523986,442.989599384193,0.121374,95.54465824265502,0.3287049377671536,2864.4043697677726,1.8173128002146102
compressed_hydrogen,BG,,wind,BG_H_wind_E,Netherlands,1,2024,606.3121,1827.4845540940637,2433.796654094064,1.190964346895058,82.54212485506892,0.0839304650813442,519.454490914858,0.050094,614.9627108688619,2.115673270732631,3650.7559807328525,3.440662082709033
compressed_hydrogen,BG,,wind,BG_H_wind_E,Norway,1,2024,671.37974,1817.6590841570544,2489.0388241570545,1.190964346895058,383.8823986934868,0.3885138428199527,548.6678606715745,0.006138,652.5998675566051,2.245157424785045,4074.188951078721,3.830773614500056
compressed_hydrogen,BG,,wind,BG_H_wind_E,Oman,1,2024,564.90542,1567.5292789239932,2132.434698923993,1.190964346895058,324.730500960653,0.328725336684938,480.79416470603854,0.10791,237.33986435975157,0.816526918186284,3175.299228950436,2.4441266017662797
compressed_hydrogen,BG,,wind,BG_H_wind_E,Italy,1,2024,567.86304,1873.6478183097129,2441.5108583097126,1.190964346895058,204.80191904673052,0.2075060515842323,534.1870451495255,0.057024,468.7690027835402,1.6127190019959037,3649.2688252895086,3.0682134004751935
compressed_hydrogen,BG,,wind,BG_H_wind_E,Austria,1,2024,615.18496,1847.1301866621145,2462.3151466621143,1.190964346895058,166.3134639659168,0.1686033735481032,538.2611322453193,0.020394,468.7690027835402,1.6127190019959037,3635.658745656891,2.992680722439065
compressed_hydrogen,BG,,wind,BG_H_wind_E,Finland,1,2024,638.8459200000001,1849.8425278684224,2488.688447868423,1.190964346895058,330.87093754752107,0.3349318582779358,524.0621757932163,0.014256,696.023991824673,2.3945506439106756,4039.645553033833,3.9347028490836693
compressed_hydrogen,BG,,wind,BG_H_wind_E,Portugal,1,2024,538.2868400000001,1750.892589925892,2289.179429925892,1.190964346895058,155.78194980131548,0.1579585164365832,449.9162407146544,0.022176,532.8280967922211,1.83310327984916,3427.705717234083,3.204202143180801
compressed_hydrogen,BG,,wind,BG_H_wind_E,Germany,1,2024,609.26972,1879.780954518574,2489.050674518574,1.190964346895058,242.44981880117643,0.245559128014774,532.257371358345,0.0681119999999999,629.0180953687924,2.164028399866166,3892.775960046888,3.668663874775998
compressed_hydrogen,BG,,wind,BG_H_wind_E,Greece,1,2024,544.20208,1657.3925531969487,2201.594633196949,1.190964346895058,135.93126007286196,0.1378941883236556,472.5520016016286,0.06336,416.73717979363374,1.4337124782154538,3226.815074665073,2.8259310134341673
compressed_hydrogen,BG,,wind,BG_H_wind_E,France,1,2024,597.43924,1858.1576030051365,2455.596843005136,1.190964346895058,282.1252145483468,0.2856615208873211,504.01384958439667,0.008712,600.9540801455399,2.067478989913519,3842.6899872834197,3.5528168576958983
compressed_hydrogen,BG,,wind,BG_H_wind_E,Brazil,1,2024,544.2020799999999,1646.8839001374831,2191.085980137483,1.190964346895058,1251.7868275768665,1.2657588892134022,450.3760016016286,0.020394,662.3962077689117,2.278860045727537,4555.64501708489,4.755977281835998
compressed_hydrogen,BG,,wind,BG_H_wind_E,United Kingdom,1,2024,629.9730599999999,1705.6785155271457,2335.6515755271457,1.190964346895058,225.3250961844594,0.2282501045941831,579.3075344627548,0.041778,596.7764698273104,2.0531066412660253,3737.06067600167,3.5140990927552664
compressed_hydrogen,BG,,wind,BG_H_wind_E,Spain,1,2024,550.1173200000001,1699.1505777935135,2249.267897793514,1.190964346895058,380.43443665151494,0.3850287728965696,456.7757624886029,0.028908,513.9133016518961,1.7680301855094565,3600.391398585528,3.372931305301084
compressed_hydrogen,BG,,wind,BG_H_wind_E,Sweden,1,2024,650.6764000000001,1969.3338889377417,2620.0102889377417,1.190964346895058,402.0181929118524,0.4068448192627633,522.1015400671648,0.007128,647.6269887799132,2.228049092002435,4191.757010696672,3.832986258160256
compressed_hydrogen,BG,,wind,BG_H_wind_E,Czech Republic,1,2024,538.2868400000001,1729.952420032119,2268.2392600321195,1.190964346895058,358.5889267136765,0.3629481557904174,465.9542407146544,0.081972,468.7690027835402,1.6127190019959037,3561.551430243991,3.248603504681379
compressed_hydrogen,BG,,wind,BG_H_wind_E,Japan,1,2024,638.8459200000001,2073.3063339396876,2712.152253939688,1.190964346895058,157.72394129414766,0.1599214081566048,539.7041757932162,0.095436,218.4887704886088,0.751672977089759,3628.0691415156602,2.1979947321414217
compressed_hydrogen,BG,,wind,BG_H_wind_E,Belgium,1,2024,606.3121,1804.264678873085,2410.5767788730845,1.190964346895058,51.45087562910715,0.0525046035901776,525.196490914858,0.027324,613.7289898323638,2.1114288660324307,3600.9531352494137,3.3822218165176663
compressed_hydrogen,BG,,wind,BG_H_wind_E,Poland,1,2024,547.1597,1719.7097980406731,2266.869498040673,1.190964346895058,194.5095199991873,0.1971028830100399,508.91688204511576,0.12177,674.5068924040672,2.3205247699783293,3644.802792489044,3.830361999883427
compressed_hydrogen,BG,,wind,BG_H_wind_E,India,1,2024,523.49874,1616.6211310102449,2140.119871010245,1.190964346895058,527.0853162860647,0.5332579481689742,433.8178384972189,0.140184,114.20949796018044,0.3929181035330664,3215.232523753709,2.2573243985970985
compressed_hydrogen,BG,,wind,BG_H_wind_E,Indonesia,1,2024,476.17682,1825.8811637230672,2302.0579837230675,1.190964346895058,257.5424918161488,0.2608142323771918,385.78775140142506,0.127908,83.94348246374771,0.2887930909661872,3029.331709404389,1.868479670238437
compressed_hydrogen,BG,,wind,BG_H_wind_E,South Korea,1,2024,556.03256,1792.6491099978991,2348.681669997899,1.190964346895058,126.20181287878846,0.1280600302399958,457.03752337557705,0.081972,190.00491067440015,0.6536791641460872,3121.9259169266647,2.054675541281141
compressed_hydrogen,BG,,wind,BG_H_wind_E,China,1,2024,541.24446,1545.513700075186,2086.758160075186,1.190964346895058,1422.9103352979398,1.4387240734825033,440.7411211581416,0.11088,160.08168712840094,0.5507334682339201,4110.491303659668,3.291301888611481
compressed_hydrogen,BG,,wind,BG_H_wind_E,United Arab Emirates,1,2024,564.90542,1565.629278923993,2130.5346989239933,1.190964346895058,188.6948708838179,0.1912256550996622,462.77616470603857,0.075834,247.35945191292635,0.8509975831475254,3029.3651864267767,2.3090215851422453
compressed_hydrogen,BG,,wind,BG_H_wind_E,United States,1,2024,591.524,1684.6806491521068,2276.204649152107,1.190964346895058,1408.3893706910883,1.4240468304056315,490.8820886974225,0.076032,570.9393860676871,1.9642186053936008,4746.415494608305,4.655261782694291
compressed_hydrogen,BG,,wind,BG_H_wind_E,Turkey,1,2024,541.24446,1707.088787240922,2248.333247240922,1.190964346895058,174.60991317217503,0.176989111339773,452.0271211581416,0.09306,402.4474195795582,1.384551019811929,3277.417701150797,2.84556447804676
compressed_hydrogen,BG,,wind,BG_H_wind_E,Australia,1,2024,606.3121,1722.79004165306,2329.10214165306,1.190964346895058,1431.9328260410734,1.447843666662513,519.6524909148579,0.109296,128.30957994957413,0.4414270066793259,4408.997038558565,3.189531020236897
compressed_hydrogen,BG,,wind,BG_H_wind_E,Malaysia,1,2024,517.5835,1715.4545163298906,2233.0380163298905,1.190964346895058,271.7689086251675,0.2751937576547579,429.3980776102447,0.119592,0.0,0.0,2934.205002565303,1.5857501045498157
compressed_hydrogen,BG,,wind,BG_H_wind_E,Canada,1,2024,603.3544800000001,1618.3168416049173,2221.6713216049175,1.190964346895058,1435.5081568025848,1.4514574760813554,492.19761047137087,0.03465,534.5616655285487,1.839067324454798,4683.938754407422,4.516139147431211
compressed_hydrogen,BG,,wind,BG_H_wind_E,Mexico,1,2024,520.5411200000001,1550.3309177376564,2070.8720377376567,1.190964346895058,857.852490116471,0.8675849259971682,448.1409580537317,0.10395,699.246616688876,2.4056375296133217,4076.112102596735,4.568136802505548
compressed_hydrogen,BG,,wind,BG_H_wind_E,Thailand,1,2024,526.45636,1673.3987687525118,2199.855128752512,1.190964346895058,202.49409307689865,0.2051733881796016,436.52271894070594,0.109692,58.78845493010452,0.2022515520454295,2897.6603957002208,1.708081287120089
compressed_hydrogen,BG,,wind,BG_H_wind_E,Russia,1,2024,558.99018,1772.2716369024752,2331.2618169024754,1.190964346895058,2637.6741412966267,2.666561489546193,454.19840381906425,0.088902,234.21536928563623,0.8057776311221919,5657.349731303802,4.752205467563443
compressed_hydrogen,BG,,wind,BG_H_wind_E,Saudi Arabia,1,2024,564.90542,1562.7793086297706,2127.6847286297707,1.190964346895058,471.0496315857507,0.4766191925771176,454.4601647060385,0.109296,274.5925765511722,0.9446884571750944,3327.7871014727325,2.72156799664727
compressed_hydrogen,LTE,,wind,LTE_H_wind_E,South Africa,1,2024,684.35455,2755.372173692028,3439.726723692028,0.529494400036,438.1704908749996,0.4433861978391045,449.5806429320899,0.140382,361.7425091914331,1.24451278761725,4689.220366690551,2.3577753854923547
compressed_hydrogen,LTE,,wind,LTE_H_wind_E,Taiwan,1,2024,673.3756,1465.4272323436442,2138.802832343644,0.529494400036,108.29765925058994,0.1099631873647823,458.4940016016286,0.125928,123.75369732364892,0.4257532773199524,2829.348190519511,1.1911388647207346
compressed_hydrogen,LTE,,wind,LTE_H_wind_E,Switzerland,1,2024,808.78265,3068.011822921801,3876.794472921801,0.529494400036,207.83667510659143,0.2105734684932008,566.2965780106518,0.007326,477.85838672484647,1.6439894616712198,5128.786112763891,2.3913833302004206
compressed_hydrogen,LTE,,wind,LTE_H_wind_E,Singapore,1,2024,677.03525,4610.640170387846,5287.675420387846,0.529494400036,8.03949538583879,0.0086260185661268,484.16688204511576,0.098802,0.0,0.0,5779.881797818801,0.6369224186021267
compressed_hydrogen,LTE,,wind,LTE_H_wind_E,Hungary,1,2024,658.737,2535.830524087782,3194.567524087782,0.529494400036,329.62936309882156,0.3336769216759281,455.1984798276802,0.036234,465.3103844280541,1.600820221339709,4444.705751442339,2.500225543051637
compressed_hydrogen,LTE,,wind,LTE_H_wind_E,Philippines,1,2024,655.07735,3178.001477514325,3833.078827514325,0.529494400036,173.897979404711,0.1762695155523986,442.989599384193,0.121374,95.54465824265502,0.3287049377671536,4545.5110645458835,1.1558428533555523
compressed_hydrogen,LTE,,wind,LTE_H_wind_E,Netherlands,1,2024,750.2282499999999,2382.348142316286,3132.576392316286,0.529494400036,82.54212485506892,0.0839304650813442,519.454490914858,0.050094,614.9627108688619,2.115673270732631,4349.535718955074,2.7791921358499754
compressed_hydrogen,LTE,,wind,LTE_H_wind_E,Norway,1,2024,830.74055,2328.975731678242,3159.716281678242,0.529494400036,383.8823986934868,0.3885138428199527,548.6678606715745,0.006138,652.5998675566051,2.245157424785045,4744.866408599908,3.169303667640998
compressed_hydrogen,LTE,,wind,LTE_H_wind_E,Oman,1,2024,698.9931499999999,2904.6706162947794,3603.663766294779,0.529494400036,324.730500960653,0.328725336684938,480.79416470603854,0.10791,237.33986435975157,0.816526918186284,4646.528296321223,1.782656654907222
compressed_hydrogen,LTE,,wind,LTE_H_wind_E,Italy,1,2024,702.6528,2831.818762026672,3534.471562026672,0.529494400036,204.80191904673052,0.2075060515842323,534.1870451495255,0.057024,468.7690027835402,1.6127190019959037,4742.2295290064685,2.406743453616136
compressed_hydrogen,LTE,,wind,LTE_H_wind_E,Austria,1,2024,761.2072,2609.263227462482,3370.470427462482,0.529494400036,166.3134639659168,0.1686033735481032,538.2611322453193,0.020394,468.7690027835402,1.6127190019959037,4543.8140264572585,2.331210775580007
compressed_hydrogen,LTE,,wind,LTE_H_wind_E,Finland,1,2024,790.4843999999999,2451.924802408935,3242.409202408935,0.529494400036,330.87093754752107,0.3349318582779358,524.0621757932163,0.014256,696.023991824673,2.3945506439106756,4793.366307574346,3.2732329022246116
compressed_hydrogen,LTE,,wind,LTE_H_wind_E,Portugal,1,2024,666.0563000000001,2874.8719157678433,3540.9282157678435,0.529494400036,155.78194980131548,0.1579585164365832,449.9162407146544,0.022176,532.8280967922211,1.83310327984916,4679.454503076035,2.5427321963217433
compressed_hydrogen,LTE,,wind,LTE_H_wind_E,Germany,1,2024,753.8879000000001,3040.1030876091527,3793.990987609153,0.529494400036,242.44981880117643,0.245559128014774,532.257371358345,0.0681119999999999,629.0180953687924,2.164028399866166,5197.7162731374665,3.0071939279169397
compressed_hydrogen,LTE,,wind,LTE_H_wind_E,Greece,1,2024,673.3756,2587.6366270568815,3261.0122270568813,0.529494400036,135.93126007286196,0.1378941883236556,472.5520016016286,0.06336,416.73717979363374,1.4337124782154538,4286.2326685250055,2.164461066575109
compressed_hydrogen,LTE,,wind,LTE_H_wind_E,France,1,2024,739.2493,2751.299838419147,3490.549138419147,0.529494400036,282.1252145483468,0.2856615208873211,504.01384958439667,0.008712,600.9540801455399,2.067478989913519,4877.642282697429,2.89134691083684
compressed_hydrogen,LTE,,wind,LTE_H_wind_E,Brazil,1,2024,673.3756,1387.9754689413933,2061.351068941394,0.529494400036,1251.7868275768665,1.2657588892134022,450.3760016016286,0.020394,662.3962077689117,2.278860045727537,4425.910105888801,4.09450733497694
compressed_hydrogen,LTE,,wind,LTE_H_wind_E,United Kingdom,1,2024,779.50545,1823.5160740858544,2603.0215240858543,0.529494400036,225.3250961844594,0.2282501045941831,579.3075344627548,0.041778,596.7764698273104,2.0531066412660253,4004.4306245603784,2.8526291458962083
compressed_hydrogen,LTE,,wind,LTE_H_wind_E,Spain,1,2024,680.6949,2036.8355669552852,2717.530466955285,0.529494400036,380.43443665151494,0.3850287728965696,456.7757624886029,0.028908,513.9133016518961,1.7680301855094565,4068.6539677472992,2.711461358442026
compressed_hydrogen,LTE,,wind,LTE_H_wind_E,Sweden,1,2024,805.1230000000002,2512.2135474364695,3317.3365474364696,0.529494400036,402.0181929118524,0.4068448192627633,522.1015400671648,0.007128,647.6269887799132,2.228049092002435,4889.0832691954,3.171516311301198
compressed_hydrogen,LTE,,wind,LTE_H_wind_E,Czech Republic,1,2024,666.0563000000001,2975.9382001433964,3641.9945001433966,0.529494400036,358.5889267136765,0.3629481557904174,465.9542407146544,0.081972,468.7690027835402,1.6127190019959037,4935.306670355269,2.5871335578223214
compressed_hydrogen,LTE,,wind,LTE_H_wind_E,Japan,1,2024,790.4843999999999,6846.665321969567,7637.149721969568,0.529494400036,157.72394129414766,0.1599214081566048,539.7041757932162,0.095436,218.4887704886088,0.751672977089759,8553.066609545542,1.5365247852823638
compressed_hydrogen,LTE,,wind,LTE_H_wind_E,Belgium,1,2024,750.2282499999999,2773.8937254339703,3524.12197543397,0.529494400036,51.45087562910715,0.0525046035901776,525.196490914858,0.027324,613.7289898323638,2.1114288660324307,4714.498331810299,2.720751869658608
compressed_hydrogen,LTE,,wind,LTE_H_wind_E,Poland,1,2024,677.03525,2739.7650899375767,3416.8003399375766,0.529494400036,194.5095199991873,0.1971028830100399,508.91688204511576,0.12177,674.5068924040672,2.3205247699783293,4794.733634385947,3.1688920530243694
compressed_hydrogen,LTE,,wind,LTE_H_wind_E,India,1,2024,647.75805,2550.2136946274054,3197.9717446274053,0.529494400036,527.0853162860647,0.5332579481689742,433.8178384972189,0.140184,114.20949796018044,0.3929181035330664,4273.08439737087,1.5958544517380409
compressed_hydrogen,LTE,,wind,LTE_H_wind_E,Indonesia,1,2024,589.2036499999999,4545.897449149954,5135.101099149953,0.529494400036,257.5424918161488,0.2608142323771918,385.78775140142506,0.127908,83.94348246374771,0.2887930909661872,5862.374824831275,1.207009723379379
compressed_hydrogen,LTE,,wind,LTE_H_wind_E,South Korea,1,2024,688.0142000000001,3728.6750661062233,4416.689266106223,0.529494400036,126.20181287878846,0.1280600302399958,457.03752337557705,0.081972,190.00491067440015,0.6536791641460872,5189.933513034988,1.3932055944220831
compressed_hydrogen,LTE,,wind,LTE_H_wind_E,China,1,2024,669.71595,1456.2680960556702,2125.98404605567,0.529494400036,1422.9103352979398,1.4387240734825033,440.7411211581416,0.11088,160.08168712840094,0.5507334682339201,4149.717189640152,2.6298319417524234
compressed_hydrogen,LTE,,wind,LTE_H_wind_E,United Arab Emirates,1,2024,698.9931499999999,2899.233249494779,3598.226399494779,0.529494400036,188.6948708838179,0.1912256550996622,462.77616470603857,0.075834,247.35945191292635,0.8509975831475254,4497.056886997562,1.6475516382831876
compressed_hydrogen,LTE,,wind,LTE_H_wind_E,United States,1,2024,731.93,2213.1174178461297,2945.0474178461295,0.529494400036,1408.3893706910883,1.4240468304056315,490.8820886974225,0.076032,570.9393860676871,1.9642186053936008,5415.258263302328,3.9937918358352325
compressed_hydrogen,LTE,,wind,LTE_H_wind_E,Turkey,1,2024,669.71595,4233.036304077853,4902.752254077853,0.529494400036,174.60991317217503,0.176989111339773,452.0271211581416,0.09306,402.4474195795582,1.384551019811929,5931.836707987727,2.1840945311877022
compressed_hydrogen,LTE,,wind,LTE_H_wind_E,Australia,1,2024,750.2282499999999,2427.179607735667,3177.4078577356668,0.529494400036,1431.9328260410734,1.447843666662513,519.6524909148579,0.109296,128.30957994957413,0.4414270066793259,5257.302754641171,2.528061073377839
compressed_hydrogen,LTE,,wind,LTE_H_wind_E,Malaysia,1,2024,640.4387499999999,4552.31660847987,5192.755358479871,0.529494400036,271.7689086251675,0.2751937576547579,429.3980776102447,0.119592,0.0,0.0,5893.922344715283,0.9242801576907579
compressed_hydrogen,LTE,,wind,LTE_H_wind_E,Canada,1,2024,746.5686000000001,2090.3962270813217,2836.964827081322,0.529494400036,1435.5081568025848,1.4514574760813554,492.19761047137087,0.03465,534.5616655285487,1.839067324454798,5299.232259883826,3.854669200572153
compressed_hydrogen,LTE,,wind,LTE_H_wind_E,Mexico,1,2024,644.0984000000001,2596.6802321880336,3240.778632188034,0.529494400036,857.852490116471,0.8675849259971682,448.1409580537317,0.10395,699.246616688876,2.4056375296133217,5246.018697047113,3.90666685564649
compressed_hydrogen,LTE,,wind,LTE_H_wind_E,Thailand,1,2024,651.4177,3966.8854234409214,4618.303123440921,0.529494400036,202.49409307689865,0.2051733881796016,436.52271894070594,0.109692,58.78845493010452,0.2022515520454295,5316.10839038863,1.046611340261031
compressed_hydrogen,LTE,,wind,LTE_H_wind_E,Russia,1,2024,691.67385,5764.961289004567,6456.6351390045675,0.529494400036,2637.6741412966267,2.666561489546193,454.19840381906425,0.088902,234.21536928563623,0.8057776311221919,9782.723053405893,4.090735520704385
compressed_hydrogen,LTE,,wind,LTE_H_wind_E,Saudi Arabia,1,2024,698.9931499999999,2897.8878187597675,3596.8809687597673,0.529494400036,471.0496315857507,0.4766191925771176,454.4601647060385,0.109296,274.5925765511722,0.9446884571750944,4796.983341602729,2.060098049788212
compressed_hydrogen,SMR,,wind,SMR_H_wind_E,South Africa,1,2024,340.32213148874445,812.4536108093113,1152.7757422980558,10.528892773767286,438.1704908749996,0.4433861978391045,449.5806429320899,0.140382,361.7425091914331,1.24451278761725,2402.2693852965785,12.35717375922364
compressed_hydrogen,SMR,,wind,SMR_H_wind_E,Taiwan,1,2024,334.8624181493528,1859.9757403525848,2194.8381585019374,10.528892773767286,108.29765925058994,0.1099631873647823,458.4940016016286,0.125928,123.75369732364892,0.4257532773199524,2885.3835166778044,11.19053723845202
compressed_hydrogen,SMR,,wind,SMR_H_wind_E,Switzerland,1,2024,402.1988826685161,7966.961125222042,8369.160007890558,10.528892773767286,207.83667510659143,0.2105734684932008,566.2965780106518,0.007326,477.85838672484647,1.6439894616712198,9621.151647732648,12.390781703931708
compressed_hydrogen,SMR,,wind,SMR_H_wind_E,Singapore,1,2024,336.68232259581663,8719.681439062793,9056.36376165861,10.528892773767286,8.03949538583879,0.0086260185661268,484.16688204511576,0.098802,0.0,0.0,9548.570139089565,10.63632079233341
compressed_hydrogen,SMR,,wind,SMR_H_wind_E,Hungary,1,2024,327.5828003634973,3165.641853229931,3493.224653593428,10.528892773767286,329.62936309882156,0.3336769216759281,455.1984798276802,0.036234,465.3103844280541,1.600820221339709,4743.362880947983,12.499623916782923
compressed_hydrogen,SMR,,wind,SMR_H_wind_E,Philippines,1,2024,325.76289591703346,1920.25850215275,2246.0213980697836,10.528892773767286,173.897979404711,0.1762695155523986,442.989599384193,0.121374,95.54465824265502,0.3287049377671536,2958.453635101342,11.155241227086837
compressed_hydrogen,SMR,,wind,SMR_H_wind_E,Netherlands,1,2024,373.0804115250941,5435.501624966925,5808.582036492019,10.528892773767286,82.54212485506892,0.0839304650813442,519.454490914858,0.050094,614.9627108688619,2.115673270732631,7025.541363130808,12.77859050958126
compressed_hydrogen,SMR,,wind,SMR_H_wind_E,Norway,1,2024,413.11830934729943,4004.399873057655,4417.518182404954,10.528892773767286,383.8823986934868,0.3885138428199527,548.6678606715745,0.006138,652.5998675566051,2.245157424785045,6002.668309326621,13.168702041372283
compressed_hydrogen,SMR,,wind,SMR_H_wind_E,Oman,1,2024,347.60174927459997,445.30483961346346,792.9065888880634,10.528892773767286,324.730500960653,0.328725336684938,480.79416470603854,0.10791,237.33986435975157,0.816526918186284,1835.7711189145066,11.782055028638508
compressed_hydrogen,SMR,,wind,SMR_H_wind_E,Italy,1,2024,349.42165372106376,6087.826863242495,6437.248516963559,10.528892773767286,204.80191904673052,0.2075060515842323,534.1870451495255,0.057024,468.7690027835402,1.6127190019959037,7645.006483943355,12.406141827347422
compressed_hydrogen,SMR,,wind,SMR_H_wind_E,Austria,1,2024,378.5401248644858,5129.126524530102,5507.666649394588,10.528892773767286,166.3134639659168,0.1686033735481032,538.2611322453193,0.020394,468.7690027835402,1.6127190019959037,6681.010248389364,12.330609149311293
compressed_hydrogen,SMR,,wind,SMR_H_wind_E,Finland,1,2024,393.0993604361968,5449.548142824788,5842.647503260984,10.528892773767286,330.87093754752107,0.3349318582779358,524.0621757932163,0.014256,696.023991824673,2.3945506439106756,7393.604608426394,13.272631275955895
compressed_hydrogen,SMR,,wind,SMR_H_wind_E,Portugal,1,2024,331.22260925642513,4763.553623759194,5094.776233015619,10.528892773767286,155.78194980131548,0.1579585164365832,449.9162407146544,0.022176,532.8280967922211,1.83310327984916,6233.302520323809,12.542130570053029
compressed_hydrogen,SMR,,wind,SMR_H_wind_E,Germany,1,2024,374.900315971558,4809.833626897387,5184.733942868945,10.528892773767286,242.44981880117643,0.245559128014774,532.257371358345,0.0681119999999999,629.0180953687924,2.164028399866166,6588.459228397259,13.006592301648226
compressed_hydrogen,SMR,,wind,SMR_H_wind_E,Greece,1,2024,334.8624181493528,2630.5937855906714,2965.456203740024,10.528892773767286,135.93126007286196,0.1378941883236556,472.5520016016286,0.06336,416.73717979363374,1.4337124782154538,3990.676645208149,12.163859440306396
compressed_hydrogen,SMR,,wind,SMR_H_wind_E,France,1,2024,367.6206981857025,5320.825571196102,5688.446269381804,10.528892773767286,282.1252145483468,0.2856615208873211,504.01384958439667,0.008712,600.9540801455399,2.067478989913519,7075.539413660087,12.890745284568126
compressed_hydrogen,SMR,,wind,SMR_H_wind_E,Brazil,1,2024,334.8624181493528,5105.202020116059,5440.064438265412,10.528892773767286,1251.7868275768665,1.2657588892134022,450.3760016016286,0.020394,662.3962077689117,2.278860045727537,7804.623475212819,14.093905708708224
compressed_hydrogen,SMR,,wind,SMR_H_wind_E,United Kingdom,1,2024,387.6396470968051,3889.6899987819343,4277.32964587874,10.528892773767286,225.3250961844594,0.2282501045941831,579.3075344627548,0.041778,596.7764698273104,2.0531066412660253,5678.738746353265,12.852027519627494
compressed_hydrogen,SMR,,wind,SMR_H_wind_E,Spain,1,2024,338.5022270422805,3894.548261966505,4233.050489008785,10.528892773767286,380.43443665151494,0.3850287728965696,456.7757624886029,0.028908,513.9133016518961,1.7680301855094565,5584.173989800799,12.710859732173311
compressed_hydrogen,SMR,,wind,SMR_H_wind_E,Sweden,1,2024,400.37897822205224,8013.947002690532,8414.325980912585,10.528892773767286,402.0181929118524,0.4068448192627633,522.1015400671648,0.007128,647.6269887799132,2.228049092002435,9986.072702671514,13.170914685032484
compressed_hydrogen,SMR,,wind,SMR_H_wind_E,Czech Republic,1,2024,331.22260925642513,4010.181964240097,4341.404573496522,10.528892773767286,358.5889267136765,0.3629481557904174,465.9542407146544,0.081972,468.7690027835402,1.6127190019959037,5634.716743708394,12.586531931553608
compressed_hydrogen,SMR,,wind,SMR_H_wind_E,Japan,1,2024,393.0993604361968,4433.929656485872,4827.029016922069,10.528892773767286,157.72394129414766,0.1599214081566048,539.7041757932162,0.095436,218.4887704886088,0.751672977089759,5742.945904498042,11.535923159013649
compressed_hydrogen,SMR,,wind,SMR_H_wind_E,Belgium,1,2024,373.0804115250941,3139.595849379329,3512.676260904423,10.528892773767286,51.45087562910715,0.0525046035901776,525.196490914858,0.027324,613.7289898323638,2.1114288660324307,4703.052617280751,12.720150243389895
compressed_hydrogen,SMR,,wind,SMR_H_wind_E,Poland,1,2024,336.68232259581663,4431.830216669716,4768.512539265533,10.528892773767286,194.5095199991873,0.1971028830100399,508.91688204511576,0.12177,674.5068924040672,2.3205247699783293,6146.445833713903,13.168290426755654
compressed_hydrogen,SMR,,wind,SMR_H_wind_E,India,1,2024,322.12308702410564,2932.225936228216,3254.349023252322,10.528892773767286,527.0853162860647,0.5332579481689742,433.8178384972189,0.140184,114.20949796018044,0.3929181035330664,4329.461675995786,11.595252825469325
compressed_hydrogen,SMR,,wind,SMR_H_wind_E,Indonesia,1,2024,293.0046158806837,4713.001239024248,5006.005854904932,10.528892773767286,257.5424918161488,0.2608142323771918,385.78775140142506,0.127908,83.94348246374771,0.2887930909661872,5733.279580586253,11.206408097110664
compressed_hydrogen,SMR,,wind,SMR_H_wind_E,South Korea,1,2024,342.1420359352083,3392.13837304012,3734.280408975328,10.528892773767286,126.20181287878846,0.1280600302399958,457.03752337557705,0.081972,190.00491067440015,0.6536791641460872,4507.524655904093,11.392603968153368
compressed_hydrogen,SMR,,wind,SMR_H_wind_E,China,1,2024,333.042513702889,2847.199352585857,3180.2418662887458,10.528892773767286,1422.9103352979398,1.4387240734825033,440.7411211581416,0.11088,160.08168712840094,0.5507334682339201,5203.9750098732275,12.62923031548371
compressed_hydrogen,SMR,,wind,SMR_H_wind_E,United Arab Emirates,1,2024,347.60174927459997,438.9470616148547,786.5488108894547,10.528892773767286,188.6948708838179,0.1912256550996622,462.77616470603857,0.075834,247.35945191292635,0.8509975831475254,1685.3792983922374,11.646950012014475
compressed_hydrogen,SMR,,wind,SMR_H_wind_E,United States,1,2024,363.9808892927748,1904.3763355847836,2268.3572248775586,10.528892773767286,1408.3893706910883,1.4240468304056315,490.8820886974225,0.076032,570.9393860676871,1.9642186053936008,4738.568070333757,13.993190209566517
compressed_hydrogen,SMR,,wind,SMR_H_wind_E,Turkey,1,2024,333.042513702889,1819.467313187426,2152.509826890315,10.528892773767286,174.60991317217503,0.176989111339773,452.0271211581416,0.09306,402.4474195795582,1.384551019811929,3181.5942808001896,12.183492904918989
compressed_hydrogen,SMR,,wind,SMR_H_wind_E,Australia,1,2024,373.0804115250941,2464.065104283336,2837.14551580843,10.528892773767286,1431.9328260410734,1.447843666662513,519.6524909148579,0.109296,128.30957994957413,0.4414270066793259,4917.0404127139345,12.527459447109125
compressed_hydrogen,SMR,,wind,SMR_H_wind_E,Malaysia,1,2024,318.48327813117794,1743.511348759478,2061.994626890656,10.528892773767286,271.7689086251675,0.2751937576547579,429.3980776102447,0.119592,0.0,0.0,2763.1616131260685,10.923678531422045
compressed_hydrogen,SMR,,wind,SMR_H_wind_E,Canada,1,2024,371.2605070786302,1207.4229629350705,1578.6834700137008,10.528892773767286,1435.5081568025848,1.4514574760813554,492.19761047137087,0.03465,534.5616655285487,1.839067324454798,4040.9509028162056,13.854067574303437
compressed_hydrogen,SMR,,wind,SMR_H_wind_E,Mexico,1,2024,320.3031825776418,1022.9156372102348,1343.2188197878766,10.528892773767286,857.852490116471,0.8675849259971682,448.1409580537317,0.10395,699.246616688876,2.4056375296133217,3348.458884646955,13.906065229377774
compressed_hydrogen,SMR,,wind,SMR_H_wind_E,Thailand,1,2024,323.9429914705696,1832.159117655332,2156.1021091259017,10.528892773767286,202.49409307689865,0.2051733881796016,436.52271894070594,0.109692,58.78845493010452,0.2022515520454295,2853.9073760736105,11.046009713992317
compressed_hydrogen,SMR,,wind,SMR_H_wind_E,Russia,1,2024,343.96194038167215,917.471301583624,1261.433241965296,10.528892773767286,2637.6741412966267,2.666561489546193,454.19840381906425,0.088902,234.21536928563623,0.8057776311221919,4587.5211563666235,14.09013389443567
compressed_hydrogen,SMR,,wind,SMR_H_wind_E,Saudi Arabia,1,2024,347.60174927459997,438.6112192361093,786.2129685107093,10.528892773767286,471.0496315857507,0.4766191925771176,454.4601647060385,0.109296,274.5925765511722,0.9446884571750944,1986.3153413536709,12.059496423519498
compressed_hydrogen,SMRCCS,,wind,SMRCCS_H_wind_E,South Africa,1,2024,613.6587058200857,1075.59935872415,1689.2580645442358,1.8970863123384865,438.1704908749996,0.4433861978391045,449.5806429320899,0.140382,361.7425091914331,1.24451278761725,2938.7517075427586,3.7253672977948407
compressed_hydrogen,SMRCCS,,wind,SMRCCS_H_wind_E,Taiwan,1,2024,603.8139137481056,2410.9238438054263,3014.737757553532,1.8970863123384865,108.29765925058994,0.1099631873647823,458.4940016016286,0.125928,123.75369732364892,0.4257532773199524,3705.283115729399,2.5587307770232215
compressed_hydrogen,SMRCCS,,wind,SMRCCS_H_wind_E,Switzerland,1,2024,725.2330159691923,10276.702104933647,11001.93512090284,1.8970863123384865,207.83667510659143,0.2105734684932008,566.2965780106518,0.007326,477.85838672484647,1.6439894616712198,12253.92676074493,3.758975242502907
compressed_hydrogen,SMRCCS,,wind,SMRCCS_H_wind_E,Singapore,1,2024,607.0955111054325,11253.161647818648,11860.25715892408,1.8970863123384865,8.03949538583879,0.0086260185661268,484.16688204511576,0.098802,0.0,0.0,12352.463536355035,2.0045143309046134
compressed_hydrogen,SMRCCS,,wind,SMRCCS_H_wind_E,Hungary,1,2024,590.6875243187991,4098.336268686389,4689.023793005188,1.8970863123384865,329.62936309882156,0.3336769216759281,455.1984798276802,0.036234,465.3103844280541,1.600820221339709,5939.162020359743,3.8678174553541234
compressed_hydrogen,SMRCCS,,wind,SMRCCS_H_wind_E,Philippines,1,2024,587.4059269614725,2500.6833539796835,3088.089280941156,1.8970863123384865,173.897979404711,0.1762695155523986,442.989599384193,0.121374,95.54465824265502,0.3287049377671536,3800.5215179727147,2.5234347656580383
compressed_hydrogen,SMRCCS,,wind,SMRCCS_H_wind_E,Netherlands,1,2024,672.7274582519656,7017.910325203755,7690.637783455721,1.8970863123384865,82.54212485506892,0.0839304650813442,519.454490914858,0.050094,614.9627108688619,2.115673270732631,8907.59711009451,4.146784048152462
compressed_hydrogen,SMRCCS,,wind,SMRCCS_H_wind_E,Norway,1,2024,744.9226001131523,5178.6025580116975,5923.525158124849,1.8970863123384865,383.8823986934868,0.3885138428199527,548.6678606715745,0.006138,652.5998675566051,2.245157424785045,7508.6752850465155,4.536895579943485
compressed_hydrogen,SMRCCS,,wind,SMRCCS_H_wind_E,Oman,1,2024,626.7850952493924,605.2306146636193,1232.0157099130115,1.8970863123384865,324.730500960653,0.328725336684938,480.79416470603854,0.10791,237.33986435975157,0.816526918186284,2274.8802399394544,3.1502485672097085
compressed_hydrogen,SMRCCS,,wind,SMRCCS_H_wind_E,Italy,1,2024,630.066692606719,7856.701429606525,8486.768122213245,1.8970863123384865,204.80191904673052,0.2075060515842323,534.1870451495255,0.057024,468.7690027835402,1.6127190019959037,9694.526089193041,3.7743353659186227
compressed_hydrogen,SMRCCS,,wind,SMRCCS_H_wind_E,Austria,1,2024,682.5722503239457,6624.35761457137,7306.929864895315,1.8970863123384865,166.3134639659168,0.1686033735481032,538.2611322453193,0.020394,468.7690027835402,1.6127190019959037,8480.273463890091,3.6988026878824933
compressed_hydrogen,SMRCCS,,wind,SMRCCS_H_wind_E,Finland,1,2024,708.825029182559,7037.638412327182,7746.463441509741,1.8970863123384865,330.87093754752107,0.3349318582779358,524.0621757932163,0.014256,696.023991824673,2.3945506439106756,9297.420546675152,4.6408248145270985
compressed_hydrogen,SMRCCS,,wind,SMRCCS_H_wind_E,Portugal,1,2024,597.2507190334525,6157.017197688285,6754.2679167217375,1.8970863123384865,155.78194980131548,0.1579585164365832,449.9162407146544,0.022176,532.8280967922211,1.83310327984916,7892.794204029929,3.9103241086242297
compressed_hydrogen,SMRCCS,,wind,SMRCCS_H_wind_E,Germany,1,2024,676.0090556092923,6218.565804051202,6894.5748596604935,1.8970863123384865,242.44981880117643,0.245559128014774,532.257371358345,0.0681119999999999,629.0180953687924,2.164028399866166,8298.300145188809,4.374785840219426
compressed_hydrogen,SMRCCS,,wind,SMRCCS_H_wind_E,Greece,1,2024,603.8139137481057,3410.229683533815,4014.043597281921,1.8970863123384865,135.93126007286196,0.1378941883236556,472.5520016016286,0.06336,416.73717979363374,1.4337124782154538,5039.264038750046,3.5320529788775956
compressed_hydrogen,SMRCCS,,wind,SMRCCS_H_wind_E,France,1,2024,662.8826661799856,6871.763366488968,7534.646032668954,1.8970863123384865,282.1252145483468,0.2856615208873211,504.01384958439667,0.008712,600.9540801455399,2.067478989913519,8921.739176947238,4.258938823139326
compressed_hydrogen,SMRCCS,,wind,SMRCCS_H_wind_E,Brazil,1,2024,603.8139137481056,6584.9823301652195,7188.796243913325,1.8970863123384865,1251.7868275768665,1.2657588892134022,450.3760016016286,0.020394,662.3962077689117,2.278860045727537,9553.355280860733,5.462099247279426
compressed_hydrogen,SMRCCS,,wind,SMRCCS_H_wind_E,United Kingdom,1,2024,698.9802371105789,5027.803340474435,5726.7835775850135,1.8970863123384865,225.3250961844594,0.2282501045941831,579.3075344627548,0.041778,596.7764698273104,2.0531066412660253,7128.192678059539,4.220221058198694
compressed_hydrogen,SMRCCS,,wind,SMRCCS_H_wind_E,Spain,1,2024,610.3771084627591,5033.68986022457,5644.066968687329,1.8970863123384865,380.43443665151494,0.3850287728965696,456.7757624886029,0.028908,513.9133016518961,1.7680301855094565,6995.190469479343,4.079053270744512
compressed_hydrogen,SMRCCS,,wind,SMRCCS_H_wind_E,Sweden,1,2024,721.9514186118656,10335.640076709697,11057.59149532156,1.8970863123384865,402.0181929118524,0.4068448192627633,522.1015400671648,0.007128,647.6269887799132,2.228049092002435,12629.338217080489,4.539108223603685
compressed_hydrogen,SMRCCS,,wind,SMRCCS_H_wind_E,Czech Republic,1,2024,597.2507190334525,5191.548780994992,5788.7995000284445,1.8970863123384865,358.5889267136765,0.3629481557904174,465.9542407146544,0.081972,468.7690027835402,1.6127190019959037,7082.111670240316,3.9547254701248074
compressed_hydrogen,SMRCCS,,wind,SMRCCS_H_wind_E,Japan,1,2024,708.825029182559,5756.859909614842,6465.684938797401,1.8970863123384865,157.72394129414766,0.1599214081566048,539.7041757932162,0.095436,218.4887704886088,0.751672977089759,7381.601826373374,2.90411669758485
compressed_hydrogen,SMRCCS,,wind,SMRCCS_H_wind_E,Belgium,1,2024,672.7274582519656,4067.066651488515,4739.794109740481,1.8970863123384865,51.45087562910715,0.0525046035901776,525.196490914858,0.027324,613.7289898323638,2.1114288660324307,5930.17046611681,4.088343781961095
compressed_hydrogen,SMRCCS,,wind,SMRCCS_H_wind_E,Poland,1,2024,607.0955111054325,5729.663537736068,6336.759048841501,1.8970863123384865,194.5095199991873,0.1971028830100399,508.91688204511576,0.12177,674.5068924040672,2.3205247699783293,7714.692343289871,4.536483965326855
compressed_hydrogen,SMRCCS,,wind,SMRCCS_H_wind_E,India,1,2024,580.8427322468192,3796.939694822039,4377.782427068858,1.8970863123384865,527.0853162860647,0.5332579481689742,433.8178384972189,0.140184,114.20949796018044,0.3929181035330664,5452.895079812322,2.9634463640405273
compressed_hydrogen,SMRCCS,,wind,SMRCCS_H_wind_E,Indonesia,1,2024,528.3371745295925,6099.27089108211,6627.608065611703,1.8970863123384865,257.5424918161488,0.2608142323771918,385.78775140142506,0.127908,83.94348246374771,0.2887930909661872,7354.881791293024,2.5746016356818657
compressed_hydrogen,SMRCCS,,wind,SMRCCS_H_wind_E,South Korea,1,2024,616.9403031774124,4395.091756297773,5012.032059475186,1.8970863123384865,126.20181287878846,0.1280600302399958,457.03752337557705,0.081972,190.00491067440015,0.6536791641460872,5785.276306403951,2.7607975067245696
compressed_hydrogen,SMRCCS,,wind,SMRCCS_H_wind_E,China,1,2024,600.5323163907791,3681.0529825094177,4281.585298900197,1.8970863123384865,1422.9103352979398,1.4387240734825033,440.7411211581416,0.11088,160.08168712840094,0.5507334682339201,6305.318442484679,3.99742385405491
compressed_hydrogen,SMRCCS,,wind,SMRCCS_H_wind_E,United Arab Emirates,1,2024,626.7850952493924,596.0646936698305,1222.8497889192229,1.8970863123384865,188.6948708838179,0.1912256550996622,462.77616470603857,0.075834,247.35945191292635,0.8509975831475254,2121.6802764220056,3.015143550585674
compressed_hydrogen,SMRCCS,,wind,SMRCCS_H_wind_E,United States,1,2024,656.3194714653323,2474.7361822423945,3131.055653707727,1.8970863123384865,1408.3893706910883,1.4240468304056315,490.8820886974225,0.076032,570.9393860676871,1.9642186053936008,5601.266499163925,5.361383748137719
compressed_hydrogen,SMRCCS,,wind,SMRCCS_H_wind_E,Turkey,1,2024,600.5323163907791,2377.493370934622,2978.025687325401,1.8970863123384865,174.60991317217503,0.176989111339773,452.0271211581416,0.09306,402.4474195795582,1.384551019811929,4007.110141235276,3.5516864434901882
compressed_hydrogen,SMRCCS,,wind,SMRCCS_H_wind_E,Australia,1,2024,672.7274582519656,3197.809854976799,3870.537313228765,1.8970863123384865,1431.9328260410734,1.447843666662513,519.6524909148579,0.109296,128.30957994957413,0.4414270066793259,5950.4322101342705,3.8956529856803255
compressed_hydrogen,SMRCCS,,wind,SMRCCS_H_wind_E,Malaysia,1,2024,574.2795375321658,2281.0525138024736,2855.3320513346393,1.8970863123384865,271.7689086251675,0.2751937576547579,429.3980776102447,0.119592,0.0,0.0,3556.4990375700518,2.291872069993244
compressed_hydrogen,SMRCCS,,wind,SMRCCS_H_wind_E,Canada,1,2024,669.4458608946389,1578.878560225847,2248.324421120486,1.8970863123384865,1435.5081568025848,1.4514574760813554,492.19761047137087,0.03465,534.5616655285487,1.839067324454798,4710.591853922991,5.22226111287464
compressed_hydrogen,SMRCCS,,wind,SMRCCS_H_wind_E,Mexico,1,2024,577.5611348894925,1342.5761624208094,1920.1372973103016,1.8970863123384865,857.852490116471,0.8675849259971682,448.1409580537317,0.10395,699.246616688876,2.4056375296133217,3925.37736216938,5.274258767948977
compressed_hydrogen,SMRCCS,,wind,SMRCCS_H_wind_E,Thailand,1,2024,584.1243296041458,2392.1125161316663,2976.236845735812,1.8970863123384865,202.49409307689865,0.2051733881796016,436.52271894070594,0.109692,58.78845493010452,0.2022515520454295,3674.042112683521,2.4142032525635173
compressed_hydrogen,SMRCCS,,wind,SMRCCS_H_wind_E,Russia,1,2024,620.2219005347391,1228.0630413190652,1848.2849418538044,1.8970863123384865,2637.6741412966267,2.666561489546193,454.19840381906425,0.088902,234.21536928563623,0.8057776311221919,5174.372856255131,5.458327433006871
compressed_hydrogen,SMRCCS,,wind,SMRCCS_H_wind_E,Saudi Arabia,1,2024,626.7850952493924,595.728834603265,1222.5139298526574,1.8970863123384865,471.0496315857507,0.4766191925771176,454.4601647060385,0.109296,274.5925765511722,0.9446884571750944,2422.616302695619,3.4276899620906986
