Fuel,Hydrogen Source,Carbon Source,Electricity Source,Pathway Name,Region,Number,Year,CapEx [$/tonne],OpEx [$/tonne],Fuel Production LCOF [$/tonne],Fuel Production Emissions [kg CO2e / kg fuel],Land Transport Cost [$/tonne],Land Transport Emissions [kg CO2e / kg fuel],Fuel Storage Cost [$/tonne],Fuel Storage Emissions [kg CO2e / kg fuel],Tanker Transport Cost [$/tonne],Tanker Transport Emissions [kg CO2e / kg fuel],Final LCOF [$/tonne],Final Emissions [kg CO2e / kg fuel]
FTdiesel,ATRCCS,BEC,grid,ATRCCS_H_BEC_C_grid_E,South Africa,1,2024,534.5250098309498,783.3548740146193,1317.879883845569,-0.6830747438595287,24.44615260753832,0.0610332155761023,2.3548013591949744,0.0004340817049999,18.019043431492967,0.0619914148913485,1362.6998812437953,-0.559616031687078
FTdiesel,ATRCCS,BEC,grid,ATRCCS_H_BEC_C_grid_E,Taiwan,1,2024,525.9497422935549,1756.8982922282055,2282.8480345217604,-0.8346272780210192,6.501058897936567,0.0172561782346967,2.3668873873897067,0.0003893878199999,6.16439370608389,0.0212075346419098,2297.880374513171,-0.7957741773244128
FTdiesel,ATRCCS,BEC,grid,ATRCCS_H_BEC_C_grid_E,Switzerland,1,2024,631.7113752547588,6273.854001082822,6905.56537633758,-2.0781884829899635,11.91598488169044,0.0304658845102847,2.8910917913213336,2.2653065e-05,23.802983629832372,0.081890064778353,6944.175436640425,-1.9658098806363262
FTdiesel,ATRCCS,BEC,grid,ATRCCS_H_BEC_C_grid_E,Singapore,1,2024,528.8081648060198,6672.920847002205,7201.729011808225,-1.119047787337789,1.0470112370668925,0.0039510346686898,2.4514301546581305,0.000305510255,0.0,0.0,7205.227453199949,-1.1147912424140993
FTdiesel,ATRCCS,BEC,grid,ATRCCS_H_BEC_C_grid_E,Hungary,1,2024,514.5160522436948,2673.8013791320823,3188.3174313757772,-1.775083414666982,18.541511416877615,0.0466288495653053,2.336063308316018,0.0001120408349999,23.177945121447607,0.0797397274619654,3232.3729512224186,-1.6486027968047114
FTdiesel,ATRCCS,BEC,grid,ATRCCS_H_BEC_C_grid_E,Philippines,1,2024,511.65762973123,1658.913460685694,2170.571090416924,-0.8823767065924479,10.06971863492859,0.0259619199317423,2.293153201047596,0.0003753061849999,4.759250856001761,0.0163733827219021,2187.693213108902,-0.8396660977538035
FTdiesel,ATRCCS,BEC,grid,ATRCCS_H_BEC_C_grid_E,Netherlands,1,2024,585.9766150553191,4382.648616880025,4968.625231935344,-1.629759066840895,5.099956915719565,0.0138381914140532,2.663713825026576,0.000154897985,30.632396011911936,0.1053854816161674,5007.0212986880015,-1.5103804958256744
FTdiesel,ATRCCS,BEC,grid,ATRCCS_H_BEC_C_grid_E,Norway,1,2024,648.8619103295486,3186.0100901731503,3834.872000502699,-2.090644855660771,21.492878472425655,0.0538287064114019,2.867531979931867,1.8979595e-05,32.507170316182204,0.111835319653659,3891.7395812712384,-1.9249618500007097
FTdiesel,ATRCCS,BEC,grid,ATRCCS_H_BEC_C_grid_E,Oman,1,2024,545.9586998808096,752.7942715856176,1298.7529714664272,-1.0235489301949323,18.275013143264257,0.0459787273054728,2.471951983268664,0.000333673525,11.822324485673947,0.0406726708306091,1331.322261078634,-0.9365638585338504
FTdiesel,ATRCCS,BEC,grid,ATRCCS_H_BEC_C_grid_E,Italy,1,2024,548.8171223932745,5286.803698721239,5835.620821114513,-1.5570968929278517,11.75089404467967,0.0300631455860138,2.6422090505370863,0.00017632656,23.3502251072855,0.0803324270755801,5873.364149317016,-1.4465249937062576
FTdiesel,ATRCCS,BEC,grid,ATRCCS_H_BEC_C_grid_E,Austria,1,2024,594.551882592714,4294.564911632388,4889.116794225102,-1.9411683836110811,9.657120726756355,0.0249553877661634,2.7373420968318425,6.3061235e-05,23.3502251072855,0.0803324270755801,4924.861482155976,-1.8358175075343375
FTdiesel,ATRCCS,BEC,grid,ATRCCS_H_BEC_C_grid_E,Finland,1,2024,617.419262692434,4178.085052642671,4795.504315335105,-2.00552630907692,18.609053110807498,0.0467936174570265,2.7347045299792216,4.408164e-05,34.67020385876978,0.1192768639438567,4851.518276834662,-1.839411746036037
FTdiesel,ATRCCS,BEC,grid,ATRCCS_H_BEC_C_grid_E,Portugal,1,2024,520.2328972686249,3670.5244080018974,4190.757305270522,-1.9224838246048703,9.084205983650287,0.0235577628493887,2.330046772852863,6.857144e-05,26.541123516500846,0.0913101633751714,4228.712681543527,-1.8075473269403104
FTdiesel,ATRCCS,BEC,grid,ATRCCS_H_BEC_C_grid_E,Germany,1,2024,588.8350375677842,4037.588803490713,4626.423841058497,-1.440837414666982,13.79894112311398,0.0350593542924417,2.708460667294999,0.00021061228,31.332519932422898,0.1077941373584526,4674.263762781328,-1.2977733107360876
FTdiesel,ATRCCS,BEC,grid,ATRCCS_H_BEC_C_grid_E,Greece,1,2024,525.9497422935549,2397.2651747983223,2923.2149170918774,-1.4906629053502118,8.004327760205324,0.020923401052402,2.410356782389708,0.0001959184,20.758426647186017,0.0714157909474949,2954.388028281658,-1.398127794950315
FTdiesel,ATRCCS,BEC,grid,ATRCCS_H_BEC_C_grid_E,France,1,2024,577.4013475179243,4203.3216571676685,4780.723004685593,-2.063656048207355,15.95728405527506,0.040324629618712,2.600493718221309,2.693878e-05,29.93460098090079,0.1029848380170222,4829.21538343999,-1.9203196417916208
FTdiesel,ATRCCS,BEC,grid,ATRCCS_H_BEC_C_grid_E,Brazil,1,2024,525.9497422935549,3935.3106942487702,4461.260436542326,-1.9411683836110811,68.70691010575452,0.1690072872145006,2.341785342389707,6.3061235e-05,32.995143599028594,0.1135141076730027,4565.3042755894985,-1.6585839274885779
FTdiesel,ATRCCS,BEC,grid,ATRCCS_H_BEC_C_grid_E,United Kingdom,1,2024,608.8439951550389,3750.951856476534,4359.795851631573,-1.716953675536547,12.86735560697842,0.0327867523998833,2.890055888173955,0.000129183695,29.72650671536288,0.102268925543615,4405.279769842088,-1.5817688138980488
FTdiesel,ATRCCS,BEC,grid,ATRCCS_H_BEC_C_grid_E,Spain,1,2024,531.6665873184847,3102.1911444872717,3633.857731805757,-1.851897712803628,21.30530921537091,0.0533711314049369,2.371891261926552,8.938776999999999e-05,25.59894363309946,0.0880687557901197,3683.133875916154,-1.7103684378385715
FTdiesel,ATRCCS,BEC,grid,ATRCCS_H_BEC_C_grid_E,Sweden,1,2024,628.8529527422938,5855.25565164629,6484.108604388584,-2.0802645451017647,22.479466319457497,0.056235486432672,2.7492758002216604,2.204082e-05,32.259462301835065,0.1109831229015014,6541.596808810098,-1.9130238949475915
FTdiesel,ATRCCS,BEC,grid,ATRCCS_H_BEC_C_grid_E,Czech Republic,1,2024,520.2328972686249,3300.60565030268,3820.838547571305,-1.295513066840895,20.116912701968747,0.050472039353065,2.379638617852863,0.00025346943,23.3502251072855,0.0803324270755801,3866.685323998412,-1.1644551309822497
FTdiesel,ATRCCS,BEC,grid,ATRCCS_H_BEC_C_grid_E,Japan,1,2024,617.419262692434,3411.8456419200193,4029.2649046124534,-1.1543408432384106,9.189850389558206,0.0238154822671406,2.7830718849792215,0.0002951020899999,10.883317676785154,0.037442179661811,4052.121144563776,-1.092788079219459
FTdiesel,ATRCCS,BEC,grid,ATRCCS_H_BEC_C_grid_E,Belgium,1,2024,585.9766150553191,2845.5835905735144,3431.5602056288335,-1.8685062096980376,3.4085918579759573,0.009712108124158,2.681468930026576,8.448981e-05,30.5709421535067,0.1051740602026191,3468.2212085703427,-1.7535355515612605
FTdiesel,ATRCCS,BEC,grid,ATRCCS_H_BEC_C_grid_E,Poland,1,2024,528.8081648060198,3987.417525876677,4516.225690682697,-0.8782245823688454,11.190987172400249,0.0286972533565199,2.5279607796581307,0.000376530675,33.598398530039475,0.1155895023439644,4563.543037164794,-0.7335612959933612
FTdiesel,ATRCCS,BEC,grid,ATRCCS_H_BEC_C_grid_E,India,1,2024,505.9407847063,2349.0095482710003,2854.9503329773,-0.6851508059713302,29.28312225525748,0.0728329979742376,2.2544758515107515,0.0004334694599999,5.688980011316389,0.0195719557217851,2892.176911095385,-0.5923123828153076
FTdiesel,ATRCCS,BEC,grid,ATRCCS_H_BEC_C_grid_E,Indonesia,1,2024,460.2060245068605,3378.419307399512,3838.6253319063726,-0.8138666569030066,14.61998306903098,0.0370622852610349,2.0234244152159944,0.00039551027,4.181375475295838,0.0143853020217787,3859.4501148659156,-0.7620235593501931
FTdiesel,ATRCCS,BEC,grid,ATRCCS_H_BEC_C_grid_E,South Korea,1,2024,537.3834323434147,2634.197610681349,3171.581043024764,-1.295513066840895,7.475045488669049,0.0196322175044002,2.3830175864633967,0.00025346943,9.464485512890445,0.0325609320158088,3190.9035916127864,-1.2430664478906859
FTdiesel,ATRCCS,BEC,grid,ATRCCS_H_BEC_C_grid_E,China,1,2024,523.0913197810899,2273.124795867536,2796.2161156486263,-0.9924079985179134,78.01603497926587,0.1917168876099259,2.3068344201212856,0.0003428572,7.973956058968025,0.027433022194337,2884.5129411069815,-0.7729152315136505
FTdiesel,ATRCCS,BEC,grid,ATRCCS_H_BEC_C_grid_E,United Arab Emirates,1,2024,545.9586998808096,562.0808097073566,1108.0395095881663,-1.3598709923067338,10.874670054831256,0.0279255980789476,2.4162376882686636,0.000234489835,12.32141811912569,0.042389716500573,1133.651835450392,-1.289321187892213
FTdiesel,ATRCCS,BEC,grid,ATRCCS_H_BEC_C_grid_E,United States,1,2024,571.6845024929944,1755.5482595437936,2327.232762036788,-1.357794930194932,77.22609399097482,0.1897898273949423,2.549571468684465,0.00023510208,28.43951521566772,0.097841252991375,2435.4479427121146,-1.0699287477286146
FTdiesel,ATRCCS,BEC,grid,ATRCCS_H_BEC_C_grid_E,Turkey,1,2024,523.0913197810899,1545.766498699664,2068.857818480754,-1.1792535885800255,10.108447857063252,0.026056399828645,2.3417323851212855,0.00028775515,20.04662805182993,0.0689669704975327,2101.3546267747683,-1.083942463103848
FTdiesel,ATRCCS,BEC,grid,ATRCCS_H_BEC_C_grid_E,Australia,1,2024,585.9766150553191,2311.8023062153156,2897.778921270635,-1.0090164954123235,78.5068587948625,0.1929142517948745,2.664326070026576,0.00033795924,6.391330393975021,0.0219882712235498,2985.341436529499,-0.7937760131538991
FTdiesel,ATRCCS,BEC,grid,ATRCCS_H_BEC_C_grid_E,Malaysia,1,2024,500.2239396813701,1429.4257098935468,1929.6496495749168,-0.901061265598659,15.393900646700336,0.0389502563825607,2.230492381973906,0.0003697959799999,0.0,0.0,1947.274042603591,-0.8617412132360984
FTdiesel,ATRCCS,BEC,grid,ATRCCS_H_BEC_C_grid_E,Canada,1,2024,583.1181925428542,1173.769480789584,1756.8876733324382,-1.7916919115613918,78.70135691476585,0.1933887297550139,2.5742730977581543,0.0001071428749999,26.62747568567551,0.0916072431378362,1864.7907790306379,-1.5065887957935418
FTdiesel,ATRCCS,BEC,grid,ATRCCS_H_BEC_C_grid_E,Mexico,1,2024,503.0823621938351,1189.8010002484614,1692.8833624422964,-1.065070172430957,47.276868212502755,0.1167287224228995,2.2936065742423297,0.000321428625,34.83072858538064,0.1198291216131102,1777.2845658144222,-0.8281908997699474
FTdiesel,ATRCCS,BEC,grid,ATRCCS_H_BEC_C_grid_E,Thailand,1,2024,508.79920721876505,1516.8246532870633,2025.6238605058284,-1.0048643711887209,11.625348230281595,0.0297568767030589,2.267998198779174,0.00033918373,2.9283584199813664,0.0100745126928526,2042.4455653548705,-0.9646937980628093
FTdiesel,ATRCCS,BEC,grid,ATRCCS_H_BEC_C_grid_E,Russia,1,2024,540.2418548558798,717.0455304215761,1257.287385277456,-1.2228508929278517,144.09922899779946,0.3529267703223689,2.379397073731819,0.000274898005,11.6666877799746,0.040137229555271,1415.4326991289618,-0.8295119950452118
FTdiesel,ATRCCS,BEC,grid,ATRCCS_H_BEC_C_grid_E,Saudi Arabia,1,2024,545.9586998808096,472.99348066593814,1018.9521805467476,-1.0090164954123235,26.23477902530103,0.0653965678520688,2.390523398268664,0.00033795924,13.677948919801173,0.0470566270387092,1061.2554318901184,-0.8962253412815455
FTdiesel,BG,BEC,grid,BG_H_BEC_C_grid_E,South Africa,1,2024,550.6624904,1107.2882485026612,1657.9507389026612,-1.6118000149442735,24.44615260753832,0.0610332155761023,2.3548013591949744,0.0004340817049999,18.019043431492967,0.0619914148913485,1702.7707363008874,-1.4883413027718229
FTdiesel,BG,BEC,grid,BG_H_BEC_C_grid_E,Taiwan,1,2024,541.8283328,1218.1428055239076,1759.9711383239076,-1.6751859149442738,6.501058897936567,0.0172561782346967,2.3668873873897067,0.0003893878199999,6.16439370608389,0.0212075346419098,1775.0034783153178,-1.6363328142476674
FTdiesel,BG,BEC,grid,BG_H_BEC_C_grid_E,Switzerland,1,2024,650.7829432000001,1702.23777882614,2353.02072202614,-2.195297614944274,11.91598488169044,0.0304658845102847,2.8910917913213336,2.2653065e-05,23.802983629832372,0.081890064778353,2391.630782328984,-2.0829190125906365
FTdiesel,BG,BEC,grid,BG_H_BEC_C_grid_E,Singapore,1,2024,544.773052,1569.2415910479076,2114.0146430479076,-1.7941430149442736,1.0470112370668925,0.0039510346686898,2.4514301546581305,0.000305510255,0.0,0.0,2117.5130844396326,-1.7898864700205839
FTdiesel,BG,BEC,grid,BG_H_BEC_C_grid_E,Hungary,1,2024,530.049456,1273.0750877279488,1803.1245437279488,-2.068525814944274,18.541511416877615,0.0466288495653053,2.336063308316018,0.0001120408349999,23.177945121447607,0.0797397274619654,1847.1800635745901,-1.9420451970820034
FTdiesel,BG,BEC,grid,BG_H_BEC_C_grid_E,Philippines,1,2024,527.1047368000001,1166.684616974866,1693.789353774866,-1.6951568149442735,10.06971863492859,0.0259619199317423,2.293153201047596,0.0003753061849999,4.759250856001761,0.0163733827219021,1710.9114764668439,-1.6524462061056293
FTdiesel,BG,BEC,grid,BG_H_BEC_C_grid_E,Netherlands,1,2024,603.667436,1480.789699640996,2084.457135640996,-2.0077448149442736,5.099956915719565,0.0138381914140532,2.663713825026576,0.000154897985,30.632396011911936,0.1053854816161674,2122.8532023936546,-1.888366243929053
FTdiesel,BG,BEC,grid,BG_H_BEC_C_grid_E,Norway,1,2024,668.4512583999999,1415.298688884942,2083.749947284942,-2.2005074149442736,21.492878472425655,0.0538287064114019,2.867531979931867,1.8979595e-05,32.507170316182204,0.111835319653659,2140.6175280534817,-2.0348244092842123
FTdiesel,BG,BEC,grid,BG_H_BEC_C_grid_E,Oman,1,2024,562.4413672000001,1204.3867522025196,1766.8281194025196,-1.7542012149442738,18.275013143264257,0.0459787273054728,2.471951983268664,0.000333673525,11.822324485673947,0.0406726708306091,1799.3974090147265,-1.667216143283192
FTdiesel,BG,BEC,grid,BG_H_BEC_C_grid_E,Italy,1,2024,565.3860864,1677.5814623946076,2242.9675487946074,-1.9773543149442736,11.75089404467967,0.0300631455860138,2.6422090505370863,0.00017632656,23.3502251072855,0.0803324270755801,2280.7108769971096,-1.8667824157226796
FTdiesel,BG,BEC,grid,BG_H_BEC_C_grid_E,Austria,1,2024,612.5015936,1544.82726562812,2157.32885922812,-2.1379898149442735,9.657120726756355,0.0249553877661634,2.7373420968318425,6.3061235e-05,23.3502251072855,0.0803324270755801,2193.0735471589937,-2.03263893886753
FTdiesel,BG,BEC,grid,BG_H_BEC_C_grid_E,Finland,1,2024,636.0593472,1411.0928859524545,2047.1522331524543,-2.1649071149442736,18.609053110807498,0.0467936174570265,2.7347045299792216,4.408164e-05,34.67020385876978,0.1192768639438567,2103.1661946520107,-1.9987925519033904
FTdiesel,BG,BEC,grid,BG_H_BEC_C_grid_E,Portugal,1,2024,535.9388944,1284.0260453204055,1819.9649397204057,-2.1301751149442736,9.084205983650287,0.0235577628493887,2.330046772852863,6.857144e-05,26.541123516500846,0.0913101633751714,1857.9203159934098,-2.0152386172797137
FTdiesel,BG,BEC,grid,BG_H_BEC_C_grid_E,Germany,1,2024,606.6121552,1549.2371781585389,2155.849333358539,-1.9287295149442736,13.79894112311398,0.0350593542924417,2.708460667294999,0.00021061228,31.332519932422898,0.1077941373584526,2203.689255081371,-1.7856654110133792
FTdiesel,BG,BEC,grid,BG_H_BEC_C_grid_E,Greece,1,2024,541.8283328,1325.7565142101162,1867.584847010116,-1.9495687149442735,8.004327760205324,0.020923401052402,2.410356782389708,0.0001959184,20.758426647186017,0.0714157909474949,1898.757958199897,-1.8570336045443767
FTdiesel,BG,BEC,grid,BG_H_BEC_C_grid_E,France,1,2024,594.8332784000002,1451.5466527251558,2046.379931125156,-2.189219514944274,15.95728405527506,0.040324629618712,2.600493718221309,2.693878e-05,29.93460098090079,0.1029848380170222,2094.8723098795535,-2.04588310852854
FTdiesel,BG,BEC,grid,BG_H_BEC_C_grid_E,Brazil,1,2024,541.8283328,1261.0805459338137,1802.9088787338137,-2.1379898149442735,68.70691010575452,0.1690072872145006,2.341785342389707,6.3061235e-05,32.995143599028594,0.1135141076730027,1906.9527177809866,-1.8554053588217703
FTdiesel,BG,BEC,grid,BG_H_BEC_C_grid_E,United Kingdom,1,2024,627.2251896,1598.7235865757016,2225.948776175702,-2.0442134149442737,12.86735560697842,0.0327867523998833,2.890055888173955,0.000129183695,29.72650671536288,0.102268925543615,2271.4326943862175,-1.9090285533057751
FTdiesel,BG,BEC,grid,BG_H_BEC_C_grid_E,Spain,1,2024,547.7177712,1307.3616609988603,1855.0794321988603,-2.100652914944274,21.30530921537091,0.0533711314049369,2.371891261926552,8.938776999999999e-05,25.59894363309946,0.0880687557901197,1904.3555763092572,-1.9591236399792171
FTdiesel,BG,BEC,grid,BG_H_BEC_C_grid_E,Sweden,1,2024,647.838224,1441.6675677810426,2089.5057917810427,-2.1961659149442734,22.479466319457497,0.056235486432672,2.7492758002216604,2.204082e-05,32.259462301835065,0.1109831229015014,2146.993996202557,-2.0289252647901
FTdiesel,BG,BEC,grid,BG_H_BEC_C_grid_E,Czech Republic,1,2024,535.9388944,1338.2537583580822,1874.1926527580824,-1.8679485149442736,20.116912701968747,0.050472039353065,2.379638617852863,0.00025346943,23.3502251072855,0.0803324270755801,1920.0394291851894,-1.7368905790856284
FTdiesel,BG,BEC,grid,BG_H_BEC_C_grid_E,Japan,1,2024,636.0593472,1385.898111935398,2021.957459135398,-1.8089041149442735,9.189850389558206,0.0238154822671406,2.7830718849792215,0.0002951020899999,10.883317676785154,0.037442179661811,2044.8136990867204,-1.747351350925322
FTdiesel,BG,BEC,grid,BG_H_BEC_C_grid_E,Belgium,1,2024,603.667436,1500.1245082756288,2103.791944275629,-2.1075993149442733,3.4085918579759573,0.009712108124158,2.681468930026576,8.448981e-05,30.5709421535067,0.1051740602026191,2140.452947217138,-1.9926286568074962
FTdiesel,BG,BEC,grid,BG_H_BEC_C_grid_E,Poland,1,2024,544.773052,1493.669326907851,2038.442378907851,-1.6934202149442736,11.190987172400249,0.0286972533565199,2.5279607796581307,0.000376530675,33.598398530039475,0.1155895023439644,2085.759725389949,-1.5487569285687892
FTdiesel,BG,BEC,grid,BG_H_BEC_C_grid_E,India,1,2024,521.2152984,1170.542610131622,1691.757908531622,-1.612668314944274,29.28312225525748,0.0728329979742376,2.2544758515107515,0.0004334694599999,5.688980011316389,0.0195719557217851,1728.9844866497065,-1.5198298917882513
FTdiesel,BG,BEC,grid,BG_H_BEC_C_grid_E,Indonesia,1,2024,474.0997912,1158.7504818407365,1632.8502730407365,-1.6665029149442736,14.61998306903098,0.0370622852610349,2.0234244152159944,0.00039551027,4.181375475295838,0.0143853020217787,1653.6750560002793,-1.61465981739146
FTdiesel,BG,BEC,grid,BG_H_BEC_C_grid_E,South Korea,1,2024,553.6072096,1264.3201203018532,1817.9273299018532,-1.8679485149442736,7.475045488669049,0.0196322175044002,2.3830175864633967,0.00025346943,9.464485512890445,0.0325609320158088,1837.2498784898762,-1.8155018959940645
FTdiesel,BG,BEC,grid,BG_H_BEC_C_grid_E,China,1,2024,538.8836136,1152.374678066308,1691.258291666308,-1.7411767149442736,78.01603497926587,0.1917168876099259,2.3068344201212856,0.0003428572,7.973956058968025,0.027433022194337,1779.5551171246632,-1.5216839479400108
FTdiesel,BG,BEC,grid,BG_H_BEC_C_grid_E,United Arab Emirates,1,2024,562.4413672000001,1123.5341522025196,1685.9755194025197,-1.894865814944274,10.874670054831256,0.0279255980789476,2.4162376882686636,0.000234489835,12.32141811912569,0.042389716500573,1711.5878452647453,-1.8243160105297533
FTdiesel,BG,BEC,grid,BG_H_BEC_C_grid_E,United States,1,2024,588.94384,1331.9028425465183,1920.8466825465184,-1.8939975149442736,77.22609399097482,0.1897898273949423,2.549571468684465,0.00023510208,28.43951521566772,0.097841252991375,2029.0618632218454,-1.6061313324779563
FTdiesel,BG,BEC,grid,BG_H_BEC_C_grid_E,Turkey,1,2024,538.8836136,1178.824454371376,1717.7080679713758,-1.8193237149442736,10.108447857063252,0.026056399828645,2.3417323851212855,0.00028775515,20.04662805182993,0.0689669704975327,1750.2048762653903,-1.724012589468096
FTdiesel,BG,BEC,grid,BG_H_BEC_C_grid_E,Australia,1,2024,603.667436,1421.7032750265696,2025.3707110265696,-1.7481231149442735,78.5068587948625,0.1929142517948745,2.664326070026576,0.00033795924,6.391330393975021,0.0219882712235498,2112.9332262854336,-1.5328826326858493
FTdiesel,BG,BEC,grid,BG_H_BEC_C_grid_E,Malaysia,1,2024,515.32586,1144.0041929669062,1659.3300529669064,-1.7029715149442737,15.393900646700336,0.0389502563825607,2.230492381973906,0.0003697959799999,0.0,0.0,1676.9544459955805,-1.663651462581713
FTdiesel,BG,BEC,grid,BG_H_BEC_C_grid_E,Canada,1,2024,600.7227168,1242.0772290180032,1842.7999458180032,-2.0754722149442735,78.70135691476585,0.1933887297550139,2.5742730977581543,0.0001071428749999,26.62747568567551,0.0916072431378362,1950.7030515162028,-1.7903690991764234
FTdiesel,BG,BEC,grid,BG_H_BEC_C_grid_E,Mexico,1,2024,518.2705791999999,1204.6239224511385,1722.8945016511384,-1.7715672149442736,47.276868212502755,0.1167287224228995,2.2936065742423297,0.000321428625,34.83072858538064,0.1198291216131102,1807.2957050232642,-1.534687942283264
FTdiesel,BG,BEC,grid,BG_H_BEC_C_grid_E,Thailand,1,2024,524.1600176000001,1142.8718526608077,1667.031870260808,-1.7463865149442734,11.625348230281595,0.0297568767030589,2.267998198779174,0.00033918373,2.9283584199813664,0.0100745126928526,1683.8535751098502,-1.706215941818362
FTdiesel,BG,BEC,grid,BG_H_BEC_C_grid_E,Russia,1,2024,556.5519288,1092.9561668436909,1649.508095643691,-1.8375580149442736,144.09922899779946,0.3529267703223689,2.379397073731819,0.000274898005,11.6666877799746,0.040137229555271,1807.6534094951967,-1.4442191170616336
FTdiesel,BG,BEC,grid,BG_H_BEC_C_grid_E,Saudi Arabia,1,2024,562.4413672000001,1083.5763712271907,1646.0177384271908,-1.7481231149442735,26.23477902530103,0.0653965678520688,2.390523398268664,0.00033795924,13.677948919801173,0.0470566270387092,1688.3209897705617,-1.6353319608134957
FTdiesel,LTE,BEC,grid,LTE_H_BEC_C_grid_E,South Africa,1,2024,634.02504275,3144.8389248844933,3778.8639676344937,20.189984292553664,24.44615260753832,0.0610332155761023,2.3548013591949744,0.0004340817049999,18.019043431492967,0.0619914148913485,3823.68396503272,20.313443004726114
FTdiesel,LTE,BEC,grid,LTE_H_BEC_C_grid_E,Taiwan,1,2024,623.853518,5757.207821692692,6381.061339692692,17.806528750342565,6.501058897936567,0.0172561782346967,2.3668873873897067,0.0003893878199999,6.16439370608389,0.0212075346419098,6396.0936796841015,17.84538185103917
FTdiesel,LTE,BEC,grid,LTE_H_BEC_C_grid_E,Switzerland,1,2024,749.30232325,9636.845080791718,10386.147404041718,-1.7508667261567354,11.91598488169044,0.0304658845102847,2.8910917913213336,2.2653065e-05,23.802983629832372,0.081890064778353,10424.757464344562,-1.6384881238030977
FTdiesel,LTE,BEC,grid,LTE_H_BEC_C_grid_E,Singapore,1,2024,627.24402625,9674.05304165774,10301.29706790774,13.333468349206663,1.0470112370668925,0.0039510346686898,2.4514301546581305,0.000305510255,0.0,0.0,10304.795509299467,13.337724894130353
FTdiesel,LTE,BEC,grid,LTE_H_BEC_C_grid_E,Hungary,1,2024,610.2914850000001,6738.8269351041135,7349.118420104113,3.016044358265465,18.541511416877615,0.0466288495653053,2.336063308316018,0.0001120408349999,23.177945121447607,0.0797397274619654,7393.173939950754,3.1425249761277354
FTdiesel,LTE,BEC,grid,LTE_H_BEC_C_grid_E,Philippines,1,2024,606.90097675,5081.492690505437,5688.393667255437,17.055577004166466,10.06971863492859,0.0259619199317423,2.293153201047596,0.0003753061849999,4.759250856001761,0.0163733827219021,5705.515789947416,17.09828761300511
FTdiesel,LTE,BEC,grid,LTE_H_BEC_C_grid_E,Netherlands,1,2024,695.0541912499999,7916.159989384088,8611.214180634088,5.301549672714464,5.099956915719565,0.0138381914140532,2.663713825026576,0.000154897985,30.632396011911936,0.1053854816161674,8649.610247386745,5.420928243729685
FTdiesel,LTE,BEC,grid,LTE_H_BEC_C_grid_E,Norway,1,2024,769.64537275,4412.8321149917665,5182.477487741767,-1.946767181680935,21.492878472425655,0.0538287064114019,2.867531979931867,1.8979595e-05,32.507170316182204,0.111835319653659,5239.345068510306,-1.7810841760208742
FTdiesel,LTE,BEC,grid,LTE_H_BEC_C_grid_E,Oman,1,2024,647.5870757499999,6779.421580841059,7427.008656591059,14.835371841558866,18.275013143264257,0.0459787273054728,2.471951983268664,0.000333673525,11.822324485673947,0.0406726708306091,7459.577946203265,14.922356913219948
FTdiesel,LTE,BEC,grid,LTE_H_BEC_C_grid_E,Italy,1,2024,650.9775840000001,15275.23183044497,15926.20941444497,6.444302329938964,11.75089404467967,0.0300631455860138,2.6422090505370863,0.00017632656,23.3502251072855,0.0803324270755801,15963.952742647472,6.554874229160558
FTdiesel,LTE,BEC,grid,LTE_H_BEC_C_grid_E,Austria,1,2024,705.2257159999999,9888.414931725463,10593.640647725464,0.4040382846094646,9.657120726756355,0.0249553877661634,2.7373420968318425,6.3061235e-05,23.3502251072855,0.0803324270755801,10629.38533565634,0.5093891606862081
FTdiesel,LTE,BEC,grid,LTE_H_BEC_C_grid_E,Finland,1,2024,732.349782,4507.57879391346,5239.92857591346,-0.6081140689322355,18.609053110807498,0.0467936174570265,2.7347045299792216,4.408164e-05,34.67020385876978,0.1192768639438567,5295.942537413017,-0.4419995058913523
FTdiesel,LTE,BEC,grid,LTE_H_BEC_C_grid_E,Portugal,1,2024,617.0725015,5121.9014902348545,5738.973991734854,0.6978889678957647,9.084205983650287,0.0235577628493887,2.330046772852863,6.857144e-05,26.541123516500846,0.0913101633751714,5776.929368007859,0.8128254655603249
FTdiesel,LTE,BEC,grid,LTE_H_BEC_C_grid_E,Germany,1,2024,698.4446995,9681.660989417946,10380.105688917944,8.272706581498165,13.79894112311398,0.0350593542924417,2.708460667294999,0.00021061228,31.332519932422898,0.1077941373584526,10427.945610640774,8.415770685429058
FTdiesel,LTE,BEC,grid,LTE_H_BEC_C_grid_E,Greece,1,2024,623.853518,8101.195095279394,8725.048613279394,7.489104759401363,8.004327760205324,0.020923401052402,2.410356782389708,0.0001959184,20.758426647186017,0.0714157909474949,8756.221724469175,7.58163986980126
FTdiesel,LTE,BEC,grid,LTE_H_BEC_C_grid_E,France,1,2024,684.8826665,6518.991442584173,7203.874109084172,-1.5223161947118355,15.95728405527506,0.040324629618712,2.600493718221309,2.693878e-05,29.93460098090079,0.1029848380170222,7252.366487838569,-1.3789797882961012
FTdiesel,LTE,BEC,grid,LTE_H_BEC_C_grid_E,Brazil,1,2024,623.853518,4417.869275837446,5041.722793837446,0.4040382846094646,68.70691010575452,0.1690072872145006,2.341785342389707,6.3061235e-05,32.995143599028594,0.1135141076730027,5145.766632884619,0.6866227407319679
FTdiesel,LTE,BEC,grid,LTE_H_BEC_C_grid_E,United Kingdom,1,2024,722.17825725,14723.1476292999,15445.3258865499,3.930246484045064,12.86735560697842,0.0327867523998833,2.890055888173955,0.000129183695,29.72650671536288,0.102268925543615,15490.809804760414,4.065431345683562
FTdiesel,LTE,BEC,grid,LTE_H_BEC_C_grid_E,Spain,1,2024,630.6345345,4773.067305804197,5403.701840304197,1.8079915491995648,21.30530921537091,0.0533711314049369,2.371891261926552,8.938776999999999e-05,25.59894363309946,0.0880687557901197,5452.977984414593,1.9495208241646214
FTdiesel,LTE,BEC,grid,LTE_H_BEC_C_grid_E,Sweden,1,2024,745.9118150000002,2671.6377919789325,3417.5496069789324,-1.7835168020774357,22.479466319457497,0.056235486432672,2.7492758002216604,2.204082e-05,32.259462301835065,0.1109831229015014,3475.0378114004466,-1.6162761519232622
FTdiesel,LTE,BEC,grid,LTE_H_BEC_C_grid_E,Czech Republic,1,2024,617.0725015,7777.076309837133,8394.148811337134,10.558211895947164,20.116912701968747,0.050472039353065,2.379638617852863,0.00025346943,23.3502251072855,0.0803324270755801,8439.995587764242,10.68926983180581
FTdiesel,LTE,BEC,grid,LTE_H_BEC_C_grid_E,Japan,1,2024,732.349782,7029.443050015912,7761.792832015913,12.778417058554766,9.189850389558206,0.0238154822671406,2.7830718849792215,0.0002951020899999,10.883317676785154,0.037442179661811,7784.649071967235,12.839969822573718
FTdiesel,LTE,BEC,grid,LTE_H_BEC_C_grid_E,Belgium,1,2024,695.0541912499999,8904.426289503313,9599.480480753313,1.546790941833966,3.4085918579759573,0.009712108124158,2.681468930026576,8.448981e-05,30.5709421535067,0.1051740602026191,9636.141483694822,1.6617615999707431
FTdiesel,LTE,BEC,grid,LTE_H_BEC_C_grid_E,Poland,1,2024,627.24402625,13700.436339620974,14327.680365870974,17.12087715600786,11.190987172400249,0.0286972533565199,2.5279607796581307,0.000376530675,33.598398530039475,0.1155895023439644,14374.997712353072,17.265540442383344
FTdiesel,LTE,BEC,grid,LTE_H_BEC_C_grid_E,India,1,2024,600.1199602500001,4324.985027236939,4925.104987486939,20.157334216632965,29.28312225525748,0.0728329979742376,2.2544758515107515,0.0004334694599999,5.688980011316389,0.0195719557217851,4962.331565605024,20.250172639788985
FTdiesel,LTE,BEC,grid,LTE_H_BEC_C_grid_E,Indonesia,1,2024,545.8718282499999,2491.866801670129,3037.738629920129,18.13302950954957,14.61998306903098,0.0370622852610349,2.0234244152159944,0.00039551027,4.181375475295838,0.0143853020217787,3058.563412879672,18.18487260710238
FTdiesel,LTE,BEC,grid,LTE_H_BEC_C_grid_E,South Korea,1,2024,637.415551,4038.2909121766593,4675.706463176659,10.558211895947164,7.475045488669049,0.0196322175044002,2.3830175864633967,0.00025346943,9.464485512890445,0.0325609320158088,4695.029011764682,10.610658514897372
FTdiesel,LTE,BEC,grid,LTE_H_BEC_C_grid_E,China,1,2024,620.46300975,3193.300930280116,3813.763940030116,15.325122980369365,78.01603497926587,0.1917168876099259,2.3068344201212856,0.0003428572,7.973956058968025,0.027433022194337,3902.060765488471,15.544615747373628
FTdiesel,LTE,BEC,grid,LTE_H_BEC_C_grid_E,United Arab Emirates,1,2024,647.5870757499999,3804.1811441393584,4451.768219889358,9.546059542405466,10.874670054831256,0.0279255980789476,2.4162376882686636,0.000234489835,12.32141811912569,0.042389716500573,4477.380545751584,9.616609346819986
FTdiesel,LTE,BEC,grid,LTE_H_BEC_C_grid_E,United States,1,2024,678.10165,5118.961055655243,5797.062705655243,9.578709618326164,77.22609399097482,0.1897898273949423,2.549571468684465,0.00023510208,28.43951521566772,0.097841252991375,5905.27788633057,9.86657580079248
FTdiesel,LTE,BEC,grid,LTE_H_BEC_C_grid_E,Turkey,1,2024,620.46300975,5061.554461077018,5682.017470827018,12.386616147506365,10.108447857063252,0.026056399828645,2.3417323851212855,0.00028775515,20.04662805182993,0.0689669704975327,5714.514279121032,12.481927272982542
FTdiesel,LTE,BEC,grid,LTE_H_BEC_C_grid_E,Australia,1,2024,695.0541912499999,7964.735271079288,8659.789462329287,15.063922373003768,78.5068587948625,0.1929142517948745,2.664326070026576,0.00033795924,6.391330393975021,0.0219882712235498,8747.35197758815,15.279162855262193
FTdiesel,LTE,BEC,grid,LTE_H_BEC_C_grid_E,Malaysia,1,2024,593.3389437500001,4362.8788275453635,4956.2177712953635,16.761726320880165,15.393900646700336,0.0389502563825607,2.230492381973906,0.0003697959799999,0.0,0.0,4973.842164324038,16.801046373242723
FTdiesel,LTE,BEC,grid,LTE_H_BEC_C_grid_E,Canada,1,2024,691.663683,3785.641018796939,4477.304701796939,2.7548437508998647,78.70135691476585,0.1933887297550139,2.5742730977581543,0.0001071428749999,26.62747568567551,0.0916072431378362,4585.207807495139,3.0399468666677145
FTdiesel,LTE,BEC,grid,LTE_H_BEC_C_grid_E,Mexico,1,2024,596.7294519999999,7078.088810529858,7674.818262529858,14.182370323144864,47.276868212502755,0.1167287224228995,2.2936065742423297,0.000321428625,34.83072858538064,0.1198291216131102,7759.219465901983,14.419249595805875
FTdiesel,LTE,BEC,grid,LTE_H_BEC_C_grid_E,Thailand,1,2024,603.5104685,4393.317129111463,4996.827597611463,15.129222524845163,11.625348230281595,0.0297568767030589,2.267998198779174,0.00033918373,2.9283584199813664,0.0100745126928526,5013.649302460505,15.169393097971076
FTdiesel,LTE,BEC,grid,LTE_H_BEC_C_grid_E,Russia,1,2024,640.80605925,3129.340213973529,3770.146273223529,11.700964553171668,144.09922899779946,0.3529267703223689,2.379397073731819,0.000274898005,11.6666877799746,0.040137229555271,3928.291587075035,12.094303451054307
FTdiesel,LTE,BEC,grid,LTE_H_BEC_C_grid_E,Saudi Arabia,1,2024,647.5870757499999,2430.3441571147287,3077.9312328647284,15.063922373003768,26.23477902530103,0.0653965678520688,2.390523398268664,0.00033795924,13.677948919801173,0.0470566270387092,3120.2344842080993,15.176713527134545
FTdiesel,SMR,BEC,grid,SMR_H_BEC_C_grid_E,South Africa,1,2024,415.5644569953527,621.7310658155741,1037.2955228109267,4.169460411496715,24.44615260753832,0.0610332155761023,2.3548013591949744,0.0004340817049999,18.019043431492967,0.0619914148913485,1082.115520209153,4.292919123669165
FTdiesel,SMR,BEC,grid,SMR_H_BEC_C_grid_E,Taiwan,1,2024,408.89764752483904,1400.623089143658,1809.5207366684972,4.121560296819183,6.501058897936567,0.0172561782346967,2.3668873873897067,0.0003893878199999,6.16439370608389,0.0212075346419098,1824.5530766599074,4.16041339751579
FTdiesel,SMR,BEC,grid,SMR_H_BEC_C_grid_E,Switzerland,1,2024,491.12163099450777,5398.676768513183,5889.79839950769,3.7285168900816306,11.91598488169044,0.0304658845102847,2.8910917913213336,2.2653065e-05,23.802983629832372,0.081890064778353,5928.408459810535,3.840895492435268
FTdiesel,SMR,BEC,grid,SMR_H_BEC_C_grid_E,Singapore,1,2024,411.1199173483436,5737.340268179098,6148.460185527441,4.031665561054501,1.0470112370668925,0.0039510346686898,2.4514301546581305,0.000305510255,0.0,0.0,6151.958626919166,4.035922105978191
FTdiesel,SMR,BEC,grid,SMR_H_BEC_C_grid_E,Hungary,1,2024,400.0085682308208,2202.0968213226697,2602.1053895534906,3.8243171194366927,18.541511416877615,0.0466288495653053,2.336063308316018,0.0001120408349999,23.177945121447607,0.0797397274619654,2646.160909400132,3.9507977372989633
FTdiesel,SMR,BEC,grid,SMR_H_BEC_C_grid_E,Philippines,1,2024,397.7862984073162,1336.1867932625946,1733.973091669911,4.106468479865988,10.06971863492859,0.0259619199317423,2.293153201047596,0.0003753061849999,4.759250856001761,0.0163733827219021,1751.0952143618888,4.149179088704632
FTdiesel,SMR,BEC,grid,SMR_H_BEC_C_grid_E,Netherlands,1,2024,455.56531381843473,3731.278083334023,4186.843397152458,3.870248736250765,5.099956915719565,0.0138381914140532,2.663713825026576,0.000154897985,30.632396011911936,0.1053854816161674,4225.239463905115,3.9896273072659856
FTdiesel,SMR,BEC,grid,SMR_H_BEC_C_grid_E,Norway,1,2024,504.4552499355352,2786.0386166091575,3290.4938665446925,3.72457989435471,21.492878472425655,0.0538287064114019,2.867531979931867,1.8979595e-05,32.507170316182204,0.111835319653659,3347.361447313232,3.890262900014771
FTdiesel,SMR,BEC,grid,SMR_H_BEC_C_grid_E,Oman,1,2024,424.453536289371,460.2299006725102,884.6834369618813,4.061849194960891,18.275013143264257,0.0459787273054728,2.471951983268664,0.000333673525,11.822324485673947,0.0406726708306091,917.2527265740881,4.1488342666219715
FTdiesel,SMR,BEC,grid,SMR_H_BEC_C_grid_E,Italy,1,2024,426.6758061128755,4266.885971525653,4693.561777638529,3.8932145446578006,11.75089404467967,0.0300631455860138,2.6422090505370863,0.00017632656,23.3502251072855,0.0803324270755801,4731.305105841032,4.003786443879394
FTdiesel,SMR,BEC,grid,SMR_H_BEC_C_grid_E,Austria,1,2024,462.23212328894846,3576.4341907188614,4038.66631400781,3.771823843077754,9.657120726756355,0.0249553877661634,2.7373420968318425,6.3061235e-05,23.3502251072855,0.0803324270755801,4074.4110019386835,3.877174719154498
FTdiesel,SMR,BEC,grid,SMR_H_BEC_C_grid_E,Finland,1,2024,480.01028187698495,3678.789703962914,4158.799985839899,3.7514826984886662,18.609053110807498,0.0467936174570265,2.7347045299792216,4.408164e-05,34.67020385876978,0.1192768639438567,4214.813947339456,3.9175972615295493
FTdiesel,SMR,BEC,grid,SMR_H_BEC_C_grid_E,Portugal,1,2024,404.4531078778299,3176.2130251305985,3580.6661330084285,3.777729336668135,9.084205983650287,0.0235577628493887,2.330046772852863,6.857144e-05,26.541123516500846,0.0913101633751714,3618.6215092814323,3.8926658343326954
FTdiesel,SMR,BEC,grid,SMR_H_BEC_C_grid_E,Germany,1,2024,457.78758364193936,3360.4570327281485,3818.244616370088,3.9299598381090575,13.79894112311398,0.0350593542924417,2.708460667294999,0.00021061228,31.332519932422898,0.1077941373584526,3866.08453809292,4.073023942039952
FTdiesel,SMR,BEC,grid,SMR_H_BEC_C_grid_E,Greece,1,2024,408.89764752483904,1902.4580115232488,2311.3556590480875,3.914211855201376,8.004327760205324,0.020923401052402,2.410356782389708,0.0001959184,20.758426647186017,0.0714157909474949,2342.5287702378682,4.006746965601273
FTdiesel,SMR,BEC,grid,SMR_H_BEC_C_grid_E,France,1,2024,448.8985043479211,3620.302631681741,4069.2011360296615,3.733110051763038,15.95728405527506,0.040324629618712,2.600493718221309,2.693878e-05,29.93460098090079,0.1029848380170222,4117.693514784059,3.876446458178772
FTdiesel,SMR,BEC,grid,SMR_H_BEC_C_grid_E,Brazil,1,2024,408.89764752483904,3434.944544364073,3843.842191888912,3.771823843077754,68.70691010575452,0.1690072872145006,2.341785342389707,6.3061235e-05,32.995143599028594,0.1135141076730027,3947.8860309360853,4.054408299200258
FTdiesel,SMR,BEC,grid,SMR_H_BEC_C_grid_E,United Kingdom,1,2024,473.3434724064713,2898.4686393547454,3371.812111761217,3.8426897661623216,12.86735560697842,0.0327867523998833,2.890055888173955,0.000129183695,29.72650671536288,0.102268925543615,3417.2960299717324,3.97787462780082
FTdiesel,SMR,BEC,grid,SMR_H_BEC_C_grid_E,Spain,1,2024,413.3421871718482,2679.737877592702,3093.08006476455,3.800038979120684,21.30530921537091,0.0533711314049369,2.371891261926552,8.938776999999999e-05,25.59894363309946,0.0880687557901197,3142.3562088749472,3.9415682540857406
FTdiesel,SMR,BEC,grid,SMR_H_BEC_C_grid_E,Sweden,1,2024,488.8993611710032,5274.088166343848,5762.987527514851,3.727860724127144,22.479466319457497,0.056235486432672,2.7492758002216604,2.204082e-05,32.259462301835065,0.1109831229015014,5820.475731936364,3.8951013742813174
FTdiesel,SMR,BEC,grid,SMR_H_BEC_C_grid_E,Czech Republic,1,2024,404.4531078778299,2748.5032990424406,3152.95640692027,3.975891454923129,20.116912701968747,0.050472039353065,2.379638617852863,0.00025346943,23.3502251072855,0.0803324270755801,3198.8031833473774,4.106949390781774
FTdiesel,SMR,BEC,grid,SMR_H_BEC_C_grid_E,Japan,1,2024,480.01028187698495,2867.456503211035,3347.46678508802,4.020510739828227,9.189850389558206,0.0238154822671406,2.7830718849792215,0.0002951020899999,10.883317676785154,0.037442179661811,3370.3230250393426,4.082063503847179
FTdiesel,SMR,BEC,grid,SMR_H_BEC_C_grid_E,Belgium,1,2024,455.56531381843473,2302.74796942546,2758.3132832438946,3.7947896514847903,3.4085918579759573,0.009712108124158,2.681468930026576,8.448981e-05,30.5709421535067,0.1051740602026191,2794.974286185404,3.9097603096215674
FTdiesel,SMR,BEC,grid,SMR_H_BEC_C_grid_E,Poland,1,2024,411.1199173483436,3138.7126403841175,3549.8325577324613,4.107780811774962,11.190987172400249,0.0286972533565199,2.5279607796581307,0.000376530675,33.598398530039475,0.1155895023439644,3597.1499042145592,4.2524440981504465
FTdiesel,SMR,BEC,grid,SMR_H_BEC_C_grid_E,India,1,2024,393.3417587603071,1988.8536573766648,2382.1954161369717,4.168804245542229,29.28312225525748,0.0728329979742376,2.2544758515107515,0.0004334694599999,5.688980011316389,0.0195719557217851,2419.4219942550567,4.261642668698252
FTdiesel,SMR,BEC,grid,SMR_H_BEC_C_grid_E,Indonesia,1,2024,357.78544158423415,2994.702191821352,3352.487633405586,4.128121956364051,14.61998306903098,0.0370622852610349,2.0234244152159944,0.00039551027,4.181375475295838,0.0143853020217787,3373.312416365129,4.179965053916865
FTdiesel,SMR,BEC,grid,SMR_H_BEC_C_grid_E,South Korea,1,2024,417.7867268188573,2269.686087721718,2687.472814540576,3.975891454923129,7.475045488669049,0.0196322175044002,2.3830175864633967,0.00025346943,9.464485512890445,0.0325609320158088,2706.7953631285986,4.028338073873338
FTdiesel,SMR,BEC,grid,SMR_H_BEC_C_grid_E,China,1,2024,406.67537770133447,1964.9442204067088,2371.619598108043,4.071691684278192,78.01603497926587,0.1917168876099259,2.3068344201212856,0.0003428572,7.973956058968025,0.027433022194337,2459.9164235663984,4.291184451282454
FTdiesel,SMR,BEC,grid,SMR_H_BEC_C_grid_E,United Arab Emirates,1,2024,424.453536289371,395.85080978510103,820.304346074472,3.95555031033404,10.874670054831256,0.0279255980789476,2.4162376882686636,0.000234489835,12.32141811912569,0.042389716500573,845.9166719366978,4.02610011474856
FTdiesel,SMR,BEC,grid,SMR_H_BEC_C_grid_E,United States,1,2024,444.453964700912,1448.371846088527,1892.825810789439,3.9562064762885263,77.22609399097482,0.1897898273949423,2.549571468684465,0.00023510208,28.43951521566772,0.097841252991375,2001.040991464766,4.2440726587548445
FTdiesel,SMR,BEC,grid,SMR_H_BEC_C_grid_E,Turkey,1,2024,406.67537770133447,1234.9748072841044,1641.650184985439,4.012636748374386,10.108447857063252,0.026056399828645,2.3417323851212855,0.00028775515,20.04662805182993,0.0689669704975327,1674.1469932794535,4.107947873850564
FTdiesel,SMR,BEC,grid,SMR_H_BEC_C_grid_E,Australia,1,2024,455.56531381843473,1851.72562986735,2307.290943685785,4.066442356642298,78.5068587948625,0.1929142517948745,2.664326070026576,0.00033795924,6.391330393975021,0.0219882712235498,2394.853458944649,4.281682838900723
FTdiesel,SMR,BEC,grid,SMR_H_BEC_C_grid_E,Malaysia,1,2024,388.897219113298,1152.3591031298026,1541.2563222431006,4.100562986275608,15.393900646700336,0.0389502563825607,2.230492381973906,0.0003697959799999,0.0,0.0,1558.8807152717748,4.139883038638168
FTdiesel,SMR,BEC,grid,SMR_H_BEC_C_grid_E,Canada,1,2024,453.3430439949302,966.1829524494136,1419.525996444344,3.819067791800799,78.70135691476585,0.1933887297550139,2.5742730977581543,0.0001071428749999,26.62747568567551,0.0916072431378362,1527.4291021425436,4.1041709075686486
FTdiesel,SMR,BEC,grid,SMR_H_BEC_C_grid_E,Mexico,1,2024,391.11948893680255,834.9464492566015,1226.065938193404,4.048725875871156,47.276868212502755,0.1167287224228995,2.2936065742423297,0.000321428625,34.83072858538064,0.1198291216131102,1310.4671415655298,4.285605148532166
FTdiesel,SMR,BEC,grid,SMR_H_BEC_C_grid_E,Thailand,1,2024,395.5640285838117,1231.7097073448747,1627.2737359286864,4.067754688551272,11.625348230281595,0.0297568767030589,2.267998198779174,0.00033918373,2.9283584199813664,0.0100745126928526,1644.0954407777285,4.107925261677184
FTdiesel,SMR,BEC,grid,SMR_H_BEC_C_grid_E,Russia,1,2024,420.00899664236186,553.4884584307786,973.4974550731404,3.998857263330165,144.09922899779946,0.3529267703223689,2.379397073731819,0.000274898005,11.6666877799746,0.040137229555271,1131.6427689246461,4.392196161212805
FTdiesel,SMR,BEC,grid,SMR_H_BEC_C_grid_E,Saudi Arabia,1,2024,424.453536289371,366.3991299476576,790.8526662370286,4.066442356642298,26.23477902530103,0.0653965678520688,2.390523398268664,0.00033795924,13.677948919801173,0.0470566270387092,833.1559175803995,4.179233510773077
FTdiesel,SMRCCS,BEC,grid,SMRCCS_H_BEC_C_grid_E,South Africa,1,2024,589.1331816957545,824.4336110054952,1413.5667927012496,-0.6939944411734112,24.44615260753832,0.0610332155761023,2.3548013591949744,0.0004340817049999,18.019043431492967,0.0619914148913485,1458.3867900994758,-0.5705357290009605
FTdiesel,SMRCCS,BEC,grid,SMRCCS_H_BEC_C_grid_E,Taiwan,1,2024,579.6818472300471,1877.6989392534772,2457.3807864835244,-0.8063899567013614,6.501058897936567,0.0172561782346967,2.3668873873897067,0.0003893878199999,6.16439370608389,0.0212075346419098,2472.413126474935,-0.767536856004755
FTdiesel,SMRCCS,BEC,grid,SMRCCS_H_BEC_C_grid_E,Switzerland,1,2024,696.2483056404371,7068.301928648427,7764.550234288864,-1.7286490498690632,11.91598488169044,0.0304658845102847,2.8910917913213336,2.2653065e-05,23.802983629832372,0.081890064778353,7803.160294591708,-1.6162704475154255
FTdiesel,SMRCCS,BEC,grid,SMRCCS_H_BEC_C_grid_E,Singapore,1,2024,582.8322920519496,7526.864022848596,8109.696314900545,-1.017324006390802,1.0470112370668925,0.0039510346686898,2.4514301546581305,0.000305510255,0.0,0.0,8113.19475629227,-1.0130674614671122
FTdiesel,SMRCCS,BEC,grid,SMRCCS_H_BEC_C_grid_E,Hungary,1,2024,567.0800679424375,2930.6816155651873,3497.7616835076246,-1.5038580188131625,18.541511416877615,0.0466288495653053,2.336063308316018,0.0001120408349999,23.177945121447607,0.0797397274619654,3541.817203354266,-1.377377400950892
FTdiesel,SMRCCS,BEC,grid,SMRCCS_H_BEC_C_grid_E,Philippines,1,2024,563.9296231205351,1786.1267990812396,2350.0564222017747,-0.841802242415647,10.06971863492859,0.0259619199317423,2.293153201047596,0.0003753061849999,4.759250856001761,0.0163733827219021,2367.1785448937526,-0.7990916335770026
FTdiesel,SMRCCS,BEC,grid,SMRCCS_H_BEC_C_grid_E,Netherlands,1,2024,645.8411884899982,4905.209248022358,5551.050436512356,-1.396081497074032,5.099956915719565,0.0138381914140532,2.663713825026576,0.000154897985,30.632396011911936,0.1053854816161674,5589.446503265013,-1.2767029260588114
FTdiesel,SMRCCS,BEC,grid,SMRCCS_H_BEC_C_grid_E,Norway,1,2024,715.1509745718516,3605.959557329224,4321.110531901076,-1.7378870374467028,21.492878472425655,0.0538287064114019,2.867531979931867,1.8979595e-05,32.507170316182204,0.111835319653659,4377.978112669615,-1.572204031786642
FTdiesel,SMRCCS,BEC,grid,SMRCCS_H_BEC_C_grid_E,Oman,1,2024,601.7349609833642,693.1590158630204,1294.8939768463847,-0.9464994349622308,18.275013143264257,0.0459787273054728,2.471951983268664,0.000333673525,11.822324485673947,0.0406726708306091,1327.4632664585915,-0.8595143633011488
FTdiesel,SMRCCS,BEC,grid,SMRCCS_H_BEC_C_grid_E,Italy,1,2024,604.8854058052666,5751.207216064979,6356.092621870245,-1.3421932362044668,11.75089404467967,0.0300631455860138,2.6422090505370863,0.00017632656,23.3502251072855,0.0803324270755801,6393.835950072748,-1.2316213369828728
FTdiesel,SMRCCS,BEC,grid,SMRCCS_H_BEC_C_grid_E,Austria,1,2024,655.2925229557055,4744.395147008881,5399.687669964587,-1.6270311865150258,9.657120726756355,0.0249553877661634,2.7373420968318425,6.3061235e-05,23.3502251072855,0.0803324270755801,5435.432357895461,-1.5216803104382821
FTdiesel,SMRCCS,BEC,grid,SMRCCS_H_BEC_C_grid_E,Finland,1,2024,680.496081530925,4762.677809105506,5443.173890636431,-1.6747607889994978,18.609053110807498,0.0467936174570265,2.7347045299792216,4.408164e-05,34.67020385876978,0.1192768639438567,5499.187852135988,-1.5086462259586146
FTdiesel,SMRCCS,BEC,grid,SMRCCS_H_BEC_C_grid_E,Portugal,1,2024,573.3809575862423,4147.910311063191,4721.291268649434,-1.613174205148566,9.084205983650287,0.0235577628493887,2.330046772852863,6.857144e-05,26.541123516500846,0.0913101633751714,4759.2466449224385,-1.498237707484006
FTdiesel,SMRCCS,BEC,grid,SMRCCS_H_BEC_C_grid_E,Germany,1,2024,648.9916333119006,4460.592099164553,5109.583732476453,-1.2559720188131624,13.79894112311398,0.0350593542924417,2.708460667294999,0.00021061228,31.332519932422898,0.1077941373584526,5157.423654199285,-1.112907914882268
FTdiesel,SMRCCS,BEC,grid,SMRCCS_H_BEC_C_grid_E,Greece,1,2024,579.6818472300471,2569.455642408809,3149.137489638856,-1.2929239691237215,8.004327760205324,0.020923401052402,2.410356782389708,0.0001959184,20.758426647186017,0.0714157909474949,3180.310600828637,-1.2003888587238247
FTdiesel,SMRCCS,BEC,grid,SMRCCS_H_BEC_C_grid_E,France,1,2024,636.3898540242909,4730.251539369686,5366.641393393977,-1.71787139769515,15.95728405527506,0.040324629618712,2.600493718221309,2.693878e-05,29.93460098090079,0.1029848380170222,5415.133772148373,-1.5745349912794158
FTdiesel,SMRCCS,BEC,grid,SMRCCS_H_BEC_C_grid_E,Brazil,1,2024,579.6818472300471,4466.930649311987,5046.612496542034,-1.6270311865150258,68.70691010575452,0.1690072872145006,2.341785342389707,6.3061235e-05,32.995143599028594,0.1135141076730027,5150.656335589207,-1.3444467303925225
FTdiesel,SMRCCS,BEC,grid,SMRCCS_H_BEC_C_grid_E,United Kingdom,1,2024,671.0447470652176,3983.935153647045,4654.979900712262,-1.4607474101175102,12.86735560697842,0.0327867523998833,2.890055888173955,0.000129183695,29.72650671536288,0.102268925543615,4700.463818922777,-1.3255625484790121
FTdiesel,SMRCCS,BEC,grid,SMRCCS_H_BEC_C_grid_E,Spain,1,2024,585.9827368738521,3493.474703541339,4079.457440415191,-1.560825608875274,21.30530921537091,0.0533711314049369,2.371891261926552,8.938776999999999e-05,25.59894363309946,0.0880687557901197,4128.7335845255875,-1.4192963339102176
FTdiesel,SMRCCS,BEC,grid,SMRCCS_H_BEC_C_grid_E,Sweden,1,2024,693.0978608185347,6772.972018639678,7466.069879458213,-1.7301887144653365,22.479466319457497,0.056235486432672,2.7492758002216604,2.204082e-05,32.259462301835065,0.1109831229015014,7523.558083879727,-1.562948064311163
FTdiesel,SMRCCS,BEC,grid,SMRCCS_H_BEC_C_grid_E,Czech Republic,1,2024,573.3809575862423,3655.6689363272712,4229.049893913513,-1.148195497074032,20.116912701968747,0.050472039353065,2.379638617852863,0.00025346943,23.3502251072855,0.0803324270755801,4274.89667034062,-1.0171375612153868
FTdiesel,SMRCCS,BEC,grid,SMRCCS_H_BEC_C_grid_E,Japan,1,2024,680.496081530925,3780.140802302784,4460.636883833709,-1.0434983045274482,9.189850389558206,0.0238154822671406,2.7830718849792215,0.0002951020899999,10.883317676785154,0.037442179661811,4483.4931237850315,-0.9819455405084967
FTdiesel,SMRCCS,BEC,grid,SMRCCS_H_BEC_C_grid_E,Belgium,1,2024,645.8411884899982,3080.407238650402,3726.248427140401,-1.5731429256454603,3.4085918579759573,0.009712108124158,2.681468930026576,8.448981e-05,30.5709421535067,0.1051740602026191,3762.90943008191,-1.458172267508683
FTdiesel,SMRCCS,BEC,grid,SMRCCS_H_BEC_C_grid_E,Poland,1,2024,582.8322920519496,4284.165255279025,4866.997547330974,-0.8387229132231003,11.190987172400249,0.0286972533565199,2.5279607796581307,0.000376530675,33.598398530039475,0.1155895023439644,4914.314893813072,-0.6940596268476161
FTdiesel,SMRCCS,BEC,grid,SMRCCS_H_BEC_C_grid_E,India,1,2024,557.6287334767302,2609.156884611739,3166.785618088469,-0.6955341057696843,29.28312225525748,0.0728329979742376,2.2544758515107515,0.0004334694599999,5.688980011316389,0.0195719557217851,3204.012196206554,-0.6026956826136618
FTdiesel,SMRCCS,BEC,grid,SMRCCS_H_BEC_C_grid_E,Indonesia,1,2024,507.22161632629127,3864.02803771994,4371.249654046232,-0.7909933107386284,14.61998306903098,0.0370622852610349,2.0234244152159944,0.00039551027,4.181375475295838,0.0143853020217787,4392.074437005775,-0.7391502131858149
FTdiesel,SMRCCS,BEC,grid,SMRCCS_H_BEC_C_grid_E,South Korea,1,2024,592.2836265176569,2949.499520081155,3541.783146598812,-1.148195497074032,7.475045488669049,0.0196322175044002,2.3830175864633967,0.00025346943,9.464485512890445,0.0325609320158088,3561.1056951868345,-1.095748878123823
FTdiesel,SMRCCS,BEC,grid,SMRCCS_H_BEC_C_grid_E,China,1,2024,576.5314024081447,2552.7521857660818,3129.2835881742267,-0.9234044660181314,78.01603497926587,0.1917168876099259,2.3068344201212856,0.0003428572,7.973956058968025,0.027433022194337,3217.580413632582,-0.7039116990138685
FTdiesel,SMRCCS,BEC,grid,SMRCCS_H_BEC_C_grid_E,United Arab Emirates,1,2024,601.7349609833642,546.598377771095,1148.3333387544592,-1.1959250995585042,10.874670054831256,0.0279255980789476,2.4162376882686636,0.000234489835,12.32141811912569,0.042389716500573,1173.9456646166848,-1.1253752951439835
FTdiesel,SMRCCS,BEC,grid,SMRCCS_H_BEC_C_grid_E,United States,1,2024,630.0889643804861,1906.4983012141304,2536.587265594617,-1.1943854349622305,77.22609399097482,0.1897898273949423,2.549571468684465,0.00023510208,28.43951521566772,0.097841252991375,2644.8024462699436,-0.9065192524959131
FTdiesel,SMRCCS,BEC,grid,SMRCCS_H_BEC_C_grid_E,Turkey,1,2024,576.5314024081447,1652.6682065696702,2229.199608977815,-1.0619742796827276,10.108447857063252,0.026056399828645,2.3417323851212855,0.00028775515,20.04662805182993,0.0689669704975327,2261.6964172718294,-0.96666315420655
FTdiesel,SMRCCS,BEC,grid,SMRCCS_H_BEC_C_grid_E,Australia,1,2024,645.8411884899982,2487.1085860523613,3132.9497745423596,-0.9357217827883176,78.5068587948625,0.1929142517948745,2.664326070026576,0.00033795924,6.391330393975021,0.0219882712235498,3220.5122898012237,-0.7204813005298932
FTdiesel,SMRCCS,BEC,grid,SMRCCS_H_BEC_C_grid_E,Malaysia,1,2024,551.3278438329253,1533.101782355786,2084.429626188711,-0.8556592237821068,15.393900646700336,0.0389502563825607,2.230492381973906,0.0003697959799999,0.0,0.0,2102.0540192173853,-0.8163391714195463
FTdiesel,SMRCCS,BEC,grid,SMRCCS_H_BEC_C_grid_E,Canada,1,2024,642.6907436680957,1264.432260839188,1907.123004507284,-1.5161753355833487,78.70135691476585,0.1933887297550139,2.5742730977581543,0.0001071428749999,26.62747568567551,0.0916072431378362,2015.0261102054835,-1.2310722198154986
FTdiesel,SMRCCS,BEC,grid,SMRCCS_H_BEC_C_grid_E,Mexico,1,2024,554.4782886548277,1182.7363101541332,1737.214598808961,-0.9772927268876966,47.276868212502755,0.1167287224228995,2.2936065742423297,0.000321428625,34.83072858538064,0.1198291216131102,1821.6158021810868,-0.7404134542266869
FTdiesel,SMRCCS,BEC,grid,SMRCCS_H_BEC_C_grid_E,Thailand,1,2024,560.7791782986327,1637.153613706198,2197.932792004831,-0.9326424535957708,11.625348230281595,0.0297568767030589,2.267998198779174,0.00033918373,2.9283584199813664,0.0100745126928526,2214.754496853873,-0.8924718804698593
FTdiesel,SMRCCS,BEC,grid,SMRCCS_H_BEC_C_grid_E,Russia,1,2024,595.4340713395594,736.8432844867348,1332.2773558262943,-1.0943072362044666,144.09922899779946,0.3529267703223689,2.379397073731819,0.000274898005,11.6666877799746,0.040137229555271,1490.4226696778,-0.7009683383218267
FTdiesel,SMRCCS,BEC,grid,SMRCCS_H_BEC_C_grid_E,Saudi Arabia,1,2024,601.7349609833642,480.0397443818504,1081.774705365215,-0.9357217827883176,26.23477902530103,0.0653965678520688,2.390523398268664,0.00033795924,13.677948919801173,0.0470566270387092,1124.0779567085858,-0.8229306286575396
FTdiesel,BG,BG,grid,BG_H_C_grid_E,South Africa,1,2024,550.6624904,971.2882485026612,1521.9507389026612,-1.494216293122654,24.44615260753832,0.0610332155761023,2.3548013591949744,0.0004340817049999,18.019043431492967,0.0619914148913485,1566.7707363008874,-1.3707575809502033
FTdiesel,BG,BG,grid,BG_H_C_grid_E,Taiwan,1,2024,541.8283328,1082.1428055239076,1623.9711383239076,-1.557602193122654,6.501058897936567,0.0172561782346967,2.3668873873897067,0.0003893878199999,6.16439370608389,0.0212075346419098,1639.0034783153178,-1.5187490924260476
FTdiesel,BG,BG,grid,BG_H_C_grid_E,Switzerland,1,2024,650.7829432000001,1566.23777882614,2217.02072202614,-2.077713893122654,11.91598488169044,0.0304658845102847,2.8910917913213336,2.2653065e-05,23.802983629832372,0.081890064778353,2255.630782328984,-1.965335290769017
FTdiesel,BG,BG,grid,BG_H_C_grid_E,Singapore,1,2024,544.773052,1433.2415910479076,1978.0146430479076,-1.6765592931226545,1.0470112370668925,0.0039510346686898,2.4514301546581305,0.000305510255,0.0,0.0,1981.5130844396326,-1.6723027481989647
FTdiesel,BG,BG,grid,BG_H_C_grid_E,Hungary,1,2024,530.049456,1137.0750877279488,1667.1245437279488,-1.9509420931226544,18.541511416877615,0.0466288495653053,2.336063308316018,0.0001120408349999,23.177945121447607,0.0797397274619654,1711.1800635745901,-1.8244614752603838
FTdiesel,BG,BG,grid,BG_H_C_grid_E,Philippines,1,2024,527.1047368000001,1030.684616974866,1557.789353774866,-1.577573093122654,10.06971863492859,0.0259619199317423,2.293153201047596,0.0003753061849999,4.759250856001761,0.0163733827219021,1574.9114764668439,-1.5348624842840097
FTdiesel,BG,BG,grid,BG_H_C_grid_E,Netherlands,1,2024,603.667436,1344.789699640996,1948.457135640996,-1.890161093122654,5.099956915719565,0.0138381914140532,2.663713825026576,0.000154897985,30.632396011911936,0.1053854816161674,1986.853202393654,-1.7707825221074334
FTdiesel,BG,BG,grid,BG_H_C_grid_E,Norway,1,2024,668.4512583999999,1279.298688884942,1947.749947284942,-2.082923693122654,21.492878472425655,0.0538287064114019,2.867531979931867,1.8979595e-05,32.507170316182204,0.111835319653659,2004.6175280534817,-1.917240687462593
FTdiesel,BG,BG,grid,BG_H_C_grid_E,Oman,1,2024,562.4413672000001,1068.3867522025196,1630.8281194025196,-1.636617493122654,18.275013143264257,0.0459787273054728,2.471951983268664,0.000333673525,11.822324485673947,0.0406726708306091,1663.3974090147265,-1.5496324214615722
FTdiesel,BG,BG,grid,BG_H_C_grid_E,Italy,1,2024,565.3860864,1541.5814623946071,2106.9675487946074,-1.8597705931226545,11.75089404467967,0.0300631455860138,2.6422090505370863,0.00017632656,23.3502251072855,0.0803324270755801,2144.7108769971096,-1.7491986939010604
FTdiesel,BG,BG,grid,BG_H_C_grid_E,Austria,1,2024,612.5015936,1408.82726562812,2021.32885922812,-2.020406093122654,9.657120726756355,0.0249553877661634,2.7373420968318425,6.3061235e-05,23.3502251072855,0.0803324270755801,2057.0735471589937,-1.9150552170459103
FTdiesel,BG,BG,grid,BG_H_C_grid_E,Finland,1,2024,636.0593472,1275.0928859524545,1911.1522331524543,-2.047323393122654,18.609053110807498,0.0467936174570265,2.7347045299792216,4.408164e-05,34.67020385876978,0.1192768639438567,1967.1661946520107,-1.8812088300817709
FTdiesel,BG,BG,grid,BG_H_C_grid_E,Portugal,1,2024,535.9388944,1148.0260453204055,1683.9649397204057,-2.012591393122654,9.084205983650287,0.0235577628493887,2.330046772852863,6.857144e-05,26.541123516500846,0.0913101633751714,1721.9203159934098,-1.897654895458094
FTdiesel,BG,BG,grid,BG_H_C_grid_E,Germany,1,2024,606.6121552,1413.2371781585389,2019.8493333585384,-1.811145793122654,13.79894112311398,0.0350593542924417,2.708460667294999,0.00021061228,31.332519932422898,0.1077941373584526,2067.6892550813704,-1.6680816891917596
FTdiesel,BG,BG,grid,BG_H_C_grid_E,Greece,1,2024,541.8283328,1189.7565142101164,1731.5848470101164,-1.8319849931226535,8.004327760205324,0.020923401052402,2.410356782389708,0.0001959184,20.758426647186017,0.0714157909474949,1762.7579581998975,-1.7394498827227567
FTdiesel,BG,BG,grid,BG_H_C_grid_E,France,1,2024,594.8332784000002,1315.5466527251556,1910.3799311251555,-2.0716357931226543,15.95728405527506,0.040324629618712,2.600493718221309,2.693878e-05,29.93460098090079,0.1029848380170222,1958.8723098795526,-1.9282993867069202
FTdiesel,BG,BG,grid,BG_H_C_grid_E,Brazil,1,2024,541.8283328,1125.0805459338133,1666.9088787338133,-2.020406093122654,68.70691010575452,0.1690072872145006,2.341785342389707,6.3061235e-05,32.995143599028594,0.1135141076730027,1770.9527177809862,-1.7378216370001507
FTdiesel,BG,BG,grid,BG_H_C_grid_E,United Kingdom,1,2024,627.2251896,1462.7235865757016,2089.948776175702,-1.926629693122654,12.86735560697842,0.0327867523998833,2.890055888173955,0.000129183695,29.72650671536288,0.102268925543615,2135.4326943862175,-1.791444831484156
FTdiesel,BG,BG,grid,BG_H_C_grid_E,Spain,1,2024,547.7177712,1171.36166099886,1719.07943219886,-1.9830691931226545,21.30530921537091,0.0533711314049369,2.371891261926552,8.938776999999999e-05,25.59894363309946,0.0880687557901197,1768.355576309257,-1.841539918157598
FTdiesel,BG,BG,grid,BG_H_C_grid_E,Sweden,1,2024,647.838224,1305.6675677810426,1953.5057917810427,-2.078582193122654,22.479466319457497,0.056235486432672,2.7492758002216604,2.204082e-05,32.259462301835065,0.1109831229015014,2010.9939962025571,-1.9113415429684806
FTdiesel,BG,BG,grid,BG_H_C_grid_E,Czech Republic,1,2024,535.9388944,1202.2537583580822,1738.1926527580822,-1.7503647931226545,20.116912701968747,0.050472039353065,2.379638617852863,0.00025346943,23.3502251072855,0.0803324270755801,1784.0394291851892,-1.6193068572640092
FTdiesel,BG,BG,grid,BG_H_C_grid_E,Japan,1,2024,636.0593472,1249.898111935398,1885.957459135398,-1.691320393122654,9.189850389558206,0.0238154822671406,2.7830718849792215,0.0002951020899999,10.883317676785154,0.037442179661811,1908.8136990867204,-1.6297676291037024
FTdiesel,BG,BG,grid,BG_H_C_grid_E,Belgium,1,2024,603.667436,1364.1245082756288,1967.7919442756288,-1.9900155931226535,3.4085918579759573,0.009712108124158,2.681468930026576,8.448981e-05,30.5709421535067,0.1051740602026191,2004.452947217138,-1.8750449349858762
FTdiesel,BG,BG,grid,BG_H_C_grid_E,Poland,1,2024,544.773052,1357.6693269078507,1902.4423789078508,-1.575836493122654,11.190987172400249,0.0286972533565199,2.5279607796581307,0.000376530675,33.598398530039475,0.1155895023439644,1949.7597253899487,-1.4311732067471696
FTdiesel,BG,BG,grid,BG_H_C_grid_E,India,1,2024,521.2152984,1034.542610131622,1555.757908531622,-1.4950845931226544,29.28312225525748,0.0728329979742376,2.2544758515107515,0.0004334694599999,5.688980011316389,0.0195719557217851,1592.9844866497065,-1.4022461699666318
FTdiesel,BG,BG,grid,BG_H_C_grid_E,Indonesia,1,2024,474.0997912,1022.7504818407368,1496.8502730407367,-1.548919193122654,14.61998306903098,0.0370622852610349,2.0234244152159944,0.00039551027,4.181375475295838,0.0143853020217787,1517.6750560002795,-1.4970760955698403
FTdiesel,BG,BG,grid,BG_H_C_grid_E,South Korea,1,2024,553.6072096,1128.3201203018532,1681.9273299018532,-1.7503647931226545,7.475045488669049,0.0196322175044002,2.3830175864633967,0.00025346943,9.464485512890445,0.0325609320158088,1701.2498784898762,-1.6979181741724454
FTdiesel,BG,BG,grid,BG_H_C_grid_E,China,1,2024,538.8836136,1016.374678066308,1555.2582916663082,-1.6235929931226545,78.01603497926587,0.1917168876099259,2.3068344201212856,0.0003428572,7.973956058968025,0.027433022194337,1643.5551171246634,-1.4041002261183917
FTdiesel,BG,BG,grid,BG_H_C_grid_E,United Arab Emirates,1,2024,562.4413672000001,987.5341522025196,1549.9755194025197,-1.777282093122654,10.874670054831256,0.0279255980789476,2.4162376882686636,0.000234489835,12.32141811912569,0.042389716500573,1575.5878452647453,-1.7067322887081333
FTdiesel,BG,BG,grid,BG_H_C_grid_E,United States,1,2024,588.94384,1195.9028425465183,1784.8466825465184,-1.7764137931226545,77.22609399097482,0.1897898273949423,2.549571468684465,0.00023510208,28.43951521566772,0.097841252991375,1893.0618632218454,-1.4885476106563371
FTdiesel,BG,BG,grid,BG_H_C_grid_E,Turkey,1,2024,538.8836136,1042.824454371376,1581.7080679713758,-1.7017399931226542,10.108447857063252,0.026056399828645,2.3417323851212855,0.00028775515,20.04662805182993,0.0689669704975327,1614.2048762653903,-1.6064288676464766
FTdiesel,BG,BG,grid,BG_H_C_grid_E,Australia,1,2024,603.667436,1285.7032750265696,1889.3707110265696,-1.6305393931226542,78.5068587948625,0.1929142517948745,2.664326070026576,0.00033795924,6.391330393975021,0.0219882712235498,1976.9332262854336,-1.41529891086423
FTdiesel,BG,BG,grid,BG_H_C_grid_E,Malaysia,1,2024,515.32586,1008.0041929669064,1523.3300529669064,-1.585387793122654,15.393900646700336,0.0389502563825607,2.230492381973906,0.0003697959799999,0.0,0.0,1540.9544459955805,-1.5460677407600933
FTdiesel,BG,BG,grid,BG_H_C_grid_E,Canada,1,2024,600.7227168,1106.0772290180032,1706.7999458180032,-1.957888493122654,78.70135691476585,0.1933887297550139,2.5742730977581543,0.0001071428749999,26.62747568567551,0.0916072431378362,1814.7030515162028,-1.6727853773548038
FTdiesel,BG,BG,grid,BG_H_C_grid_E,Mexico,1,2024,518.2705791999999,1068.6239224511387,1586.8945016511386,-1.653983493122654,47.276868212502755,0.1167287224228995,2.2936065742423297,0.000321428625,34.83072858538064,0.1198291216131102,1671.2957050232644,-1.4171042204616444
FTdiesel,BG,BG,grid,BG_H_C_grid_E,Thailand,1,2024,524.1600176000001,1006.8718526608078,1531.031870260808,-1.628802793122654,11.625348230281595,0.0297568767030589,2.267998198779174,0.00033918373,2.9283584199813664,0.0100745126928526,1547.8535751098502,-1.5886322199967426
FTdiesel,BG,BG,grid,BG_H_C_grid_E,Russia,1,2024,556.5519288,956.9561668436908,1513.508095643691,-1.7199742931226545,144.09922899779946,0.3529267703223689,2.379397073731819,0.000274898005,11.6666877799746,0.040137229555271,1671.6534094951967,-1.3266353952400145
FTdiesel,BG,BG,grid,BG_H_C_grid_E,Saudi Arabia,1,2024,562.4413672000001,947.5763712271907,1510.0177384271908,-1.6305393931226542,26.23477902530103,0.0653965678520688,2.390523398268664,0.00033795924,13.677948919801173,0.0470566270387092,1552.3209897705617,-1.5177482389918764
FTdiesel,ATRCCS,DAC,grid,ATRCCS_H_DAC_C_grid_E,South Africa,1,2024,534.5250098309498,2007.354874014619,2541.8798838455687,2.0208143707805615,24.44615260753832,0.0610332155761023,2.3548013591949744,0.0004340817049999,18.019043431492967,0.0619914148913485,2586.699881243795,2.144273082953012
FTdiesel,ATRCCS,DAC,grid,ATRCCS_H_DAC_C_grid_E,Taiwan,1,2024,525.9497422935549,2980.8982922282053,3506.8480345217604,1.6071350588412925,6.501058897936567,0.0172561782346967,2.3668873873897067,0.0003893878199999,6.16439370608389,0.0212075346419098,3521.880374513171,1.645988159537899
FTdiesel,ATRCCS,DAC,grid,ATRCCS_H_DAC_C_grid_E,Switzerland,1,2024,631.7113752547588,7497.854001082822,8129.56537633758,-1.7873020350165407,11.91598488169044,0.0304658845102847,2.8910917913213336,2.2653065e-05,23.802983629832372,0.081890064778353,8168.175436640425,-1.674923432662903
FTdiesel,ATRCCS,DAC,grid,ATRCCS_H_DAC_C_grid_E,Singapore,1,2024,528.8081648060198,7896.920847002205,8425.729011808226,0.830777993968967,1.0470112370668925,0.0039510346686898,2.4514301546581305,0.000305510255,0.0,0.0,8429.227453199952,0.8350345388926569
FTdiesel,ATRCCS,DAC,grid,ATRCCS_H_DAC_C_grid_E,Hungary,1,2024,514.5160522436948,3897.801379132082,4412.317431375776,-0.959943411138004,18.541511416877615,0.0466288495653053,2.336063308316018,0.0001120408349999,23.177945121447607,0.0797397274619654,4456.372951222417,-0.8334627932757332
FTdiesel,ATRCCS,DAC,grid,ATRCCS_H_DAC_C_grid_E,Philippines,1,2024,511.65762973123,2882.913460685694,3394.571090416925,1.4767977413809743,10.06971863492859,0.0259619199317423,2.293153201047596,0.0003753061849999,4.759250856001761,0.0163733827219021,3411.693213108903,1.5195083502196185
FTdiesel,ATRCCS,DAC,grid,ATRCCS_H_DAC_C_grid_E,Netherlands,1,2024,585.9766150553191,5606.648616880025,6192.625231935344,-0.5632646188674724,5.099956915719565,0.0138381914140532,2.663713825026576,0.000154897985,30.632396011911936,0.1053854816161674,6231.0212986880015,-0.4438860478522518
FTdiesel,ATRCCS,DAC,grid,ATRCCS_H_DAC_C_grid_E,Norway,1,2024,648.8619103295486,4410.0100901731485,5058.872000502697,-1.8213030743540148,21.492878472425655,0.0538287064114019,2.867531979931867,1.8979595e-05,32.507170316182204,0.111835319653659,5115.739581271237,-1.655620068693954
FTdiesel,ATRCCS,DAC,grid,ATRCCS_H_DAC_C_grid_E,Oman,1,2024,545.9586998808096,1976.7942715856177,2522.7529714664274,1.0914526288896012,18.275013143264257,0.0459787273054728,2.471951983268664,0.000333673525,11.822324485673947,0.0406726708306091,2555.3222610786347,1.178437700550683
FTdiesel,ATRCCS,DAC,grid,ATRCCS_H_DAC_C_grid_E,Italy,1,2024,548.8171223932745,6510.803698721239,7059.620821114513,-0.3649252227322066,11.75089404467967,0.0300631455860138,2.6422090505370863,0.00017632656,23.3502251072855,0.0803324270755801,7097.364149317016,-0.25435332351061274
FTdiesel,ATRCCS,DAC,grid,ATRCCS_H_DAC_C_grid_E,Austria,1,2024,594.551882592714,5518.564911632388,6113.116794225102,-1.4132906023043252,9.657120726756355,0.0249553877661634,2.7373420968318425,6.3061235e-05,23.3502251072855,0.0803324270755801,6148.861482155976,-1.3079397262275816
FTdiesel,ATRCCS,DAC,grid,ATRCCS_H_DAC_C_grid_E,Finland,1,2024,617.419262692434,5402.085052642671,6019.504315335105,-1.588962638881275,18.609053110807498,0.0467936174570265,2.7347045299792216,4.408164e-05,34.67020385876978,0.1192768639438567,6075.518276834662,-1.4228480758403919
FTdiesel,ATRCCS,DAC,grid,ATRCCS_H_DAC_C_grid_E,Portugal,1,2024,520.2328972686249,4894.524408001898,5414.757305270523,-1.362289043298114,9.084205983650287,0.0235577628493887,2.330046772852863,6.857144e-05,26.541123516500846,0.0913101633751714,5452.712681543528,-1.2473525456335541
FTdiesel,ATRCCS,DAC,grid,ATRCCS_H_DAC_C_grid_E,Germany,1,2024,588.8350375677842,5261.588803490713,5850.423841058497,-0.0475821889157817,13.79894112311398,0.0350593542924417,2.708460667294999,0.00021061228,31.332519932422898,0.1077941373584526,5898.263762781328,0.09548191501511259
FTdiesel,ATRCCS,DAC,grid,ATRCCS_H_DAC_C_grid_E,Greece,1,2024,525.9497422935549,3621.2651747983223,4147.214917091877,-0.1835863462656776,8.004327760205324,0.020923401052402,2.410356782389708,0.0001959184,20.758426647186017,0.0714157909474949,4178.388028281658,-0.0910512358657807
FTdiesel,ATRCCS,DAC,grid,ATRCCS_H_DAC_C_grid_E,France,1,2024,577.4013475179243,5427.3216571676685,6004.723004685593,-1.7476341557894874,15.95728405527506,0.040324629618712,2.600493718221309,2.693878e-05,29.93460098090079,0.1029848380170222,6053.21538343999,-1.6042977493737531
FTdiesel,ATRCCS,DAC,grid,ATRCCS_H_DAC_C_grid_E,Brazil,1,2024,525.9497422935549,5159.310694248772,5685.260436542327,-1.4132906023043252,68.70691010575452,0.1690072872145006,2.341785342389707,6.3061235e-05,32.995143599028594,0.1135141076730027,5789.304275589499,-1.130706146181822
FTdiesel,ATRCCS,DAC,grid,ATRCCS_H_DAC_C_grid_E,United Kingdom,1,2024,608.8439951550389,4974.951856476533,5583.795851631572,-0.8012718942297907,12.86735560697842,0.0327867523998833,2.890055888173955,0.000129183695,29.72650671536288,0.102268925543615,5629.279769842087,-0.6660870325912924
FTdiesel,ATRCCS,DAC,grid,ATRCCS_H_DAC_C_grid_E,Spain,1,2024,531.6665873184847,4326.191144487271,4857.857731805756,-1.1696164870524275,21.30530921537091,0.0533711314049369,2.371891261926552,8.938776999999999e-05,25.59894363309946,0.0880687557901197,4907.133875916153,-1.028087212087371
FTdiesel,ATRCCS,DAC,grid,ATRCCS_H_DAC_C_grid_E,Sweden,1,2024,628.8529527422938,7079.255651646291,7708.108604388584,-1.7929688749061197,22.479466319457497,0.056235486432672,2.7492758002216604,2.204082e-05,32.259462301835065,0.1109831229015014,7765.596808810098,-1.6257282247519462
FTdiesel,ATRCCS,DAC,grid,ATRCCS_H_DAC_C_grid_E,Czech Republic,1,2024,520.2328972686249,4524.60565030268,5044.838547571305,0.3490966033547502,20.116912701968747,0.050472039353065,2.379638617852863,0.00025346943,23.3502251072855,0.0803324270755801,5090.685323998412,0.48015453921339524
FTdiesel,ATRCCS,DAC,grid,ATRCCS_H_DAC_C_grid_E,Japan,1,2024,617.419262692434,4635.84564192002,5253.264904612454,0.7344417158461237,9.189850389558206,0.0238154822671406,2.7830718849792215,0.0002951020899999,10.883317676785154,0.037442179661811,5276.121144563776,0.7959944798650752
FTdiesel,ATRCCS,DAC,grid,ATRCCS_H_DAC_C_grid_E,Belgium,1,2024,585.9766150553191,4069.5835905735144,4655.5602056288335,-1.2149512061690595,3.4085918579759573,0.009712108124158,2.681468930026576,8.448981e-05,30.5709421535067,0.1051740602026191,4692.221208570342,-1.0999805480322822
FTdiesel,ATRCCS,DAC,grid,ATRCCS_H_DAC_C_grid_E,Poland,1,2024,528.8081648060198,5211.417525876677,5740.225690682697,1.4881314211601326,11.190987172400249,0.0286972533565199,2.5279607796581307,0.000376530675,33.598398530039475,0.1155895023439644,5787.543037164794,1.632794707535617
FTdiesel,ATRCCS,DAC,grid,ATRCCS_H_DAC_C_grid_E,India,1,2024,505.9407847063,3573.009548271,4078.9503329773,2.015147530890981,29.28312225525748,0.0728329979742376,2.2544758515107515,0.0004334694599999,5.688980011316389,0.0195719557217851,4116.176911095385,2.107985954047004
FTdiesel,ATRCCS,DAC,grid,ATRCCS_H_DAC_C_grid_E,Indonesia,1,2024,460.2060245068605,4602.419307399511,5062.625331906372,1.6638034577370826,14.61998306903098,0.0370622852610349,2.0234244152159944,0.00039551027,4.181375475295838,0.0143853020217787,5083.450114865915,1.7156465552898963
FTdiesel,ATRCCS,DAC,grid,ATRCCS_H_DAC_C_grid_E,South Korea,1,2024,537.3834323434147,3858.197610681349,4395.581043024764,0.3490966033547502,7.475045488669049,0.0196322175044002,2.3830175864633967,0.00025346943,9.464485512890445,0.0325609320158088,4414.903591612787,0.40154322230495915
FTdiesel,ATRCCS,DAC,grid,ATRCCS_H_DAC_C_grid_E,China,1,2024,523.0913197810899,3497.124795867536,4020.2161156486263,1.1764552272332875,78.01603497926587,0.1917168876099259,2.3068344201212856,0.0003428572,7.973956058968025,0.027433022194337,4108.512941106981,1.3959479942375506
FTdiesel,ATRCCS,DAC,grid,ATRCCS_H_DAC_C_grid_E,United Arab Emirates,1,2024,545.9586998808096,1786.0808097073568,2332.0395095881663,0.1734245667778003,10.874670054831256,0.0279255980789476,2.4162376882686636,0.000234489835,12.32141811912569,0.042389716500573,2357.651835450392,0.24397437119232088
FTdiesel,ATRCCS,DAC,grid,ATRCCS_H_DAC_C_grid_E,United States,1,2024,571.6845024929944,2979.548259543794,3551.232762036788,0.1790914066673795,77.22609399097482,0.1897898273949423,2.549571468684465,0.00023510208,28.43951521566772,0.097841252991375,3659.4479427121146,0.4669575891336968
FTdiesel,ATRCCS,DAC,grid,ATRCCS_H_DAC_C_grid_E,Turkey,1,2024,523.0913197810899,2769.766498699664,3292.857818480754,0.666439637171175,10.108447857063252,0.026056399828645,2.3417323851212855,0.00028775515,20.04662805182993,0.0689669704975327,3325.3546267747683,0.7617507626473528
FTdiesel,ATRCCS,DAC,grid,ATRCCS_H_DAC_C_grid_E,Australia,1,2024,585.9766150553191,3535.8023062153156,4121.778921270635,1.1311205081166555,78.5068587948625,0.1929142517948745,2.664326070026576,0.00033795924,6.391330393975021,0.0219882712235498,4209.341436529499,1.3463609903750797
FTdiesel,ATRCCS,DAC,grid,ATRCCS_H_DAC_C_grid_E,Malaysia,1,2024,500.2239396813701,2653.425709893547,3153.649649574917,1.4257961823747634,15.393900646700336,0.0389502563825607,2.230492381973906,0.0003697959799999,0.0,0.0,3171.274042603591,1.465116234737324
FTdiesel,ATRCCS,DAC,grid,ATRCCS_H_DAC_C_grid_E,Canada,1,2024,583.1181925428542,2397.769480789584,2980.887673332438,-1.0052781302546356,78.70135691476585,0.1933887297550139,2.5742730977581543,0.0001071428749999,26.62747568567551,0.0916072431378362,3088.7907790306376,-0.7201750144867857
FTdiesel,ATRCCS,DAC,grid,ATRCCS_H_DAC_C_grid_E,Mexico,1,2024,503.0823621938351,2413.8010002484607,2916.883362442296,0.9781158310980208,47.276868212502755,0.1167287224228995,2.2936065742423297,0.000321428625,34.83072858538064,0.1198291216131102,3001.284565814422,1.2149951037590305
FTdiesel,ATRCCS,DAC,grid,ATRCCS_H_DAC_C_grid_E,Thailand,1,2024,508.79920721876505,2740.824653287064,3249.623860505829,1.1424541878958132,11.625348230281595,0.0297568767030589,2.267998198779174,0.00033918373,2.9283584199813664,0.0100745126928526,3266.445565354871,1.1826247610217246
FTdiesel,ATRCCS,DAC,grid,ATRCCS_H_DAC_C_grid_E,Russia,1,2024,540.2418548558798,1941.0455304215764,2481.287385277456,0.5474359994900155,144.09922899779946,0.3529267703223689,2.379397073731819,0.000274898005,11.6666877799746,0.040137229555271,2639.4326991289618,0.9407748973726554
FTdiesel,ATRCCS,DAC,grid,ATRCCS_H_DAC_C_grid_E,Saudi Arabia,1,2024,545.9586998808096,1696.9934806659385,2242.952180546748,1.1311205081166555,26.23477902530103,0.0653965678520688,2.390523398268664,0.00033795924,13.677948919801173,0.0470566270387092,2285.255431890119,1.2439116622474333
FTdiesel,BG,DAC,grid,BG_H_DAC_C_grid_E,South Africa,1,2024,550.6624904,2331.2882485026603,2881.9507389026603,1.0920890996958157,24.44615260753832,0.0610332155761023,2.3548013591949744,0.0004340817049999,18.019043431492967,0.0619914148913485,2926.7707363008867,1.2155478118682663
FTdiesel,BG,DAC,grid,BG_H_DAC_C_grid_E,Taiwan,1,2024,541.8283328,2442.142805523907,2983.9711383239073,0.7665764219180381,6.501058897936567,0.0172561782346967,2.3668873873897067,0.0003893878199999,6.16439370608389,0.0212075346419098,2999.003478315318,0.8054295226146445
FTdiesel,BG,DAC,grid,BG_H_DAC_C_grid_E,Switzerland,1,2024,650.7829432000001,2926.2377788261406,3577.020722026141,-1.904411166970851,11.91598488169044,0.0304658845102847,2.8910917913213336,2.2653065e-05,23.802983629832372,0.081890064778353,3615.630782328985,-1.7920325646172133
FTdiesel,BG,DAC,grid,BG_H_DAC_C_grid_E,Singapore,1,2024,544.773052,2793.2415910479076,3338.0146430479076,0.155682766362482,1.0470112370668925,0.0039510346686898,2.4514301546581305,0.000305510255,0.0,0.0,3341.5130844396326,0.15993931128617178
FTdiesel,BG,DAC,grid,BG_H_DAC_C_grid_E,Hungary,1,2024,530.049456,2497.075087727949,3027.1245437279485,-1.2533858114152954,18.541511416877615,0.0466288495653053,2.336063308316018,0.0001120408349999,23.177945121447607,0.0797397274619654,3071.18006357459,-1.1269051935530248
FTdiesel,BG,DAC,grid,BG_H_DAC_C_grid_E,Philippines,1,2024,527.1047368000001,2390.6846169748665,2917.7893537748664,0.664017633029149,10.06971863492859,0.0259619199317423,2.293153201047596,0.0003753061849999,4.759250856001761,0.0163733827219021,2934.9114764668443,0.7067282418677934
FTdiesel,BG,DAC,grid,BG_H_DAC_C_grid_E,Netherlands,1,2024,603.667436,2704.789699640996,3308.457135640996,-0.941250366970851,5.099956915719565,0.0138381914140532,2.663713825026576,0.000154897985,30.632396011911936,0.1053854816161674,3346.8532023936546,-0.8218717959556303
FTdiesel,BG,DAC,grid,BG_H_DAC_C_grid_E,Norway,1,2024,668.4512583999999,2639.298688884942,3307.7499472849418,-1.9311656336375176,21.492878472425655,0.0538287064114019,2.867531979931867,1.8979595e-05,32.507170316182204,0.111835319653659,3364.6175280534812,-1.7654826279774567
FTdiesel,BG,DAC,grid,BG_H_DAC_C_grid_E,Oman,1,2024,562.4413672000001,2428.3867522025193,2990.8281194025194,0.3608003441402597,18.275013143264257,0.0459787273054728,2.471951983268664,0.000333673525,11.822324485673947,0.0406726708306091,3023.3974090147267,0.4477854158013416
FTdiesel,BG,DAC,grid,BG_H_DAC_C_grid_E,Italy,1,2024,565.3860864,2901.581462394607,3466.967548794607,-0.7851826447486288,11.75089404467967,0.0300631455860138,2.6422090505370863,0.00017632656,23.3502251072855,0.0803324270755801,3504.710876997109,-0.6746107455270349
FTdiesel,BG,DAC,grid,BG_H_DAC_C_grid_E,Austria,1,2024,612.5015936,2768.8272656281197,3381.3288592281197,-1.6101120336375174,9.657120726756355,0.0249553877661634,2.7373420968318425,6.3061235e-05,23.3502251072855,0.0803324270755801,3417.0735471589933,-1.5047611575607738
FTdiesel,BG,DAC,grid,BG_H_DAC_C_grid_E,Finland,1,2024,636.0593472,2635.0928859524543,3271.1522331524543,-1.7483434447486288,18.609053110807498,0.0467936174570265,2.7347045299792216,4.408164e-05,34.67020385876978,0.1192768639438567,3327.1661946520107,-1.5822288817077457
FTdiesel,BG,DAC,grid,BG_H_DAC_C_grid_E,Portugal,1,2024,535.9388944,2508.026045320406,3043.9649397204057,-1.569980333637517,9.084205983650287,0.0235577628493887,2.330046772852863,6.857144e-05,26.541123516500846,0.0913101633751714,3081.9203159934095,-1.4550438359729572
FTdiesel,BG,DAC,grid,BG_H_DAC_C_grid_E,Germany,1,2024,606.6121552,2773.2371781585384,3379.8493333585384,-0.535474289193073,13.79894112311398,0.0350593542924417,2.708460667294999,0.00021061228,31.332519932422898,0.1077941373584526,3427.6892550813704,-0.3924101852621788
FTdiesel,BG,DAC,grid,BG_H_DAC_C_grid_E,Greece,1,2024,541.8283328,2549.7565142101166,3091.5848470101164,-0.6424921558597397,8.004327760205324,0.020923401052402,2.410356782389708,0.0001959184,20.758426647186017,0.0714157909474949,3122.757958199897,-0.5499570454598428
FTdiesel,BG,DAC,grid,BG_H_DAC_C_grid_E,France,1,2024,594.8332784000002,2675.5466527251556,3270.379931125156,-1.8731976225264064,15.95728405527506,0.040324629618712,2.600493718221309,2.693878e-05,29.93460098090079,0.1029848380170222,3318.8723098795535,-1.7298612161106721
FTdiesel,BG,DAC,grid,BG_H_DAC_C_grid_E,Brazil,1,2024,541.8283328,2485.080545933813,3026.9088787338133,-1.6101120336375174,68.70691010575452,0.1690072872145006,2.341785342389707,6.3061235e-05,32.995143599028594,0.1135141076730027,3130.9527177809864,-1.3275275775150142
FTdiesel,BG,DAC,grid,BG_H_DAC_C_grid_E,United Kingdom,1,2024,627.2251896,2822.7235865757016,3449.948776175702,-1.1285316336375175,12.86735560697842,0.0327867523998833,2.890055888173955,0.000129183695,29.72650671536288,0.102268925543615,3495.4326943862175,-0.9933467719990193
FTdiesel,BG,DAC,grid,BG_H_DAC_C_grid_E,Spain,1,2024,547.7177712,2531.3616609988603,3079.079432198861,-1.418371689193073,21.30530921537091,0.0533711314049369,2.371891261926552,8.938776999999999e-05,25.59894363309946,0.0880687557901197,3128.355576309258,-1.2768424142280166
FTdiesel,BG,DAC,grid,BG_H_DAC_C_grid_E,Sweden,1,2024,647.838224,2665.667567781042,3313.5057917810427,-1.9088702447486288,22.479466319457497,0.056235486432672,2.7492758002216604,2.204082e-05,32.259462301835065,0.1109831229015014,3370.993996202557,-1.7416295945944553
FTdiesel,BG,DAC,grid,BG_H_DAC_C_grid_E,Czech Republic,1,2024,535.9388944,2562.253758358082,3098.1926527580817,-0.2233388447486287,20.116912701968747,0.050472039353065,2.379638617852863,0.00025346943,23.3502251072855,0.0803324270755801,3144.039429185189,-0.09228090888998362
FTdiesel,BG,DAC,grid,BG_H_DAC_C_grid_E,Japan,1,2024,636.0593472,2609.8981119353975,3245.9574591353976,0.0798784441402605,9.189850389558206,0.0238154822671406,2.7830718849792215,0.0002951020899999,10.883317676785154,0.037442179661811,3268.81369908672,0.141431208159212
FTdiesel,BG,DAC,grid,BG_H_DAC_C_grid_E,Belgium,1,2024,603.667436,2724.124508275629,3327.7919442756292,-1.454044311415295,3.4085918579759573,0.009712108124158,2.681468930026576,8.448981e-05,30.5709421535067,0.1051740602026191,3364.4529472171384,-1.339073653278518
FTdiesel,BG,DAC,grid,BG_H_DAC_C_grid_E,Poland,1,2024,544.773052,2717.669326907851,3262.442378907851,0.6729357885847042,11.190987172400249,0.0286972533565199,2.5279607796581307,0.000376530675,33.598398530039475,0.1155895023439644,3309.759725389949,0.8175990749601884
FTdiesel,BG,DAC,grid,BG_H_DAC_C_grid_E,India,1,2024,521.2152984,2394.542610131622,2915.757908531622,1.0876300219180377,29.28312225525748,0.0728329979742376,2.2544758515107515,0.0004334694599999,5.688980011316389,0.0195719557217851,2952.984486649707,1.1804684450740603
FTdiesel,BG,DAC,grid,BG_H_DAC_C_grid_E,Indonesia,1,2024,474.0997912,2382.7504818407374,2856.850273040737,0.8111671996958156,14.61998306903098,0.0370622852610349,2.0234244152159944,0.00039551027,4.181375475295838,0.0143853020217787,2877.67505600028,0.8630102972486292
FTdiesel,BG,DAC,grid,BG_H_DAC_C_grid_E,South Korea,1,2024,553.6072096,2488.3201203018534,3041.927329901853,-0.2233388447486287,7.475045488669049,0.0196322175044002,2.3830175864633967,0.00025346943,9.464485512890445,0.0325609320158088,3061.2498784898758,-0.17089222579841973
FTdiesel,BG,DAC,grid,BG_H_DAC_C_grid_E,China,1,2024,538.8836136,2376.374678066308,2915.2582916663077,0.4276865108069264,78.01603497926587,0.1917168876099259,2.3068344201212856,0.0003428572,7.973956058968025,0.027433022194337,3003.555117124663,0.6471792778111893
FTdiesel,BG,DAC,grid,BG_H_DAC_C_grid_E,United Arab Emirates,1,2024,562.4413672000001,2347.5341522025196,2909.9755194025197,-0.3615702558597401,10.874670054831256,0.0279255980789476,2.4162376882686636,0.000234489835,12.32141811912569,0.042389716500573,2935.5878452647453,-0.2910204514452195
FTdiesel,BG,DAC,grid,BG_H_DAC_C_grid_E,United States,1,2024,588.94384,2555.9028425465185,3144.8466825465184,-0.3571111780819621,77.22609399097482,0.1897898273949423,2.549571468684465,0.00023510208,28.43951521566772,0.097841252991375,3253.061863221845,-0.06924499561564479
FTdiesel,BG,DAC,grid,BG_H_DAC_C_grid_E,Turkey,1,2024,538.8836136,2402.8244543713754,2941.7080679713754,0.0263695108069269,10.108447857063252,0.026056399828645,2.3417323851212855,0.00028775515,20.04662805182993,0.0689669704975327,2974.20487626539,0.1216806362831046
FTdiesel,BG,DAC,grid,BG_H_DAC_C_grid_E,Australia,1,2024,603.667436,2645.70327502657,3249.3707110265696,0.392013888584705,78.5068587948625,0.1929142517948745,2.664326070026576,0.00033795924,6.391330393975021,0.0219882712235498,3336.9332262854336,0.6072543708431294
FTdiesel,BG,DAC,grid,BG_H_DAC_C_grid_E,Malaysia,1,2024,515.32586,2368.0041929669064,2883.3300529669064,0.6238859330291486,15.393900646700336,0.0389502563825607,2.230492381973906,0.0003697959799999,0.0,0.0,2900.9544459955805,0.6632059853917092
FTdiesel,BG,DAC,grid,BG_H_DAC_C_grid_E,Canada,1,2024,600.7227168,2466.077229018003,3066.799945818003,-1.2890584336375177,78.70135691476585,0.1933887297550139,2.5742730977581543,0.0001071428749999,26.62747568567551,0.0916072431378362,3174.7030515162023,-1.0039553178696676
FTdiesel,BG,DAC,grid,BG_H_DAC_C_grid_E,Mexico,1,2024,518.2705791999999,2428.6239224511382,2946.894501651138,0.2716187885847047,47.276868212502755,0.1167287224228995,2.2936065742423297,0.000321428625,34.83072858538064,0.1198291216131102,3031.295705023264,0.5084980612457144
FTdiesel,BG,DAC,grid,BG_H_DAC_C_grid_E,Thailand,1,2024,524.1600176000001,2366.871852660808,2891.0318702608083,0.4009320441402601,11.625348230281595,0.0297568767030589,2.267998198779174,0.00033918373,2.9283584199813664,0.0100745126928526,2907.8535751098507,0.4411026172661716
FTdiesel,BG,DAC,grid,BG_H_DAC_C_grid_E,Russia,1,2024,556.5519288,2316.956166843691,2873.508095643691,-0.0672711225264064,144.09922899779946,0.3529267703223689,2.379397073731819,0.000274898005,11.6666877799746,0.040137229555271,3031.6534094951967,0.32606777535623355
FTdiesel,BG,DAC,grid,BG_H_DAC_C_grid_E,Saudi Arabia,1,2024,562.4413672000001,2307.576371227191,2870.017738427191,0.392013888584705,26.23477902530103,0.0653965678520688,2.390523398268664,0.00033795924,13.677948919801173,0.0470566270387092,2912.320989770562,0.504805042715483
FTdiesel,LTE,DAC,grid,LTE_H_DAC_C_grid_E,South Africa,1,2024,634.02504275,4368.838924884493,5002.863967634494,22.893873407193755,24.44615260753832,0.0610332155761023,2.3548013591949744,0.0004340817049999,18.019043431492967,0.0619914148913485,5047.68396503272,23.017332119366205
FTdiesel,LTE,DAC,grid,LTE_H_DAC_C_grid_E,Taiwan,1,2024,623.853518,6981.207821692691,7605.061339692691,20.24829108720488,6.501058897936567,0.0172561782346967,2.3668873873897067,0.0003893878199999,6.16439370608389,0.0212075346419098,7620.093679684101,20.287144187901486
FTdiesel,LTE,DAC,grid,LTE_H_DAC_C_grid_E,Switzerland,1,2024,749.30232325,10860.845080791718,11610.147404041718,-1.4599802781833129,11.91598488169044,0.0304658845102847,2.8910917913213336,2.2653065e-05,23.802983629832372,0.081890064778353,11648.757464344562,-1.3476016758296752
FTdiesel,LTE,DAC,grid,LTE_H_DAC_C_grid_E,Singapore,1,2024,627.24402625,10898.05304165774,11525.29706790774,15.283294130513422,1.0470112370668925,0.0039510346686898,2.4514301546581305,0.000305510255,0.0,0.0,11528.795509299467,15.287550675437112
FTdiesel,LTE,DAC,grid,LTE_H_DAC_C_grid_E,Hungary,1,2024,610.2914850000001,7962.826935104113,8573.118420104112,3.8311843617944423,18.541511416877615,0.0466288495653053,2.336063308316018,0.0001120408349999,23.177945121447607,0.0797397274619654,8617.173939950753,3.957664979656713
FTdiesel,LTE,DAC,grid,LTE_H_DAC_C_grid_E,Philippines,1,2024,606.90097675,6305.492690505436,6912.393667255436,19.41475145213989,10.06971863492859,0.0259619199317423,2.293153201047596,0.0003753061849999,4.759250856001761,0.0163733827219021,6929.515789947415,19.457462060978532
FTdiesel,LTE,DAC,grid,LTE_H_DAC_C_grid_E,Netherlands,1,2024,695.0541912499999,9140.159989384088,9835.214180634088,6.368044120687887,5.099956915719565,0.0138381914140532,2.663713825026576,0.000154897985,30.632396011911936,0.1053854816161674,9873.610247386745,6.487422691703108
FTdiesel,LTE,DAC,grid,LTE_H_DAC_C_grid_E,Norway,1,2024,769.64537275,5636.8321149917665,6406.477487741767,-1.677425400374179,21.492878472425655,0.0538287064114019,2.867531979931867,1.8979595e-05,32.507170316182204,0.111835319653659,6463.345068510306,-1.5117423947141182
FTdiesel,LTE,DAC,grid,LTE_H_DAC_C_grid_E,Oman,1,2024,647.5870757499999,8003.421580841058,8651.008656591059,16.950373400643404,18.275013143264257,0.0459787273054728,2.471951983268664,0.000333673525,11.822324485673947,0.0406726708306091,8683.577946203266,17.037358472304486
FTdiesel,LTE,DAC,grid,LTE_H_DAC_C_grid_E,Italy,1,2024,650.9775840000001,16499.23183044497,17150.20941444497,7.636474000134608,11.75089404467967,0.0300631455860138,2.6422090505370863,0.00017632656,23.3502251072855,0.0803324270755801,17187.95274264747,7.747045899356202
FTdiesel,LTE,DAC,grid,LTE_H_DAC_C_grid_E,Austria,1,2024,705.2257159999999,11112.414931725463,11817.640647725464,0.931916065916221,9.657120726756355,0.0249553877661634,2.7373420968318425,6.3061235e-05,23.3502251072855,0.0803324270755801,11853.38533565634,1.0372669419929645
FTdiesel,LTE,DAC,grid,LTE_H_DAC_C_grid_E,Finland,1,2024,732.349782,5731.57879391346,6463.92857591346,-0.1915503987365902,18.609053110807498,0.0467936174570265,2.7347045299792216,4.408164e-05,34.67020385876978,0.1192768639438567,6519.942537413017,-0.025435835695706982
FTdiesel,LTE,DAC,grid,LTE_H_DAC_C_grid_E,Portugal,1,2024,617.0725015,6345.901490234855,6962.973991734855,1.258083749202521,9.084205983650287,0.0235577628493887,2.330046772852863,6.857144e-05,26.541123516500846,0.0913101633751714,7000.92936800786,1.373020246867081
FTdiesel,LTE,DAC,grid,LTE_H_DAC_C_grid_E,Germany,1,2024,698.4446995,10905.660989417946,11604.105688917944,9.665961807249364,13.79894112311398,0.0350593542924417,2.708460667294999,0.00021061228,31.332519932422898,0.1077941373584526,11651.945610640774,9.809025911180257
FTdiesel,LTE,DAC,grid,LTE_H_DAC_C_grid_E,Greece,1,2024,623.853518,9325.195095279394,9949.048613279394,8.796181318485898,8.004327760205324,0.020923401052402,2.410356782389708,0.0001959184,20.758426647186017,0.0714157909474949,9980.221724469175,8.888716428885793
FTdiesel,LTE,DAC,grid,LTE_H_DAC_C_grid_E,France,1,2024,684.8826665,7742.991442584173,8427.874109084172,-1.2062943022939685,15.95728405527506,0.040324629618712,2.600493718221309,2.693878e-05,29.93460098090079,0.1029848380170222,8476.36648783857,-1.0629578958782342
FTdiesel,LTE,DAC,grid,LTE_H_DAC_C_grid_E,Brazil,1,2024,623.853518,5641.869275837447,6265.722793837447,0.931916065916221,68.70691010575452,0.1690072872145006,2.341785342389707,6.3061235e-05,32.995143599028594,0.1135141076730027,6369.76663288462,1.2145005220387244
FTdiesel,LTE,DAC,grid,LTE_H_DAC_C_grid_E,United Kingdom,1,2024,722.17825725,15947.1476292999,16669.3258865499,4.84592826535182,12.86735560697842,0.0327867523998833,2.890055888173955,0.000129183695,29.72650671536288,0.102268925543615,16714.809804760414,4.981113126990318
FTdiesel,LTE,DAC,grid,LTE_H_DAC_C_grid_E,Spain,1,2024,630.6345345,5997.067305804197,6627.701840304197,2.490272774950764,21.30530921537091,0.0533711314049369,2.371891261926552,8.938776999999999e-05,25.59894363309946,0.0880687557901197,6676.977984414593,2.631802049915821
FTdiesel,LTE,DAC,grid,LTE_H_DAC_C_grid_E,Sweden,1,2024,745.9118150000002,3895.637791978933,4641.549606978932,-1.4962211318817904,22.479466319457497,0.056235486432672,2.7492758002216604,2.204082e-05,32.259462301835065,0.1109831229015014,4699.037811400446,-1.328980481727617
FTdiesel,LTE,DAC,grid,LTE_H_DAC_C_grid_E,Czech Republic,1,2024,617.0725015,9001.076309837135,9618.148811337136,12.202821566142813,20.116912701968747,0.050472039353065,2.379638617852863,0.00025346943,23.3502251072855,0.0803324270755801,9663.995587764244,12.333879502001459
FTdiesel,LTE,DAC,grid,LTE_H_DAC_C_grid_E,Japan,1,2024,732.349782,8253.443050015912,8985.792832015912,14.667199617639302,9.189850389558206,0.0238154822671406,2.7830718849792215,0.0002951020899999,10.883317676785154,0.037442179661811,9008.649071967237,14.728752381658254
FTdiesel,LTE,DAC,grid,LTE_H_DAC_C_grid_E,Belgium,1,2024,695.0541912499999,10128.426289503312,10823.480480753313,2.200345945362944,3.4085918579759573,0.009712108124158,2.681468930026576,8.448981e-05,30.5709421535067,0.1051740602026191,10860.141483694822,2.315316603499721
FTdiesel,LTE,DAC,grid,LTE_H_DAC_C_grid_E,Poland,1,2024,627.24402625,14924.436339620974,15551.680365870974,19.48723315953684,11.190987172400249,0.0286972533565199,2.5279607796581307,0.000376530675,33.598398530039475,0.1155895023439644,15598.997712353072,19.63189644591232
FTdiesel,LTE,DAC,grid,LTE_H_DAC_C_grid_E,India,1,2024,600.1199602500001,5548.985027236939,6149.104987486939,22.85763255349528,29.28312225525748,0.0728329979742376,2.2544758515107515,0.0004334694599999,5.688980011316389,0.0195719557217851,6186.331565605024,22.9504709766513
FTdiesel,LTE,DAC,grid,LTE_H_DAC_C_grid_E,Indonesia,1,2024,545.8718282499999,3715.866801670129,4261.738629920129,20.610699624189657,14.61998306903098,0.0370622852610349,2.0234244152159944,0.00039551027,4.181375475295838,0.0143853020217787,4282.563412879672,20.66254272174247
FTdiesel,LTE,DAC,grid,LTE_H_DAC_C_grid_E,South Korea,1,2024,637.415551,5262.29091217666,5899.70646317666,12.202821566142813,7.475045488669049,0.0196322175044002,2.3830175864633967,0.00025346943,9.464485512890445,0.0325609320158088,5919.029011764683,12.255268185093021
FTdiesel,LTE,DAC,grid,LTE_H_DAC_C_grid_E,China,1,2024,620.46300975,4417.300930280116,5037.763940030116,17.493986206120567,78.01603497926587,0.1917168876099259,2.3068344201212856,0.0003428572,7.973956058968025,0.027433022194337,5126.060765488471,17.71347897312483
FTdiesel,LTE,DAC,grid,LTE_H_DAC_C_grid_E,United Arab Emirates,1,2024,647.5870757499999,5028.181144139358,5675.768219889358,11.07935510149,10.874670054831256,0.0279255980789476,2.4162376882686636,0.000234489835,12.32141811912569,0.042389716500573,5701.380545751584,11.14990490590452
FTdiesel,LTE,DAC,grid,LTE_H_DAC_C_grid_E,United States,1,2024,678.10165,6342.9610556552425,7021.062705655242,11.115595955188477,77.22609399097482,0.1897898273949423,2.549571468684465,0.00023510208,28.43951521566772,0.097841252991375,7129.277886330569,11.403462137654794
FTdiesel,LTE,DAC,grid,LTE_H_DAC_C_grid_E,Turkey,1,2024,620.46300975,6285.554461077018,6906.017470827018,14.232309373257564,10.108447857063252,0.026056399828645,2.3417323851212855,0.00028775515,20.04662805182993,0.0689669704975327,6938.514279121032,14.327620498733742
FTdiesel,LTE,DAC,grid,LTE_H_DAC_C_grid_E,Australia,1,2024,695.0541912499999,9188.735271079286,9883.789462329283,17.204059376532747,78.5068587948625,0.1929142517948745,2.664326070026576,0.00033795924,6.391330393975021,0.0219882712235498,9971.351977588147,17.41929985879117
FTdiesel,LTE,DAC,grid,LTE_H_DAC_C_grid_E,Malaysia,1,2024,593.3389437500001,5586.8788275453635,6180.2177712953635,19.08858376885359,15.393900646700336,0.0389502563825607,2.230492381973906,0.0003697959799999,0.0,0.0,6197.842164324038,19.127903821216147
FTdiesel,LTE,DAC,grid,LTE_H_DAC_C_grid_E,Canada,1,2024,691.663683,5009.6410187969395,5701.304701796939,3.5412575322066204,78.70135691476585,0.1933887297550139,2.5742730977581543,0.0001071428749999,26.62747568567551,0.0916072431378362,5809.207807495139,3.8263606479744703
FTdiesel,LTE,DAC,grid,LTE_H_DAC_C_grid_E,Mexico,1,2024,596.7294519999999,8302.088810529858,8898.818262529858,16.225556326673843,47.276868212502755,0.1167287224228995,2.2936065742423297,0.000321428625,34.83072858538064,0.1198291216131102,8983.219465901982,16.462435599334853
FTdiesel,LTE,DAC,grid,LTE_H_DAC_C_grid_E,Thailand,1,2024,603.5104685,5617.317129111464,6220.827597611464,17.2765410839297,11.625348230281595,0.0297568767030589,2.267998198779174,0.00033918373,2.9283584199813664,0.0100745126928526,6237.649302460506,17.31671165705561
FTdiesel,LTE,DAC,grid,LTE_H_DAC_C_grid_E,Russia,1,2024,640.80605925,4353.340213973529,4994.146273223529,13.471251445589534,144.09922899779946,0.3529267703223689,2.379397073731819,0.000274898005,11.6666877799746,0.040137229555271,5152.291587075034,13.864590343472173
FTdiesel,LTE,DAC,grid,LTE_H_DAC_C_grid_E,Saudi Arabia,1,2024,647.5870757499999,3654.3441571147287,4301.931232864728,17.204059376532747,26.23477902530103,0.0653965678520688,2.390523398268664,0.00033795924,13.677948919801173,0.0470566270387092,4344.234484208099,17.316850530663526
FTdiesel,SMR,DAC,grid,SMR_H_DAC_C_grid_E,South Africa,1,2024,415.5644569953527,1845.731065815574,2261.2955228109267,6.873349526136804,24.44615260753832,0.0610332155761023,2.3548013591949744,0.0004340817049999,18.019043431492967,0.0619914148913485,2306.115520209153,6.996808238309254
FTdiesel,SMR,DAC,grid,SMR_H_DAC_C_grid_E,Taiwan,1,2024,408.89764752483904,2624.623089143658,3033.520736668497,6.563322633681494,6.501058897936567,0.0172561782346967,2.3668873873897067,0.0003893878199999,6.16439370608389,0.0212075346419098,3048.5530766599077,6.602175734378101
FTdiesel,SMR,DAC,grid,SMR_H_DAC_C_grid_E,Switzerland,1,2024,491.12163099450777,6622.676768513183,7113.79839950769,4.019403338055053,11.91598488169044,0.0304658845102847,2.8910917913213336,2.2653065e-05,23.802983629832372,0.081890064778353,7152.408459810535,4.131781940408691
FTdiesel,SMR,DAC,grid,SMR_H_DAC_C_grid_E,Singapore,1,2024,411.1199173483436,6961.340268179098,7372.460185527441,5.981491342361255,1.0470112370668925,0.0039510346686898,2.4514301546581305,0.000305510255,0.0,0.0,7375.958626919166,5.985747887284945
FTdiesel,SMR,DAC,grid,SMR_H_DAC_C_grid_E,Hungary,1,2024,400.0085682308208,3426.0968213226697,3826.1053895534906,4.639457122965671,18.541511416877615,0.0466288495653053,2.336063308316018,0.0001120408349999,23.177945121447607,0.0797397274619654,3870.160909400132,4.765937740827941
FTdiesel,SMR,DAC,grid,SMR_H_DAC_C_grid_E,Philippines,1,2024,397.7862984073162,2560.1867932625955,2957.973091669912,6.46564292783941,10.06971863492859,0.0259619199317423,2.293153201047596,0.0003753061849999,4.759250856001761,0.0163733827219021,2975.0952143618897,6.508353536678054
FTdiesel,SMR,DAC,grid,SMR_H_DAC_C_grid_E,Netherlands,1,2024,455.56531381843473,4955.278083334023,5410.843397152457,4.936743184224187,5.099956915719565,0.0138381914140532,2.663713825026576,0.000154897985,30.632396011911936,0.1053854816161674,5449.2394639051145,5.056121755239408
FTdiesel,SMR,DAC,grid,SMR_H_DAC_C_grid_E,Norway,1,2024,504.4552499355352,4010.038616609157,4514.4938665446925,3.9939216756614657,21.492878472425655,0.0538287064114019,2.867531979931867,1.8979595e-05,32.507170316182204,0.111835319653659,4571.361447313232,4.159604681321526
FTdiesel,SMR,DAC,grid,SMR_H_DAC_C_grid_E,Oman,1,2024,424.453536289371,1684.2299006725104,2108.6834369618814,6.176850754045424,18.275013143264257,0.0459787273054728,2.471951983268664,0.000333673525,11.822324485673947,0.0406726708306091,2141.2527265740887,6.263835825706506
FTdiesel,SMR,DAC,grid,SMR_H_DAC_C_grid_E,Italy,1,2024,426.6758061128755,5490.885971525653,5917.561777638529,5.085386214853445,11.75089404467967,0.0300631455860138,2.6422090505370863,0.00017632656,23.3502251072855,0.0803324270755801,5955.305105841032,5.195958114075039
FTdiesel,SMR,DAC,grid,SMR_H_DAC_C_grid_E,Austria,1,2024,462.23212328894846,4800.434190718861,5262.666314007809,4.299701624384509,9.657120726756355,0.0249553877661634,2.7373420968318425,6.3061235e-05,23.3502251072855,0.0803324270755801,5298.411001938683,4.405052500461253
FTdiesel,SMR,DAC,grid,SMR_H_DAC_C_grid_E,Finland,1,2024,480.01028187698495,4902.789703962913,5382.799985839898,4.168046368684311,18.609053110807498,0.0467936174570265,2.7347045299792216,4.408164e-05,34.67020385876978,0.1192768639438567,5438.813947339455,4.334160931725195
FTdiesel,SMR,DAC,grid,SMR_H_DAC_C_grid_E,Portugal,1,2024,404.4531078778299,4400.2130251306,4804.66613300843,4.337924117974891,9.084205983650287,0.0235577628493887,2.330046772852863,6.857144e-05,26.541123516500846,0.0913101633751714,4842.621509281435,4.452860615639451
FTdiesel,SMR,DAC,grid,SMR_H_DAC_C_grid_E,Germany,1,2024,457.78758364193936,4584.457032728149,5042.244616370088,5.323215063860257,13.79894112311398,0.0350593542924417,2.708460667294999,0.00021061228,31.332519932422898,0.1077941373584526,5090.0845380929195,5.466279167791152
FTdiesel,SMR,DAC,grid,SMR_H_DAC_C_grid_E,Greece,1,2024,408.89764752483904,3126.458011523249,3535.355659048088,5.221288414285909,8.004327760205324,0.020923401052402,2.410356782389708,0.0001959184,20.758426647186017,0.0714157909474949,3566.5287702378687,5.313823524685806
FTdiesel,SMR,DAC,grid,SMR_H_DAC_C_grid_E,France,1,2024,448.8985043479211,4844.30263168174,5293.201136029662,4.049131944180904,15.95728405527506,0.040324629618712,2.600493718221309,2.693878e-05,29.93460098090079,0.1029848380170222,5341.693514784059,4.192468350596638
FTdiesel,SMR,DAC,grid,SMR_H_DAC_C_grid_E,Brazil,1,2024,408.89764752483904,4658.944544364074,5067.8421918889135,4.299701624384509,68.70691010575452,0.1690072872145006,2.341785342389707,6.3061235e-05,32.995143599028594,0.1135141076730027,5171.886030936086,4.5822860805070125
FTdiesel,SMR,DAC,grid,SMR_H_DAC_C_grid_E,United Kingdom,1,2024,473.3434724064713,4122.468639354745,4595.812111761216,4.7583715474690775,12.86735560697842,0.0327867523998833,2.890055888173955,0.000129183695,29.72650671536288,0.102268925543615,4641.2960299717315,4.893556409107576
FTdiesel,SMR,DAC,grid,SMR_H_DAC_C_grid_E,Spain,1,2024,413.3421871718482,3903.7378775927023,4317.08006476455,4.482320204871884,21.30530921537091,0.0533711314049369,2.371891261926552,8.938776999999999e-05,25.59894363309946,0.0880687557901197,4366.356208874947,4.623849479836942
FTdiesel,SMR,DAC,grid,SMR_H_DAC_C_grid_E,Sweden,1,2024,488.8993611710032,6498.088166343849,6986.9875275148515,4.015156394322787,22.479466319457497,0.056235486432672,2.7492758002216604,2.204082e-05,32.259462301835065,0.1109831229015014,7044.475731936365,4.182397044476961
FTdiesel,SMR,DAC,grid,SMR_H_DAC_C_grid_E,Czech Republic,1,2024,404.4531078778299,3972.5032990424406,4376.956406920271,5.620501125118773,20.116912701968747,0.050472039353065,2.379638617852863,0.00025346943,23.3502251072855,0.0803324270755801,4422.803183347378,5.751559060977418
FTdiesel,SMR,DAC,grid,SMR_H_DAC_C_grid_E,Japan,1,2024,480.01028187698495,4091.4565032110354,4571.4667850880205,5.909293298912761,9.189850389558206,0.0238154822671406,2.7830718849792215,0.0002951020899999,10.883317676785154,0.037442179661811,4594.323025039343,5.970846062931713
FTdiesel,SMR,DAC,grid,SMR_H_DAC_C_grid_E,Belgium,1,2024,455.56531381843473,3526.74796942546,3982.3132832438946,4.448344655013767,3.4085918579759573,0.009712108124158,2.681468930026576,8.448981e-05,30.5709421535067,0.1051740602026191,4018.974286185404,4.563315313150544
FTdiesel,SMR,DAC,grid,SMR_H_DAC_C_grid_E,Poland,1,2024,411.1199173483436,4362.7126403841185,4773.832557732462,6.474136815303939,11.190987172400249,0.0286972533565199,2.5279607796581307,0.000376530675,33.598398530039475,0.1155895023439644,4821.14990421456,6.618800101679423
FTdiesel,SMR,DAC,grid,SMR_H_DAC_C_grid_E,India,1,2024,393.3417587603071,3212.853657376665,3606.195416136972,6.869102582404539,29.28312225525748,0.0728329979742376,2.2544758515107515,0.0004334694599999,5.688980011316389,0.0195719557217851,3643.421994255057,6.961941005560561
FTdiesel,SMR,DAC,grid,SMR_H_DAC_C_grid_E,Indonesia,1,2024,357.78544158423415,4218.702191821351,4576.487633405585,6.605792071004139,14.61998306903098,0.0370622852610349,2.0234244152159944,0.00039551027,4.181375475295838,0.0143853020217787,4597.312416365128,6.657635168556952
FTdiesel,SMR,DAC,grid,SMR_H_DAC_C_grid_E,South Korea,1,2024,417.7867268188573,3493.686087721718,3911.472814540576,5.620501125118773,7.475045488669049,0.0196322175044002,2.3830175864633967,0.00025346943,9.464485512890445,0.0325609320158088,3930.7953631285986,5.672947744068981
FTdiesel,SMR,DAC,grid,SMR_H_DAC_C_grid_E,China,1,2024,406.67537770133447,3188.9442204067086,3595.619598108043,6.240554910029392,78.01603497926587,0.1917168876099259,2.3068344201212856,0.0003428572,7.973956058968025,0.027433022194337,3683.9164235663984,6.460047677033654
FTdiesel,SMR,DAC,grid,SMR_H_DAC_C_grid_E,United Arab Emirates,1,2024,424.453536289371,1619.850809785101,2044.3043460744725,5.488845869418572,10.874670054831256,0.0279255980789476,2.4162376882686636,0.000234489835,12.32141811912569,0.042389716500573,2069.916671936698,5.559395673833093
FTdiesel,SMR,DAC,grid,SMR_H_DAC_C_grid_E,United States,1,2024,444.453964700912,2672.3718460885275,3116.8258107894394,5.493092813150838,77.22609399097482,0.1897898273949423,2.549571468684465,0.00023510208,28.43951521566772,0.097841252991375,3225.040991464766,5.780958995617156
FTdiesel,SMR,DAC,grid,SMR_H_DAC_C_grid_E,Turkey,1,2024,406.67537770133447,2458.9748072841044,2865.650184985439,5.858329974125585,10.108447857063252,0.026056399828645,2.3417323851212855,0.00028775515,20.04662805182993,0.0689669704975327,2898.1469932794535,5.953641099601763
FTdiesel,SMR,DAC,grid,SMR_H_DAC_C_grid_E,Australia,1,2024,455.56531381843473,3075.7256298673506,3531.290943685786,6.2065793601712755,78.5068587948625,0.1929142517948745,2.664326070026576,0.00033795924,6.391330393975021,0.0219882712235498,3618.85345894465,6.4218198424297
FTdiesel,SMR,DAC,grid,SMR_H_DAC_C_grid_E,Malaysia,1,2024,388.897219113298,2376.359103129803,2765.256322243101,6.427420434249029,15.393900646700336,0.0389502563825607,2.230492381973906,0.0003697959799999,0.0,0.0,2782.880715271775,6.46674048661159
FTdiesel,SMR,DAC,grid,SMR_H_DAC_C_grid_E,Canada,1,2024,453.3430439949302,2190.182952449414,2643.5259964443444,4.6054815731075545,78.70135691476585,0.1933887297550139,2.5742730977581543,0.0001071428749999,26.62747568567551,0.0916072431378362,2751.429102142544,4.890584688875404
FTdiesel,SMR,DAC,grid,SMR_H_DAC_C_grid_E,Mexico,1,2024,391.11948893680255,2058.9464492566008,2450.0659381934033,6.091911879400134,47.276868212502755,0.1167287224228995,2.2936065742423297,0.000321428625,34.83072858538064,0.1198291216131102,2534.4671415655293,6.328791152061143
FTdiesel,SMR,DAC,grid,SMR_H_DAC_C_grid_E,Thailand,1,2024,395.5640285838117,2455.7097073448754,2851.273735928687,6.215073247635804,11.625348230281595,0.0297568767030589,2.267998198779174,0.00033918373,2.9283584199813664,0.0100745126928526,2868.0954407777294,6.255243820761716
FTdiesel,SMR,DAC,grid,SMR_H_DAC_C_grid_E,Russia,1,2024,420.00899664236186,1777.4884584307786,2197.4974550731404,5.769144155748031,144.09922899779946,0.3529267703223689,2.379397073731819,0.000274898005,11.6666877799746,0.040137229555271,2355.642768924646,6.162483053630671
FTdiesel,SMR,DAC,grid,SMR_H_DAC_C_grid_E,Saudi Arabia,1,2024,424.453536289371,1590.399129947658,2014.8526662370289,6.2065793601712755,26.23477902530103,0.0653965678520688,2.390523398268664,0.00033795924,13.677948919801173,0.0470566270387092,2057.1559175804,6.319370514302054
FTdiesel,SMRCCS,DAC,grid,SMRCCS_H_DAC_C_grid_E,South Africa,1,2024,589.1331816957545,2048.433611005494,2637.566792701249,2.009894673466679,24.44615260753832,0.0610332155761023,2.3548013591949744,0.0004340817049999,18.019043431492967,0.0619914148913485,2682.3867900994755,2.1333533856391296
FTdiesel,SMRCCS,DAC,grid,SMRCCS_H_DAC_C_grid_E,Taiwan,1,2024,579.6818472300471,3101.698939253477,3681.380786483524,1.63537238016095,6.501058897936567,0.0172561782346967,2.3668873873897067,0.0003893878199999,6.16439370608389,0.0212075346419098,3696.4131264749344,1.6742254808575565
FTdiesel,SMRCCS,DAC,grid,SMRCCS_H_DAC_C_grid_E,Switzerland,1,2024,696.2483056404371,8292.301928648425,8988.550234288861,-1.4377626018956406,11.91598488169044,0.0304658845102847,2.8910917913213336,2.2653065e-05,23.802983629832372,0.081890064778353,9027.160294591706,-1.325383999542003
FTdiesel,SMRCCS,DAC,grid,SMRCCS_H_DAC_C_grid_E,Singapore,1,2024,582.8322920519496,8750.864022848597,9333.696314900546,0.932501774915954,1.0470112370668925,0.0039510346686898,2.4514301546581305,0.000305510255,0.0,0.0,9337.194756292272,0.9367583198396439
FTdiesel,SMRCCS,DAC,grid,SMRCCS_H_DAC_C_grid_E,Hungary,1,2024,567.0800679424375,4154.681615565188,4721.761683507625,-0.6887180152841841,18.541511416877615,0.0466288495653053,2.336063308316018,0.0001120408349999,23.177945121447607,0.0797397274619654,4765.817203354266,-0.5622373974219134
FTdiesel,SMRCCS,DAC,grid,SMRCCS_H_DAC_C_grid_E,Philippines,1,2024,563.9296231205351,3010.1267990812403,3574.0564222017756,1.5173722055577756,10.06971863492859,0.0259619199317423,2.293153201047596,0.0003753061849999,4.759250856001761,0.0163733827219021,3591.1785448937535,1.5600828143964198
FTdiesel,SMRCCS,DAC,grid,SMRCCS_H_DAC_C_grid_E,Netherlands,1,2024,645.8411884899982,6129.209248022358,6775.050436512356,-0.3295870491006092,5.099956915719565,0.0138381914140532,2.663713825026576,0.000154897985,30.632396011911936,0.1053854816161674,6813.446503265013,-0.21020847808538862
FTdiesel,SMRCCS,DAC,grid,SMRCCS_H_DAC_C_grid_E,Norway,1,2024,715.1509745718516,4829.959557329223,5545.110531901074,-1.4685452561399468,21.492878472425655,0.0538287064114019,2.867531979931867,1.8979595e-05,32.507170316182204,0.111835319653659,5601.978112669613,-1.302862250479886
FTdiesel,SMRCCS,DAC,grid,SMRCCS_H_DAC_C_grid_E,Oman,1,2024,601.7349609833642,1917.1590158630208,2518.893976846385,1.1685021241223028,18.275013143264257,0.0459787273054728,2.471951983268664,0.000333673525,11.822324485673947,0.0406726708306091,2551.4632664585924,1.2554871957833846
FTdiesel,SMRCCS,DAC,grid,SMRCCS_H_DAC_C_grid_E,Italy,1,2024,604.8854058052666,6975.207216064979,7580.092621870245,-0.150021566008822,11.75089404467967,0.0300631455860138,2.6422090505370863,0.00017632656,23.3502251072855,0.0803324270755801,7617.835950072748,-0.039449666787228096
FTdiesel,SMRCCS,DAC,grid,SMRCCS_H_DAC_C_grid_E,Austria,1,2024,655.2925229557055,5968.395147008881,6623.687669964587,-1.0991534052082694,9.657120726756355,0.0249553877661634,2.7373420968318425,6.3061235e-05,23.3502251072855,0.0803324270755801,6659.432357895461,-0.9938025291315258
FTdiesel,SMRCCS,DAC,grid,SMRCCS_H_DAC_C_grid_E,Finland,1,2024,680.496081530925,5986.677809105506,6667.173890636431,-1.2581971188038528,18.609053110807498,0.0467936174570265,2.7347045299792216,4.408164e-05,34.67020385876978,0.1192768639438567,6723.187852135988,-1.0920825557629696
FTdiesel,SMRCCS,DAC,grid,SMRCCS_H_DAC_C_grid_E,Portugal,1,2024,573.3809575862423,5371.910311063192,5945.291268649435,-1.0529794238418098,9.084205983650287,0.0235577628493887,2.330046772852863,6.857144e-05,26.541123516500846,0.0913101633751714,5983.246644922439,-0.9380429261772498
FTdiesel,SMRCCS,DAC,grid,SMRCCS_H_DAC_C_grid_E,Germany,1,2024,648.9916333119006,5684.592099164553,6333.583732476453,0.1372832069380375,13.79894112311398,0.0350593542924417,2.708460667294999,0.00021061228,31.332519932422898,0.1077941373584526,6381.423654199285,0.2803473108689318
FTdiesel,SMRCCS,DAC,grid,SMRCCS_H_DAC_C_grid_E,Greece,1,2024,579.6818472300471,3793.455642408809,4373.137489638856,0.0141525899608126,8.004327760205324,0.020923401052402,2.410356782389708,0.0001959184,20.758426647186017,0.0714157909474949,4404.310600828637,0.10668770036070949
FTdiesel,SMRCCS,DAC,grid,SMRCCS_H_DAC_C_grid_E,France,1,2024,636.3898540242909,5954.251539369686,6590.641393393977,-1.401849505277283,15.95728405527506,0.040324629618712,2.600493718221309,2.693878e-05,29.93460098090079,0.1029848380170222,6639.133772148373,-1.2585130988615487
FTdiesel,SMRCCS,DAC,grid,SMRCCS_H_DAC_C_grid_E,Brazil,1,2024,579.6818472300471,5690.9306493119875,6270.612496542035,-1.0991534052082694,68.70691010575452,0.1690072872145006,2.341785342389707,6.3061235e-05,32.995143599028594,0.1135141076730027,6374.656335589208,-0.8165689490857662
FTdiesel,SMRCCS,DAC,grid,SMRCCS_H_DAC_C_grid_E,United Kingdom,1,2024,671.0447470652176,5207.935153647043,5878.979900712261,-0.545065628810754,12.86735560697842,0.0327867523998833,2.890055888173955,0.000129183695,29.72650671536288,0.102268925543615,5924.463818922776,-0.40988076717225574
FTdiesel,SMRCCS,DAC,grid,SMRCCS_H_DAC_C_grid_E,Spain,1,2024,585.9827368738521,4717.474703541339,5303.457440415192,-0.8785443831240739,21.30530921537091,0.0533711314049369,2.371891261926552,8.938776999999999e-05,25.59894363309946,0.0880687557901197,5352.733584525588,-0.7370151081590173
FTdiesel,SMRCCS,DAC,grid,SMRCCS_H_DAC_C_grid_E,Sweden,1,2024,693.0978608185347,7996.972018639679,8690.069879458213,-1.4428930442696914,22.479466319457497,0.056235486432672,2.7492758002216604,2.204082e-05,32.259462301835065,0.1109831229015014,8747.558083879727,-1.275652394115518
FTdiesel,SMRCCS,DAC,grid,SMRCCS_H_DAC_C_grid_E,Czech Republic,1,2024,573.3809575862423,4879.668936327272,5453.049893913514,0.4964141731216129,20.116912701968747,0.050472039353065,2.379638617852863,0.00025346943,23.3502251072855,0.0803324270755801,5498.896670340621,0.6274721089802581
FTdiesel,SMRCCS,DAC,grid,SMRCCS_H_DAC_C_grid_E,Japan,1,2024,680.496081530925,5004.140802302784,5684.636883833709,0.8452842545570861,9.189850389558206,0.0238154822671406,2.7830718849792215,0.0002951020899999,10.883317676785154,0.037442179661811,5707.4931237850315,0.9068370185760376
FTdiesel,SMRCCS,DAC,grid,SMRCCS_H_DAC_C_grid_E,Belgium,1,2024,645.8411884899982,4304.407238650402,4950.2484271404,-0.9195879221164824,3.4085918579759573,0.009712108124158,2.681468930026576,8.448981e-05,30.5709421535067,0.1051740602026191,4986.909430081909,-0.8046172639797053
FTdiesel,SMRCCS,DAC,grid,SMRCCS_H_DAC_C_grid_E,Poland,1,2024,582.8322920519496,5508.165255279025,6090.997547330974,1.5276330903058772,11.190987172400249,0.0286972533565199,2.5279607796581307,0.000376530675,33.598398530039475,0.1155895023439644,6138.314893813072,1.6722963766813617
FTdiesel,SMRCCS,DAC,grid,SMRCCS_H_DAC_C_grid_E,India,1,2024,557.6287334767302,3833.1568846117393,4390.785618088469,2.004764231092627,29.28312225525748,0.0728329979742376,2.2544758515107515,0.0004334694599999,5.688980011316389,0.0195719557217851,4428.012196206554,2.0976026542486497
FTdiesel,SMRCCS,DAC,grid,SMRCCS_H_DAC_C_grid_E,Indonesia,1,2024,507.22161632629127,5088.02803771994,5595.249654046231,1.6866768039014604,14.61998306903098,0.0370622852610349,2.0234244152159944,0.00039551027,4.181375475295838,0.0143853020217787,5616.074437005774,1.738519901454274
FTdiesel,SMRCCS,DAC,grid,SMRCCS_H_DAC_C_grid_E,South Korea,1,2024,592.2836265176569,4173.499520081156,4765.783146598813,0.4964141731216129,7.475045488669049,0.0196322175044002,2.3830175864633967,0.00025346943,9.464485512890445,0.0325609320158088,4785.105695186836,0.5488607920718219
FTdiesel,SMRCCS,DAC,grid,SMRCCS_H_DAC_C_grid_E,China,1,2024,576.5314024081447,3776.752185766082,4353.283588174227,1.245458759733069,78.01603497926587,0.1917168876099259,2.3068344201212856,0.0003428572,7.973956058968025,0.027433022194337,4441.580413632581,1.464951526737332
FTdiesel,SMRCCS,DAC,grid,SMRCCS_H_DAC_C_grid_E,United Arab Emirates,1,2024,601.7349609833642,1770.598377771095,2372.3333387544594,0.3373704595260299,10.874670054831256,0.0279255980789476,2.4162376882686636,0.000234489835,12.32141811912569,0.042389716500573,2397.945664616685,0.40792026394055053
FTdiesel,SMRCCS,DAC,grid,SMRCCS_H_DAC_C_grid_E,United States,1,2024,630.0889643804861,3130.4983012141306,3760.587265594617,0.3425009019000812,77.22609399097482,0.1897898273949423,2.549571468684465,0.00023510208,28.43951521566772,0.097841252991375,3868.8024462699436,0.6303670843663985
FTdiesel,SMRCCS,DAC,grid,SMRCCS_H_DAC_C_grid_E,Turkey,1,2024,576.5314024081447,2876.6682065696705,3453.199608977815,0.7837189460684729,10.108447857063252,0.026056399828645,2.3417323851212855,0.00028775515,20.04662805182993,0.0689669704975327,3485.6964172718294,0.8790300715446506
FTdiesel,SMRCCS,DAC,grid,SMRCCS_H_DAC_C_grid_E,Australia,1,2024,645.8411884899982,3711.1085860523617,4356.94977454236,1.2044152207406604,78.5068587948625,0.1929142517948745,2.664326070026576,0.00033795924,6.391330393975021,0.0219882712235498,4444.512289801224,1.4196557029990846
FTdiesel,SMRCCS,DAC,grid,SMRCCS_H_DAC_C_grid_E,Malaysia,1,2024,551.3278438329253,2757.1017823557854,3308.4296261887107,1.4711982241913164,15.393900646700336,0.0389502563825607,2.230492381973906,0.0003697959799999,0.0,0.0,3326.054019217385,1.5105182765538772
FTdiesel,SMRCCS,DAC,grid,SMRCCS_H_DAC_C_grid_E,Canada,1,2024,642.6907436680957,2488.4322608391876,3131.123004507283,-0.7297615542765925,78.70135691476585,0.1933887297550139,2.5742730977581543,0.0001071428749999,26.62747568567551,0.0916072431378362,3239.0261102054824,-0.44465843850874254
FTdiesel,SMRCCS,DAC,grid,SMRCCS_H_DAC_C_grid_E,Mexico,1,2024,554.4782886548277,2406.736310154133,2961.214598808961,1.065893276641282,47.276868212502755,0.1167287224228995,2.2936065742423297,0.000321428625,34.83072858538064,0.1198291216131102,3045.615802181087,1.3027725493022917
FTdiesel,SMRCCS,DAC,grid,SMRCCS_H_DAC_C_grid_E,Thailand,1,2024,560.7791782986327,2861.1536137061985,3421.9327920048313,1.2146761054887631,11.625348230281595,0.0297568767030589,2.267998198779174,0.00033918373,2.9283584199813664,0.0100745126928526,3438.7544968538737,1.2548466786146746
FTdiesel,SMRCCS,DAC,grid,SMRCCS_H_DAC_C_grid_E,Russia,1,2024,595.4340713395594,1960.8432844867348,2556.2773558262943,0.6759796562134006,144.09922899779946,0.3529267703223689,2.379397073731819,0.000274898005,11.6666877799746,0.040137229555271,2714.4226696778,1.0693185540960406
FTdiesel,SMRCCS,DAC,grid,SMRCCS_H_DAC_C_grid_E,Saudi Arabia,1,2024,601.7349609833642,1704.0397443818506,2305.7747053652147,1.2044152207406604,26.23477902530103,0.0653965678520688,2.390523398268664,0.00033795924,13.677948919801173,0.0470566270387092,2348.0779567085856,1.3172063748714382
FTdiesel,SMR,SMR,grid,SMR_H_C_grid_E,South Africa,1,2024,415.5644569953527,485.731065815574,901.2955228109269,4.287044133318334,24.44615260753832,0.0610332155761023,2.3548013591949744,0.0004340817049999,18.019043431492967,0.0619914148913485,946.1155202091531,4.410502845490784
FTdiesel,SMR,SMR,grid,SMR_H_C_grid_E,Taiwan,1,2024,408.89764752483904,1264.623089143658,1673.5207366684972,4.239144018640802,6.501058897936567,0.0172561782346967,2.3668873873897067,0.0003893878199999,6.16439370608389,0.0212075346419098,1688.5530766599074,4.277997119337409
FTdiesel,SMR,SMR,grid,SMR_H_C_grid_E,Switzerland,1,2024,491.12163099450777,5262.676768513183,5753.79839950769,3.84610061190325,11.91598488169044,0.0304658845102847,2.8910917913213336,2.2653065e-05,23.802983629832372,0.081890064778353,5792.408459810535,3.9584792142568874
FTdiesel,SMR,SMR,grid,SMR_H_C_grid_E,Singapore,1,2024,411.1199173483436,5601.340268179097,6012.46018552744,4.14924928287612,1.0470112370668925,0.0039510346686898,2.4514301546581305,0.000305510255,0.0,0.0,6015.958626919165,4.15350582779981
FTdiesel,SMR,SMR,grid,SMR_H_C_grid_E,Hungary,1,2024,400.0085682308208,2066.0968213226697,2466.1053895534906,3.941900841258312,18.541511416877615,0.0466288495653053,2.336063308316018,0.0001120408349999,23.177945121447607,0.0797397274619654,2510.160909400132,4.068381459120583
FTdiesel,SMR,SMR,grid,SMR_H_C_grid_E,Philippines,1,2024,397.7862984073162,1200.1867932625944,1597.973091669911,4.224052201687608,10.06971863492859,0.0259619199317423,2.293153201047596,0.0003753061849999,4.759250856001761,0.0163733827219021,1615.0952143618888,4.266762810526252
FTdiesel,SMR,SMR,grid,SMR_H_C_grid_E,Netherlands,1,2024,455.56531381843473,3595.278083334023,4050.843397152458,3.987832458072385,5.099956915719565,0.0138381914140532,2.663713825026576,0.000154897985,30.632396011911936,0.1053854816161674,4089.2394639051163,4.107211029087606
FTdiesel,SMR,SMR,grid,SMR_H_C_grid_E,Norway,1,2024,504.4552499355352,2650.0386166091575,3154.4938665446925,3.8421636161763297,21.492878472425655,0.0538287064114019,2.867531979931867,1.8979595e-05,32.507170316182204,0.111835319653659,3211.361447313232,4.007846621836391
FTdiesel,SMR,SMR,grid,SMR_H_C_grid_E,Oman,1,2024,424.453536289371,324.22990067251027,748.6834369618813,4.17943291678251,18.275013143264257,0.0459787273054728,2.471951983268664,0.000333673525,11.822324485673947,0.0406726708306091,781.2527265740881,4.266417988443591
FTdiesel,SMR,SMR,grid,SMR_H_C_grid_E,Italy,1,2024,426.6758061128755,4130.885971525653,4557.561777638529,4.01079826647942,11.75089404467967,0.0300631455860138,2.6422090505370863,0.00017632656,23.3502251072855,0.0803324270755801,4595.305105841032,4.121370165701014
FTdiesel,SMR,SMR,grid,SMR_H_C_grid_E,Austria,1,2024,462.23212328894846,3440.4341907188614,3902.66631400781,3.8894075648993742,9.657120726756355,0.0249553877661634,2.7373420968318425,6.3061235e-05,23.3502251072855,0.0803324270755801,3938.4110019386835,3.994758440976118
FTdiesel,SMR,SMR,grid,SMR_H_C_grid_E,Finland,1,2024,480.01028187698495,3542.789703962914,4022.799985839899,3.869066420310286,18.609053110807498,0.0467936174570265,2.7347045299792216,4.408164e-05,34.67020385876978,0.1192768639438567,4078.8139473394554,4.035180983351169
FTdiesel,SMR,SMR,grid,SMR_H_C_grid_E,Portugal,1,2024,404.4531078778299,3040.2130251305985,3444.6661330084285,3.895313058489755,9.084205983650287,0.0235577628493887,2.330046772852863,6.857144e-05,26.541123516500846,0.0913101633751714,3482.6215092814323,4.010249556154315
FTdiesel,SMR,SMR,grid,SMR_H_C_grid_E,Germany,1,2024,457.78758364193936,3224.4570327281485,3682.244616370088,4.047543559930677,13.79894112311398,0.0350593542924417,2.708460667294999,0.00021061228,31.332519932422898,0.1077941373584526,3730.08453809292,4.190607663861572
FTdiesel,SMR,SMR,grid,SMR_H_C_grid_E,Greece,1,2024,408.89764752483904,1766.4580115232484,2175.3556590480875,4.031795577022995,8.004327760205324,0.020923401052402,2.410356782389708,0.0001959184,20.758426647186017,0.0714157909474949,2206.5287702378682,4.124330687422892
FTdiesel,SMR,SMR,grid,SMR_H_C_grid_E,France,1,2024,448.8985043479211,3484.3026316817404,3933.2011360296615,3.850693773584657,15.95728405527506,0.040324629618712,2.600493718221309,2.693878e-05,29.93460098090079,0.1029848380170222,3981.693514784059,3.994030180000391
FTdiesel,SMR,SMR,grid,SMR_H_C_grid_E,Brazil,1,2024,408.89764752483904,3298.944544364073,3707.842191888912,3.8894075648993742,68.70691010575452,0.1690072872145006,2.341785342389707,6.3061235e-05,32.995143599028594,0.1135141076730027,3811.8860309360853,4.171992021021877
FTdiesel,SMR,SMR,grid,SMR_H_C_grid_E,United Kingdom,1,2024,473.3434724064713,2762.4686393547454,3235.812111761217,3.960273487983941,12.86735560697842,0.0327867523998833,2.890055888173955,0.000129183695,29.72650671536288,0.102268925543615,3281.2960299717324,4.095458349622439
FTdiesel,SMR,SMR,grid,SMR_H_C_grid_E,Spain,1,2024,413.3421871718482,2543.737877592702,2957.08006476455,3.917622700942303,21.30530921537091,0.0533711314049369,2.371891261926552,8.938776999999999e-05,25.59894363309946,0.0880687557901197,3006.3562088749472,4.05915197590736
FTdiesel,SMR,SMR,grid,SMR_H_C_grid_E,Sweden,1,2024,488.8993611710032,5138.088166343848,5626.987527514851,3.8454444459487633,22.479466319457497,0.056235486432672,2.7492758002216604,2.204082e-05,32.259462301835065,0.1109831229015014,5684.475731936364,4.0126850961029366
FTdiesel,SMR,SMR,grid,SMR_H_C_grid_E,Czech Republic,1,2024,404.4531078778299,2612.50329904244,3016.95640692027,4.093475176744748,20.116912701968747,0.050472039353065,2.379638617852863,0.00025346943,23.3502251072855,0.0803324270755801,3062.8031833473774,4.224533112603393
FTdiesel,SMR,SMR,grid,SMR_H_C_grid_E,Japan,1,2024,480.01028187698495,2731.456503211035,3211.46678508802,4.138094461649846,9.189850389558206,0.0238154822671406,2.7830718849792215,0.0002951020899999,10.883317676785154,0.037442179661811,3234.3230250393426,4.199647225668798
FTdiesel,SMR,SMR,grid,SMR_H_C_grid_E,Belgium,1,2024,455.56531381843473,2166.74796942546,2622.3132832438946,3.91237337330641,3.4085918579759573,0.009712108124158,2.681468930026576,8.448981e-05,30.5709421535067,0.1051740602026191,2658.974286185404,4.027344031443187
FTdiesel,SMR,SMR,grid,SMR_H_C_grid_E,Poland,1,2024,411.1199173483436,3002.7126403841175,3413.8325577324613,4.225364533596581,11.190987172400249,0.0286972533565199,2.5279607796581307,0.000376530675,33.598398530039475,0.1155895023439644,3461.1499042145592,4.370027819972066
FTdiesel,SMR,SMR,grid,SMR_H_C_grid_E,India,1,2024,393.3417587603071,1852.8536573766648,2246.1954161369717,4.286387967363848,29.28312225525748,0.0728329979742376,2.2544758515107515,0.0004334694599999,5.688980011316389,0.0195719557217851,2283.4219942550567,4.379226390519871
FTdiesel,SMR,SMR,grid,SMR_H_C_grid_E,Indonesia,1,2024,357.78544158423415,2858.702191821352,3216.487633405586,4.24570567818567,14.61998306903098,0.0370622852610349,2.0234244152159944,0.00039551027,4.181375475295838,0.0143853020217787,3237.312416365129,4.297548775738484
FTdiesel,SMR,SMR,grid,SMR_H_C_grid_E,South Korea,1,2024,417.7867268188573,2133.686087721718,2551.4728145405757,4.093475176744748,7.475045488669049,0.0196322175044002,2.3830175864633967,0.00025346943,9.464485512890445,0.0325609320158088,2570.795363128598,4.145921795694957
FTdiesel,SMR,SMR,grid,SMR_H_C_grid_E,China,1,2024,406.67537770133447,1828.9442204067088,2235.619598108043,4.189275406099812,78.01603497926587,0.1917168876099259,2.3068344201212856,0.0003428572,7.973956058968025,0.027433022194337,2323.9164235663984,4.408768173104074
FTdiesel,SMR,SMR,grid,SMR_H_C_grid_E,United Arab Emirates,1,2024,424.453536289371,259.850809785101,684.304346074472,4.073134032155659,10.874670054831256,0.0279255980789476,2.4162376882686636,0.000234489835,12.32141811912569,0.042389716500573,709.9166719366978,4.14368383657018
FTdiesel,SMR,SMR,grid,SMR_H_C_grid_E,United States,1,2024,444.453964700912,1312.3718460885273,1756.8258107894394,4.073790198110146,77.22609399097482,0.1897898273949423,2.549571468684465,0.00023510208,28.43951521566772,0.097841252991375,1865.0409914647664,4.361656380576464
FTdiesel,SMR,SMR,grid,SMR_H_C_grid_E,Turkey,1,2024,406.67537770133447,1098.9748072841046,1505.650184985439,4.130220470196005,10.108447857063252,0.026056399828645,2.3417323851212855,0.00028775515,20.04662805182993,0.0689669704975327,1538.1469932794535,4.225531595672183
FTdiesel,SMR,SMR,grid,SMR_H_C_grid_E,Australia,1,2024,455.56531381843473,1715.72562986735,2171.290943685785,4.184026078463917,78.5068587948625,0.1929142517948745,2.664326070026576,0.00033795924,6.391330393975021,0.0219882712235498,2258.853458944649,4.399266560722342
FTdiesel,SMR,SMR,grid,SMR_H_C_grid_E,Malaysia,1,2024,388.897219113298,1016.3591031298024,1405.2563222431004,4.218146708097227,15.393900646700336,0.0389502563825607,2.230492381973906,0.0003697959799999,0.0,0.0,1422.8807152717745,4.257466760459788
FTdiesel,SMR,SMR,grid,SMR_H_C_grid_E,Canada,1,2024,453.3430439949302,830.1829524494137,1283.525996444344,3.9366515136224183,78.70135691476585,0.1933887297550139,2.5742730977581543,0.0001071428749999,26.62747568567551,0.0916072431378362,1391.4291021425436,4.221754629390268
FTdiesel,SMR,SMR,grid,SMR_H_C_grid_E,Mexico,1,2024,391.11948893680255,698.9464492566015,1090.065938193404,4.166309597692776,47.276868212502755,0.1167287224228995,2.2936065742423297,0.000321428625,34.83072858538064,0.1198291216131102,1174.4671415655298,4.403188870353786
FTdiesel,SMR,SMR,grid,SMR_H_C_grid_E,Thailand,1,2024,395.5640285838117,1095.7097073448747,1491.2737359286864,4.185338410372891,11.625348230281595,0.0297568767030589,2.267998198779174,0.00033918373,2.9283584199813664,0.0100745126928526,1508.0954407777285,4.225508983498803
FTdiesel,SMR,SMR,grid,SMR_H_C_grid_E,Russia,1,2024,420.00899664236186,417.4884584307785,837.4974550731404,4.116440985151784,144.09922899779946,0.3529267703223689,2.379397073731819,0.000274898005,11.6666877799746,0.040137229555271,995.6427689246462,4.509779883034424
FTdiesel,SMR,SMR,grid,SMR_H_C_grid_E,Saudi Arabia,1,2024,424.453536289371,230.39912994765763,654.8526662370286,4.184026078463917,26.23477902530103,0.0653965678520688,2.390523398268664,0.00033795924,13.677948919801173,0.0470566270387092,697.1559175803995,4.296817232594696
FTdiesel,ATRCCS,BEC,solar,ATRCCS_H_BEC_C_solar_E,South Africa,1,2024,534.5250098309498,751.7987299152404,1286.3237397461903,-2.0781884829899635,24.44615260753832,0.0610332155761023,2.3548013591949744,0.0004340817049999,18.019043431492967,0.0619914148913485,1331.1437371444165,-1.9547297708175126
FTdiesel,ATRCCS,BEC,solar,ATRCCS_H_BEC_C_solar_E,Taiwan,1,2024,525.9497422935549,1477.8755444021187,2003.8252866956736,-2.0781884829899635,6.501058897936567,0.0172561782346967,2.3668873873897067,0.0003893878199999,6.16439370608389,0.0212075346419098,2018.857626687084,-2.0393353822933573
FTdiesel,ATRCCS,BEC,solar,ATRCCS_H_BEC_C_solar_E,Switzerland,1,2024,631.7113752547588,5816.289911641828,6448.001286896587,-2.0781884829899635,11.91598488169044,0.0304658845102847,2.8910917913213336,2.2653065e-05,23.802983629832372,0.081890064778353,6486.611347199431,-1.9658098806363262
FTdiesel,ATRCCS,BEC,solar,ATRCCS_H_BEC_C_solar_E,Singapore,1,2024,528.8081648060198,6197.585665884192,6726.393830690212,-2.0781884829899635,1.0470112370668925,0.0039510346686898,2.4514301546581305,0.000305510255,0.0,0.0,6729.892272081936,-2.0739319380662735
FTdiesel,ATRCCS,BEC,solar,ATRCCS_H_BEC_C_solar_E,Hungary,1,2024,514.5160522436948,2437.234101492331,2951.750153736026,-2.0781884829899635,18.541511416877615,0.0466288495653053,2.336063308316018,0.0001120408349999,23.177945121447607,0.0797397274619654,2995.805673582667,-1.951707865127693
FTdiesel,ATRCCS,BEC,solar,ATRCCS_H_BEC_C_solar_E,Philippines,1,2024,511.65762973123,1466.670109132899,1978.3277388641288,-2.0781884829899635,10.06971863492859,0.0259619199317423,2.293153201047596,0.0003753061849999,4.759250856001761,0.0163733827219021,1995.4498615561067,-2.035477874151319
FTdiesel,ATRCCS,BEC,solar,ATRCCS_H_BEC_C_solar_E,Netherlands,1,2024,585.9766150553191,4022.0366280601497,4608.013243115469,-2.0781884829899635,5.099956915719565,0.0138381914140532,2.663713825026576,0.000154897985,30.632396011911936,0.1053854816161674,4646.409309868126,-1.9588099119747429
FTdiesel,ATRCCS,BEC,solar,ATRCCS_H_BEC_C_solar_E,Norway,1,2024,648.8619103295486,3120.821739862591,3769.68365019214,-2.0781884829899635,21.492878472425655,0.0538287064114019,2.867531979931867,1.8979595e-05,32.507170316182204,0.111835319653659,3826.5512309606793,-1.9125054773299024
FTdiesel,ATRCCS,BEC,solar,ATRCCS_H_BEC_C_solar_E,Oman,1,2024,545.9586998808096,427.26773245518274,973.2264323359924,-2.0781884829899635,18.275013143264257,0.0459787273054728,2.471951983268664,0.000333673525,11.822324485673947,0.0406726708306091,1005.7957219481992,-1.9912034113288817
FTdiesel,ATRCCS,BEC,solar,ATRCCS_H_BEC_C_solar_E,Italy,1,2024,548.8171223932745,4446.206149652916,4995.02327204619,-2.0781884829899635,11.75089404467967,0.0300631455860138,2.6422090505370863,0.00017632656,23.3502251072855,0.0803324270755801,5032.766600248693,-1.9676165837683697
FTdiesel,ATRCCS,BEC,solar,ATRCCS_H_BEC_C_solar_E,Austria,1,2024,594.551882592714,3816.240201073383,4410.792083666097,-2.0781884829899635,9.657120726756355,0.0249553877661634,2.7373420968318425,6.3061235e-05,23.3502251072855,0.0803324270755801,4446.5367715969705,-1.9728376069132199
FTdiesel,ATRCCS,BEC,solar,ATRCCS_H_BEC_C_solar_E,Finland,1,2024,617.419262692434,4104.592453884907,4722.011716577341,-2.0781884829899635,18.609053110807498,0.0467936174570265,2.7347045299792216,4.408164e-05,34.67020385876978,0.1192768639438567,4778.025678076898,-1.9120739199490804
FTdiesel,ATRCCS,BEC,solar,ATRCCS_H_BEC_C_solar_E,Portugal,1,2024,520.2328972686249,3454.613948374568,3974.846845643193,-2.0781884829899635,9.084205983650287,0.0235577628493887,2.330046772852863,6.857144e-05,26.541123516500846,0.0913101633751714,4012.8022219161967,-1.9632519853254033
FTdiesel,ATRCCS,BEC,solar,ATRCCS_H_BEC_C_solar_E,Germany,1,2024,588.8350375677842,3573.796527714315,4162.6315652820995,-2.0781884829899635,13.79894112311398,0.0350593542924417,2.708460667294999,0.00021061228,31.332519932422898,0.1077941373584526,4210.471487004931,-1.9351243790590693
FTdiesel,ATRCCS,BEC,solar,ATRCCS_H_BEC_C_solar_E,Greece,1,2024,525.9497422935549,1992.43306299708,2518.3828052906347,-2.0781884829899635,8.004327760205324,0.020923401052402,2.410356782389708,0.0001959184,20.758426647186017,0.0714157909474949,2549.5559164804154,-1.9856533725900662
FTdiesel,ATRCCS,BEC,solar,ATRCCS_H_BEC_C_solar_E,France,1,2024,577.4013475179243,3912.672961515495,4490.07430903342,-2.0781884829899635,15.95728405527506,0.040324629618712,2.600493718221309,2.693878e-05,29.93460098090079,0.1029848380170222,4538.566687787817,-1.9348520765742294
FTdiesel,ATRCCS,BEC,solar,ATRCCS_H_BEC_C_solar_E,Brazil,1,2024,525.9497422935549,3790.401558845044,4316.3513011385985,-2.0781884829899635,68.70691010575452,0.1690072872145006,2.341785342389707,6.3061235e-05,32.995143599028594,0.1135141076730027,4420.395140185771,-1.7956040268674602
FTdiesel,ATRCCS,BEC,solar,ATRCCS_H_BEC_C_solar_E,United Kingdom,1,2024,608.8439951550389,2976.788294985851,3585.63229014089,-2.0781884829899635,12.86735560697842,0.0327867523998833,2.890055888173955,0.000129183695,29.72650671536288,0.102268925543615,3631.1162083514055,-1.943003621351465
FTdiesel,ATRCCS,BEC,solar,ATRCCS_H_BEC_C_solar_E,Spain,1,2024,531.6665873184847,2895.4153581518676,3427.0819454703524,-2.0781884829899635,21.30530921537091,0.0533711314049369,2.371891261926552,8.938776999999999e-05,25.59894363309946,0.0880687557901197,3476.3580895807495,-1.9366592080249068
FTdiesel,ATRCCS,BEC,solar,ATRCCS_H_BEC_C_solar_E,Sweden,1,2024,628.8529527422938,5899.156580077967,6528.009532820261,-2.0781884829899635,22.479466319457497,0.056235486432672,2.7492758002216604,2.204082e-05,32.259462301835065,0.1109831229015014,6585.497737241774,-1.9109478328357903
FTdiesel,ATRCCS,BEC,solar,ATRCCS_H_BEC_C_solar_E,Czech Republic,1,2024,520.2328972686249,2950.99679067535,3471.229687943975,-2.0781884829899635,20.116912701968747,0.050472039353065,2.379638617852863,0.00025346943,23.3502251072855,0.0803324270755801,3517.0764643710822,-1.9471305471313185
FTdiesel,ATRCCS,BEC,solar,ATRCCS_H_BEC_C_solar_E,Japan,1,2024,617.419262692434,3195.10475744797,3812.524020140404,-2.0781884829899635,9.189850389558206,0.0238154822671406,2.7830718849792215,0.0002951020899999,10.883317676785154,0.037442179661811,3835.3802600917265,-2.0166357189710116
FTdiesel,ATRCCS,BEC,solar,ATRCCS_H_BEC_C_solar_E,Belgium,1,2024,585.9766150553191,2488.9161197660605,3074.8927348213797,-2.0781884829899635,3.4085918579759573,0.009712108124158,2.681468930026576,8.448981e-05,30.5709421535067,0.1051740602026191,3111.553737762889,-1.9632178248531864
FTdiesel,ATRCCS,BEC,solar,ATRCCS_H_BEC_C_solar_E,Poland,1,2024,528.8081648060198,3360.6543743238813,3889.462539129901,-2.0781884829899635,11.190987172400249,0.0286972533565199,2.5279607796581307,0.000376530675,33.598398530039475,0.1155895023439644,3936.779885611999,-1.933525196614479
FTdiesel,ATRCCS,BEC,solar,ATRCCS_H_BEC_C_solar_E,India,1,2024,505.9407847063,2185.2082476498817,2691.1490323561816,-2.0781884829899635,29.28312225525748,0.0728329979742376,2.2544758515107515,0.0004334694599999,5.688980011316389,0.0195719557217851,2728.3756104742665,-1.985350059833941
FTdiesel,ATRCCS,BEC,solar,ATRCCS_H_BEC_C_solar_E,Indonesia,1,2024,460.2060245068605,3375.2221717473376,3835.428196254198,-2.0781884829899635,14.61998306903098,0.0370622852610349,2.0234244152159944,0.00039551027,4.181375475295838,0.0143853020217787,3856.252979213741,-2.02634538543715
FTdiesel,ATRCCS,BEC,solar,ATRCCS_H_BEC_C_solar_E,South Korea,1,2024,537.3834323434147,2533.508598258989,3070.892030602404,-2.0781884829899635,7.475045488669049,0.0196322175044002,2.3830175864633967,0.00025346943,9.464485512890445,0.0325609320158088,3090.2145791904263,-2.0257418640397544
FTdiesel,ATRCCS,BEC,solar,ATRCCS_H_BEC_C_solar_E,China,1,2024,523.0913197810899,2156.0348927619457,2679.126212543036,-2.0781884829899635,78.01603497926587,0.1917168876099259,2.3068344201212856,0.0003428572,7.973956058968025,0.027433022194337,2767.4230380013914,-1.8586957159857005
FTdiesel,ATRCCS,BEC,solar,ATRCCS_H_BEC_C_solar_E,United Arab Emirates,1,2024,545.9586998808096,386.8611674713318,932.8198673521414,-2.0781884829899635,10.874670054831256,0.0279255980789476,2.4162376882686636,0.000234489835,12.32141811912569,0.042389716500573,958.432193214367,-2.007638678575443
FTdiesel,ATRCCS,BEC,solar,ATRCCS_H_BEC_C_solar_E,United States,1,2024,571.6845024929944,1568.910275692862,2140.5947781858567,-2.0781884829899635,77.22609399097482,0.1897898273949423,2.549571468684465,0.00023510208,28.43951521566772,0.097841252991375,2248.8099588611835,-1.7903223005236462
FTdiesel,ATRCCS,BEC,solar,ATRCCS_H_BEC_C_solar_E,Turkey,1,2024,523.0913197810899,1408.1235806872417,1931.2149004683315,-2.0781884829899635,10.108447857063252,0.026056399828645,2.3417323851212855,0.00028775515,20.04662805182993,0.0689669704975327,1963.711708762346,-1.982877357513786
FTdiesel,ATRCCS,BEC,solar,ATRCCS_H_BEC_C_solar_E,Australia,1,2024,585.9766150553191,1895.9670652215264,2481.9436802768455,-2.0781884829899635,78.5068587948625,0.1929142517948745,2.664326070026576,0.00033795924,6.391330393975021,0.0219882712235498,2569.5061955357096,-1.8629480007315393
FTdiesel,ATRCCS,BEC,solar,ATRCCS_H_BEC_C_solar_E,Malaysia,1,2024,500.2239396813701,1291.0976913842303,1791.3216310656005,-2.0781884829899635,15.393900646700336,0.0389502563825607,2.230492381973906,0.0003697959799999,0.0,0.0,1808.9460240942747,-2.038868430627403
FTdiesel,ATRCCS,BEC,solar,ATRCCS_H_BEC_C_solar_E,Canada,1,2024,583.1181925428542,1144.7046112243663,1727.8228037672206,-2.0781884829899635,78.70135691476585,0.1933887297550139,2.5742730977581543,0.0001071428749999,26.62747568567551,0.0916072431378362,1835.7259094654203,-1.7930853672221134
FTdiesel,ATRCCS,BEC,solar,ATRCCS_H_BEC_C_solar_E,Mexico,1,2024,503.0823621938351,886.2807195031196,1389.3630816969546,-2.0781884829899635,47.276868212502755,0.1167287224228995,2.2936065742423297,0.000321428625,34.83072858538064,0.1198291216131102,1473.7642850690804,-1.841309210328954
FTdiesel,ATRCCS,BEC,solar,ATRCCS_H_BEC_C_solar_E,Thailand,1,2024,508.79920721876505,1353.4178044671876,1862.217011685953,-2.0781884829899635,11.625348230281595,0.0297568767030589,2.267998198779174,0.00033918373,2.9283584199813664,0.0100745126928526,1879.038716534995,-2.038017909864052
FTdiesel,ATRCCS,BEC,solar,ATRCCS_H_BEC_C_solar_E,Russia,1,2024,540.2418548558798,723.2737167569798,1263.5155716128595,-2.0781884829899635,144.09922899779946,0.3529267703223689,2.379397073731819,0.000274898005,11.6666877799746,0.040137229555271,1421.6608854643653,-1.6848495851073235
FTdiesel,ATRCCS,BEC,solar,ATRCCS_H_BEC_C_solar_E,Saudi Arabia,1,2024,545.9586998808096,422.33756513798784,968.2962650187974,-2.0781884829899635,26.23477902530103,0.0653965678520688,2.390523398268664,0.00033795924,13.677948919801173,0.0470566270387092,1010.5995163621683,-1.9653973288591857
FTdiesel,BG,BEC,solar,BG_H_BEC_C_solar_E,South Africa,1,2024,550.6624904,1094.0900885026613,1644.7525789026613,-2.195297614944274,24.44615260753832,0.0610332155761023,2.3548013591949744,0.0004340817049999,18.019043431492967,0.0619914148913485,1689.5725763008875,-2.071838902771823
FTdiesel,BG,BEC,solar,BG_H_BEC_C_solar_E,Taiwan,1,2024,541.8283328,1101.4432855239077,1643.2716183239077,-2.195297614944274,6.501058897936567,0.0172561782346967,2.3668873873897067,0.0003893878199999,6.16439370608389,0.0212075346419098,1658.303958315318,-2.1564445142476676
FTdiesel,BG,BEC,solar,BG_H_BEC_C_solar_E,Switzerland,1,2024,650.7829432000001,1510.86445882614,2161.6474020261403,-2.195297614944274,11.91598488169044,0.0304658845102847,2.8910917913213336,2.2653065e-05,23.802983629832372,0.081890064778353,2200.2574623289843,-2.0829190125906365
FTdiesel,BG,BEC,solar,BG_H_BEC_C_solar_E,Singapore,1,2024,544.773052,1370.4356230479077,1915.2086750479075,-2.195297614944274,1.0470112370668925,0.0039510346686898,2.4514301546581305,0.000305510255,0.0,0.0,1918.7071164396325,-2.191041070020584
FTdiesel,BG,BEC,solar,BG_H_BEC_C_solar_E,Hungary,1,2024,530.049456,1174.1323027279489,1704.1817587279488,-2.195297614944274,18.541511416877615,0.0466288495653053,2.336063308316018,0.0001120408349999,23.177945121447607,0.0797397274619654,1748.2372785745902,-2.068816997082003
FTdiesel,BG,BEC,solar,BG_H_BEC_C_solar_E,Philippines,1,2024,527.1047368000001,1086.2800369748657,1613.3847737748656,-2.195297614944274,10.06971863492859,0.0259619199317423,2.293153201047596,0.0003753061849999,4.759250856001761,0.0163733827219021,1630.5068964668435,-2.1525870061056294
FTdiesel,BG,BEC,solar,BG_H_BEC_C_solar_E,Netherlands,1,2024,603.667436,1329.965989640996,1933.633425640996,-2.195297614944274,5.099956915719565,0.0138381914140532,2.663713825026576,0.000154897985,30.632396011911936,0.1053854816161674,1972.029492393654,-2.075919043929053
FTdiesel,BG,BEC,solar,BG_H_BEC_C_solar_E,Norway,1,2024,668.4512583999999,1388.034068884942,2056.485327284942,-2.195297614944274,21.492878472425655,0.0538287064114019,2.867531979931867,1.8979595e-05,32.507170316182204,0.111835319653659,2113.3529080534813,-2.029614609284213
FTdiesel,BG,BEC,solar,BG_H_BEC_C_solar_E,Oman,1,2024,562.4413672000001,1068.2373122025197,1630.6786794025195,-2.195297614944274,18.275013143264257,0.0459787273054728,2.471951983268664,0.000333673525,11.822324485673947,0.0406726708306091,1663.2479690147263,-2.108312543283192
FTdiesel,BG,BEC,solar,BG_H_BEC_C_solar_E,Italy,1,2024,565.3860864,1326.0067923946076,1891.3928787946072,-2.195297614944274,11.75089404467967,0.0300631455860138,2.6422090505370863,0.00017632656,23.3502251072855,0.0803324270755801,1929.1362069971094,-2.08472571572268
FTdiesel,BG,BEC,solar,BG_H_BEC_C_solar_E,Austria,1,2024,612.5015936,1344.7709456281202,1957.27253922812,-2.195297614944274,9.657120726756355,0.0249553877661634,2.7373420968318425,6.3061235e-05,23.3502251072855,0.0803324270755801,1993.0172271589936,-2.08994673886753
FTdiesel,BG,BEC,solar,BG_H_BEC_C_solar_E,Finland,1,2024,636.0593472,1380.3550659524544,2016.4144131524545,-2.195297614944274,18.609053110807498,0.0467936174570265,2.7347045299792216,4.408164e-05,34.67020385876978,0.1192768639438567,2072.428374652011,-2.0291830519033907
FTdiesel,BG,BEC,solar,BG_H_BEC_C_solar_E,Portugal,1,2024,535.9388944,1193.722845320406,1729.661739720406,-2.195297614944274,9.084205983650287,0.0235577628493887,2.330046772852863,6.857144e-05,26.541123516500846,0.0913101633751714,1767.6171159934102,-2.080361117279714
FTdiesel,BG,BEC,solar,BG_H_BEC_C_solar_E,Germany,1,2024,606.6121552,1355.258958158539,1961.8711133585389,-2.195297614944274,13.79894112311398,0.0350593542924417,2.708460667294999,0.00021061228,31.332519932422898,0.1077941373584526,2009.7110350813707,-2.0522335110133794
FTdiesel,BG,BEC,solar,BG_H_BEC_C_solar_E,Greece,1,2024,541.8283328,1156.4380142101163,1698.2663470101163,-2.195297614944274,8.004327760205324,0.020923401052402,2.410356782389708,0.0001959184,20.758426647186017,0.0714157909474949,1729.4394581998974,-2.1027625045443763
FTdiesel,BG,BEC,solar,BG_H_BEC_C_solar_E,France,1,2024,594.8332784000002,1329.9846527251557,1924.817931125156,-2.195297614944274,15.95728405527506,0.040324629618712,2.600493718221309,2.693878e-05,29.93460098090079,0.1029848380170222,1973.3103098795532,-2.0519612085285397
FTdiesel,BG,BEC,solar,BG_H_BEC_C_solar_E,Brazil,1,2024,541.8283328,1200.4732059338137,1742.3015387338137,-2.195297614944274,68.70691010575452,0.1690072872145006,2.341785342389707,6.3061235e-05,32.995143599028594,0.1135141076730027,1846.3453777809866,-1.9127131588217703
FTdiesel,BG,BEC,solar,BG_H_BEC_C_solar_E,United Kingdom,1,2024,627.2251896,1274.9345165757013,1902.159706175701,-2.195297614944274,12.86735560697842,0.0327867523998833,2.890055888173955,0.000129183695,29.72650671536288,0.102268925543615,1947.6436243862163,-2.0601127533057753
FTdiesel,BG,BEC,solar,BG_H_BEC_C_solar_E,Spain,1,2024,547.7177712,1220.87898099886,1768.59675219886,-2.195297614944274,21.30530921537091,0.0533711314049369,2.371891261926552,8.938776999999999e-05,25.59894363309946,0.0880687557901197,1817.872896309257,-2.053768339979217
FTdiesel,BG,BEC,solar,BG_H_BEC_C_solar_E,Sweden,1,2024,647.838224,1460.0288566560428,2107.8670806560426,-2.195297614944274,22.479466319457497,0.056235486432672,2.7492758002216604,2.204082e-05,32.259462301835065,0.1109831229015014,2165.355285077557,-2.0280569647901006
FTdiesel,BG,BEC,solar,BG_H_BEC_C_solar_E,Czech Republic,1,2024,535.9388944,1192.0320383580822,1727.9709327580822,-2.195297614944274,20.116912701968747,0.050472039353065,2.379638617852863,0.00025346943,23.3502251072855,0.0803324270755801,1773.8177091851892,-2.0642396790856288
FTdiesel,BG,BEC,solar,BG_H_BEC_C_solar_E,Japan,1,2024,636.0593472,1295.2475919353978,1931.306939135398,-2.195297614944274,9.189850389558206,0.0238154822671406,2.7830718849792215,0.0002951020899999,10.883317676785154,0.037442179661811,1954.1631790867202,-2.133744850925322
FTdiesel,BG,BEC,solar,BG_H_BEC_C_solar_E,Belgium,1,2024,603.667436,1350.9505682756287,1954.618004275629,-2.195297614944274,3.4085918579759573,0.009712108124158,2.681468930026576,8.448981e-05,30.5709421535067,0.1051740602026191,1991.279007217138,-2.0803269568074967
FTdiesel,BG,BEC,solar,BG_H_BEC_C_solar_E,Poland,1,2024,544.773052,1231.5295569078507,1776.3026089078508,-2.195297614944274,11.190987172400249,0.0286972533565199,2.5279607796581307,0.000376530675,33.598398530039475,0.1155895023439644,1823.6199553899487,-2.050634328568789
FTdiesel,BG,BEC,solar,BG_H_BEC_C_solar_E,India,1,2024,521.2152984,1102.033740131622,1623.249038531622,-2.195297614944274,29.28312225525748,0.0728329979742376,2.2544758515107515,0.0004334694599999,5.688980011316389,0.0195719557217851,1660.4756166497066,-2.102459191788251
FTdiesel,BG,BEC,solar,BG_H_BEC_C_solar_E,Indonesia,1,2024,474.0997912,1157.4132998407367,1631.5130910407368,-2.195297614944274,14.61998306903098,0.0370622852610349,2.0234244152159944,0.00039551027,4.181375475295838,0.0143853020217787,1652.3378740002795,-2.14345451739146
FTdiesel,BG,BEC,solar,BG_H_BEC_C_solar_E,South Korea,1,2024,553.6072096,1222.2075703018534,1775.8147799018534,-2.195297614944274,7.475045488669049,0.0196322175044002,2.3830175864633967,0.00025346943,9.464485512890445,0.0325609320158088,1795.1373284898764,-2.1428509959940647
FTdiesel,BG,BEC,solar,BG_H_BEC_C_solar_E,China,1,2024,538.8836136,1103.402558066308,1642.286171666308,-2.195297614944274,78.01603497926587,0.1917168876099259,2.3068344201212856,0.0003428572,7.973956058968025,0.027433022194337,1730.5829971246633,-1.9758048479400105
FTdiesel,BG,BEC,solar,BG_H_BEC_C_solar_E,United Arab Emirates,1,2024,562.4413672000001,1050.2496322025197,1612.6909994025198,-2.195297614944274,10.874670054831256,0.0279255980789476,2.4162376882686636,0.000234489835,12.32141811912569,0.042389716500573,1638.3033252647454,-2.1247478105297533
FTdiesel,BG,BEC,solar,BG_H_BEC_C_solar_E,United States,1,2024,588.94384,1253.842672546518,1842.7865125465185,-2.195297614944274,77.22609399097482,0.1897898273949423,2.549571468684465,0.00023510208,28.43951521566772,0.097841252991375,1951.0016932218455,-1.9074314324779567
FTdiesel,BG,BEC,solar,BG_H_BEC_C_solar_E,Turkey,1,2024,538.8836136,1121.256164371376,1660.139777971376,-2.195297614944274,10.108447857063252,0.026056399828645,2.3417323851212855,0.00028775515,20.04662805182993,0.0689669704975327,1692.6365862653904,-2.099986489468096
FTdiesel,BG,BEC,solar,BG_H_BEC_C_solar_E,Australia,1,2024,603.667436,1247.7827850265696,1851.4502210265696,-2.195297614944274,78.5068587948625,0.1929142517948745,2.664326070026576,0.00033795924,6.391330393975021,0.0219882712235498,1939.0127362854337,-1.9800571326858498
FTdiesel,BG,BEC,solar,BG_H_BEC_C_solar_E,Malaysia,1,2024,515.32586,1086.1493639669063,1601.4752239669065,-2.195297614944274,15.393900646700336,0.0389502563825607,2.230492381973906,0.0003697959799999,0.0,0.0,1619.0996169955806,-2.1559775625817132
FTdiesel,BG,BEC,solar,BG_H_BEC_C_solar_E,Canada,1,2024,600.7227168,1229.921029018003,1830.643745818003,-2.195297614944274,78.70135691476585,0.1933887297550139,2.5742730977581543,0.0001071428749999,26.62747568567551,0.0916072431378362,1938.5468515162027,-1.910194499176424
FTdiesel,BG,BEC,solar,BG_H_BEC_C_solar_E,Mexico,1,2024,518.2705791999999,1077.6784624511386,1595.9490416511385,-2.195297614944274,47.276868212502755,0.1167287224228995,2.2936065742423297,0.000321428625,34.83072858538064,0.1198291216131102,1680.3502450232643,-1.9584183422832642
FTdiesel,BG,BEC,solar,BG_H_BEC_C_solar_E,Thailand,1,2024,524.1600176000001,1074.527959660808,1598.687977260808,-2.195297614944274,11.625348230281595,0.0297568767030589,2.267998198779174,0.00033918373,2.9283584199813664,0.0100745126928526,1615.5096821098502,-2.1551270418183623
FTdiesel,BG,BEC,solar,BG_H_BEC_C_solar_E,Russia,1,2024,556.5519288,1095.561066843691,1652.112995643691,-2.195297614944274,144.09922899779946,0.3529267703223689,2.379397073731819,0.000274898005,11.6666877799746,0.040137229555271,1810.2583094951967,-1.8019587170616338
FTdiesel,BG,BEC,solar,BG_H_BEC_C_solar_E,Saudi Arabia,1,2024,562.4413672000001,1062.3898512271908,1624.8312184271908,-2.195297614944274,26.23477902530103,0.0653965678520688,2.390523398268664,0.00033795924,13.677948919801173,0.0470566270387092,1667.1344697705617,-2.0825064608134958
FTdiesel,LTE,BEC,solar,LTE_H_BEC_C_solar_E,South Africa,1,2024,634.02504275,2648.557770889854,3282.582813639854,-1.7508667261567354,24.44615260753832,0.0610332155761023,2.3548013591949744,0.0004340817049999,18.019043431492967,0.0619914148913485,3327.4028110380805,-1.6274080139842848
FTdiesel,LTE,BEC,solar,LTE_H_BEC_C_solar_E,Taiwan,1,2024,623.853518,1369.037617950611,1992.891135950611,-1.7508667261567354,6.501058897936567,0.0172561782346967,2.3668873873897067,0.0003893878199999,6.16439370608389,0.0212075346419098,2007.9234759420212,-1.712013625460129
FTdiesel,LTE,BEC,solar,LTE_H_BEC_C_solar_E,Switzerland,1,2024,749.30232325,2440.7683478694375,3190.0706711194375,-1.7508667261567354,11.91598488169044,0.0304658845102847,2.8910917913213336,2.2653065e-05,23.802983629832372,0.081890064778353,3228.6807314222815,-1.6384881238030977
FTdiesel,LTE,BEC,solar,LTE_H_BEC_C_solar_E,Singapore,1,2024,627.24402625,2198.4916588542687,2825.7356851042687,-1.7508667261567354,1.0470112370668925,0.0039510346686898,2.4514301546581305,0.000305510255,0.0,0.0,2829.2341264959937,-1.7466101812330457
FTdiesel,LTE,BEC,solar,LTE_H_BEC_C_solar_E,Hungary,1,2024,610.2914850000001,3018.350783940348,3628.642268940348,-1.7508667261567354,18.541511416877615,0.0466288495653053,2.336063308316018,0.0001120408349999,23.177945121447607,0.0797397274619654,3672.6977887869893,-1.6243861082944648
FTdiesel,LTE,BEC,solar,LTE_H_BEC_C_solar_E,Philippines,1,2024,606.90097675,2058.095660248616,2664.9966369986164,-1.7508667261567354,10.06971863492859,0.0259619199317423,2.293153201047596,0.0003753061849999,4.759250856001761,0.0163733827219021,2682.1187596905943,-1.7081561173180912
FTdiesel,LTE,BEC,solar,LTE_H_BEC_C_solar_E,Netherlands,1,2024,695.0541912499999,2244.8418019584974,2939.895993208497,-1.7508667261567354,5.099956915719565,0.0138381914140532,2.663713825026576,0.000154897985,30.632396011911936,0.1053854816161674,2978.2920599611557,-1.6314881551415148
FTdiesel,LTE,BEC,solar,LTE_H_BEC_C_solar_E,Norway,1,2024,769.64537275,3387.619731081786,4157.265103831786,-1.7508667261567354,21.492878472425655,0.0538287064114019,2.867531979931867,1.8979595e-05,32.507170316182204,0.111835319653659,4214.132684600326,-1.5851837204966746
FTdiesel,LTE,BEC,solar,LTE_H_BEC_C_solar_E,Oman,1,2024,647.5870757499999,1659.8896764752983,2307.4767522252987,-1.7508667261567354,18.275013143264257,0.0459787273054728,2.471951983268664,0.000333673525,11.822324485673947,0.0406726708306091,2340.046041837506,-1.6638816544956536
FTdiesel,LTE,BEC,solar,LTE_H_BEC_C_solar_E,Italy,1,2024,650.9775840000001,2055.216090153537,2706.193674153538,-1.7508667261567354,11.75089404467967,0.0300631455860138,2.6422090505370863,0.00017632656,23.3502251072855,0.0803324270755801,2743.93700235604,-1.6402948269351414
FTdiesel,LTE,BEC,solar,LTE_H_BEC_C_solar_E,Austria,1,2024,705.2257159999999,2365.8374395961837,3071.0631555961836,-1.7508667261567354,9.657120726756355,0.0249553877661634,2.7373420968318425,6.3061235e-05,23.3502251072855,0.0803324270755801,3106.8078435270572,-1.6455158500799918
FTdiesel,LTE,BEC,solar,LTE_H_BEC_C_solar_E,Finland,1,2024,732.349782,3351.76610632068,4084.11588832068,-1.7508667261567354,18.609053110807498,0.0467936174570265,2.7347045299792216,4.408164e-05,34.67020385876978,0.1192768639438567,4140.129849820237,-1.5847521631158523
FTdiesel,LTE,BEC,solar,LTE_H_BEC_C_solar_E,Portugal,1,2024,617.0725015,1726.2935944820551,2343.3660959820554,-1.7508667261567354,9.084205983650287,0.0235577628493887,2.330046772852863,6.857144e-05,26.541123516500846,0.0913101633751714,2381.3214722550592,-1.6359302284921755
FTdiesel,LTE,BEC,solar,LTE_H_BEC_C_solar_E,Germany,1,2024,698.4446995,2387.6340287335665,3086.0787282335664,-1.7508667261567354,13.79894112311398,0.0350593542924417,2.708460667294999,0.00021061228,31.332519932422898,0.1077941373584526,3133.9186499563984,-1.607802622225841
FTdiesel,LTE,BEC,solar,LTE_H_BEC_C_solar_E,Greece,1,2024,623.853518,1734.430290742894,2358.283808742894,-1.7508667261567354,8.004327760205324,0.020923401052402,2.410356782389708,0.0001959184,20.758426647186017,0.0714157909474949,2389.4569199326747,-1.6583316157568386
FTdiesel,LTE,BEC,solar,LTE_H_BEC_C_solar_E,France,1,2024,684.8826665,1947.9808136861725,2632.8634801861726,-1.7508667261567354,15.95728405527506,0.040324629618712,2.600493718221309,2.693878e-05,29.93460098090079,0.1029848380170222,2681.35585894057,-1.6075303197410011
FTdiesel,LTE,BEC,solar,LTE_H_BEC_C_solar_E,Brazil,1,2024,623.853518,2138.8939765725863,2762.747494572586,-1.7508667261567354,68.70691010575452,0.1690072872145006,2.341785342389707,6.3061235e-05,32.995143599028594,0.1135141076730027,2866.7913336197594,-1.4682822700342322
FTdiesel,LTE,BEC,solar,LTE_H_BEC_C_solar_E,United Kingdom,1,2024,722.17825725,2547.9343184708714,3270.1125757208715,-1.7508667261567354,12.86735560697842,0.0327867523998833,2.890055888173955,0.000129183695,29.72650671536288,0.102268925543615,3315.596493931387,-1.6156818645182374
FTdiesel,LTE,BEC,solar,LTE_H_BEC_C_solar_E,Spain,1,2024,630.6345345,1521.119744102475,2151.754278602475,-1.7508667261567354,21.30530921537091,0.0533711314049369,2.371891261926552,8.938776999999999e-05,25.59894363309946,0.0880687557901197,2201.030422712872,-1.609337451191679
FTdiesel,LTE,BEC,solar,LTE_H_BEC_C_solar_E,Sweden,1,2024,745.9118150000002,3362.0644599170355,4107.976274917036,-1.7508667261567354,22.479466319457497,0.056235486432672,2.7492758002216604,2.204082e-05,32.259462301835065,0.1109831229015014,4165.46447933855,-1.583626076002562
FTdiesel,LTE,BEC,solar,LTE_H_BEC_C_solar_E,Czech Republic,1,2024,617.0725015,2278.8035247912535,2895.8760262912538,-1.7508667261567354,20.116912701968747,0.050472039353065,2.379638617852863,0.00025346943,23.3502251072855,0.0803324270755801,2941.722802718361,-1.6198087902980902
FTdiesel,LTE,BEC,solar,LTE_H_BEC_C_solar_E,Japan,1,2024,732.349782,3620.775123894831,4353.124905894831,-1.7508667261567354,9.189850389558206,0.0238154822671406,2.7830718849792215,0.0002951020899999,10.883317676785154,0.037442179661811,4375.981145846153,-1.689313962137784
FTdiesel,LTE,BEC,solar,LTE_H_BEC_C_solar_E,Belgium,1,2024,695.0541912499999,3295.143246327051,3990.197437577051,-1.7508667261567354,3.4085918579759573,0.009712108124158,2.681468930026576,8.448981e-05,30.5709421535067,0.1051740602026191,4026.85844051856,-1.6358960680199583
FTdiesel,LTE,BEC,solar,LTE_H_BEC_C_solar_E,Poland,1,2024,627.24402625,3843.3784191616446,4470.622445411645,-1.7508667261567354,11.190987172400249,0.0286972533565199,2.5279607796581307,0.000376530675,33.598398530039475,0.1155895023439644,4517.939791893742,-1.606203439781251
FTdiesel,LTE,BEC,solar,LTE_H_BEC_C_solar_E,India,1,2024,600.1199602500001,1748.8940370937084,2349.0139973437085,-1.7508667261567354,29.28312225525748,0.0728329979742376,2.2544758515107515,0.0004334694599999,5.688980011316389,0.0195719557217851,2386.2405754617935,-1.6580283030007128
FTdiesel,LTE,BEC,solar,LTE_H_BEC_C_solar_E,Indonesia,1,2024,545.8718282499999,2441.5856847522514,2987.4575130022513,-1.7508667261567354,14.61998306903098,0.0370622852610349,2.0234244152159944,0.00039551027,4.181375475295838,0.0143853020217787,3008.2822959617943,-1.6990236286039218
FTdiesel,LTE,BEC,solar,LTE_H_BEC_C_solar_E,South Korea,1,2024,637.415551,2454.762230022709,3092.177781022709,-1.7508667261567354,7.475045488669049,0.0196322175044002,2.3830175864633967,0.00025346943,9.464485512890445,0.0325609320158088,3111.5003296107316,-1.6984201072065264
FTdiesel,LTE,BEC,solar,LTE_H_BEC_C_solar_E,China,1,2024,620.46300975,1351.8366483526356,1972.2996581026357,-1.7508667261567354,78.01603497926587,0.1917168876099259,2.3068344201212856,0.0003428572,7.973956058968025,0.027433022194337,2060.5964835609907,-1.5313739591524724
FTdiesel,LTE,BEC,solar,LTE_H_BEC_C_solar_E,United Arab Emirates,1,2024,647.5870757499999,1048.5147364322786,1696.1018121822783,-1.7508667261567354,10.874670054831256,0.0279255980789476,2.4162376882686636,0.000234489835,12.32141811912569,0.042389716500573,1721.714138044504,-1.6803169217422147
FTdiesel,LTE,BEC,solar,LTE_H_BEC_C_solar_E,United States,1,2024,678.10165,2183.719230384313,2861.820880384313,-1.7508667261567354,77.22609399097482,0.1897898273949423,2.549571468684465,0.00023510208,28.43951521566772,0.097841252991375,2970.03606105964,-1.463000543690418
FTdiesel,LTE,BEC,solar,LTE_H_BEC_C_solar_E,Turkey,1,2024,620.46300975,2896.854427534607,3517.317437284607,-1.7508667261567354,10.108447857063252,0.026056399828645,2.3417323851212855,0.00028775515,20.04662805182993,0.0689669704975327,3549.8142455786215,-1.6555556006805578
FTdiesel,LTE,BEC,solar,LTE_H_BEC_C_solar_E,Australia,1,2024,695.0541912499999,1424.9250641630754,2119.9792554130754,-1.7508667261567354,78.5068587948625,0.1929142517948745,2.664326070026576,0.00033795924,6.391330393975021,0.0219882712235498,2207.5417706719395,-1.5356262438983113
FTdiesel,LTE,BEC,solar,LTE_H_BEC_C_solar_E,Malaysia,1,2024,593.3389437500001,2187.404268949122,2780.743212699122,-1.7508667261567354,15.393900646700336,0.0389502563825607,2.230492381973906,0.0003697959799999,0.0,0.0,2798.367605727796,-1.7115466737941747
FTdiesel,LTE,BEC,solar,LTE_H_BEC_C_solar_E,Canada,1,2024,691.663683,3328.53995590714,4020.20363890714,-1.7508667261567354,78.70135691476585,0.1933887297550139,2.5742730977581543,0.0001071428749999,26.62747568567551,0.0916072431378362,4128.106744605339,-1.4657636103888854
FTdiesel,LTE,BEC,solar,LTE_H_BEC_C_solar_E,Mexico,1,2024,596.7294519999999,2304.647710923518,2901.377162923518,-1.7508667261567354,47.276868212502755,0.1167287224228995,2.2936065742423297,0.000321428625,34.83072858538064,0.1198291216131102,2985.778366295644,-1.5139874534957258
FTdiesel,LTE,BEC,solar,LTE_H_BEC_C_solar_E,Thailand,1,2024,603.5104685,1823.4296533931656,2426.9401218931657,-1.7508667261567354,11.625348230281595,0.0297568767030589,2.267998198779174,0.00033918373,2.9283584199813664,0.0100745126928526,2443.761826742208,-1.710696153030824
FTdiesel,LTE,BEC,solar,LTE_H_BEC_C_solar_E,Russia,1,2024,640.80605925,3227.2904417356294,3868.0965009856295,-1.7508667261567354,144.09922899779946,0.3529267703223689,2.379397073731819,0.000274898005,11.6666877799746,0.040137229555271,4026.2418148371353,-1.3575278282740955
FTdiesel,LTE,BEC,solar,LTE_H_BEC_C_solar_E,Saudi Arabia,1,2024,647.5870757499999,1633.6823046496486,2281.2693803996485,-1.7508667261567354,26.23477902530103,0.0653965678520688,2.390523398268664,0.00033795924,13.677948919801173,0.0470566270387092,2323.5726317430194,-1.6380755720259577
FTdiesel,SMR,BEC,solar,SMR_H_BEC_C_solar_E,South Africa,1,2024,415.5644569953527,611.7573433073758,1027.3218003027284,3.7285168900816306,24.44615260753832,0.0610332155761023,2.3548013591949744,0.0004340817049999,18.019043431492967,0.0619914148913485,1072.1417977009546,3.851975602254081
FTdiesel,SMR,BEC,solar,SMR_H_BEC_C_solar_E,Taiwan,1,2024,408.89764752483904,1312.434384860641,1721.33203238548,3.7285168900816306,6.501058897936567,0.0172561782346967,2.3668873873897067,0.0003893878199999,6.16439370608389,0.0212075346419098,1736.3643723768903,3.7673699907782368
FTdiesel,SMR,BEC,solar,SMR_H_BEC_C_solar_E,Switzerland,1,2024,491.12163099450777,5254.057792144307,5745.179423138815,3.7285168900816306,11.91598488169044,0.0304658845102847,2.8910917913213336,2.2653065e-05,23.802983629832372,0.081890064778353,5783.789483441659,3.840895492435268
FTdiesel,SMR,BEC,solar,SMR_H_BEC_C_solar_E,Singapore,1,2024,411.1199173483436,5587.104511239815,5998.224428588159,3.7285168900816306,1.0470112370668925,0.0039510346686898,2.4514301546581305,0.000305510255,0.0,0.0,6001.722869979883,3.7327734350053206
FTdiesel,SMR,BEC,solar,SMR_H_BEC_C_solar_E,Hungary,1,2024,400.0085682308208,2127.3267108089062,2527.335279039727,3.7285168900816306,18.541511416877615,0.0466288495653053,2.336063308316018,0.0001120408349999,23.177945121447607,0.0797397274619654,2571.3907988863684,3.854997507943901
FTdiesel,SMR,BEC,solar,SMR_H_BEC_C_solar_E,Philippines,1,2024,397.7862984073162,1275.4258258771229,1673.2121242844391,3.7285168900816306,10.06971863492859,0.0259619199317423,2.293153201047596,0.0003753061849999,4.759250856001761,0.0163733827219021,1690.334246976417,3.771227498920275
FTdiesel,SMR,BEC,solar,SMR_H_BEC_C_solar_E,Netherlands,1,2024,455.56531381843473,3617.3020570396775,4072.867370858112,3.7285168900816306,5.099956915719565,0.0138381914140532,2.663713825026576,0.000154897985,30.632396011911936,0.1053854816161674,4111.26343761077,3.847895461096851
FTdiesel,SMR,BEC,solar,SMR_H_BEC_C_solar_E,Norway,1,2024,504.4552499355352,2765.435005638274,3269.890255573809,3.7285168900816306,21.492878472425655,0.0538287064114019,2.867531979931867,1.8979595e-05,32.507170316182204,0.111835319653659,3326.7578363423486,3.894199895741692
FTdiesel,SMR,BEC,solar,SMR_H_BEC_C_solar_E,Oman,1,2024,424.453536289371,357.34307900899046,781.7966152983615,3.7285168900816306,18.275013143264257,0.0459787273054728,2.471951983268664,0.000333673525,11.822324485673947,0.0406726708306091,814.3659049105684,3.8155019617427124
FTdiesel,SMR,BEC,solar,SMR_H_BEC_C_solar_E,Italy,1,2024,426.6758061128755,4001.204376553974,4427.880182666849,3.7285168900816306,11.75089404467967,0.0300631455860138,2.6422090505370863,0.00017632656,23.3502251072855,0.0803324270755801,4465.623510869352,3.8390887893032244
FTdiesel,SMR,BEC,solar,SMR_H_BEC_C_solar_E,Austria,1,2024,462.23212328894846,3425.253554805118,3887.4856780940663,3.7285168900816306,9.657120726756355,0.0249553877661634,2.7373420968318425,6.3061235e-05,23.3502251072855,0.0803324270755801,3923.23036602494,3.833867766158374
FTdiesel,SMR,BEC,solar,SMR_H_BEC_C_solar_E,Finland,1,2024,480.01028187698495,3655.561429174083,4135.571711051068,3.7285168900816306,18.609053110807498,0.0467936174570265,2.7347045299792216,4.408164e-05,34.67020385876978,0.1192768639438567,4191.585672550625,3.8946314531225137
FTdiesel,SMR,BEC,solar,SMR_H_BEC_C_solar_E,Portugal,1,2024,404.4531078778299,3107.9717658639784,3512.4248737418084,3.7285168900816306,9.084205983650287,0.0235577628493887,2.330046772852863,6.857144e-05,26.541123516500846,0.0913101633751714,3550.380250014812,3.843453387746191
FTdiesel,SMR,BEC,solar,SMR_H_BEC_C_solar_E,Germany,1,2024,457.78758364193936,3213.8695584958123,3671.657142137752,3.7285168900816306,13.79894112311398,0.0350593542924417,2.708460667294999,0.00021061228,31.332519932422898,0.1077941373584526,3719.497063860584,3.871580994012525
FTdiesel,SMR,BEC,solar,SMR_H_BEC_C_solar_E,Greece,1,2024,408.89764752483904,1774.505650398335,2183.4032979231743,3.7285168900816306,8.004327760205324,0.020923401052402,2.410356782389708,0.0001959184,20.758426647186017,0.0714157909474949,2214.576409112955,3.821052000481528
FTdiesel,SMR,BEC,solar,SMR_H_BEC_C_solar_E,France,1,2024,448.8985043479211,3528.4393980535983,3977.3379024015194,3.7285168900816306,15.95728405527506,0.040324629618712,2.600493718221309,2.693878e-05,29.93460098090079,0.1029848380170222,4025.830281155917,3.8718532964973646
FTdiesel,SMR,BEC,solar,SMR_H_BEC_C_solar_E,Brazil,1,2024,408.89764752483904,3389.144160740899,3798.0418082657384,3.7285168900816306,68.70691010575452,0.1690072872145006,2.341785342389707,6.3061235e-05,32.995143599028594,0.1135141076730027,3902.0856473129115,4.011101346204134
FTdiesel,SMR,BEC,solar,SMR_H_BEC_C_solar_E,United Kingdom,1,2024,473.3434724064713,2653.7843549266427,3127.127827333114,3.7285168900816306,12.86735560697842,0.0327867523998833,2.890055888173955,0.000129183695,29.72650671536288,0.102268925543615,3172.6117455436297,3.863701751720129
FTdiesel,SMR,BEC,solar,SMR_H_BEC_C_solar_E,Spain,1,2024,413.3421871718482,2614.383748525823,3027.7259356976715,3.7285168900816306,21.30530921537091,0.0533711314049369,2.371891261926552,8.938776999999999e-05,25.59894363309946,0.0880687557901197,3077.0020798080686,3.8700461650466873
FTdiesel,SMR,BEC,solar,SMR_H_BEC_C_solar_E,Sweden,1,2024,488.8993611710032,5287.963615658913,5776.862976829916,3.7285168900816306,22.479466319457497,0.056235486432672,2.7492758002216604,2.204082e-05,32.259462301835065,0.1109831229015014,5834.35118125143,3.895757540235804
FTdiesel,SMR,BEC,solar,SMR_H_BEC_C_solar_E,Czech Republic,1,2024,404.4531078778299,2638.0049523068747,3042.4580601847047,3.7285168900816306,20.116912701968747,0.050472039353065,2.379638617852863,0.00025346943,23.3502251072855,0.0803324270755801,3088.304836611812,3.8595748259402756
FTdiesel,SMR,BEC,solar,SMR_H_BEC_C_solar_E,Japan,1,2024,480.01028187698495,2798.9527775626193,3278.9630594396044,3.7285168900816306,9.189850389558206,0.0238154822671406,2.7830718849792215,0.0002951020899999,10.883317676785154,0.037442179661811,3301.819299390927,3.7900696541005825
FTdiesel,SMR,BEC,solar,SMR_H_BEC_C_solar_E,Belgium,1,2024,455.56531381843473,2190.018658444639,2645.583972263074,3.7285168900816306,3.4085918579759573,0.009712108124158,2.681468930026576,8.448981e-05,30.5709421535067,0.1051740602026191,2682.244975204583,3.8434875482184077
FTdiesel,SMR,BEC,solar,SMR_H_BEC_C_solar_E,Poland,1,2024,411.1199173483436,2940.616138724573,3351.7360560729167,3.7285168900816306,11.190987172400249,0.0286972533565199,2.5279607796581307,0.000376530675,33.598398530039475,0.1155895023439644,3399.0534025550146,3.873180176457115
FTdiesel,SMR,BEC,solar,SMR_H_BEC_C_solar_E,India,1,2024,393.3417587603071,1937.0821635676616,2330.4239223279683,3.7285168900816306,29.28312225525748,0.0728329979742376,2.2544758515107515,0.0004334694599999,5.688980011316389,0.0195719557217851,2367.6505004460532,3.821355313237653
FTdiesel,SMR,BEC,solar,SMR_H_BEC_C_solar_E,Indonesia,1,2024,357.78544158423415,2993.6916962514424,3351.4771378356763,3.7285168900816306,14.61998306903098,0.0370622852610349,2.0234244152159944,0.00039551027,4.181375475295838,0.0143853020217787,3372.3019207952193,3.7803599876344443
FTdiesel,SMR,BEC,solar,SMR_H_BEC_C_solar_E,South Korea,1,2024,417.7867268188573,2237.8620389291123,2655.6487657479697,3.7285168900816306,7.475045488669049,0.0196322175044002,2.3830175864633967,0.00025346943,9.464485512890445,0.0325609320158088,2674.9713143359922,3.7809635090318396
FTdiesel,SMR,BEC,solar,SMR_H_BEC_C_solar_E,China,1,2024,406.67537770133447,1927.9364605736569,2334.611838274991,3.7285168900816306,78.01603497926587,0.1917168876099259,2.3068344201212856,0.0003428572,7.973956058968025,0.027433022194337,2422.908663733346,3.9480096570858936
FTdiesel,SMR,BEC,solar,SMR_H_BEC_C_solar_E,United Arab Emirates,1,2024,424.453536289371,340.4704032264206,764.9239395157916,3.7285168900816306,10.874670054831256,0.0279255980789476,2.4162376882686636,0.000234489835,12.32141811912569,0.042389716500573,790.5362653780172,3.799066694496151
FTdiesel,SMR,BEC,solar,SMR_H_BEC_C_solar_E,United States,1,2024,444.453964700912,1389.3825267801697,1833.8364914810816,3.7285168900816306,77.22609399097482,0.1897898273949423,2.549571468684465,0.00023510208,28.43951521566772,0.097841252991375,1942.0516721564086,4.0163830725479475
FTdiesel,SMR,BEC,solar,SMR_H_BEC_C_solar_E,Turkey,1,2024,406.67537770133447,1191.471004501634,1598.1463822029689,3.7285168900816306,10.108447857063252,0.026056399828645,2.3417323851212855,0.00028775515,20.04662805182993,0.0689669704975327,1630.6431904969834,3.823828015557808
FTdiesel,SMR,BEC,solar,SMR_H_BEC_C_solar_E,Australia,1,2024,455.56531381843473,1720.2955891836575,2175.8609030020925,3.7285168900816306,78.5068587948625,0.1929142517948745,2.664326070026576,0.00033795924,6.391330393975021,0.0219882712235498,2263.4234182609566,3.9437573723400545
FTdiesel,SMR,BEC,solar,SMR_H_BEC_C_solar_E,Malaysia,1,2024,388.897219113298,1108.6387655823514,1497.5359846956494,3.7285168900816306,15.393900646700336,0.0389502563825607,2.230492381973906,0.0003697959799999,0.0,0.0,1515.1603777243236,3.767836942444191
FTdiesel,SMR,BEC,solar,SMR_H_BEC_C_solar_E,Canada,1,2024,453.3430439949302,956.9966290865996,1410.3396730815298,3.7285168900816306,78.70135691476585,0.1933887297550139,2.5742730977581543,0.0001071428749999,26.62747568567551,0.0916072431378362,1518.2427787797294,4.01362000584948
FTdiesel,SMR,BEC,solar,SMR_H_BEC_C_solar_E,Mexico,1,2024,391.11948893680255,739.014986710641,1130.1344756474437,3.7285168900816306,47.276868212502755,0.1167287224228995,2.2936065742423297,0.000321428625,34.83072858538064,0.1198291216131102,1214.5356790195694,3.96539616274264
FTdiesel,SMR,BEC,solar,SMR_H_BEC_C_solar_E,Thailand,1,2024,395.5640285838117,1180.0628850672242,1575.626913651036,3.7285168900816306,11.625348230281595,0.0297568767030589,2.267998198779174,0.00033918373,2.9283584199813664,0.0100745126928526,1592.448618500078,3.768687463207542
FTdiesel,SMR,BEC,solar,SMR_H_BEC_C_solar_E,Russia,1,2024,420.00899664236186,555.4569562942386,975.4659529366004,3.7285168900816306,144.09922899779946,0.3529267703223689,2.379397073731819,0.000274898005,11.6666877799746,0.040137229555271,1133.6112667881061,4.121855787964271
FTdiesel,SMR,BEC,solar,SMR_H_BEC_C_solar_E,Saudi Arabia,1,2024,424.453536289371,350.3886806581812,774.8422169475523,3.7285168900816306,26.23477902530103,0.0653965678520688,2.390523398268664,0.00033795924,13.677948919801173,0.0470566270387092,817.1454682909232,3.8413080442124086
FTdiesel,SMRCCS,BEC,solar,SMRCCS_H_BEC_C_solar_E,South Africa,1,2024,589.1331816957545,801.0307091421411,1390.1638908378957,-1.7286490498690632,24.44615260753832,0.0610332155761023,2.3548013591949744,0.0004340817049999,18.019043431492967,0.0619914148913485,1434.9838882361219,-1.6051903376966126
FTdiesel,SMRCCS,BEC,solar,SMRCCS_H_BEC_C_solar_E,Taiwan,1,2024,579.6818472300471,1670.7680175143464,2250.4498647443934,-1.7286490498690632,6.501058897936567,0.0172561782346967,2.3668873873897067,0.0003893878199999,6.16439370608389,0.0212075346419098,2265.482204735804,-1.6897959491724568
FTdiesel,SMRCCS,BEC,solar,SMRCCS_H_BEC_C_solar_E,Switzerland,1,2024,696.2483056404371,6728.959851629793,7425.20815727023,-1.7286490498690632,11.91598488169044,0.0304658845102847,2.8910917913213336,2.2653065e-05,23.802983629832372,0.081890064778353,7463.818217573074,-1.6162704475154255
FTdiesel,SMRCCS,BEC,solar,SMRCCS_H_BEC_C_solar_E,Singapore,1,2024,582.8322920519496,7174.342416885862,7757.174708937811,-1.7286490498690632,1.0470112370668925,0.0039510346686898,2.4514301546581305,0.000305510255,0.0,0.0,7760.673150329536,-1.7243925049453734
FTdiesel,SMRCCS,BEC,solar,SMRCCS_H_BEC_C_solar_E,Hungary,1,2024,567.0800679424375,2755.236834819845,3322.3169027622826,-1.7286490498690632,18.541511416877615,0.0466288495653053,2.336063308316018,0.0001120408349999,23.177945121447607,0.0797397274619654,3366.372422608924,-1.6021684320067926
FTdiesel,SMRCCS,BEC,solar,SMRCCS_H_BEC_C_solar_E,Philippines,1,2024,563.9296231205351,1643.5538574663324,2207.4834805868677,-1.7286490498690632,10.06971863492859,0.0259619199317423,2.293153201047596,0.0003753061849999,4.759250856001761,0.0163733827219021,2224.6056032788456,-1.685938441030419
FTdiesel,SMRCCS,BEC,solar,SMRCCS_H_BEC_C_solar_E,Netherlands,1,2024,645.8411884899982,4637.7695076496875,5283.610696139685,-1.7286490498690632,5.099956915719565,0.0138381914140532,2.663713825026576,0.000154897985,30.632396011911936,0.1053854816161674,5322.0067628923425,-1.6092704788538426
FTdiesel,SMRCCS,BEC,solar,SMRCCS_H_BEC_C_solar_E,Norway,1,2024,715.1509745718516,3557.6140890062425,4272.765063578094,-1.7286490498690632,21.492878472425655,0.0538287064114019,2.867531979931867,1.8979595e-05,32.507170316182204,0.111835319653659,4329.632644346633,-1.5629660442090023
FTdiesel,SMRCCS,BEC,solar,SMRCCS_H_BEC_C_solar_E,Oman,1,2024,601.7349609833642,451.7396071673683,1053.4745681507325,-1.7286490498690632,18.275013143264257,0.0459787273054728,2.471951983268664,0.000333673525,11.822324485673947,0.0406726708306091,1086.0438577629393,-1.6416639782079814
FTdiesel,SMRCCS,BEC,solar,SMRCCS_H_BEC_C_solar_E,Italy,1,2024,604.8854058052666,5127.797021033923,5732.682426839189,-1.7286490498690632,11.75089404467967,0.0300631455860138,2.6422090505370863,0.00017632656,23.3502251072855,0.0803324270755801,5770.425755041692,-1.6180771506474692
FTdiesel,SMRCCS,BEC,solar,SMRCCS_H_BEC_C_solar_E,Austria,1,2024,655.2925229557055,4389.656424027515,5044.948946983221,-1.7286490498690632,9.657120726756355,0.0249553877661634,2.7373420968318425,6.3061235e-05,23.3502251072855,0.0803324270755801,5080.693634914094,-1.6232981737923196
FTdiesel,SMRCCS,BEC,solar,SMRCCS_H_BEC_C_solar_E,Finland,1,2024,680.496081530925,4708.173682397431,5388.669763928356,-1.7286490498690632,18.609053110807498,0.0467936174570265,2.7347045299792216,4.408164e-05,34.67020385876978,0.1192768639438567,5444.683725427913,-1.56253448682818
FTdiesel,SMRCCS,BEC,solar,SMRCCS_H_BEC_C_solar_E,Portugal,1,2024,573.3809575862423,3987.785193050768,4561.16615063701,-1.7286490498690632,9.084205983650287,0.0235577628493887,2.330046772852863,6.857144e-05,26.541123516500846,0.0913101633751714,4599.121526910015,-1.6137125522045033
FTdiesel,SMRCCS,BEC,solar,SMRCCS_H_BEC_C_solar_E,Germany,1,2024,648.9916333119006,4116.631028357098,4765.622661668999,-1.7286490498690632,13.79894112311398,0.0350593542924417,2.708460667294999,0.00021061228,31.332519932422898,0.1077941373584526,4813.462583391831,-1.5855849459381688
FTdiesel,SMRCCS,BEC,solar,SMRCCS_H_BEC_C_solar_E,Greece,1,2024,579.6818472300471,2269.221046135517,2848.902893365564,-1.7286490498690632,8.004327760205324,0.020923401052402,2.410356782389708,0.0001959184,20.758426647186017,0.0714157909474949,2880.0760045553448,-1.6361139394691664
FTdiesel,SMRCCS,BEC,solar,SMRCCS_H_BEC_C_solar_E,France,1,2024,636.3898540242909,4514.6984958914245,5151.088349915715,-1.7286490498690632,15.95728405527506,0.040324629618712,2.600493718221309,2.693878e-05,29.93460098090079,0.1029848380170222,5199.580728670112,-1.585312643453329
FTdiesel,SMRCCS,BEC,solar,SMRCCS_H_BEC_C_solar_E,Brazil,1,2024,579.6818472300471,4359.462060492111,4939.1439077221585,-1.7286490498690632,68.70691010575452,0.1690072872145006,2.341785342389707,6.3061235e-05,32.995143599028594,0.1135141076730027,5043.187746769331,-1.44606459374656
FTdiesel,SMRCCS,BEC,solar,SMRCCS_H_BEC_C_solar_E,United Kingdom,1,2024,671.0447470652176,3409.7942256967344,4080.838972761952,-1.7286490498690632,12.86735560697842,0.0327867523998833,2.890055888173955,0.000129183695,29.72650671536288,0.102268925543615,4126.322890972468,-1.593464188230565
FTdiesel,SMRCCS,BEC,solar,SMRCCS_H_BEC_C_solar_E,Spain,1,2024,585.9827368738521,3340.124109752519,3926.106846626371,-1.7286490498690632,21.30530921537091,0.0533711314049369,2.371891261926552,8.938776999999999e-05,25.59894363309946,0.0880687557901197,3975.382990736768,-1.5871197749040067
FTdiesel,SMRCCS,BEC,solar,SMRCCS_H_BEC_C_solar_E,Sweden,1,2024,693.0978608185347,6805.530151108623,7498.628011927158,-1.7286490498690632,22.479466319457497,0.056235486432672,2.7492758002216604,2.204082e-05,32.259462301835065,0.1109831229015014,7556.1162163486715,-1.5614083997148898
FTdiesel,SMRCCS,BEC,solar,SMRCCS_H_BEC_C_solar_E,Czech Republic,1,2024,573.3809575862423,3396.3894183148486,3969.770375901091,-1.7286490498690632,20.116912701968747,0.050472039353065,2.379638617852863,0.00025346943,23.3502251072855,0.0803324270755801,4015.6171523281982,-1.597591114010418
FTdiesel,SMRCCS,BEC,solar,SMRCCS_H_BEC_C_solar_E,Japan,1,2024,680.496081530925,3619.399818451853,4299.895899982778,-1.7286490498690632,9.189850389558206,0.0238154822671406,2.7830718849792215,0.0002951020899999,10.883317676785154,0.037442179661811,4322.7521399341,-1.6670962858501117
FTdiesel,SMRCCS,BEC,solar,SMRCCS_H_BEC_C_solar_E,Belgium,1,2024,645.8411884899982,2815.8928610106504,3461.734049500649,-1.7286490498690632,3.4085918579759573,0.009712108124158,2.681468930026576,8.448981e-05,30.5709421535067,0.1051740602026191,3498.395052442158,-1.6136783917322859
FTdiesel,SMRCCS,BEC,solar,SMRCCS_H_BEC_C_solar_E,Poland,1,2024,582.8322920519496,3819.340513664116,4402.172805716065,-1.7286490498690632,11.190987172400249,0.0286972533565199,2.5279607796581307,0.000376530675,33.598398530039475,0.1155895023439644,4449.490152198163,-1.5839857634935788
FTdiesel,SMRCCS,BEC,solar,SMRCCS_H_BEC_C_solar_E,India,1,2024,557.6287334767302,2487.677347965776,3045.306081442506,-1.7286490498690632,29.28312225525748,0.0728329979742376,2.2544758515107515,0.0004334694599999,5.688980011316389,0.0195719557217851,3082.532659560591,-1.6358106267130406
FTdiesel,SMRCCS,BEC,solar,SMRCCS_H_BEC_C_solar_E,Indonesia,1,2024,507.22161632629127,3861.65695424168,4368.878570567971,-1.7286490498690632,14.61998306903098,0.0370622852610349,2.0234244152159944,0.00039551027,4.181375475295838,0.0143853020217787,4389.703353527514,-1.6768059523162495
FTdiesel,SMRCCS,BEC,solar,SMRCCS_H_BEC_C_solar_E,South Korea,1,2024,592.2836265176569,2874.8257871619007,3467.1094136795577,-1.7286490498690632,7.475045488669049,0.0196322175044002,2.3830175864633967,0.00025346943,9.464485512890445,0.0325609320158088,3486.4319622675803,-1.6762024309188541
FTdiesel,SMRCCS,BEC,solar,SMRCCS_H_BEC_C_solar_E,China,1,2024,576.5314024081447,2465.915102536268,3042.4465049444125,-1.7286490498690632,78.01603497926587,0.1917168876099259,2.3068344201212856,0.0003428572,7.973956058968025,0.027433022194337,3130.7433304027677,-1.5091562828648004
FTdiesel,SMRCCS,BEC,solar,SMRCCS_H_BEC_C_solar_E,United Arab Emirates,1,2024,601.7349609833642,416.65068584562914,1018.3856468289932,-1.7286490498690632,10.874670054831256,0.0279255980789476,2.4162376882686636,0.000234489835,12.32141811912569,0.042389716500573,1043.9979726912188,-1.6580992454545425
FTdiesel,SMRCCS,BEC,solar,SMRCCS_H_BEC_C_solar_E,United States,1,2024,630.0889643804861,1768.0824540091614,2398.171418389647,-1.7286490498690632,77.22609399097482,0.1897898273949423,2.549571468684465,0.00023510208,28.43951521566772,0.097841252991375,2506.386599064974,-1.4407828674027459
FTdiesel,SMRCCS,BEC,solar,SMRCCS_H_BEC_C_solar_E,Turkey,1,2024,576.5314024081447,1550.5884438367511,2127.1198462448956,-1.7286490498690632,10.108447857063252,0.026056399828645,2.3417323851212855,0.00028775515,20.04662805182993,0.0689669704975327,2159.61665453891,-1.6333379243928856
FTdiesel,SMRCCS,BEC,solar,SMRCCS_H_BEC_C_solar_E,Australia,1,2024,645.8411884899982,2178.713767418821,2824.5549559088195,-1.7286490498690632,78.5068587948625,0.1929142517948745,2.664326070026576,0.00033795924,6.391330393975021,0.0219882712235498,2912.1174711676836,-1.513408567610639
FTdiesel,SMRCCS,BEC,solar,SMRCCS_H_BEC_C_solar_E,Malaysia,1,2024,551.3278438329253,1430.5139303060962,1981.8417741390217,-1.7286490498690632,15.393900646700336,0.0389502563825607,2.230492381973906,0.0003697959799999,0.0,0.0,1999.4661671676959,-1.6893289975065024
FTdiesel,SMRCCS,BEC,solar,SMRCCS_H_BEC_C_solar_E,Canada,1,2024,642.6907436680957,1242.876956491362,1885.5677001594577,-1.7286490498690632,78.70135691476585,0.1933887297550139,2.5742730977581543,0.0001071428749999,26.62747568567551,0.0916072431378362,1993.4708058576573,-1.4435459341012131
FTdiesel,SMRCCS,BEC,solar,SMRCCS_H_BEC_C_solar_E,Mexico,1,2024,554.4782886548277,957.637346178978,1512.115634833806,-1.7286490498690632,47.276868212502755,0.1167287224228995,2.2936065742423297,0.000321428625,34.83072858538064,0.1198291216131102,1596.516838205932,-1.4917697772080536
FTdiesel,SMRCCS,BEC,solar,SMRCCS_H_BEC_C_solar_E,Thailand,1,2024,560.7791782986327,1515.9666133335274,2076.74579163216,-1.7286490498690632,11.625348230281595,0.0297568767030589,2.267998198779174,0.00033918373,2.9283584199813664,0.0100745126928526,2093.5674964812024,-1.6884784767431518
FTdiesel,SMRCCS,BEC,solar,SMRCCS_H_BEC_C_solar_E,Russia,1,2024,595.4340713395594,741.4622782755546,1336.896349615114,-1.7286490498690632,144.09922899779946,0.3529267703223689,2.379397073731819,0.000274898005,11.6666877799746,0.040137229555271,1495.0416634666199,-1.3353101519864232
FTdiesel,SMRCCS,BEC,solar,SMRCCS_H_BEC_C_solar_E,Saudi Arabia,1,2024,601.7349609833642,442.4719282327821,1044.2068892161462,-1.7286490498690632,26.23477902530103,0.0653965678520688,2.390523398268664,0.00033795924,13.677948919801173,0.0470566270387092,1086.5101405595171,-1.6158578957382854
FTdiesel,BG,BG,solar,BG_H_C_solar_E,South Africa,1,2024,550.6624904,958.0900885026612,1508.7525789026613,-2.077713893122654,24.44615260753832,0.0610332155761023,2.3548013591949744,0.0004340817049999,18.019043431492967,0.0619914148913485,1553.5725763008875,-1.9542551809502033
FTdiesel,BG,BG,solar,BG_H_C_solar_E,Taiwan,1,2024,541.8283328,965.4432855239072,1507.2716183239072,-2.077713893122654,6.501058897936567,0.0172561782346967,2.3668873873897067,0.0003893878199999,6.16439370608389,0.0212075346419098,1522.3039583153175,-2.038860792426048
FTdiesel,BG,BG,solar,BG_H_C_solar_E,Switzerland,1,2024,650.7829432000001,1374.8644588261398,2025.64740202614,-2.077713893122654,11.91598488169044,0.0304658845102847,2.8910917913213336,2.2653065e-05,23.802983629832372,0.081890064778353,2064.2574623289843,-1.965335290769017
FTdiesel,BG,BG,solar,BG_H_C_solar_E,Singapore,1,2024,544.773052,1234.4356230479077,1779.2086750479075,-2.077713893122654,1.0470112370668925,0.0039510346686898,2.4514301546581305,0.000305510255,0.0,0.0,1782.7071164396325,-2.073457348198964
FTdiesel,BG,BG,solar,BG_H_C_solar_E,Hungary,1,2024,530.049456,1038.132302727949,1568.181758727949,-2.077713893122654,18.541511416877615,0.0466288495653053,2.336063308316018,0.0001120408349999,23.177945121447607,0.0797397274619654,1612.2372785745904,-1.9512332752603836
FTdiesel,BG,BG,solar,BG_H_C_solar_E,Philippines,1,2024,527.1047368000001,950.280036974866,1477.384773774866,-2.077713893122654,10.06971863492859,0.0259619199317423,2.293153201047596,0.0003753061849999,4.759250856001761,0.0163733827219021,1494.506896466844,-2.03500328428401
FTdiesel,BG,BG,solar,BG_H_C_solar_E,Netherlands,1,2024,603.667436,1193.965989640996,1797.633425640996,-2.077713893122654,5.099956915719565,0.0138381914140532,2.663713825026576,0.000154897985,30.632396011911936,0.1053854816161674,1836.029492393654,-1.9583353221074336
FTdiesel,BG,BG,solar,BG_H_C_solar_E,Norway,1,2024,668.4512583999999,1252.034068884942,1920.4853272849416,-2.077713893122654,21.492878472425655,0.0538287064114019,2.867531979931867,1.8979595e-05,32.507170316182204,0.111835319653659,1977.3529080534813,-1.912030887462593
FTdiesel,BG,BG,solar,BG_H_C_solar_E,Oman,1,2024,562.4413672000001,932.2373122025195,1494.6786794025195,-2.077713893122654,18.275013143264257,0.0459787273054728,2.471951983268664,0.000333673525,11.822324485673947,0.0406726708306091,1527.2479690147263,-1.9907288214615724
FTdiesel,BG,BG,solar,BG_H_C_solar_E,Italy,1,2024,565.3860864,1190.0067923946074,1755.3928787946074,-2.077713893122654,11.75089404467967,0.0300631455860138,2.6422090505370863,0.00017632656,23.3502251072855,0.0803324270755801,1793.1362069971096,-1.9671419939010604
FTdiesel,BG,BG,solar,BG_H_C_solar_E,Austria,1,2024,612.5015936,1208.7709456281204,1821.2725392281204,-2.077713893122654,9.657120726756355,0.0249553877661634,2.7373420968318425,6.3061235e-05,23.3502251072855,0.0803324270755801,1857.017227158994,-1.9723630170459105
FTdiesel,BG,BG,solar,BG_H_C_solar_E,Finland,1,2024,636.0593472,1244.3550659524542,1880.4144131524545,-2.077713893122654,18.609053110807498,0.0467936174570265,2.7347045299792216,4.408164e-05,34.67020385876978,0.1192768639438567,1936.428374652011,-1.911599330081771
FTdiesel,BG,BG,solar,BG_H_C_solar_E,Portugal,1,2024,535.9388944,1057.722845320406,1593.661739720406,-2.077713893122654,9.084205983650287,0.0235577628493887,2.330046772852863,6.857144e-05,26.541123516500846,0.0913101633751714,1631.6171159934102,-1.962777395458094
FTdiesel,BG,BG,solar,BG_H_C_solar_E,Germany,1,2024,606.6121552,1219.2589581585387,1825.8711133585389,-2.077713893122654,13.79894112311398,0.0350593542924417,2.708460667294999,0.00021061228,31.332519932422898,0.1077941373584526,1873.7110350813707,-1.93464978919176
FTdiesel,BG,BG,solar,BG_H_C_solar_E,Greece,1,2024,541.8283328,1020.4380142101166,1562.2663470101163,-2.077713893122654,8.004327760205324,0.020923401052402,2.410356782389708,0.0001959184,20.758426647186017,0.0714157909474949,1593.4394581998974,-1.985178782722757
FTdiesel,BG,BG,solar,BG_H_C_solar_E,France,1,2024,594.8332784000002,1193.9846527251557,1788.8179311251558,-2.077713893122654,15.95728405527506,0.040324629618712,2.600493718221309,2.693878e-05,29.93460098090079,0.1029848380170222,1837.310309879553,-1.9343774867069201
FTdiesel,BG,BG,solar,BG_H_C_solar_E,Brazil,1,2024,541.8283328,1064.4732059338132,1606.3015387338132,-2.077713893122654,68.70691010575452,0.1690072872145006,2.341785342389707,6.3061235e-05,32.995143599028594,0.1135141076730027,1710.3453777809862,-1.795129437000151
FTdiesel,BG,BG,solar,BG_H_C_solar_E,United Kingdom,1,2024,627.2251896,1138.9345165757015,1766.1597061757016,-2.077713893122654,12.86735560697842,0.0327867523998833,2.890055888173955,0.000129183695,29.72650671536288,0.102268925543615,1811.6436243862167,-1.9425290314841557
FTdiesel,BG,BG,solar,BG_H_C_solar_E,Spain,1,2024,547.7177712,1084.87898099886,1632.59675219886,-2.077713893122654,21.30530921537091,0.0533711314049369,2.371891261926552,8.938776999999999e-05,25.59894363309946,0.0880687557901197,1681.872896309257,-1.9361846181575975
FTdiesel,BG,BG,solar,BG_H_C_solar_E,Sweden,1,2024,647.838224,1324.0288566560423,1971.8670806560424,-2.077713893122654,22.479466319457497,0.056235486432672,2.7492758002216604,2.204082e-05,32.259462301835065,0.1109831229015014,2029.3552850775568,-1.910473242968481
FTdiesel,BG,BG,solar,BG_H_C_solar_E,Czech Republic,1,2024,535.9388944,1056.0320383580824,1591.9709327580824,-2.077713893122654,20.116912701968747,0.050472039353065,2.379638617852863,0.00025346943,23.3502251072855,0.0803324270755801,1637.8177091851894,-1.9466559572640092
FTdiesel,BG,BG,solar,BG_H_C_solar_E,Japan,1,2024,636.0593472,1159.2475919353978,1795.306939135398,-2.077713893122654,9.189850389558206,0.0238154822671406,2.7830718849792215,0.0002951020899999,10.883317676785154,0.037442179661811,1818.1631790867202,-2.0161611291037023
FTdiesel,BG,BG,solar,BG_H_C_solar_E,Belgium,1,2024,603.667436,1214.9505682756287,1818.618004275629,-2.077713893122654,3.4085918579759573,0.009712108124158,2.681468930026576,8.448981e-05,30.5709421535067,0.1051740602026191,1855.279007217138,-1.962743234985877
FTdiesel,BG,BG,solar,BG_H_C_solar_E,Poland,1,2024,544.773052,1095.5295569078507,1640.3026089078508,-2.077713893122654,11.190987172400249,0.0286972533565199,2.5279607796581307,0.000376530675,33.598398530039475,0.1155895023439644,1687.6199553899487,-1.9330506067471698
FTdiesel,BG,BG,solar,BG_H_C_solar_E,India,1,2024,521.2152984,966.033740131622,1487.249038531622,-2.077713893122654,29.28312225525748,0.0728329979742376,2.2544758515107515,0.0004334694599999,5.688980011316389,0.0195719557217851,1524.4756166497066,-1.9848754699666318
FTdiesel,BG,BG,solar,BG_H_C_solar_E,Indonesia,1,2024,474.0997912,1021.4132998407368,1495.513091040737,-2.077713893122654,14.61998306903098,0.0370622852610349,2.0234244152159944,0.00039551027,4.181375475295838,0.0143853020217787,1516.3378740002797,-2.0258707955698405
FTdiesel,BG,BG,solar,BG_H_C_solar_E,South Korea,1,2024,553.6072096,1086.2075703018531,1639.8147799018532,-2.077713893122654,7.475045488669049,0.0196322175044002,2.3830175864633967,0.00025346943,9.464485512890445,0.0325609320158088,1659.1373284898762,-2.025267274172445
FTdiesel,BG,BG,solar,BG_H_C_solar_E,China,1,2024,538.8836136,967.402558066308,1506.286171666308,-2.077713893122654,78.01603497926587,0.1917168876099259,2.3068344201212856,0.0003428572,7.973956058968025,0.027433022194337,1594.5829971246633,-1.8582211261183912
FTdiesel,BG,BG,solar,BG_H_C_solar_E,United Arab Emirates,1,2024,562.4413672000001,914.2496322025196,1476.6909994025195,-2.077713893122654,10.874670054831256,0.0279255980789476,2.4162376882686636,0.000234489835,12.32141811912569,0.042389716500573,1502.3033252647451,-2.0071640887081337
FTdiesel,BG,BG,solar,BG_H_C_solar_E,United States,1,2024,588.94384,1117.842672546518,1706.7865125465182,-2.077713893122654,77.22609399097482,0.1897898273949423,2.549571468684465,0.00023510208,28.43951521566772,0.097841252991375,1815.0016932218452,-1.7898477106563369
FTdiesel,BG,BG,solar,BG_H_C_solar_E,Turkey,1,2024,538.8836136,985.256164371376,1524.139777971376,-2.077713893122654,10.108447857063252,0.026056399828645,2.3417323851212855,0.00028775515,20.04662805182993,0.0689669704975327,1556.6365862653904,-1.9824027676464766
FTdiesel,BG,BG,solar,BG_H_C_solar_E,Australia,1,2024,603.667436,1111.78278502657,1715.4502210265698,-2.077713893122654,78.5068587948625,0.1929142517948745,2.664326070026576,0.00033795924,6.391330393975021,0.0219882712235498,1803.012736285434,-1.86247341086423
FTdiesel,BG,BG,solar,BG_H_C_solar_E,Malaysia,1,2024,515.32586,950.149363966906,1465.475223966906,-2.077713893122654,15.393900646700336,0.0389502563825607,2.230492381973906,0.0003697959799999,0.0,0.0,1483.0996169955802,-2.0383938407600937
FTdiesel,BG,BG,solar,BG_H_C_solar_E,Canada,1,2024,600.7227168,1093.921029018003,1694.643745818003,-2.077713893122654,78.70135691476585,0.1933887297550139,2.5742730977581543,0.0001071428749999,26.62747568567551,0.0916072431378362,1802.5468515162027,-1.7926107773548041
FTdiesel,BG,BG,solar,BG_H_C_solar_E,Mexico,1,2024,518.2705791999999,941.6784624511386,1459.9490416511385,-2.077713893122654,47.276868212502755,0.1167287224228995,2.2936065742423297,0.000321428625,34.83072858538064,0.1198291216131102,1544.3502450232643,-1.8408346204616446
FTdiesel,BG,BG,solar,BG_H_C_solar_E,Thailand,1,2024,524.1600176000001,938.527959660808,1462.687977260808,-2.077713893122654,11.625348230281595,0.0297568767030589,2.267998198779174,0.00033918373,2.9283584199813664,0.0100745126928526,1479.5096821098502,-2.0375433199967428
FTdiesel,BG,BG,solar,BG_H_C_solar_E,Russia,1,2024,556.5519288,959.5610668436908,1516.1129956436907,-2.077713893122654,144.09922899779946,0.3529267703223689,2.379397073731819,0.000274898005,11.6666877799746,0.040137229555271,1674.2583094951965,-1.6843749952400142
FTdiesel,BG,BG,solar,BG_H_C_solar_E,Saudi Arabia,1,2024,562.4413672000001,926.3898512271908,1488.8312184271908,-2.077713893122654,26.23477902530103,0.0653965678520688,2.390523398268664,0.00033795924,13.677948919801173,0.0470566270387092,1531.1344697705617,-1.9649227389918764
FTdiesel,ATRCCS,DAC,solar,ATRCCS_H_DAC_C_solar_E,South Africa,1,2024,534.5250098309498,1975.7987299152403,2510.3237397461903,-1.7873020350165407,24.44615260753832,0.0610332155761023,2.3548013591949744,0.0004340817049999,18.019043431492967,0.0619914148913485,2555.1437371444167,-1.66384332284409
FTdiesel,ATRCCS,DAC,solar,ATRCCS_H_DAC_C_solar_E,Taiwan,1,2024,525.9497422935549,2701.8755444021185,3227.8252866956736,-1.7873020350165407,6.501058897936567,0.0172561782346967,2.3668873873897067,0.0003893878199999,6.16439370608389,0.0212075346419098,3242.857626687084,-1.7484489343199343
FTdiesel,ATRCCS,DAC,solar,ATRCCS_H_DAC_C_solar_E,Switzerland,1,2024,631.7113752547588,7040.289911641828,7672.001286896587,-1.7873020350165407,11.91598488169044,0.0304658845102847,2.8910917913213336,2.2653065e-05,23.802983629832372,0.081890064778353,7710.611347199431,-1.674923432662903
FTdiesel,ATRCCS,DAC,solar,ATRCCS_H_DAC_C_solar_E,Singapore,1,2024,528.8081648060198,7421.585665884192,7950.393830690212,-1.7873020350165407,1.0470112370668925,0.0039510346686898,2.4514301546581305,0.000305510255,0.0,0.0,7953.892272081936,-1.783045490092851
FTdiesel,ATRCCS,DAC,solar,ATRCCS_H_DAC_C_solar_E,Hungary,1,2024,514.5160522436948,3661.2341014923304,4175.750153736025,-1.7873020350165407,18.541511416877615,0.0466288495653053,2.336063308316018,0.0001120408349999,23.177945121447607,0.0797397274619654,4219.805673582666,-1.6608214171542701
FTdiesel,ATRCCS,DAC,solar,ATRCCS_H_DAC_C_solar_E,Philippines,1,2024,511.65762973123,2690.6701091328996,3202.3277388641295,-1.7873020350165407,10.06971863492859,0.0259619199317423,2.293153201047596,0.0003753061849999,4.759250856001761,0.0163733827219021,3219.4498615561074,-1.7445914261778965
FTdiesel,ATRCCS,DAC,solar,ATRCCS_H_DAC_C_solar_E,Netherlands,1,2024,585.9766150553191,5246.03662806015,5832.013243115469,-1.7873020350165407,5.099956915719565,0.0138381914140532,2.663713825026576,0.000154897985,30.632396011911936,0.1053854816161674,5870.409309868126,-1.66792346400132
FTdiesel,ATRCCS,DAC,solar,ATRCCS_H_DAC_C_solar_E,Norway,1,2024,648.8619103295486,4344.82173986259,4993.683650192139,-1.7873020350165407,21.492878472425655,0.0538287064114019,2.867531979931867,1.8979595e-05,32.507170316182204,0.111835319653659,5050.551230960678,-1.6216190293564798
FTdiesel,ATRCCS,DAC,solar,ATRCCS_H_DAC_C_solar_E,Oman,1,2024,545.9586998808096,1651.267732455183,2197.2264323359927,-1.7873020350165407,18.275013143264257,0.0459787273054728,2.471951983268664,0.000333673525,11.822324485673947,0.0406726708306091,2229.7957219482,-1.700316963355459
FTdiesel,ATRCCS,DAC,solar,ATRCCS_H_DAC_C_solar_E,Italy,1,2024,548.8171223932745,5670.206149652916,6219.02327204619,-1.7873020350165407,11.75089404467967,0.0300631455860138,2.6422090505370863,0.00017632656,23.3502251072855,0.0803324270755801,6256.766600248693,-1.6767301357949467
FTdiesel,ATRCCS,DAC,solar,ATRCCS_H_DAC_C_solar_E,Austria,1,2024,594.551882592714,5040.240201073383,5634.792083666097,-1.7873020350165407,9.657120726756355,0.0249553877661634,2.7373420968318425,6.3061235e-05,23.3502251072855,0.0803324270755801,5670.5367715969705,-1.681951158939797
FTdiesel,ATRCCS,DAC,solar,ATRCCS_H_DAC_C_solar_E,Finland,1,2024,617.419262692434,5328.592453884906,5946.01171657734,-1.7873020350165407,18.609053110807498,0.0467936174570265,2.7347045299792216,4.408164e-05,34.67020385876978,0.1192768639438567,6002.025678076897,-1.6211874719756576
FTdiesel,ATRCCS,DAC,solar,ATRCCS_H_DAC_C_solar_E,Portugal,1,2024,520.2328972686249,4678.613948374569,5198.846845643194,-1.7873020350165407,9.084205983650287,0.0235577628493887,2.330046772852863,6.857144e-05,26.541123516500846,0.0913101633751714,5236.8022219161985,-1.6723655373519808
FTdiesel,ATRCCS,DAC,solar,ATRCCS_H_DAC_C_solar_E,Germany,1,2024,588.8350375677842,4797.796527714315,5386.6315652820995,-1.7873020350165407,13.79894112311398,0.0350593542924417,2.708460667294999,0.00021061228,31.332519932422898,0.1077941373584526,5434.471487004931,-1.6442379310856463
FTdiesel,ATRCCS,DAC,solar,ATRCCS_H_DAC_C_solar_E,Greece,1,2024,525.9497422935549,3216.43306299708,3742.382805290634,-1.7873020350165407,8.004327760205324,0.020923401052402,2.410356782389708,0.0001959184,20.758426647186017,0.0714157909474949,3773.555916480415,-1.694766924616644
FTdiesel,ATRCCS,DAC,solar,ATRCCS_H_DAC_C_solar_E,France,1,2024,577.4013475179243,5136.6729615154945,5714.074309033419,-1.7873020350165407,15.95728405527506,0.040324629618712,2.600493718221309,2.693878e-05,29.93460098090079,0.1029848380170222,5762.566687787816,-1.6439656286008064
FTdiesel,ATRCCS,DAC,solar,ATRCCS_H_DAC_C_solar_E,Brazil,1,2024,525.9497422935549,5014.401558845046,5540.3513011386,-1.7873020350165407,68.70691010575452,0.1690072872145006,2.341785342389707,6.3061235e-05,32.995143599028594,0.1135141076730027,5644.395140185773,-1.5047175788940375
FTdiesel,ATRCCS,DAC,solar,ATRCCS_H_DAC_C_solar_E,United Kingdom,1,2024,608.8439951550389,4200.78829498585,4809.632290140889,-1.7873020350165407,12.86735560697842,0.0327867523998833,2.890055888173955,0.000129183695,29.72650671536288,0.102268925543615,4855.116208351405,-1.6521171733780426
FTdiesel,ATRCCS,DAC,solar,ATRCCS_H_DAC_C_solar_E,Spain,1,2024,531.6665873184847,4119.4153581518685,4651.081945470353,-1.7873020350165407,21.30530921537091,0.0533711314049369,2.371891261926552,8.938776999999999e-05,25.59894363309946,0.0880687557901197,4700.35808958075,-1.6457727600514842
FTdiesel,ATRCCS,DAC,solar,ATRCCS_H_DAC_C_solar_E,Sweden,1,2024,628.8529527422938,7123.156580077968,7752.009532820262,-1.7873020350165407,22.479466319457497,0.056235486432672,2.7492758002216604,2.204082e-05,32.259462301835065,0.1109831229015014,7809.497737241776,-1.6200613848623673
FTdiesel,ATRCCS,DAC,solar,ATRCCS_H_DAC_C_solar_E,Czech Republic,1,2024,520.2328972686249,4174.996790675351,4695.2296879439755,-1.7873020350165407,20.116912701968747,0.050472039353065,2.379638617852863,0.00025346943,23.3502251072855,0.0803324270755801,4741.076464371083,-1.6562440991578955
FTdiesel,ATRCCS,DAC,solar,ATRCCS_H_DAC_C_solar_E,Japan,1,2024,617.419262692434,4419.10475744797,5036.524020140404,-1.7873020350165407,9.189850389558206,0.0238154822671406,2.7830718849792215,0.0002951020899999,10.883317676785154,0.037442179661811,5059.380260091726,-1.7257492709975892
FTdiesel,ATRCCS,DAC,solar,ATRCCS_H_DAC_C_solar_E,Belgium,1,2024,585.9766150553191,3712.916119766061,4298.89273482138,-1.7873020350165407,3.4085918579759573,0.009712108124158,2.681468930026576,8.448981e-05,30.5709421535067,0.1051740602026191,4335.553737762889,-1.6723313768797636
FTdiesel,ATRCCS,DAC,solar,ATRCCS_H_DAC_C_solar_E,Poland,1,2024,528.8081648060198,4584.654374323883,5113.462539129902,-1.7873020350165407,11.190987172400249,0.0286972533565199,2.5279607796581307,0.000376530675,33.598398530039475,0.1155895023439644,5160.779885612,-1.6426387486410563
FTdiesel,ATRCCS,DAC,solar,ATRCCS_H_DAC_C_solar_E,India,1,2024,505.9407847063,3409.2082476498817,3915.1490323561816,-1.7873020350165407,29.28312225525748,0.0728329979742376,2.2544758515107515,0.0004334694599999,5.688980011316389,0.0195719557217851,3952.3756104742665,-1.694463611860518
FTdiesel,ATRCCS,DAC,solar,ATRCCS_H_DAC_C_solar_E,Indonesia,1,2024,460.2060245068605,4599.222171747338,5059.428196254198,-1.7873020350165407,14.61998306903098,0.0370622852610349,2.0234244152159944,0.00039551027,4.181375475295838,0.0143853020217787,5080.252979213741,-1.735458937463727
FTdiesel,ATRCCS,DAC,solar,ATRCCS_H_DAC_C_solar_E,South Korea,1,2024,537.3834323434147,3757.508598258989,4294.892030602404,-1.7873020350165407,7.475045488669049,0.0196322175044002,2.3830175864633967,0.00025346943,9.464485512890445,0.0325609320158088,4314.214579190427,-1.7348554160663316
FTdiesel,ATRCCS,DAC,solar,ATRCCS_H_DAC_C_solar_E,China,1,2024,523.0913197810899,3380.0348927619457,3903.126212543036,-1.7873020350165407,78.01603497926587,0.1917168876099259,2.3068344201212856,0.0003428572,7.973956058968025,0.027433022194337,3991.4230380013914,-1.5678092680122777
FTdiesel,ATRCCS,DAC,solar,ATRCCS_H_DAC_C_solar_E,United Arab Emirates,1,2024,545.9586998808096,1610.8611674713318,2156.8198673521415,-1.7873020350165407,10.874670054831256,0.0279255980789476,2.4162376882686636,0.000234489835,12.32141811912569,0.042389716500573,2182.432193214367,-1.71675223060202
FTdiesel,ATRCCS,DAC,solar,ATRCCS_H_DAC_C_solar_E,United States,1,2024,571.6845024929944,2792.910275692862,3364.5947781858563,-1.7873020350165407,77.22609399097482,0.1897898273949423,2.549571468684465,0.00023510208,28.43951521566772,0.097841252991375,3472.809958861183,-1.4994358525502234
FTdiesel,ATRCCS,DAC,solar,ATRCCS_H_DAC_C_solar_E,Turkey,1,2024,523.0913197810899,2632.1235806872414,3155.2149004683315,-1.7873020350165407,10.108447857063252,0.026056399828645,2.3417323851212855,0.00028775515,20.04662805182993,0.0689669704975327,3187.711708762346,-1.6919909095403631
FTdiesel,ATRCCS,DAC,solar,ATRCCS_H_DAC_C_solar_E,Australia,1,2024,585.9766150553191,3119.9670652215264,3705.9436802768455,-1.7873020350165407,78.5068587948625,0.1929142517948745,2.664326070026576,0.00033795924,6.391330393975021,0.0219882712235498,3793.5061955357096,-1.5720615527581165
FTdiesel,ATRCCS,DAC,solar,ATRCCS_H_DAC_C_solar_E,Malaysia,1,2024,500.2239396813701,2515.0976913842296,3015.3216310656,-1.7873020350165407,15.393900646700336,0.0389502563825607,2.230492381973906,0.0003697959799999,0.0,0.0,3032.946024094274,-1.74798198265398
FTdiesel,ATRCCS,DAC,solar,ATRCCS_H_DAC_C_solar_E,Canada,1,2024,583.1181925428542,2368.7046112243665,2951.8228037672206,-1.7873020350165407,78.70135691476585,0.1933887297550139,2.5742730977581543,0.0001071428749999,26.62747568567551,0.0916072431378362,3059.72590946542,-1.5021989192486906
FTdiesel,ATRCCS,DAC,solar,ATRCCS_H_DAC_C_solar_E,Mexico,1,2024,503.0823621938351,2110.280719503119,2613.3630816969544,-1.7873020350165407,47.276868212502755,0.1167287224228995,2.2936065742423297,0.000321428625,34.83072858538064,0.1198291216131102,2697.7642850690804,-1.5504227623555311
FTdiesel,ATRCCS,DAC,solar,ATRCCS_H_DAC_C_solar_E,Thailand,1,2024,508.79920721876505,2577.417804467188,3086.217011685953,-1.7873020350165407,11.625348230281595,0.0297568767030589,2.267998198779174,0.00033918373,2.9283584199813664,0.0100745126928526,3103.0387165349953,-1.7471314618906293
FTdiesel,ATRCCS,DAC,solar,ATRCCS_H_DAC_C_solar_E,Russia,1,2024,540.2418548558798,1947.27371675698,2487.5155716128597,-1.7873020350165407,144.09922899779946,0.3529267703223689,2.379397073731819,0.000274898005,11.6666877799746,0.040137229555271,2645.6608854643655,-1.3939631371339007
FTdiesel,ATRCCS,DAC,solar,ATRCCS_H_DAC_C_solar_E,Saudi Arabia,1,2024,545.9586998808096,1646.337565137988,2192.2962650187974,-1.7873020350165407,26.23477902530103,0.0653965678520688,2.390523398268664,0.00033795924,13.677948919801173,0.0470566270387092,2234.5995163621683,-1.674510880885763
FTdiesel,BG,DAC,solar,BG_H_DAC_C_solar_E,South Africa,1,2024,550.6624904,2318.090088502661,2868.752578902661,-1.904411166970851,24.44615260753832,0.0610332155761023,2.3548013591949744,0.0004340817049999,18.019043431492967,0.0619914148913485,2913.5725763008872,-1.7809524547984004
FTdiesel,BG,DAC,solar,BG_H_DAC_C_solar_E,Taiwan,1,2024,541.8283328,2325.443285523907,2867.271618323907,-1.904411166970851,6.501058897936567,0.0172561782346967,2.3668873873897067,0.0003893878199999,6.16439370608389,0.0212075346419098,2882.3039583153177,-1.8655580662742446
FTdiesel,BG,DAC,solar,BG_H_DAC_C_solar_E,Switzerland,1,2024,650.7829432000001,2734.8644588261395,3385.6474020261394,-1.904411166970851,11.91598488169044,0.0304658845102847,2.8910917913213336,2.2653065e-05,23.802983629832372,0.081890064778353,3424.2574623289834,-1.7920325646172133
FTdiesel,BG,DAC,solar,BG_H_DAC_C_solar_E,Singapore,1,2024,544.773052,2594.4356230479075,3139.2086750479075,-1.904411166970851,1.0470112370668925,0.0039510346686898,2.4514301546581305,0.000305510255,0.0,0.0,3142.7071164396325,-1.9001546220471612
FTdiesel,BG,DAC,solar,BG_H_DAC_C_solar_E,Hungary,1,2024,530.049456,2398.132302727949,2928.1817587279493,-1.904411166970851,18.541511416877615,0.0466288495653053,2.336063308316018,0.0001120408349999,23.177945121447607,0.0797397274619654,2972.2372785745906,-1.7779305491085804
FTdiesel,BG,DAC,solar,BG_H_DAC_C_solar_E,Philippines,1,2024,527.1047368000001,2310.2800369748666,2837.3847737748665,-1.904411166970851,10.06971863492859,0.0259619199317423,2.293153201047596,0.0003753061849999,4.759250856001761,0.0163733827219021,2854.5068964668444,-1.8617005581322068
FTdiesel,BG,DAC,solar,BG_H_DAC_C_solar_E,Netherlands,1,2024,603.667436,2553.965989640996,3157.6334256409964,-1.904411166970851,5.099956915719565,0.0138381914140532,2.663713825026576,0.000154897985,30.632396011911936,0.1053854816161674,3196.029492393655,-1.7850325959556304
FTdiesel,BG,DAC,solar,BG_H_DAC_C_solar_E,Norway,1,2024,668.4512583999999,2612.034068884942,3280.485327284942,-1.904411166970851,21.492878472425655,0.0538287064114019,2.867531979931867,1.8979595e-05,32.507170316182204,0.111835319653659,3337.3529080534813,-1.73872816131079
FTdiesel,BG,DAC,solar,BG_H_DAC_C_solar_E,Oman,1,2024,562.4413672000001,2292.237312202519,2854.6786794025193,-1.904411166970851,18.275013143264257,0.0459787273054728,2.471951983268664,0.000333673525,11.822324485673947,0.0406726708306091,2887.2479690147266,-1.8174260953097692
FTdiesel,BG,DAC,solar,BG_H_DAC_C_solar_E,Italy,1,2024,565.3860864,2550.006792394607,3115.392878794607,-1.904411166970851,11.75089404467967,0.0300631455860138,2.6422090505370863,0.00017632656,23.3502251072855,0.0803324270755801,3153.136206997109,-1.793839267749257
FTdiesel,BG,DAC,solar,BG_H_DAC_C_solar_E,Austria,1,2024,612.5015936,2568.77094562812,3181.27253922812,-1.904411166970851,9.657120726756355,0.0249553877661634,2.7373420968318425,6.3061235e-05,23.3502251072855,0.0803324270755801,3217.0172271589936,-1.7990602908941074
FTdiesel,BG,DAC,solar,BG_H_DAC_C_solar_E,Finland,1,2024,636.0593472,2604.355065952454,3240.414413152454,-1.904411166970851,18.609053110807498,0.0467936174570265,2.7347045299792216,4.408164e-05,34.67020385876978,0.1192768639438567,3296.4283746520105,-1.7382966039299679
FTdiesel,BG,DAC,solar,BG_H_DAC_C_solar_E,Portugal,1,2024,535.9388944,2417.7228453204057,2953.6617397204054,-1.904411166970851,9.084205983650287,0.0235577628493887,2.330046772852863,6.857144e-05,26.541123516500846,0.0913101633751714,2991.6171159934092,-1.789474669306291
FTdiesel,BG,DAC,solar,BG_H_DAC_C_solar_E,Germany,1,2024,606.6121552,2579.2589581585385,3185.8711133585384,-1.904411166970851,13.79894112311398,0.0350593542924417,2.708460667294999,0.00021061228,31.332519932422898,0.1077941373584526,3233.7110350813705,-1.7613470630399566
FTdiesel,BG,DAC,solar,BG_H_DAC_C_solar_E,Greece,1,2024,541.8283328,2380.438014210116,2922.266347010116,-1.904411166970851,8.004327760205324,0.020923401052402,2.410356782389708,0.0001959184,20.758426647186017,0.0714157909474949,2953.4394581998968,-1.8118760565709542
FTdiesel,BG,DAC,solar,BG_H_DAC_C_solar_E,France,1,2024,594.8332784000002,2553.984652725156,3148.817931125156,-1.904411166970851,15.95728405527506,0.040324629618712,2.600493718221309,2.693878e-05,29.93460098090079,0.1029848380170222,3197.3103098795536,-1.7610747605551167
FTdiesel,BG,DAC,solar,BG_H_DAC_C_solar_E,Brazil,1,2024,541.8283328,2424.473205933813,2966.301538733813,-1.904411166970851,68.70691010575452,0.1690072872145006,2.341785342389707,6.3061235e-05,32.995143599028594,0.1135141076730027,3070.345377780986,-1.6218267108483477
FTdiesel,BG,DAC,solar,BG_H_DAC_C_solar_E,United Kingdom,1,2024,627.2251896,2498.9345165757018,3126.159706175702,-1.904411166970851,12.86735560697842,0.0327867523998833,2.890055888173955,0.000129183695,29.72650671536288,0.102268925543615,3171.6436243862177,-1.769226305332353
FTdiesel,BG,DAC,solar,BG_H_DAC_C_solar_E,Spain,1,2024,547.7177712,2444.87898099886,2992.5967521988596,-1.904411166970851,21.30530921537091,0.0533711314049369,2.371891261926552,8.938776999999999e-05,25.59894363309946,0.0880687557901197,3041.8728963092567,-1.7628818920057945
FTdiesel,BG,DAC,solar,BG_H_DAC_C_solar_E,Sweden,1,2024,647.838224,2684.0288566560425,3331.8670806560426,-1.904411166970851,22.479466319457497,0.056235486432672,2.7492758002216604,2.204082e-05,32.259462301835065,0.1109831229015014,3389.355285077557,-1.7371705168166776
FTdiesel,BG,DAC,solar,BG_H_DAC_C_solar_E,Czech Republic,1,2024,535.9388944,2416.032038358082,2951.970932758082,-1.904411166970851,20.116912701968747,0.050472039353065,2.379638617852863,0.00025346943,23.3502251072855,0.0803324270755801,2997.8177091851894,-1.7733532311122058
FTdiesel,BG,DAC,solar,BG_H_DAC_C_solar_E,Japan,1,2024,636.0593472,2519.2475919353974,3155.3069391353974,-1.904411166970851,9.189850389558206,0.0238154822671406,2.7830718849792215,0.0002951020899999,10.883317676785154,0.037442179661811,3178.16317908672,-1.8428584029518995
FTdiesel,BG,DAC,solar,BG_H_DAC_C_solar_E,Belgium,1,2024,603.667436,2574.9505682756285,3178.6180042756287,-1.904411166970851,3.4085918579759573,0.009712108124158,2.681468930026576,8.448981e-05,30.5709421535067,0.1051740602026191,3215.279007217138,-1.789440508834074
FTdiesel,BG,DAC,solar,BG_H_DAC_C_solar_E,Poland,1,2024,544.773052,2455.5295569078507,3000.3026089078508,-1.904411166970851,11.190987172400249,0.0286972533565199,2.5279607796581307,0.000376530675,33.598398530039475,0.1155895023439644,3047.6199553899487,-1.7597478805953666
FTdiesel,BG,DAC,solar,BG_H_DAC_C_solar_E,India,1,2024,521.2152984,2326.033740131622,2847.249038531622,-1.904411166970851,29.28312225525748,0.0728329979742376,2.2544758515107515,0.0004334694599999,5.688980011316389,0.0195719557217851,2884.475616649707,-1.8115727438148284
FTdiesel,BG,DAC,solar,BG_H_DAC_C_solar_E,Indonesia,1,2024,474.0997912,2381.4132998407367,2855.513091040737,-1.904411166970851,14.61998306903098,0.0370622852610349,2.0234244152159944,0.00039551027,4.181375475295838,0.0143853020217787,2876.33787400028,-1.8525680694180373
FTdiesel,BG,DAC,solar,BG_H_DAC_C_solar_E,South Korea,1,2024,553.6072096,2446.2075703018536,2999.8147799018534,-1.904411166970851,7.475045488669049,0.0196322175044002,2.3830175864633967,0.00025346943,9.464485512890445,0.0325609320158088,3019.137328489876,-1.851964548020642
FTdiesel,BG,DAC,solar,BG_H_DAC_C_solar_E,China,1,2024,538.8836136,2327.4025580663074,2866.2861716663074,-1.904411166970851,78.01603497926587,0.1917168876099259,2.3068344201212856,0.0003428572,7.973956058968025,0.027433022194337,2954.5829971246626,-1.684918399966588
FTdiesel,BG,DAC,solar,BG_H_DAC_C_solar_E,United Arab Emirates,1,2024,562.4413672000001,2274.2496322025195,2836.6909994025195,-1.904411166970851,10.874670054831256,0.0279255980789476,2.4162376882686636,0.000234489835,12.32141811912569,0.042389716500573,2862.303325264745,-1.8338613625563303
FTdiesel,BG,DAC,solar,BG_H_DAC_C_solar_E,United States,1,2024,588.94384,2477.8426725465183,3066.786512546518,-1.904411166970851,77.22609399097482,0.1897898273949423,2.549571468684465,0.00023510208,28.43951521566772,0.097841252991375,3175.001693221845,-1.6165449845045337
FTdiesel,BG,DAC,solar,BG_H_DAC_C_solar_E,Turkey,1,2024,538.8836136,2345.2561643713757,2884.1397779713757,-1.904411166970851,10.108447857063252,0.026056399828645,2.3417323851212855,0.00028775515,20.04662805182993,0.0689669704975327,2916.63658626539,-1.8091000414946734
FTdiesel,BG,DAC,solar,BG_H_DAC_C_solar_E,Australia,1,2024,603.667436,2471.78278502657,3075.45022102657,-1.904411166970851,78.5068587948625,0.1929142517948745,2.664326070026576,0.00033795924,6.391330393975021,0.0219882712235498,3163.012736285434,-1.6891706847124268
FTdiesel,BG,DAC,solar,BG_H_DAC_C_solar_E,Malaysia,1,2024,515.32586,2310.1493639669065,2825.4752239669065,-1.904411166970851,15.393900646700336,0.0389502563825607,2.230492381973906,0.0003697959799999,0.0,0.0,2843.0996169955806,-1.8650911146082902
FTdiesel,BG,DAC,solar,BG_H_DAC_C_solar_E,Canada,1,2024,600.7227168,2453.921029018003,3054.643745818003,-1.904411166970851,78.70135691476585,0.1933887297550139,2.5742730977581543,0.0001071428749999,26.62747568567551,0.0916072431378362,3162.5468515162024,-1.619308051203001
FTdiesel,BG,DAC,solar,BG_H_DAC_C_solar_E,Mexico,1,2024,518.2705791999999,2301.6784624511383,2819.949041651138,-1.904411166970851,47.276868212502755,0.1167287224228995,2.2936065742423297,0.000321428625,34.83072858538064,0.1198291216131102,2904.350245023264,-1.6675318943098414
FTdiesel,BG,DAC,solar,BG_H_DAC_C_solar_E,Thailand,1,2024,524.1600176000001,2298.527959660808,2822.687977260808,-1.904411166970851,11.625348230281595,0.0297568767030589,2.267998198779174,0.00033918373,2.9283584199813664,0.0100745126928526,2839.5096821098505,-1.8642405938449396
FTdiesel,BG,DAC,solar,BG_H_DAC_C_solar_E,Russia,1,2024,556.5519288,2319.561066843691,2876.112995643691,-1.904411166970851,144.09922899779946,0.3529267703223689,2.379397073731819,0.000274898005,11.6666877799746,0.040137229555271,3034.258309495197,-1.511072269088211
FTdiesel,BG,DAC,solar,BG_H_DAC_C_solar_E,Saudi Arabia,1,2024,562.4413672000001,2286.389851227191,2848.831218427191,-1.904411166970851,26.23477902530103,0.0653965678520688,2.390523398268664,0.00033795924,13.677948919801173,0.0470566270387092,2891.1344697705617,-1.7916200128400732
FTdiesel,LTE,DAC,solar,LTE_H_DAC_C_solar_E,South Africa,1,2024,634.02504275,3872.557770889854,4506.582813639854,-1.4599802781833129,24.44615260753832,0.0610332155761023,2.3548013591949744,0.0004340817049999,18.019043431492967,0.0619914148913485,4551.4028110380805,-1.3365215660108622
FTdiesel,LTE,DAC,solar,LTE_H_DAC_C_solar_E,Taiwan,1,2024,623.853518,2593.0376179506115,3216.891135950611,-1.4599802781833129,6.501058897936567,0.0172561782346967,2.3668873873897067,0.0003893878199999,6.16439370608389,0.0212075346419098,3231.9234759420215,-1.4211271774867065
FTdiesel,LTE,DAC,solar,LTE_H_DAC_C_solar_E,Switzerland,1,2024,749.30232325,3664.768347869437,4414.070671119437,-1.4599802781833129,11.91598488169044,0.0304658845102847,2.8910917913213336,2.2653065e-05,23.802983629832372,0.081890064778353,4452.6807314222815,-1.3476016758296752
FTdiesel,LTE,DAC,solar,LTE_H_DAC_C_solar_E,Singapore,1,2024,627.24402625,3422.4916588542687,4049.7356851042687,-1.4599802781833129,1.0470112370668925,0.0039510346686898,2.4514301546581305,0.000305510255,0.0,0.0,4053.2341264959937,-1.4557237332596231
FTdiesel,LTE,DAC,solar,LTE_H_DAC_C_solar_E,Hungary,1,2024,610.2914850000001,4242.350783940347,4852.642268940347,-1.4599802781833129,18.541511416877615,0.0466288495653053,2.336063308316018,0.0001120408349999,23.177945121447607,0.0797397274619654,4896.697788786988,-1.3334996603210423
FTdiesel,LTE,DAC,solar,LTE_H_DAC_C_solar_E,Philippines,1,2024,606.90097675,3282.0956602486167,3888.996636998617,-1.4599802781833129,10.06971863492859,0.0259619199317423,2.293153201047596,0.0003753061849999,4.759250856001761,0.0163733827219021,3906.1187596905947,-1.4172696693446687
FTdiesel,LTE,DAC,solar,LTE_H_DAC_C_solar_E,Netherlands,1,2024,695.0541912499999,3468.841801958498,4163.895993208498,-1.4599802781833129,5.099956915719565,0.0138381914140532,2.663713825026576,0.000154897985,30.632396011911936,0.1053854816161674,4202.292059961155,-1.3406017071680922
FTdiesel,LTE,DAC,solar,LTE_H_DAC_C_solar_E,Norway,1,2024,769.64537275,4611.619731081786,5381.265103831786,-1.4599802781833129,21.492878472425655,0.0538287064114019,2.867531979931867,1.8979595e-05,32.507170316182204,0.111835319653659,5438.132684600326,-1.294297272523252
FTdiesel,LTE,DAC,solar,LTE_H_DAC_C_solar_E,Oman,1,2024,647.5870757499999,2883.889676475299,3531.4767522252987,-1.4599802781833129,18.275013143264257,0.0459787273054728,2.471951983268664,0.000333673525,11.822324485673947,0.0406726708306091,3564.046041837506,-1.372995206522231
FTdiesel,LTE,DAC,solar,LTE_H_DAC_C_solar_E,Italy,1,2024,650.9775840000001,3279.216090153537,3930.193674153538,-1.4599802781833129,11.75089404467967,0.0300631455860138,2.6422090505370863,0.00017632656,23.3502251072855,0.0803324270755801,3967.93700235604,-1.3494083789617188
FTdiesel,LTE,DAC,solar,LTE_H_DAC_C_solar_E,Austria,1,2024,705.2257159999999,3589.837439596184,4295.0631555961845,-1.4599802781833129,9.657120726756355,0.0249553877661634,2.7373420968318425,6.3061235e-05,23.3502251072855,0.0803324270755801,4330.807843527058,-1.3546294021065692
FTdiesel,LTE,DAC,solar,LTE_H_DAC_C_solar_E,Finland,1,2024,732.349782,4575.76610632068,5308.11588832068,-1.4599802781833129,18.609053110807498,0.0467936174570265,2.7347045299792216,4.408164e-05,34.67020385876978,0.1192768639438567,5364.129849820237,-1.2938657151424298
FTdiesel,LTE,DAC,solar,LTE_H_DAC_C_solar_E,Portugal,1,2024,617.0725015,2950.2935944820556,3567.3660959820554,-1.4599802781833129,9.084205983650287,0.0235577628493887,2.330046772852863,6.857144e-05,26.541123516500846,0.0913101633751714,3605.3214722550592,-1.345043780518753
FTdiesel,LTE,DAC,solar,LTE_H_DAC_C_solar_E,Germany,1,2024,698.4446995,3611.634028733566,4310.078728233566,-1.4599802781833129,13.79894112311398,0.0350593542924417,2.708460667294999,0.00021061228,31.332519932422898,0.1077941373584526,4357.9186499563975,-1.3169161742524185
FTdiesel,LTE,DAC,solar,LTE_H_DAC_C_solar_E,Greece,1,2024,623.853518,2958.430290742894,3582.283808742894,-1.4599802781833129,8.004327760205324,0.020923401052402,2.410356782389708,0.0001959184,20.758426647186017,0.0714157909474949,3613.4569199326747,-1.367445167783416
FTdiesel,LTE,DAC,solar,LTE_H_DAC_C_solar_E,France,1,2024,684.8826665,3171.9808136861725,3856.8634801861726,-1.4599802781833129,15.95728405527506,0.040324629618712,2.600493718221309,2.693878e-05,29.93460098090079,0.1029848380170222,3905.35585894057,-1.3166438717675786
FTdiesel,LTE,DAC,solar,LTE_H_DAC_C_solar_E,Brazil,1,2024,623.853518,3362.8939765725863,3986.747494572586,-1.4599802781833129,68.70691010575452,0.1690072872145006,2.341785342389707,6.3061235e-05,32.995143599028594,0.1135141076730027,4090.7913336197594,-1.1773958220608096
FTdiesel,LTE,DAC,solar,LTE_H_DAC_C_solar_E,United Kingdom,1,2024,722.17825725,3771.934318470872,4494.112575720872,-1.4599802781833129,12.86735560697842,0.0327867523998833,2.890055888173955,0.000129183695,29.72650671536288,0.102268925543615,4539.596493931387,-1.3247954165448146
FTdiesel,LTE,DAC,solar,LTE_H_DAC_C_solar_E,Spain,1,2024,630.6345345,2745.119744102475,3375.754278602475,-1.4599802781833129,21.30530921537091,0.0533711314049369,2.371891261926552,8.938776999999999e-05,25.59894363309946,0.0880687557901197,3425.030422712872,-1.3184510032182564
FTdiesel,LTE,DAC,solar,LTE_H_DAC_C_solar_E,Sweden,1,2024,745.9118150000002,4586.0644599170355,5331.976274917036,-1.4599802781833129,22.479466319457497,0.056235486432672,2.7492758002216604,2.204082e-05,32.259462301835065,0.1109831229015014,5389.46447933855,-1.2927396280291394
FTdiesel,LTE,DAC,solar,LTE_H_DAC_C_solar_E,Czech Republic,1,2024,617.0725015,3502.8035247912535,4119.876026291254,-1.4599802781833129,20.116912701968747,0.050472039353065,2.379638617852863,0.00025346943,23.3502251072855,0.0803324270755801,4165.722802718361,-1.3289223423246677
FTdiesel,LTE,DAC,solar,LTE_H_DAC_C_solar_E,Japan,1,2024,732.349782,4844.775123894831,5577.1249058948315,-1.4599802781833129,9.189850389558206,0.0238154822671406,2.7830718849792215,0.0002951020899999,10.883317676785154,0.037442179661811,5599.981145846154,-1.3984275141643614
FTdiesel,LTE,DAC,solar,LTE_H_DAC_C_solar_E,Belgium,1,2024,695.0541912499999,4519.143246327052,5214.197437577052,-1.4599802781833129,3.4085918579759573,0.009712108124158,2.681468930026576,8.448981e-05,30.5709421535067,0.1051740602026191,5250.858440518561,-1.3450096200465356
FTdiesel,LTE,DAC,solar,LTE_H_DAC_C_solar_E,Poland,1,2024,627.24402625,5067.378419161645,5694.6224454116455,-1.4599802781833129,11.190987172400249,0.0286972533565199,2.5279607796581307,0.000376530675,33.598398530039475,0.1155895023439644,5741.939791893743,-1.3153169918078285
FTdiesel,LTE,DAC,solar,LTE_H_DAC_C_solar_E,India,1,2024,600.1199602500001,2972.894037093709,3573.013997343709,-1.4599802781833129,29.28312225525748,0.0728329979742376,2.2544758515107515,0.0004334694599999,5.688980011316389,0.0195719557217851,3610.240575461794,-1.3671418550272902
FTdiesel,LTE,DAC,solar,LTE_H_DAC_C_solar_E,Indonesia,1,2024,545.8718282499999,3665.5856847522514,4211.457513002251,-1.4599802781833129,14.61998306903098,0.0370622852610349,2.0234244152159944,0.00039551027,4.181375475295838,0.0143853020217787,4232.282295961794,-1.4081371806304992
FTdiesel,LTE,DAC,solar,LTE_H_DAC_C_solar_E,South Korea,1,2024,637.415551,3678.762230022709,4316.177781022709,-1.4599802781833129,7.475045488669049,0.0196322175044002,2.3830175864633967,0.00025346943,9.464485512890445,0.0325609320158088,4335.500329610732,-1.4075336592331038
FTdiesel,LTE,DAC,solar,LTE_H_DAC_C_solar_E,China,1,2024,620.46300975,2575.8366483526356,3196.2996581026355,-1.4599802781833129,78.01603497926587,0.1917168876099259,2.3068344201212856,0.0003428572,7.973956058968025,0.027433022194337,3284.5964835609907,-1.24048751117905
FTdiesel,LTE,DAC,solar,LTE_H_DAC_C_solar_E,United Arab Emirates,1,2024,647.5870757499999,2272.514736432279,2920.101812182279,-1.4599802781833129,10.874670054831256,0.0279255980789476,2.4162376882686636,0.000234489835,12.32141811912569,0.042389716500573,2945.7141380445046,-1.3894304737687921
FTdiesel,LTE,DAC,solar,LTE_H_DAC_C_solar_E,United States,1,2024,678.10165,3407.719230384313,4085.820880384313,-1.4599802781833129,77.22609399097482,0.1897898273949423,2.549571468684465,0.00023510208,28.43951521566772,0.097841252991375,4194.036061059641,-1.1721140957169955
FTdiesel,LTE,DAC,solar,LTE_H_DAC_C_solar_E,Turkey,1,2024,620.46300975,4120.854427534608,4741.317437284608,-1.4599802781833129,10.108447857063252,0.026056399828645,2.3417323851212855,0.00028775515,20.04662805182993,0.0689669704975327,4773.814245578622,-1.3646691527071353
FTdiesel,LTE,DAC,solar,LTE_H_DAC_C_solar_E,Australia,1,2024,695.0541912499999,2648.9250641630756,3343.9792554130754,-1.4599802781833129,78.5068587948625,0.1929142517948745,2.664326070026576,0.00033795924,6.391330393975021,0.0219882712235498,3431.5417706719395,-1.2447397959248887
FTdiesel,LTE,DAC,solar,LTE_H_DAC_C_solar_E,Malaysia,1,2024,593.3389437500001,3411.404268949122,4004.743212699122,-1.4599802781833129,15.393900646700336,0.0389502563825607,2.230492381973906,0.0003697959799999,0.0,0.0,4022.367605727796,-1.4206602258207521
FTdiesel,LTE,DAC,solar,LTE_H_DAC_C_solar_E,Canada,1,2024,691.663683,4552.539955907139,5244.203638907139,-1.4599802781833129,78.70135691476585,0.1933887297550139,2.5742730977581543,0.0001071428749999,26.62747568567551,0.0916072431378362,5352.1067446053385,-1.1748771624154628
FTdiesel,LTE,DAC,solar,LTE_H_DAC_C_solar_E,Mexico,1,2024,596.7294519999999,3528.647710923518,4125.377162923518,-1.4599802781833129,47.276868212502755,0.1167287224228995,2.2936065742423297,0.000321428625,34.83072858538064,0.1198291216131102,4209.7783662956435,-1.2231010055223033
FTdiesel,LTE,DAC,solar,LTE_H_DAC_C_solar_E,Thailand,1,2024,603.5104685,3047.429653393166,3650.940121893166,-1.4599802781833129,11.625348230281595,0.0297568767030589,2.267998198779174,0.00033918373,2.9283584199813664,0.0100745126928526,3667.7618267422085,-1.4198097050574014
FTdiesel,LTE,DAC,solar,LTE_H_DAC_C_solar_E,Russia,1,2024,640.80605925,4451.290441735629,5092.096500985629,-1.4599802781833129,144.09922899779946,0.3529267703223689,2.379397073731819,0.000274898005,11.6666877799746,0.040137229555271,5250.241814837134,-1.066641380300673
FTdiesel,LTE,DAC,solar,LTE_H_DAC_C_solar_E,Saudi Arabia,1,2024,647.5870757499999,2857.682304649649,3505.269380399649,-1.4599802781833129,26.23477902530103,0.0653965678520688,2.390523398268664,0.00033795924,13.677948919801173,0.0470566270387092,3547.57263174302,-1.347189124052535
FTdiesel,SMR,DAC,solar,SMR_H_DAC_C_solar_E,South Africa,1,2024,415.5644569953527,1835.757343307376,2251.3218003027287,4.019403338055053,24.44615260753832,0.0610332155761023,2.3548013591949744,0.0004340817049999,18.019043431492967,0.0619914148913485,2296.141797700955,4.142862050227503
FTdiesel,SMR,DAC,solar,SMR_H_DAC_C_solar_E,Taiwan,1,2024,408.89764752483904,2536.434384860641,2945.33203238548,4.019403338055053,6.501058897936567,0.0172561782346967,2.3668873873897067,0.0003893878199999,6.16439370608389,0.0212075346419098,2960.3643723768905,4.05825643875166
FTdiesel,SMR,DAC,solar,SMR_H_DAC_C_solar_E,Switzerland,1,2024,491.12163099450777,6478.057792144307,6969.179423138815,4.019403338055053,11.91598488169044,0.0304658845102847,2.8910917913213336,2.2653065e-05,23.802983629832372,0.081890064778353,7007.789483441659,4.131781940408691
FTdiesel,SMR,DAC,solar,SMR_H_DAC_C_solar_E,Singapore,1,2024,411.1199173483436,6811.104511239815,7222.224428588159,4.019403338055053,1.0470112370668925,0.0039510346686898,2.4514301546581305,0.000305510255,0.0,0.0,7225.722869979883,4.023659882978743
FTdiesel,SMR,DAC,solar,SMR_H_DAC_C_solar_E,Hungary,1,2024,400.0085682308208,3351.3267108089062,3751.335279039727,4.019403338055053,18.541511416877615,0.0466288495653053,2.336063308316018,0.0001120408349999,23.177945121447607,0.0797397274619654,3795.3907988863684,4.1458839559173235
FTdiesel,SMR,DAC,solar,SMR_H_DAC_C_solar_E,Philippines,1,2024,397.7862984073162,2499.425825877124,2897.21212428444,4.019403338055053,10.06971863492859,0.0259619199317423,2.293153201047596,0.0003753061849999,4.759250856001761,0.0163733827219021,2914.334246976418,4.062113946893697
FTdiesel,SMR,DAC,solar,SMR_H_DAC_C_solar_E,Netherlands,1,2024,455.56531381843473,4841.302057039677,5296.867370858111,4.019403338055053,5.099956915719565,0.0138381914140532,2.663713825026576,0.000154897985,30.632396011911936,0.1053854816161674,5335.263437610768,4.138781909070274
FTdiesel,SMR,DAC,solar,SMR_H_DAC_C_solar_E,Norway,1,2024,504.4552499355352,3989.435005638274,4493.89025557381,4.019403338055053,21.492878472425655,0.0538287064114019,2.867531979931867,1.8979595e-05,32.507170316182204,0.111835319653659,4550.757836342349,4.185086343715113
FTdiesel,SMR,DAC,solar,SMR_H_DAC_C_solar_E,Oman,1,2024,424.453536289371,1581.3430790089906,2005.7966152983615,4.019403338055053,18.275013143264257,0.0459787273054728,2.471951983268664,0.000333673525,11.822324485673947,0.0406726708306091,2038.3659049105684,4.106388409716134
FTdiesel,SMR,DAC,solar,SMR_H_DAC_C_solar_E,Italy,1,2024,426.6758061128755,5225.204376553975,5651.8801826668505,4.019403338055053,11.75089404467967,0.0300631455860138,2.6422090505370863,0.00017632656,23.3502251072855,0.0803324270755801,5689.623510869354,4.129975237276647
FTdiesel,SMR,DAC,solar,SMR_H_DAC_C_solar_E,Austria,1,2024,462.23212328894846,4649.253554805118,5111.485678094066,4.019403338055053,9.657120726756355,0.0249553877661634,2.7373420968318425,6.3061235e-05,23.3502251072855,0.0803324270755801,5147.23036602494,4.124754214131797
FTdiesel,SMR,DAC,solar,SMR_H_DAC_C_solar_E,Finland,1,2024,480.01028187698495,4879.561429174082,5359.571711051067,4.019403338055053,18.609053110807498,0.0467936174570265,2.7347045299792216,4.408164e-05,34.67020385876978,0.1192768639438567,5415.585672550624,4.1855179010959365
FTdiesel,SMR,DAC,solar,SMR_H_DAC_C_solar_E,Portugal,1,2024,404.4531078778299,4331.971765863979,4736.424873741809,4.019403338055053,9.084205983650287,0.0235577628493887,2.330046772852863,6.857144e-05,26.541123516500846,0.0913101633751714,4774.380250014814,4.134339835719612
FTdiesel,SMR,DAC,solar,SMR_H_DAC_C_solar_E,Germany,1,2024,457.78758364193936,4437.869558495812,4895.657142137752,4.019403338055053,13.79894112311398,0.0350593542924417,2.708460667294999,0.00021061228,31.332519932422898,0.1077941373584526,4943.497063860584,4.162467441985948
FTdiesel,SMR,DAC,solar,SMR_H_DAC_C_solar_E,Greece,1,2024,408.89764752483904,2998.5056503983355,3407.4032979231747,4.019403338055053,8.004327760205324,0.020923401052402,2.410356782389708,0.0001959184,20.758426647186017,0.0714157909474949,3438.5764091129554,4.11193844845495
FTdiesel,SMR,DAC,solar,SMR_H_DAC_C_solar_E,France,1,2024,448.8985043479211,4752.439398053598,5201.337902401519,4.019403338055053,15.95728405527506,0.040324629618712,2.600493718221309,2.693878e-05,29.93460098090079,0.1029848380170222,5249.830281155916,4.1627397444707865
FTdiesel,SMR,DAC,solar,SMR_H_DAC_C_solar_E,Brazil,1,2024,408.89764752483904,4613.144160740901,5022.04180826574,4.019403338055053,68.70691010575452,0.1690072872145006,2.341785342389707,6.3061235e-05,32.995143599028594,0.1135141076730027,5126.085647312912,4.301987794177556
FTdiesel,SMR,DAC,solar,SMR_H_DAC_C_solar_E,United Kingdom,1,2024,473.3434724064713,3877.784354926642,4351.127827333114,4.019403338055053,12.86735560697842,0.0327867523998833,2.890055888173955,0.000129183695,29.72650671536288,0.102268925543615,4396.611745543629,4.154588199693551
FTdiesel,SMR,DAC,solar,SMR_H_DAC_C_solar_E,Spain,1,2024,413.3421871718482,3838.383748525824,4251.725935697672,4.019403338055053,21.30530921537091,0.0533711314049369,2.371891261926552,8.938776999999999e-05,25.59894363309946,0.0880687557901197,4301.002079808069,4.16093261302011
FTdiesel,SMR,DAC,solar,SMR_H_DAC_C_solar_E,Sweden,1,2024,488.8993611710032,6511.963615658913,7000.862976829916,4.019403338055053,22.479466319457497,0.056235486432672,2.7492758002216604,2.204082e-05,32.259462301835065,0.1109831229015014,7058.35118125143,4.186643988209227
FTdiesel,SMR,DAC,solar,SMR_H_DAC_C_solar_E,Czech Republic,1,2024,404.4531078778299,3862.004952306875,4266.458060184705,4.019403338055053,20.116912701968747,0.050472039353065,2.379638617852863,0.00025346943,23.3502251072855,0.0803324270755801,4312.304836611812,4.150461273913698
FTdiesel,SMR,DAC,solar,SMR_H_DAC_C_solar_E,Japan,1,2024,480.01028187698495,4022.95277756262,4502.963059439605,4.019403338055053,9.189850389558206,0.0238154822671406,2.7830718849792215,0.0002951020899999,10.883317676785154,0.037442179661811,4525.819299390927,4.080956102074005
FTdiesel,SMR,DAC,solar,SMR_H_DAC_C_solar_E,Belgium,1,2024,455.56531381843473,3414.0186584446387,3869.5839722630735,4.019403338055053,3.4085918579759573,0.009712108124158,2.681468930026576,8.448981e-05,30.5709421535067,0.1051740602026191,3906.2449752045827,4.1343739961918295
FTdiesel,SMR,DAC,solar,SMR_H_DAC_C_solar_E,Poland,1,2024,411.1199173483436,4164.616138724574,4575.736056072918,4.019403338055053,11.190987172400249,0.0286972533565199,2.5279607796581307,0.000376530675,33.598398530039475,0.1155895023439644,4623.053402555015,4.1640666244305375
FTdiesel,SMR,DAC,solar,SMR_H_DAC_C_solar_E,India,1,2024,393.3417587603071,3161.0821635676616,3554.4239223279687,4.019403338055053,29.28312225525748,0.0728329979742376,2.2544758515107515,0.0004334694599999,5.688980011316389,0.0195719557217851,3591.6505004460537,4.1122417612110755
FTdiesel,SMR,DAC,solar,SMR_H_DAC_C_solar_E,Indonesia,1,2024,357.78544158423415,4217.691696251442,4575.477137835676,4.019403338055053,14.61998306903098,0.0370622852610349,2.0234244152159944,0.00039551027,4.181375475295838,0.0143853020217787,4596.301920795219,4.071246435607867
FTdiesel,SMR,DAC,solar,SMR_H_DAC_C_solar_E,South Korea,1,2024,417.7867268188573,3461.862038929112,3879.6487657479697,4.019403338055053,7.475045488669049,0.0196322175044002,2.3830175864633967,0.00025346943,9.464485512890445,0.0325609320158088,3898.9713143359922,4.071849957005261
FTdiesel,SMR,DAC,solar,SMR_H_DAC_C_solar_E,China,1,2024,406.67537770133447,3151.9364605736564,3558.611838274991,4.019403338055053,78.01603497926587,0.1917168876099259,2.3068344201212856,0.0003428572,7.973956058968025,0.027433022194337,3646.908663733346,4.2388961050593155
FTdiesel,SMR,DAC,solar,SMR_H_DAC_C_solar_E,United Arab Emirates,1,2024,424.453536289371,1564.4704032264208,1988.9239395157915,4.019403338055053,10.874670054831256,0.0279255980789476,2.4162376882686636,0.000234489835,12.32141811912569,0.042389716500573,2014.536265378017,4.089953142469573
FTdiesel,SMR,DAC,solar,SMR_H_DAC_C_solar_E,United States,1,2024,444.453964700912,2613.38252678017,3057.836491481082,4.019403338055053,77.22609399097482,0.1897898273949423,2.549571468684465,0.00023510208,28.43951521566772,0.097841252991375,3166.0516721564086,4.307269520521371
FTdiesel,SMR,DAC,solar,SMR_H_DAC_C_solar_E,Turkey,1,2024,406.67537770133447,2415.471004501634,2822.1463822029687,4.019403338055053,10.108447857063252,0.026056399828645,2.3417323851212855,0.00028775515,20.04662805182993,0.0689669704975327,2854.643190496983,4.1147144635312305
FTdiesel,SMR,DAC,solar,SMR_H_DAC_C_solar_E,Australia,1,2024,455.56531381843473,2944.2955891836573,3399.860903002092,4.019403338055053,78.5068587948625,0.1929142517948745,2.664326070026576,0.00033795924,6.391330393975021,0.0219882712235498,3487.423418260956,4.234643820313478
FTdiesel,SMR,DAC,solar,SMR_H_DAC_C_solar_E,Malaysia,1,2024,388.897219113298,2332.6387655823514,2721.5359846956494,4.019403338055053,15.393900646700336,0.0389502563825607,2.230492381973906,0.0003697959799999,0.0,0.0,2739.1603777243236,4.058723390417613
FTdiesel,SMR,DAC,solar,SMR_H_DAC_C_solar_E,Canada,1,2024,453.3430439949302,2180.9966290865996,2634.33967308153,4.019403338055053,78.70135691476585,0.1933887297550139,2.5742730977581543,0.0001071428749999,26.62747568567551,0.0916072431378362,2742.242778779729,4.304506453822903
FTdiesel,SMR,DAC,solar,SMR_H_DAC_C_solar_E,Mexico,1,2024,391.11948893680255,1963.014986710641,2354.1344756474437,4.019403338055053,47.276868212502755,0.1167287224228995,2.2936065742423297,0.000321428625,34.83072858538064,0.1198291216131102,2438.5356790195697,4.256282610716062
FTdiesel,SMR,DAC,solar,SMR_H_DAC_C_solar_E,Thailand,1,2024,395.5640285838117,2404.0628850672247,2799.6269136510364,4.019403338055053,11.625348230281595,0.0297568767030589,2.267998198779174,0.00033918373,2.9283584199813664,0.0100745126928526,2816.4486185000787,4.059573911180965
FTdiesel,SMR,DAC,solar,SMR_H_DAC_C_solar_E,Russia,1,2024,420.00899664236186,1779.4569562942388,2199.465952936601,4.019403338055053,144.09922899779946,0.3529267703223689,2.379397073731819,0.000274898005,11.6666877799746,0.040137229555271,2357.6112667881066,4.412742235937693
FTdiesel,SMR,DAC,solar,SMR_H_DAC_C_solar_E,Saudi Arabia,1,2024,424.453536289371,1574.3886806581816,1998.8422169475523,4.019403338055053,26.23477902530103,0.0653965678520688,2.390523398268664,0.00033795924,13.677948919801173,0.0470566270387092,2041.1454682909232,4.132194492185832
FTdiesel,SMRCCS,DAC,solar,SMRCCS_H_DAC_C_solar_E,South Africa,1,2024,589.1331816957545,2025.0307091421416,2614.1638908378964,-1.4377626018956406,24.44615260753832,0.0610332155761023,2.3548013591949744,0.0004340817049999,18.019043431492967,0.0619914148913485,2658.9838882361228,-1.31430388972319
FTdiesel,SMRCCS,DAC,solar,SMRCCS_H_DAC_C_solar_E,Taiwan,1,2024,579.6818472300471,2894.7680175143464,3474.4498647443934,-1.4377626018956406,6.501058897936567,0.0172561782346967,2.3668873873897067,0.0003893878199999,6.16439370608389,0.0212075346419098,3489.482204735804,-1.3989095011990342
FTdiesel,SMRCCS,DAC,solar,SMRCCS_H_DAC_C_solar_E,Switzerland,1,2024,696.2483056404371,7952.959851629793,8649.20815727023,-1.4377626018956406,11.91598488169044,0.0304658845102847,2.8910917913213336,2.2653065e-05,23.802983629832372,0.081890064778353,8687.818217573074,-1.325383999542003
FTdiesel,SMRCCS,DAC,solar,SMRCCS_H_DAC_C_solar_E,Singapore,1,2024,582.8322920519496,8398.342416885862,8981.174708937811,-1.4377626018956406,1.0470112370668925,0.0039510346686898,2.4514301546581305,0.000305510255,0.0,0.0,8984.673150329538,-1.4335060569719509
FTdiesel,SMRCCS,DAC,solar,SMRCCS_H_DAC_C_solar_E,Hungary,1,2024,567.0800679424375,3979.2368348198456,4546.3169027622835,-1.4377626018956406,18.541511416877615,0.0466288495653053,2.336063308316018,0.0001120408349999,23.177945121447607,0.0797397274619654,4590.372422608924,-1.31128198403337
FTdiesel,SMRCCS,DAC,solar,SMRCCS_H_DAC_C_solar_E,Philippines,1,2024,563.9296231205351,2867.5538574663333,3431.4834805868686,-1.4377626018956406,10.06971863492859,0.0259619199317423,2.293153201047596,0.0003753061849999,4.759250856001761,0.0163733827219021,3448.6056032788465,-1.3950519930569965
FTdiesel,SMRCCS,DAC,solar,SMRCCS_H_DAC_C_solar_E,Netherlands,1,2024,645.8411884899982,5861.7695076496875,6507.610696139685,-1.4377626018956406,5.099956915719565,0.0138381914140532,2.663713825026576,0.000154897985,30.632396011911936,0.1053854816161674,6546.0067628923425,-1.31838403088042
FTdiesel,SMRCCS,DAC,solar,SMRCCS_H_DAC_C_solar_E,Norway,1,2024,715.1509745718516,4781.614089006242,5496.765063578093,-1.4377626018956406,21.492878472425655,0.0538287064114019,2.867531979931867,1.8979595e-05,32.507170316182204,0.111835319653659,5553.632644346632,-1.2720795962355798
FTdiesel,SMRCCS,DAC,solar,SMRCCS_H_DAC_C_solar_E,Oman,1,2024,601.7349609833642,1675.7396071673684,2277.4745681507325,-1.4377626018956406,18.275013143264257,0.0459787273054728,2.471951983268664,0.000333673525,11.822324485673947,0.0406726708306091,2310.0438577629398,-1.3507775302345588
FTdiesel,SMRCCS,DAC,solar,SMRCCS_H_DAC_C_solar_E,Italy,1,2024,604.8854058052666,6351.797021033923,6956.682426839189,-1.4377626018956406,11.75089404467967,0.0300631455860138,2.6422090505370863,0.00017632656,23.3502251072855,0.0803324270755801,6994.425755041692,-1.3271907026740466
FTdiesel,SMRCCS,DAC,solar,SMRCCS_H_DAC_C_solar_E,Austria,1,2024,655.2925229557055,5613.656424027515,6268.948946983221,-1.4377626018956406,9.657120726756355,0.0249553877661634,2.7373420968318425,6.3061235e-05,23.3502251072855,0.0803324270755801,6304.693634914094,-1.332411725818897
FTdiesel,SMRCCS,DAC,solar,SMRCCS_H_DAC_C_solar_E,Finland,1,2024,680.496081530925,5932.173682397431,6612.669763928356,-1.4377626018956406,18.609053110807498,0.0467936174570265,2.7347045299792216,4.408164e-05,34.67020385876978,0.1192768639438567,6668.683725427913,-1.2716480388547575
FTdiesel,SMRCCS,DAC,solar,SMRCCS_H_DAC_C_solar_E,Portugal,1,2024,573.3809575862423,5211.785193050769,5785.166150637011,-1.4377626018956406,9.084205983650287,0.0235577628493887,2.330046772852863,6.857144e-05,26.541123516500846,0.0913101633751714,5823.121526910016,-1.3228261042310807
FTdiesel,SMRCCS,DAC,solar,SMRCCS_H_DAC_C_solar_E,Germany,1,2024,648.9916333119006,5340.631028357098,5989.622661668999,-1.4377626018956406,13.79894112311398,0.0350593542924417,2.708460667294999,0.00021061228,31.332519932422898,0.1077941373584526,6037.462583391831,-1.2946984979647462
FTdiesel,SMRCCS,DAC,solar,SMRCCS_H_DAC_C_solar_E,Greece,1,2024,579.6818472300471,3493.221046135517,4072.902893365564,-1.4377626018956406,8.004327760205324,0.020923401052402,2.410356782389708,0.0001959184,20.758426647186017,0.0714157909474949,4104.076004555345,-1.3452274914957438
FTdiesel,SMRCCS,DAC,solar,SMRCCS_H_DAC_C_solar_E,France,1,2024,636.3898540242909,5738.698495891425,6375.088349915716,-1.4377626018956406,15.95728405527506,0.040324629618712,2.600493718221309,2.693878e-05,29.93460098090079,0.1029848380170222,6423.580728670113,-1.2944261954799063
FTdiesel,SMRCCS,DAC,solar,SMRCCS_H_DAC_C_solar_E,Brazil,1,2024,579.6818472300471,5583.462060492112,6163.143907722159,-1.4377626018956406,68.70691010575452,0.1690072872145006,2.341785342389707,6.3061235e-05,32.995143599028594,0.1135141076730027,6267.187746769332,-1.1551781457731374
FTdiesel,SMRCCS,DAC,solar,SMRCCS_H_DAC_C_solar_E,United Kingdom,1,2024,671.0447470652176,4633.7942256967335,5304.8389727619515,-1.4377626018956406,12.86735560697842,0.0327867523998833,2.890055888173955,0.000129183695,29.72650671536288,0.102268925543615,5350.322890972467,-1.3025777402571426
FTdiesel,SMRCCS,DAC,solar,SMRCCS_H_DAC_C_solar_E,Spain,1,2024,585.9827368738521,4564.12410975252,5150.106846626372,-1.4377626018956406,21.30530921537091,0.0533711314049369,2.371891261926552,8.938776999999999e-05,25.59894363309946,0.0880687557901197,5199.382990736769,-1.2962333269305841
FTdiesel,SMRCCS,DAC,solar,SMRCCS_H_DAC_C_solar_E,Sweden,1,2024,693.0978608185347,8029.530151108624,8722.628011927158,-1.4377626018956406,22.479466319457497,0.056235486432672,2.7492758002216604,2.204082e-05,32.259462301835065,0.1109831229015014,8780.116216348672,-1.2705219517414672
FTdiesel,SMRCCS,DAC,solar,SMRCCS_H_DAC_C_solar_E,Czech Republic,1,2024,573.3809575862423,4620.3894183148495,5193.770375901092,-1.4377626018956406,20.116912701968747,0.050472039353065,2.379638617852863,0.00025346943,23.3502251072855,0.0803324270755801,5239.617152328199,-1.3067046660369954
FTdiesel,SMRCCS,DAC,solar,SMRCCS_H_DAC_C_solar_E,Japan,1,2024,680.496081530925,4843.399818451853,5523.895899982778,-1.4377626018956406,9.189850389558206,0.0238154822671406,2.7830718849792215,0.0002951020899999,10.883317676785154,0.037442179661811,5546.7521399341,-1.3762098378766892
FTdiesel,SMRCCS,DAC,solar,SMRCCS_H_DAC_C_solar_E,Belgium,1,2024,645.8411884899982,4039.8928610106495,4685.734049500647,-1.4377626018956406,3.4085918579759573,0.009712108124158,2.681468930026576,8.448981e-05,30.5709421535067,0.1051740602026191,4722.395052442156,-1.3227919437588636
FTdiesel,SMRCCS,DAC,solar,SMRCCS_H_DAC_C_solar_E,Poland,1,2024,582.8322920519496,5043.340513664117,5626.172805716066,-1.4377626018956406,11.190987172400249,0.0286972533565199,2.5279607796581307,0.000376530675,33.598398530039475,0.1155895023439644,5673.490152198164,-1.2930993155201562
FTdiesel,SMRCCS,DAC,solar,SMRCCS_H_DAC_C_solar_E,India,1,2024,557.6287334767302,3711.6773479657754,4269.306081442505,-1.4377626018956406,29.28312225525748,0.0728329979742376,2.2544758515107515,0.0004334694599999,5.688980011316389,0.0195719557217851,4306.53265956059,-1.344924178739618
FTdiesel,SMRCCS,DAC,solar,SMRCCS_H_DAC_C_solar_E,Indonesia,1,2024,507.22161632629127,5085.65695424168,5592.878570567971,-1.4377626018956406,14.61998306903098,0.0370622852610349,2.0234244152159944,0.00039551027,4.181375475295838,0.0143853020217787,5613.703353527514,-1.385919504342827
FTdiesel,SMRCCS,DAC,solar,SMRCCS_H_DAC_C_solar_E,South Korea,1,2024,592.2836265176569,4098.825787161902,4691.109413679558,-1.4377626018956406,7.475045488669049,0.0196322175044002,2.3830175864633967,0.00025346943,9.464485512890445,0.0325609320158088,4710.431962267581,-1.3853159829454316
FTdiesel,SMRCCS,DAC,solar,SMRCCS_H_DAC_C_solar_E,China,1,2024,576.5314024081447,3689.915102536269,4266.446504944413,-1.4377626018956406,78.01603497926587,0.1917168876099259,2.3068344201212856,0.0003428572,7.973956058968025,0.027433022194337,4354.743330402768,-1.2182698348913776
FTdiesel,SMRCCS,DAC,solar,SMRCCS_H_DAC_C_solar_E,United Arab Emirates,1,2024,601.7349609833642,1640.6506858456294,2242.3856468289937,-1.4377626018956406,10.874670054831256,0.0279255980789476,2.4162376882686636,0.000234489835,12.32141811912569,0.042389716500573,2267.9979726912193,-1.36721279748112
FTdiesel,SMRCCS,DAC,solar,SMRCCS_H_DAC_C_solar_E,United States,1,2024,630.0889643804861,2992.0824540091617,3622.171418389648,-1.4377626018956406,77.22609399097482,0.1897898273949423,2.549571468684465,0.00023510208,28.43951521566772,0.097841252991375,3730.3865990649747,-1.1498964194293233
FTdiesel,SMRCCS,DAC,solar,SMRCCS_H_DAC_C_solar_E,Turkey,1,2024,576.5314024081447,2774.5884438367507,3351.1198462448956,-1.4377626018956406,10.108447857063252,0.026056399828645,2.3417323851212855,0.00028775515,20.04662805182993,0.0689669704975327,3383.61665453891,-1.342451476419463
FTdiesel,SMRCCS,DAC,solar,SMRCCS_H_DAC_C_solar_E,Australia,1,2024,645.8411884899982,3402.7137674188207,4048.554955908819,-1.4377626018956406,78.5068587948625,0.1929142517948745,2.664326070026576,0.00033795924,6.391330393975021,0.0219882712235498,4136.117471167683,-1.2225221196372165
FTdiesel,SMRCCS,DAC,solar,SMRCCS_H_DAC_C_solar_E,Malaysia,1,2024,551.3278438329253,2654.513930306096,3205.8417741390213,-1.4377626018956406,15.393900646700336,0.0389502563825607,2.230492381973906,0.0003697959799999,0.0,0.0,3223.4661671676954,-1.39844254953308
FTdiesel,SMRCCS,DAC,solar,SMRCCS_H_DAC_C_solar_E,Canada,1,2024,642.6907436680957,2466.876956491362,3109.5677001594577,-1.4377626018956406,78.70135691476585,0.1933887297550139,2.5742730977581543,0.0001071428749999,26.62747568567551,0.0916072431378362,3217.470805857657,-1.1526594861277906
FTdiesel,SMRCCS,DAC,solar,SMRCCS_H_DAC_C_solar_E,Mexico,1,2024,554.4782886548277,2181.6373461789776,2736.1156348338054,-1.4377626018956406,47.276868212502755,0.1167287224228995,2.2936065742423297,0.000321428625,34.83072858538064,0.1198291216131102,2820.5168382059314,-1.200883329234631
FTdiesel,SMRCCS,DAC,solar,SMRCCS_H_DAC_C_solar_E,Thailand,1,2024,560.7791782986327,2739.966613333527,3300.74579163216,-1.4377626018956406,11.625348230281595,0.0297568767030589,2.267998198779174,0.00033918373,2.9283584199813664,0.0100745126928526,3317.5674964812024,-1.3975920287697292
FTdiesel,SMRCCS,DAC,solar,SMRCCS_H_DAC_C_solar_E,Russia,1,2024,595.4340713395594,1965.4622782755544,2560.896349615114,-1.4377626018956406,144.09922899779946,0.3529267703223689,2.379397073731819,0.000274898005,11.6666877799746,0.040137229555271,2719.04166346662,-1.0444237040130007
FTdiesel,SMRCCS,DAC,solar,SMRCCS_H_DAC_C_solar_E,Saudi Arabia,1,2024,601.7349609833642,1666.471928232782,2268.2068892161465,-1.4377626018956406,26.23477902530103,0.0653965678520688,2.390523398268664,0.00033795924,13.677948919801173,0.0470566270387092,2310.5101405595174,-1.3249714477648629
FTdiesel,SMR,SMR,solar,SMR_H_C_solar_E,South Africa,1,2024,415.5644569953527,475.75734330737566,891.3218003027284,3.84610061190325,24.44615260753832,0.0610332155761023,2.3548013591949744,0.0004340817049999,18.019043431492967,0.0619914148913485,936.1417977009547,3.969559324075701
FTdiesel,SMR,SMR,solar,SMR_H_C_solar_E,Taiwan,1,2024,408.89764752483904,1176.434384860641,1585.33203238548,3.84610061190325,6.501058897936567,0.0172561782346967,2.3668873873897067,0.0003893878199999,6.16439370608389,0.0212075346419098,1600.3643723768903,3.8849537125998563
FTdiesel,SMR,SMR,solar,SMR_H_C_solar_E,Switzerland,1,2024,491.12163099450777,5118.057792144307,5609.179423138815,3.84610061190325,11.91598488169044,0.0304658845102847,2.8910917913213336,2.2653065e-05,23.802983629832372,0.081890064778353,5647.789483441659,3.9584792142568874
FTdiesel,SMR,SMR,solar,SMR_H_C_solar_E,Singapore,1,2024,411.1199173483436,5451.104511239815,5862.224428588159,3.84610061190325,1.0470112370668925,0.0039510346686898,2.4514301546581305,0.000305510255,0.0,0.0,5865.722869979883,3.85035715682694
FTdiesel,SMR,SMR,solar,SMR_H_C_solar_E,Hungary,1,2024,400.0085682308208,1991.3267108089065,2391.335279039727,3.84610061190325,18.541511416877615,0.0466288495653053,2.336063308316018,0.0001120408349999,23.177945121447607,0.0797397274619654,2435.3907988863684,3.9725812297655207
FTdiesel,SMR,SMR,solar,SMR_H_C_solar_E,Philippines,1,2024,397.7862984073162,1139.425825877123,1537.2121242844394,3.84610061190325,10.06971863492859,0.0259619199317423,2.293153201047596,0.0003753061849999,4.759250856001761,0.0163733827219021,1554.3342469764173,3.8888112207418946
FTdiesel,SMR,SMR,solar,SMR_H_C_solar_E,Netherlands,1,2024,455.56531381843473,3481.3020570396775,3936.867370858112,3.84610061190325,5.099956915719565,0.0138381914140532,2.663713825026576,0.000154897985,30.632396011911936,0.1053854816161674,3975.2634376107703,3.965479182918471
FTdiesel,SMR,SMR,solar,SMR_H_C_solar_E,Norway,1,2024,504.4552499355352,2629.4350056382737,3133.8902555738086,3.84610061190325,21.492878472425655,0.0538287064114019,2.867531979931867,1.8979595e-05,32.507170316182204,0.111835319653659,3190.757836342348,4.011783617563311
FTdiesel,SMR,SMR,solar,SMR_H_C_solar_E,Oman,1,2024,424.453536289371,221.34307900899051,645.7966152983615,3.84610061190325,18.275013143264257,0.0459787273054728,2.471951983268664,0.000333673525,11.822324485673947,0.0406726708306091,678.3659049105684,3.933085683564332
FTdiesel,SMR,SMR,solar,SMR_H_C_solar_E,Italy,1,2024,426.6758061128755,3865.204376553974,4291.880182666849,3.84610061190325,11.75089404467967,0.0300631455860138,2.6422090505370863,0.00017632656,23.3502251072855,0.0803324270755801,4329.623510869352,3.956672511124844
FTdiesel,SMR,SMR,solar,SMR_H_C_solar_E,Austria,1,2024,462.23212328894846,3289.253554805118,3751.4856780940663,3.84610061190325,9.657120726756355,0.0249553877661634,2.7373420968318425,6.3061235e-05,23.3502251072855,0.0803324270755801,3787.23036602494,3.951451487979994
FTdiesel,SMR,SMR,solar,SMR_H_C_solar_E,Finland,1,2024,480.01028187698495,3519.561429174083,3999.571711051068,3.84610061190325,18.609053110807498,0.0467936174570265,2.7347045299792216,4.408164e-05,34.67020385876978,0.1192768639438567,4055.5856725506246,4.012215174944133
FTdiesel,SMR,SMR,solar,SMR_H_C_solar_E,Portugal,1,2024,404.4531078778299,2971.9717658639784,3376.4248737418084,3.84610061190325,9.084205983650287,0.0235577628493887,2.330046772852863,6.857144e-05,26.541123516500846,0.0913101633751714,3414.380250014812,3.96103710956781
FTdiesel,SMR,SMR,solar,SMR_H_C_solar_E,Germany,1,2024,457.78758364193936,3077.869558495812,3535.657142137751,3.84610061190325,13.79894112311398,0.0350593542924417,2.708460667294999,0.00021061228,31.332519932422898,0.1077941373584526,3583.4970638605832,3.9891647158341446
FTdiesel,SMR,SMR,solar,SMR_H_C_solar_E,Greece,1,2024,408.89764752483904,1638.5056503983355,2047.4032979231747,3.84610061190325,8.004327760205324,0.020923401052402,2.410356782389708,0.0001959184,20.758426647186017,0.0714157909474949,2078.5764091129554,3.9386357223031476
FTdiesel,SMR,SMR,solar,SMR_H_C_solar_E,France,1,2024,448.8985043479211,3392.439398053598,3841.337902401519,3.84610061190325,15.95728405527506,0.040324629618712,2.600493718221309,2.693878e-05,29.93460098090079,0.1029848380170222,3889.8302811559165,3.9894370183189842
FTdiesel,SMR,SMR,solar,SMR_H_C_solar_E,Brazil,1,2024,408.89764752483904,3253.144160740899,3662.0418082657384,3.84610061190325,68.70691010575452,0.1690072872145006,2.341785342389707,6.3061235e-05,32.995143599028594,0.1135141076730027,3766.0856473129115,4.128685068025753
FTdiesel,SMR,SMR,solar,SMR_H_C_solar_E,United Kingdom,1,2024,473.3434724064713,2517.7843549266427,2991.127827333114,3.84610061190325,12.86735560697842,0.0327867523998833,2.890055888173955,0.000129183695,29.72650671536288,0.102268925543615,3036.6117455436297,3.9812854735417487
FTdiesel,SMR,SMR,solar,SMR_H_C_solar_E,Spain,1,2024,413.3421871718482,2478.383748525823,2891.7259356976715,3.84610061190325,21.30530921537091,0.0533711314049369,2.371891261926552,8.938776999999999e-05,25.59894363309946,0.0880687557901197,2941.0020798080686,3.987629886868307
FTdiesel,SMR,SMR,solar,SMR_H_C_solar_E,Sweden,1,2024,488.8993611710032,5151.963615658912,5640.862976829915,3.84610061190325,22.479466319457497,0.056235486432672,2.7492758002216604,2.204082e-05,32.259462301835065,0.1109831229015014,5698.351181251429,4.013341262057423
FTdiesel,SMR,SMR,solar,SMR_H_C_solar_E,Czech Republic,1,2024,404.4531078778299,2502.0049523068747,2906.4580601847047,3.84610061190325,20.116912701968747,0.050472039353065,2.379638617852863,0.00025346943,23.3502251072855,0.0803324270755801,2952.304836611812,3.977158547761895
FTdiesel,SMR,SMR,solar,SMR_H_C_solar_E,Japan,1,2024,480.01028187698495,2662.9527775626193,3142.9630594396044,3.84610061190325,9.189850389558206,0.0238154822671406,2.7830718849792215,0.0002951020899999,10.883317676785154,0.037442179661811,3165.819299390927,3.907653375922202
FTdiesel,SMR,SMR,solar,SMR_H_C_solar_E,Belgium,1,2024,455.56531381843473,2054.0186584446387,2509.5839722630735,3.84610061190325,3.4085918579759573,0.009712108124158,2.681468930026576,8.448981e-05,30.5709421535067,0.1051740602026191,2546.2449752045827,3.9610712700400272
FTdiesel,SMR,SMR,solar,SMR_H_C_solar_E,Poland,1,2024,411.1199173483436,2804.616138724573,3215.7360560729167,3.84610061190325,11.190987172400249,0.0286972533565199,2.5279607796581307,0.000376530675,33.598398530039475,0.1155895023439644,3263.0534025550146,3.990763898278735
FTdiesel,SMR,SMR,solar,SMR_H_C_solar_E,India,1,2024,393.3417587603071,1801.0821635676614,2194.4239223279683,3.84610061190325,29.28312225525748,0.0728329979742376,2.2544758515107515,0.0004334694599999,5.688980011316389,0.0195719557217851,2231.6505004460532,3.938939035059273
FTdiesel,SMR,SMR,solar,SMR_H_C_solar_E,Indonesia,1,2024,357.78544158423415,2857.6916962514424,3215.4771378356763,3.84610061190325,14.61998306903098,0.0370622852610349,2.0234244152159944,0.00039551027,4.181375475295838,0.0143853020217787,3236.3019207952193,3.897943709456064
FTdiesel,SMR,SMR,solar,SMR_H_C_solar_E,South Korea,1,2024,417.7867268188573,2101.8620389291123,2519.6487657479697,3.84610061190325,7.475045488669049,0.0196322175044002,2.3830175864633967,0.00025346943,9.464485512890445,0.0325609320158088,2538.9713143359922,3.8985472308534592
FTdiesel,SMR,SMR,solar,SMR_H_C_solar_E,China,1,2024,406.67537770133447,1791.9364605736569,2198.611838274991,3.84610061190325,78.01603497926587,0.1917168876099259,2.3068344201212856,0.0003428572,7.973956058968025,0.027433022194337,2286.908663733346,4.065593378907513
FTdiesel,SMR,SMR,solar,SMR_H_C_solar_E,United Arab Emirates,1,2024,424.453536289371,204.4704032264207,628.9239395157917,3.84610061190325,10.874670054831256,0.0279255980789476,2.4162376882686636,0.000234489835,12.32141811912569,0.042389716500573,654.5362653780174,3.9166504163177707
FTdiesel,SMR,SMR,solar,SMR_H_C_solar_E,United States,1,2024,444.453964700912,1253.3825267801697,1697.8364914810818,3.84610061190325,77.22609399097482,0.1897898273949423,2.549571468684465,0.00023510208,28.43951521566772,0.097841252991375,1806.0516721564088,4.133966794369568
FTdiesel,SMR,SMR,solar,SMR_H_C_solar_E,Turkey,1,2024,406.67537770133447,1055.4710045016343,1462.1463822029689,3.84610061190325,10.108447857063252,0.026056399828645,2.3417323851212855,0.00028775515,20.04662805182993,0.0689669704975327,1494.6431904969834,3.9414117373794277
FTdiesel,SMR,SMR,solar,SMR_H_C_solar_E,Australia,1,2024,455.56531381843473,1584.2955891836575,2039.8609030020923,3.84610061190325,78.5068587948625,0.1929142517948745,2.664326070026576,0.00033795924,6.391330393975021,0.0219882712235498,2127.423418260956,4.0613410941616745
FTdiesel,SMR,SMR,solar,SMR_H_C_solar_E,Malaysia,1,2024,388.897219113298,972.6387655823514,1361.5359846956494,3.84610061190325,15.393900646700336,0.0389502563825607,2.230492381973906,0.0003697959799999,0.0,0.0,1379.1603777243236,3.8854206642658107
FTdiesel,SMR,SMR,solar,SMR_H_C_solar_E,Canada,1,2024,453.3430439949302,820.9966290865995,1274.3396730815298,3.84610061190325,78.70135691476585,0.1933887297550139,2.5742730977581543,0.0001071428749999,26.62747568567551,0.0916072431378362,1382.2427787797294,4.1312037276711
FTdiesel,SMR,SMR,solar,SMR_H_C_solar_E,Mexico,1,2024,391.11948893680255,603.014986710641,994.1344756474437,3.84610061190325,47.276868212502755,0.1167287224228995,2.2936065742423297,0.000321428625,34.83072858538064,0.1198291216131102,1078.5356790195694,4.08297988456426
FTdiesel,SMR,SMR,solar,SMR_H_C_solar_E,Thailand,1,2024,395.5640285838117,1044.0628850672242,1439.626913651036,3.84610061190325,11.625348230281595,0.0297568767030589,2.267998198779174,0.00033918373,2.9283584199813664,0.0100745126928526,1456.448618500078,3.8862711850291616
FTdiesel,SMR,SMR,solar,SMR_H_C_solar_E,Russia,1,2024,420.00899664236186,419.4569562942387,839.4659529366006,3.84610061190325,144.09922899779946,0.3529267703223689,2.379397073731819,0.000274898005,11.6666877799746,0.040137229555271,997.6112667881065,4.239439509785891
FTdiesel,SMR,SMR,solar,SMR_H_C_solar_E,Saudi Arabia,1,2024,424.453536289371,214.38868065818133,638.8422169475523,3.84610061190325,26.23477902530103,0.0653965678520688,2.390523398268664,0.00033795924,13.677948919801173,0.0470566270387092,681.1454682909232,3.958891766034028
FTdiesel,ATRCCS,BEC,wind,ATRCCS_H_BEC_C_wind_E,South Africa,1,2024,534.5250098309498,699.6895709090292,1234.2145807399788,-2.1346573724309574,24.44615260753832,0.0610332155761023,2.3548013591949744,0.0004340817049999,18.019043431492967,0.0619914148913485,1279.034578138205,-2.011198660258507
FTdiesel,ATRCCS,BEC,wind,ATRCCS_H_BEC_C_wind_E,Taiwan,1,2024,525.9497422935549,1457.945348128827,1983.8950904223816,-2.1346573724309574,6.501058897936567,0.0172561782346967,2.3668873873897067,0.0003893878199999,6.16439370608389,0.0212075346419098,1998.9274304137919,-2.0958042717343512
FTdiesel,ATRCCS,BEC,wind,ATRCCS_H_BEC_C_wind_E,Switzerland,1,2024,631.7113752547588,5796.982534002076,6428.693909256835,-2.1346573724309574,11.91598488169044,0.0304658845102847,2.8910917913213336,2.2653065e-05,23.802983629832372,0.081890064778353,6467.303969559679,-2.02227877007732
FTdiesel,ATRCCS,BEC,wind,ATRCCS_H_BEC_C_wind_E,Singapore,1,2024,528.8081648060198,6248.158538927671,6776.96670373369,-2.1346573724309574,1.0470112370668925,0.0039510346686898,2.4514301546581305,0.000305510255,0.0,0.0,6780.465145125415,-2.1304008275072674
FTdiesel,ATRCCS,BEC,wind,ATRCCS_H_BEC_C_wind_E,Hungary,1,2024,514.5160522436948,2353.4649952811505,2867.9810475248455,-2.1346573724309574,18.541511416877615,0.0466288495653053,2.336063308316018,0.0001120408349999,23.177945121447607,0.0797397274619654,2912.036567371487,-2.008176754568687
FTdiesel,ATRCCS,BEC,wind,ATRCCS_H_BEC_C_wind_E,Philippines,1,2024,511.65762973123,1467.7081401887997,1979.3657699200296,-2.1346573724309574,10.06971863492859,0.0259619199317423,2.293153201047596,0.0003753061849999,4.759250856001761,0.0163733827219021,1996.4878926120075,-2.091946763592313
FTdiesel,ATRCCS,BEC,wind,ATRCCS_H_BEC_C_wind_E,Netherlands,1,2024,585.9766150553191,3985.290328681268,4571.266943736588,-2.1346573724309574,5.099956915719565,0.0138381914140532,2.663713825026576,0.000154897985,30.632396011911936,0.1053854816161674,4609.663010489245,-2.015278801415737
FTdiesel,ATRCCS,BEC,wind,ATRCCS_H_BEC_C_wind_E,Norway,1,2024,648.8619103295486,3011.4132665706657,3660.2751769002143,-2.1346573724309574,21.492878472425655,0.0538287064114019,2.867531979931867,1.8979595e-05,32.507170316182204,0.111835319653659,3717.142757668754,-1.9689743667708963
FTdiesel,ATRCCS,BEC,wind,ATRCCS_H_BEC_C_wind_E,Oman,1,2024,545.9586998808096,444.08383556077274,990.0425354415823,-2.1346573724309574,18.275013143264257,0.0459787273054728,2.471951983268664,0.000333673525,11.822324485673947,0.0406726708306091,1022.6118250537892,-2.0476723007698756
FTdiesel,ATRCCS,BEC,wind,ATRCCS_H_BEC_C_wind_E,Italy,1,2024,548.8171223932745,4438.317113628071,4987.134236021346,-2.1346573724309574,11.75089404467967,0.0300631455860138,2.6422090505370863,0.00017632656,23.3502251072855,0.0803324270755801,5024.877564223849,-2.0240854732093636
FTdiesel,ATRCCS,BEC,wind,ATRCCS_H_BEC_C_wind_E,Austria,1,2024,594.551882592714,3781.154751383942,4375.706633976656,-2.1346573724309574,9.657120726756355,0.0249553877661634,2.7373420968318425,6.3061235e-05,23.3502251072855,0.0803324270755801,4411.45132190753,-2.029306496354214
FTdiesel,ATRCCS,BEC,wind,ATRCCS_H_BEC_C_wind_E,Finland,1,2024,617.419262692434,4000.7893482948457,4618.20861098728,-2.1346573724309574,18.609053110807498,0.0467936174570265,2.7347045299792216,4.408164e-05,34.67020385876978,0.1192768639438567,4674.222572486837,-1.9685428093900743
FTdiesel,ATRCCS,BEC,wind,ATRCCS_H_BEC_C_wind_E,Portugal,1,2024,520.2328972686249,3466.447502411835,3986.68039968046,-2.1346573724309574,9.084205983650287,0.0235577628493887,2.330046772852863,6.857144e-05,26.541123516500846,0.0913101633751714,4024.635775953464,-2.0197208747663975
FTdiesel,ATRCCS,BEC,wind,ATRCCS_H_BEC_C_wind_E,Germany,1,2024,588.8350375677842,3554.489150074563,4143.324187642347,-2.1346573724309574,13.79894112311398,0.0350593542924417,2.708460667294999,0.00021061228,31.332519932422898,0.1077941373584526,4191.164109365179,-1.9915932685000632
FTdiesel,ATRCCS,BEC,wind,ATRCCS_H_BEC_C_wind_E,Greece,1,2024,525.9497422935549,1993.2634878418005,2519.2132301353554,-2.1346573724309574,8.004327760205324,0.020923401052402,2.410356782389708,0.0001959184,20.758426647186017,0.0714157909474949,2550.386341325136,-2.04212226203106
FTdiesel,ATRCCS,BEC,wind,ATRCCS_H_BEC_C_wind_E,France,1,2024,577.4013475179243,3909.3512621366135,4486.752609654538,-2.1346573724309574,15.95728405527506,0.040324629618712,2.600493718221309,2.693878e-05,29.93460098090079,0.1029848380170222,4535.244988408935,-1.9913209660152233
FTdiesel,ATRCCS,BEC,wind,ATRCCS_H_BEC_C_wind_E,Brazil,1,2024,525.9497422935549,3718.3622035655408,4244.311945859095,-2.1346573724309574,68.70691010575452,0.1690072872145006,2.341785342389707,6.3061235e-05,32.995143599028594,0.1135141076730027,4348.355784906268,-1.8520729163084542
FTdiesel,ATRCCS,BEC,wind,ATRCCS_H_BEC_C_wind_E,United Kingdom,1,2024,608.8439951550389,2898.520753370944,3507.364748525983,-2.1346573724309574,12.86735560697842,0.0327867523998833,2.890055888173955,0.000129183695,29.72650671536288,0.102268925543615,3552.8486667364987,-1.999472510792459
FTdiesel,ATRCCS,BEC,wind,ATRCCS_H_BEC_C_wind_E,Spain,1,2024,531.6665873184847,2889.8099904500045,3421.4765777684893,-2.1346573724309574,21.30530921537091,0.0533711314049369,2.371891261926552,8.938776999999999e-05,25.59894363309946,0.0880687557901197,3470.7527218788864,-1.9931280974659007
FTdiesel,ATRCCS,BEC,wind,ATRCCS_H_BEC_C_wind_E,Sweden,1,2024,628.8529527422938,5797.429536599706,6426.282489342,-2.1346573724309574,22.479466319457497,0.056235486432672,2.7492758002216604,2.204082e-05,32.259462301835065,0.1109831229015014,6483.770693763514,-1.9674167222767842
FTdiesel,ATRCCS,BEC,wind,ATRCCS_H_BEC_C_wind_E,Czech Republic,1,2024,520.2328972686249,2931.6894130355986,3451.9223103042236,-2.1346573724309574,20.116912701968747,0.050472039353065,2.379638617852863,0.00025346943,23.3502251072855,0.0803324270755801,3497.769086731331,-2.0035994365723124
FTdiesel,ATRCCS,BEC,wind,ATRCCS_H_BEC_C_wind_E,Japan,1,2024,617.419262692434,3241.193336329957,3858.6125990223914,-2.1346573724309574,9.189850389558206,0.0238154822671406,2.7830718849792215,0.0002951020899999,10.883317676785154,0.037442179661811,3881.468838973714,-2.0731046084120055
FTdiesel,ATRCCS,BEC,wind,ATRCCS_H_BEC_C_wind_E,Belgium,1,2024,585.9766150553191,2402.136723492769,2988.113338548088,-2.1346573724309574,3.4085918579759573,0.009712108124158,2.681468930026576,8.448981e-05,30.5709421535067,0.1051740602026191,3024.774341489597,-2.0196867142941803
FTdiesel,ATRCCS,BEC,wind,ATRCCS_H_BEC_C_wind_E,Poland,1,2024,528.8081648060198,3232.3537358145645,3761.161900620584,-2.1346573724309574,11.190987172400249,0.0286972533565199,2.5279607796581307,0.000376530675,33.598398530039475,0.1155895023439644,3808.479247102682,-1.989994086055473
FTdiesel,ATRCCS,BEC,wind,ATRCCS_H_BEC_C_wind_E,India,1,2024,505.9407847063,2181.6789420598197,2687.6197267661196,-2.1346573724309574,29.28312225525748,0.0728329979742376,2.2544758515107515,0.0004334694599999,5.688980011316389,0.0195719557217851,2724.8463048842045,-2.041818949274935
FTdiesel,ATRCCS,BEC,wind,ATRCCS_H_BEC_C_wind_E,Indonesia,1,2024,460.2060245068605,3404.1624775858472,3864.368502092708,-2.1346573724309574,14.61998306903098,0.0370622852610349,2.0234244152159944,0.00039551027,4.181375475295838,0.0143853020217787,3885.1932850522508,-2.0828142748781437
FTdiesel,ATRCCS,BEC,wind,ATRCCS_H_BEC_C_wind_E,South Korea,1,2024,537.3834323434147,2533.300992047809,3070.6844243912237,-2.1346573724309574,7.475045488669049,0.0196322175044002,2.3830175864633967,0.00025346943,9.464485512890445,0.0325609320158088,3090.0069729792463,-2.0822107534807484
FTdiesel,ATRCCS,BEC,wind,ATRCCS_H_BEC_C_wind_E,China,1,2024,523.0913197810899,2136.1046964886536,2659.1960162697433,-2.1346573724309574,78.01603497926587,0.1917168876099259,2.3068344201212856,0.0003428572,7.973956058968025,0.027433022194337,2747.4928417280985,-1.9151646054266944
FTdiesel,ATRCCS,BEC,wind,ATRCCS_H_BEC_C_wind_E,United Arab Emirates,1,2024,545.9586998808096,442.2920258564249,988.2507257372343,-2.1346573724309574,10.874670054831256,0.0279255980789476,2.4162376882686636,0.000234489835,12.32141811912569,0.042389716500573,1013.8630515994599,-2.064107568016437
FTdiesel,ATRCCS,BEC,wind,ATRCCS_H_BEC_C_wind_E,United States,1,2024,571.6845024929944,1530.087914202179,2101.7724166951734,-2.1346573724309574,77.22609399097482,0.1897898273949423,2.549571468684465,0.00023510208,28.43951521566772,0.097841252991375,2209.9875973705,-1.84679118996464
FTdiesel,ATRCCS,BEC,wind,ATRCCS_H_BEC_C_wind_E,Turkey,1,2024,523.0913197810899,1396.9128452835153,1920.004165064605,-2.1346573724309574,10.108447857063252,0.026056399828645,2.3417323851212855,0.00028775515,20.04662805182993,0.0689669704975327,1952.5009733586196,-2.03934624695478
FTdiesel,ATRCCS,BEC,wind,ATRCCS_H_BEC_C_wind_E,Australia,1,2024,585.9766150553191,1913.613593171837,2499.590208227156,-2.1346573724309574,78.5068587948625,0.1929142517948745,2.664326070026576,0.00033795924,6.391330393975021,0.0219882712235498,2587.15272348602,-1.9194168901725333
FTdiesel,ATRCCS,BEC,wind,ATRCCS_H_BEC_C_wind_E,Malaysia,1,2024,500.2239396813701,1336.8333397072115,1837.0572793885815,-2.1346573724309574,15.393900646700336,0.0389502563825607,2.230492381973906,0.0003697959799999,0.0,0.0,1854.6816724172556,-2.095337320068397
FTdiesel,ATRCCS,BEC,wind,ATRCCS_H_BEC_C_wind_E,Canada,1,2024,583.1181925428542,1027.199495696416,1610.31768823927,-2.1346573724309574,78.70135691476585,0.1933887297550139,2.5742730977581543,0.0001071428749999,26.62747568567551,0.0916072431378362,1718.2207939374696,-1.8495542566631074
FTdiesel,ATRCCS,BEC,wind,ATRCCS_H_BEC_C_wind_E,Mexico,1,2024,503.0823621938351,849.5344201242376,1352.6167823180726,-2.1346573724309574,47.276868212502755,0.1167287224228995,2.2936065742423297,0.000321428625,34.83072858538064,0.1198291216131102,1437.0179856901984,-1.8977780997699478
FTdiesel,ATRCCS,BEC,wind,ATRCCS_H_BEC_C_wind_E,Thailand,1,2024,508.79920721876505,1399.6309470758831,1908.430154294648,-2.1346573724309574,11.625348230281595,0.0297568767030589,2.267998198779174,0.00033918373,2.9283584199813664,0.0100745126928526,1925.2518591436901,-2.094486799305046
FTdiesel,ATRCCS,BEC,wind,ATRCCS_H_BEC_C_wind_E,Russia,1,2024,540.2418548558798,749.6397055768556,1289.8815604327351,-2.1346573724309574,144.09922899779946,0.3529267703223689,2.379397073731819,0.000274898005,11.6666877799746,0.040137229555271,1448.0268742842409,-1.7413184745483175
FTdiesel,ATRCCS,BEC,wind,ATRCCS_H_BEC_C_wind_E,Saudi Arabia,1,2024,545.9586998808096,440.3993055106586,986.3580053914682,-2.1346573724309574,26.23477902530103,0.0653965678520688,2.390523398268664,0.00033795924,13.677948919801173,0.0470566270387092,1028.661256734839,-2.0218662183001794
FTdiesel,BG,BEC,wind,BG_H_BEC_C_wind_E,South Africa,1,2024,550.6624904,1072.295758502661,1622.9582489026611,-2.218915374944274,24.44615260753832,0.0610332155761023,2.3548013591949744,0.0004340817049999,18.019043431492967,0.0619914148913485,1667.7782463008873,-2.095456662771823
FTdiesel,BG,BEC,wind,BG_H_BEC_C_wind_E,Taiwan,1,2024,541.8283328,1093.1076055239075,1634.9359383239075,-2.218915374944274,6.501058897936567,0.0172561782346967,2.3668873873897067,0.0003893878199999,6.16439370608389,0.0212075346419098,1649.9682783153178,-2.1800622742476676
FTdiesel,BG,BEC,wind,BG_H_BEC_C_wind_E,Switzerland,1,2024,650.7829432000001,1502.7892688261395,2153.57221202614,-2.218915374944274,11.91598488169044,0.0304658845102847,2.8910917913213336,2.2653065e-05,23.802983629832372,0.081890064778353,2192.182272328984,-2.1065367725906365
FTdiesel,BG,BEC,wind,BG_H_BEC_C_wind_E,Singapore,1,2024,544.773052,1391.5874110479076,1936.3604630479076,-2.218915374944274,1.0470112370668925,0.0039510346686898,2.4514301546581305,0.000305510255,0.0,0.0,1939.8589044396326,-2.214658830020584
FTdiesel,BG,BEC,wind,BG_H_BEC_C_wind_E,Hungary,1,2024,530.049456,1139.096397727949,1669.1458537279489,-2.218915374944274,18.541511416877615,0.0466288495653053,2.336063308316018,0.0001120408349999,23.177945121447607,0.0797397274619654,1713.2013735745902,-2.092434757082003
FTdiesel,BG,BEC,wind,BG_H_BEC_C_wind_E,Philippines,1,2024,527.1047368000001,1086.714186974866,1613.818923774866,-2.218915374944274,10.06971863492859,0.0259619199317423,2.293153201047596,0.0003753061849999,4.759250856001761,0.0163733827219021,1630.941046466844,-2.1762047661056294
FTdiesel,BG,BEC,wind,BG_H_BEC_C_wind_E,Netherlands,1,2024,603.667436,1314.597079640996,1918.264515640996,-2.218915374944274,5.099956915719565,0.0138381914140532,2.663713825026576,0.000154897985,30.632396011911936,0.1053854816161674,1956.660582393654,-2.099536803929053
FTdiesel,BG,BEC,wind,BG_H_BEC_C_wind_E,Norway,1,2024,668.4512583999999,1342.2746588849416,2010.7259172849415,-2.218915374944274,21.492878472425655,0.0538287064114019,2.867531979931867,1.8979595e-05,32.507170316182204,0.111835319653659,2067.593498053481,-2.0532323692842125
FTdiesel,BG,BEC,wind,BG_H_BEC_C_wind_E,Oman,1,2024,562.4413672000001,1075.2705422025194,1637.7119094025195,-2.218915374944274,18.275013143264257,0.0459787273054728,2.471951983268664,0.000333673525,11.822324485673947,0.0406726708306091,1670.2811990147263,-2.131930303283192
FTdiesel,BG,BEC,wind,BG_H_BEC_C_wind_E,Italy,1,2024,565.3860864,1322.7072523946076,1888.0933387946077,-2.218915374944274,11.75089404467967,0.0300631455860138,2.6422090505370863,0.00017632656,23.3502251072855,0.0803324270755801,1925.83666699711,-2.10834347572268
FTdiesel,BG,BEC,wind,BG_H_BEC_C_wind_E,Austria,1,2024,612.5015936,1330.0966756281202,1942.59826922812,-2.218915374944274,9.657120726756355,0.0249553877661634,2.7373420968318425,6.3061235e-05,23.3502251072855,0.0803324270755801,1978.3429571589936,-2.11356449886753
FTdiesel,BG,BEC,wind,BG_H_BEC_C_wind_E,Finland,1,2024,636.0593472,1336.9400659524542,1972.9994131524545,-2.218915374944274,18.609053110807498,0.0467936174570265,2.7347045299792216,4.408164e-05,34.67020385876978,0.1192768639438567,2029.013374652011,-2.0528008119033907
FTdiesel,BG,BEC,wind,BG_H_BEC_C_wind_E,Portugal,1,2024,535.9388944,1198.672155320406,1734.6110497204058,-2.218915374944274,9.084205983650287,0.0235577628493887,2.330046772852863,6.857144e-05,26.541123516500846,0.0913101633751714,1772.56642599341,-2.1039788772797134
FTdiesel,BG,BEC,wind,BG_H_BEC_C_wind_E,Germany,1,2024,606.6121552,1347.183768158539,1953.7959233585384,-2.218915374944274,13.79894112311398,0.0350593542924417,2.708460667294999,0.00021061228,31.332519932422898,0.1077941373584526,2001.6358450813702,-2.0758512710133794
FTdiesel,BG,BEC,wind,BG_H_BEC_C_wind_E,Greece,1,2024,541.8283328,1156.7853342101162,1698.6136670101162,-2.218915374944274,8.004327760205324,0.020923401052402,2.410356782389708,0.0001959184,20.758426647186017,0.0714157909474949,1729.7867781998973,-2.1263802645443763
FTdiesel,BG,BEC,wind,BG_H_BEC_C_wind_E,France,1,2024,594.8332784000002,1328.5953727251558,1923.428651125156,-2.218915374944274,15.95728405527506,0.040324629618712,2.600493718221309,2.693878e-05,29.93460098090079,0.1029848380170222,1971.921029879553,-2.0755789685285397
FTdiesel,BG,BEC,wind,BG_H_BEC_C_wind_E,Brazil,1,2024,541.8283328,1170.3431959338134,1712.1715287338134,-2.218915374944274,68.70691010575452,0.1690072872145006,2.341785342389707,6.3061235e-05,32.995143599028594,0.1135141076730027,1816.2153677809863,-1.9363309188217703
FTdiesel,BG,BEC,wind,BG_H_BEC_C_wind_E,United Kingdom,1,2024,627.2251896,1242.1996065757016,1869.4247961757017,-2.218915374944274,12.86735560697842,0.0327867523998833,2.890055888173955,0.000129183695,29.72650671536288,0.102268925543615,1914.9087143862168,-2.0837305133057753
FTdiesel,BG,BEC,wind,BG_H_BEC_C_wind_E,Spain,1,2024,547.7177712,1218.53457099886,1766.25234219886,-2.218915374944274,21.30530921537091,0.0533711314049369,2.371891261926552,8.938776999999999e-05,25.59894363309946,0.0880687557901197,1815.528486309257,-2.077386099979217
FTdiesel,BG,BEC,wind,BG_H_BEC_C_wind_E,Sweden,1,2024,647.838224,1417.482156656043,2065.3203806560427,-2.218915374944274,22.479466319457497,0.056235486432672,2.7492758002216604,2.204082e-05,32.259462301835065,0.1109831229015014,2122.808585077557,-2.0516747247901006
FTdiesel,BG,BEC,wind,BG_H_BEC_C_wind_E,Czech Republic,1,2024,535.9388944,1183.956848358082,1719.895742758082,-2.218915374944274,20.116912701968747,0.050472039353065,2.379638617852863,0.00025346943,23.3502251072855,0.0803324270755801,1765.742519185189,-2.087857439085629
FTdiesel,BG,BEC,wind,BG_H_BEC_C_wind_E,Japan,1,2024,636.0593472,1314.5238519353982,1950.5831991353984,-2.218915374944274,9.189850389558206,0.0238154822671406,2.7830718849792215,0.0002951020899999,10.883317676785154,0.037442179661811,1973.4394390867208,-2.157362610925322
FTdiesel,BG,BEC,wind,BG_H_BEC_C_wind_E,Belgium,1,2024,603.667436,1314.655628275629,1918.323064275629,-2.218915374944274,3.4085918579759573,0.009712108124158,2.681468930026576,8.448981e-05,30.5709421535067,0.1051740602026191,1954.984067217138,-2.1039447168074967
FTdiesel,BG,BEC,wind,BG_H_BEC_C_wind_E,Poland,1,2024,544.773052,1177.8686169078503,1722.6416689078503,-2.218915374944274,11.190987172400249,0.0286972533565199,2.5279607796581307,0.000376530675,33.598398530039475,0.1155895023439644,1769.9590153899483,-2.074252088568789
FTdiesel,BG,BEC,wind,BG_H_BEC_C_wind_E,India,1,2024,521.2152984,1100.5576301316223,1621.7729285316225,-2.218915374944274,29.28312225525748,0.0728329979742376,2.2544758515107515,0.0004334694599999,5.688980011316389,0.0195719557217851,1658.999506649707,-2.126076951788251
FTdiesel,BG,BEC,wind,BG_H_BEC_C_wind_E,Indonesia,1,2024,474.0997912,1169.5174018407367,1643.6171930407368,-2.218915374944274,14.61998306903098,0.0370622852610349,2.0234244152159944,0.00039551027,4.181375475295838,0.0143853020217787,1664.4419760002795,-2.16707227739146
FTdiesel,BG,BEC,wind,BG_H_BEC_C_wind_E,South Korea,1,2024,553.6072096,1222.1207403018532,1775.7279499018532,-2.218915374944274,7.475045488669049,0.0196322175044002,2.3830175864633967,0.00025346943,9.464485512890445,0.0325609320158088,1795.0504984898762,-2.1664687559940647
FTdiesel,BG,BEC,wind,BG_H_BEC_C_wind_E,China,1,2024,538.8836136,1095.0668780663082,1633.9504916663082,-2.218915374944274,78.01603497926587,0.1917168876099259,2.3068344201212856,0.0003428572,7.973956058968025,0.027433022194337,1722.2473171246634,-1.9994226079400106
FTdiesel,BG,BEC,wind,BG_H_BEC_C_wind_E,United Arab Emirates,1,2024,562.4413672000001,1073.4332422025198,1635.8746094025198,-2.218915374944274,10.874670054831256,0.0279255980789476,2.4162376882686636,0.000234489835,12.32141811912569,0.042389716500573,1661.4869352647454,-2.1483655705297533
FTdiesel,BG,BEC,wind,BG_H_BEC_C_wind_E,United States,1,2024,588.94384,1237.6054625465183,1826.5493025465184,-2.218915374944274,77.22609399097482,0.1897898273949423,2.549571468684465,0.00023510208,28.43951521566772,0.097841252991375,1934.7644832218455,-1.9310491924779567
FTdiesel,BG,BEC,wind,BG_H_BEC_C_wind_E,Turkey,1,2024,538.8836136,1116.5673443713758,1655.4509579713758,-2.218915374944274,10.108447857063252,0.026056399828645,2.3417323851212855,0.00028775515,20.04662805182993,0.0689669704975327,1687.9477662653903,-2.1236042494680962
FTdiesel,BG,BEC,wind,BG_H_BEC_C_wind_E,Australia,1,2024,603.667436,1255.16333502657,1858.83077102657,-2.218915374944274,78.5068587948625,0.1929142517948745,2.664326070026576,0.00033795924,6.391330393975021,0.0219882712235498,1946.393286285434,-2.00367489268585
FTdiesel,BG,BEC,wind,BG_H_BEC_C_wind_E,Malaysia,1,2024,515.32586,1105.2780129669063,1620.6038729669062,-2.218915374944274,15.393900646700336,0.0389502563825607,2.230492381973906,0.0003697959799999,0.0,0.0,1638.2282659955804,-2.1795953225817133
FTdiesel,BG,BEC,wind,BG_H_BEC_C_wind_E,Canada,1,2024,600.7227168,1180.775249018003,1781.497965818003,-2.218915374944274,78.70135691476585,0.1933887297550139,2.5742730977581543,0.0001071428749999,26.62747568567551,0.0916072431378362,1889.4010715162026,-1.933812259176424
FTdiesel,BG,BEC,wind,BG_H_BEC_C_wind_E,Mexico,1,2024,518.2705791999999,1062.3095524511386,1580.5801316511386,-2.218915374944274,47.276868212502755,0.1167287224228995,2.2936065742423297,0.000321428625,34.83072858538064,0.1198291216131102,1664.9813350232644,-1.9820361022832642
FTdiesel,BG,BEC,wind,BG_H_BEC_C_wind_E,Thailand,1,2024,524.1600176000001,1093.856317660808,1618.016335260808,-2.218915374944274,11.625348230281595,0.0297568767030589,2.267998198779174,0.00033918373,2.9283584199813664,0.0100745126928526,1634.8380401098502,-2.1787448018183624
FTdiesel,BG,BEC,wind,BG_H_BEC_C_wind_E,Russia,1,2024,556.5519288,1106.5884768436906,1663.1404056436909,-2.218915374944274,144.09922899779946,0.3529267703223689,2.379397073731819,0.000274898005,11.6666877799746,0.040137229555271,1821.2857194951966,-1.8255764770616338
FTdiesel,BG,BEC,wind,BG_H_BEC_C_wind_E,Saudi Arabia,1,2024,562.4413672000001,1069.9440612271906,1632.3854284271906,-2.218915374944274,26.23477902530103,0.0653965678520688,2.390523398268664,0.00033795924,13.677948919801173,0.0470566270387092,1674.6886797705615,-2.106124220813496
FTdiesel,LTE,BEC,wind,LTE_H_BEC_C_wind_E,South Africa,1,2024,634.02504275,1829.040865280284,2463.065908030284,-2.6389487911997755,24.44615260753832,0.0610332155761023,2.3548013591949744,0.0004340817049999,18.019043431492967,0.0619914148913485,2507.8859054285103,-2.515490079027325
FTdiesel,LTE,BEC,wind,LTE_H_BEC_C_wind_E,Taiwan,1,2024,623.853518,1055.5968891118912,1679.4504071118913,-2.6389487911997755,6.501058897936567,0.0172561782346967,2.3668873873897067,0.0003893878199999,6.16439370608389,0.0212075346419098,1694.4827471033016,-2.6000956905031694
FTdiesel,LTE,BEC,wind,LTE_H_BEC_C_wind_E,Switzerland,1,2024,749.30232325,2137.1226418069273,2886.4249650569272,-2.6389487911997755,11.91598488169044,0.0304658845102847,2.8910917913213336,2.2653065e-05,23.802983629832372,0.081890064778353,2925.035025359771,-2.5265701888461383
FTdiesel,LTE,BEC,wind,LTE_H_BEC_C_wind_E,Singapore,1,2024,627.24402625,2993.847508282521,3621.091534532521,-2.6389487911997755,1.0470112370668925,0.0039510346686898,2.4514301546581305,0.000305510255,0.0,0.0,3624.589975924246,-2.6346922462760856
FTdiesel,LTE,BEC,wind,LTE_H_BEC_C_wind_E,Hungary,1,2024,610.2914850000001,1700.9202205401027,2311.2117055401027,-2.6389487911997755,18.541511416877615,0.0466288495653053,2.336063308316018,0.0001120408349999,23.177945121447607,0.0797397274619654,2355.267225386744,-2.512468173337505
FTdiesel,LTE,BEC,wind,LTE_H_BEC_C_wind_E,Philippines,1,2024,606.90097675,2074.4206982089668,2681.321674958967,-2.6389487911997755,10.06971863492859,0.0259619199317423,2.293153201047596,0.0003753061849999,4.759250856001761,0.0163733827219021,2698.443797650945,-2.596238182361131
FTdiesel,LTE,BEC,wind,LTE_H_BEC_C_wind_E,Netherlands,1,2024,695.0541912499999,1666.9354581621074,2361.989649412107,-2.6389487911997755,5.099956915719565,0.0138381914140532,2.663713825026576,0.000154897985,30.632396011911936,0.1053854816161674,2400.3857161647657,-2.519570220184555
FTdiesel,LTE,BEC,wind,LTE_H_BEC_C_wind_E,Norway,1,2024,769.64537275,1666.9607300608957,2436.6061028108957,-2.6389487911997755,21.492878472425655,0.0538287064114019,2.867531979931867,1.8979595e-05,32.507170316182204,0.111835319653659,2493.473683579435,-2.4732657855397147
FTdiesel,LTE,BEC,wind,LTE_H_BEC_C_wind_E,Oman,1,2024,647.5870757499999,1924.355291432969,2571.9423671829686,-2.6389487911997755,18.275013143264257,0.0459787273054728,2.471951983268664,0.000333673525,11.822324485673947,0.0406726708306091,2604.511656795176,-2.5519637195386937
FTdiesel,LTE,BEC,wind,LTE_H_BEC_C_wind_E,Italy,1,2024,650.9775840000001,1931.1458016548763,2582.1233856548765,-2.6389487911997755,11.75089404467967,0.0300631455860138,2.6422090505370863,0.00017632656,23.3502251072855,0.0803324270755801,2619.8667138573787,-2.5283768919781817
FTdiesel,LTE,BEC,wind,LTE_H_BEC_C_wind_E,Austria,1,2024,705.2257159999999,1814.0511565363536,2519.276872536354,-2.6389487911997755,9.657120726756355,0.0249553877661634,2.7373420968318425,6.3061235e-05,23.3502251072855,0.0803324270755801,2555.0215604672276,-2.533597915123032
FTdiesel,LTE,BEC,wind,LTE_H_BEC_C_wind_E,Finland,1,2024,732.349782,1719.2623102856796,2451.61209228568,-2.6389487911997755,18.609053110807498,0.0467936174570265,2.7347045299792216,4.408164e-05,34.67020385876978,0.1192768639438567,2507.6260537852363,-2.4728342281588924
FTdiesel,LTE,BEC,wind,LTE_H_BEC_C_wind_E,Portugal,1,2024,617.0725015,1912.3990272300452,2529.471528730045,-2.6389487911997755,9.084205983650287,0.0235577628493887,2.330046772852863,6.857144e-05,26.541123516500846,0.0913101633751714,2567.426905003049,-2.5240122935352156
FTdiesel,LTE,BEC,wind,LTE_H_BEC_C_wind_E,Germany,1,2024,698.4446995,2083.988322671056,2782.4330221710557,-2.6389487911997755,13.79894112311398,0.0350593542924417,2.708460667294999,0.00021061228,31.332519932422898,0.1077941373584526,2830.2729438938877,-2.495884687268881
FTdiesel,LTE,BEC,wind,LTE_H_BEC_C_wind_E,Greece,1,2024,623.853518,1747.4903211111737,2371.3438391111736,-2.6389487911997755,8.004327760205324,0.020923401052402,2.410356782389708,0.0001959184,20.758426647186017,0.0714157909474949,2402.5169503009542,-2.546413680799878
FTdiesel,LTE,BEC,wind,LTE_H_BEC_C_wind_E,France,1,2024,684.8826665,1895.7406922130524,2580.6233587130523,-2.6389487911997755,15.95728405527506,0.040324629618712,2.600493718221309,2.693878e-05,29.93460098090079,0.1029848380170222,2629.11573746745,-2.4956123847840415
FTdiesel,LTE,BEC,wind,LTE_H_BEC_C_wind_E,Brazil,1,2024,623.853518,1005.9363421242962,1629.7898601242962,-2.6389487911997755,68.70691010575452,0.1690072872145006,2.341785342389707,6.3061235e-05,32.995143599028594,0.1135141076730027,1733.833699171469,-2.356364335077272
FTdiesel,LTE,BEC,wind,LTE_H_BEC_C_wind_E,United Kingdom,1,2024,722.17825725,1317.0264562604816,2039.2047135104815,-2.6389487911997755,12.86735560697842,0.0327867523998833,2.890055888173955,0.000129183695,29.72650671536288,0.102268925543615,2084.688631720997,-2.503763929561277
FTdiesel,LTE,BEC,wind,LTE_H_BEC_C_wind_E,Spain,1,2024,630.6345345,1432.964539116585,2063.599073616585,-2.6389487911997755,21.30530921537091,0.0533711314049369,2.371891261926552,8.938776999999999e-05,25.59894363309946,0.0880687557901197,2112.875217726982,-2.497419516234719
FTdiesel,LTE,BEC,wind,LTE_H_BEC_C_wind_E,Sweden,1,2024,745.9118150000002,1762.210739802735,2508.122554802735,-2.6389487911997755,22.479466319457497,0.056235486432672,2.7492758002216604,2.204082e-05,32.259462301835065,0.1109831229015014,2565.6107592242493,-2.4717081410456023
FTdiesel,LTE,BEC,wind,LTE_H_BEC_C_wind_E,Czech Republic,1,2024,617.0725015,1975.157818728743,2592.230320228743,-2.6389487911997755,20.116912701968747,0.050472039353065,2.379638617852863,0.00025346943,23.3502251072855,0.0803324270755801,2638.0770966558503,-2.5078908553411305
FTdiesel,LTE,BEC,wind,LTE_H_BEC_C_wind_E,Japan,1,2024,732.349782,4345.606809334371,5077.956591334371,-2.6389487911997755,9.189850389558206,0.0238154822671406,2.7830718849792215,0.0002951020899999,10.883317676785154,0.037442179661811,5100.812831285693,-2.5773960271808236
FTdiesel,LTE,BEC,wind,LTE_H_BEC_C_wind_E,Belgium,1,2024,695.0541912499999,1930.370072841791,2625.424264091791,-2.6389487911997755,3.4085918579759573,0.009712108124158,2.681468930026576,8.448981e-05,30.5709421535067,0.1051740602026191,2662.0852670333,-2.5239781330629985
FTdiesel,LTE,BEC,wind,LTE_H_BEC_C_wind_E,Poland,1,2024,627.24402625,1825.603727262384,2452.8477535123843,-2.6389487911997755,11.190987172400249,0.0286972533565199,2.5279607796581307,0.000376530675,33.598398530039475,0.1155895023439644,2500.1650999944823,-2.494285504824291
FTdiesel,LTE,BEC,wind,LTE_H_BEC_C_wind_E,India,1,2024,600.1199602500001,1693.3889080285187,2293.508868278519,-2.6389487911997755,29.28312225525748,0.0728329979742376,2.2544758515107515,0.0004334694599999,5.688980011316389,0.0195719557217851,2330.735446396604,-2.546110368043753
FTdiesel,LTE,BEC,wind,LTE_H_BEC_C_wind_E,Indonesia,1,2024,545.8718282499999,2896.72774308681,3442.5995713368097,-2.6389487911997755,14.61998306903098,0.0370622852610349,2.0234244152159944,0.00039551027,4.181375475295838,0.0143853020217787,3463.4243542963527,-2.587105693646962
FTdiesel,LTE,BEC,wind,LTE_H_BEC_C_wind_E,South Korea,1,2024,637.415551,2451.4972224306384,3088.9127734306385,-2.6389487911997755,7.475045488669049,0.0196322175044002,2.3830175864633967,0.00025346943,9.464485512890445,0.0325609320158088,3108.235322018661,-2.5865021722495665
FTdiesel,LTE,BEC,wind,LTE_H_BEC_C_wind_E,China,1,2024,620.46300975,1038.3959195139155,1658.8589292639158,-2.6389487911997755,78.01603497926587,0.1917168876099259,2.3068344201212856,0.0003428572,7.973956058968025,0.027433022194337,1747.155754722271,-2.4194560241955125
FTdiesel,LTE,BEC,wind,LTE_H_BEC_C_wind_E,United Arab Emirates,1,2024,647.5870757499999,1920.2717635149688,2567.8588392649685,-2.6389487911997755,10.874670054831256,0.0279255980789476,2.4162376882686636,0.000234489835,12.32141811912569,0.042389716500573,2593.471165127194,-2.568398986785255
FTdiesel,LTE,BEC,wind,LTE_H_BEC_C_wind_E,United States,1,2024,678.10165,1573.1628106672229,2251.264460667223,-2.6389487911997755,77.22609399097482,0.1897898273949423,2.549571468684465,0.00023510208,28.43951521566772,0.097841252991375,2359.4796413425497,-2.3510826087334586
FTdiesel,LTE,BEC,wind,LTE_H_BEC_C_wind_E,Turkey,1,2024,620.46300975,2720.5440175628264,3341.0070273128263,-2.6389487911997755,10.108447857063252,0.026056399828645,2.3417323851212855,0.00028775515,20.04662805182993,0.0689669704975327,3373.5038356068408,-2.543637665723598
FTdiesel,LTE,BEC,wind,LTE_H_BEC_C_wind_E,Australia,1,2024,695.0541912499999,1702.4507094890253,2397.5049007390253,-2.6389487911997755,78.5068587948625,0.1929142517948745,2.664326070026576,0.00033795924,6.391330393975021,0.0219882712235498,2485.0674159978894,-2.4237083089413516
FTdiesel,LTE,BEC,wind,LTE_H_BEC_C_wind_E,Malaysia,1,2024,593.3389437500001,2906.6854414821432,3500.0243852321432,-2.6389487911997755,15.393900646700336,0.0389502563825607,2.230492381973906,0.0003697959799999,0.0,0.0,3517.6487782608174,-2.599628738837215
FTdiesel,LTE,BEC,wind,LTE_H_BEC_C_wind_E,Canada,1,2024,691.663683,1480.5456587955198,2172.20934179552,-2.6389487911997755,78.70135691476585,0.1933887297550139,2.5742730977581543,0.0001071428749999,26.62747568567551,0.0916072431378362,2280.112447493719,-2.3538456754319257
FTdiesel,LTE,BEC,wind,LTE_H_BEC_C_wind_E,Mexico,1,2024,596.7294519999999,1726.7413671271283,2323.4708191271284,-2.6389487911997755,47.276868212502755,0.1167287224228995,2.2936065742423297,0.000321428625,34.83072858538064,0.1198291216131102,2407.8720224992544,-2.402069518538766
FTdiesel,LTE,BEC,wind,LTE_H_BEC_C_wind_E,Thailand,1,2024,603.5104685,2550.2203433879477,3153.730811887948,-2.6389487911997755,11.625348230281595,0.0297568767030589,2.267998198779174,0.00033918373,2.9283584199813664,0.0100745126928526,3170.5525167369906,-2.598778218073864
FTdiesel,LTE,BEC,wind,LTE_H_BEC_C_wind_E,Russia,1,2024,640.80605925,3641.946405928519,4282.752465178519,-2.6389487911997755,144.09922899779946,0.3529267703223689,2.379397073731819,0.000274898005,11.6666877799746,0.040137229555271,4440.897779030024,-2.245609893317136
FTdiesel,LTE,BEC,wind,LTE_H_BEC_C_wind_E,Saudi Arabia,1,2024,647.5870757499999,1917.7379651597391,2565.325040909739,-2.6389487911997755,26.23477902530103,0.0653965678520688,2.390523398268664,0.00033795924,13.677948919801173,0.0470566270387092,2607.62829225311,-2.5261576370689975
FTdiesel,SMR,BEC,wind,SMR_H_BEC_C_wind_E,South Africa,1,2024,415.5644569953527,595.2875778497587,1010.8520348451112,3.7106691761195902,24.44615260753832,0.0610332155761023,2.3548013591949744,0.0004340817049999,18.019043431492967,0.0619914148913485,1055.6720322433373,3.834127888292041
FTdiesel,SMR,BEC,wind,SMR_H_BEC_C_wind_E,Taiwan,1,2024,408.89764752483904,1306.1351916975686,1715.0328392224078,3.7106691761195902,6.501058897936567,0.0172561782346967,2.3668873873897067,0.0003893878199999,6.16439370608389,0.0212075346419098,1730.065179213818,3.7495222768161964
FTdiesel,SMR,BEC,wind,SMR_H_BEC_C_wind_E,Switzerland,1,2024,491.12163099450777,5247.95544876758,5739.077079762087,3.7106691761195902,11.91598488169044,0.0304658845102847,2.8910917913213336,2.2653065e-05,23.802983629832372,0.081890064778353,5777.687140064932,3.8230477784732275
FTdiesel,SMR,BEC,wind,SMR_H_BEC_C_wind_E,Singapore,1,2024,411.1199173483436,5603.088713891112,6014.208631239456,3.7106691761195902,1.0470112370668925,0.0039510346686898,2.4514301546581305,0.000305510255,0.0,0.0,6017.70707263118,3.7149257210432802
FTdiesel,SMR,BEC,wind,SMR_H_BEC_C_wind_E,Hungary,1,2024,400.0085682308208,2100.850414545366,2500.858982776187,3.7106691761195902,18.541511416877615,0.0466288495653053,2.336063308316018,0.0001120408349999,23.177945121447607,0.0797397274619654,2544.9145026228284,3.837149793981861
FTdiesel,SMR,BEC,wind,SMR_H_BEC_C_wind_E,Philippines,1,2024,397.7862984073162,1275.7539088543665,1673.5402072616828,3.7106691761195902,10.06971863492859,0.0259619199317423,2.293153201047596,0.0003753061849999,4.759250856001761,0.0163733827219021,1690.6623299536607,3.7533797849582347
FTdiesel,SMR,BEC,wind,SMR_H_BEC_C_wind_E,Netherlands,1,2024,455.56531381843473,3605.6879196452624,4061.253233463697,3.7106691761195902,5.099956915719565,0.0138381914140532,2.663713825026576,0.000154897985,30.632396011911936,0.1053854816161674,4099.649300216355,3.830047747134811
FTdiesel,SMR,BEC,wind,SMR_H_BEC_C_wind_E,Norway,1,2024,504.4552499355352,2730.855059836823,3235.310309772358,3.7106691761195902,21.492878472425655,0.0538287064114019,2.867531979931867,1.8979595e-05,32.507170316182204,0.111835319653659,3292.1778905408974,3.8763521817796516
FTdiesel,SMR,BEC,wind,SMR_H_BEC_C_wind_E,Oman,1,2024,424.453536289371,362.658023240333,787.111559529704,3.7106691761195902,18.275013143264257,0.0459787273054728,2.471951983268664,0.000333673525,11.822324485673947,0.0406726708306091,819.6808491419108,3.797654247780672
FTdiesel,SMR,BEC,wind,SMR_H_BEC_C_wind_E,Italy,1,2024,426.6758061128755,3998.710945926925,4425.3867520398,3.7106691761195902,11.75089404467967,0.0300631455860138,2.6422090505370863,0.00017632656,23.3502251072855,0.0803324270755801,4463.130080242303,3.821241075341184
FTdiesel,SMR,BEC,wind,SMR_H_BEC_C_wind_E,Austria,1,2024,462.23212328894846,3414.1643501742924,3876.396473463241,3.7106691761195902,9.657120726756355,0.0249553877661634,2.7373420968318425,6.3061235e-05,23.3502251072855,0.0803324270755801,3912.1411613941145,3.816020052196334
FTdiesel,SMR,BEC,wind,SMR_H_BEC_C_wind_E,Finland,1,2024,480.01028187698495,3622.7531314497464,4102.763413326731,3.7106691761195902,18.609053110807498,0.0467936174570265,2.7347045299792216,4.408164e-05,34.67020385876978,0.1192768639438567,4158.777374826288,3.8767837391604734
FTdiesel,SMR,BEC,wind,SMR_H_BEC_C_wind_E,Portugal,1,2024,404.4531078778299,3111.711911804553,3516.165019682383,3.7106691761195902,9.084205983650287,0.0235577628493887,2.330046772852863,6.857144e-05,26.541123516500846,0.0913101633751714,3554.120395955387,3.8256056737841506
FTdiesel,SMR,BEC,wind,SMR_H_BEC_C_wind_E,Germany,1,2024,457.78758364193936,3207.7672151190854,3665.554798761025,3.7106691761195902,13.79894112311398,0.0350593542924417,2.708460667294999,0.00021061228,31.332519932422898,0.1077941373584526,3713.394720483857,3.8537332800504847
FTdiesel,SMR,BEC,wind,SMR_H_BEC_C_wind_E,Greece,1,2024,408.89764752483904,1774.7681167801304,2183.6657643049693,3.7106691761195902,8.004327760205324,0.020923401052402,2.410356782389708,0.0001959184,20.758426647186017,0.0714157909474949,2214.83887549475,3.8032042865194877
FTdiesel,SMR,BEC,wind,SMR_H_BEC_C_wind_E,France,1,2024,448.8985043479211,3527.3895325264193,3976.288036874341,3.7106691761195902,15.95728405527506,0.040324629618712,2.600493718221309,2.693878e-05,29.93460098090079,0.1029848380170222,4024.7804156287384,3.8540055825353243
FTdiesel,SMR,BEC,wind,SMR_H_BEC_C_wind_E,Brazil,1,2024,408.89764752483904,3366.3752021202095,3775.2728496450486,3.7106691761195902,68.70691010575452,0.1690072872145006,2.341785342389707,6.3061235e-05,32.995143599028594,0.1135141076730027,3879.3166886922218,3.993253632242094
FTdiesel,SMR,BEC,wind,SMR_H_BEC_C_wind_E,United Kingdom,1,2024,473.3434724064713,2629.0468984424924,3102.390370848964,3.7106691761195902,12.86735560697842,0.0327867523998833,2.890055888173955,0.000129183695,29.72650671536288,0.102268925543615,3147.8742890594795,3.8458540377580888
FTdiesel,SMR,BEC,wind,SMR_H_BEC_C_wind_E,Spain,1,2024,413.3421871718482,2612.6121004487095,3025.954287620558,3.7106691761195902,21.30530921537091,0.0533711314049369,2.371891261926552,8.938776999999999e-05,25.59894363309946,0.0880687557901197,3075.230431730955,3.852198451084647
FTdiesel,SMR,BEC,wind,SMR_H_BEC_C_wind_E,Sweden,1,2024,488.8993611710032,5255.811483889062,5744.710845060065,3.7106691761195902,22.479466319457497,0.056235486432672,2.7492758002216604,2.204082e-05,32.259462301835065,0.1109831229015014,5802.199049481579,3.8779098262737635
FTdiesel,SMR,BEC,wind,SMR_H_BEC_C_wind_E,Czech Republic,1,2024,404.4531078778299,2631.902608930148,3036.355716807978,3.7106691761195902,20.116912701968747,0.050472039353065,2.379638617852863,0.00025346943,23.3502251072855,0.0803324270755801,3082.202493235085,3.8417271119782352
FTdiesel,SMR,BEC,wind,SMR_H_BEC_C_wind_E,Japan,1,2024,480.01028187698495,2813.519661752225,3293.5299436292103,3.7106691761195902,9.189850389558206,0.0238154822671406,2.7830718849792215,0.0002951020899999,10.883317676785154,0.037442179661811,3316.386183580533,3.772221940138542
FTdiesel,SMR,BEC,wind,SMR_H_BEC_C_wind_E,Belgium,1,2024,455.56531381843473,2162.5909215470933,2618.156235365528,3.7106691761195902,3.4085918579759573,0.009712108124158,2.681468930026576,8.448981e-05,30.5709421535067,0.1051740602026191,2654.8172383070373,3.8256398342563673
FTdiesel,SMR,BEC,wind,SMR_H_BEC_C_wind_E,Poland,1,2024,411.1199173483436,2900.065082737293,3311.1850000856366,3.7106691761195902,11.190987172400249,0.0286972533565199,2.5279607796581307,0.000376530675,33.598398530039475,0.1155895023439644,3358.5023465677345,3.855332462495075
FTdiesel,SMR,BEC,wind,SMR_H_BEC_C_wind_E,India,1,2024,393.3417587603071,1935.9666814450345,2329.3084402053414,3.7106691761195902,29.28312225525748,0.0728329979742376,2.2544758515107515,0.0004334694599999,5.688980011316389,0.0195719557217851,2366.5350183234264,3.803507599275613
FTdiesel,SMR,BEC,wind,SMR_H_BEC_C_wind_E,Indonesia,1,2024,357.78544158423415,3002.8386496569874,3360.6240912412213,3.7106691761195902,14.61998306903098,0.0370622852610349,2.0234244152159944,0.00039551027,4.181375475295838,0.0143853020217787,3381.4488742007643,3.762512273672404
FTdiesel,SMR,BEC,wind,SMR_H_BEC_C_wind_E,South Korea,1,2024,417.7867268188573,2237.7964223336635,2655.583149152521,3.7106691761195902,7.475045488669049,0.0196322175044002,2.3830175864633967,0.00025346943,9.464485512890445,0.0325609320158088,2674.9056977405435,3.7631157950697993
FTdiesel,SMR,BEC,wind,SMR_H_BEC_C_wind_E,China,1,2024,406.67537770133447,1921.6372674105844,2328.3126451119188,3.7106691761195902,78.01603497926587,0.1917168876099259,2.3068344201212856,0.0003428572,7.973956058968025,0.027433022194337,2416.609470570274,3.9301619431238533
FTdiesel,SMR,BEC,wind,SMR_H_BEC_C_wind_E,United Arab Emirates,1,2024,424.453536289371,357.99003421121637,782.4435705005874,3.7106691761195902,10.874670054831256,0.0279255980789476,2.4162376882686636,0.000234489835,12.32141811912569,0.042389716500573,808.0558963628131,3.7812189805341108
FTdiesel,SMR,BEC,wind,SMR_H_BEC_C_wind_E,United States,1,2024,444.453964700912,1377.112223431268,1821.56618813218,3.7106691761195902,77.22609399097482,0.1897898273949423,2.549571468684465,0.00023510208,28.43951521566772,0.097841252991375,1929.781368807507,3.998535358585907
FTdiesel,SMR,BEC,wind,SMR_H_BEC_C_wind_E,Turkey,1,2024,406.67537770133447,1187.927708347406,1594.6030860487404,3.7106691761195902,10.108447857063252,0.026056399828645,2.3417323851212855,0.00028775515,20.04662805182993,0.0689669704975327,1627.0998943427549,3.805980301595768
FTdiesel,SMR,BEC,wind,SMR_H_BEC_C_wind_E,Australia,1,2024,455.56531381843473,1725.8729997967948,2181.4383136152296,3.7106691761195902,78.5068587948625,0.1929142517948745,2.664326070026576,0.00033795924,6.391330393975021,0.0219882712235498,2269.0008288740937,3.925909658378014
FTdiesel,SMR,BEC,wind,SMR_H_BEC_C_wind_E,Malaysia,1,2024,388.897219113298,1123.0941015596943,1511.9913206729923,3.7106691761195902,15.393900646700336,0.0389502563825607,2.230492381973906,0.0003697959799999,0.0,0.0,1529.6157137016664,3.7499892284821508
FTdiesel,SMR,BEC,wind,SMR_H_BEC_C_wind_E,Canada,1,2024,453.3430439949302,919.8576360626504,1373.2006800575807,3.7106691761195902,78.70135691476585,0.1933887297550139,2.5742730977581543,0.0001071428749999,26.62747568567551,0.0916072431378362,1481.1037857557803,3.99577229188744
FTdiesel,SMR,BEC,wind,SMR_H_BEC_C_wind_E,Mexico,1,2024,391.11948893680255,727.4008493162258,1118.5203382530285,3.7106691761195902,47.276868212502755,0.1167287224228995,2.2936065742423297,0.000321428625,34.83072858538064,0.1198291216131102,1202.9215416251543,3.9475484487805996
FTdiesel,SMR,BEC,wind,SMR_H_BEC_C_wind_E,Thailand,1,2024,395.5640285838117,1194.6691392140988,1590.2331677979105,3.7106691761195902,11.625348230281595,0.0297568767030589,2.267998198779174,0.00033918373,2.9283584199813664,0.0100745126928526,1607.0548726469526,3.7508397492455017
FTdiesel,SMR,BEC,wind,SMR_H_BEC_C_wind_E,Russia,1,2024,420.00899664236186,563.7902639162202,983.799260558582,3.7106691761195902,144.09922899779946,0.3529267703223689,2.379397073731819,0.000274898005,11.6666877799746,0.040137229555271,1141.9445744100879,4.10400807400223
FTdiesel,SMR,BEC,wind,SMR_H_BEC_C_wind_E,Saudi Arabia,1,2024,424.453536289371,356.09732446221585,780.5508607515869,3.7106691761195902,26.23477902530103,0.0653965678520688,2.390523398268664,0.00033795924,13.677948919801173,0.0470566270387092,822.8541120949578,3.8234603302503682
FTdiesel,SMRCCS,BEC,wind,SMRCCS_H_BEC_C_wind_E,South Africa,1,2024,589.1331816957545,762.3851277756814,1351.518309471436,-1.7705279268876966,24.44615260753832,0.0610332155761023,2.3548013591949744,0.0004340817049999,18.019043431492967,0.0619914148913485,1396.3383068696621,-1.647069214715246
FTdiesel,SMRCCS,BEC,wind,SMRCCS_H_BEC_C_wind_E,Taiwan,1,2024,579.6818472300471,1655.987237390123,2235.66908462017,-1.7705279268876966,6.501058897936567,0.0172561782346967,2.3668873873897067,0.0003893878199999,6.16439370608389,0.0212075346419098,2250.7014246115805,-1.7316748261910901
FTdiesel,SMRCCS,BEC,wind,SMRCCS_H_BEC_C_wind_E,Switzerland,1,2024,696.2483056404371,6714.64097088445,7410.889276524888,-1.7705279268876966,11.91598488169044,0.0304658845102847,2.8910917913213336,2.2653065e-05,23.802983629832372,0.081890064778353,7449.499336827733,-1.6581493245340588
FTdiesel,SMRCCS,BEC,wind,SMRCCS_H_BEC_C_wind_E,Singapore,1,2024,582.8322920519496,7211.84864645108,7794.680938503029,-1.7705279268876966,1.0470112370668925,0.0039510346686898,2.4514301546581305,0.000305510255,0.0,0.0,7798.179379894754,-1.7662713819640068
FTdiesel,SMRCCS,BEC,wind,SMRCCS_H_BEC_C_wind_E,Hungary,1,2024,567.0800679424375,2693.111368360218,3260.1914363026553,-1.7705279268876966,18.541511416877615,0.0466288495653053,2.336063308316018,0.0001120408349999,23.177945121447607,0.0797397274619654,3304.2469561492967,-1.644047309025426
FTdiesel,SMRCCS,BEC,wind,SMRCCS_H_BEC_C_wind_E,Philippines,1,2024,563.9296231205351,1644.3236897644692,2208.253312885005,-1.7705279268876966,10.06971863492859,0.0259619199317423,2.293153201047596,0.0003753061849999,4.759250856001761,0.0163733827219021,2225.375435576983,-1.7278173180490524
FTdiesel,SMRCCS,BEC,wind,SMRCCS_H_BEC_C_wind_E,Netherlands,1,2024,645.8411884899982,4610.5174442956495,5256.358632785647,-1.7705279268876966,5.099956915719565,0.0138381914140532,2.663713825026576,0.000154897985,30.632396011911936,0.1053854816161674,5294.7546995383045,-1.651149355872476
FTdiesel,SMRCCS,BEC,wind,SMRCCS_H_BEC_C_wind_E,Norway,1,2024,715.1509745718516,3476.4737647826396,4191.624739354491,-1.7705279268876966,21.492878472425655,0.0538287064114019,2.867531979931867,1.8979595e-05,32.507170316182204,0.111835319653659,4248.49232012303,-1.6048449212276357
FTdiesel,SMRCCS,BEC,wind,SMRCCS_H_BEC_C_wind_E,Oman,1,2024,601.7349609833642,464.2108903971819,1065.9458513805462,-1.7705279268876966,18.275013143264257,0.0459787273054728,2.471951983268664,0.000333673525,11.822324485673947,0.0406726708306091,1098.515140992753,-1.6835428552266147
FTdiesel,SMRCCS,BEC,wind,SMRCCS_H_BEC_C_wind_E,Italy,1,2024,604.8854058052666,5121.946295568083,5726.8317013733495,-1.7705279268876966,11.75089404467967,0.0300631455860138,2.6422090505370863,0.00017632656,23.3502251072855,0.0803324270755801,5764.575029575853,-1.6599560276661025
FTdiesel,SMRCCS,BEC,wind,SMRCCS_H_BEC_C_wind_E,Austria,1,2024,655.2925229557055,4363.636092350495,5018.928615306201,-1.7705279268876966,9.657120726756355,0.0249553877661634,2.7373420968318425,6.3061235e-05,23.3502251072855,0.0803324270755801,5054.673303237075,-1.665177050810953
FTdiesel,SMRCCS,BEC,wind,SMRCCS_H_BEC_C_wind_E,Finland,1,2024,680.496081530925,4631.190452583766,5311.686534114691,-1.7705279268876966,18.609053110807498,0.0467936174570265,2.7347045299792216,4.408164e-05,34.67020385876978,0.1192768639438567,5367.700495614248,-1.6044133638468134
FTdiesel,SMRCCS,BEC,wind,SMRCCS_H_BEC_C_wind_E,Portugal,1,2024,573.3809575862423,3996.5612812495256,4569.942238835768,-1.7705279268876966,9.084205983650287,0.0235577628493887,2.330046772852863,6.857144e-05,26.541123516500846,0.0913101633751714,4607.897615108773,-1.6555914292231366
FTdiesel,SMRCCS,BEC,wind,SMRCCS_H_BEC_C_wind_E,Germany,1,2024,648.9916333119006,4102.312147611756,4751.303780923657,-1.7705279268876966,13.79894112311398,0.0350593542924417,2.708460667294999,0.00021061228,31.332519932422898,0.1077941373584526,4799.143702646488,-1.6274638229568021
FTdiesel,SMRCCS,BEC,wind,SMRCCS_H_BEC_C_wind_E,Greece,1,2024,579.6818472300471,2269.836911974027,2849.518759204074,-1.7705279268876966,8.004327760205324,0.020923401052402,2.410356782389708,0.0001959184,20.758426647186017,0.0714157909474949,2880.6918703938545,-1.6779928164877997
FTdiesel,SMRCCS,BEC,wind,SMRCCS_H_BEC_C_wind_E,France,1,2024,636.3898540242909,4512.235032537388,5148.624886561679,-1.7705279268876966,15.95728405527506,0.040324629618712,2.600493718221309,2.693878e-05,29.93460098090079,0.1029848380170222,5197.117265316076,-1.6271915204719622
FTdiesel,SMRCCS,BEC,wind,SMRCCS_H_BEC_C_wind_E,Brazil,1,2024,579.6818472300471,4306.035699001428,4885.717546231475,-1.7705279268876966,68.70691010575452,0.1690072872145006,2.341785342389707,6.3061235e-05,32.995143599028594,0.1135141076730027,4989.761385278648,-1.4879434707651933
FTdiesel,SMRCCS,BEC,wind,SMRCCS_H_BEC_C_wind_E,United Kingdom,1,2024,671.0447470652176,3351.748870417231,4022.793617482449,-1.7705279268876966,12.86735560697842,0.0327867523998833,2.890055888173955,0.000129183695,29.72650671536288,0.102268925543615,4068.2775356929646,-1.6353430652491983
FTdiesel,SMRCCS,BEC,wind,SMRCCS_H_BEC_C_wind_E,Spain,1,2024,585.9827368738521,3335.967015342581,3921.949752216433,-1.7705279268876966,21.30530921537091,0.0533711314049369,2.371891261926552,8.938776999999999e-05,25.59894363309946,0.0880687557901197,3971.22589632683,-1.62899865192264
FTdiesel,SMRCCS,BEC,wind,SMRCCS_H_BEC_C_wind_E,Sweden,1,2024,693.0978608185347,6730.08658589123,7423.184446709765,-1.7705279268876966,22.479466319457497,0.056235486432672,2.7492758002216604,2.204082e-05,32.259462301835065,0.1109831229015014,7480.672651131279,-1.6032872767335231
FTdiesel,SMRCCS,BEC,wind,SMRCCS_H_BEC_C_wind_E,Czech Republic,1,2024,573.3809575862423,3382.070537569507,3955.4514951557494,-1.7705279268876966,20.116912701968747,0.050472039353065,2.379638617852863,0.00025346943,23.3502251072855,0.0803324270755801,4001.2982715828566,-1.6394699910290513
FTdiesel,SMRCCS,BEC,wind,SMRCCS_H_BEC_C_wind_E,Japan,1,2024,680.496081530925,3653.58037248912,4334.076454020045,-1.7705279268876966,9.189850389558206,0.0238154822671406,2.7830718849792215,0.0002951020899999,10.883317676785154,0.037442179661811,4356.932693971367,-1.708975162868745
FTdiesel,SMRCCS,BEC,wind,SMRCCS_H_BEC_C_wind_E,Belgium,1,2024,645.8411884899982,2751.534880886427,3397.376069376425,-1.7705279268876966,3.4085918579759573,0.009712108124158,2.681468930026576,8.448981e-05,30.5709421535067,0.1051740602026191,3434.0370723179344,-1.6555572687509192
FTdiesel,SMRCCS,BEC,wind,SMRCCS_H_BEC_C_wind_E,Poland,1,2024,582.8322920519496,3724.1892416144265,4307.021533666376,-1.7705279268876966,11.190987172400249,0.0286972533565199,2.5279607796581307,0.000376530675,33.598398530039475,0.1155895023439644,4354.338880148473,-1.6258646405122121
FTdiesel,SMRCCS,BEC,wind,SMRCCS_H_BEC_C_wind_E,India,1,2024,557.6287334767302,2485.0599181521115,3042.688651628842,-1.7705279268876966,29.28312225525748,0.0728329979742376,2.2544758515107515,0.0004334694599999,5.688980011316389,0.0195719557217851,3079.915229746927,-1.677689503731674
FTdiesel,SMRCCS,BEC,wind,SMRCCS_H_BEC_C_wind_E,Indonesia,1,2024,507.22161632629127,3883.119878713729,4390.34149504002,-1.7705279268876966,14.61998306903098,0.0370622852610349,2.0234244152159944,0.00039551027,4.181375475295838,0.0143853020217787,4411.166277999563,-1.7186848293348829
FTdiesel,SMRCCS,BEC,wind,SMRCCS_H_BEC_C_wind_E,South Korea,1,2024,592.2836265176569,2874.671820702273,3466.95544721993,-1.7705279268876966,7.475045488669049,0.0196322175044002,2.3830175864633967,0.00025346943,9.464485512890445,0.0325609320158088,3486.2779958079527,-1.7180813079374875
FTdiesel,SMRCCS,BEC,wind,SMRCCS_H_BEC_C_wind_E,China,1,2024,576.5314024081447,2451.1343224120446,3027.665724820189,-1.7705279268876966,78.01603497926587,0.1917168876099259,2.3068344201212856,0.0003428572,7.973956058968025,0.027433022194337,3115.9625502785443,-1.5510351598834338
FTdiesel,SMRCCS,BEC,wind,SMRCCS_H_BEC_C_wind_E,United Arab Emirates,1,2024,601.7349609833642,457.759730566126,1059.4946915494902,-1.7705279268876966,10.874670054831256,0.0279255980789476,2.4162376882686636,0.000234489835,12.32141811912569,0.042389716500573,1085.1070174117158,-1.6999781224731758
FTdiesel,SMRCCS,BEC,wind,SMRCCS_H_BEC_C_wind_E,United States,1,2024,630.0889643804861,1739.290726058851,2369.379690439337,-1.7705279268876966,77.22609399097482,0.1897898273949423,2.549571468684465,0.00023510208,28.43951521566772,0.097841252991375,2477.594871114664,-1.4826617444213792
FTdiesel,SMRCCS,BEC,wind,SMRCCS_H_BEC_C_wind_E,Turkey,1,2024,576.5314024081447,1542.2742550168753,2118.80565742502,-1.7705279268876966,10.108447857063252,0.026056399828645,2.3417323851212855,0.00028775515,20.04662805182993,0.0689669704975327,2151.3024657190344,-1.675216801411519
FTdiesel,SMRCCS,BEC,wind,SMRCCS_H_BEC_C_wind_E,Australia,1,2024,645.8411884899982,2191.8009164871437,2837.642104977142,-1.7705279268876966,78.5068587948625,0.1929142517948745,2.664326070026576,0.00033795924,6.391330393975021,0.0219882712235498,2925.204620236006,-1.5552874446292724
FTdiesel,SMRCCS,BEC,wind,SMRCCS_H_BEC_C_wind_E,Malaysia,1,2024,551.3278438329253,1464.4327413619967,2015.760585194922,-1.7705279268876966,15.393900646700336,0.0389502563825607,2.230492381973906,0.0003697959799999,0.0,0.0,2033.3849782235961,-1.7312078745251358
FTdiesel,SMRCCS,BEC,wind,SMRCCS_H_BEC_C_wind_E,Canada,1,2024,642.6907436680957,1155.7319403422937,1798.4226840103893,-1.7705279268876966,78.70135691476585,0.1933887297550139,2.5742730977581543,0.0001071428749999,26.62747568567551,0.0916072431378362,1906.325789708589,-1.4854248111198465
FTdiesel,SMRCCS,BEC,wind,SMRCCS_H_BEC_C_wind_E,Mexico,1,2024,554.4782886548277,930.3852828249408,1484.8635714797686,-1.7705279268876966,47.276868212502755,0.1167287224228995,2.2936065742423297,0.000321428625,34.83072858538064,0.1198291216131102,1569.2647748518943,-1.533648654226687
FTdiesel,SMRCCS,BEC,wind,SMRCCS_H_BEC_C_wind_E,Thailand,1,2024,560.7791782986327,1550.2395472465707,2111.0187255452033,-1.7705279268876966,11.625348230281595,0.0297568767030589,2.267998198779174,0.00033918373,2.9283584199813664,0.0100745126928526,2127.8404303942457,-1.7303573537617851
FTdiesel,SMRCCS,BEC,wind,SMRCCS_H_BEC_C_wind_E,Russia,1,2024,595.4340713395594,761.0160186482254,1356.4500899877848,-1.7705279268876966,144.09922899779946,0.3529267703223689,2.379397073731819,0.000274898005,11.6666877799746,0.040137229555271,1514.5954038392906,-1.3771890290050566
FTdiesel,SMRCCS,BEC,wind,SMRCCS_H_BEC_C_wind_E,Saudi Arabia,1,2024,601.7349609833642,455.8670102203597,1057.601971203724,-1.7705279268876966,26.23477902530103,0.0653965678520688,2.390523398268664,0.00033795924,13.677948919801173,0.0470566270387092,1099.9052225470948,-1.6577367727569188
FTdiesel,BG,BG,wind,BG_H_C_wind_E,South Africa,1,2024,550.6624904,936.2957585026612,1486.9582489026611,-2.1013316531226542,24.44615260753832,0.0610332155761023,2.3548013591949744,0.0004340817049999,18.019043431492967,0.0619914148913485,1531.7782463008873,-1.9778729409502034
FTdiesel,BG,BG,wind,BG_H_C_wind_E,Taiwan,1,2024,541.8283328,957.1076055239072,1498.9359383239073,-2.1013316531226542,6.501058897936567,0.0172561782346967,2.3668873873897067,0.0003893878199999,6.16439370608389,0.0212075346419098,1513.9682783153175,-2.062478552426048
FTdiesel,BG,BG,wind,BG_H_C_wind_E,Switzerland,1,2024,650.7829432000001,1366.7892688261395,2017.57221202614,-2.1013316531226542,11.91598488169044,0.0304658845102847,2.8910917913213336,2.2653065e-05,23.802983629832372,0.081890064778353,2056.1822723289843,-1.988953050769017
FTdiesel,BG,BG,wind,BG_H_C_wind_E,Singapore,1,2024,544.773052,1255.5874110479076,1800.3604630479076,-2.1013316531226542,1.0470112370668925,0.0039510346686898,2.4514301546581305,0.000305510255,0.0,0.0,1803.8589044396326,-2.0970751081989643
FTdiesel,BG,BG,wind,BG_H_C_wind_E,Hungary,1,2024,530.049456,1003.0963977279488,1533.1458537279486,-2.1013316531226542,18.541511416877615,0.0466288495653053,2.336063308316018,0.0001120408349999,23.177945121447607,0.0797397274619654,1577.20137357459,-1.9748510352603836
FTdiesel,BG,BG,wind,BG_H_C_wind_E,Philippines,1,2024,527.1047368000001,950.714186974866,1477.818923774866,-2.1013316531226542,10.06971863492859,0.0259619199317423,2.293153201047596,0.0003753061849999,4.759250856001761,0.0163733827219021,1494.941046466844,-2.05862104428401
FTdiesel,BG,BG,wind,BG_H_C_wind_E,Netherlands,1,2024,603.667436,1178.597079640996,1782.264515640996,-2.1013316531226542,5.099956915719565,0.0138381914140532,2.663713825026576,0.000154897985,30.632396011911936,0.1053854816161674,1820.660582393654,-1.9819530821074336
FTdiesel,BG,BG,wind,BG_H_C_wind_E,Norway,1,2024,668.4512583999999,1206.2746588849416,1874.7259172849415,-2.1013316531226542,21.492878472425655,0.0538287064114019,2.867531979931867,1.8979595e-05,32.507170316182204,0.111835319653659,1931.5934980534812,-1.9356486474625931
FTdiesel,BG,BG,wind,BG_H_C_wind_E,Oman,1,2024,562.4413672000001,939.2705422025196,1501.7119094025195,-2.1013316531226542,18.275013143264257,0.0459787273054728,2.471951983268664,0.000333673525,11.822324485673947,0.0406726708306091,1534.2811990147263,-2.0143465814615724
FTdiesel,BG,BG,wind,BG_H_C_wind_E,Italy,1,2024,565.3860864,1186.7072523946074,1752.0933387946077,-2.1013316531226542,11.75089404467967,0.0300631455860138,2.6422090505370863,0.00017632656,23.3502251072855,0.0803324270755801,1789.83666699711,-1.9907597539010604
FTdiesel,BG,BG,wind,BG_H_C_wind_E,Austria,1,2024,612.5015936,1194.0966756281205,1806.5982692281204,-2.1013316531226542,9.657120726756355,0.0249553877661634,2.7373420968318425,6.3061235e-05,23.3502251072855,0.0803324270755801,1842.342957158994,-1.9959807770459106
FTdiesel,BG,BG,wind,BG_H_C_wind_E,Finland,1,2024,636.0593472,1200.9400659524542,1836.9994131524545,-2.1013316531226542,18.609053110807498,0.0467936174570265,2.7347045299792216,4.408164e-05,34.67020385876978,0.1192768639438567,1893.013374652011,-1.9352170900817711
FTdiesel,BG,BG,wind,BG_H_C_wind_E,Portugal,1,2024,535.9388944,1062.6721553204056,1598.6110497204056,-2.1013316531226542,9.084205983650287,0.0235577628493887,2.330046772852863,6.857144e-05,26.541123516500846,0.0913101633751714,1636.5664259934097,-1.986395155458094
FTdiesel,BG,BG,wind,BG_H_C_wind_E,Germany,1,2024,606.6121552,1211.1837681585384,1817.7959233585384,-2.1013316531226542,13.79894112311398,0.0350593542924417,2.708460667294999,0.00021061228,31.332519932422898,0.1077941373584526,1865.6358450813702,-1.95826754919176
FTdiesel,BG,BG,wind,BG_H_C_wind_E,Greece,1,2024,541.8283328,1020.7853342101164,1562.6136670101164,-2.1013316531226542,8.004327760205324,0.020923401052402,2.410356782389708,0.0001959184,20.758426647186017,0.0714157909474949,1593.7867781998975,-2.0087965427227568
FTdiesel,BG,BG,wind,BG_H_C_wind_E,France,1,2024,594.8332784000002,1192.5953727251558,1787.428651125156,-2.1013316531226542,15.95728405527506,0.040324629618712,2.600493718221309,2.693878e-05,29.93460098090079,0.1029848380170222,1835.921029879553,-1.9579952467069202
FTdiesel,BG,BG,wind,BG_H_C_wind_E,Brazil,1,2024,541.8283328,1034.3431959338134,1576.1715287338134,-2.1013316531226542,68.70691010575452,0.1690072872145006,2.341785342389707,6.3061235e-05,32.995143599028594,0.1135141076730027,1680.2153677809863,-1.818747197000151
FTdiesel,BG,BG,wind,BG_H_C_wind_E,United Kingdom,1,2024,627.2251896,1106.1996065757016,1733.4247961757017,-2.1013316531226542,12.86735560697842,0.0327867523998833,2.890055888173955,0.000129183695,29.72650671536288,0.102268925543615,1778.9087143862168,-1.9661467914841557
FTdiesel,BG,BG,wind,BG_H_C_wind_E,Spain,1,2024,547.7177712,1082.53457099886,1630.25234219886,-2.1013316531226542,21.30530921537091,0.0533711314049369,2.371891261926552,8.938776999999999e-05,25.59894363309946,0.0880687557901197,1679.528486309257,-1.9598023781575975
FTdiesel,BG,BG,wind,BG_H_C_wind_E,Sweden,1,2024,647.838224,1281.482156656043,1929.3203806560427,-2.1013316531226542,22.479466319457497,0.056235486432672,2.7492758002216604,2.204082e-05,32.259462301835065,0.1109831229015014,1986.8085850775572,-1.934091002968481
FTdiesel,BG,BG,wind,BG_H_C_wind_E,Czech Republic,1,2024,535.9388944,1047.9568483580822,1583.8957427580822,-2.1013316531226542,20.116912701968747,0.050472039353065,2.379638617852863,0.00025346943,23.3502251072855,0.0803324270755801,1629.7425191851892,-1.9702737172640092
FTdiesel,BG,BG,wind,BG_H_C_wind_E,Japan,1,2024,636.0593472,1178.523851935398,1814.583199135398,-2.1013316531226542,9.189850389558206,0.0238154822671406,2.7830718849792215,0.0002951020899999,10.883317676785154,0.037442179661811,1837.4394390867203,-2.0397788891037023
FTdiesel,BG,BG,wind,BG_H_C_wind_E,Belgium,1,2024,603.667436,1178.655628275629,1782.323064275629,-2.1013316531226542,3.4085918579759573,0.009712108124158,2.681468930026576,8.448981e-05,30.5709421535067,0.1051740602026191,1818.984067217138,-1.9863609949858771
FTdiesel,BG,BG,wind,BG_H_C_wind_E,Poland,1,2024,544.773052,1041.8686169078503,1586.6416689078503,-2.1013316531226542,11.190987172400249,0.0286972533565199,2.5279607796581307,0.000376530675,33.598398530039475,0.1155895023439644,1633.9590153899483,-1.9566683667471698
FTdiesel,BG,BG,wind,BG_H_C_wind_E,India,1,2024,521.2152984,964.557630131622,1485.772928531622,-2.1013316531226542,29.28312225525748,0.0728329979742376,2.2544758515107515,0.0004334694599999,5.688980011316389,0.0195719557217851,1522.9995066497065,-2.0084932299666316
FTdiesel,BG,BG,wind,BG_H_C_wind_E,Indonesia,1,2024,474.0997912,1033.5174018407367,1507.6171930407368,-2.1013316531226542,14.61998306903098,0.0370622852610349,2.0234244152159944,0.00039551027,4.181375475295838,0.0143853020217787,1528.4419760002795,-2.0494885555698406
FTdiesel,BG,BG,wind,BG_H_C_wind_E,South Korea,1,2024,553.6072096,1086.1207403018534,1639.7279499018534,-2.1013316531226542,7.475045488669049,0.0196322175044002,2.3830175864633967,0.00025346943,9.464485512890445,0.0325609320158088,1659.0504984898764,-2.048885034172445
FTdiesel,BG,BG,wind,BG_H_C_wind_E,China,1,2024,538.8836136,959.066878066308,1497.950491666308,-2.1013316531226542,78.01603497926587,0.1917168876099259,2.3068344201212856,0.0003428572,7.973956058968025,0.027433022194337,1586.2473171246631,-1.8818388861183912
FTdiesel,BG,BG,wind,BG_H_C_wind_E,United Arab Emirates,1,2024,562.4413672000001,937.4332422025196,1499.8746094025196,-2.1013316531226542,10.874670054831256,0.0279255980789476,2.4162376882686636,0.000234489835,12.32141811912569,0.042389716500573,1525.4869352647452,-2.0307818487081337
FTdiesel,BG,BG,wind,BG_H_C_wind_E,United States,1,2024,588.94384,1101.6054625465183,1690.5493025465184,-2.1013316531226542,77.22609399097482,0.1897898273949423,2.549571468684465,0.00023510208,28.43951521566772,0.097841252991375,1798.7644832218455,-1.813465470656337
FTdiesel,BG,BG,wind,BG_H_C_wind_E,Turkey,1,2024,538.8836136,980.567344371376,1519.4509579713758,-2.1013316531226542,10.108447857063252,0.026056399828645,2.3417323851212855,0.00028775515,20.04662805182993,0.0689669704975327,1551.9477662653903,-2.0060205276464766
FTdiesel,BG,BG,wind,BG_H_C_wind_E,Australia,1,2024,603.667436,1119.1633350265697,1722.8307710265697,-2.1013316531226542,78.5068587948625,0.1929142517948745,2.664326070026576,0.00033795924,6.391330393975021,0.0219882712235498,1810.3932862854338,-1.88609117086423
FTdiesel,BG,BG,wind,BG_H_C_wind_E,Malaysia,1,2024,515.32586,969.278012966906,1484.6038729669062,-2.1013316531226542,15.393900646700336,0.0389502563825607,2.230492381973906,0.0003697959799999,0.0,0.0,1502.2282659955804,-2.0620116007600937
FTdiesel,BG,BG,wind,BG_H_C_wind_E,Canada,1,2024,600.7227168,1044.775249018003,1645.497965818003,-2.1013316531226542,78.70135691476585,0.1933887297550139,2.5742730977581543,0.0001071428749999,26.62747568567551,0.0916072431378362,1753.4010715162026,-1.8162285373548042
FTdiesel,BG,BG,wind,BG_H_C_wind_E,Mexico,1,2024,518.2705791999999,926.3095524511384,1444.5801316511383,-2.1013316531226542,47.276868212502755,0.1167287224228995,2.2936065742423297,0.000321428625,34.83072858538064,0.1198291216131102,1528.9813350232641,-1.8644523804616446
FTdiesel,BG,BG,wind,BG_H_C_wind_E,Thailand,1,2024,524.1600176000001,957.856317660808,1482.016335260808,-2.1013316531226542,11.625348230281595,0.0297568767030589,2.267998198779174,0.00033918373,2.9283584199813664,0.0100745126928526,1498.8380401098502,-2.061161079996743
FTdiesel,BG,BG,wind,BG_H_C_wind_E,Russia,1,2024,556.5519288,970.5884768436908,1527.1404056436909,-2.1013316531226542,144.09922899779946,0.3529267703223689,2.379397073731819,0.000274898005,11.6666877799746,0.040137229555271,1685.2857194951966,-1.7079927552400143
FTdiesel,BG,BG,wind,BG_H_C_wind_E,Saudi Arabia,1,2024,562.4413672000001,933.9440612271908,1496.385428427191,-2.1013316531226542,26.23477902530103,0.0653965678520688,2.390523398268664,0.00033795924,13.677948919801173,0.0470566270387092,1538.688679770562,-1.9885404989918765
FTdiesel,ATRCCS,DAC,wind,ATRCCS_H_DAC_C_wind_E,South Africa,1,2024,534.5250098309498,1923.689570909029,2458.214580739979,-1.9414400800130895,24.44615260753832,0.0610332155761023,2.3548013591949744,0.0004340817049999,18.019043431492967,0.0619914148913485,2503.0345781382052,-1.817981367840639
FTdiesel,ATRCCS,DAC,wind,ATRCCS_H_DAC_C_wind_E,Taiwan,1,2024,525.9497422935549,2681.9453481288265,3207.895090422381,-1.9414400800130895,6.501058897936567,0.0172561782346967,2.3668873873897067,0.0003893878199999,6.16439370608389,0.0212075346419098,3222.9274304137916,-1.9025869793164831
FTdiesel,ATRCCS,DAC,wind,ATRCCS_H_DAC_C_wind_E,Switzerland,1,2024,631.7113752547588,7020.982534002076,7652.693909256835,-1.9414400800130895,11.91598488169044,0.0304658845102847,2.8910917913213336,2.2653065e-05,23.802983629832372,0.081890064778353,7691.303969559679,-1.8290614776594518
FTdiesel,ATRCCS,DAC,wind,ATRCCS_H_DAC_C_wind_E,Singapore,1,2024,528.8081648060198,7472.158538927671,8000.96670373369,-1.9414400800130895,1.0470112370668925,0.0039510346686898,2.4514301546581305,0.000305510255,0.0,0.0,8004.465145125415,-1.9371835350893998
FTdiesel,ATRCCS,DAC,wind,ATRCCS_H_DAC_C_wind_E,Hungary,1,2024,514.5160522436948,3577.4649952811505,4091.9810475248455,-1.9414400800130895,18.541511416877615,0.0466288495653053,2.336063308316018,0.0001120408349999,23.177945121447607,0.0797397274619654,4136.036567371487,-1.814959462150819
FTdiesel,ATRCCS,DAC,wind,ATRCCS_H_DAC_C_wind_E,Philippines,1,2024,511.65762973123,2691.7081401888,3203.36576992003,-1.9414400800130895,10.06971863492859,0.0259619199317423,2.293153201047596,0.0003753061849999,4.759250856001761,0.0163733827219021,3220.4878926120077,-1.8987294711744453
FTdiesel,ATRCCS,DAC,wind,ATRCCS_H_DAC_C_wind_E,Netherlands,1,2024,585.9766150553191,5209.290328681268,5795.266943736588,-1.9414400800130895,5.099956915719565,0.0138381914140532,2.663713825026576,0.000154897985,30.632396011911936,0.1053854816161674,5833.663010489245,-1.822061508997869
FTdiesel,ATRCCS,DAC,wind,ATRCCS_H_DAC_C_wind_E,Norway,1,2024,648.8619103295486,4235.413266570665,4884.275176900213,-1.9414400800130895,21.492878472425655,0.0538287064114019,2.867531979931867,1.8979595e-05,32.507170316182204,0.111835319653659,4941.142757668753,-1.7757570743530287
FTdiesel,ATRCCS,DAC,wind,ATRCCS_H_DAC_C_wind_E,Oman,1,2024,545.9586998808096,1668.0838355607727,2214.0425354415825,-1.9414400800130895,18.275013143264257,0.0459787273054728,2.471951983268664,0.000333673525,11.822324485673947,0.0406726708306091,2246.6118250537897,-1.8544550083520077
FTdiesel,ATRCCS,DAC,wind,ATRCCS_H_DAC_C_wind_E,Italy,1,2024,548.8171223932745,5662.317113628072,6211.134236021346,-1.9414400800130895,11.75089404467967,0.0300631455860138,2.6422090505370863,0.00017632656,23.3502251072855,0.0803324270755801,6248.877564223849,-1.8308681807914955
FTdiesel,ATRCCS,DAC,wind,ATRCCS_H_DAC_C_wind_E,Austria,1,2024,594.551882592714,5005.154751383941,5599.706633976655,-1.9414400800130895,9.657120726756355,0.0249553877661634,2.7373420968318425,6.3061235e-05,23.3502251072855,0.0803324270755801,5635.451321907529,-1.836089203936346
FTdiesel,ATRCCS,DAC,wind,ATRCCS_H_DAC_C_wind_E,Finland,1,2024,617.419262692434,5224.789348294845,5842.208610987279,-1.9414400800130895,18.609053110807498,0.0467936174570265,2.7347045299792216,4.408164e-05,34.67020385876978,0.1192768639438567,5898.222572486836,-1.7753255169722064
FTdiesel,ATRCCS,DAC,wind,ATRCCS_H_DAC_C_wind_E,Portugal,1,2024,520.2328972686249,4690.4475024118365,5210.680399680461,-1.9414400800130895,9.084205983650287,0.0235577628493887,2.330046772852863,6.857144e-05,26.541123516500846,0.0913101633751714,5248.635775953466,-1.8265035823485296
FTdiesel,ATRCCS,DAC,wind,ATRCCS_H_DAC_C_wind_E,Germany,1,2024,588.8350375677842,4778.489150074563,5367.324187642347,-1.9414400800130895,13.79894112311398,0.0350593542924417,2.708460667294999,0.00021061228,31.332519932422898,0.1077941373584526,5415.164109365179,-1.7983759760821951
FTdiesel,ATRCCS,DAC,wind,ATRCCS_H_DAC_C_wind_E,Greece,1,2024,525.9497422935549,3217.2634878418007,3743.213230135356,-1.9414400800130895,8.004327760205324,0.020923401052402,2.410356782389708,0.0001959184,20.758426647186017,0.0714157909474949,3774.3863413251365,-1.8489049696131927
FTdiesel,ATRCCS,DAC,wind,ATRCCS_H_DAC_C_wind_E,France,1,2024,577.4013475179243,5133.3512621366135,5710.752609654538,-1.9414400800130895,15.95728405527506,0.040324629618712,2.600493718221309,2.693878e-05,29.93460098090079,0.1029848380170222,5759.244988408935,-1.7981036735973552
FTdiesel,ATRCCS,DAC,wind,ATRCCS_H_DAC_C_wind_E,Brazil,1,2024,525.9497422935549,4942.362203565542,5468.311945859096,-1.9414400800130895,68.70691010575452,0.1690072872145006,2.341785342389707,6.3061235e-05,32.995143599028594,0.1135141076730027,5572.355784906269,-1.6588556238905863
FTdiesel,ATRCCS,DAC,wind,ATRCCS_H_DAC_C_wind_E,United Kingdom,1,2024,608.8439951550389,4122.520753370944,4731.364748525983,-1.9414400800130895,12.86735560697842,0.0327867523998833,2.890055888173955,0.000129183695,29.72650671536288,0.102268925543615,4776.848666736498,-1.8062552183745915
FTdiesel,ATRCCS,DAC,wind,ATRCCS_H_DAC_C_wind_E,Spain,1,2024,531.6665873184847,4113.809990450004,4645.476577768489,-1.9414400800130895,21.30530921537091,0.0533711314049369,2.371891261926552,8.938776999999999e-05,25.59894363309946,0.0880687557901197,4694.7527218788855,-1.799910805048033
FTdiesel,ATRCCS,DAC,wind,ATRCCS_H_DAC_C_wind_E,Sweden,1,2024,628.8529527422938,7021.429536599707,7650.282489342,-1.9414400800130895,22.479466319457497,0.056235486432672,2.7492758002216604,2.204082e-05,32.259462301835065,0.1109831229015014,7707.770693763514,-1.774199429858916
FTdiesel,ATRCCS,DAC,wind,ATRCCS_H_DAC_C_wind_E,Czech Republic,1,2024,520.2328972686249,4155.6894130355995,4675.922310304224,-1.9414400800130895,20.116912701968747,0.050472039353065,2.379638617852863,0.00025346943,23.3502251072855,0.0803324270755801,4721.769086731331,-1.8103821441544443
FTdiesel,ATRCCS,DAC,wind,ATRCCS_H_DAC_C_wind_E,Japan,1,2024,617.419262692434,4465.193336329958,5082.612599022392,-1.9414400800130895,9.189850389558206,0.0238154822671406,2.7830718849792215,0.0002951020899999,10.883317676785154,0.037442179661811,5105.468838973714,-1.879887315994138
FTdiesel,ATRCCS,DAC,wind,ATRCCS_H_DAC_C_wind_E,Belgium,1,2024,585.9766150553191,3626.136723492769,4212.113338548088,-1.9414400800130895,3.4085918579759573,0.009712108124158,2.681468930026576,8.448981e-05,30.5709421535067,0.1051740602026191,4248.774341489597,-1.8264694218763124
FTdiesel,ATRCCS,DAC,wind,ATRCCS_H_DAC_C_wind_E,Poland,1,2024,528.8081648060198,4456.353735814566,4985.161900620586,-1.9414400800130895,11.190987172400249,0.0286972533565199,2.5279607796581307,0.000376530675,33.598398530039475,0.1155895023439644,5032.479247102683,-1.7967767936376051
FTdiesel,ATRCCS,DAC,wind,ATRCCS_H_DAC_C_wind_E,India,1,2024,505.9407847063,3405.6789420598193,3911.619726766119,-1.9414400800130895,29.28312225525748,0.0728329979742376,2.2544758515107515,0.0004334694599999,5.688980011316389,0.0195719557217851,3948.846304884204,-1.848601656857067
FTdiesel,ATRCCS,DAC,wind,ATRCCS_H_DAC_C_wind_E,Indonesia,1,2024,460.2060245068605,4628.162477585847,5088.368502092708,-1.9414400800130895,14.61998306903098,0.0370622852610349,2.0234244152159944,0.00039551027,4.181375475295838,0.0143853020217787,5109.193285052251,-1.8895969824602759
FTdiesel,ATRCCS,DAC,wind,ATRCCS_H_DAC_C_wind_E,South Korea,1,2024,537.3834323434147,3757.300992047809,4294.684424391224,-1.9414400800130895,7.475045488669049,0.0196322175044002,2.3830175864633967,0.00025346943,9.464485512890445,0.0325609320158088,4314.006972979247,-1.8889934610628805
FTdiesel,ATRCCS,DAC,wind,ATRCCS_H_DAC_C_wind_E,China,1,2024,523.0913197810899,3360.104696488654,3883.196016269744,-1.9414400800130895,78.01603497926587,0.1917168876099259,2.3068344201212856,0.0003428572,7.973956058968025,0.027433022194337,3971.4928417280994,-1.7219473130088265
FTdiesel,ATRCCS,DAC,wind,ATRCCS_H_DAC_C_wind_E,United Arab Emirates,1,2024,545.9586998808096,1666.2920258564252,2212.250725737235,-1.9414400800130895,10.874670054831256,0.0279255980789476,2.4162376882686636,0.000234489835,12.32141811912569,0.042389716500573,2237.8630515994605,-1.8708902755985688
FTdiesel,ATRCCS,DAC,wind,ATRCCS_H_DAC_C_wind_E,United States,1,2024,571.6845024929944,2754.087914202179,3325.7724166951734,-1.9414400800130895,77.22609399097482,0.1897898273949423,2.549571468684465,0.00023510208,28.43951521566772,0.097841252991375,3433.9875973705,-1.6535738975467722
FTdiesel,ATRCCS,DAC,wind,ATRCCS_H_DAC_C_wind_E,Turkey,1,2024,523.0913197810899,2620.912845283515,3144.0041650646044,-1.9414400800130895,10.108447857063252,0.026056399828645,2.3417323851212855,0.00028775515,20.04662805182993,0.0689669704975327,3176.500973358619,-1.846128954536912
FTdiesel,ATRCCS,DAC,wind,ATRCCS_H_DAC_C_wind_E,Australia,1,2024,585.9766150553191,3137.613593171837,3723.590208227156,-1.9414400800130895,78.5068587948625,0.1929142517948745,2.664326070026576,0.00033795924,6.391330393975021,0.0219882712235498,3811.15272348602,-1.7261995977546654
FTdiesel,ATRCCS,DAC,wind,ATRCCS_H_DAC_C_wind_E,Malaysia,1,2024,500.2239396813701,2560.8333397072115,3061.0572793885817,-1.9414400800130895,15.393900646700336,0.0389502563825607,2.230492381973906,0.0003697959799999,0.0,0.0,3078.681672417256,-1.9021200276505288
FTdiesel,ATRCCS,DAC,wind,ATRCCS_H_DAC_C_wind_E,Canada,1,2024,583.1181925428542,2251.1994956964163,2834.3176882392704,-1.9414400800130895,78.70135691476585,0.1933887297550139,2.5742730977581543,0.0001071428749999,26.62747568567551,0.0916072431378362,2942.22079393747,-1.6563369642452395
FTdiesel,ATRCCS,DAC,wind,ATRCCS_H_DAC_C_wind_E,Mexico,1,2024,503.0823621938351,2073.5344201242374,2576.6167823180726,-1.9414400800130895,47.276868212502755,0.1167287224228995,2.2936065742423297,0.000321428625,34.83072858538064,0.1198291216131102,2661.0179856901987,-1.70456080735208
FTdiesel,ATRCCS,DAC,wind,ATRCCS_H_DAC_C_wind_E,Thailand,1,2024,508.79920721876505,2623.6309470758833,3132.430154294648,-1.9414400800130895,11.625348230281595,0.0297568767030589,2.267998198779174,0.00033918373,2.9283584199813664,0.0100745126928526,3149.2518591436906,-1.901269506887178
FTdiesel,ATRCCS,DAC,wind,ATRCCS_H_DAC_C_wind_E,Russia,1,2024,540.2418548558798,1973.6397055768557,2513.881560432735,-1.9414400800130895,144.09922899779946,0.3529267703223689,2.379397073731819,0.000274898005,11.6666877799746,0.040137229555271,2672.026874284241,-1.5481011821304496
FTdiesel,ATRCCS,DAC,wind,ATRCCS_H_DAC_C_wind_E,Saudi Arabia,1,2024,545.9586998808096,1664.399305510659,2210.3580053914684,-1.9414400800130895,26.23477902530103,0.0653965678520688,2.390523398268664,0.00033795924,13.677948919801173,0.0470566270387092,2252.6612567348393,-1.8286489258823118
FTdiesel,BG,DAC,wind,BG_H_DAC_C_wind_E,South Africa,1,2024,550.6624904,2296.295758502661,2846.958248902661,-2.0256980825264064,24.44615260753832,0.0610332155761023,2.3548013591949744,0.0004340817049999,18.019043431492967,0.0619914148913485,2891.7782463008875,-1.9022393703539557
FTdiesel,BG,DAC,wind,BG_H_DAC_C_wind_E,Taiwan,1,2024,541.8283328,2317.1076055239073,2858.935938323907,-2.0256980825264064,6.501058897936567,0.0172561782346967,2.3668873873897067,0.0003893878199999,6.16439370608389,0.0212075346419098,2873.9682783153175,-1.9868449818298002
FTdiesel,BG,DAC,wind,BG_H_DAC_C_wind_E,Switzerland,1,2024,650.7829432000001,2726.78926882614,3377.57221202614,-2.0256980825264064,11.91598488169044,0.0304658845102847,2.8910917913213336,2.2653065e-05,23.802983629832372,0.081890064778353,3416.182272328984,-1.9133194801727686
FTdiesel,BG,DAC,wind,BG_H_DAC_C_wind_E,Singapore,1,2024,544.773052,2615.5874110479076,3160.3604630479076,-2.0256980825264064,1.0470112370668925,0.0039510346686898,2.4514301546581305,0.000305510255,0.0,0.0,3163.8589044396326,-2.0214415376027164
FTdiesel,BG,DAC,wind,BG_H_DAC_C_wind_E,Hungary,1,2024,530.049456,2363.096397727949,2893.1458537279486,-2.0256980825264064,18.541511416877615,0.0466288495653053,2.336063308316018,0.0001120408349999,23.177945121447607,0.0797397274619654,2937.20137357459,-1.8992174646641358
FTdiesel,BG,DAC,wind,BG_H_DAC_C_wind_E,Philippines,1,2024,527.1047368000001,2310.714186974866,2837.818923774866,-2.0256980825264064,10.06971863492859,0.0259619199317423,2.293153201047596,0.0003753061849999,4.759250856001761,0.0163733827219021,2854.941046466844,-1.9829874736877622
FTdiesel,BG,DAC,wind,BG_H_DAC_C_wind_E,Netherlands,1,2024,603.667436,2538.5970796409956,3142.2645156409953,-2.0256980825264064,5.099956915719565,0.0138381914140532,2.663713825026576,0.000154897985,30.632396011911936,0.1053854816161674,3180.660582393654,-1.9063195115111857
FTdiesel,BG,DAC,wind,BG_H_DAC_C_wind_E,Norway,1,2024,668.4512583999999,2566.274658884942,3234.7259172849417,-2.0256980825264064,21.492878472425655,0.0538287064114019,2.867531979931867,1.8979595e-05,32.507170316182204,0.111835319653659,3291.593498053481,-1.8600150768663455
FTdiesel,BG,DAC,wind,BG_H_DAC_C_wind_E,Oman,1,2024,562.4413672000001,2299.2705422025197,2861.7119094025197,-2.0256980825264064,18.275013143264257,0.0459787273054728,2.471951983268664,0.000333673525,11.822324485673947,0.0406726708306091,2894.281199014727,-1.9387130108653245
FTdiesel,BG,DAC,wind,BG_H_DAC_C_wind_E,Italy,1,2024,565.3860864,2546.7072523946076,3112.0933387946075,-2.0256980825264064,11.75089404467967,0.0300631455860138,2.6422090505370863,0.00017632656,23.3502251072855,0.0803324270755801,3149.8366669971097,-1.9151261833048123
FTdiesel,BG,DAC,wind,BG_H_DAC_C_wind_E,Austria,1,2024,612.5015936,2554.09667562812,3166.59826922812,-2.0256980825264064,9.657120726756355,0.0249553877661634,2.7373420968318425,6.3061235e-05,23.3502251072855,0.0803324270755801,3202.3429571589936,-1.9203472064496627
FTdiesel,BG,DAC,wind,BG_H_DAC_C_wind_E,Finland,1,2024,636.0593472,2560.9400659524545,3196.9994131524545,-2.0256980825264064,18.609053110807498,0.0467936174570265,2.7347045299792216,4.408164e-05,34.67020385876978,0.1192768639438567,3253.013374652011,-1.8595835194855233
FTdiesel,BG,DAC,wind,BG_H_DAC_C_wind_E,Portugal,1,2024,535.9388944,2422.672155320406,2958.6110497204063,-2.0256980825264064,9.084205983650287,0.0235577628493887,2.330046772852863,6.857144e-05,26.541123516500846,0.0913101633751714,2996.56642599341,-1.9107615848618462
FTdiesel,BG,DAC,wind,BG_H_DAC_C_wind_E,Germany,1,2024,606.6121552,2571.1837681585384,3177.7959233585384,-2.0256980825264064,13.79894112311398,0.0350593542924417,2.708460667294999,0.00021061228,31.332519932422898,0.1077941373584526,3225.6358450813705,-1.882633978595512
FTdiesel,BG,DAC,wind,BG_H_DAC_C_wind_E,Greece,1,2024,541.8283328,2380.7853342101166,2922.613667010117,-2.0256980825264064,8.004327760205324,0.020923401052402,2.410356782389708,0.0001959184,20.758426647186017,0.0714157909474949,2953.7867781998975,-1.9331629721265091
FTdiesel,BG,DAC,wind,BG_H_DAC_C_wind_E,France,1,2024,594.8332784000002,2552.595372725156,3147.4286511251557,-2.0256980825264064,15.95728405527506,0.040324629618712,2.600493718221309,2.693878e-05,29.93460098090079,0.1029848380170222,3195.9210298795533,-1.882361676110672
FTdiesel,BG,DAC,wind,BG_H_DAC_C_wind_E,Brazil,1,2024,541.8283328,2394.343195933813,2936.171528733813,-2.0256980825264064,68.70691010575452,0.1690072872145006,2.341785342389707,6.3061235e-05,32.995143599028594,0.1135141076730027,3040.215367780986,-1.743113626403903
FTdiesel,BG,DAC,wind,BG_H_DAC_C_wind_E,United Kingdom,1,2024,627.2251896,2466.199606575702,3093.424796175702,-2.0256980825264064,12.86735560697842,0.0327867523998833,2.890055888173955,0.000129183695,29.72650671536288,0.102268925543615,3138.9087143862175,-1.8905132208879083
FTdiesel,BG,DAC,wind,BG_H_DAC_C_wind_E,Spain,1,2024,547.7177712,2442.53457099886,2990.25234219886,-2.0256980825264064,21.30530921537091,0.0533711314049369,2.371891261926552,8.938776999999999e-05,25.59894363309946,0.0880687557901197,3039.528486309257,-1.8841688075613499
FTdiesel,BG,DAC,wind,BG_H_DAC_C_wind_E,Sweden,1,2024,647.838224,2641.4821566560427,3289.3203806560427,-2.0256980825264064,22.479466319457497,0.056235486432672,2.7492758002216604,2.204082e-05,32.259462301835065,0.1109831229015014,3346.808585077557,-1.858457432372233
FTdiesel,BG,DAC,wind,BG_H_DAC_C_wind_E,Czech Republic,1,2024,535.9388944,2407.956848358082,2943.8957427580817,-2.0256980825264064,20.116912701968747,0.050472039353065,2.379638617852863,0.00025346943,23.3502251072855,0.0803324270755801,2989.742519185189,-1.8946401466677611
FTdiesel,BG,DAC,wind,BG_H_DAC_C_wind_E,Japan,1,2024,636.0593472,2538.523851935398,3174.583199135398,-2.0256980825264064,9.189850389558206,0.0238154822671406,2.7830718849792215,0.0002951020899999,10.883317676785154,0.037442179661811,3197.4394390867205,-1.9641453185074547
FTdiesel,BG,DAC,wind,BG_H_DAC_C_wind_E,Belgium,1,2024,603.667436,2538.6556282756287,3142.323064275629,-2.0256980825264064,3.4085918579759573,0.009712108124158,2.681468930026576,8.448981e-05,30.5709421535067,0.1051740602026191,3178.984067217138,-1.9107274243896293
FTdiesel,BG,DAC,wind,BG_H_DAC_C_wind_E,Poland,1,2024,544.773052,2401.8686169078505,2946.6416689078505,-2.0256980825264064,11.190987172400249,0.0286972533565199,2.5279607796581307,0.000376530675,33.598398530039475,0.1155895023439644,2993.9590153899485,-1.881034796150922
FTdiesel,BG,DAC,wind,BG_H_DAC_C_wind_E,India,1,2024,521.2152984,2324.557630131622,2845.772928531622,-2.0256980825264064,29.28312225525748,0.0728329979742376,2.2544758515107515,0.0004334694599999,5.688980011316389,0.0195719557217851,2882.9995066497067,-1.9328596593703837
FTdiesel,BG,DAC,wind,BG_H_DAC_C_wind_E,Indonesia,1,2024,474.0997912,2393.517401840737,2867.617193040737,-2.0256980825264064,14.61998306903098,0.0370622852610349,2.0234244152159944,0.00039551027,4.181375475295838,0.0143853020217787,2888.44197600028,-1.9738549849735927
FTdiesel,BG,DAC,wind,BG_H_DAC_C_wind_E,South Korea,1,2024,553.6072096,2446.1207403018534,2999.727949901853,-2.0256980825264064,7.475045488669049,0.0196322175044002,2.3830175864633967,0.00025346943,9.464485512890445,0.0325609320158088,3019.0504984898757,-1.973251463576197
FTdiesel,BG,DAC,wind,BG_H_DAC_C_wind_E,China,1,2024,538.8836136,2319.0668780663077,2857.9504916663077,-2.0256980825264064,78.01603497926587,0.1917168876099259,2.3068344201212856,0.0003428572,7.973956058968025,0.027433022194337,2946.247317124663,-1.8062053155221434
FTdiesel,BG,DAC,wind,BG_H_DAC_C_wind_E,United Arab Emirates,1,2024,562.4413672000001,2297.4332422025195,2859.8746094025196,-2.0256980825264064,10.874670054831256,0.0279255980789476,2.4162376882686636,0.000234489835,12.32141811912569,0.042389716500573,2885.486935264745,-1.9551482781118856
FTdiesel,BG,DAC,wind,BG_H_DAC_C_wind_E,United States,1,2024,588.94384,2461.605462546518,3050.549302546518,-2.0256980825264064,77.22609399097482,0.1897898273949423,2.549571468684465,0.00023510208,28.43951521566772,0.097841252991375,3158.764483221845,-1.737831900060089
FTdiesel,BG,DAC,wind,BG_H_DAC_C_wind_E,Turkey,1,2024,538.8836136,2340.567344371376,2879.450957971376,-2.0256980825264064,10.108447857063252,0.026056399828645,2.3417323851212855,0.00028775515,20.04662805182993,0.0689669704975327,2911.9477662653903,-1.9303869570502288
FTdiesel,BG,DAC,wind,BG_H_DAC_C_wind_E,Australia,1,2024,603.667436,2479.1633350265693,3082.830771026569,-2.0256980825264064,78.5068587948625,0.1929142517948745,2.664326070026576,0.00033795924,6.391330393975021,0.0219882712235498,3170.393286285433,-1.8104576002679822
FTdiesel,BG,DAC,wind,BG_H_DAC_C_wind_E,Malaysia,1,2024,515.32586,2329.2780129669063,2844.6038729669062,-2.0256980825264064,15.393900646700336,0.0389502563825607,2.230492381973906,0.0003697959799999,0.0,0.0,2862.2282659955804,-1.9863780301638456
FTdiesel,BG,DAC,wind,BG_H_DAC_C_wind_E,Canada,1,2024,600.7227168,2404.775249018003,3005.4979658180027,-2.0256980825264064,78.70135691476585,0.1933887297550139,2.5742730977581543,0.0001071428749999,26.62747568567551,0.0916072431378362,3113.401071516202,-1.7405949667585563
FTdiesel,BG,DAC,wind,BG_H_DAC_C_wind_E,Mexico,1,2024,518.2705791999999,2286.309552451138,2804.580131651138,-2.0256980825264064,47.276868212502755,0.1167287224228995,2.2936065742423297,0.000321428625,34.83072858538064,0.1198291216131102,2888.981335023264,-1.7888188098653968
FTdiesel,BG,DAC,wind,BG_H_DAC_C_wind_E,Thailand,1,2024,524.1600176000001,2317.856317660808,2842.0163352608083,-2.0256980825264064,11.625348230281595,0.0297568767030589,2.267998198779174,0.00033918373,2.9283584199813664,0.0100745126928526,2858.8380401098507,-1.985527509400495
FTdiesel,BG,DAC,wind,BG_H_DAC_C_wind_E,Russia,1,2024,556.5519288,2330.5884768436913,2887.1404056436913,-2.0256980825264064,144.09922899779946,0.3529267703223689,2.379397073731819,0.000274898005,11.6666877799746,0.040137229555271,3045.285719495197,-1.6323591846437664
FTdiesel,BG,DAC,wind,BG_H_DAC_C_wind_E,Saudi Arabia,1,2024,562.4413672000001,2293.944061227191,2856.385428427191,-2.0256980825264064,26.23477902530103,0.0653965678520688,2.390523398268664,0.00033795924,13.677948919801173,0.0470566270387092,2898.688679770562,-1.9129069283956286
FTdiesel,LTE,DAC,wind,LTE_H_DAC_C_wind_E,South Africa,1,2024,634.02504275,3053.040865280284,3687.065908030284,-2.445731498781908,24.44615260753832,0.0610332155761023,2.3548013591949744,0.0004340817049999,18.019043431492967,0.0619914148913485,3731.8859054285103,-2.3222727866094575
FTdiesel,LTE,DAC,wind,LTE_H_DAC_C_wind_E,Taiwan,1,2024,623.853518,2279.5968891118914,2903.4504071118913,-2.445731498781908,6.501058897936567,0.0172561782346967,2.3668873873897067,0.0003893878199999,6.16439370608389,0.0212075346419098,2918.482747103302,-2.406878398085302
FTdiesel,LTE,DAC,wind,LTE_H_DAC_C_wind_E,Switzerland,1,2024,749.30232325,3361.1226418069273,4110.424965056927,-2.445731498781908,11.91598488169044,0.0304658845102847,2.8910917913213336,2.2653065e-05,23.802983629832372,0.081890064778353,4149.035025359772,-2.333352896428271
FTdiesel,LTE,DAC,wind,LTE_H_DAC_C_wind_E,Singapore,1,2024,627.24402625,4217.847508282521,4845.091534532521,-2.445731498781908,1.0470112370668925,0.0039510346686898,2.4514301546581305,0.000305510255,0.0,0.0,4848.589975924246,-2.441474953858218
FTdiesel,LTE,DAC,wind,LTE_H_DAC_C_wind_E,Hungary,1,2024,610.2914850000001,2924.920220540103,3535.211705540103,-2.445731498781908,18.541511416877615,0.0466288495653053,2.336063308316018,0.0001120408349999,23.177945121447607,0.0797397274619654,3579.2672253867445,-2.3192508809196375
FTdiesel,LTE,DAC,wind,LTE_H_DAC_C_wind_E,Philippines,1,2024,606.90097675,3298.4206982089668,3905.321674958967,-2.445731498781908,10.06971863492859,0.0259619199317423,2.293153201047596,0.0003753061849999,4.759250856001761,0.0163733827219021,3922.443797650945,-2.4030208899432637
FTdiesel,LTE,DAC,wind,LTE_H_DAC_C_wind_E,Netherlands,1,2024,695.0541912499999,2890.935458162108,3585.9896494121076,-2.445731498781908,5.099956915719565,0.0138381914140532,2.663713825026576,0.000154897985,30.632396011911936,0.1053854816161674,3624.385716164766,-2.3263529277666875
FTdiesel,LTE,DAC,wind,LTE_H_DAC_C_wind_E,Norway,1,2024,769.64537275,2890.960730060896,3660.606102810896,-2.445731498781908,21.492878472425655,0.0538287064114019,2.867531979931867,1.8979595e-05,32.507170316182204,0.111835319653659,3717.4736835794356,-2.280048493121847
FTdiesel,LTE,DAC,wind,LTE_H_DAC_C_wind_E,Oman,1,2024,647.5870757499999,3148.355291432969,3795.942367182969,-2.445731498781908,18.275013143264257,0.0459787273054728,2.471951983268664,0.000333673525,11.822324485673947,0.0406726708306091,3828.5116567951763,-2.3587464271208263
FTdiesel,LTE,DAC,wind,LTE_H_DAC_C_wind_E,Italy,1,2024,650.9775840000001,3155.145801654877,3806.123385654877,-2.445731498781908,11.75089404467967,0.0300631455860138,2.6422090505370863,0.00017632656,23.3502251072855,0.0803324270755801,3843.866713857379,-2.3351595995603143
FTdiesel,LTE,DAC,wind,LTE_H_DAC_C_wind_E,Austria,1,2024,705.2257159999999,3038.051156536354,3743.276872536354,-2.445731498781908,9.657120726756355,0.0249553877661634,2.7373420968318425,6.3061235e-05,23.3502251072855,0.0803324270755801,3779.0215604672276,-2.3403806227051644
FTdiesel,LTE,DAC,wind,LTE_H_DAC_C_wind_E,Finland,1,2024,732.349782,2943.2623102856796,3675.61209228568,-2.445731498781908,18.609053110807498,0.0467936174570265,2.7347045299792216,4.408164e-05,34.67020385876978,0.1192768639438567,3731.6260537852363,-2.279616935741025
FTdiesel,LTE,DAC,wind,LTE_H_DAC_C_wind_E,Portugal,1,2024,617.0725015,3136.3990272300452,3753.471528730045,-2.445731498781908,9.084205983650287,0.0235577628493887,2.330046772852863,6.857144e-05,26.541123516500846,0.0913101633751714,3791.426905003049,-2.330795001117348
FTdiesel,LTE,DAC,wind,LTE_H_DAC_C_wind_E,Germany,1,2024,698.4446995,3307.988322671056,4006.433022171056,-2.445731498781908,13.79894112311398,0.0350593542924417,2.708460667294999,0.00021061228,31.332519932422898,0.1077941373584526,4054.272943893888,-2.3026673948510137
FTdiesel,LTE,DAC,wind,LTE_H_DAC_C_wind_E,Greece,1,2024,623.853518,2971.4903211111737,3595.3438391111736,-2.445731498781908,8.004327760205324,0.020923401052402,2.410356782389708,0.0001959184,20.758426647186017,0.0714157909474949,3626.5169503009542,-2.3531963883820106
FTdiesel,LTE,DAC,wind,LTE_H_DAC_C_wind_E,France,1,2024,684.8826665,3119.740692213052,3804.623358713052,-2.445731498781908,15.95728405527506,0.040324629618712,2.600493718221309,2.693878e-05,29.93460098090079,0.1029848380170222,3853.1157374674494,-2.302395092366174
FTdiesel,LTE,DAC,wind,LTE_H_DAC_C_wind_E,Brazil,1,2024,623.853518,2229.9363421242965,2853.7898601242964,-2.445731498781908,68.70691010575452,0.1690072872145006,2.341785342389707,6.3061235e-05,32.995143599028594,0.1135141076730027,2957.8336991714696,-2.1631470426594044
FTdiesel,LTE,DAC,wind,LTE_H_DAC_C_wind_E,United Kingdom,1,2024,722.17825725,2541.026456260482,3263.204713510482,-2.445731498781908,12.86735560697842,0.0327867523998833,2.890055888173955,0.000129183695,29.72650671536288,0.102268925543615,3308.688631720998,-2.3105466371434096
FTdiesel,LTE,DAC,wind,LTE_H_DAC_C_wind_E,Spain,1,2024,630.6345345,2656.964539116585,3287.599073616585,-2.445731498781908,21.30530921537091,0.0533711314049369,2.371891261926552,8.938776999999999e-05,25.59894363309946,0.0880687557901197,3336.875217726982,-2.3042022238168514
FTdiesel,LTE,DAC,wind,LTE_H_DAC_C_wind_E,Sweden,1,2024,745.9118150000002,2986.2107398027347,3732.122554802735,-2.445731498781908,22.479466319457497,0.056235486432672,2.7492758002216604,2.204082e-05,32.259462301835065,0.1109831229015014,3789.6107592242493,-2.278490848627735
FTdiesel,LTE,DAC,wind,LTE_H_DAC_C_wind_E,Czech Republic,1,2024,617.0725015,3199.157818728743,3816.230320228743,-2.445731498781908,20.116912701968747,0.050472039353065,2.379638617852863,0.00025346943,23.3502251072855,0.0803324270755801,3862.0770966558503,-2.314673562923263
FTdiesel,LTE,DAC,wind,LTE_H_DAC_C_wind_E,Japan,1,2024,732.349782,5569.606809334371,6301.956591334371,-2.445731498781908,9.189850389558206,0.0238154822671406,2.7830718849792215,0.0002951020899999,10.883317676785154,0.037442179661811,6324.812831285693,-2.384178734762956
FTdiesel,LTE,DAC,wind,LTE_H_DAC_C_wind_E,Belgium,1,2024,695.0541912499999,3154.3700728417907,3849.4242640917905,-2.445731498781908,3.4085918579759573,0.009712108124158,2.681468930026576,8.448981e-05,30.5709421535067,0.1051740602026191,3886.0852670332997,-2.330760840645131
FTdiesel,LTE,DAC,wind,LTE_H_DAC_C_wind_E,Poland,1,2024,627.24402625,3049.6037272623844,3676.847753512384,-2.445731498781908,11.190987172400249,0.0286972533565199,2.5279607796581307,0.000376530675,33.598398530039475,0.1155895023439644,3724.165099994482,-2.3010682124064235
FTdiesel,LTE,DAC,wind,LTE_H_DAC_C_wind_E,India,1,2024,600.1199602500001,2917.388908028519,3517.508868278519,-2.445731498781908,29.28312225525748,0.0728329979742376,2.2544758515107515,0.0004334694599999,5.688980011316389,0.0195719557217851,3554.735446396604,-2.3528930756258855
FTdiesel,LTE,DAC,wind,LTE_H_DAC_C_wind_E,Indonesia,1,2024,545.8718282499999,4120.72774308681,4666.59957133681,-2.445731498781908,14.61998306903098,0.0370622852610349,2.0234244152159944,0.00039551027,4.181375475295838,0.0143853020217787,4687.424354296353,-2.3938884012290944
FTdiesel,LTE,DAC,wind,LTE_H_DAC_C_wind_E,South Korea,1,2024,637.415551,3675.497222430639,4312.9127734306385,-2.445731498781908,7.475045488669049,0.0196322175044002,2.3830175864633967,0.00025346943,9.464485512890445,0.0325609320158088,4332.2353220186615,-2.393284879831699
FTdiesel,LTE,DAC,wind,LTE_H_DAC_C_wind_E,China,1,2024,620.46300975,2262.395919513916,2882.858929263916,-2.445731498781908,78.01603497926587,0.1917168876099259,2.3068344201212856,0.0003428572,7.973956058968025,0.027433022194337,2971.155754722271,-2.226238731777645
FTdiesel,LTE,DAC,wind,LTE_H_DAC_C_wind_E,United Arab Emirates,1,2024,647.5870757499999,3144.271763514969,3791.858839264969,-2.445731498781908,10.874670054831256,0.0279255980789476,2.4162376882686636,0.000234489835,12.32141811912569,0.042389716500573,3817.4711651271946,-2.3751816943673876
FTdiesel,LTE,DAC,wind,LTE_H_DAC_C_wind_E,United States,1,2024,678.10165,2797.162810667223,3475.264460667223,-2.445731498781908,77.22609399097482,0.1897898273949423,2.549571468684465,0.00023510208,28.43951521566772,0.097841252991375,3583.4796413425497,-2.157865316315591
FTdiesel,LTE,DAC,wind,LTE_H_DAC_C_wind_E,Turkey,1,2024,620.46300975,3944.544017562827,4565.007027312827,-2.445731498781908,10.108447857063252,0.026056399828645,2.3417323851212855,0.00028775515,20.04662805182993,0.0689669704975327,4597.503835606841,-2.3504203733057305
FTdiesel,LTE,DAC,wind,LTE_H_DAC_C_wind_E,Australia,1,2024,695.0541912499999,2926.4507094890255,3621.5049007390257,-2.445731498781908,78.5068587948625,0.1929142517948745,2.664326070026576,0.00033795924,6.391330393975021,0.0219882712235498,3709.06741599789,-2.230491016523484
FTdiesel,LTE,DAC,wind,LTE_H_DAC_C_wind_E,Malaysia,1,2024,593.3389437500001,4130.685441482144,4724.024385232144,-2.445731498781908,15.393900646700336,0.0389502563825607,2.230492381973906,0.0003697959799999,0.0,0.0,4741.648778260818,-2.4064114464193476
FTdiesel,LTE,DAC,wind,LTE_H_DAC_C_wind_E,Canada,1,2024,691.663683,2704.54565879552,3396.20934179552,-2.445731498781908,78.70135691476585,0.1933887297550139,2.5742730977581543,0.0001071428749999,26.62747568567551,0.0916072431378362,3504.112447493719,-2.1606283830140582
FTdiesel,LTE,DAC,wind,LTE_H_DAC_C_wind_E,Mexico,1,2024,596.7294519999999,2950.7413671271283,3547.4708191271284,-2.445731498781908,47.276868212502755,0.1167287224228995,2.2936065742423297,0.000321428625,34.83072858538064,0.1198291216131102,3631.8720224992544,-2.2088522261208987
FTdiesel,LTE,DAC,wind,LTE_H_DAC_C_wind_E,Thailand,1,2024,603.5104685,3774.220343387948,4377.730811887948,-2.445731498781908,11.625348230281595,0.0297568767030589,2.267998198779174,0.00033918373,2.9283584199813664,0.0100745126928526,4394.552516736991,-2.4055609256559967
FTdiesel,LTE,DAC,wind,LTE_H_DAC_C_wind_E,Russia,1,2024,640.80605925,4865.946405928519,5506.752465178519,-2.445731498781908,144.09922899779946,0.3529267703223689,2.379397073731819,0.000274898005,11.6666877799746,0.040137229555271,5664.897779030024,-2.0523926008992683
FTdiesel,LTE,DAC,wind,LTE_H_DAC_C_wind_E,Saudi Arabia,1,2024,647.5870757499999,3141.7379651597394,3789.325040909739,-2.445731498781908,26.23477902530103,0.0653965678520688,2.390523398268664,0.00033795924,13.677948919801173,0.0470566270387092,3831.62829225311,-2.33294034465113
FTdiesel,SMR,DAC,wind,SMR_H_DAC_C_wind_E,South Africa,1,2024,415.5644569953527,1819.287577849759,2234.8520348451116,3.9038864685374577,24.44615260753832,0.0610332155761023,2.3548013591949744,0.0004340817049999,18.019043431492967,0.0619914148913485,2279.672032243338,4.027345180709909
FTdiesel,SMR,DAC,wind,SMR_H_DAC_C_wind_E,Taiwan,1,2024,408.89764752483904,2530.1351916975686,2939.032839222408,3.9038864685374577,6.501058897936567,0.0172561782346967,2.3668873873897067,0.0003893878199999,6.16439370608389,0.0212075346419098,2954.0651792138183,3.942739569234064
FTdiesel,SMR,DAC,wind,SMR_H_DAC_C_wind_E,Switzerland,1,2024,491.12163099450777,6471.95544876758,6963.077079762087,3.9038864685374577,11.91598488169044,0.0304658845102847,2.8910917913213336,2.2653065e-05,23.802983629832372,0.081890064778353,7001.687140064932,4.016265070891095
FTdiesel,SMR,DAC,wind,SMR_H_DAC_C_wind_E,Singapore,1,2024,411.1199173483436,6827.088713891112,7238.208631239456,3.9038864685374577,1.0470112370668925,0.0039510346686898,2.4514301546581305,0.000305510255,0.0,0.0,7241.70707263118,3.9081430134611477
FTdiesel,SMR,DAC,wind,SMR_H_DAC_C_wind_E,Hungary,1,2024,400.0085682308208,3324.8504145453667,3724.858982776187,3.9038864685374577,18.541511416877615,0.0466288495653053,2.336063308316018,0.0001120408349999,23.177945121447607,0.0797397274619654,3768.9145026228284,4.030367086399728
FTdiesel,SMR,DAC,wind,SMR_H_DAC_C_wind_E,Philippines,1,2024,397.7862984073162,2499.7539088543667,2897.540207261683,3.9038864685374577,10.06971863492859,0.0259619199317423,2.293153201047596,0.0003753061849999,4.759250856001761,0.0163733827219021,2914.662329953661,3.946597077376102
FTdiesel,SMR,DAC,wind,SMR_H_DAC_C_wind_E,Netherlands,1,2024,455.56531381843473,4829.687919645262,5285.253233463696,3.9038864685374577,5.099956915719565,0.0138381914140532,2.663713825026576,0.000154897985,30.632396011911936,0.1053854816161674,5323.649300216353,4.023265039552678
FTdiesel,SMR,DAC,wind,SMR_H_DAC_C_wind_E,Norway,1,2024,504.4552499355352,3954.855059836823,4459.310309772358,3.9038864685374577,21.492878472425655,0.0538287064114019,2.867531979931867,1.8979595e-05,32.507170316182204,0.111835319653659,4516.177890540897,4.069569474197519
FTdiesel,SMR,DAC,wind,SMR_H_DAC_C_wind_E,Oman,1,2024,424.453536289371,1586.658023240333,2011.111559529704,3.9038864685374577,18.275013143264257,0.0459787273054728,2.471951983268664,0.000333673525,11.822324485673947,0.0406726708306091,2043.6808491419108,3.9908715401985395
FTdiesel,SMR,DAC,wind,SMR_H_DAC_C_wind_E,Italy,1,2024,426.6758061128755,5222.710945926925,5649.386752039801,3.9038864685374577,11.75089404467967,0.0300631455860138,2.6422090505370863,0.00017632656,23.3502251072855,0.0803324270755801,5687.130080242304,4.014458367759052
FTdiesel,SMR,DAC,wind,SMR_H_DAC_C_wind_E,Austria,1,2024,462.23212328894846,4638.164350174292,5100.39647346324,3.9038864685374577,9.657120726756355,0.0249553877661634,2.7373420968318425,6.3061235e-05,23.3502251072855,0.0803324270755801,5136.141161394114,4.009237344614202
FTdiesel,SMR,DAC,wind,SMR_H_DAC_C_wind_E,Finland,1,2024,480.01028187698495,4846.7531314497455,5326.76341332673,3.9038864685374577,18.609053110807498,0.0467936174570265,2.7347045299792216,4.408164e-05,34.67020385876978,0.1192768639438567,5382.777374826287,4.070001031578341
FTdiesel,SMR,DAC,wind,SMR_H_DAC_C_wind_E,Portugal,1,2024,404.4531078778299,4335.711911804555,4740.165019682385,3.9038864685374577,9.084205983650287,0.0235577628493887,2.330046772852863,6.857144e-05,26.541123516500846,0.0913101633751714,4778.1203959553895,4.018822966202018
FTdiesel,SMR,DAC,wind,SMR_H_DAC_C_wind_E,Germany,1,2024,457.78758364193936,4431.767215119085,4889.554798761024,3.9038864685374577,13.79894112311398,0.0350593542924417,2.708460667294999,0.00021061228,31.332519932422898,0.1077941373584526,4937.394720483856,4.046950572468352
FTdiesel,SMR,DAC,wind,SMR_H_DAC_C_wind_E,Greece,1,2024,408.89764752483904,2998.76811678013,3407.66576430497,3.9038864685374577,8.004327760205324,0.020923401052402,2.410356782389708,0.0001959184,20.758426647186017,0.0714157909474949,3438.8388754947505,3.996421578937355
FTdiesel,SMR,DAC,wind,SMR_H_DAC_C_wind_E,France,1,2024,448.8985043479211,4751.389532526419,5200.288036874341,3.9038864685374577,15.95728405527506,0.040324629618712,2.600493718221309,2.693878e-05,29.93460098090079,0.1029848380170222,5248.7804156287375,4.047222874953192
FTdiesel,SMR,DAC,wind,SMR_H_DAC_C_wind_E,Brazil,1,2024,408.89764752483904,4590.37520212021,4999.272849645049,3.9038864685374577,68.70691010575452,0.1690072872145006,2.341785342389707,6.3061235e-05,32.995143599028594,0.1135141076730027,5103.316688692222,4.186470924659961
FTdiesel,SMR,DAC,wind,SMR_H_DAC_C_wind_E,United Kingdom,1,2024,473.3434724064713,3853.046898442493,4326.390370848964,3.9038864685374577,12.86735560697842,0.0327867523998833,2.890055888173955,0.000129183695,29.72650671536288,0.102268925543615,4371.874289059479,4.039071330175956
FTdiesel,SMR,DAC,wind,SMR_H_DAC_C_wind_E,Spain,1,2024,413.3421871718482,3836.6121004487095,4249.954287620558,3.9038864685374577,21.30530921537091,0.0533711314049369,2.371891261926552,8.938776999999999e-05,25.59894363309946,0.0880687557901197,4299.2304317309545,4.045415743502515
FTdiesel,SMR,DAC,wind,SMR_H_DAC_C_wind_E,Sweden,1,2024,488.8993611710032,6479.811483889062,6968.710845060065,3.9038864685374577,22.479466319457497,0.056235486432672,2.7492758002216604,2.204082e-05,32.259462301835065,0.1109831229015014,7026.199049481579,4.0711271186916305
FTdiesel,SMR,DAC,wind,SMR_H_DAC_C_wind_E,Czech Republic,1,2024,404.4531078778299,3855.902608930148,4260.355716807978,3.9038864685374577,20.116912701968747,0.050472039353065,2.379638617852863,0.00025346943,23.3502251072855,0.0803324270755801,4306.202493235085,4.034944404396103
FTdiesel,SMR,DAC,wind,SMR_H_DAC_C_wind_E,Japan,1,2024,480.01028187698495,4037.519661752226,4517.529943629211,3.9038864685374577,9.189850389558206,0.0238154822671406,2.7830718849792215,0.0002951020899999,10.883317676785154,0.037442179661811,4540.386183580533,3.9654392325564096
FTdiesel,SMR,DAC,wind,SMR_H_DAC_C_wind_E,Belgium,1,2024,455.56531381843473,3386.5909215470933,3842.156235365528,3.9038864685374577,3.4085918579759573,0.009712108124158,2.681468930026576,8.448981e-05,30.5709421535067,0.1051740602026191,3878.8172383070373,4.018857126674234
FTdiesel,SMR,DAC,wind,SMR_H_DAC_C_wind_E,Poland,1,2024,411.1199173483436,4124.065082737294,4535.1850000856375,3.9038864685374577,11.190987172400249,0.0286972533565199,2.5279607796581307,0.000376530675,33.598398530039475,0.1155895023439644,4582.502346567735,4.048549754912942
FTdiesel,SMR,DAC,wind,SMR_H_DAC_C_wind_E,India,1,2024,393.3417587603071,3159.9666814450343,3553.3084402053414,3.9038864685374577,29.28312225525748,0.0728329979742376,2.2544758515107515,0.0004334694599999,5.688980011316389,0.0195719557217851,3590.5350183234264,3.9967248916934803
FTdiesel,SMR,DAC,wind,SMR_H_DAC_C_wind_E,Indonesia,1,2024,357.78544158423415,4226.838649656987,4584.624091241221,3.9038864685374577,14.61998306903098,0.0370622852610349,2.0234244152159944,0.00039551027,4.181375475295838,0.0143853020217787,4605.448874200764,3.9557295660902714
FTdiesel,SMR,DAC,wind,SMR_H_DAC_C_wind_E,South Korea,1,2024,417.7867268188573,3461.7964223336635,3879.583149152521,3.9038864685374577,7.475045488669049,0.0196322175044002,2.3830175864633967,0.00025346943,9.464485512890445,0.0325609320158088,3898.9056977405435,3.9563330874876668
FTdiesel,SMR,DAC,wind,SMR_H_DAC_C_wind_E,China,1,2024,406.67537770133447,3145.6372674105837,3552.3126451119183,3.9038864685374577,78.01603497926587,0.1917168876099259,2.3068344201212856,0.0003428572,7.973956058968025,0.027433022194337,3640.6094705702735,4.12337923554172
FTdiesel,SMR,DAC,wind,SMR_H_DAC_C_wind_E,United Arab Emirates,1,2024,424.453536289371,1581.9900342112164,2006.4435705005872,3.9038864685374577,10.874670054831256,0.0279255980789476,2.4162376882686636,0.000234489835,12.32141811912569,0.042389716500573,2032.0558963628127,3.974436272951978
FTdiesel,SMR,DAC,wind,SMR_H_DAC_C_wind_E,United States,1,2024,444.453964700912,2601.112223431268,3045.56618813218,3.9038864685374577,77.22609399097482,0.1897898273949423,2.549571468684465,0.00023510208,28.43951521566772,0.097841252991375,3153.7813688075066,4.1917526510037755
FTdiesel,SMR,DAC,wind,SMR_H_DAC_C_wind_E,Turkey,1,2024,406.67537770133447,2411.927708347406,2818.603086048741,3.9038864685374577,10.108447857063252,0.026056399828645,2.3417323851212855,0.00028775515,20.04662805182993,0.0689669704975327,2851.0998943427553,3.9991975940136353
FTdiesel,SMR,DAC,wind,SMR_H_DAC_C_wind_E,Australia,1,2024,455.56531381843473,2949.872999796795,3405.4383136152296,3.9038864685374577,78.5068587948625,0.1929142517948745,2.664326070026576,0.00033795924,6.391330393975021,0.0219882712235498,3493.0008288740937,4.1191269507958825
FTdiesel,SMR,DAC,wind,SMR_H_DAC_C_wind_E,Malaysia,1,2024,388.897219113298,2347.094101559694,2735.991320672992,3.9038864685374577,15.393900646700336,0.0389502563825607,2.230492381973906,0.0003697959799999,0.0,0.0,2753.615713701666,3.943206520900018
FTdiesel,SMR,DAC,wind,SMR_H_DAC_C_wind_E,Canada,1,2024,453.3430439949302,2143.8576360626507,2597.200680057581,3.9038864685374577,78.70135691476585,0.1933887297550139,2.5742730977581543,0.0001071428749999,26.62747568567551,0.0916072431378362,2705.1037857557803,4.1889895843053075
FTdiesel,SMR,DAC,wind,SMR_H_DAC_C_wind_E,Mexico,1,2024,391.11948893680255,1951.4008493162255,2342.520338253028,3.9038864685374577,47.276868212502755,0.1167287224228995,2.2936065742423297,0.000321428625,34.83072858538064,0.1198291216131102,2426.921541625154,4.140765741198467
FTdiesel,SMR,DAC,wind,SMR_H_DAC_C_wind_E,Thailand,1,2024,395.5640285838117,2418.6691392140992,2814.233167797911,3.9038864685374577,11.625348230281595,0.0297568767030589,2.267998198779174,0.00033918373,2.9283584199813664,0.0100745126928526,2831.0548726469533,3.944057041663369
FTdiesel,SMR,DAC,wind,SMR_H_DAC_C_wind_E,Russia,1,2024,420.00899664236186,1787.7902639162205,2207.7992605585823,3.9038864685374577,144.09922899779946,0.3529267703223689,2.379397073731819,0.000274898005,11.6666877799746,0.040137229555271,2365.944574410088,4.297225366420098
FTdiesel,SMR,DAC,wind,SMR_H_DAC_C_wind_E,Saudi Arabia,1,2024,424.453536289371,1580.0973244622155,2004.5508607515867,3.9038864685374577,26.23477902530103,0.0653965678520688,2.390523398268664,0.00033795924,13.677948919801173,0.0470566270387092,2046.8541120949576,4.016677622668236
FTdiesel,SMRCCS,DAC,wind,SMRCCS_H_DAC_C_wind_E,South Africa,1,2024,589.1331816957545,1986.3851277756817,2575.5183094714357,-1.577310634469829,24.44615260753832,0.0610332155761023,2.3548013591949744,0.0004340817049999,18.019043431492967,0.0619914148913485,2620.338306869662,-1.4538519222973785
FTdiesel,SMRCCS,DAC,wind,SMRCCS_H_DAC_C_wind_E,Taiwan,1,2024,579.6818472300471,2879.987237390123,3459.66908462017,-1.577310634469829,6.501058897936567,0.0172561782346967,2.3668873873897067,0.0003893878199999,6.16439370608389,0.0212075346419098,3474.7014246115805,-1.5384575337732227
FTdiesel,SMRCCS,DAC,wind,SMRCCS_H_DAC_C_wind_E,Switzerland,1,2024,696.2483056404371,7938.64097088445,8634.889276524887,-1.577310634469829,11.91598488169044,0.0304658845102847,2.8910917913213336,2.2653065e-05,23.802983629832372,0.081890064778353,8673.499336827732,-1.4649320321161914
FTdiesel,SMRCCS,DAC,wind,SMRCCS_H_DAC_C_wind_E,Singapore,1,2024,582.8322920519496,8435.848646451079,9018.680938503028,-1.577310634469829,1.0470112370668925,0.0039510346686898,2.4514301546581305,0.000305510255,0.0,0.0,9022.179379894755,-1.5730540895461393
FTdiesel,SMRCCS,DAC,wind,SMRCCS_H_DAC_C_wind_E,Hungary,1,2024,567.0800679424375,3917.1113683602175,4484.191436302655,-1.577310634469829,18.541511416877615,0.0466288495653053,2.336063308316018,0.0001120408349999,23.177945121447607,0.0797397274619654,4528.246956149296,-1.4508300166075585
FTdiesel,SMRCCS,DAC,wind,SMRCCS_H_DAC_C_wind_E,Philippines,1,2024,563.9296231205351,2868.3236897644692,3432.253312885005,-1.577310634469829,10.06971863492859,0.0259619199317423,2.293153201047596,0.0003753061849999,4.759250856001761,0.0163733827219021,3449.375435576983,-1.534600025631185
FTdiesel,SMRCCS,DAC,wind,SMRCCS_H_DAC_C_wind_E,Netherlands,1,2024,645.8411884899982,5834.51744429565,6480.358632785648,-1.577310634469829,5.099956915719565,0.0138381914140532,2.663713825026576,0.000154897985,30.632396011911936,0.1053854816161674,6518.754699538305,-1.4579320634546085
FTdiesel,SMRCCS,DAC,wind,SMRCCS_H_DAC_C_wind_E,Norway,1,2024,715.1509745718516,4700.473764782639,5415.62473935449,-1.577310634469829,21.492878472425655,0.0538287064114019,2.867531979931867,1.8979595e-05,32.507170316182204,0.111835319653659,5472.4923201230295,-1.4116276288097682
FTdiesel,SMRCCS,DAC,wind,SMRCCS_H_DAC_C_wind_E,Oman,1,2024,601.7349609833642,1688.210890397182,2289.945851380546,-1.577310634469829,18.275013143264257,0.0459787273054728,2.471951983268664,0.000333673525,11.822324485673947,0.0406726708306091,2322.5151409927535,-1.4903255628087473
FTdiesel,SMRCCS,DAC,wind,SMRCCS_H_DAC_C_wind_E,Italy,1,2024,604.8854058052666,6345.946295568084,6950.83170137335,-1.577310634469829,11.75089404467967,0.0300631455860138,2.6422090505370863,0.00017632656,23.3502251072855,0.0803324270755801,6988.5750295758535,-1.466738735248235
FTdiesel,SMRCCS,DAC,wind,SMRCCS_H_DAC_C_wind_E,Austria,1,2024,655.2925229557055,5587.636092350496,6242.928615306202,-1.577310634469829,9.657120726756355,0.0249553877661634,2.7373420968318425,6.3061235e-05,23.3502251072855,0.0803324270755801,6278.673303237076,-1.4719597583930855
FTdiesel,SMRCCS,DAC,wind,SMRCCS_H_DAC_C_wind_E,Finland,1,2024,680.496081530925,5855.190452583766,6535.686534114691,-1.577310634469829,18.609053110807498,0.0467936174570265,2.7347045299792216,4.408164e-05,34.67020385876978,0.1192768639438567,6591.700495614248,-1.411196071428946
FTdiesel,SMRCCS,DAC,wind,SMRCCS_H_DAC_C_wind_E,Portugal,1,2024,573.3809575862423,5220.5612812495265,5793.942238835769,-1.577310634469829,9.084205983650287,0.0235577628493887,2.330046772852863,6.857144e-05,26.541123516500846,0.0913101633751714,5831.897615108774,-1.4623741368052692
FTdiesel,SMRCCS,DAC,wind,SMRCCS_H_DAC_C_wind_E,Germany,1,2024,648.9916333119006,5326.312147611757,5975.3037809236575,-1.577310634469829,13.79894112311398,0.0350593542924417,2.708460667294999,0.00021061228,31.332519932422898,0.1077941373584526,6023.143702646489,-1.4342465305389347
FTdiesel,SMRCCS,DAC,wind,SMRCCS_H_DAC_C_wind_E,Greece,1,2024,579.6818472300471,3493.836911974027,4073.518759204074,-1.577310634469829,8.004327760205324,0.020923401052402,2.410356782389708,0.0001959184,20.758426647186017,0.0714157909474949,4104.6918703938545,-1.4847755240699323
FTdiesel,SMRCCS,DAC,wind,SMRCCS_H_DAC_C_wind_E,France,1,2024,636.3898540242909,5736.235032537388,6372.624886561679,-1.577310634469829,15.95728405527506,0.040324629618712,2.600493718221309,2.693878e-05,29.93460098090079,0.1029848380170222,6421.117265316076,-1.4339742280540948
FTdiesel,SMRCCS,DAC,wind,SMRCCS_H_DAC_C_wind_E,Brazil,1,2024,579.6818472300471,5530.035699001428,6109.717546231475,-1.577310634469829,68.70691010575452,0.1690072872145006,2.341785342389707,6.3061235e-05,32.995143599028594,0.1135141076730027,6213.761385278648,-1.2947261783473258
FTdiesel,SMRCCS,DAC,wind,SMRCCS_H_DAC_C_wind_E,United Kingdom,1,2024,671.0447470652176,4575.74887041723,5246.793617482448,-1.577310634469829,12.86735560697842,0.0327867523998833,2.890055888173955,0.000129183695,29.72650671536288,0.102268925543615,5292.277535692963,-1.4421257728313308
FTdiesel,SMRCCS,DAC,wind,SMRCCS_H_DAC_C_wind_E,Spain,1,2024,585.9827368738521,4559.96701534258,5145.949752216433,-1.577310634469829,21.30530921537091,0.0533711314049369,2.371891261926552,8.938776999999999e-05,25.59894363309946,0.0880687557901197,5195.22589632683,-1.4357813595047726
FTdiesel,SMRCCS,DAC,wind,SMRCCS_H_DAC_C_wind_E,Sweden,1,2024,693.0978608185347,7954.086585891231,8647.184446709765,-1.577310634469829,22.479466319457497,0.056235486432672,2.7492758002216604,2.204082e-05,32.259462301835065,0.1109831229015014,8704.672651131279,-1.4100699843156557
FTdiesel,SMRCCS,DAC,wind,SMRCCS_H_DAC_C_wind_E,Czech Republic,1,2024,573.3809575862423,4606.070537569507,5179.451495155749,-1.577310634469829,20.116912701968747,0.050472039353065,2.379638617852863,0.00025346943,23.3502251072855,0.0803324270755801,5225.298271582857,-1.4462526986111839
FTdiesel,SMRCCS,DAC,wind,SMRCCS_H_DAC_C_wind_E,Japan,1,2024,680.496081530925,4877.58037248912,5558.076454020045,-1.577310634469829,9.189850389558206,0.0238154822671406,2.7830718849792215,0.0002951020899999,10.883317676785154,0.037442179661811,5580.932693971367,-1.5157578704508776
FTdiesel,SMRCCS,DAC,wind,SMRCCS_H_DAC_C_wind_E,Belgium,1,2024,645.8411884899982,3975.534880886427,4621.376069376425,-1.577310634469829,3.4085918579759573,0.009712108124158,2.681468930026576,8.448981e-05,30.5709421535067,0.1051740602026191,4658.037072317934,-1.4623399763330518
FTdiesel,SMRCCS,DAC,wind,SMRCCS_H_DAC_C_wind_E,Poland,1,2024,582.8322920519496,4948.189241614427,5531.021533666377,-1.577310634469829,11.190987172400249,0.0286972533565199,2.5279607796581307,0.000376530675,33.598398530039475,0.1155895023439644,5578.338880148474,-1.4326473480943447
FTdiesel,SMRCCS,DAC,wind,SMRCCS_H_DAC_C_wind_E,India,1,2024,557.6287334767302,3709.059918152111,4266.688651628841,-1.577310634469829,29.28312225525748,0.0728329979742376,2.2544758515107515,0.0004334694599999,5.688980011316389,0.0195719557217851,4303.915229746926,-1.4844722113138065
FTdiesel,SMRCCS,DAC,wind,SMRCCS_H_DAC_C_wind_E,Indonesia,1,2024,507.22161632629127,5107.119878713729,5614.34149504002,-1.577310634469829,14.61998306903098,0.0370622852610349,2.0234244152159944,0.00039551027,4.181375475295838,0.0143853020217787,5635.166277999563,-1.5254675369170154
FTdiesel,SMRCCS,DAC,wind,SMRCCS_H_DAC_C_wind_E,South Korea,1,2024,592.2836265176569,4098.671820702274,4690.955447219931,-1.577310634469829,7.475045488669049,0.0196322175044002,2.3830175864633967,0.00025346943,9.464485512890445,0.0325609320158088,4710.277995807954,-1.52486401551962
FTdiesel,SMRCCS,DAC,wind,SMRCCS_H_DAC_C_wind_E,China,1,2024,576.5314024081447,3675.134322412045,4251.66572482019,-1.577310634469829,78.01603497926587,0.1917168876099259,2.3068344201212856,0.0003428572,7.973956058968025,0.027433022194337,4339.962550278545,-1.3578178674655663
FTdiesel,SMRCCS,DAC,wind,SMRCCS_H_DAC_C_wind_E,United Arab Emirates,1,2024,601.7349609833642,1681.7597305661263,2283.4946915494907,-1.577310634469829,10.874670054831256,0.0279255980789476,2.4162376882686636,0.000234489835,12.32141811912569,0.042389716500573,2309.1070174117162,-1.5067608300553084
FTdiesel,SMRCCS,DAC,wind,SMRCCS_H_DAC_C_wind_E,United States,1,2024,630.0889643804861,2963.290726058851,3593.379690439337,-1.577310634469829,77.22609399097482,0.1897898273949423,2.549571468684465,0.00023510208,28.43951521566772,0.097841252991375,3701.594871114664,-1.2894444520035118
FTdiesel,SMRCCS,DAC,wind,SMRCCS_H_DAC_C_wind_E,Turkey,1,2024,576.5314024081447,2766.2742550168755,3342.8056574250204,-1.577310634469829,10.108447857063252,0.026056399828645,2.3417323851212855,0.00028775515,20.04662805182993,0.0689669704975327,3375.302465719035,-1.4819995089936515
FTdiesel,SMRCCS,DAC,wind,SMRCCS_H_DAC_C_wind_E,Australia,1,2024,645.8411884899982,3415.8009164871437,4061.642104977142,-1.577310634469829,78.5068587948625,0.1929142517948745,2.664326070026576,0.00033795924,6.391330393975021,0.0219882712235498,4149.204620236006,-1.362070152211405
FTdiesel,SMRCCS,DAC,wind,SMRCCS_H_DAC_C_wind_E,Malaysia,1,2024,551.3278438329253,2688.4327413619967,3239.760585194922,-1.577310634469829,15.393900646700336,0.0389502563825607,2.230492381973906,0.0003697959799999,0.0,0.0,3257.384978223596,-1.5379905821072684
FTdiesel,SMRCCS,DAC,wind,SMRCCS_H_DAC_C_wind_E,Canada,1,2024,642.6907436680957,2379.7319403422935,3022.4226840103893,-1.577310634469829,78.70135691476585,0.1933887297550139,2.5742730977581543,0.0001071428749999,26.62747568567551,0.0916072431378362,3130.3257897085887,-1.292207518701979
FTdiesel,SMRCCS,DAC,wind,SMRCCS_H_DAC_C_wind_E,Mexico,1,2024,554.4782886548277,2154.3852828249405,2708.8635714797683,-1.577310634469829,47.276868212502755,0.1167287224228995,2.2936065742423297,0.000321428625,34.83072858538064,0.1198291216131102,2793.2647748518943,-1.3404313618088195
FTdiesel,SMRCCS,DAC,wind,SMRCCS_H_DAC_C_wind_E,Thailand,1,2024,560.7791782986327,2774.2395472465714,3335.018725545204,-1.577310634469829,11.625348230281595,0.0297568767030589,2.267998198779174,0.00033918373,2.9283584199813664,0.0100745126928526,3351.840430394246,-1.5371400613439177
FTdiesel,SMRCCS,DAC,wind,SMRCCS_H_DAC_C_wind_E,Russia,1,2024,595.4340713395594,1985.0160186482256,2580.450089987785,-1.577310634469829,144.09922899779946,0.3529267703223689,2.379397073731819,0.000274898005,11.6666877799746,0.040137229555271,2738.5954038392906,-1.1839717365871891
FTdiesel,SMRCCS,DAC,wind,SMRCCS_H_DAC_C_wind_E,Saudi Arabia,1,2024,601.7349609833642,1679.8670102203596,2281.6019712037237,-1.577310634469829,26.23477902530103,0.0653965678520688,2.390523398268664,0.00033795924,13.677948919801173,0.0470566270387092,2323.9052225470946,-1.4645194803390513
FTdiesel,SMR,SMR,wind,SMR_H_C_wind_E,South Africa,1,2024,415.5644569953527,459.2875778497587,874.8520348451113,3.8282528979412103,24.44615260753832,0.0610332155761023,2.3548013591949744,0.0004340817049999,18.019043431492967,0.0619914148913485,919.6720322433376,3.951711610113661
FTdiesel,SMR,SMR,wind,SMR_H_C_wind_E,Taiwan,1,2024,408.89764752483904,1170.1351916975686,1579.0328392224078,3.8282528979412103,6.501058897936567,0.0172561782346967,2.3668873873897067,0.0003893878199999,6.16439370608389,0.0212075346419098,1594.065179213818,3.8671059986378165
FTdiesel,SMR,SMR,wind,SMR_H_C_wind_E,Switzerland,1,2024,491.12163099450777,5111.95544876758,5603.077079762087,3.8282528979412103,11.91598488169044,0.0304658845102847,2.8910917913213336,2.2653065e-05,23.802983629832372,0.081890064778353,5641.687140064932,3.9406315002948475
FTdiesel,SMR,SMR,wind,SMR_H_C_wind_E,Singapore,1,2024,411.1199173483436,5467.088713891112,5878.208631239456,3.8282528979412103,1.0470112370668925,0.0039510346686898,2.4514301546581305,0.000305510255,0.0,0.0,5881.70707263118,3.8325094428649003
FTdiesel,SMR,SMR,wind,SMR_H_C_wind_E,Hungary,1,2024,400.0085682308208,1964.850414545367,2364.8589827761875,3.8282528979412103,18.541511416877615,0.0466288495653053,2.336063308316018,0.0001120408349999,23.177945121447607,0.0797397274619654,2408.914502622829,3.954733515803481
FTdiesel,SMR,SMR,wind,SMR_H_C_wind_E,Philippines,1,2024,397.7862984073162,1139.7539088543665,1537.5402072616828,3.8282528979412103,10.06971863492859,0.0259619199317423,2.293153201047596,0.0003753061849999,4.759250856001761,0.0163733827219021,1554.6623299536607,3.8709635067798547
FTdiesel,SMR,SMR,wind,SMR_H_C_wind_E,Netherlands,1,2024,455.56531381843473,3469.6879196452624,3925.253233463697,3.8282528979412103,5.099956915719565,0.0138381914140532,2.663713825026576,0.000154897985,30.632396011911936,0.1053854816161674,3963.6493002163556,3.947631468956431
FTdiesel,SMR,SMR,wind,SMR_H_C_wind_E,Norway,1,2024,504.4552499355352,2594.855059836823,3099.310309772358,3.8282528979412103,21.492878472425655,0.0538287064114019,2.867531979931867,1.8979595e-05,32.507170316182204,0.111835319653659,3156.1778905408974,3.9939359036012716
FTdiesel,SMR,SMR,wind,SMR_H_C_wind_E,Oman,1,2024,424.453536289371,226.65802324033305,651.1115595297041,3.8282528979412103,18.275013143264257,0.0459787273054728,2.471951983268664,0.000333673525,11.822324485673947,0.0406726708306091,683.6808491419109,3.915237969602292
FTdiesel,SMR,SMR,wind,SMR_H_C_wind_E,Italy,1,2024,426.6758061128755,3862.710945926924,4289.3867520398,3.8282528979412103,11.75089404467967,0.0300631455860138,2.6422090505370863,0.00017632656,23.3502251072855,0.0803324270755801,4327.130080242303,3.938824797162804
FTdiesel,SMR,SMR,wind,SMR_H_C_wind_E,Austria,1,2024,462.23212328894846,3278.164350174292,3740.396473463241,3.8282528979412103,9.657120726756355,0.0249553877661634,2.7373420968318425,6.3061235e-05,23.3502251072855,0.0803324270755801,3776.1411613941145,3.933603774017954
FTdiesel,SMR,SMR,wind,SMR_H_C_wind_E,Finland,1,2024,480.01028187698495,3486.7531314497464,3966.763413326731,3.8282528979412103,18.609053110807498,0.0467936174570265,2.7347045299792216,4.408164e-05,34.67020385876978,0.1192768639438567,4022.7773748262875,3.9943674609820934
FTdiesel,SMR,SMR,wind,SMR_H_C_wind_E,Portugal,1,2024,404.4531078778299,2975.7119118045525,3380.1650196823825,3.8282528979412103,9.084205983650287,0.0235577628493887,2.330046772852863,6.857144e-05,26.541123516500846,0.0913101633751714,3418.1203959553864,3.9431893956057706
FTdiesel,SMR,SMR,wind,SMR_H_C_wind_E,Germany,1,2024,457.78758364193936,3071.767215119085,3529.5547987610244,3.8282528979412103,13.79894112311398,0.0350593542924417,2.708460667294999,0.00021061228,31.332519932422898,0.1077941373584526,3577.3947204838564,3.9713170018721047
FTdiesel,SMR,SMR,wind,SMR_H_C_wind_E,Greece,1,2024,408.89764752483904,1638.7681167801302,2047.6657643049691,3.8282528979412103,8.004327760205324,0.020923401052402,2.410356782389708,0.0001959184,20.758426647186017,0.0714157909474949,2078.8388754947496,3.9207880083411077
FTdiesel,SMR,SMR,wind,SMR_H_C_wind_E,France,1,2024,448.8985043479211,3391.3895325264193,3840.288036874341,3.8282528979412103,15.95728405527506,0.040324629618712,2.600493718221309,2.693878e-05,29.93460098090079,0.1029848380170222,3888.7804156287384,3.9715893043569443
FTdiesel,SMR,SMR,wind,SMR_H_C_wind_E,Brazil,1,2024,408.89764752483904,3230.3752021202095,3639.2728496450486,3.8282528979412103,68.70691010575452,0.1690072872145006,2.341785342389707,6.3061235e-05,32.995143599028594,0.1135141076730027,3743.3166886922218,4.1108373540637135
FTdiesel,SMR,SMR,wind,SMR_H_C_wind_E,United Kingdom,1,2024,473.3434724064713,2493.0468984424924,2966.390370848964,3.8282528979412103,12.86735560697842,0.0327867523998833,2.890055888173955,0.000129183695,29.72650671536288,0.102268925543615,3011.8742890594795,3.963437759579709
FTdiesel,SMR,SMR,wind,SMR_H_C_wind_E,Spain,1,2024,413.3421871718482,2476.612100448709,2889.954287620558,3.8282528979412103,21.30530921537091,0.0533711314049369,2.371891261926552,8.938776999999999e-05,25.59894363309946,0.0880687557901197,2939.230431730955,3.969782172906267
FTdiesel,SMR,SMR,wind,SMR_H_C_wind_E,Sweden,1,2024,488.8993611710032,5119.811483889062,5608.710845060065,3.8282528979412103,22.479466319457497,0.056235486432672,2.7492758002216604,2.204082e-05,32.259462301835065,0.1109831229015014,5666.199049481579,3.9954935480953835
FTdiesel,SMR,SMR,wind,SMR_H_C_wind_E,Czech Republic,1,2024,404.4531078778299,2495.902608930148,2900.355716807978,3.8282528979412103,20.116912701968747,0.050472039353065,2.379638617852863,0.00025346943,23.3502251072855,0.0803324270755801,2946.202493235085,3.9593108337998553
FTdiesel,SMR,SMR,wind,SMR_H_C_wind_E,Japan,1,2024,480.01028187698495,2677.519661752225,3157.5299436292103,3.8282528979412103,9.189850389558206,0.0238154822671406,2.7830718849792215,0.0002951020899999,10.883317676785154,0.037442179661811,3180.386183580533,3.889805661960162
FTdiesel,SMR,SMR,wind,SMR_H_C_wind_E,Belgium,1,2024,455.56531381843473,2026.590921547093,2482.156235365528,3.8282528979412103,3.4085918579759573,0.009712108124158,2.681468930026576,8.448981e-05,30.5709421535067,0.1051740602026191,2518.8172383070373,3.9432235560779874
FTdiesel,SMR,SMR,wind,SMR_H_C_wind_E,Poland,1,2024,411.1199173483436,2764.0650827372924,3175.185000085636,3.8282528979412103,11.190987172400249,0.0286972533565199,2.5279607796581307,0.000376530675,33.598398530039475,0.1155895023439644,3222.502346567734,3.972916184316695
FTdiesel,SMR,SMR,wind,SMR_H_C_wind_E,India,1,2024,393.3417587603071,1799.966681445034,2193.308440205341,3.8282528979412103,29.28312225525748,0.0728329979742376,2.2544758515107515,0.0004334694599999,5.688980011316389,0.0195719557217851,2230.535018323426,3.921091321097233
FTdiesel,SMR,SMR,wind,SMR_H_C_wind_E,Indonesia,1,2024,357.78544158423415,2866.8386496569874,3224.6240912412213,3.8282528979412103,14.61998306903098,0.0370622852610349,2.0234244152159944,0.00039551027,4.181375475295838,0.0143853020217787,3245.4488742007643,3.880095995494024
FTdiesel,SMR,SMR,wind,SMR_H_C_wind_E,South Korea,1,2024,417.7867268188573,2101.7964223336635,2519.583149152521,3.8282528979412103,7.475045488669049,0.0196322175044002,2.3830175864633967,0.00025346943,9.464485512890445,0.0325609320158088,2538.9056977405435,3.8806995168914193
FTdiesel,SMR,SMR,wind,SMR_H_C_wind_E,China,1,2024,406.67537770133447,1785.6372674105842,2192.3126451119188,3.8282528979412103,78.01603497926587,0.1917168876099259,2.3068344201212856,0.0003428572,7.973956058968025,0.027433022194337,2280.609470570274,4.047745664945473
FTdiesel,SMR,SMR,wind,SMR_H_C_wind_E,United Arab Emirates,1,2024,424.453536289371,221.99003421121648,646.4435705005875,3.8282528979412103,10.874670054831256,0.0279255980789476,2.4162376882686636,0.000234489835,12.32141811912569,0.042389716500573,672.0558963628131,3.898802702355731
FTdiesel,SMR,SMR,wind,SMR_H_C_wind_E,United States,1,2024,444.453964700912,1241.112223431268,1685.5661881321798,3.8282528979412103,77.22609399097482,0.1897898273949423,2.549571468684465,0.00023510208,28.43951521566772,0.097841252991375,1793.7813688075069,4.116119080407528
FTdiesel,SMR,SMR,wind,SMR_H_C_wind_E,Turkey,1,2024,406.67537770133447,1051.927708347406,1458.6030860487404,3.8282528979412103,10.108447857063252,0.026056399828645,2.3417323851212855,0.00028775515,20.04662805182993,0.0689669704975327,1491.0998943427549,3.923564023417388
FTdiesel,SMR,SMR,wind,SMR_H_C_wind_E,Australia,1,2024,455.56531381843473,1589.8729997967948,2045.4383136152296,3.8282528979412103,78.5068587948625,0.1929142517948745,2.664326070026576,0.00033795924,6.391330393975021,0.0219882712235498,2133.0008288740937,4.043493380199635
FTdiesel,SMR,SMR,wind,SMR_H_C_wind_E,Malaysia,1,2024,388.897219113298,987.094101559694,1375.991320672992,3.8282528979412103,15.393900646700336,0.0389502563825607,2.230492381973906,0.0003697959799999,0.0,0.0,1393.6157137016662,3.867572950303771
FTdiesel,SMR,SMR,wind,SMR_H_C_wind_E,Canada,1,2024,453.3430439949302,783.8576360626505,1237.2006800575807,3.8282528979412103,78.70135691476585,0.1933887297550139,2.5742730977581543,0.0001071428749999,26.62747568567551,0.0916072431378362,1345.1037857557803,4.11335601370906
FTdiesel,SMR,SMR,wind,SMR_H_C_wind_E,Mexico,1,2024,391.11948893680255,591.4008493162258,982.5203382530284,3.8282528979412103,47.276868212502755,0.1167287224228995,2.2936065742423297,0.000321428625,34.83072858538064,0.1198291216131102,1066.9215416251543,4.06513217060222
FTdiesel,SMR,SMR,wind,SMR_H_C_wind_E,Thailand,1,2024,395.5640285838117,1058.6691392140988,1454.2331677979105,3.8282528979412103,11.625348230281595,0.0297568767030589,2.267998198779174,0.00033918373,2.9283584199813664,0.0100745126928526,1471.0548726469526,3.8684234710671217
FTdiesel,SMR,SMR,wind,SMR_H_C_wind_E,Russia,1,2024,420.00899664236186,427.79026391622017,847.7992605585821,3.8282528979412103,144.09922899779946,0.3529267703223689,2.379397073731819,0.000274898005,11.6666877799746,0.040137229555271,1005.944574410088,4.2215917958238505
FTdiesel,SMR,SMR,wind,SMR_H_C_wind_E,Saudi Arabia,1,2024,424.453536289371,220.0973244622159,644.5508607515869,3.8282528979412103,26.23477902530103,0.0653965678520688,2.390523398268664,0.00033795924,13.677948919801173,0.0470566270387092,686.8541120949578,3.9410440520719883
