Fuel,Hydrogen Source,Carbon Source,Electricity Source,Pathway Name,Region,Number,Year,CapEx [$/tonne],OpEx [$/tonne],Fuel Production LCOF [$/tonne],Fuel Production Emissions [kg CO2e / kg fuel],Land Transport Cost [$/tonne],Land Transport Emissions [kg CO2e / kg fuel],Fuel Storage Cost [$/tonne],Fuel Storage Emissions [kg CO2e / kg fuel],Tanker Transport Cost [$/tonne],Tanker Transport Emissions [kg CO2e / kg fuel],Final LCOF [$/tonne],Final Emissions [kg CO2e / kg fuel]
liquid_hydrogen,ATRCCS,,grid,ATRCCS_H_grid_E,South Africa,1,2024,927.6919847731492,1687.9121216831074,2615.604106456257,8.981339828918278,438.1704908749996,0.4433861978391045,259.92307237858716,0.140382,202.8414917358742,0.6978412100057176,3516.539161445718,10.262949236763102
liquid_hydrogen,ATRCCS,,grid,ATRCCS_H_grid_E,Taiwan,1,2024,912.8092256591414,3819.66983202288,4732.479057682021,8.186954735750577,108.29765925058994,0.1099631873647823,271.8790658698398,0.125928,69.39296304730028,0.2387345354463574,5182.048745849752,8.661580458561716
liquid_hydrogen,ATRCCS,,grid,ATRCCS_H_grid_E,Switzerland,1,2024,1096.3632547319037,11626.029046852344,12722.392301584248,1.6686441767443652,207.83667510659143,0.2105734684932008,342.15581281105756,0.007326,267.9516660024915,0.921841548422986,13540.336455504388,2.808385193660552
liquid_hydrogen,ATRCCS,,grid,ATRCCS_H_grid_E,Singapore,1,2024,917.7701453638108,12402.739209631442,13320.509354995253,6.69612243761393,8.03949538583879,0.0086260185661268,296.5377347060888,0.098802,0.0,0.0,13625.086585087181,6.803550456180057
liquid_hydrogen,ATRCCS,,grid,ATRCCS_H_grid_E,Hungary,1,2024,892.9655468404644,5494.154133838932,6387.119680679396,3.2574143630797687,329.62936309882156,0.3336769216759281,272.6403905248432,0.036234,260.9155686694031,0.8976350676156276,7250.305002972464,4.524960352371324
liquid_hydrogen,ATRCCS,,grid,ATRCCS_H_grid_E,Philippines,1,2024,888.0046271357951,3537.2546941390933,4425.259321274889,7.936669021464862,173.897979404711,0.1762695155523986,261.44572168859406,0.121374,53.57518265866389,0.1843161868553106,4914.1782050268575,8.41862872387257
liquid_hydrogen,ATRCCS,,grid,ATRCCS_H_grid_E,Netherlands,1,2024,1016.9885394571952,8350.425276675212,9367.413816132408,4.019153493514551,82.54212485506892,0.0839304650813442,311.54111143107144,0.050094,344.8307856143194,1.18633091593341,10106.327838032868,5.339508874529305
liquid_hydrogen,ATRCCS,,grid,ATRCCS_H_grid_E,Norway,1,2024,1126.128772959919,5590.034879949509,6716.163652909428,1.6033522512785268,383.8823986934868,0.3885138428199527,318.4418258285524,0.006138,365.9352364688872,1.2589371435588457,7784.423113900354,3.2569412376573252
liquid_hydrogen,ATRCCS,,grid,ATRCCS_H_grid_E,Oman,1,2024,947.5356635918262,2477.701250109975,3425.236913701801,7.19669386618536,324.730500960653,0.328725336684938,287.07974772358364,0.10791,133.08464145596236,0.4578547832202749,4170.1318038419995,8.091183986090574
liquid_hydrogen,ATRCCS,,grid,ATRCCS_H_grid_E,Italy,1,2024,952.4965832964954,11503.73194770598,12456.228531002476,4.400023058731943,204.80191904673052,0.2075060515842323,339.4584165598328,0.057024,262.85493517664605,0.9043071240005276,13263.343801785688,5.568860234316703
liquid_hydrogen,ATRCCS,,grid,ATRCCS_H_grid_E,Austria,1,2024,1031.8712985712034,8653.37690818065,9685.248206751852,2.3868553568685886,166.3134639659168,0.1686033735481032,327.30511793981884,0.020394,262.85493517664605,0.9043071240005276,10441.721723834235,3.480159854417219
liquid_hydrogen,ATRCCS,,grid,ATRCCS_H_grid_E,Finland,1,2024,1071.5586562085573,7214.926538908136,8286.485195116693,2.0495137419617566,330.87093754752107,0.3349318582779358,304.99246862981187,0.014256,390.28463948360894,1.3427070701024548,9312.633240777635,3.7414086703421474
liquid_hydrogen,ATRCCS,,grid,ATRCCS_H_grid_E,Portugal,1,2024,902.887386249803,6673.751792006981,7576.639178256784,2.4847932450673467,155.78194980131548,0.1579585164365832,265.3297281973415,0.022176,298.7750768736041,1.0278841837572263,8296.525933129047,3.6928119452611563
liquid_hydrogen,ATRCCS,,grid,ATRCCS_H_grid_E,Germany,1,2024,1021.9494591618648,8181.031443419636,9202.9809025815,5.0094143630797685,242.44981880117643,0.245559128014774,323.32978026732064,0.0681119999999999,352.7121240980374,1.2134453033147847,10121.472625748034,6.536530794409328
liquid_hydrogen,ATRCCS,,grid,ATRCCS_H_grid_E,Greece,1,2024,912.8092256591414,5347.932534721682,6260.7417603808235,4.748246661216415,135.93126007286196,0.1378941883236556,285.9370658698397,0.06336,233.67889883908552,0.8039319969654449,6916.2889851626105,5.753432846505516
liquid_hydrogen,ATRCCS,,grid,ATRCCS_H_grid_E,France,1,2024,1002.105780343188,7731.156651009095,8733.262431352283,1.7448180897878434,282.1252145483468,0.2856615208873211,299.1431049223241,0.008712,336.975663584434,1.159306721745292,9651.506414407388,3.1984983324204563
liquid_hydrogen,ATRCCS,,grid,ATRCCS_H_grid_E,Brazil,1,2024,912.8092256591414,6942.796728475998,7855.60595413514,2.3868553568685886,1251.7868275768665,1.2657588892134022,263.7610658698398,0.020394,371.42838203991226,1.2778353646240566,9742.582229621758,4.950843610706047
liquid_hydrogen,ATRCCS,,grid,ATRCCS_H_grid_E,United Kingdom,1,2024,1056.6758970945496,8966.54134963869,10023.21724673324,3.5621100152536815,225.3250961844594,0.2282501045941831,363.2804621210645,0.041778,334.6331335048618,1.1512476505404123,10946.455938543626,4.983385770388277
liquid_hydrogen,ATRCCS,,grid,ATRCCS_H_grid_E,Spain,1,2024,922.73106506848,5646.681173397311,6569.412238465791,2.854780822707098,380.43443665151494,0.3850287728965696,268.132403542338,0.028908,288.16889937260265,0.99139545712889,7506.147978032247,4.2601130527325575
liquid_hydrogen,ATRCCS,,grid,ATRCCS_H_grid_E,Sweden,1,2024,1091.4023350272344,9416.230419473566,10507.6327545008,1.6577621891667256,402.0181929118524,0.4068448192627633,298.97498647480853,0.007128,363.1467719570981,1.2493439117584273,11571.772705844558,3.321078920187916
liquid_hydrogen,ATRCCS,,grid,ATRCCS_H_grid_E,Czech Republic,1,2024,902.887386249803,6705.876424102351,7608.763810352154,5.771153493514552,358.5889267136765,0.3629481557904174,281.36772819734153,0.081972,262.85493517664605,0.9043071240005276,8511.575400439819,7.120380773305497
liquid_hydrogen,ATRCCS,,grid,ATRCCS_H_grid_E,Japan,1,2024,1071.5586562085573,6653.654917096572,7725.213573305129,6.511128648794054,157.72394129414766,0.1599214081566048,320.6344686298119,0.095436,122.51418345194588,0.4214889433681275,8326.086166681034,7.187975000318787
liquid_hydrogen,ATRCCS,,grid,ATRCCS_H_grid_E,Belgium,1,2024,1016.9885394571952,6109.5380393421965,7126.526578799392,2.7677249220859803,51.45087562910715,0.0525046035901776,317.28311143107146,0.027324,344.1389957110853,1.1839509319419137,7839.399561570655,4.031504457618071
liquid_hydrogen,ATRCCS,,grid,ATRCCS_H_grid_E,Poland,1,2024,917.7701453638108,9183.143436101816,10100.913581465627,7.958432996620141,194.5095199991873,0.1971028830100399,321.2877347060888,0.12177,378.2192602887212,1.3011982114144018,10994.930096459624,9.578504091044582
liquid_hydrogen,ATRCCS,,grid,ATRCCS_H_grid_E,India,1,2024,878.0827877264568,4450.980880899029,5329.063668625486,8.970457841340638,527.0853162860647,0.5332579481689742,254.30238401609589,0.140184,64.04120153981867,0.2203227218963662,6174.492570467465,9.864222511405977
liquid_hydrogen,ATRCCS,,grid,ATRCCS_H_grid_E,Indonesia,1,2024,798.7080724517485,5647.735293295941,6446.443365747689,8.295774611526975,257.5424918161488,0.2608142323771918,222.49968263610975,0.127908,47.07000358489807,0.1619362388609835,6973.555543784845,8.846433082765149
liquid_hydrogen,ATRCCS,,grid,ATRCCS_H_grid_E,South Korea,1,2024,932.6529044778182,4747.494672422303,5680.147576900121,5.771153493514552,126.20181287878846,0.1280600302399958,266.36574121483625,0.081972,106.54230160697291,0.3665404352627069,6179.257432600718,6.3477259590172554
liquid_hydrogen,ATRCCS,,grid,ATRCCS_H_grid_E,China,1,2024,907.8483059544722,4056.642931510191,4964.491237464663,7.359923679849956,1422.9103352979398,1.4387240734825033,255.14039703359072,0.11088,89.7633189123943,0.3088152357187376,6732.305288708588,9.218342989051198
liquid_hydrogen,ATRCCS,,grid,ATRCCS_H_grid_E,United Arab Emirates,1,2024,947.5356635918262,1485.6120188056268,2433.147682397453,5.433811878607719,188.6948708838179,0.1912256550996622,269.06174772358366,0.075834,138.7029695048471,0.4771836730361122,3029.607270509702,6.178055206743494
liquid_hydrogen,ATRCCS,,grid,ATRCCS_H_grid_E,United States,1,2024,992.1839409338492,3544.73718615569,4536.921127089539,5.444693866185359,1408.3893706910883,1.4240468304056315,288.0397672498259,0.076032,320.1453902102708,1.101405065453756,6553.495655240725,8.046177762044746
liquid_hydrogen,ATRCCS,,grid,ATRCCS_H_grid_E,Turkey,1,2024,907.8483059544722,3338.8046903720847,4246.652996326557,6.3805447978623775,174.60991317217503,0.176989111339773,266.4263970335907,0.09306,225.66613781509116,0.776365472973638,4913.355444347413,7.426959382175789
liquid_hydrogen,ATRCCS,,grid,ATRCCS_H_grid_E,Australia,1,2024,1016.9885394571952,5084.196959430612,6101.185498887808,7.272867779228838,1431.9328260410734,1.447843666662513,311.7391114310714,0.109296,71.94760344630073,0.2475233356662321,7916.805039806252,9.077530781557583
liquid_hydrogen,ATRCCS,,grid,ATRCCS_H_grid_E,Malaysia,1,2024,868.1609483171183,3004.906820151372,3873.06776846849,7.838731133266104,271.7689086251675,0.2751937576547579,251.9110463435976,0.119592,0.0,0.0,4396.7477234372545,8.233516890920862
liquid_hydrogen,ATRCCS,,grid,ATRCCS_H_grid_E,Canada,1,2024,1012.0276197525264,2352.9173925522887,3364.945012304815,3.1703584624586507,1435.5081568025848,1.4514574760813554,285.2984425948223,0.03465,299.7471486085223,1.031228429108128,5385.498760310745,5.687694367648135
liquid_hydrogen,ATRCCS,,grid,ATRCCS_H_grid_E,Mexico,1,2024,873.1218680217873,3256.8996851665115,4130.021553188299,6.979054114632564,857.852490116471,0.8675849259971682,269.63971517984675,0.10395,392.0916763071803,1.3489238690063396,5649.605434791796,9.299512909636071
liquid_hydrogen,ATRCCS,,grid,ATRCCS_H_grid_E,Thailand,1,2024,883.0437074311259,3154.818472982836,4037.8621804139616,7.294631754384117,202.49409307689865,0.2051733881796016,255.99305285234496,0.109692,32.96471272210662,0.113409415483101,4529.314039065312,7.7229065580468195
liquid_hydrogen,ATRCCS,,grid,ATRCCS_H_grid_E,Russia,1,2024,937.6138241824876,1592.0589106944203,2529.672734876908,6.152023058731944,2637.6741412966267,2.666561489546193,262.51241005108545,0.088902,131.33262938756718,0.4518272875077826,5561.191915612188,9.359313835785919
liquid_hydrogen,ATRCCS,,grid,ATRCCS_H_grid_E,Saudi Arabia,1,2024,947.5356635918262,1028.2326814781916,1975.768345070018,7.272867779228838,471.0496315857507,0.4766191925771176,260.74574772358363,0.109296,153.97352103222505,0.5297193749978989,2861.5372454115773,8.388502346803854
liquid_hydrogen,BG,,grid,BG_H_grid_E,South Africa,1,2024,953.10534,2198.0434200894724,3151.1487600894725,7.518780346895058,438.1704908749996,0.4433861978391045,259.92307237858716,0.140382,202.8414917358742,0.6978412100057176,4052.0838150789336,8.80038975473988
liquid_hydrogen,BG,,grid,BG_H_grid_E,Taiwan,1,2024,937.81488,2971.235994693276,3909.050874693276,6.863240346895058,108.29765925058994,0.1099631873647823,271.8790658698398,0.125928,69.39296304730028,0.2387345354463574,4358.620562861006,7.337866069706197
liquid_hydrogen,BG,,grid,BG_H_grid_E,Switzerland,1,2024,1126.39722,4426.633421251269,5553.030641251269,1.484220346895058,207.83667510659143,0.2105734684932008,342.15581281105756,0.007326,267.9516660024915,0.921841548422986,6370.974795171409,2.6239613638112447
liquid_hydrogen,BG,,grid,BG_H_grid_E,Singapore,1,2024,942.9117,4365.449042774282,5308.360742774282,5.632980346895058,8.03949538583879,0.0086260185661268,296.5377347060888,0.098802,0.0,0.0,5612.937972866209,5.740408365461185
liquid_hydrogen,BG,,grid,BG_H_grid_E,Hungary,1,2024,917.4276,3288.285958399352,4205.713558399351,2.7953003468950577,329.62936309882156,0.3336769216759281,272.6403905248432,0.036234,260.9155686694031,0.8976350676156276,5068.898880692419,4.062846336186613
liquid_hydrogen,BG,,grid,BG_H_grid_E,Philippines,1,2024,912.33078,2762.091160736214,3674.4219407362143,6.656700346895057,173.897979404711,0.1762695155523986,261.44572168859406,0.121374,53.57518265866389,0.1843161868553106,4163.340824488183,7.138660049302767
liquid_hydrogen,BG,,grid,BG_H_grid_E,Netherlands,1,2024,1044.8481,3780.568714094064,4825.416814094064,3.4239003468950577,82.54212485506892,0.0839304650813442,311.54111143107144,0.050094,344.8307856143194,1.18633091593341,5564.330835994524,4.744255727909811
liquid_hydrogen,BG,,grid,BG_H_grid_E,Norway,1,2024,1156.9781400000002,2801.5129881570547,3958.491128157055,1.430340346895058,383.8823986934868,0.3885138428199527,318.4418258285524,0.006138,365.9352364688872,1.2589371435588457,5026.750589147981,3.0839293332738564
liquid_hydrogen,BG,,grid,BG_H_grid_E,Oman,1,2024,973.49262,3188.8705109239936,4162.363130923994,6.046060346895058,324.730500960653,0.328725336684938,287.07974772358364,0.10791,133.08464145596236,0.4578547832202749,4907.258021064194,6.940550466800271
liquid_hydrogen,BG,,grid,BG_H_grid_E,Italy,1,2024,978.58944,5819.917402309714,6798.506842309714,3.7382003468950575,204.80191904673052,0.2075060515842323,339.4584165598328,0.057024,262.85493517664605,0.9043071240005276,7605.6221130929225,4.9070375224798175
liquid_hydrogen,BG,,grid,BG_H_grid_E,Austria,1,2024,1060.13856,4323.081402662114,5383.219962662113,2.0769003468950578,166.3134639659168,0.1686033735481032,327.30511793981884,0.020394,262.85493517664605,0.9043071240005276,6139.693479744495,3.1702048444436883
liquid_hydrogen,BG,,grid,BG_H_grid_E,Finland,1,2024,1100.91312,2857.4585598684225,3958.3716798684222,1.798520346895058,330.87093754752107,0.3349318582779358,304.99246862981187,0.014256,390.28463948360894,1.3427070701024548,4984.519725529364,3.4904152752754487
liquid_hydrogen,BG,,grid,BG_H_grid_E,Portugal,1,2024,927.62124,2915.4866539258915,3843.1078939258914,2.157720346895058,155.78194980131548,0.1579585164365832,265.3297281973415,0.022176,298.7750768736041,1.0278841837572263,4562.994648798152,3.3657390470888675
liquid_hydrogen,BG,,grid,BG_H_grid_E,Germany,1,2024,1049.94492,4262.367466518574,5312.3123865185735,4.241080346895058,242.44981880117643,0.245559128014774,323.32978026732064,0.0681119999999999,352.7121240980374,1.2134453033147847,6230.804109685108,5.768196778224617
liquid_hydrogen,BG,,grid,BG_H_grid_E,Greece,1,2024,937.81488,3660.5173211969486,4598.3322011969485,4.025560346895058,135.93126007286196,0.1378941883236556,285.9370658698397,0.06336,233.67889883908552,0.8039319969654449,5253.8794259787355,5.030746532184159
liquid_hydrogen,BG,,grid,BG_H_grid_E,France,1,2024,1029.5576400000002,3397.652707005136,4427.210347005136,1.5470803468950578,282.1252145483468,0.2856615208873211,299.1431049223241,0.008712,336.975663584434,1.159306721745292,5345.454330060241,3.0007605895276708
liquid_hydrogen,BG,,grid,BG_H_grid_E,Brazil,1,2024,937.81488,2731.4106681374833,3669.225548137483,2.0769003468950578,1251.7868275768665,1.2657588892134022,263.7610658698398,0.020394,371.42838203991226,1.2778353646240566,5556.201823624102,4.6408886007325165
liquid_hydrogen,BG,,grid,BG_H_grid_E,United Kingdom,1,2024,1085.6226599999998,5577.205491527146,6662.828151527146,3.046740346895058,225.3250961844594,0.2282501045941831,363.2804621210645,0.041778,334.6331335048618,1.1512476505404123,7586.066843337531,4.468016102029653
liquid_hydrogen,BG,,grid,BG_H_grid_E,Spain,1,2024,948.00852,2820.1780497935138,3768.1865697935136,2.463040346895058,380.43443665151494,0.3850287728965696,268.132403542338,0.028908,288.16889937260265,0.99139545712889,4704.922309359969,3.8683725769205175
liquid_hydrogen,BG,,grid,BG_H_grid_E,Sweden,1,2024,1121.3004,2465.6980039377413,3586.9984039377414,1.475240346895058,402.0181929118524,0.4068448192627633,298.97498647480853,0.007128,363.1467719570981,1.2493439117584273,4651.1383552815005,3.1385570779162486
liquid_hydrogen,BG,,grid,BG_H_grid_E,Czech Republic,1,2024,927.62124,3615.5584840321194,4543.179724032119,4.869680346895057,358.5889267136765,0.3629481557904174,281.36772819734153,0.081972,262.85493517664605,0.9043071240005276,5445.991314119783,6.218907626686002
liquid_hydrogen,BG,,grid,BG_H_grid_E,Japan,1,2024,1100.91312,3463.186365939687,4564.099485939687,5.480320346895057,157.72394129414766,0.1599214081566048,320.6344686298119,0.095436,122.51418345194588,0.4214889433681275,5164.972079315592,6.157166698419791
liquid_hydrogen,BG,,grid,BG_H_grid_E,Belgium,1,2024,1044.8481,3990.704838873085,5035.552938873085,2.391200346895058,51.45087562910715,0.0525046035901776,317.28311143107146,0.027324,344.1389957110853,1.1839509319419137,5748.425921644348,3.6549798824271496
liquid_hydrogen,BG,,grid,BG_H_grid_E,Poland,1,2024,942.9117,5255.980918040674,6198.892618040673,6.674660346895058,194.5095199991873,0.1971028830100399,321.2877347060888,0.12177,378.2192602887212,1.3011982114144018,7092.909133034671,8.294731441319499
liquid_hydrogen,BG,,grid,BG_H_grid_E,India,1,2024,902.13714,2595.127435010245,3497.2645750102447,7.509800346895058,527.0853162860647,0.5332579481689742,254.30238401609589,0.140184,64.04120153981867,0.2203227218963662,4342.693476852224,8.403565016960398
liquid_hydrogen,BG,,grid,BG_H_grid_E,Indonesia,1,2024,820.58802,2152.1938357230674,2972.7818557230676,6.953040346895058,257.5424918161488,0.2608142323771918,222.49968263610975,0.127908,47.07000358489807,0.1619362388609835,3499.8940337602244,7.503698818133233
liquid_hydrogen,BG,,grid,BG_H_grid_E,South Korea,1,2024,958.20216,2590.207285997899,3548.4094459978987,4.869680346895057,126.20181287878846,0.1280600302399958,266.36574121483625,0.081972,106.54230160697291,0.3665404352627069,4047.5193016984967,5.446252812397761
liquid_hydrogen,BG,,grid,BG_H_grid_E,China,1,2024,932.71806,2291.6821160751856,3224.4001760751858,6.180760346895058,1422.9103352979398,1.4387240734825033,255.14039703359072,0.11088,89.7633189123943,0.3088152357187376,4992.21422731911,8.039179656096298
liquid_hydrogen,BG,,grid,BG_H_grid_E,United Arab Emirates,1,2024,973.49262,2369.7905109239928,3343.2831309239928,4.591300346895058,188.6948708838179,0.1912256550996622,269.06174772358366,0.075834,138.7029695048471,0.4771836730361122,3939.742719036242,5.3355436750308325
liquid_hydrogen,BG,,grid,BG_H_grid_E,United States,1,2024,1019.364,2877.5790491521066,3896.9430491521066,4.600280346895058,1408.3893706910883,1.4240468304056315,288.0397672498259,0.076032,320.1453902102708,1.101405065453756,5913.517577303292,7.201764242754445
liquid_hydrogen,BG,,grid,BG_H_grid_E,Turkey,1,2024,932.71806,2760.9432032409222,3693.6612632409224,5.372560346895058,174.60991317217503,0.176989111339773,266.4263970335907,0.09306,225.66613781509116,0.776365472973638,4360.363711261779,6.418974931208469
liquid_hydrogen,BG,,grid,BG_H_grid_E,Australia,1,2024,1044.8481,3682.46620165306,4727.31430165306,6.108920346895058,1431.9328260410734,1.447843666662513,311.7391114310714,0.109296,71.94760344630073,0.2475233356662321,6542.933842571506,7.913583349223802
liquid_hydrogen,BG,,grid,BG_H_grid_E,Malaysia,1,2024,891.9435,2555.4241163298907,3447.3676163298906,6.575880346895058,271.7689086251675,0.2751937576547579,251.9110463435976,0.119592,0.0,0.0,3971.047571298656,6.970666104549816
liquid_hydrogen,BG,,grid,BG_H_grid_E,Canada,1,2024,1039.75128,2460.488649604917,3500.239929604917,2.723460346895058,1435.5081568025848,1.4514574760813554,285.2984425948223,0.03465,299.7471486085223,1.031228429108128,5520.793677610847,5.240796252084541
liquid_hydrogen,BG,,grid,BG_H_grid_E,Mexico,1,2024,897.04032,3280.2428697376563,4177.283189737656,5.8664603468950585,857.852490116471,0.8675849259971682,269.63971517984675,0.10395,392.0916763071803,1.3489238690063396,5696.867071341154,8.186919141898565
liquid_hydrogen,BG,,grid,BG_H_grid_E,Thailand,1,2024,907.23396,2565.916424752512,3473.150384752512,6.126880346895058,202.49409307689865,0.2051733881796016,255.99305285234496,0.109692,32.96471272210662,0.113409415483101,3964.602243403862,6.555155150557761
liquid_hydrogen,BG,,grid,BG_H_grid_E,Russia,1,2024,963.29898,2184.0441649024747,3147.3431449024747,5.1839803468950585,2637.6741412966267,2.666561489546193,262.51241005108545,0.088902,131.33262938756718,0.4518272875077826,6178.862325637754,8.391271123949034
liquid_hydrogen,BG,,grid,BG_H_grid_E,Saudi Arabia,1,2024,973.49262,1989.7805406297705,2963.2731606297702,6.108920346895058,471.0496315857507,0.4766191925771176,260.74574772358363,0.109296,153.97352103222505,0.5297193749978989,3849.0420609713296,7.224554914470073
liquid_hydrogen,LTE,,grid,LTE_H_grid_E,South Africa,1,2024,1084.38495,5406.784642738027,6491.169592738028,41.85229894138,438.1704908749996,0.4433861978391045,259.92307237858716,0.140382,202.8414917358742,0.6978412100057176,7392.104647727489,43.133908349224825
liquid_hydrogen,LTE,,grid,LTE_H_grid_E,Taiwan,1,2024,1066.9884,10119.369878423646,11186.358278423646,37.543105961520006,108.29765925058994,0.1099631873647823,271.8790658698398,0.125928,69.39296304730028,0.2387345354463574,11635.927966591375,38.017731684331146
liquid_hydrogen,LTE,,grid,LTE_H_grid_E,Switzerland,1,2024,1281.5458500000002,16922.077991275804,18203.623841275803,2.18411151034,207.83667510659143,0.2105734684932008,342.15581281105756,0.007326,267.9516660024915,0.921841548422986,19021.567995195946,3.3238525272561867
liquid_hydrogen,LTE,,grid,LTE_H_grid_E,Singapore,1,2024,1072.78725,17128.931642159845,18201.718892159846,29.455990369180004,8.03949538583879,0.0086260185661268,296.5377347060888,0.098802,0.0,0.0,18506.296122251773,29.56341838774613
liquid_hydrogen,LTE,,grid,LTE_H_grid_E,Hungary,1,2024,1043.793,11895.769182613783,12939.562182613785,10.80249747006,329.62936309882156,0.3336769216759281,272.6403905248432,0.036234,260.9155686694031,0.8976350676156276,13802.747504906853,12.070043459351556
liquid_hydrogen,LTE,,grid,LTE_H_grid_E,Philippines,1,2024,1037.9941499999998,8927.143245036325,9965.137395036323,36.18541502266,173.897979404711,0.1762695155523986,261.44572168859406,0.121374,53.57518265866389,0.1843161868553106,10454.056278788294,36.66737472506772
liquid_hydrogen,LTE,,grid,LTE_H_grid_E,Netherlands,1,2024,1188.7642499999995,13915.010115264287,15103.774365264288,14.93460032746,82.54212485506892,0.0839304650813442,311.54111143107144,0.050094,344.8307856143194,1.18633091593341,15842.688387164748,16.254955708474753
liquid_hydrogen,LTE,,grid,LTE_H_grid_E,Norway,1,2024,1316.33895,7522.038068640243,8838.377018640243,1.82993126542,383.8823986934868,0.3885138428199527,318.4418258285524,0.006138,365.9352364688872,1.2589371435588457,9906.636479631172,3.483520251798798
liquid_hydrogen,LTE,,grid,LTE_H_grid_E,Oman,1,2024,1107.5803500000002,11968.45291822878,13076.03326822878,32.171372246900006,324.730500960653,0.328725336684938,287.07974772358364,0.10791,133.08464145596236,0.4578547832202749,13820.928158368979,33.06586236680522
liquid_hydrogen,LTE,,grid,LTE_H_grid_E,Italy,1,2024,1113.3792,27233.540029160675,28346.91922916067,17.00065175616,204.80191904673052,0.2075060515842323,339.4584165598328,0.057024,262.85493517664605,0.9043071240005276,29154.03449994388,18.16948893174476
liquid_hydrogen,LTE,,grid,LTE_H_grid_E,Austria,1,2024,1206.1608,17462.589538248485,18668.750338248487,6.08009420446,166.3134639659168,0.1686033735481032,327.30511793981884,0.020394,262.85493517664605,0.9043071240005276,19425.223855330867,7.1733987020086305
liquid_hydrogen,LTE,,grid,LTE_H_grid_E,Finland,1,2024,1252.5515999999998,7733.814320436935,8986.365920436936,4.25016293904,330.87093754752107,0.3349318582779358,304.99246862981187,0.014256,390.28463948360894,1.3427070701024548,10012.513966097878,5.94205786742039
liquid_hydrogen,LTE,,grid,LTE_H_grid_E,Portugal,1,2024,1055.3907,8959.384992373843,10014.775692373843,6.61136457184,155.78194980131548,0.1579585164365832,265.3297281973415,0.022176,298.7750768736041,1.0278841837572263,10734.662447246104,7.81938327203381
liquid_hydrogen,LTE,,grid,LTE_H_grid_E,Germany,1,2024,1194.5630999999998,17069.33409842315,18263.89719842315,20.30633404208,242.44981880117643,0.245559128014774,323.32978026732064,0.0681119999999999,352.7121240980374,1.2134453033147847,19182.388921589685,21.83345047340956
liquid_hydrogen,LTE,,grid,LTE_H_grid_E,Greece,1,2024,1066.9884,14330.49933862888,15397.48773862888,18.8896130624,135.93126007286196,0.1378941883236556,285.9370658698397,0.06336,233.67889883908552,0.8039319969654449,16053.034963410668,19.8947992476891
liquid_hydrogen,LTE,,grid,LTE_H_grid_E,France,1,2024,1171.3677,11377.880722531148,12549.248422531147,2.5973217960799997,282.1252145483468,0.2856615208873211,299.1431049223241,0.008712,336.975663584434,1.159306721745292,13467.492405586252,4.051002038712612
liquid_hydrogen,LTE,,grid,LTE_H_grid_E,Brazil,1,2024,1066.9884,7702.731502631394,8769.719902631394,6.08009420446,1251.7868275768665,1.2657588892134022,263.7610658698398,0.020394,371.42838203991226,1.2778353646240566,10656.696178118013,8.644082458297458
liquid_hydrogen,LTE,,grid,LTE_H_grid_E,United Kingdom,1,2024,1235.1550499999998,26245.589810777856,27480.744860777857,12.45533861302,225.3250961844594,0.2282501045941831,363.2804621210645,0.041778,334.6331335048618,1.1512476505404123,28403.983552588244,13.876614368154597
liquid_hydrogen,LTE,,grid,LTE_H_grid_E,Spain,1,2024,1078.5861,8277.982214841286,9356.568314841286,8.61838595972,380.43443665151494,0.3850287728965696,268.132403542338,0.028908,288.16889937260265,0.99139545712889,10293.304054407741,10.023718189745459
liquid_hydrogen,LTE,,grid,LTE_H_grid_E,Sweden,1,2024,1275.747,4402.6589869265445,5678.405986926545,2.12508146952,402.0181929118524,0.4068448192627633,298.97498647480853,0.007128,363.1467719570981,1.2493439117584273,6742.545938270304,3.7883982005411907
liquid_hydrogen,LTE,,grid,LTE_H_grid_E,Czech Republic,1,2024,1055.3907,13755.436517857395,14810.827217857395,24.438436899480003,358.5889267136765,0.3629481557904174,281.36772819734153,0.081972,262.85493517664605,0.9043071240005276,15713.63880794506,25.787664179270948
liquid_hydrogen,LTE,,grid,LTE_H_grid_E,Japan,1,2024,1252.5515999999998,12350.658709373569,13603.210309373568,28.45247967524,157.72394129414766,0.1599214081566048,320.6344686298119,0.095436,122.51418345194588,0.4214889433681275,14204.082902749473,29.129326026764733
liquid_hydrogen,LTE,,grid,LTE_H_grid_E,Belgium,1,2024,1188.7642499999995,15651.02260458597,16839.78685458597,8.146145633160002,51.45087562910715,0.0525046035901776,317.28311143107146,0.027324,344.1389957110853,1.1839509319419137,17552.659837357234,9.409925168692093
liquid_hydrogen,LTE,,grid,LTE_H_grid_E,Poland,1,2024,1072.78725,24479.236056171576,25552.023306171577,36.3034751043,194.5095199991873,0.1971028830100399,321.2877347060888,0.12177,378.2192602887212,1.3011982114144018,26446.039821165577,37.92354619872444
liquid_hydrogen,LTE,,grid,LTE_H_grid_E,India,1,2024,1026.39645,7562.753288719406,8589.149738719405,41.79326890056,527.0853162860647,0.5332579481689742,254.30238401609589,0.140184,64.04120153981867,0.2203227218963662,9434.578640561384,42.68703357062534
liquid_hydrogen,LTE,,grid,LTE_H_grid_E,Indonesia,1,2024,933.61485,4251.589614981953,5185.204464981953,38.13340636972,257.5424918161488,0.2608142323771918,222.49968263610975,0.127908,47.07000358489807,0.1619362388609835,5712.316643019109,38.68406484095817
liquid_hydrogen,LTE,,grid,LTE_H_grid_E,South Korea,1,2024,1090.1838,6958.665225958223,8048.849025958223,24.438436899480003,126.20181287878846,0.1280600302399958,266.36574121483625,0.081972,106.54230160697291,0.3665404352627069,8547.95888165882,25.015009364982706
liquid_hydrogen,LTE,,grid,LTE_H_grid_E,China,1,2024,1061.1895499999998,5505.739206175671,6566.928756175671,33.056822859200004,1422.9103352979398,1.4387240734825033,255.14039703359072,0.11088,89.7633189123943,0.3088152357187376,8334.742807419596,34.91524216840125
liquid_hydrogen,LTE,,grid,LTE_H_grid_E,United Arab Emirates,1,2024,1107.5803500000002,6591.281836808779,7698.862186808779,22.60850563406,188.6948708838179,0.1912256550996622,269.06174772358366,0.075834,138.7029695048471,0.4771836730361122,8295.321774921029,23.352748962195772
liquid_hydrogen,LTE,,grid,LTE_H_grid_E,United States,1,2024,1159.77,8841.45025089813,10001.22025089813,22.66753567488,1408.3893706910883,1.4240468304056315,288.0397672498259,0.076032,320.1453902102708,1.101405065453756,12017.794779049314,25.26901957073939
liquid_hydrogen,LTE,,grid,LTE_H_grid_E,Turkey,1,2024,1061.1895499999998,8875.478646871854,9936.668196871851,27.7441191854,174.60991317217503,0.176989111339773,266.4263970335907,0.09306,225.66613781509116,0.776365472973638,10603.370644892708,28.79053376971341
liquid_hydrogen,LTE,,grid,LTE_H_grid_E,Australia,1,2024,1188.7642499999995,13986.45359701167,15175.21784701167,32.584582532640006,1431.9328260410734,1.447843666662513,311.7391114310714,0.109296,71.94760344630073,0.2475233356662321,16990.837387930114,34.38924553496875
liquid_hydrogen,LTE,,grid,LTE_H_grid_E,Malaysia,1,2024,1014.79875,7624.51802905187,8639.316779051871,35.65414465528,271.7689086251675,0.2751937576547579,251.9110463435976,0.119592,0.0,0.0,9162.996734020635,36.04893041293475
liquid_hydrogen,LTE,,grid,LTE_H_grid_E,Canada,1,2024,1182.9654,6466.100916973322,7649.066316973322,10.3302571435,1435.5081568025848,1.4514574760813554,285.2984425948223,0.03465,299.7471486085223,1.031228429108128,9669.62006497925,12.847593048689482
liquid_hydrogen,LTE,,grid,LTE_H_grid_E,Mexico,1,2024,1020.5975999999998,12529.793874586034,13550.391474586031,30.9907714305,857.852490116471,0.8675849259971682,269.63971517984675,0.10395,392.0916763071803,1.3489238690063396,15069.975356189529,33.31123022550351
liquid_hydrogen,LTE,,grid,LTE_H_grid_E,Thailand,1,2024,1032.1953,7684.727883729921,8716.923183729921,32.70264261428,202.49409307689865,0.2051733881796016,255.99305285234496,0.109692,32.96471272210662,0.113409415483101,9208.375042381273,33.130917417942705
liquid_hydrogen,LTE,,grid,LTE_H_grid_E,Russia,1,2024,1095.98265,5390.948176130567,6486.930826130567,26.504488328180003,2637.6741412966267,2.666561489546193,262.51241005108545,0.088902,131.33262938756718,0.4518272875077826,9518.450006865845,29.71177910523398
liquid_hydrogen,LTE,,grid,LTE_H_grid_E,Saudi Arabia,1,2024,1107.5803500000002,4110.674691633768,5218.255041633768,32.584582532640006,471.0496315857507,0.4766191925771176,260.74574772358363,0.109296,153.97352103222505,0.5297193749978989,6104.023941975328,33.70021710021502
liquid_hydrogen,SMR,,grid,SMR_H_grid_E,South Africa,1,2024,740.3525314887445,1433.3864394798863,2173.738970968631,16.623127475148582,438.1704908749996,0.4433861978391045,259.92307237858716,0.140382,202.8414917358742,0.6978412100057176,3074.6740259580915,17.9047368829934
liquid_hydrogen,SMR,,grid,SMR_H_grid_E,Taiwan,1,2024,728.4752181493528,3258.60652007871,3987.081738228063,15.991974538648536,108.29765925058994,0.1099631873647823,271.8790658698398,0.125928,69.39296304730028,0.2387345354463574,4436.651426395792,16.466600261459675
liquid_hydrogen,SMR,,grid,SMR_H_grid_E,Switzerland,1,2024,874.9620826685161,10247.79718453795,11122.759267206467,10.81306208709333,207.83667510659143,0.2105734684932008,342.15581281105756,0.007326,267.9516660024915,0.921841548422986,11940.703421126607,11.952803104009517
liquid_hydrogen,SMR,,grid,SMR_H_grid_E,Singapore,1,2024,732.4343225958166,10929.38396739033,11661.818289986146,14.807482041381316,8.03949538583879,0.0086260185661268,296.5377347060888,0.098802,0.0,0.0,11966.395520078075,14.914910059947442
liquid_hydrogen,SMR,,grid,SMR_H_grid_E,Hungary,1,2024,712.6388003634972,4751.312310517022,5463.951110880519,12.07536796009343,329.62936309882156,0.3336769216759281,272.6403905248432,0.036234,260.9155686694031,0.8976350676156276,6327.136433173587,13.342913949384986
liquid_hydrogen,SMR,,grid,SMR_H_grid_E,Philippines,1,2024,708.6796959170334,3029.0237218192506,3737.703417736284,15.793118133997831,173.897979404711,0.1762695155523986,261.44572168859406,0.121374,53.57518265866389,0.1843161868553106,4226.622301488253,16.27507783640554
liquid_hydrogen,SMR,,grid,SMR_H_grid_E,Netherlands,1,2024,811.616411525094,7324.644908886233,8136.261320411327,12.68058310468252,82.54212485506892,0.0839304650813442,311.54111143107144,0.050094,344.8307856143194,1.18633091593341,8875.175342311788,14.000938485697276
liquid_hydrogen,SMR,,grid,SMR_H_grid_E,Norway,1,2024,898.7167093472995,4960.15854362826,5858.87525297556,10.761186503271407,383.8823986934868,0.3885138428199527,318.4418258285524,0.006138,365.9352364688872,1.2589371435588457,6927.134713966487,12.414775489650205
liquid_hydrogen,SMR,,grid,SMR_H_grid_E,Oman,1,2024,756.1889492745998,2016.969957333428,2773.158906608028,15.20519485068272,324.730500960653,0.328725336684938,287.07974772358364,0.10791,133.08464145596236,0.4578547832202749,3518.053796748227,16.099684970587933
liquid_hydrogen,SMR,,grid,SMR_H_grid_E,Italy,1,2024,760.1480537210637,9897.562298579072,10657.710352300135,12.983190676977063,204.80191904673052,0.2075060515842323,339.4584165598328,0.057024,262.85493517664605,0.9043071240005276,11464.825623083347,14.152027852561824
liquid_hydrogen,SMR,,grid,SMR_H_grid_E,Austria,1,2024,823.4937248644858,7522.462387056983,8345.956111921469,11.383693509134472,166.3134639659168,0.1686033735481032,327.30511793981884,0.020394,262.85493517664605,0.9043071240005276,9102.429629003851,12.476998006683104
liquid_hydrogen,SMR,,grid,SMR_H_grid_E,Finland,1,2024,855.1665604361967,6428.634651223476,7283.801211659673,11.115669659387876,330.87093754752107,0.3349318582779358,304.99246862981187,0.014256,390.28463948360894,1.3427070701024548,8309.949257320615,12.807564587768265
liquid_hydrogen,SMR,,grid,SMR_H_grid_E,Portugal,1,2024,720.5570092564251,5895.308669375015,6615.86567863144,11.461506884867356,155.78194980131548,0.1579585164365832,265.3297281973415,0.022176,298.7750768736041,1.0278841837572263,7335.752433503701,12.669525585061166
liquid_hydrogen,SMR,,grid,SMR_H_grid_E,Germany,1,2024,815.575515971558,7114.682198124258,7930.257714095816,13.467362792648334,242.44981880117643,0.245559128014774,323.32978026732064,0.0681119999999999,352.7121240980374,1.2134453033147847,8848.749437262351,14.994479223977892
liquid_hydrogen,SMR,,grid,SMR_H_grid_E,Greece,1,2024,728.4752181493528,4568.708655548338,5297.1838736976915,13.259860457360649,135.93126007286196,0.1378941883236556,285.9370658698397,0.06336,233.67889883908552,0.8039319969654449,5952.7310984794785,14.26504664264975
liquid_hydrogen,SMR,,grid,SMR_H_grid_E,France,1,2024,799.7390981857026,6813.0164533934585,7612.755551579161,10.87358360155224,282.1252145483468,0.2856615208873211,299.1431049223241,0.008712,336.975663584434,1.159306721745292,8530.999534634266,12.327263844184852
liquid_hydrogen,SMR,,grid,SMR_H_grid_E,Brazil,1,2024,728.4752181493528,6154.818539681199,6883.293757830552,11.383693509134472,1251.7868275768665,1.2657588892134022,263.7610658698398,0.020394,371.42838203991226,1.2778353646240566,8770.27003331717,13.94768176297193
liquid_hydrogen,SMR,,grid,SMR_H_grid_E,United Kingdom,1,2024,843.2892470968051,7624.048094328789,8467.337341425595,12.317454017929066,225.3250961844594,0.2282501045941831,363.2804621210645,0.041778,334.6331335048618,1.1512476505404123,9390.57603323598,13.738729773063662
liquid_hydrogen,SMR,,grid,SMR_H_grid_E,Spain,1,2024,736.3934270422805,4981.400438130273,5717.7938651725535,11.755468526524911,380.43443665151494,0.3850287728965696,268.132403542338,0.028908,288.16889937260265,0.99139545712889,6654.529604739009,13.16080075655037
liquid_hydrogen,SMR,,grid,SMR_H_grid_E,Sweden,1,2024,871.0029782220523,8501.006033170506,9372.009011392558,10.804416156456345,402.0181929118524,0.4068448192627633,298.97498647480853,0.007128,363.1467719570981,1.2493439117584273,10436.148962736315,12.467732887477535
liquid_hydrogen,SMR,,grid,SMR_H_grid_E,Czech Republic,1,2024,720.5570092564251,5836.423902432684,6556.980911689109,14.072577937237424,358.5889267136765,0.3629481557904174,281.36772819734153,0.081972,262.85493517664605,0.9043071240005276,7459.792501776773,15.421805217028371
liquid_hydrogen,SMR,,grid,SMR_H_grid_E,Japan,1,2024,855.1665604361967,5796.349186846202,6651.515747282399,14.660501220552538,157.72394129414766,0.1599214081566048,320.6344686298119,0.095436,122.51418345194588,0.4214889433681275,7252.3883406583045,15.337347572077269
liquid_hydrogen,SMR,,grid,SMR_H_grid_E,Belgium,1,2024,811.616411525094,5254.678793439749,6066.295204964843,11.686301081429017,51.45087562910715,0.0525046035901776,317.28311143107146,0.027324,344.1389957110853,1.1839509319419137,6779.168187736106,12.950080616961108
liquid_hydrogen,SMR,,grid,SMR_H_grid_E,Poland,1,2024,732.4343225958166,7846.60030934188,8579.034631937697,15.810409995271806,194.5095199991873,0.1971028830100399,321.2877347060888,0.12177,378.2192602887212,1.3011982114144018,9473.051146931693,17.43048108969625
liquid_hydrogen,SMR,,grid,SMR_H_grid_E,India,1,2024,700.7614870241057,3883.806249569366,4584.567736593473,16.614481544511598,527.0853162860647,0.5332579481689742,254.30238401609589,0.140184,64.04120153981867,0.2203227218963662,5429.996638435452,17.50824621457694
liquid_hydrogen,SMR,,grid,SMR_H_grid_E,Indonesia,1,2024,637.4158158806837,5043.4563711256105,5680.872187006295,16.078433845018402,257.5424918161488,0.2608142323771918,222.49968263610975,0.127908,47.07000358489807,0.1619362388609835,6207.98436504345,16.629092316256582
liquid_hydrogen,SMR,,grid,SMR_H_grid_E,South Korea,1,2024,744.3116359352082,4173.460777997687,4917.772413932895,14.072577937237424,126.20181287878846,0.1280600302399958,266.36574121483625,0.081972,106.54230160697291,0.3665404352627069,5416.882269633492,14.649150402740126
liquid_hydrogen,SMR,,grid,SMR_H_grid_E,China,1,2024,724.5161137028889,3571.3191906269976,4295.835304329887,15.334883810237525,1422.9103352979398,1.4387240734825033,255.14039703359072,0.11088,89.7633189123943,0.3088152357187376,6063.649355573812,17.193303119438767
liquid_hydrogen,SMR,,grid,SMR_H_grid_E,United Arab Emirates,1,2024,756.1889492745998,1223.8324913690035,1980.0214406436037,13.804554087490828,188.6948708838179,0.1912256550996622,269.06174772358366,0.075834,138.7029695048471,0.4771836730361122,2576.4810287558525,14.548797415626604
liquid_hydrogen,SMR,,grid,SMR_H_grid_E,United States,1,2024,791.8208892927747,3060.9948027615696,3852.815692054344,13.813200018127812,1408.3893706910883,1.4240468304056315,288.0397672498259,0.076032,320.1453902102708,1.101405065453756,5869.390220205529,16.414683913987197
liquid_hydrogen,SMR,,grid,SMR_H_grid_E,Turkey,1,2024,724.5161137028889,2849.368955859393,3573.885069562282,14.556750052908694,174.60991317217503,0.176989111339773,266.4263970335907,0.09306,225.66613781509116,0.776365472973638,4240.587517583139,15.603164637222104
liquid_hydrogen,SMR,,grid,SMR_H_grid_E,Australia,1,2024,811.616411525094,4359.666760457439,5171.283171982533,15.265716365141628,1431.9328260410734,1.447843666662513,311.7391114310714,0.109296,71.94760344630073,0.2475233356662321,6986.902712900978,17.070379367470377
liquid_hydrogen,SMR,,grid,SMR_H_grid_E,Malaysia,1,2024,692.8432781311778,2568.581455169098,3261.424733300275,15.71530475826495,271.7689086251675,0.2751937576547579,251.9110463435976,0.119592,0.0,0.0,3785.1046882690403,16.11009051591971
liquid_hydrogen,SMR,,grid,SMR_H_grid_E,Canada,1,2024,807.6573070786303,2026.0094739063516,2833.666780984982,12.006200514997536,1435.5081568025848,1.4514574760813554,285.2984425948223,0.03465,299.7471486085223,1.031228429108128,4854.220528990912,14.523536420187018
liquid_hydrogen,SMR,,grid,SMR_H_grid_E,Mexico,1,2024,696.8023825776418,2698.073620612401,3394.876003190043,15.032276237942977,857.852490116471,0.8675849259971682,269.63971517984675,0.10395,392.0916763071803,1.3489238690063396,4914.45988479354,17.352735032946484
liquid_hydrogen,SMR,,grid,SMR_H_grid_E,Thailand,1,2024,704.7205914705696,2705.8185581132475,3410.539149583817,15.283008226415602,202.49409307689865,0.2051733881796016,255.99305285234496,0.109692,32.96471272210662,0.113409415483101,3901.991008235167,15.711283030078304
liquid_hydrogen,SMR,,grid,SMR_H_grid_E,Russia,1,2024,748.2707403816722,1334.4887185829282,2082.7594589646005,14.375185509531969,2637.6741412966267,2.666561489546193,262.51241005108545,0.088902,131.33262938756718,0.4518272875077826,5114.27863969988,17.582476286585944
liquid_hydrogen,SMR,,grid,SMR_H_grid_E,Saudi Arabia,1,2024,756.1889492745998,860.3675622368049,1616.5565115114048,15.265716365141628,471.0496315857507,0.4766191925771176,260.74574772358363,0.109296,153.97352103222505,0.5297193749978989,2502.325411852964,16.381350932716646
liquid_hydrogen,SMRCCS,,grid,SMRCCS_H_grid_E,South Africa,1,2024,1013.6891058200858,1752.6030460781872,2766.292151898273,8.964143455195629,438.1704908749996,0.4433861978391045,259.92307237858716,0.140382,202.8414917358742,0.6978412100057176,3667.227206887734,10.245752863040451
liquid_hydrogen,SMRCCS,,grid,SMRCCS_H_grid_E,Taiwan,1,2024,997.4267137481056,4009.907071432756,5007.333785180861,8.23142295830122,108.29765925058994,0.1099631873647823,271.8790658698398,0.125928,69.39296304730028,0.2387345354463574,5456.903473348591,8.706048681112359
liquid_hydrogen,SMRCCS,,grid,SMRCCS_H_grid_E,Switzerland,1,2024,1197.9962159691922,12877.128145380855,14075.124361350048,2.2190999769347592,207.83667510659143,0.2105734684932008,342.15581281105756,0.007326,267.9516660024915,0.921841548422986,14893.068515270188,3.3588409938509463
liquid_hydrogen,SMRCCS,,grid,SMRCCS_H_grid_E,Singapore,1,2024,1002.8475111054324,13747.531612539144,14750.379123644578,6.856317368239107,8.03949538583879,0.0086260185661268,296.5377347060888,0.098802,0.0,0.0,15054.956353736507,6.963745386805234
liquid_hydrogen,SMRCCS,,grid,SMRCCS_H_grid_E,Hungary,1,2024,975.743524318799,5898.689939245396,6874.433463564195,3.684540970723579,329.62936309882156,0.3336769216759281,272.6403905248432,0.036234,260.9155686694031,0.8976350676156276,7737.618785857263,4.952086960015135
liquid_hydrogen,SMRCCS,,grid,SMRCCS_H_grid_E,Philippines,1,2024,970.3227269614724,3737.590660116329,4707.913387077801,8.000565815444077,173.897979404711,0.1762695155523986,261.44572168859406,0.121374,53.57518265866389,0.1843161868553106,5196.83227082977,8.482525517851785
liquid_hydrogen,SMRCCS,,grid,SMRCCS_H_grid_E,Netherlands,1,2024,1111.2634582519654,9173.355404458413,10284.618862710378,4.387149666375754,82.54212485506892,0.0839304650813442,311.54111143107144,0.050094,344.8307856143194,1.18633091593341,11023.532884610839,5.707505047390508
liquid_hydrogen,SMRCCS,,grid,SMRCCS_H_grid_E,Norway,1,2024,1230.5210001131522,6251.3726235023805,7481.893623615533,2.158876374450288,383.8823986934868,0.3885138428199527,318.4418258285524,0.006138,365.9352364688872,1.2589371435588457,8550.15308460646,3.812465360829086
liquid_hydrogen,SMRCCS,,grid,SMRCCS_H_grid_E,Oman,1,2024,1035.3722952493924,2383.7874615704513,3419.159756819844,7.318031653953394,324.730500960653,0.328725336684938,287.07974772358364,0.10791,133.08464145596236,0.4578547832202749,4164.054646960043,8.212521773858608
liquid_hydrogen,SMRCCS,,grid,SMRCCS_H_grid_E,Italy,1,2024,1040.793092606719,12235.076069507148,13275.869162113866,4.7384540142018405,204.80191904673052,0.2075060515842323,339.4584165598328,0.057024,262.85493517664605,0.9043071240005276,14082.984432897078,5.9072911897866005
liquid_hydrogen,SMRCCS,,grid,SMRCCS_H_grid_E,Austria,1,2024,1127.525850323946,9361.77097963969,10489.296829963636,2.881559604263952,166.3134639659168,0.1686033735481032,327.30511793981884,0.020394,262.85493517664605,0.9043071240005276,11245.770347046018,3.9748641018125825
liquid_hydrogen,SMRCCS,,grid,SMRCCS_H_grid_E,Finland,1,2024,1170.892229182559,8135.545053022835,9306.437282205394,2.5704043247608466,330.87093754752107,0.3349318582779358,304.99246862981187,0.014256,390.28463948360894,1.3427070701024548,10332.585327866336,4.262299253141237
liquid_hydrogen,SMRCCS,,grid,SMRCCS_H_grid_E,Portugal,1,2024,986.5851190334524,7425.540615725552,8412.125734759004,2.97189500799066,155.78194980131548,0.1579585164365832,265.3297281973415,0.022176,298.7750768736041,1.0278841837572263,9132.012489631265,4.179913708184469
liquid_hydrogen,SMRCCS,,grid,SMRCCS_H_grid_E,Germany,1,2024,1116.6842556092922,8847.178365740641,9963.862621349934,5.3005409707235795,242.44981880117643,0.245559128014774,323.32978026732064,0.0681119999999999,352.7121240980374,1.2134453033147847,10882.354344516469,6.827657402053139
liquid_hydrogen,SMRCCS,,grid,SMRCCS_H_grid_E,Greece,1,2024,997.4267137481056,5619.098625446858,6616.525339194964,5.0596465607856915,135.93126007286196,0.1378941883236556,285.9370658698397,0.06336,233.67889883908552,0.8039319969654449,7272.072563976751,6.064832746074792
liquid_hydrogen,SMRCCS,,grid,SMRCCS_H_grid_E,France,1,2024,1095.0010661799856,8560.967489122508,9655.968555302494,2.289360846499977,282.1252145483468,0.2856615208873211,299.1431049223241,0.008712,336.975663584434,1.159306721745292,10574.212538357599,3.74304108913259
liquid_hydrogen,SMRCCS,,grid,SMRCCS_H_grid_E,Brazil,1,2024,997.4267137481056,7779.993508103108,8777.420221851215,2.881559604263952,1251.7868275768665,1.2657588892134022,263.7610658698398,0.020394,371.42838203991226,1.2778353646240566,10664.396497337833,5.445547858101411
liquid_hydrogen,SMRCCS,,grid,SMRCCS_H_grid_E,United Kingdom,1,2024,1154.629837110579,9333.444179828472,10488.07401693905,3.9655844489844494,225.3250961844594,0.2282501045941831,363.2804621210645,0.041778,334.6331335048618,1.1512476505404123,11411.312708749436,5.386860204119045
liquid_hydrogen,SMRCCS,,grid,SMRCCS_H_grid_E,Spain,1,2024,1008.268308462759,6262.875754584818,7271.144063047577,3.313162088736002,380.43443665151494,0.3850287728965696,268.132403542338,0.028908,288.16889937260265,0.99139545712889,8207.879802614032,4.718494318761461
liquid_hydrogen,SMRCCS,,grid,SMRCCS_H_grid_E,Sweden,1,2024,1192.5754186118656,10861.453044660004,12054.028463271869,2.209062709854014,402.0181929118524,0.4068448192627633,298.97498647480853,0.007128,363.1467719570981,1.2493439117584273,13118.168414615626,3.8723794408752044
liquid_hydrogen,SMRCCS,,grid,SMRCCS_H_grid_E,Czech Republic,1,2024,986.5851190334524,7265.031205243439,8251.616324276893,6.003149666375753,358.5889267136765,0.3629481557904174,281.36772819734153,0.081972,262.85493517664605,0.9043071240005276,9154.427914364558,7.352376946166698
liquid_hydrogen,SMRCCS,,grid,SMRCCS_H_grid_E,Japan,1,2024,1170.892229182559,7233.647295652108,8404.539524834667,6.685683827866436,157.72394129414766,0.1599214081566048,320.6344686298119,0.095436,122.51418345194588,0.4214889433681275,9005.412118210572,7.362530179391169
liquid_hydrogen,SMRCCS,,grid,SMRCCS_H_grid_E,Belgium,1,2024,1111.2634582519654,6479.339059935721,7590.602518187687,3.2328639520900393,51.45087562910715,0.0525046035901776,317.28311143107146,0.027324,344.1389957110853,1.1839509319419137,8303.47550095895,4.496643487622131
liquid_hydrogen,SMRCCS,,grid,SMRCCS_H_grid_E,Poland,1,2024,1002.8475111054324,9650.46269500315,10653.310206108585,8.020640349605568,194.5095199991873,0.1971028830100399,321.2877347060888,0.12177,378.2192602887212,1.3011982114144018,11547.326721102581,9.640711444030009
liquid_hydrogen,SMRCCS,,grid,SMRCCS_H_grid_E,India,1,2024,959.4811322468192,4860.6617255301135,5820.142857776933,8.954106188114883,527.0853162860647,0.5332579481689742,254.30238401609589,0.140184,64.04120153981867,0.2203227218963662,6665.571759618912,9.847870858180222
liquid_hydrogen,SMRCCS,,grid,SMRCCS_H_grid_E,Indonesia,1,2024,872.7483745295924,6412.473451280867,7285.221825810459,8.331795629108672,257.5424918161488,0.2608142323771918,222.49968263610975,0.127908,47.07000358489807,0.1619362388609835,7812.334003847615,8.882454100346846
liquid_hydrogen,SMRCCS,,grid,SMRCCS_H_grid_E,South Korea,1,2024,1019.1099031774122,5244.0331124219965,6263.1430155994085,6.003149666375753,126.20181287878846,0.1280600302399958,266.36574121483625,0.081972,106.54230160697291,0.3665404352627069,6762.252871300006,6.579722131878457
liquid_hydrogen,SMRCCS,,grid,SMRCCS_H_grid_E,China,1,2024,992.005916390779,4497.00102583861,5489.006942229389,7.468590660164573,1422.9103352979398,1.4387240734825033,255.14039703359072,0.11088,89.7633189123943,0.3088152357187376,7256.820993473314,9.327009969365815
liquid_hydrogen,SMRCCS,,grid,SMRCCS_H_grid_E,United Arab Emirates,1,2024,1035.3722952493924,1461.2302362288367,2496.602531478229,5.691994386872648,188.6948708838179,0.1912256550996622,269.06174772358366,0.075834,138.7029695048471,0.4771836730361122,3093.0621195904782,6.4362377150084225
liquid_hydrogen,SMRCCS,,grid,SMRCCS_H_grid_E,United States,1,2024,1084.1594714653322,3782.453787211339,4866.613258676672,5.7020316539533935,1408.3893706910883,1.4240468304056315,288.0397672498259,0.076032,320.1453902102708,1.101405065453756,6883.187786827857,8.303515549812781
liquid_hydrogen,SMRCCS,,grid,SMRCCS_H_grid_E,Turkey,1,2024,992.005916390779,3507.153836624063,4499.159753014842,6.565236622897492,174.60991317217503,0.176989111339773,266.4263970335907,0.09306,225.66613781509116,0.776365472973638,5165.8622010356985,7.611651207210904
liquid_hydrogen,SMRCCS,,grid,SMRCCS_H_grid_E,Australia,1,2024,1111.2634582519654,5360.269841063756,6471.533299315721,7.388292523518611,1431.9328260410734,1.447843666662513,311.7391114310714,0.109296,71.94760344630073,0.2475233356662321,8287.152840234166,9.192955525847356
liquid_hydrogen,SMRCCS,,grid,SMRCCS_H_grid_E,Malaysia,1,2024,948.6395375321658,3168.1762256037164,4116.815763135883,7.910230411717368,271.7689086251675,0.2751937576547579,251.9110463435976,0.119592,0.0,0.0,4640.4957181046475,8.305016169372127
liquid_hydrogen,SMRCCS,,grid,SMRCCS_H_grid_E,Canada,1,2024,1105.842660894639,2495.6934241264685,3601.5360850211073,3.604242834077617,1435.5081568025848,1.4514574760813554,285.2984425948223,0.03465,299.7471486085223,1.031228429108128,5622.0898330270375,6.1215787392671
liquid_hydrogen,SMRCCS,,grid,SMRCCS_H_grid_E,Mexico,1,2024,954.0603348894924,3245.7741889549707,4199.834523844464,7.117286312338487,857.852490116471,0.8675849259971682,269.63971517984675,0.10395,392.0916763071803,1.3489238690063396,5719.418405447961,9.437745107341994
liquid_hydrogen,SMRCCS,,grid,SMRCCS_H_grid_E,Thailand,1,2024,964.9019296041458,3344.3128988397407,4309.214828443886,7.408367057680102,202.49409307689865,0.2051733881796016,255.99305285234496,0.109692,32.96471272210662,0.113409415483101,4800.666687095237,7.836641861342804
liquid_hydrogen,SMRCCS,,grid,SMRCCS_H_grid_E,Russia,1,2024,1024.530700534739,1623.2364761513631,2647.767176686102,6.35445401420184,2637.6741412966267,2.666561489546193,262.51241005108545,0.088902,131.33262938756718,0.4518272875077826,5679.286357421382,9.561744791255816
liquid_hydrogen,SMRCCS,,grid,SMRCCS_H_grid_E,Saudi Arabia,1,2024,1035.3722952493924,1039.3291597709672,2074.7014550203594,7.388292523518611,471.0496315857507,0.4766191925771176,260.74574772358363,0.109296,153.97352103222505,0.5297193749978989,2960.470355361919,8.503927091093628
liquid_hydrogen,ATRCCS,,solar,ATRCCS_H_solar_E,South Africa,1,2024,927.6919847731492,1522.505910502983,2450.197895276132,1.6686441767443652,438.1704908749996,0.4433861978391045,259.92307237858716,0.140382,202.8414917358742,0.6978412100057176,3351.132950265593,2.9502535845891873
liquid_hydrogen,ATRCCS,,solar,ATRCCS_H_solar_E,Taiwan,1,2024,912.8092256591414,2357.1307015880966,3269.939927247238,1.6686441767443652,108.29765925058994,0.1099631873647823,271.8790658698398,0.125928,69.39296304730028,0.2387345354463574,3719.509615414968,2.143269899555505
liquid_hydrogen,ATRCCS,,solar,ATRCCS_H_solar_E,Switzerland,1,2024,1096.3632547319037,9227.638984740544,10324.002239472447,1.6686441767443652,207.83667510659143,0.2105734684932008,342.15581281105756,0.007326,267.9516660024915,0.921841548422986,11141.946393392587,2.808385193660552
liquid_hydrogen,ATRCCS,,solar,ATRCCS_H_solar_E,Singapore,1,2024,917.7701453638108,9911.199333855046,10828.969479218857,1.6686441767443652,8.03949538583879,0.0086260185661268,296.5377347060888,0.098802,0.0,0.0,11133.546709310785,1.776072195310492
liquid_hydrogen,ATRCCS,,solar,ATRCCS_H_solar_E,Hungary,1,2024,892.9655468404644,4254.151649366881,5147.117196207346,1.6686441767443652,329.62936309882156,0.3336769216759281,272.6403905248432,0.036234,260.9155686694031,0.8976350676156276,6010.3025185004135,2.936190166035921
liquid_hydrogen,ATRCCS,,solar,ATRCCS_H_solar_E,Philippines,1,2024,888.0046271357951,2529.582644449652,3417.587271585447,1.6686441767443652,173.897979404711,0.1762695155523986,261.44572168859406,0.121374,53.57518265866389,0.1843161868553106,3906.5061553374157,2.1506038791520745
liquid_hydrogen,ATRCCS,,solar,ATRCCS_H_solar_E,Netherlands,1,2024,1016.9885394571952,6460.224034439188,7477.212573896383,1.6686441767443652,82.54212485506892,0.0839304650813442,311.54111143107144,0.050094,344.8307856143194,1.18633091593341,8216.126595796844,2.9889995577591195
liquid_hydrogen,ATRCCS,,solar,ATRCCS_H_solar_E,Norway,1,2024,1126.128772959919,5248.340470011621,6374.46924297154,1.6686441767443652,383.8823986934868,0.3885138428199527,318.4418258285524,0.006138,365.9352364688872,1.2589371435588457,7442.728703962466,3.3222331631231636
liquid_hydrogen,ATRCCS,,solar,ATRCCS_H_solar_E,Oman,1,2024,947.5356635918262,771.4055979360616,1718.9412615278875,1.6686441767443652,324.730500960653,0.328725336684938,287.07974772358364,0.10791,133.08464145596236,0.4578547832202749,2463.8361516680866,2.563134296649578
liquid_hydrogen,ATRCCS,,solar,ATRCCS_H_solar_E,Italy,1,2024,952.4965832964954,7097.615177519647,8050.111760816142,1.6686441767443652,204.80191904673052,0.2075060515842323,339.4584165598328,0.057024,262.85493517664605,0.9043071240005276,8857.227031599354,2.837481352329125
liquid_hydrogen,ATRCCS,,solar,ATRCCS_H_solar_E,Austria,1,2024,1031.8712985712034,6146.166970292449,7178.038268863653,1.6686441767443652,166.3134639659168,0.1686033735481032,327.30511793981884,0.020394,262.85493517664605,0.9043071240005276,7934.511785946034,2.761948674292996
liquid_hydrogen,ATRCCS,,solar,ATRCCS_H_solar_E,Finland,1,2024,1071.5586562085573,6829.704178659687,7901.262834868245,1.6686441767443652,330.87093754752107,0.3349318582779358,304.99246862981187,0.014256,390.28463948360894,1.3427070701024548,8927.410880529187,3.3605391051247557
liquid_hydrogen,ATRCCS,,solar,ATRCCS_H_solar_E,Portugal,1,2024,902.887386249803,5542.025083932446,6444.912470182249,1.6686441767443652,155.78194980131548,0.1579585164365832,265.3297281973415,0.022176,298.7750768736041,1.0278841837572263,7164.799225054511,2.876662876938175
liquid_hydrogen,ATRCCS,,solar,ATRCCS_H_solar_E,Germany,1,2024,1021.9494591618648,5749.995418574915,6771.94487773678,1.6686441767443652,242.44981880117643,0.245559128014774,323.32978026732064,0.0681119999999999,352.7121240980374,1.2134453033147847,7690.436600903315,3.1957606080739236
liquid_hydrogen,ATRCCS,,solar,ATRCCS_H_solar_E,Greece,1,2024,912.8092256591414,3225.9449570819306,4138.754182741072,1.6686441767443652,135.93126007286196,0.1378941883236556,285.9370658698397,0.06336,233.67889883908552,0.8039319969654449,4794.301407522859,2.6738303620334656
liquid_hydrogen,ATRCCS,,solar,ATRCCS_H_solar_E,France,1,2024,1002.105780343188,6207.678390139529,7209.784170482717,1.6686441767443652,282.1252145483468,0.2856615208873211,299.1431049223241,0.008712,336.975663584434,1.159306721745292,8128.028153537822,3.1223244193769784
liquid_hydrogen,ATRCCS,,solar,ATRCCS_H_solar_E,Brazil,1,2024,912.8092256591414,6183.233995556744,7096.043221215886,1.6686441767443652,1251.7868275768665,1.2657588892134022,263.7610658698398,0.020394,371.42838203991226,1.2778353646240566,8983.019496702504,4.232632430581824
liquid_hydrogen,ATRCCS,,solar,ATRCCS_H_solar_E,United Kingdom,1,2024,1056.6758970945496,4908.648181936827,5965.324079031377,1.6686441767443652,225.3250961844594,0.2282501045941831,363.2804621210645,0.041778,334.6331335048618,1.1512476505404123,6888.562770841762,3.0899199318789607
liquid_hydrogen,ATRCCS,,solar,ATRCCS_H_solar_E,Spain,1,2024,922.73106506848,4562.8352106643915,5485.566275732872,1.6686441767443652,380.43443665151494,0.3850287728965696,268.132403542338,0.028908,288.16889937260265,0.99139545712889,6422.302015299328,3.073976406769825
liquid_hydrogen,ATRCCS,,solar,ATRCCS_H_solar_E,Sweden,1,2024,1091.4023350272344,9646.34364928723,10737.745984314464,1.6686441767443652,402.0181929118524,0.4068448192627633,298.97498647480853,0.007128,363.1467719570981,1.2493439117584273,11801.885935658222,3.3319609077655556
liquid_hydrogen,ATRCCS,,solar,ATRCCS_H_solar_E,Czech Republic,1,2024,902.887386249803,4873.349716027817,5776.23710227762,1.6686441767443652,358.5889267136765,0.3629481557904174,281.36772819734153,0.081972,262.85493517664605,0.9043071240005276,6679.048692365283,3.0178714565353104
liquid_hydrogen,ATRCCS,,solar,ATRCCS_H_solar_E,Japan,1,2024,1071.5586562085573,5517.575413990982,6589.13407019954,1.6686441767443652,157.72394129414766,0.1599214081566048,320.6344686298119,0.095436,122.51418345194588,0.4214889433681275,7190.006663575445,2.3454905282690977
liquid_hydrogen,ATRCCS,,solar,ATRCCS_H_solar_E,Belgium,1,2024,1016.9885394571952,4240.012573503686,5257.001112960882,1.6686441767443652,51.45087562910715,0.0525046035901776,317.28311143107146,0.027324,344.1389957110853,1.1839509319419137,5969.874095732145,2.9324237122764565
liquid_hydrogen,ATRCCS,,solar,ATRCCS_H_solar_E,Poland,1,2024,917.7701453638108,5897.871386412376,6815.641531776187,1.6686441767443652,194.5095199991873,0.1971028830100399,321.2877347060888,0.12177,378.2192602887212,1.3011982114144018,7709.658046770184,3.288715271168807
liquid_hydrogen,ATRCCS,,solar,ATRCCS_H_solar_E,India,1,2024,878.0827877264568,3592.392061023252,4470.474848749709,1.6686441767443652,527.0853162860647,0.5332579481689742,254.30238401609589,0.140184,64.04120153981867,0.2203227218963662,5315.903750591689,2.5624088468097055
liquid_hydrogen,ATRCCS,,solar,ATRCCS_H_solar_E,Indonesia,1,2024,798.7080724517485,5630.977032426376,6429.685104878125,1.6686441767443652,257.5424918161488,0.2608142323771918,222.49968263610975,0.127908,47.07000358489807,0.1619362388609835,6956.79728291528,2.2193026479825404
liquid_hydrogen,ATRCCS,,solar,ATRCCS_H_solar_E,South Korea,1,2024,932.6529044778182,4219.718274906774,5152.371179384592,1.6686441767443652,126.20181287878846,0.1280600302399958,266.36574121483625,0.081972,106.54230160697291,0.3665404352627069,5651.481035085189,2.2452166422470676
liquid_hydrogen,ATRCCS,,solar,ATRCCS_H_solar_E,China,1,2024,907.8483059544722,3442.898832131309,4350.747138085781,1.6686441767443652,1422.9103352979398,1.4387240734825033,255.14039703359072,0.11088,89.7633189123943,0.3088152357187376,6118.561189329706,3.527063485945606
liquid_hydrogen,ATRCCS,,solar,ATRCCS_H_solar_E,United Arab Emirates,1,2024,947.5356635918262,567.1722672528316,1514.7079308446578,1.6686441767443652,188.6948708838179,0.1912256550996622,269.06174772358366,0.075834,138.7029695048471,0.4771836730361122,2111.1675189569064,2.4128875048801395
liquid_hydrogen,ATRCCS,,solar,ATRCCS_H_solar_E,United States,1,2024,992.1839409338492,2566.4465029258763,3558.6304438597253,1.6686441767443652,1408.3893706910883,1.4240468304056315,288.0397672498259,0.076032,320.1453902102708,1.101405065453756,5575.204972010911,4.270128072603752
liquid_hydrogen,ATRCCS,,solar,ATRCCS_H_solar_E,Turkey,1,2024,907.8483059544722,2617.3289139745693,3525.1772199290417,1.6686441767443652,174.60991317217503,0.176989111339773,266.4263970335907,0.09306,225.66613781509116,0.776365472973638,4191.879667949898,2.715058761057776
liquid_hydrogen,ATRCCS,,solar,ATRCCS_H_solar_E,Australia,1,2024,1016.9885394571952,2904.5348476293702,3921.5233870865654,1.6686441767443652,1431.9328260410734,1.447843666662513,311.7391114310714,0.109296,71.94760344630073,0.2475233356662321,5737.142928005011,3.4733071790731103
liquid_hydrogen,ATRCCS,,solar,ATRCCS_H_solar_E,Malaysia,1,2024,868.1609483171183,2279.839987853235,3148.0009361703533,1.6686441767443652,271.7689086251675,0.2751937576547579,251.9110463435976,0.119592,0.0,0.0,3671.6808911391186,2.063429934399123
liquid_hydrogen,ATRCCS,,solar,ATRCCS_H_solar_E,Canada,1,2024,1012.0276197525264,2200.5695664653317,3212.597186217858,1.6686441767443652,1435.5081568025848,1.4514574760813554,285.2984425948223,0.03465,299.7471486085223,1.031228429108128,5233.150934223788,4.185980081933849
liquid_hydrogen,ATRCCS,,solar,ATRCCS_H_solar_E,Mexico,1,2024,873.1218680217873,1665.9531013155795,2539.074969337367,1.6686441767443652,857.852490116471,0.8675849259971682,269.63971517984675,0.10395,392.0916763071803,1.3489238690063396,4058.6588509408652,3.989102971747873
liquid_hydrogen,ATRCCS,,solar,ATRCCS_H_solar_E,Thailand,1,2024,883.0437074311259,2298.297230746811,3181.340938177937,1.6686441767443652,202.49409307689865,0.2051733881796016,255.99305285234496,0.109692,32.96471272210662,0.113409415483101,3672.792796829287,2.0969189804070676
liquid_hydrogen,ATRCCS,,solar,ATRCCS_H_solar_E,Russia,1,2024,937.6138241824876,1624.7048734273396,2562.3186976098273,1.6686441767443652,2637.6741412966267,2.666561489546193,262.51241005108545,0.088902,131.33262938756718,0.4518272875077826,5593.837878345106,4.875934953798341
liquid_hydrogen,ATRCCS,,solar,ATRCCS_H_solar_E,Saudi Arabia,1,2024,947.5356635918262,762.7121845837817,1710.247848175608,1.6686441767443652,471.0496315857507,0.4766191925771176,260.74574772358363,0.109296,153.97352103222505,0.5297193749978989,2596.0167485171673,2.7842787443193817
liquid_hydrogen,BG,,solar,BG_H_solar_E,South Africa,1,2024,953.10534,2061.547420089473,3014.652760089473,1.484220346895058,438.1704908749996,0.4433861978391045,259.92307237858716,0.140382,202.8414917358742,0.6978412100057176,3915.5878150789335,2.76582975473988
liquid_hydrogen,BG,,solar,BG_H_solar_E,Taiwan,1,2024,937.81488,1764.3239946932758,2702.1388746932757,1.484220346895058,108.29765925058994,0.1099631873647823,271.8790658698398,0.125928,69.39296304730028,0.2387345354463574,3151.7085628610057,1.958846069706198
liquid_hydrogen,BG,,solar,BG_H_solar_E,Switzerland,1,2024,1126.39722,2447.4414212512697,3573.83864125127,1.484220346895058,207.83667510659143,0.2105734684932008,342.15581281105756,0.007326,267.9516660024915,0.921841548422986,4391.78279517141,2.6239613638112447
liquid_hydrogen,BG,,solar,BG_H_solar_E,Singapore,1,2024,942.9117,2309.388242774282,3252.299942774282,1.484220346895058,8.03949538583879,0.0086260185661268,296.5377347060888,0.098802,0.0,0.0,3556.87717286621,1.591648365461185
liquid_hydrogen,BG,,solar,BG_H_solar_E,Hungary,1,2024,917.4276,2265.014958399351,3182.442558399351,1.484220346895058,329.62936309882156,0.3336769216759281,272.6403905248432,0.036234,260.9155686694031,0.8976350676156276,4045.627880692419,2.751766336186614
liquid_hydrogen,BG,,solar,BG_H_solar_E,Philippines,1,2024,912.33078,1930.5431607362136,2842.8739407362136,1.484220346895058,173.897979404711,0.1762695155523986,261.44572168859406,0.121374,53.57518265866389,0.1843161868553106,3331.7928244881823,1.9661800493027672
liquid_hydrogen,BG,,solar,BG_H_solar_E,Netherlands,1,2024,1044.8481,2220.7427140940636,3265.5908140940637,1.484220346895058,82.54212485506892,0.0839304650813442,311.54111143107144,0.050094,344.8307856143194,1.18633091593341,4004.504835994523,2.8045757279098122
liquid_hydrogen,BG,,solar,BG_H_solar_E,Norway,1,2024,1156.9781400000002,2519.540988157055,3676.519128157055,1.484220346895058,383.8823986934868,0.3885138428199527,318.4418258285524,0.006138,365.9352364688872,1.2589371435588457,4744.778589147982,3.1378093332738564
liquid_hydrogen,BG,,solar,BG_H_solar_E,Oman,1,2024,973.49262,1780.8065109239933,2754.2991309239933,1.484220346895058,324.730500960653,0.328725336684938,287.07974772358364,0.10791,133.08464145596236,0.4578547832202749,3499.1940210641924,2.378710466800271
liquid_hydrogen,BG,,solar,BG_H_solar_E,Italy,1,2024,978.58944,2183.915402309713,3162.5048423097132,1.484220346895058,204.80191904673052,0.2075060515842323,339.4584165598328,0.057024,262.85493517664605,0.9043071240005276,3969.620113092922,2.653057522479818
liquid_hydrogen,BG,,solar,BG_H_solar_E,Austria,1,2024,1060.13856,2254.0894026621145,3314.2279626621144,1.484220346895058,166.3134639659168,0.1686033735481032,327.30511793981884,0.020394,262.85493517664605,0.9043071240005276,4070.7014797444963,2.5775248444436887
liquid_hydrogen,BG,,solar,BG_H_solar_E,Finland,1,2024,1100.91312,2539.5665598684227,3640.479679868423,1.484220346895058,330.87093754752107,0.3349318582779358,304.99246862981187,0.014256,390.28463948360894,1.3427070701024548,4666.627725529364,3.176115275275449
liquid_hydrogen,BG,,solar,BG_H_solar_E,Portugal,1,2024,927.62124,1981.566653925892,2909.187893925892,1.484220346895058,155.78194980131548,0.1579585164365832,265.3297281973415,0.022176,298.7750768736041,1.0278841837572263,3629.074648798153,2.6922390470888677
liquid_hydrogen,BG,,solar,BG_H_solar_E,Germany,1,2024,1049.94492,2256.2354665185744,3306.1803865185743,1.484220346895058,242.44981880117643,0.245559128014774,323.32978026732064,0.0681119999999999,352.7121240980374,1.2134453033147847,4224.672109685109,3.0113367782246168
liquid_hydrogen,BG,,solar,BG_H_solar_E,Greece,1,2024,937.81488,1909.4173211969487,2847.2322011969486,1.484220346895058,135.93126007286196,0.1378941883236556,285.9370658698397,0.06336,233.67889883908552,0.8039319969654449,3502.779425978736,2.4894065321841587
liquid_hydrogen,BG,,solar,BG_H_solar_E,France,1,2024,1029.5576400000002,2140.452707005136,3170.0103470051363,1.484220346895058,282.1252145483468,0.2856615208873211,299.1431049223241,0.008712,336.975663584434,1.159306721745292,4088.2543300602415,2.937900589527671
liquid_hydrogen,BG,,solar,BG_H_solar_E,Brazil,1,2024,937.81488,2104.606668137483,3042.421548137483,1.484220346895058,1251.7868275768665,1.2657588892134022,263.7610658698398,0.020394,371.42838203991226,1.2778353646240566,4929.397823624102,4.048208600732517
liquid_hydrogen,BG,,solar,BG_H_solar_E,United Kingdom,1,2024,1085.6226599999998,2228.5634915271453,3314.186151527145,1.484220346895058,225.3250961844594,0.2282501045941831,363.2804621210645,0.041778,334.6331335048618,1.1512476505404123,4237.424843337531,2.9054961020296535
liquid_hydrogen,BG,,solar,BG_H_solar_E,Spain,1,2024,948.00852,1925.7700497935136,2873.7785697935133,1.484220346895058,380.43443665151494,0.3850287728965696,268.132403542338,0.028908,288.16889937260265,0.99139545712889,3810.514309359969,2.8895525769205177
liquid_hydrogen,BG,,solar,BG_H_solar_E,Sweden,1,2024,1121.3004,2655.5913289377418,3776.891728937742,1.484220346895058,402.0181929118524,0.4068448192627633,298.97498647480853,0.007128,363.1467719570981,1.2493439117584273,4841.0316802815005,3.147537077916249
liquid_hydrogen,BG,,solar,BG_H_solar_E,Czech Republic,1,2024,927.62124,2103.3264840321194,3030.9477240321194,1.484220346895058,358.5889267136765,0.3629481557904174,281.36772819734153,0.081972,262.85493517664605,0.9043071240005276,3933.759314119783,2.833447626686003
liquid_hydrogen,BG,,solar,BG_H_solar_E,Japan,1,2024,1100.91312,2525.674365939688,3626.587485939688,1.484220346895058,157.72394129414766,0.1599214081566048,320.6344686298119,0.095436,122.51418345194588,0.4214889433681275,4227.460079315593,2.1610666984197904
liquid_hydrogen,BG,,solar,BG_H_solar_E,Belgium,1,2024,1044.8481,2447.940838873085,3492.7889388730846,1.484220346895058,51.45087562910715,0.0525046035901776,317.28311143107146,0.027324,344.1389957110853,1.1839509319419137,4205.661921644349,2.747999882427149
liquid_hydrogen,BG,,solar,BG_H_solar_E,Poland,1,2024,942.9117,2544.918918040674,3487.8306180406735,1.484220346895058,194.5095199991873,0.1971028830100399,321.2877347060888,0.12177,378.2192602887212,1.3011982114144018,4381.847133034671,3.1042914413195
liquid_hydrogen,BG,,solar,BG_H_solar_E,India,1,2024,902.13714,1886.605435010245,2788.7425750102448,1.484220346895058,527.0853162860647,0.5332579481689742,254.30238401609589,0.140184,64.04120153981867,0.2203227218963662,3634.1714768522243,2.3779850169603987
liquid_hydrogen,BG,,solar,BG_H_solar_E,Indonesia,1,2024,820.58802,2138.3646357230673,2958.952655723067,1.484220346895058,257.5424918161488,0.2608142323771918,222.49968263610975,0.127908,47.07000358489807,0.1619362388609835,3486.064833760224,2.034878818133233
liquid_hydrogen,BG,,solar,BG_H_solar_E,South Korea,1,2024,958.20216,2154.677285997899,3112.879445997899,1.484220346895058,126.20181287878846,0.1280600302399958,266.36574121483625,0.081972,106.54230160697291,0.3665404352627069,3611.989301698497,2.060792812397761
liquid_hydrogen,BG,,solar,BG_H_solar_E,China,1,2024,932.71806,1785.210116075186,2717.928176075186,1.484220346895058,1422.9103352979398,1.4387240734825033,255.14039703359072,0.11088,89.7633189123943,0.3088152357187376,4485.7422273191105,3.3426396560962988
liquid_hydrogen,BG,,solar,BG_H_solar_E,United Arab Emirates,1,2024,973.49262,1611.8785109239932,2585.3711309239934,1.484220346895058,188.6948708838179,0.1912256550996622,269.06174772358366,0.075834,138.7029695048471,0.4771836730361122,3181.8307190362425,2.2284636750308326
liquid_hydrogen,BG,,solar,BG_H_solar_E,United States,1,2024,1019.364,2070.277049152107,3089.641049152107,1.484220346895058,1408.3893706910883,1.4240468304056315,288.0397672498259,0.076032,320.1453902102708,1.101405065453756,5106.215577303292,4.085704242754446
liquid_hydrogen,BG,,solar,BG_H_solar_E,Turkey,1,2024,932.71806,2165.569203240922,3098.287263240922,1.484220346895058,174.60991317217503,0.176989111339773,266.4263970335907,0.09306,225.66613781509116,0.776365472973638,3764.9897112617787,2.530634931208469
liquid_hydrogen,BG,,solar,BG_H_solar_E,Australia,1,2024,1044.8481,1883.77220165306,2928.62030165306,1.484220346895058,1431.9328260410734,1.447843666662513,311.7391114310714,0.109296,71.94760344630073,0.2475233356662321,4744.239842571505,3.2888833492238034
liquid_hydrogen,BG,,solar,BG_H_solar_E,Malaysia,1,2024,891.9435,1957.0867163298904,2849.03021632989,1.484220346895058,271.7689086251675,0.2751937576547579,251.9110463435976,0.119592,0.0,0.0,3372.7101712986555,1.8790061045498159
liquid_hydrogen,BG,,solar,BG_H_solar_E,Canada,1,2024,1039.75128,2334.768649604917,3374.519929604917,1.484220346895058,1435.5081568025848,1.4514574760813554,285.2984425948223,0.03465,299.7471486085223,1.031228429108128,5395.073677610846,4.001556252084542
liquid_hydrogen,BG,,solar,BG_H_solar_E,Mexico,1,2024,897.04032,1967.366869737656,2864.407189737656,1.484220346895058,857.852490116471,0.8675849259971682,269.63971517984675,0.10395,392.0916763071803,1.3489238690063396,4383.991071341155,3.804679141898566
liquid_hydrogen,BG,,solar,BG_H_solar_E,Thailand,1,2024,907.23396,1859.1006247525115,2766.334584752512,1.484220346895058,202.49409307689865,0.2051733881796016,255.99305285234496,0.109692,32.96471272210662,0.113409415483101,3257.786443403862,1.9124951505577605
liquid_hydrogen,BG,,solar,BG_H_solar_E,Russia,1,2024,963.29898,2210.984164902475,3174.283144902475,1.484220346895058,2637.6741412966267,2.666561489546193,262.51241005108545,0.088902,131.33262938756718,0.4518272875077826,6205.802325637755,4.6915111239490335
liquid_hydrogen,BG,,solar,BG_H_solar_E,Saudi Arabia,1,2024,973.49262,1770.6685406297704,2744.16116062977,1.484220346895058,471.0496315857507,0.4766191925771176,260.74574772358363,0.109296,153.97352103222505,0.5297193749978989,3629.9300609713296,2.599854914470075
liquid_hydrogen,LTE,,solar,LTE_H_solar_E,South Africa,1,2024,1084.38495,4509.528022274028,5593.912972274029,2.18411151034,438.1704908749996,0.4433861978391045,259.92307237858716,0.140382,202.8414917358742,0.6978412100057176,6494.84802726349,3.465720918184822
liquid_hydrogen,LTE,,solar,LTE_H_solar_E,Taiwan,1,2024,1066.9884,2185.7323922156443,3252.720792215644,2.18411151034,108.29765925058994,0.1099631873647823,271.8790658698398,0.125928,69.39296304730028,0.2387345354463574,3702.290480383374,2.65873723315114
liquid_hydrogen,LTE,,solar,LTE_H_solar_E,Switzerland,1,2024,1281.5458500000002,3911.856994547801,5193.402844547802,2.18411151034,207.83667510659143,0.2105734684932008,342.15581281105756,0.007326,267.9516660024915,0.921841548422986,6011.346998467941,3.3238525272561867
liquid_hydrogen,LTE,,solar,LTE_H_solar_E,Singapore,1,2024,1072.78725,3613.4134960126457,4686.200746012646,2.18411151034,8.03949538583879,0.0086260185661268,296.5377347060888,0.098802,0.0,0.0,4990.777976104573,2.291539528906127
liquid_hydrogen,LTE,,solar,LTE_H_solar_E,Hungary,1,2024,1043.793,5169.296031174783,6213.089031174783,2.18411151034,329.62936309882156,0.3336769216759281,272.6403905248432,0.036234,260.9155686694031,0.8976350676156276,7076.27435346785,3.4516574996315557
liquid_hydrogen,LTE,,solar,LTE_H_solar_E,Philippines,1,2024,1037.9941499999998,3460.9614651043244,4498.955615104324,2.18411151034,173.897979404711,0.1762695155523986,261.44572168859406,0.121374,53.57518265866389,0.1843161868553106,4987.874498856293,2.6660712127477093
liquid_hydrogen,LTE,,solar,LTE_H_solar_E,Netherlands,1,2024,1188.7642499999995,3661.492024830286,4850.256274830286,2.18411151034,82.54212485506892,0.0839304650813442,311.54111143107144,0.050094,344.8307856143194,1.18633091593341,5589.1702967307465,3.5044668913547543
liquid_hydrogen,LTE,,solar,LTE_H_solar_E,Norway,1,2024,1316.33895,5668.494786892243,6984.833736892243,2.18411151034,383.8823986934868,0.3885138428199527,318.4418258285524,0.006138,365.9352364688872,1.2589371435588457,8053.0931978831695,3.8377004967187984
liquid_hydrogen,LTE,,solar,LTE_H_solar_E,Oman,1,2024,1107.5803500000002,2712.542517652779,3820.1228676527794,2.18411151034,324.730500960653,0.328725336684938,287.07974772358364,0.10791,133.08464145596236,0.4578547832202749,4565.017757792979,3.0786016302452133
liquid_hydrogen,LTE,,solar,LTE_H_solar_E,Italy,1,2024,1113.3792,3332.2765011426727,4445.655701142672,2.18411151034,204.80191904673052,0.2075060515842323,339.4584165598328,0.057024,262.85493517664605,0.9043071240005276,5252.770971925881,3.35294868592476
liquid_hydrogen,LTE,,solar,LTE_H_solar_E,Austria,1,2024,1206.1608,3862.0681333204825,5068.228933320483,2.18411151034,166.3134639659168,0.1686033735481032,327.30511793981884,0.020394,262.85493517664605,0.9043071240005276,5824.702450402864,3.2774160078886307
liquid_hydrogen,LTE,,solar,LTE_H_solar_E,Finland,1,2024,1252.5515999999998,5644.1508754089355,6896.702475408935,2.18411151034,330.87093754752107,0.3349318582779358,304.99246862981187,0.014256,390.28463948360894,1.3427070701024548,7922.850521069877,3.876006438720391
liquid_hydrogen,LTE,,solar,LTE_H_solar_E,Portugal,1,2024,1055.3907,2820.2607470938433,3875.651447093843,2.18411151034,155.78194980131548,0.1579585164365832,265.3297281973415,0.022176,298.7750768736041,1.0278841837572263,4595.538201966105,3.39213021053381
liquid_hydrogen,LTE,,solar,LTE_H_solar_E,Germany,1,2024,1194.5630999999998,3882.022979235153,5076.586079235152,2.18411151034,242.44981880117643,0.245559128014774,323.32978026732064,0.0681119999999999,352.7121240980374,1.2134453033147847,5995.077802401687,3.7112279416695584
liquid_hydrogen,LTE,,solar,LTE_H_solar_E,Greece,1,2024,1066.9884,2819.6413787288816,3886.629778728882,2.18411151034,135.93126007286196,0.1378941883236556,285.9370658698397,0.06336,233.67889883908552,0.8039319969654449,4542.177003510669,3.1892976956291004
liquid_hydrogen,LTE,,solar,LTE_H_solar_E,France,1,2024,1171.3677,3113.675007731147,4285.042707731147,2.18411151034,282.1252145483468,0.2856615208873211,299.1431049223241,0.008712,336.975663584434,1.159306721745292,5203.286690786252,3.637791752972613
liquid_hydrogen,LTE,,solar,LTE_H_solar_E,Brazil,1,2024,1066.9884,3582.4346533953935,4649.423053395393,2.18411151034,1251.7868275768665,1.2657588892134022,263.7610658698398,0.020394,371.42838203991226,1.2778353646240566,6536.399328882011,4.748099764177459
liquid_hydrogen,LTE,,solar,LTE_H_solar_E,United Kingdom,1,2024,1235.1550499999998,4233.287588999855,5468.442638999855,2.18411151034,225.3250961844594,0.2282501045941831,363.2804621210645,0.041778,334.6331335048618,1.1512476505404123,6391.681330810241,3.6053872654745955
liquid_hydrogen,LTE,,solar,LTE_H_solar_E,Spain,1,2024,1078.5861,2398.5901491692853,3477.1762491692853,2.18411151034,380.43443665151494,0.3850287728965696,268.132403542338,0.028908,288.16889937260265,0.99139545712889,4413.911988735741,3.5894437403654598
liquid_hydrogen,LTE,,solar,LTE_H_solar_E,Sweden,1,2024,1275.747,5650.92298761647,6926.66998761647,2.18411151034,402.0181929118524,0.4068448192627633,298.97498647480853,0.007128,363.1467719570981,1.2493439117584273,7990.809938960229,3.8474282413611904
liquid_hydrogen,LTE,,solar,LTE_H_solar_E,Czech Republic,1,2024,1055.3907,3814.777643769397,4870.168343769396,2.18411151034,358.5889267136765,0.3629481557904174,281.36772819734153,0.081972,262.85493517664605,0.9043071240005276,5772.97993385706,3.533338790130945
liquid_hydrogen,LTE,,solar,LTE_H_solar_E,Japan,1,2024,1252.5515999999998,6187.922447765567,7440.474047765567,2.18411151034,157.72394129414766,0.1599214081566048,320.6344686298119,0.095436,122.51418345194588,0.4214889433681275,8041.346641141472,2.8609578618647324
liquid_hydrogen,LTE,,solar,LTE_H_solar_E,Belgium,1,2024,1188.7642499999995,5509.661591709971,6698.42584170997,2.18411151034,51.45087562910715,0.0525046035901776,317.28311143107146,0.027324,344.1389957110853,1.1839509319419137,7411.298824481233,3.4478910458720917
liquid_hydrogen,LTE,,solar,LTE_H_solar_E,Poland,1,2024,1072.78725,6658.066732613577,7730.853982613577,2.18411151034,194.5095199991873,0.1971028830100399,321.2877347060888,0.12177,378.2192602887212,1.3011982114144018,8624.870497607573,3.804182604764442
liquid_hydrogen,LTE,,solar,LTE_H_solar_E,India,1,2024,1026.39645,2905.2830680214047,3931.679518021405,2.18411151034,527.0853162860647,0.5332579481689742,254.30238401609589,0.140184,64.04120153981867,0.2203227218963662,4777.108419863384,3.0778761804053407
liquid_hydrogen,LTE,,solar,LTE_H_solar_E,Indonesia,1,2024,933.61485,4160.683352119152,5094.298202119152,2.18411151034,257.5424918161488,0.2608142323771918,222.49968263610975,0.127908,47.07000358489807,0.1619362388609835,5621.410380156308,2.7347699815781756
liquid_hydrogen,LTE,,solar,LTE_H_solar_E,South Korea,1,2024,1090.1838,4095.708246188223,5185.892046188223,2.18411151034,126.20181287878846,0.1280600302399958,266.36574121483625,0.081972,106.54230160697291,0.3665404352627069,5685.00190188882,2.760683975842703
liquid_hydrogen,LTE,,solar,LTE_H_solar_E,China,1,2024,1061.1895499999998,2176.4449039276706,3237.6344539276706,2.18411151034,1422.9103352979398,1.4387240734825033,255.14039703359072,0.11088,89.7633189123943,0.3088152357187376,5005.448505171596,4.042530819541241
liquid_hydrogen,LTE,,solar,LTE_H_solar_E,United Arab Emirates,1,2024,1107.5803500000002,1609.1463916007792,2716.7267416007794,2.18411151034,188.6948708838179,0.1912256550996622,269.06174772358366,0.075834,138.7029695048471,0.4771836730361122,3313.1863297130285,2.9283548384757747
liquid_hydrogen,LTE,,solar,LTE_H_solar_E,United States,1,2024,1159.77,3534.6495811801296,4694.419581180129,2.18411151034,1408.3893706910883,1.4240468304056315,288.0397672498259,0.076032,320.1453902102708,1.101405065453756,6710.994109331315,4.785595406199388
liquid_hydrogen,LTE,,solar,LTE_H_solar_E,Turkey,1,2024,1061.1895499999998,4961.786940505853,6022.976490505853,2.18411151034,174.60991317217503,0.176989111339773,266.4263970335907,0.09306,225.66613781509116,0.776365472973638,6689.678938526709,3.2305260946534107
liquid_hydrogen,LTE,,solar,LTE_H_solar_E,Australia,1,2024,1188.7642499999995,2162.7364207656674,3351.500670765667,2.18411151034,1431.9328260410734,1.447843666662513,311.7391114310714,0.109296,71.94760344630073,0.2475233356662321,5167.120211684112,3.9887745126687455
liquid_hydrogen,LTE,,solar,LTE_H_solar_E,Malaysia,1,2024,1014.79875,3691.34640921527,4706.14515921527,2.18411151034,271.7689086251675,0.2751937576547579,251.9110463435976,0.119592,0.0,0.0,5229.825114184035,2.578897267994758
liquid_hydrogen,LTE,,solar,LTE_H_solar_E,Canada,1,2024,1182.9654,5639.6803454933215,6822.645745493322,2.18411151034,1435.5081568025848,1.4514574760813554,285.2984425948223,0.03465,299.7471486085223,1.031228429108128,8843.199493499249,4.701447415529484
liquid_hydrogen,LTE,,solar,LTE_H_solar_E,Mexico,1,2024,1020.5975999999998,3899.6019067020334,4920.199506702033,2.18411151034,857.852490116471,0.8675849259971682,269.63971517984675,0.10395,392.0916763071803,1.3489238690063396,6439.783388305531,4.504570305343508
liquid_hydrogen,LTE,,solar,LTE_H_solar_E,Thailand,1,2024,1032.1953,3038.4733707877213,4070.6686707877216,2.18411151034,202.49409307689865,0.2051733881796016,255.99305285234496,0.109692,32.96471272210662,0.113409415483101,4562.120529439072,2.612386314002703
liquid_hydrogen,LTE,,solar,LTE_H_solar_E,Russia,1,2024,1095.98265,5568.038298590567,6664.020948590567,2.18411151034,2637.6741412966267,2.666561489546193,262.51241005108545,0.088902,131.33262938756718,0.4518272875077826,9695.540129325847,5.3914022873939755
liquid_hydrogen,LTE,,solar,LTE_H_solar_E,Saudi Arabia,1,2024,1107.5803500000002,2670.341695625767,3777.922045625768,2.18411151034,471.0496315857507,0.4766191925771176,260.74574772358363,0.109296,153.97352103222505,0.5297193749978989,4663.690945967328,3.299746077915017
liquid_hydrogen,SMR,,solar,SMR_H_solar_E,South Africa,1,2024,740.3525314887445,1301.9682937976845,2042.320825286429,10.81306208709333,438.1704908749996,0.4433861978391045,259.92307237858716,0.140382,202.8414917358742,0.6978412100057176,2943.25588027589,12.094671494938154
liquid_hydrogen,SMR,,solar,SMR_H_solar_E,Taiwan,1,2024,728.4752181493528,2096.59344246766,2825.0686606170125,10.81306208709333,108.29765925058994,0.1099631873647823,271.8790658698398,0.125928,69.39296304730028,0.2387345354463574,3274.6383487847424,11.287687809904469
liquid_hydrogen,SMR,,solar,SMR_H_solar_E,Switzerland,1,2024,874.9620826685161,8342.23407214602,9217.196154814535,10.81306208709333,207.83667510659143,0.2105734684932008,342.15581281105756,0.007326,267.9516660024915,0.921841548422986,10035.140308734675,11.952803104009517
liquid_hydrogen,SMR,,solar,SMR_H_solar_E,Singapore,1,2024,732.4343225958166,8949.811688745789,9682.246011341604,10.81306208709333,8.03949538583879,0.0086260185661268,296.5377347060888,0.098802,0.0,0.0,9986.823241433533,10.920490105659455
liquid_hydrogen,SMR,,solar,SMR_H_solar_E,Hungary,1,2024,712.6388003634972,3766.108514432355,4478.747314795853,10.81306208709333,329.62936309882156,0.3336769216759281,272.6403905248432,0.036234,260.9155686694031,0.8976350676156276,5341.93263708892,12.080608076384888
liquid_hydrogen,SMR,,solar,SMR_H_solar_E,Philippines,1,2024,708.6796959170334,2228.4105448342566,2937.09024075129,10.81306208709333,173.897979404711,0.1762695155523986,261.44572168859406,0.121374,53.57518265866389,0.1843161868553106,3426.0091245032586,11.295021789501039
liquid_hydrogen,SMR,,solar,SMR_H_solar_E,Netherlands,1,2024,811.616411525094,5822.846757241594,6634.463168766688,10.81306208709333,82.54212485506892,0.0839304650813442,311.54111143107144,0.050094,344.8307856143194,1.18633091593341,7373.377190667148,12.133417468108085
liquid_hydrogen,SMR,,solar,SMR_H_solar_E,Norway,1,2024,898.7167093472995,4688.676321626869,5587.393030974168,10.81306208709333,383.8823986934868,0.3885138428199527,318.4418258285524,0.006138,365.9352364688872,1.2589371435588457,6655.652491965095,12.466651073472129
liquid_hydrogen,SMR,,solar,SMR_H_solar_E,Oman,1,2024,756.1889492745998,661.288033453869,1417.476982728469,10.81306208709333,324.730500960653,0.328725336684938,287.07974772358364,0.10791,133.08464145596236,0.4578547832202749,2162.371872868668,11.707552206998544
liquid_hydrogen,SMR,,solar,SMR_H_solar_E,Italy,1,2024,760.1480537210637,6396.824983663045,7156.9730373841085,10.81306208709333,204.80191904673052,0.2075060515842323,339.4584165598328,0.057024,262.85493517664605,0.9043071240005276,7964.088308167317,11.981899262678091
liquid_hydrogen,SMR,,solar,SMR_H_solar_E,Austria,1,2024,823.4937248644858,5530.439968295183,6353.933693159668,10.81306208709333,166.3134639659168,0.1686033735481032,327.30511793981884,0.020394,262.85493517664605,0.9043071240005276,7110.40721024205,11.906366584641962
liquid_hydrogen,SMR,,solar,SMR_H_solar_E,Finland,1,2024,855.1665604361967,6122.5687066741375,6977.7352671103345,10.81306208709333,330.87093754752107,0.3349318582779358,304.99246862981187,0.014256,390.28463948360894,1.3427070701024548,8003.883312771276,12.50495701547372
liquid_hydrogen,SMR,,solar,SMR_H_solar_E,Portugal,1,2024,720.5570092564251,4996.131883128369,5716.688892384794,10.81306208709333,155.78194980131548,0.1579585164365832,265.3297281973415,0.022176,298.7750768736041,1.0278841837572263,6436.575647257055,12.02108078728714
liquid_hydrogen,SMR,,solar,SMR_H_solar_E,Germany,1,2024,815.575515971558,5183.181293821367,5998.756809792925,10.81306208709333,242.44981880117643,0.245559128014774,323.32978026732064,0.0681119999999999,352.7121240980374,1.2134453033147847,6917.24853295946,12.340178518422888
liquid_hydrogen,SMR,,solar,SMR_H_solar_E,Greece,1,2024,728.4752181493528,2882.7521813358767,3611.2273994852294,10.81306208709333,135.93126007286196,0.1378941883236556,285.9370658698397,0.06336,233.67889883908552,0.8039319969654449,4266.774624267016,11.818248272382432
liquid_hydrogen,SMR,,solar,SMR_H_solar_E,France,1,2024,799.7390981857026,5602.586164215282,6402.325262400985,10.81306208709333,282.1252145483468,0.2856615208873211,299.1431049223241,0.008712,336.975663584434,1.159306721745292,7320.569245456089,12.266742329725943
liquid_hydrogen,SMR,,solar,SMR_H_solar_E,Brazil,1,2024,728.4752181493528,5551.332581219507,6279.80779936886,10.81306208709333,1251.7868275768665,1.2657588892134022,263.7610658698398,0.020394,371.42838203991226,1.2778353646240566,8166.784074855479,13.377050340930788
liquid_hydrogen,SMR,,solar,SMR_H_solar_E,United Kingdom,1,2024,843.2892470968051,4399.980559796343,5243.269806893149,10.81306208709333,225.3250961844594,0.2282501045941831,363.2804621210645,0.041778,334.6331335048618,1.1512476505404123,6166.508498703534,12.234337842227927
liquid_hydrogen,SMR,,solar,SMR_H_solar_E,Spain,1,2024,736.3934270422805,4120.265746686369,4856.65917372865,10.81306208709333,380.43443665151494,0.3850287728965696,268.132403542338,0.028908,288.16889937260265,0.99139545712889,5793.394913295106,12.21839431711879
liquid_hydrogen,SMR,,solar,SMR_H_solar_E,Sweden,1,2024,871.0029782220523,8683.835043902895,9554.838022124946,10.81306208709333,402.0181929118524,0.4068448192627633,298.97498647480853,0.007128,363.1467719570981,1.2493439117584273,10618.977973468704,12.47637881811452
liquid_hydrogen,SMR,,solar,SMR_H_solar_E,Czech Republic,1,2024,720.5570092564251,4380.449183164075,5101.0061924205,10.81306208709333,358.5889267136765,0.3629481557904174,281.36772819734153,0.081972,262.85493517664605,0.9043071240005276,6003.817782508164,12.162289366884277
liquid_hydrogen,SMR,,solar,SMR_H_solar_E,Japan,1,2024,855.1665604361967,4893.714028344762,5748.8805887809585,10.81306208709333,157.72394129414766,0.1599214081566048,320.6344686298119,0.095436,122.51418345194588,0.4214889433681275,6349.753182156865,11.48990843861806
liquid_hydrogen,SMR,,solar,SMR_H_solar_E,Belgium,1,2024,811.616411525094,3769.3079100053847,4580.924321530479,10.81306208709333,51.45087562910715,0.0525046035901776,317.28311143107146,0.027324,344.1389957110853,1.1839509319419137,5293.797304301742,12.076841622625421
liquid_hydrogen,SMR,,solar,SMR_H_solar_E,Poland,1,2024,732.4343225958166,5236.393850035512,5968.828172631328,10.81306208709333,194.5095199991873,0.1971028830100399,321.2877347060888,0.12177,378.2192602887212,1.3011982114144018,6862.844687625326,12.433133181517771
liquid_hydrogen,SMR,,solar,SMR_H_solar_E,India,1,2024,700.7614870241057,3201.642322311094,3902.4038093352,10.81306208709333,527.0853162860647,0.5332579481689742,254.30238401609589,0.140184,64.04120153981867,0.2203227218963662,4747.83271117718,11.70682675715867
liquid_hydrogen,SMR,,solar,SMR_H_solar_E,Indonesia,1,2024,637.4158158806837,5030.141637944649,5667.557453825333,10.81306208709333,257.5424918161488,0.2608142323771918,222.49968263610975,0.127908,47.07000358489807,0.1619362388609835,6194.669631862489,11.363720558331504
liquid_hydrogen,SMR,,solar,SMR_H_solar_E,South Korea,1,2024,744.3116359352082,3754.1331421038185,4498.4447780390265,10.81306208709333,126.20181287878846,0.1280600302399958,266.36574121483625,0.081972,106.54230160697291,0.3665404352627069,4997.554633739624,11.389634552596032
liquid_hydrogen,SMR,,solar,SMR_H_solar_E,China,1,2024,724.5161137028889,3083.688702700932,3808.204816403821,10.81306208709333,1422.9103352979398,1.4387240734825033,255.14039703359072,0.11088,89.7633189123943,0.3088152357187376,5576.0188676477455,12.67148139629457
liquid_hydrogen,SMR,,solar,SMR_H_solar_E,United Arab Emirates,1,2024,756.1889492745998,494.1159456073024,1250.3048948819023,10.81306208709333,188.6948708838179,0.1912256550996622,269.06174772358366,0.075834,138.7029695048471,0.4771836730361122,1846.764482994151,11.557305415229106
liquid_hydrogen,SMR,,solar,SMR_H_solar_E,United States,1,2024,791.8208892927747,2283.7256384964403,3075.546527789215,10.81306208709333,1408.3893706910883,1.4240468304056315,288.0397672498259,0.076032,320.1453902102708,1.101405065453756,5092.1210559404,13.414545982952717
liquid_hydrogen,SMR,,solar,SMR_H_solar_E,Turkey,1,2024,724.5161137028889,2276.143754627156,3000.659868330045,10.81306208709333,174.60991317217503,0.176989111339773,266.4263970335907,0.09306,225.66613781509116,0.776365472973638,3667.3623163509014,11.85947667140674
liquid_hydrogen,SMR,,solar,SMR_H_solar_E,Australia,1,2024,811.616411525094,2627.886853868946,3439.50326539404,10.81306208709333,1431.9328260410734,1.447843666662513,311.7391114310714,0.109296,71.94760344630073,0.2475233356662321,5255.122806312485,12.617725089422075
liquid_hydrogen,SMR,,solar,SMR_H_solar_E,Malaysia,1,2024,692.8432781311778,1992.5030968266549,2685.3463749578327,10.81306208709333,271.7689086251675,0.2751937576547579,251.9110463435976,0.119592,0.0,0.0,3209.026329926598,11.20784784474809
liquid_hydrogen,SMR,,solar,SMR_H_solar_E,Canada,1,2024,807.6573070786303,1904.9664449885336,2712.623752067164,10.81306208709333,1435.5081568025848,1.4514574760813554,285.2984425948223,0.03465,299.7471486085223,1.031228429108128,4733.177500073094,13.330397992282812
liquid_hydrogen,SMR,,solar,SMR_H_solar_E,Mexico,1,2024,696.8023825776418,1434.0385614849044,2130.8409440625464,10.81306208709333,857.852490116471,0.8675849259971682,269.63971517984675,0.10395,392.0916763071803,1.3489238690063396,3650.424825666045,13.133520882096837
liquid_hydrogen,SMR,,solar,SMR_H_solar_E,Thailand,1,2024,704.7205914705696,2025.297357676002,2730.0179491465715,10.81306208709333,202.49409307689865,0.2051733881796016,255.99305285234496,0.109692,32.96471272210662,0.113409415483101,3221.4698077979215,11.241336890756033
liquid_hydrogen,SMR,,solar,SMR_H_solar_E,Russia,1,2024,748.2707403816722,1360.426510493889,2108.697250875561,10.81306208709333,2637.6741412966267,2.666561489546193,262.51241005108545,0.088902,131.33262938756718,0.4518272875077826,5140.216431610841,14.020352864147306
liquid_hydrogen,SMR,,solar,SMR_H_solar_E,Saudi Arabia,1,2024,756.1889492745998,649.4068546943224,1405.5958039689222,10.81306208709333,471.0496315857507,0.4766191925771176,260.74574772358363,0.109296,153.97352103222505,0.5297193749978989,2291.3647043104816,11.928696654668348
liquid_hydrogen,SMRCCS,,solar,SMRCCS_H_solar_E,South Africa,1,2024,1013.6891058200858,1600.0365864508583,2613.725692270944,2.2190999769347592,438.1704908749996,0.4433861978391045,259.92307237858716,0.140382,202.8414917358742,0.6978412100057176,3514.660747260405,3.5007093847795816
liquid_hydrogen,SMRCCS,,solar,SMRCCS_H_solar_E,Taiwan,1,2024,997.4267137481056,2660.898375780582,3658.3250895286874,2.2190999769347592,108.29765925058994,0.1099631873647823,271.8790658698398,0.125928,69.39296304730028,0.2387345354463574,4107.894777696417,2.693725699745899
liquid_hydrogen,SMRCCS,,solar,SMRCCS_H_solar_E,Switzerland,1,2024,1197.9962159691922,10664.914480784582,11862.910696753774,2.2190999769347592,207.83667510659143,0.2105734684932008,342.15581281105756,0.007326,267.9516660024915,0.921841548422986,12680.854850673913,3.3588409938509463
liquid_hydrogen,SMRCCS,,solar,SMRCCS_H_solar_E,Singapore,1,2024,1002.8475111054324,11449.398941731692,12452.246452837124,2.2190999769347592,8.03949538583879,0.0086260185661268,296.5377347060888,0.098802,0.0,0.0,12756.823682929053,2.326527995500886
liquid_hydrogen,SMRCCS,,solar,SMRCCS_H_solar_E,Hungary,1,2024,975.743524318799,4754.943355394464,5730.686879713263,2.2190999769347592,329.62936309882156,0.3336769216759281,272.6403905248432,0.036234,260.9155686694031,0.8976350676156276,6593.872202006331,3.4866459662263147
liquid_hydrogen,SMRCCS,,solar,SMRCCS_H_solar_E,Philippines,1,2024,970.3227269614724,2808.1397284393106,3778.4624554007833,2.2190999769347592,173.897979404711,0.1762695155523986,261.44572168859406,0.121374,53.57518265866389,0.1843161868553106,4267.381339152752,2.7010596793424684
liquid_hydrogen,SMRCCS,,solar,SMRCCS_H_solar_E,Netherlands,1,2024,1111.2634582519654,7429.882112532948,8541.145570784913,2.2190999769347592,82.54212485506892,0.0839304650813442,311.54111143107144,0.050094,344.8307856143194,1.18633091593341,9280.059592685373,3.5394553579495134
liquid_hydrogen,SMRCCS,,solar,SMRCCS_H_solar_E,Norway,1,2024,1230.5210001131522,5936.202437166977,7166.723437280129,2.2190999769347592,383.8823986934868,0.3885138428199527,318.4418258285524,0.006138,365.9352364688872,1.2589371435588457,8234.982898271055,3.8726889633135575
liquid_hydrogen,SMRCCS,,solar,SMRCCS_H_solar_E,Oman,1,2024,1035.3722952493924,809.9439833095822,1845.3162785589748,2.2190999769347592,324.730500960653,0.328725336684938,287.07974772358364,0.10791,133.08464145596236,0.4578547832202749,2590.211168699174,3.1135900968399723
liquid_hydrogen,SMRCCS,,solar,SMRCCS_H_solar_E,Italy,1,2024,1040.793092606719,8170.986628513358,9211.779721120076,2.2190999769347592,204.80191904673052,0.2075060515842323,339.4584165598328,0.057024,262.85493517664605,0.9043071240005276,10018.894991903288,3.3879371525195197
liquid_hydrogen,SMRCCS,,solar,SMRCCS_H_solar_E,Austria,1,2024,1127.525850323946,7049.184644235966,8176.710494559911,2.2190999769347592,166.3134639659168,0.1686033735481032,327.30511793981884,0.020394,262.85493517664605,0.9043071240005276,8933.184011642294,3.3124044744833903
liquid_hydrogen,SMRCCS,,solar,SMRCCS_H_solar_E,Finland,1,2024,1170.892229182559,7780.225798364449,8951.118027547007,2.2190999769347592,330.87093754752107,0.3349318582779358,304.99246862981187,0.014256,390.28463948360894,1.3427070701024548,9977.26607320795,3.91099490531515
liquid_hydrogen,SMRCCS,,solar,SMRCCS_H_solar_E,Portugal,1,2024,986.5851190334524,6381.6648393280375,7368.24995836149,2.2190999769347592,155.78194980131548,0.1579585164365832,265.3297281973415,0.022176,298.7750768736041,1.0278841837572263,8088.136713233752,3.4271186771285684
liquid_hydrogen,SMRCCS,,solar,SMRCCS_H_solar_E,Germany,1,2024,1116.6842556092922,6604.852899902134,7721.537155511426,2.2190999769347592,242.44981880117643,0.245559128014774,323.32978026732064,0.0681119999999999,352.7121240980374,1.2134453033147847,8640.028878677962,3.746216408264318
liquid_hydrogen,SMRCCS,,solar,SMRCCS_H_solar_E,Greece,1,2024,997.4267137481056,3661.831544701517,4659.258258449623,2.2190999769347592,135.93126007286196,0.1378941883236556,285.9370658698397,0.06336,233.67889883908552,0.8039319969654449,5314.80548323141,3.2242861622238594
liquid_hydrogen,SMRCCS,,solar,SMRCCS_H_solar_E,France,1,2024,1095.0010661799856,7155.75009781816,8250.751163998146,2.2190999769347592,282.1252145483468,0.2856615208873211,299.1431049223241,0.008712,336.975663584434,1.159306721745292,9168.99514705325,3.672780219567372
liquid_hydrogen,SMRCCS,,solar,SMRCCS_H_solar_E,Brazil,1,2024,997.4267137481056,7079.392265867084,8076.818979615189,2.2190999769347592,1251.7868275768665,1.2657588892134022,263.7610658698398,0.020394,371.42838203991226,1.2778353646240566,9963.795255101808,4.783088230772218
liquid_hydrogen,SMRCCS,,solar,SMRCCS_H_solar_E,United Kingdom,1,2024,1154.629837110579,5590.547285418535,6745.177122529114,2.2190999769347592,225.3250961844594,0.2282501045941831,363.2804621210645,0.041778,334.6331335048618,1.1512476505404123,7668.4158143395,3.6403757320693546
liquid_hydrogen,SMRCCS,,solar,SMRCCS_H_solar_E,Spain,1,2024,1008.268308462759,5263.163953342582,6271.432261805341,2.2190999769347592,380.43443665151494,0.3850287728965696,268.132403542338,0.028908,288.16889937260265,0.99139545712889,7208.168001371797,3.624432206960219
liquid_hydrogen,SMRCCS,,solar,SMRCCS_H_solar_E,Sweden,1,2024,1192.5754186118656,11073.703603666216,12266.279022278082,2.2190999769347592,402.0181929118524,0.4068448192627633,298.97498647480853,0.007128,363.1467719570981,1.2493439117584273,13330.41897362184,3.88241670795595
liquid_hydrogen,SMRCCS,,solar,SMRCCS_H_solar_E,Czech Republic,1,2024,986.5851190334524,5574.755428845924,6561.340547879377,2.2190999769347592,358.5889267136765,0.3629481557904174,281.36772819734153,0.081972,262.85493517664605,0.9043071240005276,7464.15213796704,3.568327256725704
liquid_hydrogen,SMRCCS,,solar,SMRCCS_H_solar_E,Japan,1,2024,1170.892229182559,6185.756612422295,7356.648841604854,2.2190999769347592,157.72394129414766,0.1599214081566048,320.6344686298119,0.095436,122.51418345194588,0.4214889433681275,7957.521434980759,2.895946328459491
liquid_hydrogen,SMRCCS,,solar,SMRCCS_H_solar_E,Belgium,1,2024,1111.2634582519654,4754.936575463671,5866.200033715637,2.2190999769347592,51.45087562910715,0.0525046035901776,317.28311143107146,0.027324,344.1389957110853,1.1839509319419137,6579.0730164869,3.482879512466851
liquid_hydrogen,SMRCCS,,solar,SMRCCS_H_solar_E,Poland,1,2024,1002.8475111054324,6620.211763326131,7623.059274431564,2.2190999769347592,194.5095199991873,0.1971028830100399,321.2877347060888,0.12177,378.2192602887212,1.3011982114144018,8517.07578942556,3.839171071359201
liquid_hydrogen,SMRCCS,,solar,SMRCCS_H_solar_E,India,1,2024,959.4811322468192,4068.721352859306,5028.202485106125,2.2190999769347592,527.0853162860647,0.5332579481689742,254.30238401609589,0.140184,64.04120153981867,0.2203227218963662,5873.631386948105,3.1128646470001
liquid_hydrogen,SMRCCS,,solar,SMRCCS_H_solar_E,Indonesia,1,2024,872.7483745295924,6397.0160599765195,7269.764434506112,2.2190999769347592,257.5424918161488,0.2608142323771918,222.49968263610975,0.127908,47.07000358489807,0.1619362388609835,7796.876612543268,2.7697584481729343
liquid_hydrogen,SMRCCS,,solar,SMRCCS_H_solar_E,South Korea,1,2024,1019.1099031774122,4757.225659005847,5776.335562183259,2.2190999769347592,126.20181287878846,0.1280600302399958,266.36574121483625,0.081972,106.54230160697291,0.3665404352627069,6275.445417883856,2.795672442437462
liquid_hydrogen,SMRCCS,,solar,SMRCCS_H_solar_E,China,1,2024,992.005916390779,3930.899162484573,4922.905078875352,2.2190999769347592,1422.9103352979398,1.4387240734825033,255.14039703359072,0.11088,89.7633189123943,0.3088152357187376,6690.719130119277,4.077519286136
liquid_hydrogen,SMRCCS,,solar,SMRCCS_H_solar_E,United Arab Emirates,1,2024,1035.3722952493924,614.0848946139298,1649.457189863322,2.2190999769347592,188.6948708838179,0.1912256550996622,269.06174772358366,0.075834,138.7029695048471,0.4771836730361122,2245.9167779755708,2.963343305070534
liquid_hydrogen,SMRCCS,,solar,SMRCCS_H_solar_E,United States,1,2024,1084.1594714653322,2880.1034766523326,3964.262948117665,2.2190999769347592,1408.3893706910883,1.4240468304056315,288.0397672498259,0.076032,320.1453902102708,1.101405065453756,5980.83747626885,4.820583872794147
liquid_hydrogen,SMRCCS,,solar,SMRCCS_H_solar_E,Turkey,1,2024,992.005916390779,2841.683029170647,3833.688945561426,2.2190999769347592,174.60991317217503,0.176989111339773,266.4263970335907,0.09306,225.66613781509116,0.776365472973638,4500.391393582283,3.26551456124817
liquid_hydrogen,SMRCCS,,solar,SMRCCS_H_solar_E,Australia,1,2024,1111.2634582519654,3349.805244790464,4461.068703042429,2.2190999769347592,1431.9328260410734,1.447843666662513,311.7391114310714,0.109296,71.94760344630073,0.2475233356662321,6276.6882439608735,4.023762979263505
liquid_hydrogen,SMRCCS,,solar,SMRCCS_H_solar_E,Malaysia,1,2024,948.6395375321658,2499.393120013654,3448.03265754582,2.2190999769347592,271.7689086251675,0.2751937576547579,251.9110463435976,0.119592,0.0,0.0,3971.712612514585,2.613885734589517
liquid_hydrogen,SMRCCS,,solar,SMRCCS_H_solar_E,Canada,1,2024,1105.842660894639,2355.1716849960335,3461.0143458906723,2.2190999769347592,1435.5081568025848,1.4514574760813554,285.2984425948223,0.03465,299.7471486085223,1.031228429108128,5481.568093896602,4.736435882124243
liquid_hydrogen,SMRCCS,,solar,SMRCCS_H_solar_E,Mexico,1,2024,954.0603348894924,1778.325741750002,2732.3860766394946,2.2190999769347592,857.852490116471,0.8675849259971682,269.63971517984675,0.10395,392.0916763071803,1.3489238690063396,4251.969958242993,4.5395587719382675
liquid_hydrogen,SMRCCS,,solar,SMRCCS_H_solar_E,Thailand,1,2024,964.9019296041458,2554.279606914275,3519.181536518421,2.2190999769347592,202.49409307689865,0.2051733881796016,255.99305285234496,0.109692,32.96471272210662,0.113409415483101,4010.633395169771,2.647374780597462
liquid_hydrogen,SMRCCS,,solar,SMRCCS_H_solar_E,Russia,1,2024,1024.530700534739,1653.3482773935991,2677.8789779283384,2.2190999769347592,2637.6741412966267,2.666561489546193,262.51241005108545,0.088902,131.33262938756718,0.4518272875077826,5709.398158663618,5.426390753988735
liquid_hydrogen,SMRCCS,,solar,SMRCCS_H_solar_E,Saudi Arabia,1,2024,1035.3722952493924,794.4198430007804,1829.792138250173,2.2190999769347592,471.0496315857507,0.4766191925771176,260.74574772358363,0.109296,153.97352103222505,0.5297193749978989,2715.561038591732,3.334734544509776
liquid_hydrogen,ATRCCS,,wind,ATRCCS_H_wind_E,South Africa,1,2024,927.6919847731492,1249.3680223042254,2177.0600070773744,1.372654114632564,438.1704908749996,0.4433861978391045,259.92307237858716,0.140382,202.8414917358742,0.6978412100057176,3077.9950620668355,2.654263522477386
liquid_hydrogen,ATRCCS,,wind,ATRCCS_H_wind_E,Taiwan,1,2024,912.8092256591414,2252.663620842755,3165.472846501896,1.372654114632564,108.29765925058994,0.1099631873647823,271.8790658698398,0.125928,69.39296304730028,0.2387345354463574,3615.042534669626,1.8472798374437038
liquid_hydrogen,ATRCCS,,wind,ATRCCS_H_wind_E,Switzerland,1,2024,1096.3632547319037,9126.436500268494,10222.799755000397,1.372654114632564,207.83667510659143,0.2105734684932008,342.15581281105756,0.007326,267.9516660024915,0.921841548422986,11040.743908920536,2.5123951315487507
liquid_hydrogen,ATRCCS,,wind,ATRCCS_H_wind_E,Singapore,1,2024,917.7701453638108,10176.284551246348,11094.05469661016,1.372654114632564,8.03949538583879,0.0086260185661268,296.5377347060888,0.098802,0.0,0.0,11398.631926702088,1.4800821331986909
liquid_hydrogen,ATRCCS,,wind,ATRCCS_H_wind_E,Hungary,1,2024,892.9655468404644,3815.0634506091183,4708.028997449583,1.372654114632564,329.62936309882156,0.3336769216759281,272.6403905248432,0.036234,260.9155686694031,0.8976350676156276,5571.21431974265,2.6402001039241196
liquid_hydrogen,ATRCCS,,wind,ATRCCS_H_wind_E,Philippines,1,2024,888.0046271357951,2535.023638238472,3423.028265374267,1.372654114632564,173.897979404711,0.1762695155523986,261.44572168859406,0.121374,53.57518265866389,0.1843161868553106,3911.9471491262357,1.8546138170402733
liquid_hydrogen,ATRCCS,,wind,ATRCCS_H_wind_E,Netherlands,1,2024,1016.9885394571952,6267.612854314964,7284.60139377216,1.372654114632564,82.54212485506892,0.0839304650813442,311.54111143107144,0.050094,344.8307856143194,1.18633091593341,8023.51541567262,2.693009495647318
liquid_hydrogen,ATRCCS,,wind,ATRCCS_H_wind_E,Norway,1,2024,1126.128772959919,4674.859724670006,5800.9884976299245,1.372654114632564,383.8823986934868,0.3885138428199527,318.4418258285524,0.006138,365.9352364688872,1.2589371435588457,6869.247958620851,3.0262431010113624
liquid_hydrogen,ATRCCS,,wind,ATRCCS_H_wind_E,Oman,1,2024,947.5356635918262,859.5496973149435,1807.0853609067697,1.372654114632564,324.730500960653,0.328725336684938,287.07974772358364,0.10791,133.08464145596236,0.4578547832202749,2551.9802510469685,2.267144234537777
liquid_hydrogen,ATRCCS,,wind,ATRCCS_H_wind_E,Italy,1,2024,952.4965832964954,7056.2636247246155,8008.760208021111,1.372654114632564,204.80191904673052,0.2075060515842323,339.4584165598328,0.057024,262.85493517664605,0.9043071240005276,8815.875478804322,2.5414912902173237
liquid_hydrogen,ATRCCS,,wind,ATRCCS_H_wind_E,Austria,1,2024,1031.8712985712034,5962.261380230338,6994.132678801541,1.372654114632564,166.3134639659168,0.1686033735481032,327.30511793981884,0.020394,262.85493517664605,0.9043071240005276,7750.606195883923,2.4659586121811947
liquid_hydrogen,ATRCCS,,wind,ATRCCS_H_wind_E,Finland,1,2024,1071.5586562085573,6285.6047997777005,7357.163455986258,1.372654114632564,330.87093754752107,0.3349318582779358,304.99246862981187,0.014256,390.28463948360894,1.3427070701024548,8383.3115016472,3.0645490430129545
liquid_hydrogen,ATRCCS,,wind,ATRCCS_H_wind_E,Portugal,1,2024,902.887386249803,5604.052413124994,6506.939799374797,1.372654114632564,155.78194980131548,0.1579585164365832,265.3297281973415,0.022176,298.7750768736041,1.0278841837572263,7226.826554247059,2.5806728148263733
liquid_hydrogen,ATRCCS,,wind,ATRCCS_H_wind_E,Germany,1,2024,1021.9494591618648,5648.792934102865,6670.74239326473,1.372654114632564,242.44981880117643,0.245559128014774,323.32978026732064,0.0681119999999999,352.7121240980374,1.2134453033147847,7589.234116431265,2.899770545962123
liquid_hydrogen,ATRCCS,,wind,ATRCCS_H_wind_E,Greece,1,2024,912.8092256591414,3230.2977521129865,4143.106977772128,1.372654114632564,135.93126007286196,0.1378941883236556,285.9370658698397,0.06336,233.67889883908552,0.8039319969654449,4798.654202553915,2.3778402999216643
liquid_hydrogen,ATRCCS,,wind,ATRCCS_H_wind_E,France,1,2024,1002.105780343188,6190.267210015306,7192.372990358494,1.372654114632564,282.1252145483468,0.2856615208873211,299.1431049223241,0.008712,336.975663584434,1.159306721745292,8110.616973413598,2.826334357265177
liquid_hydrogen,ATRCCS,,wind,ATRCCS_H_wind_E,Brazil,1,2024,912.8092256591414,5805.629026612644,6718.438252271786,1.372654114632564,1251.7868275768665,1.2657588892134022,263.7610658698398,0.020394,371.42838203991226,1.2778353646240566,8605.414527758405,3.9366423684700225
liquid_hydrogen,ATRCCS,,wind,ATRCCS_H_wind_E,United Kingdom,1,2024,1056.6758970945496,4498.397250259809,5555.073147354358,1.372654114632564,225.3250961844594,0.2282501045941831,363.2804621210645,0.041778,334.6331335048618,1.1512476505404123,6478.311839164744,2.7939298697671595
liquid_hydrogen,ATRCCS,,wind,ATRCCS_H_wind_E,Spain,1,2024,922.73106506848,4533.453844204764,5456.184909273245,1.372654114632564,380.43443665151494,0.3850287728965696,268.132403542338,0.028908,288.16889937260265,0.99139545712889,6392.9206488397,2.7779863446580233
liquid_hydrogen,ATRCCS,,wind,ATRCCS_H_wind_E,Sweden,1,2024,1091.4023350272344,9113.126257982882,10204.528593010116,1.372654114632564,402.0181929118524,0.4068448192627633,298.97498647480853,0.007128,363.1467719570981,1.2493439117584273,11268.668544353874,3.0359708456537544
liquid_hydrogen,ATRCCS,,wind,ATRCCS_H_wind_E,Czech Republic,1,2024,902.887386249803,4772.147231555767,5675.03461780557,1.372654114632564,358.5889267136765,0.3629481557904174,281.36772819734153,0.081972,262.85493517664605,0.9043071240005276,6577.846207893233,2.7218813944235087
liquid_hydrogen,ATRCCS,,wind,ATRCCS_H_wind_E,Japan,1,2024,1071.5586562085573,5759.155538214583,6830.714194423141,1.372654114632564,157.72394129414766,0.1599214081566048,320.6344686298119,0.095436,122.51418345194588,0.4214889433681275,7431.586787799046,2.049500466157296
liquid_hydrogen,ATRCCS,,wind,ATRCCS_H_wind_E,Belgium,1,2024,1016.9885394571952,3785.1454927583454,4802.134032215541,1.372654114632564,51.45087562910715,0.0525046035901776,317.28311143107146,0.027324,344.1389957110853,1.1839509319419137,5515.007014986804,2.636433650164655
liquid_hydrogen,ATRCCS,,wind,ATRCCS_H_wind_E,Poland,1,2024,917.7701453638108,5225.364554114238,6143.134699478049,1.372654114632564,194.5095199991873,0.1971028830100399,321.2877347060888,0.12177,378.2192602887212,1.3011982114144018,7037.1512144720455,2.9927252090570056
liquid_hydrogen,ATRCCS,,wind,ATRCCS_H_wind_E,India,1,2024,878.0827877264568,3573.8926821412647,4451.975469867722,1.372654114632564,527.0853162860647,0.5332579481689742,254.30238401609589,0.140184,64.04120153981867,0.2203227218963662,5297.404371709701,2.2664187846979043
liquid_hydrogen,ATRCCS,,wind,ATRCCS_H_wind_E,Indonesia,1,2024,798.7080724517485,5782.671939258674,6581.380011710422,1.372654114632564,257.5424918161488,0.2608142323771918,222.49968263610975,0.127908,47.07000358489807,0.1619362388609835,7108.492189747578,1.9233125858707392
liquid_hydrogen,ATRCCS,,wind,ATRCCS_H_wind_E,South Korea,1,2024,932.6529044778182,4218.630076149011,5151.282980626829,1.372654114632564,126.20181287878846,0.1280600302399958,266.36574121483625,0.081972,106.54230160697291,0.3665404352627069,5650.392836327426,1.9492265801352664
liquid_hydrogen,ATRCCS,,wind,ATRCCS_H_wind_E,China,1,2024,907.8483059544722,3338.431751385968,4246.28005734044,1.372654114632564,1422.9103352979398,1.4387240734825033,255.14039703359072,0.11088,89.7633189123943,0.3088152357187376,6014.094108584365,3.2310734238338044
liquid_hydrogen,ATRCCS,,wind,ATRCCS_H_wind_E,United Arab Emirates,1,2024,947.5356635918262,857.721335575813,1805.2569991676392,1.372654114632564,188.6948708838179,0.1912256550996622,269.06174772358366,0.075834,138.7029695048471,0.4771836730361122,2401.716587279888,2.1168974427683382
liquid_hydrogen,ATRCCS,,wind,ATRCCS_H_wind_E,United States,1,2024,992.1839409338492,2362.9533352240132,3355.1372761578623,1.372654114632564,1408.3893706910883,1.4240468304056315,288.0397672498259,0.076032,320.1453902102708,1.101405065453756,5371.711804309048,3.9741380104919517
liquid_hydrogen,ATRCCS,,wind,ATRCCS_H_wind_E,Turkey,1,2024,907.8483059544722,2558.5661810553147,3466.414487009787,1.372654114632564,174.60991317217503,0.176989111339773,266.4263970335907,0.09306,225.66613781509116,0.776365472973638,4133.116935030644,2.419068698945975
liquid_hydrogen,ATRCCS,,wind,ATRCCS_H_wind_E,Australia,1,2024,1016.9885394571952,2997.031742039308,4014.0202814965032,1.372654114632564,1431.9328260410734,1.447843666662513,311.7391114310714,0.109296,71.94760344630073,0.2475233356662321,5829.639822414948,3.1773171169613095
liquid_hydrogen,ATRCCS,,wind,ATRCCS_H_wind_E,Malaysia,1,2024,868.1609483171183,2519.570174188639,3387.7311225057574,1.372654114632564,271.7689086251675,0.2751937576547579,251.9110463435976,0.119592,0.0,0.0,3911.4110774745227,1.7674398722873217
liquid_hydrogen,ATRCCS,,wind,ATRCCS_H_wind_E,Canada,1,2024,1012.0276197525264,1584.649069570922,2596.6766893234485,1.372654114632564,1435.5081568025848,1.4514574760813554,285.2984425948223,0.03465,299.7471486085223,1.031228429108128,4617.230437329378,3.889990019822047
liquid_hydrogen,ATRCCS,,wind,ATRCCS_H_wind_E,Mexico,1,2024,873.1218680217873,1473.3419211913558,2346.463789213143,1.372654114632564,857.852490116471,0.8675849259971682,269.63971517984675,0.10395,392.0916763071803,1.3489238690063396,3866.0476708166416,3.6931129096360724
liquid_hydrogen,ATRCCS,,wind,ATRCCS_H_wind_E,Thailand,1,2024,883.0437074311259,2540.5302742250715,3423.5739816561972,1.372654114632564,202.49409307689865,0.2051733881796016,255.99305285234496,0.109692,32.96471272210662,0.113409415483101,3915.0258403075472,1.8009289182952664
liquid_hydrogen,ATRCCS,,wind,ATRCCS_H_wind_E,Russia,1,2024,937.6138241824876,1762.9061156633647,2700.5199398458526,1.372654114632564,2637.6741412966267,2.666561489546193,262.51241005108545,0.088902,131.33262938756718,0.4518272875077826,5732.039120581132,4.57994489168654
liquid_hydrogen,ATRCCS,,wind,ATRCCS_H_wind_E,Saudi Arabia,1,2024,947.5356635918262,857.3854765092476,1804.921140101074,1.372654114632564,471.0496315857507,0.4766191925771176,260.74574772358363,0.109296,153.97352103222505,0.5297193749978989,2690.6900404426333,2.4882886822075805
liquid_hydrogen,BG,,wind,BG_H_wind_E,South Africa,1,2024,953.10534,1836.1494200894724,2789.2547600894723,1.239964346895058,438.1704908749996,0.4433861978391045,259.92307237858716,0.140382,202.8414917358742,0.6978412100057176,3690.1898150789334,2.5215737547398804
liquid_hydrogen,BG,,wind,BG_H_wind_E,Taiwan,1,2024,937.81488,1678.115994693276,2615.9308746932757,1.239964346895058,108.29765925058994,0.1099631873647823,271.8790658698398,0.125928,69.39296304730028,0.2387345354463574,3065.5005628610056,1.714590069706198
liquid_hydrogen,BG,,wind,BG_H_wind_E,Switzerland,1,2024,1126.39722,2363.9274212512696,3490.32464125127,1.239964346895058,207.83667510659143,0.2105734684932008,342.15581281105756,0.007326,267.9516660024915,0.921841548422986,4308.268795171411,2.3797053638112446
liquid_hydrogen,BG,,wind,BG_H_wind_E,Singapore,1,2024,942.9117,2528.1410427742817,3471.052742774282,1.239964346895058,8.03949538583879,0.0086260185661268,296.5377347060888,0.098802,0.0,0.0,3775.6299728662093,1.347392365461185
liquid_hydrogen,BG,,wind,BG_H_wind_E,Hungary,1,2024,917.4276,1902.6719583993513,2820.0995583993513,1.239964346895058,329.62936309882156,0.3336769216759281,272.6403905248432,0.036234,260.9155686694031,0.8976350676156276,3683.284880692419,2.507510336186614
liquid_hydrogen,BG,,wind,BG_H_wind_E,Philippines,1,2024,912.33078,1935.033160736214,2847.363940736214,1.239964346895058,173.897979404711,0.1762695155523986,261.44572168859406,0.121374,53.57518265866389,0.1843161868553106,3336.2828244881825,1.7219240493027672
liquid_hydrogen,BG,,wind,BG_H_wind_E,Netherlands,1,2024,1044.8481,2061.7967140940636,3106.644814094064,1.239964346895058,82.54212485506892,0.0839304650813442,311.54111143107144,0.050094,344.8307856143194,1.18633091593341,3845.558835994523,2.560319727909812
liquid_hydrogen,BG,,wind,BG_H_wind_E,Norway,1,2024,1156.9781400000002,2046.2949881570544,3203.2731281570545,1.239964346895058,383.8823986934868,0.3885138428199527,318.4418258285524,0.006138,365.9352364688872,1.2589371435588457,4271.532589147981,2.8935533332738563
liquid_hydrogen,BG,,wind,BG_H_wind_E,Oman,1,2024,973.49262,1853.5445109239931,2827.037130923993,1.239964346895058,324.730500960653,0.328725336684938,287.07974772358364,0.10791,133.08464145596236,0.4578547832202749,3571.932021064192,2.134454466800271
liquid_hydrogen,BG,,wind,BG_H_wind_E,Italy,1,2024,978.58944,2149.7914023097132,3128.3808423097134,1.239964346895058,204.80191904673052,0.2075060515842323,339.4584165598328,0.057024,262.85493517664605,0.9043071240005276,3935.4961130929223,2.408801522479818
liquid_hydrogen,BG,,wind,BG_H_wind_E,Austria,1,2024,1060.13856,2102.3274026621143,3162.465962662114,1.239964346895058,166.3134639659168,0.1686033735481032,327.30511793981884,0.020394,262.85493517664605,0.9043071240005276,3918.939479744496,2.3332688444436886
liquid_hydrogen,BG,,wind,BG_H_wind_E,Finland,1,2024,1100.91312,2090.5665598684227,3191.479679868423,1.239964346895058,330.87093754752107,0.3349318582779358,304.99246862981187,0.014256,390.28463948360894,1.3427070701024548,4217.627725529364,2.931859275275449
liquid_hydrogen,BG,,wind,BG_H_wind_E,Portugal,1,2024,927.62124,2032.752653925892,2960.373893925892,1.239964346895058,155.78194980131548,0.1579585164365832,265.3297281973415,0.022176,298.7750768736041,1.0278841837572263,3680.260648798153,2.4479830470888677
liquid_hydrogen,BG,,wind,BG_H_wind_E,Germany,1,2024,1049.94492,2172.7214665185743,3222.666386518574,1.239964346895058,242.44981880117643,0.245559128014774,323.32978026732064,0.0681119999999999,352.7121240980374,1.2134453033147847,4141.158109685109,2.7670807782246167
liquid_hydrogen,BG,,wind,BG_H_wind_E,Greece,1,2024,937.81488,1913.0093211969488,2850.8242011969487,1.239964346895058,135.93126007286196,0.1378941883236556,285.9370658698397,0.06336,233.67889883908552,0.8039319969654449,3506.3714259787357,2.2451505321841587
liquid_hydrogen,BG,,wind,BG_H_wind_E,France,1,2024,1029.5576400000002,2126.0847070051364,3155.642347005137,1.239964346895058,282.1252145483468,0.2856615208873211,299.1431049223241,0.008712,336.975663584434,1.159306721745292,4073.886330060242,2.693644589527671
liquid_hydrogen,BG,,wind,BG_H_wind_E,Brazil,1,2024,937.81488,1793.0006681374832,2730.8155481374833,1.239964346895058,1251.7868275768665,1.2657588892134022,263.7610658698398,0.020394,371.42838203991226,1.2778353646240566,4617.791823624102,3.803952600732517
liquid_hydrogen,BG,,wind,BG_H_wind_E,United Kingdom,1,2024,1085.6226599999998,1890.017491527146,2975.6401515271455,1.239964346895058,225.3250961844594,0.2282501045941831,363.2804621210645,0.041778,334.6331335048618,1.1512476505404123,3898.8788433375307,2.6612401020296534
liquid_hydrogen,BG,,wind,BG_H_wind_E,Spain,1,2024,948.00852,1901.5240497935135,2849.532569793513,1.239964346895058,380.43443665151494,0.3850287728965696,268.132403542338,0.028908,288.16889937260265,0.99139545712889,3786.268309359969,2.6452965769205177
liquid_hydrogen,BG,,wind,BG_H_wind_E,Sweden,1,2024,1121.3004,2215.571328937742,3336.871728937742,1.239964346895058,402.0181929118524,0.4068448192627633,298.97498647480853,0.007128,363.1467719570981,1.2493439117584273,4401.011680281501,2.903281077916249
liquid_hydrogen,BG,,wind,BG_H_wind_E,Czech Republic,1,2024,927.62124,2019.8124840321193,2947.4337240321192,1.239964346895058,358.5889267136765,0.3629481557904174,281.36772819734153,0.081972,262.85493517664605,0.9043071240005276,3850.245314119783,2.589191626686003
liquid_hydrogen,BG,,wind,BG_H_wind_E,Japan,1,2024,1100.91312,2725.0303659396877,3825.943485939688,1.239964346895058,157.72394129414766,0.1599214081566048,320.6344686298119,0.095436,122.51418345194588,0.4214889433681275,4426.816079315593,1.9168106984197903
liquid_hydrogen,BG,,wind,BG_H_wind_E,Belgium,1,2024,1044.8481,2072.5768388730844,3117.424938873084,1.239964346895058,51.45087562910715,0.0525046035901776,317.28311143107146,0.027324,344.1389957110853,1.1839509319419137,3830.297921644348,2.503743882427149
liquid_hydrogen,BG,,wind,BG_H_wind_E,Poland,1,2024,942.9117,1989.9549180406732,2932.866618040673,1.239964346895058,194.5095199991873,0.1971028830100399,321.2877347060888,0.12177,378.2192602887212,1.3011982114144018,3826.8831330346707,2.8600354413195
liquid_hydrogen,BG,,wind,BG_H_wind_E,India,1,2024,902.13714,1871.339435010245,2773.476575010245,1.239964346895058,527.0853162860647,0.5332579481689742,254.30238401609589,0.140184,64.04120153981867,0.2203227218963662,3618.9054768522246,2.1337290169603986
liquid_hydrogen,BG,,wind,BG_H_wind_E,Indonesia,1,2024,820.58802,2263.5458357230673,3084.1338557230674,1.239964346895058,257.5424918161488,0.2608142323771918,222.49968263610975,0.127908,47.07000358489807,0.1619362388609835,3611.2460337602242,1.7906228181332333
liquid_hydrogen,BG,,wind,BG_H_wind_E,South Korea,1,2024,958.20216,2153.779285997899,3111.981445997899,1.239964346895058,126.20181287878846,0.1280600302399958,266.36574121483625,0.081972,106.54230160697291,0.3665404352627069,3611.091301698497,1.8165368123977608
liquid_hydrogen,BG,,wind,BG_H_wind_E,China,1,2024,932.71806,1699.0021160751858,2631.720176075186,1.239964346895058,1422.9103352979398,1.4387240734825033,255.14039703359072,0.11088,89.7633189123943,0.3088152357187376,4399.534227319111,3.0983836560962987
liquid_hydrogen,BG,,wind,BG_H_wind_E,United Arab Emirates,1,2024,973.49262,1851.6445109239933,2825.137130923993,1.239964346895058,188.6948708838179,0.1912256550996622,269.06174772358366,0.075834,138.7029695048471,0.4771836730361122,3421.596719036242,1.9842076750308326
liquid_hydrogen,BG,,wind,BG_H_wind_E,United States,1,2024,1019.364,1902.3510491521067,2921.7150491521065,1.239964346895058,1408.3893706910883,1.4240468304056315,288.0397672498259,0.076032,320.1453902102708,1.101405065453756,4938.2895773032915,3.8414482427544456
liquid_hydrogen,BG,,wind,BG_H_wind_E,Turkey,1,2024,932.71806,2117.077203240922,3049.795263240922,1.239964346895058,174.60991317217503,0.176989111339773,266.4263970335907,0.09306,225.66613781509116,0.776365472973638,3716.4977112617785,2.286378931208469
liquid_hydrogen,BG,,wind,BG_H_wind_E,Australia,1,2024,1044.8481,1960.10220165306,3004.95030165306,1.239964346895058,1431.9328260410734,1.447843666662513,311.7391114310714,0.109296,71.94760344630073,0.2475233356662321,4820.5698425715045,3.0446273492238034
liquid_hydrogen,BG,,wind,BG_H_wind_E,Malaysia,1,2024,891.9435,2154.916116329891,3046.8596163298907,1.239964346895058,271.7689086251675,0.2751937576547579,251.9110463435976,0.119592,0.0,0.0,3570.539571298656,1.6347501045498158
liquid_hydrogen,BG,,wind,BG_H_wind_E,Canada,1,2024,1039.75128,1826.5006496049173,2866.251929604917,1.239964346895058,1435.5081568025848,1.4514574760813554,285.2984425948223,0.03465,299.7471486085223,1.031228429108128,4886.805677610847,3.7573002520845415
liquid_hydrogen,BG,,wind,BG_H_wind_E,Mexico,1,2024,897.04032,1808.420869737656,2705.461189737656,1.239964346895058,857.852490116471,0.8675849259971682,269.63971517984675,0.10395,392.0916763071803,1.3489238690063396,4225.045071341154,3.560423141898566
liquid_hydrogen,BG,,wind,BG_H_wind_E,Thailand,1,2024,907.23396,2058.9954247525116,2966.2293847525116,1.239964346895058,202.49409307689865,0.2051733881796016,255.99305285234496,0.109692,32.96471272210662,0.113409415483101,3457.6812434038616,1.6682391505577605
liquid_hydrogen,BG,,wind,BG_H_wind_E,Russia,1,2024,963.29898,2325.030164902475,3288.329144902475,1.239964346895058,2637.6741412966267,2.666561489546193,262.51241005108545,0.088902,131.33262938756718,0.4518272875077826,6319.848325637755,4.447255123949033
liquid_hydrogen,BG,,wind,BG_H_wind_E,Saudi Arabia,1,2024,973.49262,1848.7945406297704,2822.2871606297704,1.239964346895058,471.0496315857507,0.4766191925771176,260.74574772358363,0.109296,153.97352103222505,0.5297193749978989,3708.0560609713298,2.355598914470075
liquid_hydrogen,LTE,,wind,LTE_H_wind_E,South Africa,1,2024,1084.38495,3027.873997692028,4112.2589476920275,0.5784944000360001,438.1704908749996,0.4433861978391045,259.92307237858716,0.140382,202.8414917358742,0.6978412100057176,5013.194002681488,1.860103807880822
liquid_hydrogen,LTE,,wind,LTE_H_wind_E,Taiwan,1,2024,1066.9884,1619.0440003436445,2686.0324003436444,0.5784944000360001,108.29765925058994,0.1099631873647823,271.8790658698398,0.125928,69.39296304730028,0.2387345354463574,3135.6020885113744,1.0531201228471399
liquid_hydrogen,LTE,,wind,LTE_H_wind_E,Switzerland,1,2024,1281.5458500000002,3362.877614921801,4644.4234649218015,0.5784944000360001,207.83667510659143,0.2105734684932008,342.15581281105756,0.007326,267.9516660024915,0.921841548422986,5462.367618841941,1.718235416952187
liquid_hydrogen,LTE,,wind,LTE_H_wind_E,Singapore,1,2024,1072.78725,5051.385290387846,6124.172540387846,0.5784944000360001,8.03949538583879,0.0086260185661268,296.5377347060888,0.098802,0.0,0.0,6428.749770479773,0.6859224186021269
liquid_hydrogen,LTE,,wind,LTE_H_wind_E,Hungary,1,2024,1043.793,2787.433884087782,3831.2268840877823,0.5784944000360001,329.62936309882156,0.3336769216759281,272.6403905248432,0.036234,260.9155686694031,0.8976350676156276,4694.41220638085,1.8460403893275559
liquid_hydrogen,LTE,,wind,LTE_H_wind_E,Philippines,1,2024,1037.9941499999998,3490.476485514325,4528.470635514324,0.5784944000360001,173.897979404711,0.1762695155523986,261.44572168859406,0.121374,53.57518265866389,0.1843161868553106,5017.389519266293,1.060454102443709
liquid_hydrogen,LTE,,wind,LTE_H_wind_E,Netherlands,1,2024,1188.7642499999995,2616.660302316286,3805.424552316286,0.5784944000360001,82.54212485506892,0.0839304650813442,311.54111143107144,0.050094,344.8307856143194,1.18633091593341,4544.338574216746,1.898849781050754
liquid_hydrogen,LTE,,wind,LTE_H_wind_E,Norway,1,2024,1316.33895,2557.6116356782427,3873.9505856782425,0.5784944000360001,383.8823986934868,0.3885138428199527,318.4418258285524,0.006138,365.9352364688872,1.2589371435588457,4942.210046669169,2.232083386414798
liquid_hydrogen,LTE,,wind,LTE_H_wind_E,Oman,1,2024,1107.5803500000002,3190.6858482947796,4298.266198294779,0.5784944000360001,324.730500960653,0.328725336684938,287.07974772358364,0.10791,133.08464145596236,0.4578547832202749,5043.161088434979,1.4729845199412128
liquid_hydrogen,LTE,,wind,LTE_H_wind_E,Italy,1,2024,1113.3792,3107.962346026672,4221.3415460266715,0.5784944000360001,204.80191904673052,0.2075060515842323,339.4584165598328,0.057024,262.85493517664605,0.9043071240005276,5028.45681680988,1.74733157562076
liquid_hydrogen,LTE,,wind,LTE_H_wind_E,Austria,1,2024,1206.1608,2864.460443462482,4070.621243462482,0.5784944000360001,166.3134639659168,0.1686033735481032,327.30511793981884,0.020394,262.85493517664605,0.9043071240005276,4827.094760544864,1.671798897584631
liquid_hydrogen,LTE,,wind,LTE_H_wind_E,Finland,1,2024,1252.5515999999998,2692.648834408935,3945.2004344089346,0.5784944000360001,330.87093754752107,0.3349318582779358,304.99246862981187,0.014256,390.28463948360894,1.3427070701024548,4971.348480069876,2.2703893284163907
liquid_hydrogen,LTE,,wind,LTE_H_wind_E,Portugal,1,2024,1055.3907,3156.7319797678433,4212.122679767843,0.5784944000360001,155.78194980131548,0.1579585164365832,265.3297281973415,0.022176,298.7750768736041,1.0278841837572263,4932.009434640105,1.7865131002298096
liquid_hydrogen,LTE,,wind,LTE_H_wind_E,Germany,1,2024,1194.5630999999998,3333.0435996091524,4527.606699609152,0.5784944000360001,242.44981880117643,0.245559128014774,323.32978026732064,0.0681119999999999,352.7121240980374,1.2134453033147847,5446.098422775687,2.1056108313655586
liquid_hydrogen,LTE,,wind,LTE_H_wind_E,Greece,1,2024,1066.9884,2843.2533950568813,3910.2417950568815,0.5784944000360001,135.93126007286196,0.1378941883236556,285.9370658698397,0.06336,233.67889883908552,0.8039319969654449,4565.7890198386685,1.5836805853251006
liquid_hydrogen,LTE,,wind,LTE_H_wind_E,France,1,2024,1171.3677,3019.226942419147,4190.594642419147,0.5784944000360001,282.1252145483468,0.2856615208873211,299.1431049223241,0.008712,336.975663584434,1.159306721745292,5108.838625474252,2.032174642668613
liquid_hydrogen,LTE,,wind,LTE_H_wind_E,Brazil,1,2024,1066.9884,1534.0922369413934,2601.080636941393,0.5784944000360001,1251.7868275768665,1.2657588892134022,263.7610658698398,0.020394,371.42838203991226,1.2778353646240566,4488.056912428012,3.1424826538734587
liquid_hydrogen,LTE,,wind,LTE_H_wind_E,United Kingdom,1,2024,1235.1550499999998,2007.8550500858544,3243.010100085854,0.5784944000360001,225.3250961844594,0.2282501045941831,363.2804621210645,0.041778,334.6331335048618,1.1512476505404123,4166.24879189624,1.9997701551705953
liquid_hydrogen,LTE,,wind,LTE_H_wind_E,Spain,1,2024,1078.5861,2239.2090389552855,3317.7951389552854,0.5784944000360001,380.43443665151494,0.3850287728965696,268.132403542338,0.028908,288.16889937260265,0.99139545712889,4254.530878521741,1.9838266300614598
liquid_hydrogen,LTE,,wind,LTE_H_wind_E,Sweden,1,2024,1275.747,2758.45098743647,4034.1979874364697,0.5784944000360001,402.0181929118524,0.4068448192627633,298.97498647480853,0.007128,363.1467719570981,1.2493439117584273,5098.337938780229,2.2418111310571907
liquid_hydrogen,LTE,,wind,LTE_H_wind_E,Czech Republic,1,2024,1055.3907,3265.7982641433964,4321.188964143396,0.5784944000360001,358.5889267136765,0.3629481557904174,281.36772819734153,0.081972,262.85493517664605,0.9043071240005276,5224.00055423106,1.927721679826945
liquid_hydrogen,LTE,,wind,LTE_H_wind_E,Japan,1,2024,1252.5515999999998,7498.389353969567,8750.940953969566,0.5784944000360001,157.72394129414766,0.1599214081566048,320.6344686298119,0.095436,122.51418345194588,0.4214889433681275,9351.813547345471,1.2553407515607322
liquid_hydrogen,LTE,,wind,LTE_H_wind_E,Belgium,1,2024,1188.7642499999995,3042.2058854339703,4230.97013543397,0.5784944000360001,51.45087562910715,0.0525046035901776,317.28311143107146,0.027324,344.1389957110853,1.1839509319419137,4943.843118205234,1.8422739355680915
liquid_hydrogen,LTE,,wind,LTE_H_wind_E,Poland,1,2024,1072.78725,3010.0102099375763,4082.797459937576,0.5784944000360001,194.5095199991873,0.1971028830100399,321.2877347060888,0.12177,378.2192602887212,1.3011982114144018,4976.813974931572,2.198565494460442
liquid_hydrogen,LTE,,wind,LTE_H_wind_E,India,1,2024,1026.39645,2804.931998627405,3831.328448627405,0.5784944000360001,527.0853162860647,0.5332579481689742,254.30238401609589,0.140184,64.04120153981867,0.2203227218963662,4676.757350469385,1.4722590701013405
liquid_hydrogen,LTE,,wind,LTE_H_wind_E,Indonesia,1,2024,933.61485,4983.562121149953,5917.176971149953,0.5784944000360001,257.5424918161488,0.2608142323771918,222.49968263610975,0.127908,47.07000358489807,0.1619362388609835,6444.289149187109,1.1291528712741754
liquid_hydrogen,LTE,,wind,LTE_H_wind_E,South Korea,1,2024,1090.1838,4089.805242106223,5179.989042106223,0.5784944000360001,126.20181287878846,0.1280600302399958,266.36574121483625,0.081972,106.54230160697291,0.3665404352627069,5679.09889780682,1.1550668655387029
liquid_hydrogen,LTE,,wind,LTE_H_wind_E,China,1,2024,1061.1895499999998,1609.7565120556703,2670.94606205567,0.5784944000360001,1422.9103352979398,1.4387240734825033,255.14039703359072,0.11088,89.7633189123943,0.3088152357187376,4438.760113299595,2.4369137092372406
liquid_hydrogen,LTE,,wind,LTE_H_wind_E,United Arab Emirates,1,2024,1107.5803500000002,3185.2484814947793,4292.8288314947795,0.5784944000360001,188.6948708838179,0.1912256550996622,269.06174772358366,0.075834,138.7029695048471,0.4771836730361122,4889.288419607028,1.3227377281717745
liquid_hydrogen,LTE,,wind,LTE_H_wind_E,United States,1,2024,1159.77,2430.78781784613,3590.55781784613,0.5784944000360001,1408.3893706910883,1.4240468304056315,288.0397672498259,0.076032,320.1453902102708,1.101405065453756,5607.1323459973155,3.1799782958953875
liquid_hydrogen,LTE,,wind,LTE_H_wind_E,Turkey,1,2024,1061.1895499999998,4643.024720077853,5704.214270077853,0.5784944000360001,174.60991317217503,0.176989111339773,266.4263970335907,0.09306,225.66613781509116,0.776365472973638,6370.91671809871,1.6249089843494111
liquid_hydrogen,LTE,,wind,LTE_H_wind_E,Australia,1,2024,1188.7642499999995,2664.4917677356675,3853.2560177356672,0.5784944000360001,1431.9328260410734,1.447843666662513,311.7391114310714,0.109296,71.94760344630073,0.2475233356662321,5668.875558654113,2.3831574023647453
liquid_hydrogen,LTE,,wind,LTE_H_wind_E,Malaysia,1,2024,1014.79875,4991.778208479871,6006.576958479871,0.5784944000360001,271.7689086251675,0.2751937576547579,251.9110463435976,0.119592,0.0,0.0,6530.256913448636,0.973280157690758
liquid_hydrogen,LTE,,wind,LTE_H_wind_E,Canada,1,2024,1182.9654,2298.5800350813215,3481.5454350813216,0.5784944000360001,1435.5081568025848,1.4514574760813554,285.2984425948223,0.03465,299.7471486085223,1.031228429108128,5502.099183087252,3.0958303052254834
liquid_hydrogen,LTE,,wind,LTE_H_wind_E,Mexico,1,2024,1020.5975999999998,2854.770184188034,3875.3677841880335,0.5784944000360001,857.852490116471,0.8675849259971682,269.63971517984675,0.10395,392.0916763071803,1.3489238690063396,5394.951665791531,2.8989531950395078
liquid_hydrogen,LTE,,wind,LTE_H_wind_E,Thailand,1,2024,1032.1953,4352.482079440922,5384.677379440922,0.5784944000360001,202.49409307689865,0.2051733881796016,255.99305285234496,0.109692,32.96471272210662,0.113409415483101,5876.129238092272,1.0067692036987026
liquid_hydrogen,LTE,,wind,LTE_H_wind_E,Russia,1,2024,1095.98265,6317.719817004568,7413.702467004568,0.5784944000360001,2637.6741412966267,2.666561489546193,262.51241005108545,0.088902,131.33262938756718,0.4518272875077826,10445.221647739847,3.7857851770899758
liquid_hydrogen,LTE,,wind,LTE_H_wind_E,Saudi Arabia,1,2024,1107.5803500000002,3183.903050759767,4291.483400759767,0.5784944000360001,471.0496315857507,0.4766191925771176,260.74574772358363,0.109296,153.97352103222505,0.5297193749978989,5177.252301101327,1.6941289676110167
liquid_hydrogen,SMR,,wind,SMR_H_wind_E,South Africa,1,2024,740.3525314887445,1084.955434809311,1825.3079662980556,10.577892773767283,438.1704908749996,0.4433861978391045,259.92307237858716,0.140382,202.8414917358742,0.6978412100057176,2726.2430212875165,11.859502181612108
liquid_hydrogen,SMR,,wind,SMR_H_wind_E,Taiwan,1,2024,728.4752181493528,2013.592508352585,2742.0677265019376,10.577892773767283,108.29765925058994,0.1099631873647823,271.8790658698398,0.125928,69.39296304730028,0.2387345354463574,3191.6374146696676,11.052518496578422
liquid_hydrogen,SMR,,wind,SMR_H_wind_E,Switzerland,1,2024,874.9620826685161,8261.82691722204,9136.788999890558,10.577892773767283,207.83667510659143,0.2105734684932008,342.15581281105756,0.007326,267.9516660024915,0.921841548422986,9954.733153810697,11.71763379068347
liquid_hydrogen,SMR,,wind,SMR_H_wind_E,Singapore,1,2024,732.4343225958166,9160.426559062793,9892.860881658607,10.577892773767283,8.03949538583879,0.0086260185661268,296.5377347060888,0.098802,0.0,0.0,10197.438111750536,10.685320792333409
liquid_hydrogen,SMR,,wind,SMR_H_wind_E,Hungary,1,2024,712.6388003634972,3417.2452132299304,4129.884013593428,10.577892773767283,329.62936309882156,0.3336769216759281,272.6403905248432,0.036234,260.9155686694031,0.8976350676156276,4993.0693358864955,11.84543876305884
liquid_hydrogen,SMR,,wind,SMR_H_wind_E,Philippines,1,2024,708.6796959170334,2232.73351015275,2941.413206069783,10.577892773767283,173.897979404711,0.1762695155523986,261.44572168859406,0.121374,53.57518265866389,0.1843161868553106,3430.3320898217517,11.059852476174992
liquid_hydrogen,SMR,,wind,SMR_H_wind_E,Netherlands,1,2024,811.616411525094,5669.813784966925,6481.430196492019,10.577892773767283,82.54212485506892,0.0839304650813442,311.54111143107144,0.050094,344.8307856143194,1.18633091593341,7220.344218392479,11.898248154782038
liquid_hydrogen,SMR,,wind,SMR_H_wind_E,Norway,1,2024,898.7167093472995,4233.035777057656,5131.752486404956,10.577892773767283,383.8823986934868,0.3885138428199527,318.4418258285524,0.006138,365.9352364688872,1.2589371435588457,6200.011947395882,12.231481760146082
liquid_hydrogen,SMR,,wind,SMR_H_wind_E,Oman,1,2024,756.1889492745998,731.3200716134635,1487.509020888063,10.577892773767283,324.730500960653,0.328725336684938,287.07974772358364,0.10791,133.08464145596236,0.4578547832202749,2232.403911028262,11.472382893672497
liquid_hydrogen,SMR,,wind,SMR_H_wind_E,Italy,1,2024,760.1480537210637,6363.970447242495,7124.118500963558,10.577892773767283,204.80191904673052,0.2075060515842323,339.4584165598328,0.057024,262.85493517664605,0.9043071240005276,7931.233771746767,11.746729949352044
liquid_hydrogen,SMR,,wind,SMR_H_wind_E,Austria,1,2024,823.4937248644858,5384.323740530102,6207.817465394588,10.577892773767283,166.3134639659168,0.1686033735481032,327.30511793981884,0.020394,262.85493517664605,0.9043071240005276,6964.2909824769695,11.671197271315915
liquid_hydrogen,SMR,,wind,SMR_H_wind_E,Finland,1,2024,855.1665604361967,5690.272174824788,6545.438735260985,10.577892773767283,330.87093754752107,0.3349318582779358,304.99246862981187,0.014256,390.28463948360894,1.3427070701024548,7571.586780921926,12.269787702147672
liquid_hydrogen,SMR,,wind,SMR_H_wind_E,Portugal,1,2024,720.5570092564251,5045.4136877591945,5765.970697015619,10.577892773767283,155.78194980131548,0.1579585164365832,265.3297281973415,0.022176,298.7750768736041,1.0278841837572263,6485.85745188788,11.785911473961093
liquid_hydrogen,SMR,,wind,SMR_H_wind_E,Germany,1,2024,815.575515971558,5102.774138897388,5918.349654868946,10.577892773767283,242.44981880117643,0.245559128014774,323.32978026732064,0.0681119999999999,352.7121240980374,1.2134453033147847,6836.841378035481,12.105009205096842
liquid_hydrogen,SMR,,wind,SMR_H_wind_E,Greece,1,2024,728.4752181493528,2886.210553590671,3614.685771740024,10.577892773767283,135.93126007286196,0.1378941883236556,285.9370658698397,0.06336,233.67889883908552,0.8039319969654449,4270.232996521811,11.583078959056385
liquid_hydrogen,SMR,,wind,SMR_H_wind_E,France,1,2024,799.7390981857026,5588.752675196102,6388.491773381805,10.577892773767283,282.1252145483468,0.2856615208873211,299.1431049223241,0.008712,336.975663584434,1.159306721745292,7306.7357564369095,12.031573016399896
liquid_hydrogen,SMR,,wind,SMR_H_wind_E,Brazil,1,2024,728.4752181493528,5251.31878811606,5979.794006265413,10.577892773767283,1251.7868275768665,1.2657588892134022,263.7610658698398,0.020394,371.42838203991226,1.2778353646240566,7866.770281752031,13.141881027604741
liquid_hydrogen,SMR,,wind,SMR_H_wind_E,United Kingdom,1,2024,843.2892470968051,4074.0289747819343,4917.31822187874,10.577892773767283,225.3250961844594,0.2282501045941831,363.2804621210645,0.041778,334.6331335048618,1.1512476505404123,5840.556913689125,11.99916852890188
liquid_hydrogen,SMR,,wind,SMR_H_wind_E,Spain,1,2024,736.3934270422805,4096.921733966505,4833.315161008785,10.577892773767283,380.43443665151494,0.3850287728965696,268.132403542338,0.028908,288.16889937260265,0.99139545712889,5770.050900575241,11.983225003792743
liquid_hydrogen,SMR,,wind,SMR_H_wind_E,Sweden,1,2024,871.0029782220523,8260.18444269053,9131.187420912582,10.577892773767283,402.0181929118524,0.4068448192627633,298.97498647480853,0.007128,363.1467719570981,1.2493439117584273,10195.327372256339,12.241209504788474
liquid_hydrogen,SMR,,wind,SMR_H_wind_E,Czech Republic,1,2024,720.5570092564251,4300.042028240096,5020.599037496521,10.577892773767283,358.5889267136765,0.3629481557904174,281.36772819734153,0.081972,262.85493517664605,0.9043071240005276,5923.410627584185,11.92712005355823
liquid_hydrogen,SMR,,wind,SMR_H_wind_E,Japan,1,2024,855.1665604361967,5085.653688485872,5940.820248922069,10.577892773767283,157.72394129414766,0.1599214081566048,320.6344686298119,0.095436,122.51418345194588,0.4214889433681275,6541.6928422979745,11.254739125292014
liquid_hydrogen,SMR,,wind,SMR_H_wind_E,Belgium,1,2024,811.616411525094,3407.9080093793286,4219.524420904423,10.577892773767283,51.45087562910715,0.0525046035901776,317.28311143107146,0.027324,344.1389957110853,1.1839509319419137,4932.397403675686,11.841672309299375
liquid_hydrogen,SMR,,wind,SMR_H_wind_E,Poland,1,2024,732.4343225958166,4702.075336669716,5434.509659265533,10.577892773767283,194.5095199991873,0.1971028830100399,321.2877347060888,0.12177,378.2192602887212,1.3011982114144018,6328.52617425953,12.197963868191724
liquid_hydrogen,SMR,,wind,SMR_H_wind_E,India,1,2024,700.7614870241057,3186.9442402282166,3887.7057272523225,10.577892773767283,527.0853162860647,0.5332579481689742,254.30238401609589,0.140184,64.04120153981867,0.2203227218963662,4733.134629094302,11.471657443832623
liquid_hydrogen,SMR,,wind,SMR_H_wind_E,Indonesia,1,2024,637.4158158806837,5150.665911024248,5788.081726904932,10.577892773767283,257.5424918161488,0.2608142323771918,222.49968263610975,0.127908,47.07000358489807,0.1619362388609835,6315.193904942088,11.128551245005458
liquid_hydrogen,SMR,,wind,SMR_H_wind_E,South Korea,1,2024,744.3116359352082,3753.26854904012,4497.580184975328,10.577892773767283,126.20181287878846,0.1280600302399958,266.36574121483625,0.081972,106.54230160697291,0.3665404352627069,4996.690040675925,11.154465239269985
liquid_hydrogen,SMR,,wind,SMR_H_wind_E,China,1,2024,724.5161137028889,3000.6877685858567,3725.2038822887457,10.577892773767283,1422.9103352979398,1.4387240734825033,255.14039703359072,0.11088,89.7633189123943,0.3088152357187376,5493.01793353267,12.436312082968524
liquid_hydrogen,SMR,,wind,SMR_H_wind_E,United Arab Emirates,1,2024,756.1889492745998,724.9622936148546,1481.1512428894544,10.577892773767283,188.6948708838179,0.1912256550996622,269.06174772358366,0.075834,138.7029695048471,0.4771836730361122,2077.610831001703,11.322136101903059
liquid_hydrogen,SMR,,wind,SMR_H_wind_E,United States,1,2024,791.8208892927747,2122.0467355847836,2913.8676248775582,10.577892773767283,1408.3893706910883,1.4240468304056315,288.0397672498259,0.076032,320.1453902102708,1.101405065453756,4930.442153028744,13.17937666962667
liquid_hydrogen,SMR,,wind,SMR_H_wind_E,Turkey,1,2024,724.5161137028889,2229.455729187426,2953.971842890315,10.577892773767283,174.60991317217503,0.176989111339773,266.4263970335907,0.09306,225.66613781509116,0.776365472973638,3620.6742909111717,11.624307358080694
liquid_hydrogen,SMR,,wind,SMR_H_wind_E,Australia,1,2024,811.616411525094,2701.377264283336,3512.99367580843,10.577892773767283,1431.9328260410734,1.447843666662513,311.7391114310714,0.109296,71.94760344630073,0.2475233356662321,5328.613216726875,12.382555776096028
liquid_hydrogen,SMR,,wind,SMR_H_wind_E,Malaysia,1,2024,692.8432781311778,2182.972948759478,2875.8162268906563,10.577892773767283,271.7689086251675,0.2751937576547579,251.9110463435976,0.119592,0.0,0.0,3399.4961818594215,10.972678531422043
liquid_hydrogen,SMR,,wind,SMR_H_wind_E,Canada,1,2024,807.6573070786303,1415.6067709350707,2223.264078013701,10.577892773767283,1435.5081568025848,1.4514574760813554,285.2984425948223,0.03465,299.7471486085223,1.031228429108128,4243.81782601963,13.095228678956765
liquid_hydrogen,SMR,,wind,SMR_H_wind_E,Mexico,1,2024,696.8023825776418,1281.0055892102348,1977.8079717878768,10.577892773767283,857.852490116471,0.8675849259971682,269.63971517984675,0.10395,392.0916763071803,1.3489238690063396,3497.391853391375,12.89835156877079
liquid_hydrogen,SMR,,wind,SMR_H_wind_E,Thailand,1,2024,704.7205914705696,2217.755773655332,2922.476365125902,10.577892773767283,202.49409307689865,0.2051733881796016,255.99305285234496,0.109692,32.96471272210662,0.113409415483101,3413.928223777252,11.006167577429986
liquid_hydrogen,SMR,,wind,SMR_H_wind_E,Russia,1,2024,748.2707403816722,1470.2298295836238,2218.500569965296,10.577892773767283,2637.6741412966267,2.666561489546193,262.51241005108545,0.088902,131.33262938756718,0.4518272875077826,5250.019750700576,13.785183550821259
liquid_hydrogen,SMR,,wind,SMR_H_wind_E,Saudi Arabia,1,2024,756.1889492745998,724.6264512361092,1480.815400510709,10.577892773767283,471.0496315857507,0.4766191925771176,260.74574772358363,0.109296,153.97352103222505,0.5297193749978989,2366.5843008522684,11.693527341342302
liquid_hydrogen,SMRCCS,,wind,SMRCCS_H_wind_E,South Africa,1,2024,1013.6891058200858,1348.1011827241502,2361.7902885442363,1.9460863123384864,438.1704908749996,0.4433861978391045,259.92307237858716,0.140382,202.8414917358742,0.6978412100057176,3262.7253435336975,3.2276957201833087
liquid_hydrogen,SMRCCS,,wind,SMRCCS_H_wind_E,Taiwan,1,2024,997.4267137481056,2564.5406118054266,3561.967325553532,1.9460863123384864,108.29765925058994,0.1099631873647823,271.8790658698398,0.125928,69.39296304730028,0.2387345354463574,4011.537013721262,2.4207120351496263
liquid_hydrogen,SMRCCS,,wind,SMRCCS_H_wind_E,Switzerland,1,2024,1197.9962159691922,10571.567896933648,11769.56411290284,1.9460863123384864,207.83667510659143,0.2105734684932008,342.15581281105756,0.007326,267.9516660024915,0.921841548422986,12587.50826682298,3.0858273292546734
liquid_hydrogen,SMRCCS,,wind,SMRCCS_H_wind_E,Singapore,1,2024,1002.8475111054324,11693.906767818647,12696.75427892408,1.9460863123384864,8.03949538583879,0.0086260185661268,296.5377347060888,0.098802,0.0,0.0,13001.331509016009,2.0535143309046133
liquid_hydrogen,SMRCCS,,wind,SMRCCS_H_wind_E,Hungary,1,2024,975.743524318799,4349.939628686389,5325.683153005189,1.9460863123384864,329.62936309882156,0.3336769216759281,272.6403905248432,0.036234,260.9155686694031,0.8976350676156276,6188.868475298256,3.213632301630042
liquid_hydrogen,SMRCCS,,wind,SMRCCS_H_wind_E,Philippines,1,2024,970.3227269614724,2813.1583619796834,3783.481088941155,1.9460863123384864,173.897979404711,0.1762695155523986,261.44572168859406,0.121374,53.57518265866389,0.1843161868553106,4272.399972693124,2.4280460147461955
liquid_hydrogen,SMRCCS,,wind,SMRCCS_H_wind_E,Netherlands,1,2024,1111.2634582519654,7252.222485203755,8363.48594345572,1.9460863123384864,82.54212485506892,0.0839304650813442,311.54111143107144,0.050094,344.8307856143194,1.18633091593341,9102.39996535618,3.2664416933532405
liquid_hydrogen,SMRCCS,,wind,SMRCCS_H_wind_E,Norway,1,2024,1230.5210001131522,5407.238462011698,6637.75946212485,1.9460863123384864,383.8823986934868,0.3885138428199527,318.4418258285524,0.006138,365.9352364688872,1.2589371435588457,7706.0189231157765,3.5996752987172846
liquid_hydrogen,SMRCCS,,wind,SMRCCS_H_wind_E,Oman,1,2024,1035.3722952493924,891.2458466636194,1926.618141913012,1.9460863123384864,324.730500960653,0.328725336684938,287.07974772358364,0.10791,133.08464145596236,0.4578547832202749,2671.513032053211,2.8405764322436995
liquid_hydrogen,SMRCCS,,wind,SMRCCS_H_wind_E,Italy,1,2024,1040.793092606719,8132.845013606526,9173.638106213244,1.9460863123384864,204.80191904673052,0.2075060515842323,339.4584165598328,0.057024,262.85493517664605,0.9043071240005276,9980.753376996456,3.114923487923247
liquid_hydrogen,SMRCCS,,wind,SMRCCS_H_wind_E,Austria,1,2024,1127.525850323946,6879.55483057137,8007.080680895316,1.9460863123384864,166.3134639659168,0.1686033735481032,327.30511793981884,0.020394,262.85493517664605,0.9043071240005276,8763.554197977697,3.0393908098871174
liquid_hydrogen,SMRCCS,,wind,SMRCCS_H_wind_E,Finland,1,2024,1170.892229182559,7278.362444327182,8449.25467350974,1.9460863123384864,330.87093754752107,0.3349318582779358,304.99246862981187,0.014256,390.28463948360894,1.3427070701024548,9475.402719170683,3.637981240718877
liquid_hydrogen,SMRCCS,,wind,SMRCCS_H_wind_E,Portugal,1,2024,986.5851190334524,6438.877261688285,7425.462380721738,1.9460863123384864,155.78194980131548,0.1579585164365832,265.3297281973415,0.022176,298.7750768736041,1.0278841837572263,8145.349135594,3.1541050125322956
liquid_hydrogen,SMRCCS,,wind,SMRCCS_H_wind_E,Germany,1,2024,1116.6842556092922,6511.506316051201,7628.190571660493,1.9460863123384864,242.44981880117643,0.245559128014774,323.32978026732064,0.0681119999999999,352.7121240980374,1.2134453033147847,8546.68229482703,3.473202743668045
liquid_hydrogen,SMRCCS,,wind,SMRCCS_H_wind_E,Greece,1,2024,997.4267137481056,3665.846451533815,4663.27316528192,1.9460863123384864,135.93126007286196,0.1378941883236556,285.9370658698397,0.06336,233.67889883908552,0.8039319969654449,5318.820390063707,2.9512724976275866
liquid_hydrogen,SMRCCS,,wind,SMRCCS_H_wind_E,France,1,2024,1095.0010661799856,7139.690470488968,8234.691536668954,1.9460863123384864,282.1252145483468,0.2856615208873211,299.1431049223241,0.008712,336.975663584434,1.159306721745292,9152.935519724058,3.3997665549710994
liquid_hydrogen,SMRCCS,,wind,SMRCCS_H_wind_E,Brazil,1,2024,997.4267137481056,6731.09909816522,7728.525811913326,1.9460863123384864,1251.7868275768665,1.2657588892134022,263.7610658698398,0.020394,371.42838203991226,1.2778353646240566,9615.502087399944,4.510074566175945
liquid_hydrogen,SMRCCS,,wind,SMRCCS_H_wind_E,United Kingdom,1,2024,1154.629837110579,5212.142316474436,6366.772153585014,1.9460863123384864,225.3250961844594,0.2282501045941831,363.2804621210645,0.041778,334.6331335048618,1.1512476505404123,7290.0108453954,3.3673620674730818
liquid_hydrogen,SMRCCS,,wind,SMRCCS_H_wind_E,Spain,1,2024,1008.268308462759,5236.06333222457,6244.331640687329,1.9460863123384864,380.43443665151494,0.3850287728965696,268.132403542338,0.028908,288.16889937260265,0.99139545712889,7181.067380253785,3.351418542363946
liquid_hydrogen,SMRCCS,,wind,SMRCCS_H_wind_E,Sweden,1,2024,1192.5754186118656,10581.877516709694,11774.452935321558,1.9460863123384864,402.0181929118524,0.4068448192627633,298.97498647480853,0.007128,363.1467719570981,1.2493439117584273,12838.592886665316,3.609403043359677
liquid_hydrogen,SMRCCS,,wind,SMRCCS_H_wind_E,Czech Republic,1,2024,986.5851190334524,5481.408844994992,6467.993964028445,1.9460863123384864,358.5889267136765,0.3629481557904174,281.36772819734153,0.081972,262.85493517664605,0.9043071240005276,7370.805554116108,3.295313592129431
liquid_hydrogen,SMRCCS,,wind,SMRCCS_H_wind_E,Japan,1,2024,1170.892229182559,6408.583941614841,7579.4761707974,1.9460863123384864,157.72394129414766,0.1599214081566048,320.6344686298119,0.095436,122.51418345194588,0.4214889433681275,8180.348764173306,2.622932663863218
liquid_hydrogen,SMRCCS,,wind,SMRCCS_H_wind_E,Belgium,1,2024,1111.2634582519654,4335.378811488516,5446.642269740481,1.9460863123384864,51.45087562910715,0.0525046035901776,317.28311143107146,0.027324,344.1389957110853,1.1839509319419137,6159.515252511745,3.2098658478705775
liquid_hydrogen,SMRCCS,,wind,SMRCCS_H_wind_E,Poland,1,2024,1002.8475111054324,5999.908657736069,7002.756168841501,1.9460863123384864,194.5095199991873,0.1971028830100399,321.2877347060888,0.12177,378.2192602887212,1.3011982114144018,7896.772683835497,3.5661574067629283
liquid_hydrogen,SMRCCS,,wind,SMRCCS_H_wind_E,India,1,2024,959.4811322468192,4051.6579988220383,5011.139131068858,1.9460863123384864,527.0853162860647,0.5332579481689742,254.30238401609589,0.140184,64.04120153981867,0.2203227218963662,5856.568032910837,2.839850982403827
liquid_hydrogen,SMRCCS,,wind,SMRCCS_H_wind_E,Indonesia,1,2024,872.7483745295924,6536.935563082109,7409.683937611701,1.9460863123384864,257.5424918161488,0.2608142323771918,222.49968263610975,0.127908,47.07000358489807,0.1619362388609835,7936.796115648857,2.4967447835766614
liquid_hydrogen,SMRCCS,,wind,SMRCCS_H_wind_E,South Korea,1,2024,1019.1099031774122,4756.221932297773,5775.331835475185,1.9460863123384864,126.20181287878846,0.1280600302399958,266.36574121483625,0.081972,106.54230160697291,0.3665404352627069,6274.441691175782,2.522658777841189
liquid_hydrogen,SMRCCS,,wind,SMRCCS_H_wind_E,China,1,2024,992.005916390779,3834.541398509418,4826.547314900197,1.9460863123384864,1422.9103352979398,1.4387240734825033,255.14039703359072,0.11088,89.7633189123943,0.3088152357187376,6594.361366144122,3.804505621539727
liquid_hydrogen,SMRCCS,,wind,SMRCCS_H_wind_E,United Arab Emirates,1,2024,1035.3722952493924,882.0799256698305,1917.4522209192228,1.9460863123384864,188.6948708838179,0.1912256550996622,269.06174772358366,0.075834,138.7029695048471,0.4771836730361122,2513.911809031472,2.690329640474261
liquid_hydrogen,SMRCCS,,wind,SMRCCS_H_wind_E,United States,1,2024,1084.1594714653322,2692.406582242395,3776.5660537077274,1.9460863123384864,1408.3893706910883,1.4240468304056315,288.0397672498259,0.076032,320.1453902102708,1.101405065453756,5793.140581858913,4.5475702081978735
liquid_hydrogen,SMRCCS,,wind,SMRCCS_H_wind_E,Turkey,1,2024,992.005916390779,2787.481786934622,3779.487703325401,1.9460863123384864,174.60991317217503,0.176989111339773,266.4263970335907,0.09306,225.66613781509116,0.776365472973638,4446.190151346258,2.9925008966518973
liquid_hydrogen,SMRCCS,,wind,SMRCCS_H_wind_E,Australia,1,2024,1111.2634582519654,3435.122014976799,4546.385473228765,1.9460863123384864,1431.9328260410734,1.447843666662513,311.7391114310714,0.109296,71.94760344630073,0.2475233356662321,6362.00501414721,3.7507493146672317
liquid_hydrogen,SMRCCS,,wind,SMRCCS_H_wind_E,Malaysia,1,2024,948.6395375321658,2720.514113802474,3669.15365133464,1.9460863123384864,271.7689086251675,0.2751937576547579,251.9110463435976,0.119592,0.0,0.0,4192.833606303405,2.340872069993244
liquid_hydrogen,SMRCCS,,wind,SMRCCS_H_wind_E,Canada,1,2024,1105.842660894639,1787.062368225847,2892.905029120486,1.9460863123384864,1435.5081568025848,1.4514574760813554,285.2984425948223,0.03465,299.7471486085223,1.031228429108128,4913.458777126416,4.46342221752797
liquid_hydrogen,SMRCCS,,wind,SMRCCS_H_wind_E,Mexico,1,2024,954.0603348894924,1600.6661144208094,2554.726449310302,1.9460863123384864,857.852490116471,0.8675849259971682,269.63971517984675,0.10395,392.0916763071803,1.3489238690063396,4074.3103309138005,4.266545107341995
liquid_hydrogen,SMRCCS,,wind,SMRCCS_H_wind_E,Thailand,1,2024,964.9019296041458,2777.7091721316665,3742.611101735813,1.9460863123384864,202.49409307689865,0.2051733881796016,255.99305285234496,0.109692,32.96471272210662,0.113409415483101,4234.062960387163,2.374361116001189
liquid_hydrogen,SMRCCS,,wind,SMRCCS_H_wind_E,Russia,1,2024,1024.530700534739,1780.8215693190652,2805.3522698538045,1.9460863123384864,2637.6741412966267,2.666561489546193,262.51241005108545,0.088902,131.33262938756718,0.4518272875077826,5836.871450589084,5.153377089392462
liquid_hydrogen,SMRCCS,,wind,SMRCCS_H_wind_E,Saudi Arabia,1,2024,1035.3722952493924,881.7440666032649,1917.1163618526573,1.9460863123384864,471.0496315857507,0.4766191925771176,260.74574772358363,0.109296,153.97352103222505,0.5297193749978989,2802.8852621942165,3.061720879913503
