Fuel,Hydrogen Source,Carbon Source,Electricity Source,Pathway Name,Region,Number,Year,CapEx [$/tonne],OpEx [$/tonne],Fuel Production LCOF [$/tonne],Fuel Production Emissions [kg CO2e / kg fuel],Land Transport Cost [$/tonne],Land Transport Emissions [kg CO2e / kg fuel],Fuel Storage Cost [$/tonne],Fuel Storage Emissions [kg CO2e / kg fuel],Tanker Transport Cost [$/tonne],Tanker Transport Emissions [kg CO2e / kg fuel],Final LCOF [$/tonne],Final Emissions [kg CO2e / kg fuel]
lng,,,,fossil,South Africa,1,2024,78.20798562778377,240.8255164709382,319.03350209872195,0.7910301332826266,36.05304361240747,0.0488776508666503,12.135525238045703,0.05672,33.55415330584088,0.1154372842719738,400.776224255016,1.0120650684212507
lng,,,,fossil,Taiwan,1,2024,76.95331206156263,698.8862834708979,775.8395955324605,0.7880364937215154,8.910824241692303,0.0120805378015195,18.45634568877224,0.05088,11.47902285922631,0.0394916007233694,814.6857883221514,0.8904886322464044
lng,,,,fossil,Switzerland,1,2024,92.4276193782899,3056.56944818408,3148.99706756237,0.76347224581596,17.100979796499654,0.0231840542772731,28.47289346314492,0.00296,44.32471484340281,0.1524915458606248,3238.8956556654175,0.9421078459538579
lng,,,,fossil,Singapore,1,2024,77.37153658363636,3326.3255191088556,3403.697055692492,0.7824182934492933,0.6614965722328433,0.0008968008042448,27.9227388718634,0.03992,0.0,0.0,3432.281291136588,0.823235094253538
lng,,,,fossil,Hungary,1,2024,75.2804139732678,1184.9583359061846,1260.2387498794524,0.7694595249381821,27.122186571715517,0.0367699542996764,20.75077295640763,0.01464,43.160799677088185,0.148487296231744,1351.2725090846636,0.9693567754696026
lng,,,,fossil,Philippines,1,2024,74.8621894511941,676.0710826478022,750.9332720989963,0.7870932922159599,14.30847482008127,0.0193982134825784,16.72437977331648,0.04904,8.862436757554681,0.0304896869844766,790.8285634499488,0.8860211926830149
lng,,,,fossil,Netherlands,1,2024,85.73602702511054,2077.355297984755,2163.0913250098656,0.77233013821596,6.791636792605323,0.0092075236568326,24.05060253368647,0.02024,57.04210191937808,0.196243525345994,2250.9756662555355,0.9980211872187866
lng,,,,fossil,Norway,1,2024,94.93696651073216,1501.6342942370595,1596.571260747792,0.7632261932492933,31.586172849052392,0.0428218473127285,15.911252561691846,0.00248,60.53321201401219,0.2082540882335661,1704.6018981725483,1.016782128795588
lng,,,,fossil,Oman,1,2024,79.88088371607861,93.90822529023664,173.78910900631524,0.7843046964604043,26.719103995420006,0.0362234892176598,21.12109797041032,0.0436,22.014936016547047,0.0757385949812978,243.6442469886926,0.9398667806593619
lng,,,,fossil,Italy,1,2024,80.29910823815231,2338.923298089766,2419.222406327918,0.7737654448548488,16.85127746633886,0.0228455290907342,41.78749115350147,0.0230399999999999,43.481610772211546,0.1495909915402742,2521.3427857199704,0.9692419654858572
lng,,,,fossil,Austria,1,2024,86.99070059133169,1953.191024668595,2040.181725259927,0.7661788240492933,13.684414387924436,0.018552165413778,28.929782082959928,0.0082399999999999,43.481610772211546,0.1495909915402742,2126.277532503023,0.9425619810033454
lng,,,,fossil,Finland,1,2024,90.33649676792136,2073.5639423336406,2163.900439101562,0.7649075524548489,27.22434438169863,0.0369084511717668,15.940927547689158,0.0057599999999999,64.56110391457831,0.2221113564562004,2271.626814945528,1.029687360082816
lng,,,,fossil,Portugal,1,2024,76.11686301741521,1801.7750556964509,1877.891918713866,0.7665479028992932,12.817872374283043,0.0173773814354991,16.803559322589937,0.00896,49.423540753857885,0.1700331780607748,1956.936891164597,0.962918462395567
lng,,,,fossil,Germany,1,2024,86.15425154718426,1808.7390091856944,1894.8932607328784,0.776061935477071,19.948978931930707,0.0270451293339769,28.316995716777623,0.02752,58.34583735079685,0.2007288025109504,2001.5050727323837,1.0313558673219982
lng,,,,fossil,Greece,1,2024,76.95331206156264,971.9771687285678,1048.9304807901303,0.7750777252104044,11.184540606351485,0.0151630491100337,24.136345688772245,0.0256,38.655294480858075,0.1329868817410128,1122.9066615661122,0.9488276560614509
lng,,,,fossil,France,1,2024,84.48135345888942,2021.1628452602552,2105.6441987191447,0.7637593071437376,23.213504505882067,0.031470895517943,20.531422984413005,0.0035199999999999,55.74270322845311,0.1917731679896417,2205.131829437893,0.9905233706513222
lng,,,,fossil,Brazil,1,2024,76.95331206156263,1981.3129269959625,2058.266239057525,0.7661788240492933,102.99809327173692,0.1396360567221048,15.176345688772244,0.0082399999999999,61.4418912346397,0.2113802425593065,2237.882569252674,1.1254351233307045
lng,,,,fossil,United Kingdom,1,2024,89.08182320170022,1489.4224789815262,1578.5043021832264,0.7706077702492933,18.53994207479783,0.0251348769763235,40.9817479984157,0.01688,55.355200589122006,0.1904400319118252,1693.381192845562,1.003062679137442
lng,,,,fossil,Spain,1,2024,77.78976110571006,1476.0927638150015,1553.8825249207118,0.7679422007770711,31.30247157646122,0.042437229251041,15.949132054954552,0.01168,47.66906092425297,0.1639971924409472,1648.8031894763806,0.9860566224690593
lng,,,,fossil,Sweden,1,2024,92.0093948562162,3083.9918893724835,3176.0012842286997,0.7634312370548488,33.07840154431364,0.0448448840905465,11.52280028005377,0.0028799999999999,60.07194265084708,0.2066671704497585,3280.674428703914,1.0178232915951537
lng,,,,fossil,Czech Republic,1,2024,76.11686301741521,1498.2492545875757,1574.366117604991,0.7789325487548489,29.505004291634744,0.0400003759485437,23.283559322589937,0.03312,43.481610772211546,0.1495909915402742,1670.6362919914272,1.0016439162436668
lng,,,,fossil,Japan,1,2024,90.33649676792136,1569.5050545245228,1659.841551292444,0.7817211445104044,12.977661099092396,0.0175940094014379,22.260927547689153,0.03856,20.26636492616301,0.0697229373608958,1715.3465048653884,0.9075980912727382
lng,,,,fossil,Belgium,1,2024,85.73602702511054,1156.464780748723,1242.2008077738335,0.7676141306881822,4.233422153209155,0.0057393137788924,26.37060253368647,0.01104,56.92766564566551,0.1958498270595502,1329.7324981063946,0.9802432715266248
lng,,,,fossil,Poland,1,2024,77.37153658363636,1685.977973809978,1763.3495103936143,0.7871753097381822,16.004410049511293,0.0216974182578447,37.9227388718634,0.0492,62.56524212252678,0.2152449377760272,1879.8419014375158,1.073317665772054
lng,,,,fossil,India,1,2024,74.02574040704667,1094.6636024085744,1168.689342815621,0.7909891245215155,43.369031669780384,0.0587960453816087,14.831593407134172,0.0566399999999999,10.59373146967094,0.0364459082015484,1237.4836993622068,0.9428710781046724
lng,,,,fossil,Indonesia,1,2024,67.3341480538673,1743.613384993876,1810.9475330477433,0.7884465813326265,21.19081700585028,0.0287287077985997,9.929302477675712,0.05168,7.786346387408373,0.0267875834377514,1849.8539989186777,0.8956428725689776
lng,,,,fossil,South Korea,1,2024,78.62621014985747,1239.4037225051404,1318.029932654998,0.7789325487548489,10.383993350619884,0.0140777352128614,14.241918421136855,0.03312,17.624287275172158,0.0606333243378496,1360.280131701927,0.8867636083055599
lng,,,,fossil,China,1,2024,76.53508753948893,1087.2821834420522,1163.8172709815412,0.784919827877071,117.07828218326276,0.1587247795814752,12.189952505681092,0.0448,14.848698549059618,0.0510843894600154,1307.9342042195447,1.0395289969185617
lng,,,,fossil,United Arab Emirates,1,2024,79.88088371607861,89.97499756073945,169.85588127681808,0.7776612771604043,15.525975735670064,0.0210487976973739,13.84109797041032,0.03064,22.944322992857888,0.0789359907732634,222.16727797575635,0.9082860656310416
lng,,,,fossil,United States,1,2024,83.644904414742,681.2532320909016,764.8981365056436,0.7777022859215155,115.88348476726244,0.1571049748408973,17.038636618230697,0.03072,52.95862996936256,0.1821950435376774,950.7788878604993,1.1477223043000901
lng,,,,fossil,Turkey,1,2024,76.53508753948893,607.6665458392329,684.2016333787218,0.7812290393770711,14.367053340775968,0.0194776292598864,16.749952505681094,0.0376,37.32981905913191,0.1284268118844242,752.6484582843108,0.9667334805213816
lng,,,,fossil,Australia,1,2024,85.73602702511054,897.0667052486705,982.802732273781,0.7845917577881821,117.82066045617007,0.1597312329179604,24.130602533686467,0.04416,11.901612906537595,0.0409454489840402,1136.6556081701751,1.0294284396901827
lng,,,,fossil,Malaysia,1,2024,73.18929136289924,570.2857033836555,643.4749947465547,0.7867242133659599,22.36137877654277,0.0303156559120751,14.858807040951865,0.04832,0.0,0.0,680.6951805640493,0.865359869278035
lng,,,,fossil,Canada,1,2024,85.31780250303683,408.43724046785945,493.7550429708963,0.7691314548492932,118.11484173619228,0.1601300588825865,13.944209350595314,0.0139999999999999,49.584341405335,0.1705863850019987,675.3984354630188,1.1138478987338782
lng,,,,fossil,Mexico,1,2024,73.60751588497295,338.81042833392524,412.4179442188982,0.7834845212381821,70.584838283883,0.0956929217740524,21.525200224043015,0.042,64.86002495922516,0.2231397428169365,569.3880076860494,1.1443171858291712
lng,,,,fossil,Thailand,1,2024,74.44396492912038,620.1136000438344,694.5575649729548,0.7846737753104043,16.66138756714907,0.0225880925121339,15.017986590225323,0.04432,5.453041263376516,0.0187602491032793,731.6899803937056,0.8703421169258175
lng,,,,fossil,Russia,1,2024,79.04443467193119,207.5752231099324,286.61965778186357,0.7803678553937377,217.03008950143004,0.2942309408395722,12.188311604228012,0.03592,21.725117197756443,0.0747415232606332,537.563176085278,1.185260319493943
lng,,,,fossil,Saudi Arabia,1,2024,79.88088371607861,88.25262959407279,168.1335133101514,0.7845917577881821,38.75836749584844,0.0525452989486706,10.48109797041032,0.04416,25.47038618944284,0.0876264760510543,242.843364965853,0.968923532787907
lng,ATRCCS,BEC,grid,ATRCCS_H_BEC_C_grid_E,South Africa,1,2024,282.2603481762618,577.1225342474721,859.3828824237339,-0.4779927503650512,36.05304361240747,0.0488776508666503,12.135525238045703,0.05672,33.55415330584088,0.1154372842719738,941.1256045800279,-0.2569578152264271
lng,ATRCCS,BEC,grid,ATRCCS_H_BEC_C_grid_E,Taiwan,1,2024,277.73210729642864,1386.1294315784116,1663.8615388748403,-0.6005953950433465,8.910824241692303,0.0120805378015195,18.45634568877224,0.05088,11.47902285922631,0.0394916007233694,1702.7077316645311,-0.49814325651845753
lng,ATRCCS,BEC,grid,ATRCCS_H_BEC_C_grid_E,Switzerland,1,2024,333.58041148103655,5129.017884228507,5462.598295709543,-1.6066088767186744,17.100979796499654,0.0231840542772731,28.47289346314492,0.00296,44.32471484340281,0.1524915458606248,5552.496883812591,-1.4279732765807764
lng,ATRCCS,BEC,grid,ATRCCS_H_BEC_C_grid_E,Singapore,1,2024,279.2415209230397,5479.8917721179605,5759.133293041,-0.8306852898505587,0.6614965722328433,0.0008968008042448,27.9227388718634,0.03992,0.0,0.0,5787.717528485096,-0.7898684890463139
lng,ATRCCS,BEC,grid,ATRCCS_H_BEC_C_grid_E,Hungary,1,2024,271.69445278998455,2150.755551343676,2422.4500041336605,-1.361403587362084,27.122186571715517,0.0367699542996764,20.75077295640763,0.01464,43.160799677088185,0.148487296231744,2513.483763338872,-1.1615063368306635
lng,ATRCCS,BEC,grid,ATRCCS_H_BEC_C_grid_E,Philippines,1,2024,270.1850391633735,1308.5887272406417,1578.773766404015,-0.639223625558426,14.30847482008127,0.0193982134825784,16.72437977331648,0.04904,8.862436757554681,0.0304896869844766,1618.6690577549675,-0.540295725091371
lng,ATRCCS,BEC,grid,ATRCCS_H_BEC_C_grid_E,Netherlands,1,2024,309.42979345526015,3563.3453134724323,3872.775106927693,-1.2438394075335817,6.791636792605323,0.0092075236568326,24.05060253368647,0.02024,57.04210191937808,0.196243525345994,3960.6594481733628,-1.0181483585307551
lng,ATRCCS,BEC,grid,ATRCCS_H_BEC_C_grid_E,Norway,1,2024,342.63689324070276,2561.3810556741128,2904.0179489148154,-1.6166858064182603,31.586172849052392,0.0428218473127285,15.911252561691846,0.00248,60.53321201401219,0.2082540882335661,3012.048586339572,-1.3631298708719657
lng,ATRCCS,BEC,grid,ATRCCS_H_BEC_C_grid_E,Oman,1,2024,288.2980026827058,543.9657420400945,832.2637447228003,-0.7534288288203997,26.719103995420006,0.0362234892176598,21.12109797041032,0.0436,22.014936016547047,0.0757385949812978,902.1188827051777,-0.5978667446214422
lng,ATRCCS,BEC,grid,ATRCCS_H_BEC_C_grid_E,Italy,1,2024,289.8074163093168,4309.233965432226,4599.041381741543,-1.1850573176193302,16.85127746633886,0.0228455290907342,41.78749115350147,0.0230399999999999,43.481610772211546,0.1495909915402742,4701.161761133595,-0.9895807969883219
lng,ATRCCS,BEC,grid,ATRCCS_H_BEC_C_grid_E,Austria,1,2024,313.95803433509326,3484.465777326556,3798.42381166165,-1.4957626500232293,13.684414387924436,0.018552165413778,28.929782082959928,0.0082399999999999,43.481610772211546,0.1495909915402742,3884.5196189047456,-1.3193794930691773
lng,ATRCCS,BEC,grid,ATRCCS_H_BEC_C_grid_E,Finland,1,2024,326.0333433479815,3395.381775441334,3721.4151187893153,-1.547826786804423,27.22434438169863,0.0369084511717668,15.940927547689158,0.0057599999999999,64.56110391457831,0.2221113564562004,3829.1414946332816,-1.283046979176456
lng,ATRCCS,BEC,grid,ATRCCS_H_BEC_C_grid_E,Portugal,1,2024,274.7132800432066,2984.6034157462295,3259.3166957894364,-1.4806472554738503,12.817872374283043,0.0173773814354991,16.803559322589937,0.00896,49.423540753857885,0.1700331780607748,3338.3616682401675,-1.2842766959775762
lng,ATRCCS,BEC,grid,ATRCCS_H_BEC_C_grid_E,Germany,1,2024,310.93920708187125,3267.414892896493,3578.354099978364,-1.0910059737565283,19.948978931930707,0.0270451293339769,28.316995716777623,0.02752,58.34583735079685,0.2007288025109504,3684.9659119778694,-0.8357120419116011
lng,ATRCCS,BEC,grid,ATRCCS_H_BEC_C_grid_E,Greece,1,2024,277.73210729642864,1914.0638526535315,2191.79595994996,-1.131313692554872,11.184540606351485,0.0151630491100337,24.136345688772245,0.0256,38.655294480858075,0.1329868817410128,2265.772140725942,-0.9575637617038254
lng,ATRCCS,BEC,grid,ATRCCS_H_BEC_C_grid_E,France,1,2024,304.9015525754271,3414.97186797982,3719.8734205552473,-1.5948524587358244,23.213504505882067,0.031470895517943,20.531422984413005,0.0035199999999999,55.74270322845311,0.1917731679896417,3819.3610512739956,-1.3680883952282397
lng,ATRCCS,BEC,grid,ATRCCS_H_BEC_C_grid_E,Brazil,1,2024,277.73210729642864,3209.308391960751,3487.04049925718,-1.4957626500232293,102.99809327173692,0.1396360567221048,15.176345688772244,0.0082399999999999,61.4418912346397,0.2113802425593065,3666.656829452328,-1.136506350741818
lng,ATRCCS,BEC,grid,ATRCCS_H_BEC_C_grid_E,United Kingdom,1,2024,321.5051024681483,3025.8330360297914,3347.33813849794,-1.314377915430683,18.53994207479783,0.0251348769763235,40.9817479984157,0.01688,55.355200589122006,0.1904400319118252,3462.215029160275,-1.0819230065425343
lng,ATRCCS,BEC,grid,ATRCCS_H_BEC_C_grid_E,Spain,1,2024,280.75093454965065,2504.4366200146096,2785.18755456426,-1.4235446538428638,31.30247157646122,0.042437229251041,15.949132054954552,0.01168,47.66906092425297,0.1639971924409472,2880.108219119929,-1.2054302321508756
lng,ATRCCS,BEC,grid,ATRCCS_H_BEC_C_grid_E,Sweden,1,2024,332.07099785442557,4798.810448286152,5130.881446140577,-1.6082883650019386,33.07840154431364,0.0448448840905465,11.52280028005377,0.0028799999999999,60.07194265084708,0.2066671704497585,5235.554590615791,-1.3538963104616337
lng,ATRCCS,BEC,grid,ATRCCS_H_BEC_C_grid_E,Czech Republic,1,2024,274.7132800432066,2669.7362318441596,2944.4495118873665,-0.9734417939280258,29.505004291634744,0.0400003759485437,23.283559322589937,0.03312,43.481610772211546,0.1495909915402742,3040.719686273803,-0.7507304264392078
lng,ATRCCS,BEC,grid,ATRCCS_H_BEC_C_grid_E,Japan,1,2024,326.0333433479815,2757.9175033103847,3083.950846658366,-0.8592365906660521,12.977661099092396,0.0175940094014379,22.260927547689153,0.03856,20.26636492616301,0.0697229373608958,3139.455800231311,-0.7333596439037184
lng,ATRCCS,BEC,grid,ATRCCS_H_BEC_C_grid_E,Belgium,1,2024,309.42979345526015,2271.52182251041,2580.95161596567,-1.436980560108978,4.233422153209155,0.0057393137788924,26.37060253368647,0.01104,56.92766564566551,0.1958498270595502,2668.483306298231,-1.2243514192705356
lng,ATRCCS,BEC,grid,ATRCCS_H_BEC_C_grid_E,Poland,1,2024,279.2415209230397,3235.8501385114723,3515.091659434512,-0.6358646489918977,16.004410049511293,0.0216974182578447,37.9227388718634,0.0492,62.56524212252678,0.2152449377760272,3631.5840504784132,-0.34972229295802576
lng,ATRCCS,BEC,grid,ATRCCS_H_BEC_C_grid_E,India,1,2024,267.1662119101515,1887.3609149736903,2154.527126883842,-0.4796722386483159,43.369031669780384,0.0587960453816087,14.831593407134172,0.0566399999999999,10.59373146967094,0.0364459082015484,2223.321483430427,-0.32779028506515884
lng,ATRCCS,BEC,grid,ATRCCS_H_BEC_C_grid_E,Indonesia,1,2024,243.01559388437505,2751.9149935290957,2994.9305874134707,-0.5838005122107033,21.19081700585028,0.0287287077985997,9.929302477675712,0.05168,7.786346387408373,0.0267875834377514,3033.837053284405,-0.47660422097435223
lng,ATRCCS,BEC,grid,ATRCCS_H_BEC_C_grid_E,South Korea,1,2024,283.7697618028727,2116.365207485488,2400.134969288361,-0.9734417939280258,10.383993350619884,0.0140777352128614,14.241918421136855,0.03312,17.624287275172158,0.0606333243378496,2442.3851683352896,-0.8656107343773147
lng,ATRCCS,BEC,grid,ATRCCS_H_BEC_C_grid_E,China,1,2024,276.2226936698176,1824.282719076386,2100.5054127462035,-0.7282365045714349,117.07828218326276,0.1587247795814752,12.189952505681092,0.0448,14.848698549059618,0.0510843894600154,2244.6223459842067,-0.47362733552994424
lng,ATRCCS,BEC,grid,ATRCCS_H_BEC_C_grid_E,United Arab Emirates,1,2024,288.2980026827058,390.1003156086541,678.3983182913599,-1.0255059307092198,15.525975735670064,0.0210487976973739,13.84109797041032,0.03064,22.944322992857888,0.0789359907732634,730.7097149902983,-0.8948811422385825
lng,ATRCCS,BEC,grid,ATRCCS_H_BEC_C_grid_E,United States,1,2024,301.88272532220503,1371.0636798682324,1672.9464051904374,-1.0238264424259556,115.88348476726244,0.1571049748408973,17.038636618230697,0.03072,52.95862996936256,0.1821950435376774,1858.827156545293,-0.6538064240473809
lng,ATRCCS,BEC,grid,ATRCCS_H_BEC_C_grid_E,Turkey,1,2024,276.2226936698176,1212.2480656051096,1488.470759274927,-0.8793904500652238,14.367053340775968,0.0194776292598864,16.749952505681094,0.0376,37.32981905913191,0.1284268118844242,1556.917584180516,-0.6938860089209132
lng,ATRCCS,BEC,grid,ATRCCS_H_BEC_C_grid_E,Australia,1,2024,309.42979345526015,1830.4448349050192,2139.8746283602795,-0.7416724108375495,117.82066045617007,0.1597312329179604,24.130602533686467,0.04416,11.901612906537595,0.0409454489840402,2293.727504256674,-0.49683572893554895
lng,ATRCCS,BEC,grid,ATRCCS_H_BEC_C_grid_E,Malaysia,1,2024,264.14738465692943,1118.0775580939978,1382.2249427509273,-0.654339020107805,22.36137877654277,0.0303156559120751,14.858807040951865,0.04832,0.0,0.0,1419.445128568422,-0.5757033641957299
lng,ATRCCS,BEC,grid,ATRCCS_H_BEC_C_grid_E,Canada,1,2024,307.9203798286492,890.621106764644,1198.541486593293,-1.3748394936281982,118.11484173619228,0.1601300588825865,13.944209350595314,0.0139999999999999,49.584341405335,0.1705863850019987,1380.1848790854156,-1.0301230497436134
lng,ATRCCS,BEC,grid,ATRCCS_H_BEC_C_grid_E,Mexico,1,2024,265.65679828354047,912.5180647977757,1178.174863081316,-0.7870185944856861,70.584838283883,0.0956929217740524,21.525200224043015,0.042,64.86002495922516,0.2231397428169365,1335.1449265484673,-0.42618592989469717
lng,ATRCCS,BEC,grid,ATRCCS_H_BEC_C_grid_E,Thailand,1,2024,268.6756255367625,1191.3357432705848,1460.0113688073473,-0.7383134342710208,16.66138756714907,0.0225880925121339,15.017986590225323,0.04432,5.453041263376516,0.0187602491032793,1497.1437842280982,-0.6526450926556076
lng,ATRCCS,BEC,grid,ATRCCS_H_BEC_C_grid_E,Russia,1,2024,285.27917542948376,523.5327087623538,808.8118841918375,-0.9146597040137744,217.03008950143004,0.2942309408395722,12.188311604228012,0.03592,21.725117197756443,0.0747415232606332,1059.755402495252,-0.5097672399135691
lng,ATRCCS,BEC,grid,ATRCCS_H_BEC_C_grid_E,Saudi Arabia,1,2024,288.2980026827058,318.3224955848087,606.6204982675144,-0.7416724108375495,38.75836749584844,0.0525452989486706,10.48109797041032,0.04416,25.47038618944284,0.0876264760510543,681.3303499232161,-0.5573406358378247
lng,BG,BEC,grid,BG_H_BEC_C_grid_E,South Africa,1,2024,294.96702578968717,832.1881834506547,1127.155209240342,-1.2092724913766617,36.05304361240747,0.0488776508666503,12.135525238045703,0.05672,33.55415330584088,0.1154372842719738,1208.8979313966358,-0.9882375562380377
lng,BG,BEC,grid,BG_H_BEC_C_grid_E,Taiwan,1,2024,290.23493446685796,961.91251291361,1252.147447380468,-1.262452589471106,8.910824241692303,0.0120805378015195,18.45634568877224,0.05088,11.47902285922631,0.0394916007233694,1290.9936401701589,-1.1600004509462172
lng,BG,BEC,grid,BG_H_BEC_C_grid_E,Switzerland,1,2024,348.59739411508485,1529.3200714279706,1877.9174655430552,-1.6988207916433282,17.100979796499654,0.0231840542772731,28.47289346314492,0.00296,44.32471484340281,0.1524915458606248,1967.8160536461023,-1.5201851915054303
lng,BG,BEC,grid,BG_H_BEC_C_grid_E,Singapore,1,2024,291.8122982411344,1461.2466886893808,1753.0589869305152,-1.362256335209995,0.6614965722328433,0.0008968008042448,27.9227388718634,0.03992,0.0,0.0,1781.6432223746115,-1.3214395344057503
lng,BG,BEC,grid,BG_H_BEC_C_grid_E,Hungary,1,2024,283.9254793697524,1047.8214636238856,1331.746942993638,-1.5924605954544395,27.122186571715517,0.0367699542996764,20.75077295640763,0.01464,43.160799677088185,0.148487296231744,1422.7807021988492,-1.392563344923019
lng,BG,BEC,grid,BG_H_BEC_C_grid_E,Philippines,1,2024,282.348115595476,921.0069605392022,1203.3550761346785,-1.2792079628433282,14.30847482008127,0.0193982134825784,16.72437977331648,0.04904,8.862436757554681,0.0304896869844766,1243.250367485631,-1.1802800623762733
lng,BG,BEC,grid,BG_H_BEC_C_grid_E,Netherlands,1,2024,323.35957372666235,1278.4170321818583,1601.7766059085209,-1.5414659808433284,6.791636792605323,0.0092075236568326,24.05060253368647,0.02024,57.04210191937808,0.196243525345994,1689.6609471541908,-1.3157749318405019
lng,BG,BEC,grid,BG_H_BEC_C_grid_E,Norway,1,2024,358.06157676074326,1167.120109777885,1525.1816865386284,-1.703191758609995,31.586172849052392,0.0428218473127285,15.911252561691846,0.00248,60.53321201401219,0.2082540882335661,1633.2123239633847,-1.4496358230637003
lng,BG,BEC,grid,BG_H_BEC_C_grid_E,Oman,1,2024,301.2764808867928,899.5503724471038,1200.8268533338965,-1.3287455884655504,26.719103995420006,0.0362234892176598,21.12109797041032,0.0436,22.014936016547047,0.0757385949812978,1270.681991316274,-1.1731835042665926
lng,BG,BEC,grid,BG_H_BEC_C_grid_E,Italy,1,2024,302.85384466106916,1467.3266927340908,1770.18053739516,-1.5159686735377726,16.85127746633886,0.0228455290907342,41.78749115350147,0.0230399999999999,43.481610772211546,0.1495909915402742,1872.3009167872117,-1.3204921529067644
lng,BG,BEC,grid,BG_H_BEC_C_grid_E,Austria,1,2024,328.0916650494916,1319.318024567289,1647.4096896167807,-1.6507401550099947,13.684414387924436,0.018552165413778,28.929782082959928,0.0082399999999999,43.481610772211546,0.1495909915402742,1733.5054968598765,-1.4743569980559428
lng,BG,BEC,grid,BG_H_BEC_C_grid_E,Finland,1,2024,340.71057524370286,1216.647785921478,1557.358361165181,-1.6733234843377724,27.22434438169863,0.0369084511717668,15.940927547689158,0.0057599999999999,64.56110391457831,0.2221113564562004,1665.084737009147,-1.4085436767098054
lng,BG,BEC,grid,BG_H_BEC_C_grid_E,Portugal,1,2024,287.0802069183052,1105.4708467056844,1392.5510536239894,-1.6441837045599947,12.817872374283043,0.0173773814354991,16.803559322589937,0.00896,49.423540753857885,0.1700331780607748,1471.5960260747204,-1.4478131450637206
lng,BG,BEC,grid,BG_H_BEC_C_grid_E,Germany,1,2024,324.93693750093877,1308.082904445962,1633.019841946901,-1.4751729818488837,19.948978931930707,0.0270451293339769,28.316995716777623,0.02752,58.34583735079685,0.2007288025109504,1739.6316539464062,-1.2198790500039565
lng,BG,BEC,grid,BG_H_BEC_C_grid_E,Greece,1,2024,290.23493446685796,1070.356245891165,1360.591180358023,-1.4926568497155506,11.184540606351485,0.0151630491100337,24.136345688772245,0.0256,38.655294480858075,0.1329868817410128,1434.5673611340048,-1.3189069188645042
lng,BG,BEC,grid,BG_H_BEC_C_grid_E,France,1,2024,318.6274824038332,1248.2198959778411,1566.8473783816744,-1.693721330182217,23.213504505882067,0.031470895517943,20.531422984413005,0.0035199999999999,55.74270322845311,0.1917731679896417,1666.3350091004227,-1.4669572666746322
lng,BG,BEC,grid,BG_H_BEC_C_grid_E,Brazil,1,2024,290.23493446685796,1103.615361791493,1393.850296258351,-1.6507401550099947,102.99809327173692,0.1396360567221048,15.176345688772244,0.0082399999999999,61.4418912346397,0.2113802425593065,1573.4666264534999,-1.2914838557285835
lng,BG,BEC,grid,BG_H_BEC_C_grid_E,United Kingdom,1,2024,335.9784839208736,1331.1651069740192,1667.143590894893,-1.5720627496099948,18.53994207479783,0.0251348769763235,40.9817479984157,0.01688,55.355200589122006,0.1904400319118252,1782.0204815572283,-1.3396078407218461
lng,BG,BEC,grid,BG_H_BEC_C_grid_E,Spain,1,2024,293.38966201541075,1091.185058212711,1384.5747202281218,-1.6194148917488838,31.30247157646122,0.042437229251041,15.949132054954552,0.01168,47.66906092425297,0.1639971924409472,1479.4953847837905,-1.4013004700568956
lng,BG,BEC,grid,BG_H_BEC_C_grid_E,Sweden,1,2024,347.0200303408085,1323.544240518239,1670.5642708590472,-1.6995492861377728,33.07840154431364,0.0448448840905465,11.52280028005377,0.0028799999999999,60.07194265084708,0.2066671704497585,1775.2374153342619,-1.445157231597468
lng,BG,BEC,grid,BG_H_BEC_C_grid_E,Czech Republic,1,2024,287.0802069183052,1124.5772618090446,1411.6574687273496,-1.4241783672377726,29.505004291634744,0.0400003759485437,23.283559322589937,0.03312,43.481610772211546,0.1495909915402742,1507.927643113786,-1.2014669997489547
lng,BG,BEC,grid,BG_H_BEC_C_grid_E,Japan,1,2024,340.71057524370286,1162.683227731943,1503.3938029756457,-1.3746407416155504,12.977661099092396,0.0175940094014379,22.260927547689153,0.03856,20.26636492616301,0.0697229373608958,1558.8987565485902,-1.2487637948532166
lng,BG,BEC,grid,BG_H_BEC_C_grid_E,Belgium,1,2024,323.35957372666235,1212.1052222758549,1535.4647960025172,-1.6252428477044392,4.233422153209155,0.0057393137788924,26.37060253368647,0.01104,56.92766564566551,0.1958498270595502,1622.9964863350783,-1.4126137068659967
lng,BG,BEC,grid,BG_H_BEC_C_grid_E,Poland,1,2024,291.8122982411344,1272.2688794809003,1564.081177722035,-1.277750973854439,16.004410049511293,0.0216974182578447,37.9227388718634,0.0492,62.56524212252678,0.2152449377760272,1680.5735687659364,-0.9916086178205672
lng,BG,BEC,grid,BG_H_BEC_C_grid_E,India,1,2024,279.19338804692313,959.4341920292989,1238.627580076222,-1.210000985871106,43.369031669780384,0.0587960453816087,14.831593407134172,0.0566399999999999,10.59373146967094,0.0364459082015484,1307.4219366228078,-1.058119032287949
lng,BG,BEC,grid,BG_H_BEC_C_grid_E,Indonesia,1,2024,253.95556765850068,1004.1442647426586,1258.0998324011591,-1.2551676445266615,21.19081700585028,0.0287287077985997,9.929302477675712,0.05168,7.786346387408373,0.0267875834377514,1297.0062982720935,-1.1479713532903106
lng,BG,BEC,grid,BG_H_BEC_C_grid_E,South Korea,1,2024,296.54438956396353,1037.7215142732866,1334.26590383725,-1.4241783672377726,10.383993350619884,0.0140777352128614,14.241918421136855,0.03312,17.624287275172158,0.0606333243378496,1376.5161028841792,-1.3163473076870615
lng,BG,BEC,grid,BG_H_BEC_C_grid_E,China,1,2024,288.6575706925816,941.8023113588832,1230.4598820514648,-1.317818171048884,117.07828218326276,0.1587247795814752,12.189952505681092,0.0448,14.848698549059618,0.0510843894600154,1374.5768152894682,-1.0632090020073934
lng,BG,BEC,grid,BG_H_BEC_C_grid_E,United Arab Emirates,1,2024,301.2764808867928,832.1895616678372,1133.46604255463,-1.4467616965655503,15.525975735670064,0.0210487976973739,13.84109797041032,0.03064,22.944322992857888,0.0789359907732634,1185.7774392535682,-1.316136908094913
lng,BG,BEC,grid,BG_H_BEC_C_grid_E,United States,1,2024,315.47275485528036,1037.4846113664412,1352.9573662217217,-1.446033202071106,115.88348476726244,0.1571049748408973,17.038636618230697,0.03072,52.95862996936256,0.1821950435376774,1538.8381175765774,-1.0760131836925313
lng,BG,BEC,grid,BG_H_BEC_C_grid_E,Turkey,1,2024,288.6575706925816,923.317322039528,1211.9748927321095,-1.3833826755488836,14.367053340775968,0.0194776292598864,16.749952505681094,0.0376,37.32981905913191,0.1284268118844242,1280.4217176376985,-1.1978782344045729
lng,BG,BEC,grid,BG_H_BEC_C_grid_E,Australia,1,2024,323.35957372666235,1129.5794560162435,1452.939029742906,-1.3236461270044393,117.82066045617007,0.1597312329179604,24.130602533686467,0.04416,11.901612906537595,0.0409454489840402,1606.7919056393002,-1.0788094451024388
lng,BG,BEC,grid,BG_H_BEC_C_grid_E,Malaysia,1,2024,276.03866049837035,893.3362061832571,1169.3748666816275,-1.285764413293328,22.36137877654277,0.0303156559120751,14.858807040951865,0.04832,0.0,0.0,1206.5950524991222,-1.2071287573812528
lng,BG,BEC,grid,BG_H_BEC_C_grid_E,Canada,1,2024,321.782209952386,944.4067352909584,1266.1889452433445,-1.598288551409995,118.11484173619228,0.1601300588825865,13.944209350595314,0.0139999999999999,49.584341405335,0.1705863850019987,1447.832337735467,-1.25357210752541
lng,BG,BEC,grid,BG_H_BEC_C_grid_E,Mexico,1,2024,277.61602427264677,924.1896570833482,1201.805681355995,-1.3433154783544394,70.584838283883,0.0956929217740524,21.525200224043015,0.042,64.86002495922516,0.2231397428169365,1358.7757448231462,-0.9824828137634506
lng,BG,BEC,grid,BG_H_BEC_C_grid_E,Thailand,1,2024,280.77075182119955,896.884719155423,1177.6554709766226,-1.3221891380155502,16.66138756714907,0.0225880925121339,15.017986590225323,0.04432,5.453041263376516,0.0187602491032793,1214.7878863973735,-1.236520796400137
lng,BG,BEC,grid,BG_H_BEC_C_grid_E,Russia,1,2024,298.12175333823996,819.5253358663812,1117.6470892046211,-1.3986810599322168,217.03008950143004,0.2942309408395722,12.188311604228012,0.03592,21.725117197756443,0.0747415232606332,1368.5906075080354,-0.9937885958320114
lng,BG,BEC,grid,BG_H_BEC_C_grid_E,Saudi Arabia,1,2024,301.2764808867928,799.096425160598,1100.3729060473906,-1.3236461270044393,38.75836749584844,0.0525452989486706,10.48109797041032,0.04416,25.47038618944284,0.0876264760510543,1175.0827577030923,-1.1393143520047144
lng,LTE,BEC,grid,LTE_H_BEC_C_grid_E,South Africa,1,2024,360.60683078968714,2436.558794774932,2797.165625564619,15.95748680586581,36.05304361240747,0.0488776508666503,12.135525238045703,0.05672,33.55415330584088,0.1154372842719738,2878.9083477209133,16.17852174100443
lng,LTE,BEC,grid,LTE_H_BEC_C_grid_E,Taiwan,1,2024,354.82169446685793,4535.979454778794,4890.801149245652,14.077480217841368,8.910824241692303,0.0120805378015195,18.45634568877224,0.05088,11.47902285922631,0.0394916007233694,4929.647342035343,14.179932356366256
lng,LTE,BEC,grid,LTE_H_BEC_C_grid_E,Switzerland,1,2024,426.1717091150848,7777.042356440235,8203.21406555532,-1.348875209920857,17.100979796499654,0.0231840542772731,28.47289346314492,0.00296,44.32471484340281,0.1524915458606248,8293.112653658367,-1.170239609782959
lng,LTE,BEC,grid,LTE_H_BEC_C_grid_E,Singapore,1,2024,356.7500732411343,7842.987988382163,8199.738061623297,10.54924867593248,0.6614965722328433,0.0008968008042448,27.9227388718634,0.03992,0.0,0.0,8228.322297067392,10.590065476736726
lng,LTE,BEC,grid,LTE_H_BEC_C_grid_E,Hungary,1,2024,347.10817936975235,5351.563075731102,5698.671255100854,2.411137966128032,27.122186571715517,0.0367699542996764,20.75077295640763,0.01464,43.160799677088185,0.148487296231744,5789.705014306065,2.611035216659452
lng,LTE,BEC,grid,LTE_H_BEC_C_grid_E,Philippines,1,2024,345.1798005954759,4003.5330026892575,4348.712803284733,13.485149375039146,14.30847482008127,0.0193982134825784,16.72437977331648,0.04904,8.862436757554681,0.0304896869844766,4388.608094635685,13.5840772755062
lng,LTE,BEC,grid,LTE_H_BEC_C_grid_E,Netherlands,1,2024,395.3176487266624,6345.63773276697,6740.955381493632,4.213884009439143,6.791636792605323,0.0092075236568326,24.05060253368647,0.02024,57.04210191937808,0.196243525345994,6828.839722739302,4.43957505844197
lng,LTE,BEC,grid,LTE_H_BEC_C_grid_E,Norway,1,2024,437.7419817607432,3527.38265001948,3965.1246317802234,-1.5033962993475238,31.586172849052392,0.0428218473127285,15.911252561691846,0.00248,60.53321201401219,0.2082540882335661,4073.15526920498,-1.2498403638012292
lng,LTE,BEC,grid,LTE_H_BEC_C_grid_E,Oman,1,2024,368.3203458867927,5289.341576099498,5657.6619219862905,11.733910361536925,26.719103995420006,0.0362234892176598,21.12109797041032,0.0436,22.014936016547047,0.0757385949812978,5727.517059968667,11.889472445735882
lng,LTE,BEC,grid,LTE_H_BEC_C_grid_E,Italy,1,2024,370.2487246610691,12174.138006159572,12544.38673082064,5.115257031094698,16.85127746633886,0.0228455290907342,41.78749115350147,0.0230399999999999,43.481610772211546,0.1495909915402742,12646.507110212693,5.310733551725706
lng,LTE,BEC,grid,LTE_H_BEC_C_grid_E,Austria,1,2024,401.1027850494916,7889.072092360474,8290.174877409965,0.3508567737724765,13.684414387924436,0.018552165413778,28.929782082959928,0.0082399999999999,43.481610772211546,0.1495909915402742,8376.27068465306,0.5272399307265286
lng,LTE,BEC,grid,LTE_H_BEC_C_grid_E,Finland,1,2024,416.5298152437028,3654.8256662057343,4071.355481449438,-0.4475021882653016,27.22434438169863,0.0369084511717668,15.940927547689158,0.0057599999999999,64.56110391457831,0.2221113564562004,4179.081857293403,-0.18272238063733454
lng,LTE,BEC,grid,LTE_H_BEC_C_grid_E,Portugal,1,2024,350.96493691830517,4127.420015929661,4478.384952847966,0.5826384079124767,12.817872374283043,0.0173773814354991,16.803559322589937,0.00896,49.423540753857885,0.1700331780607748,4557.429925298697,0.7790089674087505
lng,LTE,BEC,grid,LTE_H_BEC_C_grid_E,Germany,1,2024,397.2460275009388,7711.566220398252,8108.812247899191,6.557453865743588,19.948978931930707,0.0270451293339769,28.316995716777623,0.02752,58.34583735079685,0.2007288025109504,8215.424059898696,6.812747797588515
lng,LTE,BEC,grid,LTE_H_BEC_C_grid_E,Greece,1,2024,354.82169446685793,6405.347254607132,6760.16894907399,5.939369508036921,11.184540606351485,0.0151630491100337,24.136345688772245,0.0256,38.655294480858075,0.1329868817410128,6834.145129849971,6.113119438887967
lng,LTE,BEC,grid,LTE_H_BEC_C_grid_E,France,1,2024,389.5325124038332,5238.333903740848,5627.866416144681,-1.1686006055897462,23.213504505882067,0.031470895517943,20.531422984413005,0.0035199999999999,55.74270322845311,0.1917731679896417,5727.35404686343,-0.9418365420821615
lng,LTE,BEC,grid,LTE_H_BEC_C_grid_E,Brazil,1,2024,354.82169446685793,3589.275779038448,3944.097473505306,0.3508567737724765,102.99809327173692,0.1396360567221048,15.176345688772244,0.0082399999999999,61.4418912346397,0.2113802425593065,4123.713803700455,0.7101130730538877
lng,LTE,BEC,grid,LTE_H_BEC_C_grid_E,United Kingdom,1,2024,410.7446789208736,11665.357266599376,12076.10194552025,3.132236383452476,18.53994207479783,0.0251348769763235,40.9817479984157,0.01688,55.355200589122006,0.1904400319118252,12190.978836182585,3.3646912923406247
lng,LTE,BEC,grid,LTE_H_BEC_C_grid_E,Spain,1,2024,358.67845201541076,3820.087140736597,4178.765592752008,1.4582579146635877,31.30247157646122,0.042437229251041,15.949132054954552,0.01168,47.66906092425297,0.1639971924409472,4273.686257307677,1.6763723363555758
lng,LTE,BEC,grid,LTE_H_BEC_C_grid_E,Sweden,1,2024,424.2433303408085,2292.02473201264,2716.2680623534484,-1.3746287248253015,33.07840154431364,0.0448448840905465,11.52280028005377,0.0028799999999999,60.07194265084708,0.2066671704497585,2820.941206828663,-1.1202366702849966
lng,LTE,BEC,grid,LTE_H_BEC_C_grid_E,Czech Republic,1,2024,350.96493691830517,6194.516278721685,6545.48121563999,8.3601999090547,29.505004291634744,0.0400003759485437,23.283559322589937,0.03312,43.481610772211546,0.1495909915402742,6641.751390026427,8.582911276543518
lng,LTE,BEC,grid,LTE_H_BEC_C_grid_E,Japan,1,2024,416.5298152437028,5606.419399448883,6022.949214692586,10.111438922556925,12.977661099092396,0.0175940094014379,22.260927547689153,0.03856,20.26636492616301,0.0697229373608958,6078.45416826553,10.237315869319259
lng,LTE,BEC,grid,LTE_H_BEC_C_grid_E,Belgium,1,2024,395.3176487266624,7042.264105132298,7437.58175385896,1.2522297954280326,4.233422153209155,0.0057393137788924,26.37060253368647,0.01104,56.92766564566551,0.1958498270595502,7525.113444191522,1.464858936266475
lng,LTE,BEC,grid,LTE_H_BEC_C_grid_E,Poland,1,2024,356.7500732411343,10883.896448546351,11240.646521787485,13.536656404848031,16.004410049511293,0.0216974182578447,37.9227388718634,0.0492,62.56524212252678,0.2152449377760272,11357.138912831384,13.822798760881904
lng,LTE,BEC,grid,LTE_H_BEC_C_grid_E,India,1,2024,341.32304304692315,3443.247118883879,3784.570161930802,15.931733290961366,43.369031669780384,0.0587960453816087,14.831593407134172,0.0566399999999999,10.59373146967094,0.0364459082015484,3853.3645184773873,16.083615244544525
lng,LTE,BEC,grid,LTE_H_BEC_C_grid_E,Indonesia,1,2024,310.46898265850064,2053.842154372101,2364.3111370306015,14.33501536688581,21.19081700585028,0.0287287077985997,9.929302477675712,0.05168,7.786346387408373,0.0267875834377514,2403.217602901536,14.44221165812216
lng,LTE,BEC,grid,LTE_H_BEC_C_grid_E,South Korea,1,2024,362.5352095639636,3221.9504842534484,3584.485693817412,8.3601999090547,10.383993350619884,0.0140777352128614,14.241918421136855,0.03312,17.624287275172158,0.0606333243378496,3626.7358928643407,8.468030968605412
lng,LTE,BEC,grid,LTE_H_BEC_C_grid_E,China,1,2024,352.89331569258155,2548.8308564091258,2901.724172101707,12.120213085103591,117.07828218326276,0.1587247795814752,12.189952505681092,0.0448,14.848698549059618,0.0510843894600154,3045.8411053397103,12.374822254145082
lng,LTE,BEC,grid,LTE_H_BEC_C_grid_E,United Arab Emirates,1,2024,368.3203458867927,2942.9352246102303,3311.255570497023,7.561840947016922,15.525975735670064,0.0210487976973739,13.84109797041032,0.03064,22.944322992857888,0.0789359907732634,3363.5669671959618,7.692465735487559
lng,LTE,BEC,grid,LTE_H_BEC_C_grid_E,United States,1,2024,385.6757548552804,4019.4202122394527,4405.095967094733,7.587594461921366,115.88348476726244,0.1571049748408973,17.038636618230697,0.03072,52.95862996936256,0.1821950435376774,4590.9767184495895,7.957614480299941
lng,LTE,BEC,grid,LTE_H_BEC_C_grid_E,Turkey,1,2024,352.89331569258155,3980.5850438549937,4333.478359547575,9.80239674370359,14.367053340775968,0.0194776292598864,16.749952505681094,0.0376,37.32981905913191,0.1284268118844242,4401.925184453164,9.9879011848479
lng,LTE,BEC,grid,LTE_H_BEC_C_grid_E,Australia,1,2024,395.3176487266624,6281.573153695547,6676.890802422209,11.914184965868037,117.82066045617007,0.1597312329179604,24.130602533686467,0.04416,11.901612906537595,0.0409454489840402,6830.743678318603,12.159021647770038
lng,LTE,BEC,grid,LTE_H_BEC_C_grid_E,Malaysia,1,2024,337.4662854983703,3427.8831625442467,3765.349448042617,13.253367740899144,22.36137877654277,0.0303156559120751,14.858807040951865,0.04832,0.0,0.0,3802.5696338601115,13.332003396811219
lng,LTE,BEC,grid,LTE_H_BEC_C_grid_E,Canada,1,2024,393.389269952386,2947.2128689751607,3340.6021389275465,2.205109846892477,118.11484173619228,0.1601300588825865,13.944209350595314,0.0139999999999999,49.584341405335,0.1705863850019987,3522.2455314196695,2.549826290777062
lng,LTE,BEC,grid,LTE_H_BEC_C_grid_E,Mexico,1,2024,339.39466427264676,5548.965159507536,5888.3598237801825,11.218840063448036,70.584838283883,0.0956929217740524,21.525200224043015,0.042,64.86002495922516,0.2231397428169365,6045.329887247334,11.579672728039025
lng,LTE,BEC,grid,LTE_H_BEC_C_grid_E,Thailand,1,2024,343.25142182119953,3456.2904486441275,3799.541870465327,11.965691995676924,16.66138756714907,0.0225880925121339,15.017986590225323,0.04432,5.453041263376516,0.0187602491032793,3836.6742858860785,12.051360337292337
lng,LTE,BEC,grid,LTE_H_BEC_C_grid_E,Russia,1,2024,364.46358833824,2422.977341480427,2787.440929818667,9.261572930710258,217.03008950143004,0.2942309408395722,12.188311604228012,0.03592,21.725117197756443,0.0747415232606332,3038.3844481220817,9.666465394810464
lng,LTE,BEC,grid,LTE_H_BEC_C_grid_E,Saudi Arabia,1,2024,368.3203458867927,1859.543500662597,2227.8638465493896,11.914184965868037,38.75836749584844,0.0525452989486706,10.48109797041032,0.04416,25.47038618944284,0.0876264760510543,2302.5736982050907,12.098516740867762
lng,SMR,BEC,grid,SMR_H_BEC_C_grid_E,South Africa,1,2024,188.59062153405935,449.8596931458617,638.4503146799211,3.3429010727501014,36.05304361240747,0.0488776508666503,12.135525238045703,0.05672,33.55415330584088,0.1154372842719738,720.1930368362151,3.5639360078887257
lng,SMR,BEC,grid,SMR_H_BEC_C_grid_E,Taiwan,1,2024,185.5651035415343,1105.597775606327,1291.1628791478615,3.301914506405632,8.910824241692303,0.0120805378015195,18.45634568877224,0.05088,11.47902285922631,0.0394916007233694,1330.0090719375523,3.4043666449305205
lng,SMR,BEC,grid,SMR_H_BEC_C_grid_E,Switzerland,1,2024,222.8798254493429,4439.901953071309,4662.781778520653,2.9656000784558083,17.100979796499654,0.0231840542772731,28.47289346314492,0.00296,44.32471484340281,0.1524915458606248,4752.6803666237,3.144235678593706
lng,SMR,BEC,grid,SMR_H_BEC_C_grid_E,Singapore,1,2024,186.5736095390427,4743.214150997403,4929.787760536446,3.224994512033135,0.6614965722328433,0.0008968008042448,27.9227388718634,0.03992,0.0,0.0,4958.371995980542,3.26581131283738
lng,SMR,BEC,grid,SMR_H_BEC_C_grid_E,Hungary,1,2024,181.531079551501,1779.3346396827203,1960.8657192342216,3.047573211144747,27.122186571715517,0.0367699542996764,20.75077295640763,0.01464,43.160799677088185,0.148487296231744,2051.899478439433,3.247470461676167
lng,SMR,BEC,grid,SMR_H_BEC_C_grid_E,Philippines,1,2024,180.52257355399263,1054.4732410807208,1234.9958146347135,3.2890009307080597,14.30847482008127,0.0193982134825784,16.72437977331648,0.04904,8.862436757554681,0.0304896869844766,1274.891105985666,3.387928831175115
lng,SMR,BEC,grid,SMR_H_BEC_C_grid_E,Netherlands,1,2024,206.74372948920947,3050.4551295779424,3257.1988590671517,3.086875398050403,6.791636792605323,0.0092075236568326,24.05060253368647,0.02024,57.04210191937808,0.196243525345994,3345.0832003128216,3.3125664470532294
lng,SMR,BEC,grid,SMR_H_BEC_C_grid_E,Norway,1,2024,228.93086143439297,2246.4428875134886,2475.3737489478817,2.9622313195781813,31.586172849052392,0.0428218473127285,15.911252561691846,0.00248,60.53321201401219,0.2082540882335661,2583.4043863726383,3.2157872551244755
lng,SMR,BEC,grid,SMR_H_BEC_C_grid_E,Oman,1,2024,192.62464552409276,313.60009565182105,506.2247411759138,3.25082166342828,26.719103995420006,0.0362234892176598,21.12109797041032,0.0436,22.014936016547047,0.0757385949812978,576.0798791582912,3.406383747627238
lng,SMR,BEC,grid,SMR_H_BEC_C_grid_E,Italy,1,2024,193.63315152160104,3506.1491408687716,3699.7822923903727,3.1065264915032302,16.85127746633886,0.0228455290907342,41.78749115350147,0.0230399999999999,43.481610772211546,0.1495909915402742,3801.902671782425,3.3020030121342385
lng,SMR,BEC,grid,SMR_H_BEC_C_grid_E,Austria,1,2024,209.76924748173448,2919.0085167647235,3128.777764246458,3.002656426109713,13.684414387924436,0.018552165413778,28.929782082959928,0.0082399999999999,43.481610772211546,0.1495909915402742,3214.873571489554,3.1790395830637648
lng,SMR,BEC,grid,SMR_H_BEC_C_grid_E,Finland,1,2024,217.8372954618012,3002.2358315990045,3220.0731270608057,2.9852511719086365,27.22434438169863,0.0369084511717668,15.940927547689158,0.0057599999999999,64.56110391457831,0.2221113564562004,3327.799502904772,3.250030979536604
lng,SMR,BEC,grid,SMR_H_BEC_C_grid_E,Portugal,1,2024,183.5480915465177,2595.3818544302458,2778.9299459767635,3.007709564426154,12.817872374283043,0.0173773814354991,16.803559322589937,0.00896,49.423540753857885,0.1700331780607748,2857.9749184274947,3.2040801239224277
lng,SMR,BEC,grid,SMR_H_BEC_C_grid_E,Germany,1,2024,207.7522354867178,2734.240270248805,2941.9925057355226,3.137968241027755,19.948978931930707,0.0270451293339769,28.316995716777623,0.02752,58.34583735079685,0.2007288025109504,3048.604317735028,3.3932621728726824
lng,SMR,BEC,grid,SMR_H_BEC_C_grid_E,Greece,1,2024,185.5651035415343,1524.4519130668596,1710.017016608394,3.1244932055172443,11.184540606351485,0.0151630491100337,24.136345688772245,0.0256,38.655294480858075,0.1329868817410128,1783.993197384376,3.2982431363682907
lng,SMR,BEC,grid,SMR_H_BEC_C_grid_E,France,1,2024,203.7182114966845,2955.9017691720023,3159.619980668687,2.9695302971463744,23.213504505882067,0.031470895517943,20.531422984413005,0.0035199999999999,55.74270322845311,0.1917731679896417,3259.107611387435,3.196294360653959
lng,SMR,BEC,grid,SMR_H_BEC_C_grid_E,Brazil,1,2024,185.5651035415343,2815.3192975633515,3000.884401104886,3.002656426109713,102.99809327173692,0.1396360567221048,15.176345688772244,0.0082399999999999,61.4418912346397,0.2113802425593065,3180.5007313000347,3.361912725391124
lng,SMR,BEC,grid,SMR_H_BEC_C_grid_E,United Kingdom,1,2024,214.81177746927617,2354.5864083748406,2569.3981858441166,3.063294085907009,18.53994207479783,0.0251348769763235,40.9817479984157,0.01688,55.355200589122006,0.1904400319118252,2684.275076506452,3.295748994795158
lng,SMR,BEC,grid,SMR_H_BEC_C_grid_E,Spain,1,2024,187.58211553655104,2171.79625238109,2359.3783679176413,3.0267991980660436,31.30247157646122,0.042437229251041,15.949132054954552,0.01168,47.66906092425297,0.1639971924409472,2454.29903247331,3.244913619758032
lng,SMR,BEC,grid,SMR_H_BEC_C_grid_E,Sweden,1,2024,221.87131945183455,4341.198255134622,4563.069574586456,2.9650386186428705,33.07840154431364,0.0448448840905465,11.52280028005377,0.0028799999999999,60.07194265084708,0.2066671704497585,4667.74271906167,3.2194306731831754
lng,SMR,BEC,grid,SMR_H_BEC_C_grid_E,Czech Republic,1,2024,183.5480915465177,2235.0099710093264,2418.558062555844,3.17727042793341,29.505004291634744,0.0400003759485437,23.283559322589937,0.03312,43.481610772211546,0.1495909915402742,2514.8282369422805,3.399981795422228
lng,SMR,BEC,grid,SMR_H_BEC_C_grid_E,Japan,1,2024,217.8372954618012,2329.2646381852005,2547.1019336470017,3.21544969521319,12.977661099092396,0.0175940094014379,22.260927547689153,0.03856,20.26636492616301,0.0697229373608958,2602.6068872199467,3.3413266419755234
lng,SMR,BEC,grid,SMR_H_BEC_C_grid_E,Belgium,1,2024,206.74372948920947,1844.0921995591864,2050.835929048396,3.0223075195625397,4.233422153209155,0.0057393137788924,26.37060253368647,0.01104,56.92766564566551,0.1958498270595502,2138.367619380957,3.234936660400982
lng,SMR,BEC,grid,SMR_H_BEC_C_grid_E,Poland,1,2024,186.5736095390427,2567.5785751315047,2754.1521846705473,3.290123850333935,16.004410049511293,0.0216974182578447,37.9227388718634,0.0492,62.56524212252678,0.2152449377760272,2870.6445757144484,3.5762662063678072
lng,SMR,BEC,grid,SMR_H_BEC_C_grid_E,India,1,2024,178.50556155897596,1603.7735993088595,1782.2791608678351,3.3423396129371636,43.369031669780384,0.0587960453816087,14.831593407134172,0.0566399999999999,10.59373146967094,0.0364459082015484,1851.0735174144208,3.4942215665203205
lng,SMR,BEC,grid,SMR_H_BEC_C_grid_E,Indonesia,1,2024,162.3694655988425,2449.7755324439295,2612.144998042772,3.3075291045350115,21.19081700585028,0.0287287077985997,9.929302477675712,0.05168,7.786346387408373,0.0267875834377514,2651.0514639137064,3.414725395771363
lng,SMR,BEC,grid,SMR_H_BEC_C_grid_E,South Korea,1,2024,189.59912753156772,1829.34826027318,2018.947387804748,3.17727042793341,10.383993350619884,0.0140777352128614,14.241918421136855,0.03312,17.624287275172158,0.0606333243378496,2061.197586851677,3.285101487484121
lng,SMR,BEC,grid,SMR_H_BEC_C_grid_E,China,1,2024,184.556597544026,1581.6208486347891,1766.1774461788152,3.2592435606223487,117.07828218326276,0.1587247795814752,12.189952505681092,0.0448,14.848698549059618,0.0510843894600154,1910.2943794168186,3.513852729663839
lng,SMR,BEC,grid,SMR_H_BEC_C_grid_E,United Arab Emirates,1,2024,192.62464552409276,259.2105518903425,451.8351974144352,3.159865173732334,15.525975735670064,0.0210487976973739,13.84109797041032,0.03064,22.944322992857888,0.0789359907732634,504.14659411337345,3.2904899622029715
lng,SMR,BEC,grid,SMR_H_BEC_C_grid_E,United States,1,2024,201.70119950166776,1129.1924881711725,1330.89368767284,3.1604266335452715,115.88348476726244,0.1571049748408973,17.038636618230697,0.03072,52.95862996936256,0.1821950435376774,1516.7744390276957,3.5304466519238464
lng,SMR,BEC,grid,SMR_H_BEC_C_grid_E,Turkey,1,2024,184.556597544026,967.5301983487632,1152.0867958927893,3.2087121774579344,14.367053340775968,0.0194776292598864,16.749952505681094,0.0376,37.32981905913191,0.1284268118844242,1220.5336207983783,3.394216618602245
lng,SMR,BEC,grid,SMR_H_BEC_C_grid_E,Australia,1,2024,206.74372948920947,1468.179735418433,1674.9234649076425,3.2547518821188457,117.82066045617007,0.1597312329179604,24.130602533686467,0.04416,11.901612906537595,0.0409454489840402,1828.7763408040366,3.4995885640208466
lng,SMR,BEC,grid,SMR_H_BEC_C_grid_E,Malaysia,1,2024,176.48854956395928,899.9148756028607,1076.40342516682,3.283947792391618,22.36137877654277,0.0303156559120751,14.858807040951865,0.04832,0.0,0.0,1113.6236109843146,3.362583448303693
lng,SMR,BEC,grid,SMR_H_BEC_C_grid_E,Canada,1,2024,205.7352234917011,727.1671474416755,932.9023709333768,3.0430815326412444,118.11484173619228,0.1601300588825865,13.944209350595314,0.0139999999999999,49.584341405335,0.1705863850019987,1114.5457634254992,3.3877979765258295
lng,SMR,BEC,grid,SMR_H_BEC_C_grid_E,Mexico,1,2024,177.49705556146765,633.1050325207206,810.6020880821882,3.239592467169521,70.584838283883,0.0956929217740524,21.525200224043015,0.042,64.86002495922516,0.2231397428169365,967.5721515493393,3.6004251317605096
lng,SMR,BEC,grid,SMR_H_BEC_C_grid_E,Thailand,1,2024,179.51406755648432,966.8357858357908,1146.3498533922752,3.2558748017447217,16.66138756714907,0.0225880925121339,15.017986590225323,0.04432,5.453041263376516,0.0187602491032793,1183.4822688130262,3.3415431433601346
lng,SMR,BEC,grid,SMR_H_BEC_C_grid_E,Russia,1,2024,190.60763352907605,394.74761270660775,585.3552462356838,3.1969215213862383,217.03008950143004,0.2942309408395722,12.188311604228012,0.03592,21.725117197756443,0.0747415232606332,836.2987645390982,3.6018139854864435
lng,SMR,BEC,grid,SMR_H_BEC_C_grid_E,Saudi Arabia,1,2024,192.62464552409276,234.38993596411532,427.0145814882081,3.2547518821188457,38.75836749584844,0.0525452989486706,10.48109797041032,0.04416,25.47038618944284,0.0876264760510543,501.72443314390966,3.439083657118571
lng,SMRCCS,BEC,grid,SMRCCS_H_BEC_C_grid_E,South Africa,1,2024,325.25890869973006,609.4679964450122,934.7269051447422,-0.486590937226376,36.05304361240747,0.0488776508666503,12.135525238045703,0.05672,33.55415330584088,0.1154372842719738,1016.4696273010362,-0.2655560020877519
lng,SMRCCS,BEC,grid,SMRCCS_H_BEC_C_grid_E,Taiwan,1,2024,320.0408513409108,1481.2480512833497,1801.2889026242606,-0.5783612837680252,8.910824241692303,0.0120805378015195,18.45634568877224,0.05088,11.47902285922631,0.0394916007233694,1840.1350954139514,-0.47590914524313627
lng,SMRCCS,BEC,grid,SMRCCS_H_BEC_C_grid_E,Switzerland,1,2024,384.39689209968094,5754.567433492762,6138.964325592443,-1.3313809766234774,17.100979796499654,0.0231840542772731,28.47289346314492,0.00296,44.32471484340281,0.1524915458606248,6228.8629136954905,-1.1527453764855795
lng,SMRCCS,BEC,grid,SMRCCS_H_BEC_C_grid_E,Singapore,1,2024,321.7802037938506,6152.287973571811,6474.0681773656615,-0.7505878245379701,0.6614965722328433,0.0008968008042448,27.9227388718634,0.03992,0.0,0.0,6502.652412809758,-0.7097710237337254
lng,SMRCCS,BEC,grid,SMRCCS_H_BEC_C_grid_E,Hungary,1,2024,313.0834415291519,2353.023454046908,2666.1068955760597,-1.1478402835401786,27.122186571715517,0.0367699542996764,20.75077295640763,0.01464,43.160799677088185,0.148487296231744,2757.140654781271,-0.9479430330087582
lng,SMRCCS,BEC,grid,SMRCCS_H_BEC_C_grid_E,Philippines,1,2024,311.34408907621213,1408.75671022926,1720.100799305472,-0.607275228568819,14.30847482008127,0.0193982134825784,16.72437977331648,0.04904,8.862436757554681,0.0304896869844766,1759.9960906564245,-0.508347328101764
lng,SMRCCS,BEC,grid,SMRCCS_H_BEC_C_grid_E,Netherlands,1,2024,356.5672528526452,3974.810377364033,4331.377630216678,-1.059841321102981,6.791636792605323,0.0092075236568326,24.05060253368647,0.02024,57.04210191937808,0.196243525345994,4419.261971462348,-0.8341502721001544
lng,SMRCCS,BEC,grid,SMRCCS_H_BEC_C_grid_E,Norway,1,2024,394.8330068173193,2892.0499274505487,3286.882934267868,-1.33892374483238,31.586172849052392,0.0428218473127285,15.911252561691846,0.00248,60.53321201401219,0.2082540882335661,3394.913571692625,-1.0853678092860854
lng,SMRCCS,BEC,grid,SMRCCS_H_BEC_C_grid_E,Oman,1,2024,332.21631851148896,497.008847770333,829.2251662818219,-0.6927599349363828,26.719103995420006,0.0362234892176598,21.12109797041032,0.0436,22.014936016547047,0.0757385949812978,899.0803042641993,-0.5371978507374252
lng,SMRCCS,BEC,grid,SMRCCS_H_BEC_C_grid_E,Italy,1,2024,333.9556709644287,4674.906026332809,5008.861697297238,-1.0158418398843814,16.85127746633886,0.0228455290907342,41.78749115350147,0.0230399999999999,43.481610772211546,0.1495909915402742,5110.98207668929,-0.820365319253373
lng,SMRCCS,BEC,grid,SMRCCS_H_BEC_C_grid_E,Austria,1,2024,361.7853102114644,3838.6628130560784,4200.4481232675425,-1.2484105263255478,13.684414387924436,0.018552165413778,28.929782082959928,0.0082399999999999,43.481610772211546,0.1495909915402742,4286.543930510638,-1.072027369371496
lng,SMRCCS,BEC,grid,SMRCCS_H_BEC_C_grid_E,Finland,1,2024,375.7001298349823,3855.6910324986834,4231.391162333665,-1.2873814954048783,27.22434438169863,0.0369084511717668,15.940927547689158,0.0057599999999999,64.56110391457831,0.2221113564562004,4339.117538177631,-1.0226016877769113
lng,SMRCCS,BEC,grid,SMRCCS_H_BEC_C_grid_E,Portugal,1,2024,316.56214643503137,3360.497827605515,3677.0599740405464,-1.237096374012194,12.817872374283043,0.0173773814354991,16.803559322589937,0.00896,49.423540753857885,0.1700331780607748,3756.1049464912776,-1.04072581451592
lng,SMRCCS,BEC,grid,SMRCCS_H_BEC_C_grid_E,Germany,1,2024,358.3066053055849,3600.4883540569967,3958.7949593625817,-0.9454426699346228,19.948978931930707,0.0270451293339769,28.316995716777623,0.02752,58.34583735079685,0.2007288025109504,4065.406771362087,-0.6901487380896956
lng,SMRCCS,BEC,grid,SMRCCS_H_BEC_C_grid_E,Greece,1,2024,320.0408513409108,2049.64689801612,2369.6877493570305,-0.9756137427702336,11.184540606351485,0.0151630491100337,24.136345688772245,0.0256,38.655294480858075,0.1329868817410128,2443.6639301330124,-0.8018638119191871
lng,SMRCCS,BEC,grid,SMRCCS_H_BEC_C_grid_E,France,1,2024,351.349195493826,3829.877287036527,4181.226482530353,-1.3225810803797575,23.213504505882067,0.031470895517943,20.531422984413005,0.0035199999999999,55.74270322845311,0.1917731679896417,4280.7141132491015,-1.0958170168721728
lng,SMRCCS,BEC,grid,SMRCCS_H_BEC_C_grid_E,Brazil,1,2024,320.0408513409108,3627.9067817743057,3947.947633115216,-1.2484105263255478,102.99809327173692,0.1396360567221048,15.176345688772244,0.0082399999999999,61.4418912346397,0.2113802425593065,4127.563963310365,-0.8891542270441366
lng,SMRCCS,BEC,grid,SMRCCS_H_BEC_C_grid_E,United Kingdom,1,2024,370.482072476163,3209.284451124682,3579.766523600845,-1.1126406985652992,18.53994207479783,0.0251348769763235,40.9817479984157,0.01688,55.355200589122006,0.1904400319118252,3694.6434142631806,-0.8801857896771504
lng,SMRCCS,BEC,grid,SMRCCS_H_BEC_C_grid_E,Spain,1,2024,323.5195562467903,2812.5339106083634,3136.0534668551536,-1.194354020828412,31.30247157646122,0.042437229251041,15.949132054954552,0.01168,47.66906092425297,0.1639971924409472,3230.9741314108223,-0.9762395991364238
lng,SMRCCS,BEC,grid,SMRCCS_H_BEC_C_grid_E,Sweden,1,2024,382.6575396467412,5521.4217608793715,5904.079300526113,-1.3326381046582945,33.07840154431364,0.0448448840905465,11.52280028005377,0.0028799999999999,60.07194265084708,0.2066671704497585,6008.752445001327,-1.0782460501179896
lng,SMRCCS,BEC,grid,SMRCCS_H_BEC_C_grid_E,Czech Republic,1,2024,316.56214643503137,2949.313622414704,3265.875768849736,-0.8574437074974248,29.505004291634744,0.0400003759485437,23.283559322589937,0.03312,43.481610772211546,0.1495909915402742,3362.145943236172,-0.6347323400086069
lng,SMRCCS,BEC,grid,SMRCCS_H_BEC_C_grid_E,Japan,1,2024,375.7001298349823,3047.9136925881535,3423.613822423136,-0.771959001129861,12.977661099092396,0.0175940094014379,22.260927547689153,0.03856,20.26636492616301,0.0697229373608958,3479.118775996081,-0.6460820543675274
lng,SMRCCS,BEC,grid,SMRCCS_H_BEC_C_grid_E,Belgium,1,2024,356.5672528526452,2456.422332807172,2812.9895856598173,-1.2044110451069487,4.233422153209155,0.0057393137788924,26.37060253368647,0.01104,56.92766564566551,0.1958498270595502,2900.5212759923784,-0.9917819042685062
lng,SMRCCS,BEC,grid,SMRCCS_H_BEC_C_grid_E,Poland,1,2024,321.7802037938506,3469.5097679621385,3791.289971755989,-0.6047609724991846,16.004410049511293,0.0216974182578447,37.9227388718634,0.0492,62.56524212252678,0.2152449377760272,3907.78236279989,-0.3186186164653127
lng,SMRCCS,BEC,grid,SMRCCS_H_BEC_C_grid_E,India,1,2024,307.86538417033273,2092.201337289233,2400.0667214595655,-0.4878480652611932,43.369031669780384,0.0587960453816087,14.831593407134172,0.0566399999999999,10.59373146967094,0.0364459082015484,2468.861078006151,-0.33596611167803614
lng,SMRCCS,BEC,grid,SMRCCS_H_BEC_C_grid_E,Indonesia,1,2024,280.035744923297,3134.2840725215588,3414.3198174448557,-0.565790003419854,21.19081700585028,0.0287287077985997,9.929302477675712,0.05168,7.786346387408373,0.0267875834377514,3453.22628331579,-0.45859371218350287
lng,SMRCCS,BEC,grid,SMRCCS_H_BEC_C_grid_E,South Korea,1,2024,326.9982611526697,2364.634427485336,2691.6326886380057,-0.8574437074974248,10.383993350619884,0.0140777352128614,14.241918421136855,0.03312,17.624287275172158,0.0606333243378496,2733.8828876849343,-0.7496126479467138
lng,SMRCCS,BEC,grid,SMRCCS_H_BEC_C_grid_E,China,1,2024,318.3014988879711,2044.4617662405956,2362.7632651285667,-0.6739030144141261,117.07828218326276,0.1587247795814752,12.189952505681092,0.0448,14.848698549059618,0.0510843894600154,2506.88019836657,-0.4192938453726355
lng,SMRCCS,BEC,grid,SMRCCS_H_BEC_C_grid_E,United Arab Emirates,1,2024,332.21631851148896,377.90942432025906,710.1257428317481,-0.8964146765767553,15.525975735670064,0.0210487976973739,13.84109797041032,0.03064,22.944322992857888,0.0789359907732634,762.4371395306864,-0.765789888106118
lng,SMRCCS,BEC,grid,SMRCCS_H_BEC_C_grid_E,United States,1,2024,347.87049058794656,1489.9219803960566,1837.792470984003,-0.8951575485419381,115.88348476726244,0.1571049748408973,17.038636618230697,0.03072,52.95862996936256,0.1821950435376774,2023.6732223388587,-0.5251375301633634
lng,SMRCCS,BEC,grid,SMRCCS_H_BEC_C_grid_E,Turkey,1,2024,318.3014988879711,1296.4226387310987,1614.7241376190698,-0.7870445375476663,14.367053340775968,0.0194776292598864,16.749952505681094,0.0376,37.32981905913191,0.1284268118844242,1683.1709625246588,-0.6015400964033558
lng,SMRCCS,BEC,grid,SMRCCS_H_BEC_C_grid_E,Australia,1,2024,356.5672528526452,1968.4812757215911,2325.048528574237,-0.6839600386926629,117.82066045617007,0.1597312329179604,24.130602533686467,0.04416,11.901612906537595,0.0409454489840402,2478.9014044706314,-0.4391233567906623
lng,SMRCCS,BEC,grid,SMRCCS_H_BEC_C_grid_E,Malaysia,1,2024,304.3866792644532,1199.71226082017,1504.098940084623,-0.618589380882173,22.36137877654277,0.0303156559120751,14.858807040951865,0.04832,0.0,0.0,1541.3191259021178,-0.5399537249700979
lng,SMRCCS,BEC,grid,SMRCCS_H_BEC_C_grid_E,Canada,1,2024,354.82790039970547,962.009122551734,1316.8370229514394,-1.1578973078187156,118.11484173619228,0.1601300588825865,13.944209350595314,0.0139999999999999,49.584341405335,0.1705863850019987,1498.480415443562,-0.8131808639341305
lng,SMRCCS,BEC,grid,SMRCCS_H_BEC_C_grid_E,Mexico,1,2024,306.12603171739295,906.9553166920056,1213.0813484093983,-0.717902495632725,70.584838283883,0.0956929217740524,21.525200224043015,0.042,64.86002495922516,0.2231397428169365,1370.0514118765495,-0.35706983104173606
lng,SMRCCS,BEC,grid,SMRCCS_H_BEC_C_grid_E,Thailand,1,2024,309.6047366232724,1286.0829561990372,1595.6876928223096,-0.6814457826230288,16.66138756714907,0.0225880925121339,15.017986590225323,0.04432,5.453041263376516,0.0187602491032793,1632.8201082430605,-0.5957774410076155
lng,SMRCCS,BEC,grid,SMRCCS_H_BEC_C_grid_E,Russia,1,2024,328.7376136056095,539.1214914908251,867.8591050964346,-0.8134442262788257,217.03008950143004,0.2942309408395722,12.188311604228012,0.03592,21.725117197756443,0.0747415232606332,1118.802623399849,-0.40855176217862027
lng,SMRCCS,BEC,grid,SMRCCS_H_BEC_C_grid_E,Saudi Arabia,1,2024,332.21631851148896,323.8707347311963,656.0870532426852,-0.6839600386926629,38.75836749584844,0.0525452989486706,10.48109797041032,0.04416,25.47038618944284,0.0876264760510543,730.7969048983869,-0.49962826369293806
lng,BG,BG,grid,BG_H_C_grid_E,South Africa,1,2024,294.96702578968717,777.1881834506546,1072.1552092403415,-1.289267124856889,36.05304361240747,0.0488776508666503,12.135525238045703,0.05672,33.55415330584088,0.1154372842719738,1153.8979313966354,-1.0682321897182647
lng,BG,BG,grid,BG_H_C_grid_E,Taiwan,1,2024,290.23493446685796,906.91251291361,1197.1474473804678,-1.3424472229513336,8.910824241692303,0.0120805378015195,18.45634568877224,0.05088,11.47902285922631,0.0394916007233694,1235.9936401701586,-1.2399950844264447
lng,BG,BG,grid,BG_H_C_grid_E,Switzerland,1,2024,348.59739411508485,1474.3200714279708,1822.9174655430556,-1.7788154251235555,17.100979796499654,0.0231840542772731,28.47289346314492,0.00296,44.32471484340281,0.1524915458606248,1912.8160536461028,-1.6001798249856576
lng,BG,BG,grid,BG_H_C_grid_E,Singapore,1,2024,291.8122982411344,1406.2466886893808,1698.0589869305152,-1.4422509686902223,0.6614965722328433,0.0008968008042448,27.9227388718634,0.03992,0.0,0.0,1726.6432223746115,-1.4014341678859776
lng,BG,BG,grid,BG_H_C_grid_E,Hungary,1,2024,283.9254793697524,992.8214636238856,1276.746942993638,-1.6724552289346666,27.122186571715517,0.0367699542996764,20.75077295640763,0.01464,43.160799677088185,0.148487296231744,1367.7807021988492,-1.472557978403246
lng,BG,BG,grid,BG_H_C_grid_E,Philippines,1,2024,282.348115595476,866.0069605392022,1148.3550761346785,-1.3592025963235554,14.30847482008127,0.0193982134825784,16.72437977331648,0.04904,8.862436757554681,0.0304896869844766,1188.250367485631,-1.2602746958565005
lng,BG,BG,grid,BG_H_C_grid_E,Netherlands,1,2024,323.35957372666235,1223.4170321818583,1546.7766059085209,-1.6214606143235557,6.791636792605323,0.0092075236568326,24.05060253368647,0.02024,57.04210191937808,0.196243525345994,1634.6609471541908,-1.3957695653207292
lng,BG,BG,grid,BG_H_C_grid_E,Norway,1,2024,358.06157676074326,1112.120109777885,1470.1816865386286,-1.7831863920902224,31.586172849052392,0.0428218473127285,15.911252561691846,0.00248,60.53321201401219,0.2082540882335661,1578.212323963385,-1.5296304565439278
lng,BG,BG,grid,BG_H_C_grid_E,Oman,1,2024,301.2764808867928,844.5503724471038,1145.8268533338965,-1.408740221945778,26.719103995420006,0.0362234892176598,21.12109797041032,0.0436,22.014936016547047,0.0757385949812978,1215.681991316274,-1.2531781377468203
lng,BG,BG,grid,BG_H_C_grid_E,Italy,1,2024,302.85384466106916,1412.326692734091,1715.1805373951602,-1.5959633070179997,16.85127746633886,0.0228455290907342,41.78749115350147,0.0230399999999999,43.481610772211546,0.1495909915402742,1817.300916787212,-1.4004867863869914
lng,BG,BG,grid,BG_H_C_grid_E,Austria,1,2024,328.0916650494916,1264.318024567289,1592.4096896167807,-1.7307347884902222,13.684414387924436,0.018552165413778,28.929782082959928,0.0082399999999999,43.481610772211546,0.1495909915402742,1678.5054968598765,-1.5543516315361703
lng,BG,BG,grid,BG_H_C_grid_E,Finland,1,2024,340.71057524370286,1161.647785921478,1502.358361165181,-1.753318117818,27.22434438169863,0.0369084511717668,15.940927547689158,0.0057599999999999,64.56110391457831,0.2221113564562004,1610.084737009147,-1.488538310190033
lng,BG,BG,grid,BG_H_C_grid_E,Portugal,1,2024,287.0802069183052,1050.4708467056844,1337.5510536239894,-1.7241783380402222,12.817872374283043,0.0173773814354991,16.803559322589937,0.00896,49.423540753857885,0.1700331780607748,1416.5960260747204,-1.5278077785439481
lng,BG,BG,grid,BG_H_C_grid_E,Germany,1,2024,324.93693750093877,1253.082904445962,1578.019841946901,-1.555167615329111,19.948978931930707,0.0270451293339769,28.316995716777623,0.02752,58.34583735079685,0.2007288025109504,1684.6316539464062,-1.2998736834841838
lng,BG,BG,grid,BG_H_C_grid_E,Greece,1,2024,290.23493446685796,1015.3562458911648,1305.5911803580227,-1.572651483195778,11.184540606351485,0.0151630491100337,24.136345688772245,0.0256,38.655294480858075,0.1329868817410128,1379.5673611340046,-1.3989015523447317
lng,BG,BG,grid,BG_H_C_grid_E,France,1,2024,318.6274824038332,1193.2198959778411,1511.8473783816744,-1.773715963662444,23.213504505882067,0.031470895517943,20.531422984413005,0.0035199999999999,55.74270322845311,0.1917731679896417,1611.3350091004227,-1.5469519001548593
lng,BG,BG,grid,BG_H_C_grid_E,Brazil,1,2024,290.23493446685796,1048.6153617914931,1338.8502962583511,-1.7307347884902222,102.99809327173692,0.1396360567221048,15.176345688772244,0.0082399999999999,61.4418912346397,0.2113802425593065,1518.4666264535,-1.371478489208811
lng,BG,BG,grid,BG_H_C_grid_E,United Kingdom,1,2024,335.9784839208736,1276.1651069740192,1612.143590894893,-1.6520573830902223,18.53994207479783,0.0251348769763235,40.9817479984157,0.01688,55.355200589122006,0.1904400319118252,1727.0204815572283,-1.4196024742020736
lng,BG,BG,grid,BG_H_C_grid_E,Spain,1,2024,293.38966201541075,1036.185058212711,1329.5747202281218,-1.699409525229111,31.30247157646122,0.042437229251041,15.949132054954552,0.01168,47.66906092425297,0.1639971924409472,1424.4953847837905,-1.481295103537123
lng,BG,BG,grid,BG_H_C_grid_E,Sweden,1,2024,347.0200303408085,1268.5442405182384,1615.564270859047,-1.7795439196180003,33.07840154431364,0.0448448840905465,11.52280028005377,0.0028799999999999,60.07194265084708,0.2066671704497585,1720.2374153342616,-1.5251518650776954
lng,BG,BG,grid,BG_H_C_grid_E,Czech Republic,1,2024,287.0802069183052,1069.5772618090446,1356.6574687273496,-1.504173000718,29.505004291634744,0.0400003759485437,23.283559322589937,0.03312,43.481610772211546,0.1495909915402742,1452.927643113786,-1.2814616332291822
lng,BG,BG,grid,BG_H_C_grid_E,Japan,1,2024,340.71057524370286,1107.6832277319431,1448.393802975646,-1.4546353750957777,12.977661099092396,0.0175940094014379,22.260927547689153,0.03856,20.26636492616301,0.0697229373608958,1503.8987565485904,-1.328758428333444
lng,BG,BG,grid,BG_H_C_grid_E,Belgium,1,2024,323.35957372666235,1157.1052222758549,1480.464796002517,-1.705237481184667,4.233422153209155,0.0057393137788924,26.37060253368647,0.01104,56.92766564566551,0.1958498270595502,1567.996486335078,-1.4926083403462245
lng,BG,BG,grid,BG_H_C_grid_E,Poland,1,2024,291.8122982411344,1217.2688794809003,1509.081177722035,-1.3577456073346663,16.004410049511293,0.0216974182578447,37.9227388718634,0.0492,62.56524212252678,0.2152449377760272,1625.5735687659364,-1.0716032513007945
lng,BG,BG,grid,BG_H_C_grid_E,India,1,2024,279.19338804692313,904.4341920292986,1183.627580076222,-1.2899956193513331,43.369031669780384,0.0587960453816087,14.831593407134172,0.0566399999999999,10.59373146967094,0.0364459082015484,1252.4219366228078,-1.138113665768176
lng,BG,BG,grid,BG_H_C_grid_E,Indonesia,1,2024,253.95556765850068,949.1442647426586,1203.0998324011591,-1.3351622780068888,21.19081700585028,0.0287287077985997,9.929302477675712,0.05168,7.786346387408373,0.0267875834377514,1242.0062982720935,-1.227965986770538
lng,BG,BG,grid,BG_H_C_grid_E,South Korea,1,2024,296.54438956396353,982.7215142732864,1279.26590383725,-1.504173000718,10.383993350619884,0.0140777352128614,14.241918421136855,0.03312,17.624287275172158,0.0606333243378496,1321.5161028841792,-1.396341941167289
lng,BG,BG,grid,BG_H_C_grid_E,China,1,2024,288.6575706925816,886.8023113588831,1175.4598820514648,-1.3978128045291112,117.07828218326276,0.1587247795814752,12.189952505681092,0.0448,14.848698549059618,0.0510843894600154,1319.5768152894682,-1.1432036354876205
lng,BG,BG,grid,BG_H_C_grid_E,United Arab Emirates,1,2024,301.2764808867928,777.1895616678371,1078.46604255463,-1.5267563300457778,15.525975735670064,0.0210487976973739,13.84109797041032,0.03064,22.944322992857888,0.0789359907732634,1130.7774392535682,-1.3961315415751405
lng,BG,BG,grid,BG_H_C_grid_E,United States,1,2024,315.47275485528036,982.4846113664408,1297.9573662217213,-1.5260278355513333,115.88348476726244,0.1571049748408973,17.038636618230697,0.03072,52.95862996936256,0.1821950435376774,1483.838117576577,-1.1560078171727586
lng,BG,BG,grid,BG_H_C_grid_E,Turkey,1,2024,288.6575706925816,868.3173220395279,1156.9748927321095,-1.4633773090291111,14.367053340775968,0.0194776292598864,16.749952505681094,0.0376,37.32981905913191,0.1284268118844242,1225.4217176376985,-1.2778728678848004
lng,BG,BG,grid,BG_H_C_grid_E,Australia,1,2024,323.35957372666235,1074.5794560162435,1397.939029742906,-1.4036407604846666,117.82066045617007,0.1597312329179604,24.130602533686467,0.04416,11.901612906537595,0.0409454489840402,1551.7919056393002,-1.158804078582666
lng,BG,BG,grid,BG_H_C_grid_E,Malaysia,1,2024,276.03866049837035,838.3362061832571,1114.3748666816275,-1.3657590467735554,22.36137877654277,0.0303156559120751,14.858807040951865,0.04832,0.0,0.0,1151.5950524991222,-1.2871233908614803
lng,BG,BG,grid,BG_H_C_grid_E,Canada,1,2024,321.782209952386,889.4067352909584,1211.1889452433445,-1.678283184890222,118.11484173619228,0.1601300588825865,13.944209350595314,0.0139999999999999,49.584341405335,0.1705863850019987,1392.832337735467,-1.333566741005637
lng,BG,BG,grid,BG_H_C_grid_E,Mexico,1,2024,277.61602427264677,869.189657083348,1146.8056813559947,-1.4233101118346667,70.584838283883,0.0956929217740524,21.525200224043015,0.042,64.86002495922516,0.2231397428169365,1303.775744823146,-1.062477447243678
lng,BG,BG,grid,BG_H_C_grid_E,Thailand,1,2024,280.77075182119955,841.8847191554229,1122.6554709766224,-1.4021837714957777,16.66138756714907,0.0225880925121339,15.017986590225323,0.04432,5.453041263376516,0.0187602491032793,1159.7878863973733,-1.3165154298803645
lng,BG,BG,grid,BG_H_C_grid_E,Russia,1,2024,298.12175333823996,764.525335866381,1062.647089204621,-1.4786756934124443,217.03008950143004,0.2942309408395722,12.188311604228012,0.03592,21.725117197756443,0.0747415232606332,1313.5906075080352,-1.073783229312239
lng,BG,BG,grid,BG_H_C_grid_E,Saudi Arabia,1,2024,301.2764808867928,744.096425160598,1045.3729060473906,-1.4036407604846666,38.75836749584844,0.0525452989486706,10.48109797041032,0.04416,25.47038618944284,0.0876264760510543,1120.0827577030923,-1.2193089854849417
lng,ATRCCS,DAC,grid,ATRCCS_H_DAC_C_grid_E,South Africa,1,2024,282.2603481762618,1072.1225342474718,1354.3828824237337,0.6154918180555731,36.05304361240747,0.0488776508666503,12.135525238045703,0.05672,33.55415330584088,0.1154372842719738,1436.1256045800276,0.8365267531941971
lng,ATRCCS,DAC,grid,ATRCCS_H_DAC_C_grid_E,Taiwan,1,2024,277.73210729642864,1881.1294315784116,2158.8615388748403,0.3868820205995003,8.910824241692303,0.0120805378015195,18.45634568877224,0.05088,11.47902285922631,0.0394916007233694,2197.7077316645314,0.48933415912438916
lng,ATRCCS,DAC,grid,ATRCCS_H_DAC_C_grid_E,Switzerland,1,2024,333.58041148103655,5624.017884228507,5957.598295709543,-1.4889709749647169,17.100979796499654,0.0231840542772731,28.47289346314492,0.00296,44.32471484340281,0.1524915458606248,6047.496883812591,-1.310335374826819
lng,ATRCCS,DAC,grid,ATRCCS_H_DAC_C_grid_E,Singapore,1,2024,279.2415209230397,5974.8917721179605,6254.133293041,-0.0421528047632673,0.6614965722328433,0.0008968008042448,27.9227388718634,0.03992,0.0,0.0,6282.717528485096,-0.0013360039590225026
lng,ATRCCS,DAC,grid,ATRCCS_H_DAC_C_grid_E,Hungary,1,2024,271.69445278998455,2645.755551343676,2917.4500041336605,-1.0317513800525706,27.122186571715517,0.0367699542996764,20.75077295640763,0.01464,43.160799677088185,0.148487296231744,3008.483763338872,-0.8318541295211501
lng,ATRCCS,DAC,grid,ATRCCS_H_DAC_C_grid_E,Philippines,1,2024,270.1850391633735,1803.5887272406417,2073.773766404015,0.3148542761955318,14.30847482008127,0.0193982134825784,16.72437977331648,0.04904,8.862436757554681,0.0304896869844766,2113.6690577549675,0.4137821766625869
lng,ATRCCS,DAC,grid,ATRCCS_H_DAC_C_grid_E,Netherlands,1,2024,309.42979345526015,4058.345313472432,4367.775106927693,-0.8125365057796236,6.791636792605323,0.0092075236568326,24.05060253368647,0.02024,57.04210191937808,0.196243525345994,4455.659448173363,-0.5868454567767969
lng,ATRCCS,DAC,grid,ATRCCS_H_DAC_C_grid_E,Norway,1,2024,342.63689324070276,3056.3810556741128,3399.0179489148154,-1.5077608213309694,31.586172849052392,0.0428218473127285,15.911252561691846,0.00248,60.53321201401219,0.2082540882335661,3507.048586339572,-1.2542048857846748
lng,ATRCCS,DAC,grid,ATRCCS_H_DAC_C_grid_E,Oman,1,2024,288.2980026827058,1038.9657420400945,1327.2637447228003,0.1019026840446692,26.719103995420006,0.0362234892176598,21.12109797041032,0.0436,22.014936016547047,0.0757385949812978,1397.1188827051778,0.2574647682436268
lng,ATRCCS,DAC,grid,ATRCCS_H_DAC_C_grid_E,Italy,1,2024,289.8074163093168,4804.233965432227,5094.041381741544,-0.7029290686431499,16.85127746633886,0.0228455290907342,41.78749115350147,0.0230399999999999,43.481610772211546,0.1495909915402742,5196.161761133596,-0.5074525480121415
lng,ATRCCS,DAC,grid,ATRCCS_H_DAC_C_grid_E,Austria,1,2024,313.95803433509326,3979.465777326556,4293.423811661649,-1.2822826649359385,13.684414387924436,0.018552165413778,28.929782082959928,0.0082399999999999,43.481610772211546,0.1495909915402742,4379.519618904745,-1.1058995079818865
lng,ATRCCS,DAC,grid,ATRCCS_H_DAC_C_grid_E,Finland,1,2024,326.0333433479815,3890.381775441334,4216.415118789316,-1.3793635378282434,27.22434438169863,0.0369084511717668,15.940927547689158,0.0057599999999999,64.56110391457831,0.2221113564562004,4324.141494633282,-1.1145837302002763
lng,ATRCCS,DAC,grid,ATRCCS_H_DAC_C_grid_E,Portugal,1,2024,274.7132800432066,3479.603415746229,3754.316695789435,-1.2540978953865594,12.817872374283043,0.0173773814354991,16.803559322589937,0.00896,49.423540753857885,0.1700331780607748,3833.361668240166,-1.0577273358902852
lng,ATRCCS,DAC,grid,ATRCCS_H_DAC_C_grid_E,Germany,1,2024,310.93920708187125,3762.414892896492,4073.354099978363,-0.5275571692247926,19.948978931930707,0.0270451293339769,28.316995716777623,0.02752,58.34583735079685,0.2007288025109504,4179.965911977868,-0.27226323737986535
lng,ATRCCS,DAC,grid,ATRCCS_H_DAC_C_grid_E,Greece,1,2024,277.73210729642864,2409.0638526535313,2686.79595994996,-0.6027165546898026,11.184540606351485,0.0151630491100337,24.136345688772245,0.0256,38.655294480858075,0.1329868817410128,2760.772140725942,-0.42896662383875606
lng,ATRCCS,DAC,grid,ATRCCS_H_DAC_C_grid_E,France,1,2024,304.9015525754271,3909.97186797982,4214.873420555246,-1.467049487537422,23.213504505882067,0.031470895517943,20.531422984413005,0.0035199999999999,55.74270322845311,0.1917731679896417,4314.361051273995,-1.2402854240298373
lng,ATRCCS,DAC,grid,ATRCCS_H_DAC_C_grid_E,Brazil,1,2024,277.73210729642864,3704.308391960751,3982.04049925718,-1.2822826649359385,102.99809327173692,0.1396360567221048,15.176345688772244,0.0082399999999999,61.4418912346397,0.2113802425593065,4161.656829452329,-0.9230263656545272
lng,ATRCCS,DAC,grid,ATRCCS_H_DAC_C_grid_E,United Kingdom,1,2024,321.5051024681483,3520.8330360297914,3842.33813849794,-0.9440654303433916,18.53994207479783,0.0251348769763235,40.9817479984157,0.01688,55.355200589122006,0.1904400319118252,3957.215029160275,-0.7116105214552428
lng,ATRCCS,DAC,grid,ATRCCS_H_DAC_C_grid_E,Spain,1,2024,280.75093454965065,2999.4366200146096,3280.18755456426,-1.147622099311128,31.30247157646122,0.042437229251041,15.949132054954552,0.01168,47.66906092425297,0.1639971924409472,3375.108219119929,-0.9295076776191397
lng,ATRCCS,DAC,grid,ATRCCS_H_DAC_C_grid_E,Sweden,1,2024,332.07099785442557,5293.810448286152,5625.881446140577,-1.4921026160257589,33.07840154431364,0.0448448840905465,11.52280028005377,0.0028799999999999,60.07194265084708,0.2066671704497585,5730.554590615791,-1.237710561485454
lng,ATRCCS,DAC,grid,ATRCCS_H_DAC_C_grid_E,Czech Republic,1,2024,274.7132800432066,3164.7362318441596,3439.4495118873665,-0.3083422949518455,29.505004291634744,0.0400003759485437,23.283559322589937,0.03312,43.481610772211546,0.1495909915402742,3535.719686273803,-0.08563092746302761
lng,ATRCCS,DAC,grid,ATRCCS_H_DAC_C_grid_E,Japan,1,2024,326.0333433479815,3252.917503310385,3578.9508466583666,-0.095390702800983,12.977661099092396,0.0175940094014379,22.260927547689153,0.03856,20.26636492616301,0.0697229373608958,3634.4558002313115,0.030486243961350704
lng,ATRCCS,DAC,grid,ATRCCS_H_DAC_C_grid_E,Belgium,1,2024,309.42979345526015,2766.5218225104095,3075.9516159656696,-1.1726752277994648,4.233422153209155,0.0057393137788924,26.37060253368647,0.01104,56.92766564566551,0.1958498270595502,3163.4833062982307,-0.9600460869610222
lng,ATRCCS,DAC,grid,ATRCCS_H_DAC_C_grid_E,Poland,1,2024,279.2415209230397,3730.850138511472,4010.091659434512,0.3211175583176158,16.004410049511293,0.0216974182578447,37.9227388718634,0.0492,62.56524212252678,0.2152449377760272,4126.584050478413,0.6072599143514877
lng,ATRCCS,DAC,grid,ATRCCS_H_DAC_C_grid_E,India,1,2024,267.1662119101515,2382.360914973691,2649.5271268838424,0.6123601769945307,43.369031669780384,0.0587960453816087,14.831593407134172,0.0566399999999999,10.59373146967094,0.0364459082015484,2718.3214834304276,0.7642421305776876
lng,ATRCCS,DAC,grid,ATRCCS_H_DAC_C_grid_E,Indonesia,1,2024,243.01559388437505,3246.9149935290957,3489.9305874134707,0.4181984312099212,21.19081700585028,0.0287287077985997,9.929302477675712,0.05168,7.786346387408373,0.0267875834377514,3528.837053284405,0.5253947224462723
lng,ATRCCS,DAC,grid,ATRCCS_H_DAC_C_grid_E,South Korea,1,2024,283.7697618028727,2611.365207485489,2895.1349692883614,-0.3083422949518455,10.383993350619884,0.0140777352128614,14.241918421136855,0.03312,17.624287275172158,0.0606333243378496,2937.38516833529,-0.20051123540113455
lng,ATRCCS,DAC,grid,ATRCCS_H_DAC_C_grid_E,China,1,2024,276.2226936698176,2319.282719076386,2595.5054127462035,0.1488772999603009,117.07828218326276,0.1587247795814752,12.189952505681092,0.0448,14.848698549059618,0.0510843894600154,2739.6223459842067,0.4034864690017915
lng,ATRCCS,DAC,grid,ATRCCS_H_DAC_C_grid_E,United Arab Emirates,1,2024,288.2980026827058,885.100315608654,1173.3983182913598,-0.4054231678441505,15.525975735670064,0.0210487976973739,13.84109797041032,0.03064,22.944322992857888,0.0789359907732634,1225.7097149902982,-0.2747983793735132
lng,ATRCCS,DAC,grid,ATRCCS_H_DAC_C_grid_E,United States,1,2024,301.88272532220503,1866.0636798682324,2167.9464051904374,-0.4022915267831087,115.88348476726244,0.1571049748408973,17.038636618230697,0.03072,52.95862996936256,0.1821950435376774,2353.827156545293,-0.032271508404533994
lng,ATRCCS,DAC,grid,ATRCCS_H_DAC_C_grid_E,Turkey,1,2024,276.2226936698176,1707.2480656051096,1983.470759274927,-0.1329703955334883,14.367053340775968,0.0194776292598864,16.749952505681094,0.0376,37.32981905913191,0.1284268118844242,2051.917584180516,0.05253404561082231
lng,ATRCCS,DAC,grid,ATRCCS_H_DAC_C_grid_E,Australia,1,2024,309.42979345526015,2325.444834905019,2634.874628360279,0.123824171471964,117.82066045617007,0.1597312329179604,24.130602533686467,0.04416,11.901612906537595,0.0409454489840402,2788.7275042566735,0.3686608533739646
lng,ATRCCS,DAC,grid,ATRCCS_H_DAC_C_grid_E,Malaysia,1,2024,264.14738465692943,1613.077558093998,1877.2249427509275,0.286669506646153,22.36137877654277,0.0303156559120751,14.858807040951865,0.04832,0.0,0.0,1914.4451285684222,0.3653051625582281
lng,ATRCCS,DAC,grid,ATRCCS_H_DAC_C_grid_E,Canada,1,2024,307.9203798286492,1385.6211067646436,1693.5414865932928,-1.0568045085409077,118.11484173619228,0.1601300588825865,13.944209350595314,0.0139999999999999,49.584341405335,0.1705863850019987,1875.1848790854153,-0.7120880646563226
lng,ATRCCS,DAC,grid,ATRCCS_H_DAC_C_grid_E,Mexico,1,2024,265.65679828354047,1407.5180647977754,1673.1748630813158,0.0392698628238274,70.584838283883,0.0956929217740524,21.525200224043015,0.042,64.86002495922516,0.2231397428169365,1830.144926548467,0.40010252741481633
lng,ATRCCS,DAC,grid,ATRCCS_H_DAC_C_grid_E,Thailand,1,2024,268.6756255367625,1686.3357432705848,1955.0113688073473,0.130087453594048,16.66138756714907,0.0225880925121339,15.017986590225323,0.04432,5.453041263376516,0.0187602491032793,1992.1437842280982,0.2157557952094612
lng,ATRCCS,DAC,grid,ATRCCS_H_DAC_C_grid_E,Russia,1,2024,285.27917542948376,1018.532708762354,1303.8118841918376,-0.198734857815372,217.03008950143004,0.2942309408395722,12.188311604228012,0.03592,21.725117197756443,0.0747415232606332,1554.755402495252,0.20615760628483337
lng,ATRCCS,DAC,grid,ATRCCS_H_DAC_C_grid_E,Saudi Arabia,1,2024,288.2980026827058,813.3224955848086,1101.6204982675144,0.123824171471964,38.75836749584844,0.0525452989486706,10.48109797041032,0.04416,25.47038618944284,0.0876264760510543,1176.330349923216,0.3081559464716889
lng,BG,DAC,grid,BG_H_DAC_C_grid_E,South Africa,1,2024,294.96702578968717,1327.1881834506544,1622.1552092403415,-0.115787922956037,36.05304361240747,0.0488776508666503,12.135525238045703,0.05672,33.55415330584088,0.1154372842719738,1703.8979313966354,0.10524701218258711
lng,BG,DAC,grid,BG_H_DAC_C_grid_E,Taiwan,1,2024,290.23493446685796,1456.9125129136105,1747.1474473804683,-0.2749751738282592,8.910824241692303,0.0120805378015195,18.45634568877224,0.05088,11.47902285922631,0.0394916007233694,1785.993640170159,-0.17252303530337026
lng,BG,DAC,grid,BG_H_DAC_C_grid_E,Switzerland,1,2024,348.59739411508485,2024.320071427971,2372.917465543056,-1.5811828898893705,17.100979796499654,0.0231840542772731,28.47289346314492,0.00296,44.32471484340281,0.1524915458606248,2462.8160536461037,-1.4025472897514726
lng,BG,DAC,grid,BG_H_DAC_C_grid_E,Singapore,1,2024,291.8122982411344,1956.2466886893808,2248.058986930515,-0.5737238501227037,0.6614965722328433,0.0008968008042448,27.9227388718634,0.03992,0.0,0.0,2276.643222374611,-0.5329070493184589
lng,BG,DAC,grid,BG_H_DAC_C_grid_E,Hungary,1,2024,283.9254793697524,1542.8214636238854,1826.7469429936375,-1.262808388144926,27.122186571715517,0.0367699542996764,20.75077295640763,0.01464,43.160799677088185,0.148487296231744,1917.7807021988488,-1.0629111376135054
lng,BG,DAC,grid,BG_H_DAC_C_grid_E,Philippines,1,2024,282.348115595476,1416.006960539202,1698.355076134678,-0.3251300610893701,14.30847482008127,0.0193982134825784,16.72437977331648,0.04904,8.862436757554681,0.0304896869844766,1738.2503674856305,-0.22620216062231505
lng,BG,DAC,grid,BG_H_DAC_C_grid_E,Netherlands,1,2024,323.35957372666235,1773.4170321818583,2096.7766059085207,-1.1101630790893706,6.791636792605323,0.0092075236568326,24.05060253368647,0.02024,57.04210191937808,0.196243525345994,2184.6609471541906,-0.8844720300865441
lng,BG,DAC,grid,BG_H_DAC_C_grid_E,Norway,1,2024,358.06157676074326,1662.120109777885,2020.1816865386288,-1.5942667735227036,31.586172849052392,0.0428218473127285,15.911252561691846,0.00248,60.53321201401219,0.2082540882335661,2128.2123239633856,-1.340710837976409
lng,BG,DAC,grid,BG_H_DAC_C_grid_E,Oman,1,2024,301.2764808867928,1394.550372447104,1695.826853333897,-0.4734140756004812,26.719103995420006,0.0362234892176598,21.12109797041032,0.0436,22.014936016547047,0.0757385949812978,1765.6819913162744,-0.3178519914015236
lng,BG,DAC,grid,BG_H_DAC_C_grid_E,Italy,1,2024,302.85384466106916,1962.326692734091,2265.18053739516,-1.0338404245615926,16.85127746633886,0.0228455290907342,41.78749115350147,0.0230399999999999,43.481610772211546,0.1495909915402742,2367.3009167872124,-0.8383639039305844
lng,BG,DAC,grid,BG_H_DAC_C_grid_E,Austria,1,2024,328.0916650494916,1814.3180245672893,2142.4096896167807,-1.437260169922704,13.684414387924436,0.018552165413778,28.929782082959928,0.0082399999999999,43.481610772211546,0.1495909915402742,2228.5054968598765,-1.260877012968652
lng,BG,DAC,grid,BG_H_DAC_C_grid_E,Finland,1,2024,340.71057524370286,1711.647785921478,2052.358361165181,-1.5048602353615927,27.22434438169863,0.0369084511717668,15.940927547689158,0.0057599999999999,64.56110391457831,0.2221113564562004,2160.0847370091474,-1.2400804277336257
lng,BG,DAC,grid,BG_H_DAC_C_grid_E,Portugal,1,2024,287.0802069183052,1600.4708467056848,1887.55105362399,-1.4176343444727038,12.817872374283043,0.0173773814354991,16.803559322589937,0.00896,49.423540753857885,0.1700331780607748,1966.5960260747208,-1.2212637849764296
lng,BG,DAC,grid,BG_H_DAC_C_grid_E,Germany,1,2024,324.93693750093877,1803.082904445962,2128.0198419469007,-0.9117241773171482,19.948978931930707,0.0270451293339769,28.316995716777623,0.02752,58.34583735079685,0.2007288025109504,2234.631653946406,-0.656430245472221
lng,BG,DAC,grid,BG_H_DAC_C_grid_E,Greece,1,2024,290.23493446685796,1565.3562458911647,1855.5911803580227,-0.9640597118504816,11.184540606351485,0.0151630491100337,24.136345688772245,0.0256,38.655294480858075,0.1329868817410128,1929.5673611340046,-0.790309780999435
lng,BG,DAC,grid,BG_H_DAC_C_grid_E,France,1,2024,318.6274824038332,1743.2198959778411,2061.8473783816744,-1.5659183589838148,23.213504505882067,0.031470895517943,20.531422984413005,0.0035199999999999,55.74270322845311,0.1917731679896417,2161.3350091004227,-1.33915429547623
lng,BG,DAC,grid,BG_H_DAC_C_grid_E,Brazil,1,2024,290.23493446685796,1598.6153617914931,1888.8502962583511,-1.437260169922704,102.99809327173692,0.1396360567221048,15.176345688772244,0.0082399999999999,61.4418912346397,0.2113802425593065,2068.4666264535,-1.0780038706412927
lng,BG,DAC,grid,BG_H_DAC_C_grid_E,United Kingdom,1,2024,335.9784839208736,1826.1651069740192,2162.143590894893,-1.2017502645227038,18.53994207479783,0.0251348769763235,40.9817479984157,0.01688,55.355200589122006,0.1904400319118252,2277.0204815572283,-0.969295355634555
lng,BG,DAC,grid,BG_H_DAC_C_grid_E,Spain,1,2024,293.38966201541075,1586.185058212711,1879.5747202281216,-1.3434923372171483,31.30247157646122,0.042437229251041,15.949132054954552,0.01168,47.66906092425297,0.1639971924409472,1974.4953847837903,-1.1253779155251602
lng,BG,DAC,grid,BG_H_DAC_C_grid_E,Sweden,1,2024,347.0200303408085,1818.544240518239,2165.5642708590476,-1.5833635371615926,33.07840154431364,0.0448448840905465,11.52280028005377,0.0028799999999999,60.07194265084708,0.2066671704497585,2270.237415334262,-1.3289714826212877
lng,BG,DAC,grid,BG_H_DAC_C_grid_E,Czech Republic,1,2024,287.0802069183052,1619.5772618090448,1906.65746872735,-0.7590788682615928,29.505004291634744,0.0400003759485437,23.283559322589937,0.03312,43.481610772211546,0.1495909915402742,2002.9276431137864,-0.5363675007727748
lng,BG,DAC,grid,BG_H_DAC_C_grid_E,Japan,1,2024,340.71057524370286,1657.6832277319431,1998.393802975646,-0.6107948537504814,12.977661099092396,0.0175940094014379,22.260927547689153,0.03856,20.26636492616301,0.0697229373608958,2053.8987565485904,-0.4849179069881477
lng,BG,DAC,grid,BG_H_DAC_C_grid_E,Belgium,1,2024,323.35957372666235,1707.1052222758549,2030.4647960025172,-1.360937515394926,4.233422153209155,0.0057393137788924,26.37060253368647,0.01104,56.92766564566551,0.1958498270595502,2117.9964863350783,-1.1483083745564835
lng,BG,DAC,grid,BG_H_DAC_C_grid_E,Poland,1,2024,291.8122982411344,1767.2688794809003,2059.0811777220347,-0.3207687665449258,16.004410049511293,0.0216974182578447,37.9227388718634,0.0492,62.56524212252678,0.2152449377760272,2175.5735687659358,-0.03462641051105389
lng,BG,DAC,grid,BG_H_DAC_C_grid_E,India,1,2024,279.19338804692313,1454.4341920292984,1733.6275800762214,-0.1179685702282591,43.369031669780384,0.0587960453816087,14.831593407134172,0.0566399999999999,10.59373146967094,0.0364459082015484,1802.421936622807,0.0339133833548979
lng,BG,DAC,grid,BG_H_DAC_C_grid_E,Indonesia,1,2024,253.95556765850068,1499.1442647426582,1753.099832401159,-0.2531687011060372,21.19081700585028,0.0287287077985997,9.929302477675712,0.05168,7.786346387408373,0.0267875834377514,1792.0062982720933,-0.14597240986968607
lng,BG,DAC,grid,BG_H_DAC_C_grid_E,South Korea,1,2024,296.54438956396353,1532.7215142732862,1829.2659038372497,-0.7590788682615928,10.383993350619884,0.0140777352128614,14.241918421136855,0.03312,17.624287275172158,0.0606333243378496,1871.5161028841787,-0.6512478087108817
lng,BG,DAC,grid,BG_H_DAC_C_grid_E,China,1,2024,288.6575706925816,1436.8023113588836,1725.4598820514652,-0.4407043665171481,117.07828218326276,0.1587247795814752,12.189952505681092,0.0448,14.848698549059618,0.0510843894600154,1869.5768152894686,-0.18609519747565753
lng,BG,DAC,grid,BG_H_DAC_C_grid_E,United Arab Emirates,1,2024,301.2764808867928,1327.189561667837,1628.46604255463,-0.8266789337004814,15.525975735670064,0.0210487976973739,13.84109797041032,0.03064,22.944322992857888,0.0789359907732634,1680.7774392535682,-0.6960541452298441
lng,BG,DAC,grid,BG_H_DAC_C_grid_E,United States,1,2024,315.47275485528036,1532.4846113664407,1847.957366221721,-0.8244982864282591,115.88348476726244,0.1571049748408973,17.038636618230697,0.03072,52.95862996936256,0.1821950435376774,2033.8381175765767,-0.45447826804968444
lng,BG,DAC,grid,BG_H_DAC_C_grid_E,Turkey,1,2024,288.6575706925816,1418.317322039528,1706.9748927321098,-0.6369626210171483,14.367053340775968,0.0194776292598864,16.749952505681094,0.0376,37.32981905913191,0.1284268118844242,1775.4217176376987,-0.45145817987283776
lng,BG,DAC,grid,BG_H_DAC_C_grid_E,Australia,1,2024,323.35957372666235,1624.5794560162435,1947.939029742906,-0.4581495446949258,117.82066045617007,0.1597312329179604,24.130602533686467,0.04416,11.901612906537595,0.0409454489840402,2101.7919056393002,-0.21331286279292525
lng,BG,DAC,grid,BG_H_DAC_C_grid_E,Malaysia,1,2024,276.03866049837035,1388.3362061832574,1664.3748666816275,-0.3447558865393703,22.36137877654277,0.0303156559120751,14.858807040951865,0.04832,0.0,0.0,1701.5950524991222,-0.2661202306272952
lng,BG,DAC,grid,BG_H_DAC_C_grid_E,Canada,1,2024,321.782209952386,1439.406735290958,1761.188945243344,-1.2802535663227037,118.11484173619228,0.1601300588825865,13.944209350595314,0.0139999999999999,49.584341405335,0.1705863850019987,1942.8323377354666,-0.9355371224381187
lng,BG,DAC,grid,BG_H_DAC_C_grid_E,Mexico,1,2024,277.61602427264677,1419.189657083348,1696.8056813559947,-0.517027021044926,70.584838283883,0.0956929217740524,21.525200224043015,0.042,64.86002495922516,0.2231397428169365,1853.775744823146,-0.15619435645393714
lng,BG,DAC,grid,BG_H_DAC_C_grid_E,Thailand,1,2024,280.77075182119955,1391.884719155423,1672.6554709766226,-0.4537882501504811,16.66138756714907,0.0225880925121339,15.017986590225323,0.04432,5.453041263376516,0.0187602491032793,1709.7878863973735,-0.3681199085350679
lng,BG,DAC,grid,BG_H_DAC_C_grid_E,Russia,1,2024,298.12175333823996,1314.5253358663813,1612.6470892046214,-0.6827562137338148,217.03008950143004,0.2942309408395722,12.188311604228012,0.03592,21.725117197756443,0.0747415232606332,1863.5906075080356,-0.2778637496336094
lng,BG,DAC,grid,BG_H_DAC_C_grid_E,Saudi Arabia,1,2024,301.2764808867928,1294.0964251605983,1595.372906047391,-0.4581495446949258,38.75836749584844,0.0525452989486706,10.48109797041032,0.04416,25.47038618944284,0.0876264760510543,1670.0827577030927,-0.27381776969520094
lng,LTE,DAC,grid,LTE_H_DAC_C_grid_E,South Africa,1,2024,360.60683078968714,2931.558794774932,3292.165625564619,17.050971374286437,36.05304361240747,0.0488776508666503,12.135525238045703,0.05672,33.55415330584088,0.1154372842719738,3373.9083477209133,17.27200630942506
lng,LTE,DAC,grid,LTE_H_DAC_C_grid_E,Taiwan,1,2024,354.82169446685793,5030.979454778794,5385.801149245652,15.064957633484218,8.910824241692303,0.0120805378015195,18.45634568877224,0.05088,11.47902285922631,0.0394916007233694,5424.647342035343,15.167409772009107
lng,LTE,DAC,grid,LTE_H_DAC_C_grid_E,Switzerland,1,2024,426.1717091150848,8272.042356440237,8698.214065555321,-1.2312373081668992,17.100979796499654,0.0231840542772731,28.47289346314492,0.00296,44.32471484340281,0.1524915458606248,8788.112653658369,-1.0526017080290013
lng,LTE,DAC,grid,LTE_H_DAC_C_grid_E,Singapore,1,2024,356.7500732411343,8337.987988382161,8694.738061623295,11.337781161019771,0.6614965722328433,0.0008968008042448,27.9227388718634,0.03992,0.0,0.0,8723.32229706739,11.378597961824017
lng,LTE,DAC,grid,LTE_H_DAC_C_grid_E,Hungary,1,2024,347.10817936975235,5846.563075731102,6193.671255100854,2.7407901734375457,27.122186571715517,0.0367699542996764,20.75077295640763,0.01464,43.160799677088185,0.148487296231744,6284.705014306065,2.9406874239689658
lng,LTE,DAC,grid,LTE_H_DAC_C_grid_E,Philippines,1,2024,345.1798005954759,4498.533002689257,4843.712803284733,14.439227276793105,14.30847482008127,0.0193982134825784,16.72437977331648,0.04904,8.862436757554681,0.0304896869844766,4883.608094635685,14.538155177260158
lng,LTE,DAC,grid,LTE_H_DAC_C_grid_E,Netherlands,1,2024,395.3176487266624,6840.63773276697,7235.955381493632,4.645186911193102,6.791636792605323,0.0092075236568326,24.05060253368647,0.02024,57.04210191937808,0.196243525345994,7323.839722739302,4.870877960195929
lng,LTE,DAC,grid,LTE_H_DAC_C_grid_E,Norway,1,2024,437.7419817607432,4022.382650019478,4460.1246317802215,-1.3944713142602323,31.586172849052392,0.0428218473127285,15.911252561691846,0.00248,60.53321201401219,0.2082540882335661,4568.155269204978,-1.1409153787139377
lng,LTE,DAC,grid,LTE_H_DAC_C_grid_E,Oman,1,2024,368.3203458867927,5784.341576099498,6152.6619219862905,12.589241874401994,26.719103995420006,0.0362234892176598,21.12109797041032,0.0436,22.014936016547047,0.0757385949812978,6222.517059968667,12.74480395860095
lng,LTE,DAC,grid,LTE_H_DAC_C_grid_E,Italy,1,2024,370.2487246610691,12669.13800615957,13039.38673082064,5.597385280070879,16.85127746633886,0.0228455290907342,41.78749115350147,0.0230399999999999,43.481610772211546,0.1495909915402742,13141.507110212693,5.792861800701887
lng,LTE,DAC,grid,LTE_H_DAC_C_grid_E,Austria,1,2024,401.1027850494916,8384.072092360475,8785.174877409967,0.5643367588597674,13.684414387924436,0.018552165413778,28.929782082959928,0.0082399999999999,43.481610772211546,0.1495909915402742,8871.270684653062,0.7407199158138196
lng,LTE,DAC,grid,LTE_H_DAC_C_grid_E,Finland,1,2024,416.5298152437028,4149.825666205735,4566.355481449437,-0.2790389392891214,27.22434438169863,0.0369084511717668,15.940927547689158,0.0057599999999999,64.56110391457831,0.2221113564562004,4674.081857293403,-0.014259131661154278
lng,LTE,DAC,grid,LTE_H_DAC_C_grid_E,Portugal,1,2024,350.96493691830517,4622.4200159296615,4973.384952847967,0.8091877679997677,12.817872374283043,0.0173773814354991,16.803559322589937,0.00896,49.423540753857885,0.1700331780607748,5052.4299252986975,1.0055583274960416
lng,LTE,DAC,grid,LTE_H_DAC_C_grid_E,Germany,1,2024,397.2460275009388,8206.56622039825,8603.812247899188,7.120902670275322,19.948978931930707,0.0270451293339769,28.316995716777623,0.02752,58.34583735079685,0.2007288025109504,8710.424059898693,7.37619660212025
lng,LTE,DAC,grid,LTE_H_DAC_C_grid_E,Greece,1,2024,354.82169446685793,6900.347254607132,7255.16894907399,6.467966645901989,11.184540606351485,0.0151630491100337,24.136345688772245,0.0256,38.655294480858075,0.1329868817410128,7329.145129849971,6.641716576753035
lng,LTE,DAC,grid,LTE_H_DAC_C_grid_E,France,1,2024,389.5325124038332,5733.333903740848,6122.866416144681,-1.040797634391344,23.213504505882067,0.031470895517943,20.531422984413005,0.0035199999999999,55.74270322845311,0.1917731679896417,6222.35404686343,-0.8140335708837594
lng,LTE,DAC,grid,LTE_H_DAC_C_grid_E,Brazil,1,2024,354.82169446685793,4084.275779038448,4439.097473505306,0.5643367588597674,102.99809327173692,0.1396360567221048,15.176345688772244,0.0082399999999999,61.4418912346397,0.2113802425593065,4618.713803700455,0.9235930581411786
lng,LTE,DAC,grid,LTE_H_DAC_C_grid_E,United Kingdom,1,2024,410.7446789208736,12160.357266599374,12571.101945520248,3.5025488685397677,18.53994207479783,0.0251348769763235,40.9817479984157,0.01688,55.355200589122006,0.1904400319118252,12685.978836182583,3.7350037774279166
lng,LTE,DAC,grid,LTE_H_DAC_C_grid_E,Spain,1,2024,358.67845201541076,4315.087140736598,4673.765592752008,1.734180469195323,31.30247157646122,0.042437229251041,15.949132054954552,0.01168,47.66906092425297,0.1639971924409472,4768.686257307677,1.9522948908873112
lng,LTE,DAC,grid,LTE_H_DAC_C_grid_E,Sweden,1,2024,424.2433303408085,2787.02473201264,3211.2680623534484,-1.2584429758491216,33.07840154431364,0.0448448840905465,11.52280028005377,0.0028799999999999,60.07194265084708,0.2066671704497585,3315.941206828663,-1.0040509213088167
lng,LTE,DAC,grid,LTE_H_DAC_C_grid_E,Czech Republic,1,2024,350.96493691830517,6689.516278721685,7040.48121563999,9.02529940803088,29.505004291634744,0.0400003759485437,23.283559322589937,0.03312,43.481610772211546,0.1495909915402742,7136.751390026427,9.248010775519699
lng,LTE,DAC,grid,LTE_H_DAC_C_grid_E,Japan,1,2024,416.5298152437028,6101.419399448883,6517.949214692586,10.875284810421991,12.977661099092396,0.0175940094014379,22.260927547689153,0.03856,20.26636492616301,0.0697229373608958,6573.45416826553,11.001161757184326
lng,LTE,DAC,grid,LTE_H_DAC_C_grid_E,Belgium,1,2024,395.3176487266624,7537.264105132298,7932.58175385896,1.5165351277375456,4.233422153209155,0.0057393137788924,26.37060253368647,0.01104,56.92766564566551,0.1958498270595502,8020.113444191522,1.729164268575988
lng,LTE,DAC,grid,LTE_H_DAC_C_grid_E,Poland,1,2024,356.7500732411343,11378.896448546351,11735.646521787488,14.493638612157543,16.004410049511293,0.0216974182578447,37.9227388718634,0.0492,62.56524212252678,0.2152449377760272,11852.138912831388,14.779780968191416
lng,LTE,DAC,grid,LTE_H_DAC_C_grid_E,India,1,2024,341.32304304692315,3938.247118883879,4279.570161930802,17.02376570660421,43.369031669780384,0.0587960453816087,14.831593407134172,0.0566399999999999,10.59373146967094,0.0364459082015484,4348.364518477388,17.17564766018737
lng,LTE,DAC,grid,LTE_H_DAC_C_grid_E,Indonesia,1,2024,310.46898265850064,2548.8421543721015,2859.3111370306024,15.337014310306436,21.19081700585028,0.0287287077985997,9.929302477675712,0.05168,7.786346387408373,0.0267875834377514,2898.217602901537,15.444210601542787
lng,LTE,DAC,grid,LTE_H_DAC_C_grid_E,South Korea,1,2024,362.5352095639636,3716.950484253449,4079.485693817413,9.02529940803088,10.383993350619884,0.0140777352128614,14.241918421136855,0.03312,17.624287275172158,0.0606333243378496,4121.735892864342,9.133130467581593
lng,LTE,DAC,grid,LTE_H_DAC_C_grid_E,China,1,2024,352.89331569258155,3043.8308564091258,3396.724172101707,12.997326889635326,117.07828218326276,0.1587247795814752,12.189952505681092,0.0448,14.848698549059618,0.0510843894600154,3540.8411053397103,13.251936058676817
lng,LTE,DAC,grid,LTE_H_DAC_C_grid_E,United Arab Emirates,1,2024,368.3203458867927,3437.9352246102303,3806.255570497023,8.18192370988199,15.525975735670064,0.0210487976973739,13.84109797041032,0.03064,22.944322992857888,0.0789359907732634,3858.5669671959618,8.312548498352628
lng,LTE,DAC,grid,LTE_H_DAC_C_grid_E,United States,1,2024,385.6757548552804,4514.420212239453,4900.095967094733,8.209129377564212,115.88348476726244,0.1571049748408973,17.038636618230697,0.03072,52.95862996936256,0.1821950435376774,5085.9767184495895,8.579149395942787
lng,LTE,DAC,grid,LTE_H_DAC_C_grid_E,Turkey,1,2024,352.89331569258155,4475.585043854994,4828.478359547576,10.548816798235324,14.367053340775968,0.0194776292598864,16.749952505681094,0.0376,37.32981905913191,0.1284268118844242,4896.925184453165,10.734321239379634
lng,LTE,DAC,grid,LTE_H_DAC_C_grid_E,Australia,1,2024,395.3176487266624,6776.573153695548,7171.890802422211,12.77968154817755,117.82066045617007,0.1597312329179604,24.130602533686467,0.04416,11.901612906537595,0.0409454489840402,7325.743678318605,13.02451823007955
lng,LTE,DAC,grid,LTE_H_DAC_C_grid_E,Malaysia,1,2024,337.4662854983703,3922.8831625442463,4260.349448042617,14.194376267653103,22.36137877654277,0.0303156559120751,14.858807040951865,0.04832,0.0,0.0,4297.569633860111,14.273011923565178
lng,LTE,DAC,grid,LTE_H_DAC_C_grid_E,Canada,1,2024,393.389269952386,3442.2128689751603,3835.602138927546,2.5231448319797676,118.11484173619228,0.1601300588825865,13.944209350595314,0.0139999999999999,49.584341405335,0.1705863850019987,4017.245531419669,2.8678612758643527
lng,LTE,DAC,grid,LTE_H_DAC_C_grid_E,Mexico,1,2024,339.39466427264676,6043.965159507536,6383.3598237801825,12.045128520757547,70.584838283883,0.0956929217740524,21.525200224043015,0.042,64.86002495922516,0.2231397428169365,6540.329887247334,12.405961185348536
lng,LTE,DAC,grid,LTE_H_DAC_C_grid_E,Thailand,1,2024,343.25142182119953,3951.290448644127,4294.5418704653275,12.834092883541992,16.66138756714907,0.0225880925121339,15.017986590225323,0.04432,5.453041263376516,0.0187602491032793,4331.674285886079,12.919761225157405
lng,LTE,DAC,grid,LTE_H_DAC_C_grid_E,Russia,1,2024,364.46358833824,2917.977341480427,3282.440929818667,9.97749777690866,217.03008950143004,0.2942309408395722,12.188311604228012,0.03592,21.725117197756443,0.0747415232606332,3533.3844481220817,10.382390241008865
lng,LTE,DAC,grid,LTE_H_DAC_C_grid_E,Saudi Arabia,1,2024,368.3203458867927,2354.543500662597,2722.86384654939,12.77968154817755,38.75836749584844,0.0525452989486706,10.48109797041032,0.04416,25.47038618944284,0.0876264760510543,2797.573698205091,12.964013323177275
lng,SMR,DAC,grid,SMR_H_DAC_C_grid_E,South Africa,1,2024,188.59062153405935,944.8596931458616,1133.4503146799211,4.436385641170727,36.05304361240747,0.0488776508666503,12.135525238045703,0.05672,33.55415330584088,0.1154372842719738,1215.193036836215,4.6574205763093515
lng,SMR,DAC,grid,SMR_H_DAC_C_grid_E,Taiwan,1,2024,185.5651035415343,1600.597775606327,1786.1628791478615,4.2893919220484795,8.910824241692303,0.0120805378015195,18.45634568877224,0.05088,11.47902285922631,0.0394916007233694,1825.0090719375523,4.391844060573369
lng,SMR,DAC,grid,SMR_H_DAC_C_grid_E,Switzerland,1,2024,222.8798254493429,4934.901953071309,5157.781778520653,3.083237980209767,17.100979796499654,0.0231840542772731,28.47289346314492,0.00296,44.32471484340281,0.1524915458606248,5247.6803666237,3.2618735803476646
lng,SMR,DAC,grid,SMR_H_DAC_C_grid_E,Singapore,1,2024,186.5736095390427,5238.2141509974035,5424.7877605364465,4.013526997120427,0.6614965722328433,0.0008968008042448,27.9227388718634,0.03992,0.0,0.0,5453.371995980543,4.054343797924672
lng,SMR,DAC,grid,SMR_H_DAC_C_grid_E,Hungary,1,2024,181.531079551501,2274.334639682721,2455.865719234222,3.3772254184542607,27.122186571715517,0.0367699542996764,20.75077295640763,0.01464,43.160799677088185,0.148487296231744,2546.8994784394336,3.5771226689856808
lng,SMR,DAC,grid,SMR_H_DAC_C_grid_E,Philippines,1,2024,180.52257355399263,1549.4732410807208,1729.9958146347135,4.243078832462017,14.30847482008127,0.0193982134825784,16.72437977331648,0.04904,8.862436757554681,0.0304896869844766,1769.891105985666,4.342006732929072
lng,SMR,DAC,grid,SMR_H_DAC_C_grid_E,Netherlands,1,2024,206.74372948920947,3545.455129577942,3752.1988590671513,3.518178299804361,6.791636792605323,0.0092075236568326,24.05060253368647,0.02024,57.04210191937808,0.196243525345994,3840.083200312821,3.7438693488071877
lng,SMR,DAC,grid,SMR_H_DAC_C_grid_E,Norway,1,2024,228.93086143439297,2741.4428875134886,2970.3737489478817,3.071156304665472,31.586172849052392,0.0428218473127285,15.911252561691846,0.00248,60.53321201401219,0.2082540882335661,3078.4043863726383,3.3247122402117664
lng,SMR,DAC,grid,SMR_H_DAC_C_grid_E,Oman,1,2024,192.62464552409276,808.600095651821,1001.2247411759138,4.10615317629335,26.719103995420006,0.0362234892176598,21.12109797041032,0.0436,22.014936016547047,0.0757385949812978,1071.0798791582913,4.2617152604923065
lng,SMR,DAC,grid,SMR_H_DAC_C_grid_E,Italy,1,2024,193.63315152160104,4001.149140868771,4194.782292390372,3.5886547404794107,16.85127746633886,0.0228455290907342,41.78749115350147,0.0230399999999999,43.481610772211546,0.1495909915402742,4296.9026717824245,3.784131261110419
lng,SMR,DAC,grid,SMR_H_DAC_C_grid_E,Austria,1,2024,209.76924748173448,3414.008516764723,3623.7777642464575,3.216136411197004,13.684414387924436,0.018552165413778,28.929782082959928,0.0082399999999999,43.481610772211546,0.1495909915402742,3709.8735714895533,3.392519568151056
lng,SMR,DAC,grid,SMR_H_DAC_C_grid_E,Finland,1,2024,217.8372954618012,3497.2358315990045,3715.0731270608057,3.1537144208848167,27.22434438169863,0.0369084511717668,15.940927547689158,0.0057599999999999,64.56110391457831,0.2221113564562004,3822.799502904772,3.418494228512784
lng,SMR,DAC,grid,SMR_H_DAC_C_grid_E,Portugal,1,2024,183.5480915465177,3090.3818544302458,3273.9299459767635,3.234258924513446,12.817872374283043,0.0173773814354991,16.803559322589937,0.00896,49.423540753857885,0.1700331780607748,3352.9749184274947,3.4306294840097196
lng,SMR,DAC,grid,SMR_H_DAC_C_grid_E,Germany,1,2024,207.7522354867178,3229.2402702488043,3436.992505735522,3.7014170455594897,19.948978931930707,0.0270451293339769,28.316995716777623,0.02752,58.34583735079685,0.2007288025109504,3543.6043177350275,3.956710977404417
lng,SMR,DAC,grid,SMR_H_DAC_C_grid_E,Greece,1,2024,185.5651035415343,2019.4519130668596,2205.017016608394,3.653090343382313,11.184540606351485,0.0151630491100337,24.136345688772245,0.0256,38.655294480858075,0.1329868817410128,2278.993197384376,3.8268402742333594
lng,SMR,DAC,grid,SMR_H_DAC_C_grid_E,France,1,2024,203.7182114966845,3450.901769172002,3654.6199806686864,3.097333268344776,23.213504505882067,0.031470895517943,20.531422984413005,0.0035199999999999,55.74270322845311,0.1917731679896417,3754.1076113874346,3.324097331852361
lng,SMR,DAC,grid,SMR_H_DAC_C_grid_E,Brazil,1,2024,185.5651035415343,3310.3192975633515,3495.884401104886,3.216136411197004,102.99809327173692,0.1396360567221048,15.176345688772244,0.0082399999999999,61.4418912346397,0.2113802425593065,3675.5007313000347,3.575392710478415
lng,SMR,DAC,grid,SMR_H_DAC_C_grid_E,United Kingdom,1,2024,214.81177746927617,2849.58640837484,3064.398185844116,3.4336065709943004,18.53994207479783,0.0251348769763235,40.9817479984157,0.01688,55.355200589122006,0.1904400319118252,3179.2750765064516,3.6660614798824493
lng,SMR,DAC,grid,SMR_H_DAC_C_grid_E,Spain,1,2024,187.58211553655104,2666.79625238109,2854.3783679176413,3.3027217525977792,31.30247157646122,0.042437229251041,15.949132054954552,0.01168,47.66906092425297,0.1639971924409472,2949.29903247331,3.5208361742897676
lng,SMR,DAC,grid,SMR_H_DAC_C_grid_E,Sweden,1,2024,221.87131945183455,4836.198255134623,5058.069574586458,3.08122436761905,33.07840154431364,0.0448448840905465,11.52280028005377,0.0028799999999999,60.07194265084708,0.2066671704497585,5162.742719061672,3.335616422159355
lng,SMR,DAC,grid,SMR_H_DAC_C_grid_E,Czech Republic,1,2024,183.5480915465177,2730.009971009327,2913.558062555845,3.842369926909591,29.505004291634744,0.0400003759485437,23.283559322589937,0.03312,43.481610772211546,0.1495909915402742,3009.8282369422814,4.065081294398409
lng,SMR,DAC,grid,SMR_H_DAC_C_grid_E,Japan,1,2024,217.8372954618012,2824.2646381852005,3042.1019336470017,3.9792955830782586,12.977661099092396,0.0175940094014379,22.260927547689153,0.03856,20.26636492616301,0.0697229373608958,3097.6068872199467,4.105172529840592
lng,SMR,DAC,grid,SMR_H_DAC_C_grid_E,Belgium,1,2024,206.74372948920947,2339.0921995591857,2545.835929048395,3.286612851872053,4.233422153209155,0.0057393137788924,26.37060253368647,0.01104,56.92766564566551,0.1958498270595502,2633.367619380956,3.4992419927104956
lng,SMR,DAC,grid,SMR_H_DAC_C_grid_E,Poland,1,2024,186.5736095390427,3062.5785751315043,3249.152184670547,4.247106057643448,16.004410049511293,0.0216974182578447,37.9227388718634,0.0492,62.56524212252678,0.2152449377760272,3365.644575714448,4.5332484136773195
lng,SMR,DAC,grid,SMR_H_DAC_C_grid_E,India,1,2024,178.50556155897596,2098.77359930886,2277.279160867836,4.43437202858001,43.369031669780384,0.0587960453816087,14.831593407134172,0.0566399999999999,10.59373146967094,0.0364459082015484,2346.073517414421,4.586253982163167
lng,SMR,DAC,grid,SMR_H_DAC_C_grid_E,Indonesia,1,2024,162.3694655988425,2944.77553244393,3107.1449980427724,4.309528047955635,21.19081700585028,0.0287287077985997,9.929302477675712,0.05168,7.786346387408373,0.0267875834377514,3146.051463913707,4.416724339191986
lng,SMR,DAC,grid,SMR_H_DAC_C_grid_E,South Korea,1,2024,189.59912753156772,2324.348260273181,2513.947387804749,3.842369926909591,10.383993350619884,0.0140777352128614,14.241918421136855,0.03312,17.624287275172158,0.0606333243378496,2556.1975868516774,3.950200986460302
lng,SMR,DAC,grid,SMR_H_DAC_C_grid_E,China,1,2024,184.556597544026,2076.620848634789,2261.177446178815,4.136357365154084,117.07828218326276,0.1587247795814752,12.189952505681092,0.0448,14.848698549059618,0.0510843894600154,2405.294379416818,4.3909665341955755
lng,SMR,DAC,grid,SMR_H_DAC_C_grid_E,United Arab Emirates,1,2024,192.62464552409276,754.2105518903425,946.8351974144352,3.779947936597404,15.525975735670064,0.0210487976973739,13.84109797041032,0.03064,22.944322992857888,0.0789359907732634,999.1465941133736,3.9105727250680413
lng,SMR,DAC,grid,SMR_H_DAC_C_grid_E,United States,1,2024,201.70119950166776,1624.1924881711725,1825.8936876728403,3.781961549188118,115.88348476726244,0.1571049748408973,17.038636618230697,0.03072,52.95862996936256,0.1821950435376774,2011.774439027696,4.1519815675666925
lng,SMR,DAC,grid,SMR_H_DAC_C_grid_E,Turkey,1,2024,184.556597544026,1462.5301983487636,1647.0867958927895,3.9551322319896705,14.367053340775968,0.0194776292598864,16.749952505681094,0.0376,37.32981905913191,0.1284268118844242,1715.5336207983785,4.140636673133981
lng,SMR,DAC,grid,SMR_H_DAC_C_grid_E,Australia,1,2024,206.74372948920947,1963.179735418433,2169.9234649076425,4.120248464428359,117.82066045617007,0.1597312329179604,24.130602533686467,0.04416,11.901612906537595,0.0409454489840402,2323.776340804037,4.365085146330359
lng,SMR,DAC,grid,SMR_H_DAC_C_grid_E,Malaysia,1,2024,176.48854956395928,1394.9148756028608,1571.40342516682,4.224956319145577,22.36137877654277,0.0303156559120751,14.858807040951865,0.04832,0.0,0.0,1608.6236109843146,4.303591975057652
lng,SMR,DAC,grid,SMR_H_DAC_C_grid_E,Canada,1,2024,205.7352234917011,1222.1671474416753,1427.9023709333765,3.361116517728535,118.11484173619228,0.1601300588825865,13.944209350595314,0.0139999999999999,49.584341405335,0.1705863850019987,1609.545763425499,3.7058329616131203
lng,SMR,DAC,grid,SMR_H_DAC_C_grid_E,Mexico,1,2024,177.49705556146765,1128.1050325207204,1305.6020880821882,4.065880924479034,70.584838283883,0.0956929217740524,21.525200224043015,0.042,64.86002495922516,0.2231397428169365,1462.5721515493394,4.426713589070022
lng,SMR,DAC,grid,SMR_H_DAC_C_grid_E,Thailand,1,2024,179.51406755648432,1461.8357858357906,1641.349853392275,4.1242756896097905,16.66138756714907,0.0225880925121339,15.017986590225323,0.04432,5.453041263376516,0.0187602491032793,1678.482268813026,4.209944031225204
lng,SMR,DAC,grid,SMR_H_DAC_C_grid_E,Russia,1,2024,190.60763352907605,889.7476127066077,1080.3552462356838,3.912846367584641,217.03008950143004,0.2942309408395722,12.188311604228012,0.03592,21.725117197756443,0.0747415232606332,1331.298764539098,4.317738831684847
lng,SMR,DAC,grid,SMR_H_DAC_C_grid_E,Saudi Arabia,1,2024,192.62464552409276,729.3899359641151,922.014581488208,4.120248464428359,38.75836749584844,0.0525452989486706,10.48109797041032,0.04416,25.47038618944284,0.0876264760510543,996.7244331439097,4.304580239428083
lng,SMRCCS,DAC,grid,SMRCCS_H_DAC_C_grid_E,South Africa,1,2024,325.25890869973006,1104.467996445012,1429.726905144742,0.6068936311942483,36.05304361240747,0.0488776508666503,12.135525238045703,0.05672,33.55415330584088,0.1154372842719738,1511.4696273010359,0.8279285663328724
lng,SMRCCS,DAC,grid,SMRCCS_H_DAC_C_grid_E,Taiwan,1,2024,320.0408513409108,1976.2480512833497,2296.288902624261,0.4091161318748214,8.910824241692303,0.0120805378015195,18.45634568877224,0.05088,11.47902285922631,0.0394916007233694,2335.135095413952,0.5115682703997103
lng,SMRCCS,DAC,grid,SMRCCS_H_DAC_C_grid_E,Switzerland,1,2024,384.39689209968094,6249.567433492762,6633.964325592443,-1.2137430748695195,17.100979796499654,0.0231840542772731,28.47289346314492,0.00296,44.32471484340281,0.1524915458606248,6723.8629136954905,-1.0351074747316216
lng,SMRCCS,DAC,grid,SMRCCS_H_DAC_C_grid_E,Singapore,1,2024,321.7802037938506,6647.287973571812,6969.068177365662,0.0379446605493209,0.6614965722328433,0.0008968008042448,27.9227388718634,0.03992,0.0,0.0,6997.652412809759,0.0787614613535657
lng,SMRCCS,DAC,grid,SMRCCS_H_DAC_C_grid_E,Hungary,1,2024,313.0834415291519,2848.023454046908,3161.1068955760597,-0.8181880762306649,27.122186571715517,0.0367699542996764,20.75077295640763,0.01464,43.160799677088185,0.148487296231744,3252.140654781271,-0.6182908256992445
lng,SMRCCS,DAC,grid,SMRCCS_H_DAC_C_grid_E,Philippines,1,2024,311.34408907621213,1903.75671022926,2215.100799305472,0.3468026731851391,14.30847482008127,0.0193982134825784,16.72437977331648,0.04904,8.862436757554681,0.0304896869844766,2254.9960906564243,0.44573057365219415
lng,SMRCCS,DAC,grid,SMRCCS_H_DAC_C_grid_E,Netherlands,1,2024,356.5672528526452,4469.810377364033,4826.377630216679,-0.6285384193490225,6.791636792605323,0.0092075236568326,24.05060253368647,0.02024,57.04210191937808,0.196243525345994,4914.261971462349,-0.4028473703461959
lng,SMRCCS,DAC,grid,SMRCCS_H_DAC_C_grid_E,Norway,1,2024,394.8330068173193,3387.049927450549,3781.882934267868,-1.229998759745089,31.586172849052392,0.0428218473127285,15.911252561691846,0.00248,60.53321201401219,0.2082540882335661,3889.913571692625,-0.9764428241987945
lng,SMRCCS,DAC,grid,SMRCCS_H_DAC_C_grid_E,Oman,1,2024,332.21631851148896,992.008847770333,1324.225166281822,0.1625715779286864,26.719103995420006,0.0362234892176598,21.12109797041032,0.0436,22.014936016547047,0.0757385949812978,1394.0803042641996,0.318133662127644
lng,SMRCCS,DAC,grid,SMRCCS_H_DAC_C_grid_E,Italy,1,2024,333.9556709644287,5169.906026332809,5503.861697297238,-0.533713590908201,16.85127746633886,0.0228455290907342,41.78749115350147,0.0230399999999999,43.481610772211546,0.1495909915402742,5605.98207668929,-0.33823707027719274
lng,SMRCCS,DAC,grid,SMRCCS_H_DAC_C_grid_E,Austria,1,2024,361.7853102114644,4333.662813056078,4695.4481232675425,-1.0349305412382566,13.684414387924436,0.018552165413778,28.929782082959928,0.0082399999999999,43.481610772211546,0.1495909915402742,4781.543930510638,-0.8585473842842046
lng,SMRCCS,DAC,grid,SMRCCS_H_DAC_C_grid_E,Finland,1,2024,375.7001298349823,4350.691032498685,4726.391162333667,-1.1189182464286982,27.22434438169863,0.0369084511717668,15.940927547689158,0.0057599999999999,64.56110391457831,0.2221113564562004,4834.117538177633,-0.854138438800731
lng,SMRCCS,DAC,grid,SMRCCS_H_DAC_C_grid_E,Portugal,1,2024,316.56214643503137,3855.497827605515,4172.059974040546,-1.0105470139249026,12.817872374283043,0.0173773814354991,16.803559322589937,0.00896,49.423540753857885,0.1700331780607748,4251.104946491277,-0.8141764544286288
lng,SMRCCS,DAC,grid,SMRCCS_H_DAC_C_grid_E,Germany,1,2024,358.3066053055849,4095.4883540569967,4453.794959362582,-0.3819938654028873,19.948978931930707,0.0270451293339769,28.316995716777623,0.02752,58.34583735079685,0.2007288025109504,4560.406771362086,-0.12669993355796003
lng,SMRCCS,DAC,grid,SMRCCS_H_DAC_C_grid_E,Greece,1,2024,320.0408513409108,2544.64689801612,2864.6877493570305,-0.4470166049051643,11.184540606351485,0.0151630491100337,24.136345688772245,0.0256,38.655294480858075,0.1329868817410128,2938.6639301330124,-0.2732666740541178
lng,SMRCCS,DAC,grid,SMRCCS_H_DAC_C_grid_E,France,1,2024,351.349195493826,4324.877287036527,4676.226482530354,-1.1947781091813552,23.213504505882067,0.031470895517943,20.531422984413005,0.0035199999999999,55.74270322845311,0.1917731679896417,4775.714113249102,-0.9680140456737705
lng,SMRCCS,DAC,grid,SMRCCS_H_DAC_C_grid_E,Brazil,1,2024,320.0408513409108,4122.906781774304,4442.9476331152155,-1.0349305412382566,102.99809327173692,0.1396360567221048,15.176345688772244,0.0082399999999999,61.4418912346397,0.2113802425593065,4622.563963310365,-0.6756742419568453
lng,SMRCCS,DAC,grid,SMRCCS_H_DAC_C_grid_E,United Kingdom,1,2024,370.482072476163,3704.284451124682,4074.766523600845,-0.7423282134780078,18.53994207479783,0.0251348769763235,40.9817479984157,0.01688,55.355200589122006,0.1904400319118252,4189.643414263181,-0.509873304589859
lng,SMRCCS,DAC,grid,SMRCCS_H_DAC_C_grid_E,Spain,1,2024,323.5195562467903,3307.5339106083634,3631.0534668551536,-0.9184314662966764,31.30247157646122,0.042437229251041,15.949132054954552,0.01168,47.66906092425297,0.1639971924409472,3725.9741314108223,-0.7003170446046881
lng,SMRCCS,DAC,grid,SMRCCS_H_DAC_C_grid_E,Sweden,1,2024,382.6575396467412,6016.4217608793715,6399.079300526113,-1.2164523556821143,33.07840154431364,0.0448448840905465,11.52280028005377,0.0028799999999999,60.07194265084708,0.2066671704497585,6503.752445001327,-0.9620603011418094
lng,SMRCCS,DAC,grid,SMRCCS_H_DAC_C_grid_E,Czech Republic,1,2024,316.56214643503137,3444.313622414704,3760.875768849736,-0.1923442085212447,29.505004291634744,0.0400003759485437,23.283559322589937,0.03312,43.481610772211546,0.1495909915402742,3857.145943236172,0.03036715896757318
lng,SMRCCS,DAC,grid,SMRCCS_H_DAC_C_grid_E,Japan,1,2024,375.7001298349823,3542.913692588153,3918.6138224231354,-0.0081131132647922,12.977661099092396,0.0175940094014379,22.260927547689153,0.03856,20.26636492616301,0.0697229373608958,3974.1187759960803,0.11776383349754149
lng,SMRCCS,DAC,grid,SMRCCS_H_DAC_C_grid_E,Belgium,1,2024,356.5672528526452,2951.4223328071716,3307.989585659817,-0.9401057127974352,4.233422153209155,0.0057393137788924,26.37060253368647,0.01104,56.92766564566551,0.1958498270595502,3395.521275992378,-0.7274765719589925
lng,SMRCCS,DAC,grid,SMRCCS_H_DAC_C_grid_E,Poland,1,2024,321.7802037938506,3964.509767962139,4286.289971755989,0.3522212348103286,16.004410049511293,0.0216974182578447,37.9227388718634,0.0492,62.56524212252678,0.2152449377760272,4402.782362799891,0.6383635908442005
lng,SMRCCS,DAC,grid,SMRCCS_H_DAC_C_grid_E,India,1,2024,307.86538417033273,2587.2013372892334,2895.066721459566,0.6041843503816534,43.369031669780384,0.0587960453816087,14.831593407134172,0.0566399999999999,10.59373146967094,0.0364459082015484,2963.8610780061513,0.7560663039648103
lng,SMRCCS,DAC,grid,SMRCCS_H_DAC_C_grid_E,Indonesia,1,2024,280.035744923297,3629.2840725215583,3909.319817444856,0.4362089400007701,21.19081700585028,0.0287287077985997,9.929302477675712,0.05168,7.786346387408373,0.0267875834377514,3948.2262833157906,0.5434052312371213
lng,SMRCCS,DAC,grid,SMRCCS_H_DAC_C_grid_E,South Korea,1,2024,326.9982611526697,2859.634427485336,3186.6326886380057,-0.1923442085212447,10.383993350619884,0.0140777352128614,14.241918421136855,0.03312,17.624287275172158,0.0606333243378496,3228.8828876849343,-0.08451314897053372
lng,SMRCCS,DAC,grid,SMRCCS_H_DAC_C_grid_E,China,1,2024,318.3014988879711,2539.4617662405954,2857.7632651285667,0.2032107901176096,117.07828218326276,0.1587247795814752,12.189952505681092,0.0448,14.848698549059618,0.0510843894600154,3001.88019836657,0.45781995915910023
lng,SMRCCS,DAC,grid,SMRCCS_H_DAC_C_grid_E,United Arab Emirates,1,2024,332.21631851148896,872.909424320259,1205.125742831748,-0.2763319137116863,15.525975735670064,0.0210487976973739,13.84109797041032,0.03064,22.944322992857888,0.0789359907732634,1257.4371395306864,-0.145707125241049
lng,SMRCCS,DAC,grid,SMRCCS_H_DAC_C_grid_E,United States,1,2024,347.87049058794656,1984.9219803960568,2332.7924709840036,-0.2736226328990914,115.88348476726244,0.1571049748408973,17.038636618230697,0.03072,52.95862996936256,0.1821950435376774,2518.673222338859,0.09639738547948332
lng,SMRCCS,DAC,grid,SMRCCS_H_DAC_C_grid_E,Turkey,1,2024,318.3014988879711,1791.4226387310987,2109.7241376190696,-0.0406244830159309,14.367053340775968,0.0194776292598864,16.749952505681094,0.0376,37.32981905913191,0.1284268118844242,2178.170962524658,0.1448799581283797
lng,SMRCCS,DAC,grid,SMRCCS_H_DAC_C_grid_E,Australia,1,2024,356.5672528526452,2463.4812757215914,2820.048528574237,0.1815365436168504,117.82066045617007,0.1597312329179604,24.130602533686467,0.04416,11.901612906537595,0.0409454489840402,2973.9014044706314,0.42637322551885093
lng,SMRCCS,DAC,grid,SMRCCS_H_DAC_C_grid_E,Malaysia,1,2024,304.3866792644532,1694.71226082017,1999.098940084623,0.322419145871785,22.36137877654277,0.0303156559120751,14.858807040951865,0.04832,0.0,0.0,2036.3191259021178,0.4010548017838601
lng,SMRCCS,DAC,grid,SMRCCS_H_DAC_C_grid_E,Canada,1,2024,354.82790039970547,1457.0091225517338,1811.8370229514392,-0.8398623227314241,118.11484173619228,0.1601300588825865,13.944209350595314,0.0139999999999999,49.584341405335,0.1705863850019987,1993.4804154435617,-0.495145878846839
lng,SMRCCS,DAC,grid,SMRCCS_H_DAC_C_grid_E,Mexico,1,2024,306.12603171739295,1401.9553166920057,1708.0813484093983,0.1083859616767885,70.584838283883,0.0956929217740524,21.525200224043015,0.042,64.86002495922516,0.2231397428169365,1865.0514118765495,0.46921862626777744
lng,SMRCCS,DAC,grid,SMRCCS_H_DAC_C_grid_E,Thailand,1,2024,309.6047366232724,1781.0829561990374,2090.68769282231,0.1869551052420404,16.66138756714907,0.0225880925121339,15.017986590225323,0.04432,5.453041263376516,0.0187602491032793,2127.8201082430614,0.2726234468574536
lng,SMRCCS,DAC,grid,SMRCCS_H_DAC_C_grid_E,Russia,1,2024,328.7376136056095,1034.1214914908253,1362.8591050964349,-0.0975193800804232,217.03008950143004,0.2942309408395722,12.188311604228012,0.03592,21.725117197756443,0.0747415232606332,1613.8026233998492,0.3073730840197822
lng,SMRCCS,DAC,grid,SMRCCS_H_DAC_C_grid_E,Saudi Arabia,1,2024,332.21631851148896,818.8707347311962,1151.0870532426852,0.1815365436168504,38.75836749584844,0.0525452989486706,10.48109797041032,0.04416,25.47038618944284,0.0876264760510543,1225.7969048983869,0.36586831861657526
lng,SMR,SMR,grid,SMR_H_C_grid_E,South Africa,1,2024,188.59062153405935,394.8596931458616,583.450314679921,3.262906439269874,36.05304361240747,0.0488776508666503,12.135525238045703,0.05672,33.55415330584088,0.1154372842719738,665.193036836215,3.483941374408498
lng,SMR,SMR,grid,SMR_H_C_grid_E,Taiwan,1,2024,185.5651035415343,1050.5977756063269,1236.162879147861,3.2219198729254046,8.910824241692303,0.0120805378015195,18.45634568877224,0.05088,11.47902285922631,0.0394916007233694,1275.0090719375519,3.324372011450293
lng,SMR,SMR,grid,SMR_H_C_grid_E,Switzerland,1,2024,222.8798254493429,4384.90195307131,4607.7817785206535,2.885605444975581,17.100979796499654,0.0231840542772731,28.47289346314492,0.00296,44.32471484340281,0.1524915458606248,4697.680366623701,3.0642410451134783
lng,SMR,SMR,grid,SMR_H_C_grid_E,Singapore,1,2024,186.5736095390427,4688.2141509974035,4874.7877605364465,3.1449998785529076,0.6614965722328433,0.0008968008042448,27.9227388718634,0.03992,0.0,0.0,4903.371995980543,3.1858166793571523
lng,SMR,SMR,grid,SMR_H_C_grid_E,Hungary,1,2024,181.531079551501,1724.3346396827203,1905.8657192342216,2.9675785776645194,27.122186571715517,0.0367699542996764,20.75077295640763,0.01464,43.160799677088185,0.148487296231744,1996.8994784394329,3.1674758281959394
lng,SMR,SMR,grid,SMR_H_C_grid_E,Philippines,1,2024,180.52257355399263,999.4732410807206,1179.9958146347133,3.209006297227832,14.30847482008127,0.0193982134825784,16.72437977331648,0.04904,8.862436757554681,0.0304896869844766,1219.8911059856657,3.3079341976948875
lng,SMR,SMR,grid,SMR_H_C_grid_E,Netherlands,1,2024,206.74372948920947,2995.4551295779424,3202.1988590671517,3.0068807645701754,6.791636792605323,0.0092075236568326,24.05060253368647,0.02024,57.04210191937808,0.196243525345994,3290.0832003128216,3.232571813573002
lng,SMR,SMR,grid,SMR_H_C_grid_E,Norway,1,2024,228.93086143439297,2191.4428875134886,2420.3737489478817,2.882236686097954,31.586172849052392,0.0428218473127285,15.911252561691846,0.00248,60.53321201401219,0.2082540882335661,2528.4043863726383,3.135792621644248
lng,SMR,SMR,grid,SMR_H_C_grid_E,Oman,1,2024,192.62464552409276,258.6000956518211,451.2247411759139,3.1708270299480525,26.719103995420006,0.0362234892176598,21.12109797041032,0.0436,22.014936016547047,0.0757385949812978,521.0798791582913,3.3263891141470103
lng,SMR,SMR,grid,SMR_H_C_grid_E,Italy,1,2024,193.63315152160104,3451.149140868771,3644.782292390372,3.0265318580230027,16.85127746633886,0.0228455290907342,41.78749115350147,0.0230399999999999,43.481610772211546,0.1495909915402742,3746.902671782424,3.222008378654011
lng,SMR,SMR,grid,SMR_H_C_grid_E,Austria,1,2024,209.76924748173448,2864.008516764723,3073.7777642464575,2.9226617926294853,13.684414387924436,0.018552165413778,28.929782082959928,0.0082399999999999,43.481610772211546,0.1495909915402742,3159.8735714895533,3.0990449495835373
lng,SMR,SMR,grid,SMR_H_C_grid_E,Finland,1,2024,217.8372954618012,2947.2358315990045,3165.0731270608057,2.905256538428409,27.22434438169863,0.0369084511717668,15.940927547689158,0.0057599999999999,64.56110391457831,0.2221113564562004,3272.799502904772,3.1700363460563765
lng,SMR,SMR,grid,SMR_H_C_grid_E,Portugal,1,2024,183.5480915465177,2540.3818544302458,2723.9299459767635,2.9277149309459265,12.817872374283043,0.0173773814354991,16.803559322589937,0.00896,49.423540753857885,0.1700331780607748,2802.9749184274947,3.1240854904422
lng,SMR,SMR,grid,SMR_H_C_grid_E,Germany,1,2024,207.7522354867178,2679.240270248805,2886.9925057355226,3.0579736075475275,19.948978931930707,0.0270451293339769,28.316995716777623,0.02752,58.34583735079685,0.2007288025109504,2993.604317735028,3.313267539392455
lng,SMR,SMR,grid,SMR_H_C_grid_E,Greece,1,2024,185.5651035415343,1469.4519130668596,1655.017016608394,3.044498572037017,11.184540606351485,0.0151630491100337,24.136345688772245,0.0256,38.655294480858075,0.1329868817410128,1728.993197384376,3.218248502888063
lng,SMR,SMR,grid,SMR_H_C_grid_E,France,1,2024,203.7182114966845,2900.9017691720023,3104.619980668687,2.889535663666147,23.213504505882067,0.031470895517943,20.531422984413005,0.0035199999999999,55.74270322845311,0.1917731679896417,3204.107611387435,3.1162997271737316
lng,SMR,SMR,grid,SMR_H_C_grid_E,Brazil,1,2024,185.5651035415343,2760.3192975633515,2945.884401104886,2.9226617926294853,102.99809327173692,0.1396360567221048,15.176345688772244,0.0082399999999999,61.4418912346397,0.2113802425593065,3125.5007313000347,3.2819180919108963
lng,SMR,SMR,grid,SMR_H_C_grid_E,United Kingdom,1,2024,214.81177746927617,2299.58640837484,2514.398185844116,2.9832994524267815,18.53994207479783,0.0251348769763235,40.9817479984157,0.01688,55.355200589122006,0.1904400319118252,2629.2750765064516,3.2157543613149304
lng,SMR,SMR,grid,SMR_H_C_grid_E,Spain,1,2024,187.58211553655104,2116.7962523810907,2304.3783679176418,2.946804564585816,31.30247157646122,0.042437229251041,15.949132054954552,0.01168,47.66906092425297,0.1639971924409472,2399.2990324733105,3.1649189862778044
lng,SMR,SMR,grid,SMR_H_C_grid_E,Sweden,1,2024,221.87131945183455,4286.198255134622,4508.069574586456,2.885043985162643,33.07840154431364,0.0448448840905465,11.52280028005377,0.0028799999999999,60.07194265084708,0.2066671704497585,4612.74271906167,3.139436039702948
lng,SMR,SMR,grid,SMR_H_C_grid_E,Czech Republic,1,2024,183.5480915465177,2180.0099710093264,2363.558062555844,3.0972757944531826,29.505004291634744,0.0400003759485437,23.283559322589937,0.03312,43.481610772211546,0.1495909915402742,2459.8282369422805,3.3199871619420005
lng,SMR,SMR,grid,SMR_H_C_grid_E,Japan,1,2024,217.8372954618012,2274.2646381852005,2492.1019336470017,3.135455061732962,12.977661099092396,0.0175940094014379,22.260927547689153,0.03856,20.26636492616301,0.0697229373608958,2547.6068872199467,3.2613320084952955
lng,SMR,SMR,grid,SMR_H_C_grid_E,Belgium,1,2024,206.74372948920947,1789.0921995591866,1995.835929048396,2.942312886082312,4.233422153209155,0.0057393137788924,26.37060253368647,0.01104,56.92766564566551,0.1958498270595502,2083.3676193809574,3.154942026920754
lng,SMR,SMR,grid,SMR_H_C_grid_E,Poland,1,2024,186.5736095390427,2512.5785751315047,2699.1521846705473,3.2101292168537077,16.004410049511293,0.0216974182578447,37.9227388718634,0.0492,62.56524212252678,0.2152449377760272,2815.6445757144484,3.4962715728875797
lng,SMR,SMR,grid,SMR_H_C_grid_E,India,1,2024,178.50556155897596,1548.7735993088595,1727.2791608678351,3.262344979456936,43.369031669780384,0.0587960453816087,14.831593407134172,0.0566399999999999,10.59373146967094,0.0364459082015484,1796.0735174144208,3.414226933040093
lng,SMR,SMR,grid,SMR_H_C_grid_E,Indonesia,1,2024,162.3694655988425,2394.775532443929,2557.1449980427715,3.227534471054784,21.19081700585028,0.0287287077985997,9.929302477675712,0.05168,7.786346387408373,0.0267875834377514,2596.051463913706,3.3347307622911355
lng,SMR,SMR,grid,SMR_H_C_grid_E,South Korea,1,2024,189.59912753156772,1774.34826027318,1963.947387804748,3.0972757944531826,10.383993350619884,0.0140777352128614,14.241918421136855,0.03312,17.624287275172158,0.0606333243378496,2006.197586851677,3.2051068540038936
lng,SMR,SMR,grid,SMR_H_C_grid_E,China,1,2024,184.556597544026,1526.6208486347891,1711.1774461788152,3.179248927142121,117.07828218326276,0.1587247795814752,12.189952505681092,0.0448,14.848698549059618,0.0510843894600154,1855.2943794168186,3.4338580961836116
lng,SMR,SMR,grid,SMR_H_C_grid_E,United Arab Emirates,1,2024,192.62464552409276,204.21055189034257,396.8351974144353,3.0798705402521067,15.525975735670064,0.0210487976973739,13.84109797041032,0.03064,22.944322992857888,0.0789359907732634,449.14659411337357,3.210495328722744
lng,SMR,SMR,grid,SMR_H_C_grid_E,United States,1,2024,201.70119950166776,1074.1924881711725,1275.8936876728403,3.080432000065044,115.88348476726244,0.1571049748408973,17.038636618230697,0.03072,52.95862996936256,0.1821950435376774,1461.774439027696,3.450452018443619
lng,SMR,SMR,grid,SMR_H_C_grid_E,Turkey,1,2024,184.556597544026,912.5301983487632,1097.0867958927893,3.128717543977707,14.367053340775968,0.0194776292598864,16.749952505681094,0.0376,37.32981905913191,0.1284268118844242,1165.5336207983783,3.3142219851220176
lng,SMR,SMR,grid,SMR_H_C_grid_E,Australia,1,2024,206.74372948920947,1413.179735418433,1619.9234649076425,3.174757248638618,117.82066045617007,0.1597312329179604,24.130602533686467,0.04416,11.901612906537595,0.0409454489840402,1773.7763408040366,3.419593930540619
lng,SMR,SMR,grid,SMR_H_C_grid_E,Malaysia,1,2024,176.48854956395928,844.9148756028605,1021.4034251668198,3.2039531589113905,22.36137877654277,0.0303156559120751,14.858807040951865,0.04832,0.0,0.0,1058.6236109843144,3.2825888148234657
lng,SMR,SMR,grid,SMR_H_C_grid_E,Canada,1,2024,205.7352234917011,672.1671474416755,877.9023709333767,2.963086899161017,118.11484173619228,0.1601300588825865,13.944209350595314,0.0139999999999999,49.584341405335,0.1705863850019987,1059.5457634254992,3.307803343045602
lng,SMR,SMR,grid,SMR_H_C_grid_E,Mexico,1,2024,177.49705556146765,578.1050325207206,755.6020880821882,3.159597833689294,70.584838283883,0.0956929217740524,21.525200224043015,0.042,64.86002495922516,0.2231397428169365,912.5721515493393,3.5204304982802825
lng,SMR,SMR,grid,SMR_H_C_grid_E,Thailand,1,2024,179.51406755648432,911.8357858357908,1091.3498533922752,3.175880168264494,16.66138756714907,0.0225880925121339,15.017986590225323,0.04432,5.453041263376516,0.0187602491032793,1128.4822688130262,3.261548509879907
lng,SMR,SMR,grid,SMR_H_C_grid_E,Russia,1,2024,190.60763352907605,339.7476127066078,530.3552462356838,3.116926887906011,217.03008950143004,0.2942309408395722,12.188311604228012,0.03592,21.725117197756443,0.0747415232606332,781.2987645390982,3.521819352006216
lng,SMR,SMR,grid,SMR_H_C_grid_E,Saudi Arabia,1,2024,192.62464552409276,179.38993596411535,372.01458148820814,3.174757248638618,38.75836749584844,0.0525452989486706,10.48109797041032,0.04416,25.47038618944284,0.0876264760510543,446.7244331439097,3.3590890236383433
lng,ATRCCS,BEC,solar,ATRCCS_H_BEC_C_solar_E,South Africa,1,2024,282.2603481762618,551.5943123418544,833.8546605181162,-1.6066088767186744,36.05304361240747,0.0488776508666503,12.135525238045703,0.05672,33.55415330584088,0.1154372842719738,915.5973826744103,-1.3855739415800503
lng,ATRCCS,BEC,solar,ATRCCS_H_BEC_C_solar_E,Taiwan,1,2024,277.73210729642864,1160.406206307687,1438.1383136041156,-1.6066088767186744,8.910824241692303,0.0120805378015195,18.45634568877224,0.05088,11.47902285922631,0.0394916007233694,1476.9845063938064,-1.5041567381937855
lng,ATRCCS,BEC,solar,ATRCCS_H_BEC_C_solar_E,Switzerland,1,2024,333.58041148103655,4758.858666597051,5092.439078078087,-1.6066088767186744,17.100979796499654,0.0231840542772731,28.47289346314492,0.00296,44.32471484340281,0.1524915458606248,5182.337666181134,-1.4279732765807764
lng,ATRCCS,BEC,solar,ATRCCS_H_BEC_C_solar_E,Singapore,1,2024,279.2415209230397,5095.356134781761,5374.597655704801,-1.6066088767186744,0.6614965722328433,0.0008968008042448,27.9227388718634,0.03992,0.0,0.0,5403.181891148897,-1.5657920759144297
lng,ATRCCS,BEC,solar,ATRCCS_H_BEC_C_solar_E,Hungary,1,2024,271.69445278998455,1959.3778614657065,2231.072314255691,-1.6066088767186744,27.122186571715517,0.0367699542996764,20.75077295640763,0.01464,43.160799677088185,0.148487296231744,2322.1060734609023,-1.4067116261872539
lng,ATRCCS,BEC,solar,ATRCCS_H_BEC_C_solar_E,Philippines,1,2024,270.1850391633735,1153.0681122103654,1423.253151373739,-1.6066088767186744,14.30847482008127,0.0193982134825784,16.72437977331648,0.04904,8.862436757554681,0.0304896869844766,1463.1484427246914,-1.5076809762516195
lng,ATRCCS,BEC,solar,ATRCCS_H_BEC_C_solar_E,Netherlands,1,2024,309.42979345526015,3271.61819866942,3581.04799212468,-1.6066088767186744,6.791636792605323,0.0092075236568326,24.05060253368647,0.02024,57.04210191937808,0.196243525345994,3668.93233337035,-1.3809178277158478
lng,ATRCCS,BEC,solar,ATRCCS_H_BEC_C_solar_E,Norway,1,2024,342.63689324070276,2508.645123579613,2851.2820168203157,-1.6066088767186744,31.586172849052392,0.0428218473127285,15.911252561691846,0.00248,60.53321201401219,0.2082540882335661,2959.3126542450723,-1.3530529411723797
lng,ATRCCS,BEC,solar,ATRCCS_H_BEC_C_solar_E,Oman,1,2024,288.2980026827058,280.621979224249,568.9199819069548,-1.6066088767186744,26.719103995420006,0.0362234892176598,21.12109797041032,0.0436,22.014936016547047,0.0757385949812978,638.7751198893322,-1.4510467925197166
lng,ATRCCS,BEC,solar,ATRCCS_H_BEC_C_solar_E,Italy,1,2024,289.8074163093168,3629.209159538502,3919.016575847819,-1.6066088767186744,16.85127746633886,0.0228455290907342,41.78749115350147,0.0230399999999999,43.481610772211546,0.1495909915402742,4021.136955239871,-1.411132356087666
lng,ATRCCS,BEC,solar,ATRCCS_H_BEC_C_solar_E,Austria,1,2024,313.95803433509326,3097.5116768624566,3411.4697111975497,-1.6066088767186744,13.684414387924436,0.018552165413778,28.929782082959928,0.0082399999999999,43.481610772211546,0.1495909915402742,3497.5655184406455,-1.4302257197646224
lng,ATRCCS,BEC,solar,ATRCCS_H_BEC_C_solar_E,Finland,1,2024,326.0333433479815,3335.9278902137767,3661.961233561758,-1.6066088767186744,27.22434438169863,0.0369084511717668,15.940927547689158,0.0057599999999999,64.56110391457831,0.2221113564562004,3769.6876094057243,-1.341829069090707
lng,ATRCCS,BEC,solar,ATRCCS_H_BEC_C_solar_E,Portugal,1,2024,274.7132800432066,2809.93663428674,3084.649914329947,-1.6066088767186744,12.817872374283043,0.0173773814354991,16.803559322589937,0.00896,49.423540753857885,0.1700331780607748,3163.694886780678,-1.4102383172224002
lng,ATRCCS,BEC,solar,ATRCCS_H_BEC_C_solar_E,Germany,1,2024,310.93920708187125,2892.2172104152437,3203.156417497115,-1.6066088767186744,19.948978931930707,0.0270451293339769,28.316995716777623,0.02752,58.34583735079685,0.2007288025109504,3309.7682294966203,-1.3513149448737471
lng,ATRCCS,BEC,solar,ATRCCS_H_BEC_C_solar_E,Greece,1,2024,277.73210729642864,1586.563637416989,1864.2957447134177,-1.6066088767186744,11.184540606351485,0.0151630491100337,24.136345688772245,0.0256,38.655294480858075,0.1329868817410128,1938.2719254893996,-1.4328589458676277
lng,ATRCCS,BEC,solar,ATRCCS_H_BEC_C_solar_E,France,1,2024,304.9015525754271,3179.843508322816,3484.745060898243,-1.6066088767186744,23.213504505882067,0.031470895517943,20.531422984413005,0.0035199999999999,55.74270322845311,0.1917731679896417,3584.2326916169914,-1.3798448132110896
lng,ATRCCS,BEC,solar,ATRCCS_H_BEC_C_solar_E,Brazil,1,2024,277.73210729642864,3092.080109788901,3369.81221708533,-1.6066088767186744,102.99809327173692,0.1396360567221048,15.176345688772244,0.0082399999999999,61.4418912346397,0.2113802425593065,3549.428547280478,-1.2473525774372631
lng,ATRCCS,BEC,solar,ATRCCS_H_BEC_C_solar_E,United Kingdom,1,2024,321.5051024681483,2399.551855200527,2721.0569576686753,-1.6066088767186744,18.53994207479783,0.0251348769763235,40.9817479984157,0.01688,55.355200589122006,0.1904400319118252,2835.9338483310107,-1.3741539678305257
lng,ATRCCS,BEC,solar,ATRCCS_H_BEC_C_solar_E,Spain,1,2024,280.75093454965065,2337.1595870014835,2617.910521551134,-1.6066088767186744,31.30247157646122,0.042437229251041,15.949132054954552,0.01168,47.66906092425297,0.1639971924409472,2712.8311861068028,-1.3884944550266862
lng,ATRCCS,BEC,solar,ATRCCS_H_BEC_C_solar_E,Sweden,1,2024,332.07099785442557,4834.32532739613,5166.3963252505555,-1.6066088767186744,33.07840154431364,0.0448448840905465,11.52280028005377,0.0028799999999999,60.07194265084708,0.2066671704497585,5271.0694697257695,-1.3522168221783695
lng,ATRCCS,BEC,solar,ATRCCS_H_BEC_C_solar_E,Czech Republic,1,2024,274.7132800432066,2386.910404942448,2661.623684985655,-1.6066088767186744,29.505004291634744,0.0400003759485437,23.283559322589937,0.03312,43.481610772211546,0.1495909915402742,2757.8938593720914,-1.3838975092298564
lng,ATRCCS,BEC,solar,ATRCCS_H_BEC_C_solar_E,Japan,1,2024,326.0333433479815,2582.5789265375897,2908.612269885571,-1.6066088767186744,12.977661099092396,0.0175940094014379,22.260927547689153,0.03856,20.26636492616301,0.0697229373608958,2964.117223458516,-1.4807319299563406
lng,ATRCCS,BEC,solar,ATRCCS_H_BEC_C_solar_E,Belgium,1,2024,309.42979345526015,1982.9857354456,2292.4155289008604,-1.6066088767186744,4.233422153209155,0.0057393137788924,26.37060253368647,0.01104,56.92766564566551,0.1958498270595502,2379.9472192334215,-1.393979735880232
lng,ATRCCS,BEC,solar,ATRCCS_H_BEC_C_solar_E,Poland,1,2024,279.2415209230397,2728.8126257939734,3008.0541467170133,-1.6066088767186744,16.004410049511293,0.0216974182578447,37.9227388718634,0.0492,62.56524212252678,0.2152449377760272,3124.5465377609144,-1.3204665206848025
lng,ATRCCS,BEC,solar,ATRCCS_H_BEC_C_solar_E,India,1,2024,267.1662119101515,1754.8492894241351,2022.015501334287,-1.6066088767186744,43.369031669780384,0.0587960453816087,14.831593407134172,0.0566399999999999,10.59373146967094,0.0364459082015484,2090.809857880872,-1.4547269231355173
lng,ATRCCS,BEC,solar,ATRCCS_H_BEC_C_solar_E,Indonesia,1,2024,243.01559388437505,2749.3285815728677,2992.3441754572427,-1.6066088767186744,21.19081700585028,0.0287287077985997,9.929302477675712,0.05168,7.786346387408373,0.0267875834377514,3031.250641328177,-1.4994125854823235
lng,ATRCCS,BEC,solar,ATRCCS_H_BEC_C_solar_E,South Korea,1,2024,283.7697618028727,2034.9100257471684,2318.679787550041,-1.6066088767186744,10.383993350619884,0.0140777352128614,14.241918421136855,0.03312,17.624287275172158,0.0606333243378496,2360.9299865969697,-1.4987778171679633
lng,ATRCCS,BEC,solar,ATRCCS_H_BEC_C_solar_E,China,1,2024,276.2226936698176,1729.5595799002783,2005.782273570096,-1.6066088767186744,117.07828218326276,0.1587247795814752,12.189952505681092,0.0448,14.848698549059618,0.0510843894600154,2149.8992068080993,-1.3519997076771837
lng,ATRCCS,BEC,solar,ATRCCS_H_BEC_C_solar_E,United Arab Emirates,1,2024,288.2980026827058,248.35150450114543,536.6495071838513,-1.6066088767186744,15.525975735670064,0.0210487976973739,13.84109797041032,0.03064,22.944322992857888,0.0789359907732634,588.9609038827896,-1.475984088248037
lng,ATRCCS,BEC,solar,ATRCCS_H_BEC_C_solar_E,United States,1,2024,301.88272532220503,1220.0776832027702,1521.9604085249753,-1.6066088767186744,115.88348476726244,0.1571049748408973,17.038636618230697,0.03072,52.95862996936256,0.1821950435376774,1707.841159879831,-1.2365888583400997
lng,ATRCCS,BEC,solar,ATRCCS_H_BEC_C_solar_E,Turkey,1,2024,276.2226936698176,1100.897992424685,1377.1206860945026,-1.6066088767186744,14.367053340775968,0.0194776292598864,16.749952505681094,0.0376,37.32981905913191,0.1284268118844242,1445.5675110000916,-1.4211044355743636
lng,ATRCCS,BEC,solar,ATRCCS_H_BEC_C_solar_E,Australia,1,2024,309.42979345526015,1494.043331767176,1803.473125222436,-1.6066088767186744,117.82066045617007,0.1597312329179604,24.130602533686467,0.04416,11.901612906537595,0.0409454489840402,1957.3260011188302,-1.3617721948166739
lng,ATRCCS,BEC,solar,ATRCCS_H_BEC_C_solar_E,Malaysia,1,2024,264.14738465692943,1006.1732537800964,1270.3206384370258,-1.6066088767186744,22.36137877654277,0.0303156559120751,14.858807040951865,0.04832,0.0,0.0,1307.5408242545204,-1.5279732208065993
lng,ATRCCS,BEC,solar,ATRCCS_H_BEC_C_solar_E,Canada,1,2024,307.9203798286492,867.1082707989436,1175.028650627593,-1.6066088767186744,118.11484173619228,0.1601300588825865,13.944209350595314,0.0139999999999999,49.584341405335,0.1705863850019987,1356.6720431197155,-1.2618924328340895
lng,ATRCCS,BEC,solar,ATRCCS_H_BEC_C_solar_E,Mexico,1,2024,265.65679828354047,666.976877784532,932.6336760680724,-1.6066088767186744,70.584838283883,0.0956929217740524,21.525200224043015,0.042,64.86002495922516,0.2231397428169365,1089.6037395352237,-1.2457762121276854
lng,ATRCCS,BEC,solar,ATRCCS_H_BEC_C_solar_E,Thailand,1,2024,268.6756255367625,1059.1432204948503,1327.8188460316128,-1.6066088767186744,16.66138756714907,0.0225880925121339,15.017986590225323,0.04432,5.453041263376516,0.0187602491032793,1364.9512614523637,-1.5209405351032612
lng,ATRCCS,BEC,solar,ATRCCS_H_BEC_C_solar_E,Russia,1,2024,285.27917542948376,528.5711736121467,813.8503490416305,-1.6066088767186744,217.03008950143004,0.2942309408395722,12.188311604228012,0.03592,21.725117197756443,0.0747415232606332,1064.7938673450449,-1.201716412618469
lng,ATRCCS,BEC,solar,ATRCCS_H_BEC_C_solar_E,Saudi Arabia,1,2024,288.2980026827058,277.3429814731593,565.6409841558651,-1.6066088767186744,38.75836749584844,0.0525452989486706,10.48109797041032,0.04416,25.47038618944284,0.0876264760510543,640.3508358115668,-1.4222771017189495
lng,BG,BEC,solar,BG_H_BEC_C_solar_E,South Africa,1,2024,294.96702578968717,821.1150671350991,1116.0820929247864,-1.6988207916433282,36.05304361240747,0.0488776508666503,12.135525238045703,0.05672,33.55415330584088,0.1154372842719738,1197.8248150810803,-1.477785856504704
lng,BG,BEC,solar,BG_H_BEC_C_solar_E,Taiwan,1,2024,290.23493446685796,864.0028528602767,1154.2377873271346,-1.6988207916433282,8.910824241692303,0.0120805378015195,18.45634568877224,0.05088,11.47902285922631,0.0394916007233694,1193.0839801168254,-1.5963686531184393
lng,BG,BEC,solar,BG_H_BEC_C_solar_E,Switzerland,1,2024,348.59739411508485,1368.759884852415,1717.3572789675,-1.6988207916433282,17.100979796499654,0.0231840542772731,28.47289346314492,0.00296,44.32471484340281,0.1524915458606248,1807.255867070547,-1.5201851915054303
lng,BG,BEC,solar,BG_H_BEC_C_solar_E,Singapore,1,2024,291.8122982411344,1294.4505892413806,1586.262887482515,-1.6988207916433282,0.6614965722328433,0.0008968008042448,27.9227388718634,0.03992,0.0,0.0,1614.8471229266113,-1.6580039908390836
lng,BG,BEC,solar,BG_H_BEC_C_solar_E,Hungary,1,2024,283.9254793697524,964.809515981941,1248.7349953516934,-1.6988207916433282,27.122186571715517,0.0367699542996764,20.75077295640763,0.01464,43.160799677088185,0.148487296231744,1339.7687545569047,-1.4989235411119077
lng,BG,BEC,solar,BG_H_BEC_C_solar_E,Philippines,1,2024,282.348115595476,853.5483703536466,1135.8964859491225,-1.6988207916433282,14.30847482008127,0.0193982134825784,16.72437977331648,0.04904,8.862436757554681,0.0304896869844766,1175.791777300075,-1.5998928911762733
lng,BG,BEC,solar,BG_H_BEC_C_solar_E,Netherlands,1,2024,323.35957372666235,1151.877538496858,1475.2371122235204,-1.6988207916433282,6.791636792605323,0.0092075236568326,24.05060253368647,0.02024,57.04210191937808,0.196243525345994,1563.1214534691903,-1.4731297426405017
lng,BG,BEC,solar,BG_H_BEC_C_solar_E,Norway,1,2024,358.06157676074326,1144.2453826523297,1502.3069594130727,-1.6988207916433282,31.586172849052392,0.0428218473127285,15.911252561691846,0.00248,60.53321201401219,0.2082540882335661,1610.337596837829,-1.4452648560970336
lng,BG,BEC,solar,BG_H_BEC_C_solar_E,Oman,1,2024,301.2764808867928,785.322435718215,1086.5989166050078,-1.6988207916433282,26.719103995420006,0.0362234892176598,21.12109797041032,0.0436,22.014936016547047,0.0757385949812978,1156.4540545873854,-1.5432587074443704
lng,BG,BEC,solar,BG_H_BEC_C_solar_E,Italy,1,2024,302.85384466106916,1172.359271933535,1475.213116594604,-1.6988207916433282,16.85127746633886,0.0228455290907342,41.78749115350147,0.0230399999999999,43.481610772211546,0.1495909915402742,1577.3334959866556,-1.50334427101232
lng,BG,BEC,solar,BG_H_BEC_C_solar_E,Austria,1,2024,328.0916650494916,1151.472893047289,1479.5645580967807,-1.6988207916433282,13.684414387924436,0.018552165413778,28.929782082959928,0.0082399999999999,43.481610772211546,0.1495909915402742,1565.6603653398765,-1.5224376346892763
lng,BG,BEC,solar,BG_H_BEC_C_solar_E,Finland,1,2024,340.71057524370286,1190.8590808181448,1531.5696560618476,-1.6988207916433282,27.22434438169863,0.0369084511717668,15.940927547689158,0.0057599999999999,64.56110391457831,0.2221113564562004,1639.2960319058136,-1.4340409840153612
lng,BG,BEC,solar,BG_H_BEC_C_solar_E,Portugal,1,2024,287.0802069183052,1029.707419283462,1316.7876262017671,-1.6988207916433282,12.817872374283043,0.0173773814354991,16.803559322589937,0.00896,49.423540753857885,0.1700331780607748,1395.832598652498,-1.502450232147054
lng,BG,BEC,solar,BG_H_BEC_C_solar_E,Germany,1,2024,324.93693750093877,1145.3372343870733,1470.274171888012,-1.6988207916433282,19.948978931930707,0.0270451293339769,28.316995716777623,0.02752,58.34583735079685,0.2007288025109504,1576.8859838875173,-1.443526859798401
lng,BG,BEC,solar,BG_H_BEC_C_solar_E,Greece,1,2024,290.23493446685796,928.299819474498,1218.534753941356,-1.6988207916433282,11.184540606351485,0.0151630491100337,24.136345688772245,0.0256,38.655294480858075,0.1329868817410128,1292.510934717338,-1.5250708607922818
lng,BG,BEC,solar,BG_H_BEC_C_solar_E,France,1,2024,318.6274824038332,1146.230666755619,1464.8581491594523,-1.6988207916433282,23.213504505882067,0.031470895517943,20.531422984413005,0.0035199999999999,55.74270322845311,0.1917731679896417,1564.3457798782006,-1.4720567281357435
lng,BG,BEC,solar,BG_H_BEC_C_solar_E,Brazil,1,2024,290.23493446685796,1052.766446079271,1343.001380546129,-1.6988207916433282,102.99809327173692,0.1396360567221048,15.176345688772244,0.0082399999999999,61.4418912346397,0.2113802425593065,1522.617710741278,-1.339564492361917
lng,BG,BEC,solar,BG_H_BEC_C_solar_E,United Kingdom,1,2024,335.9784839208736,1059.509509995686,1395.4879939165594,-1.6988207916433282,18.53994207479783,0.0251348769763235,40.9817479984157,0.01688,55.355200589122006,0.1904400319118252,1510.3648845788948,-1.4663658827551795
lng,BG,BEC,solar,BG_H_BEC_C_solar_E,Spain,1,2024,293.38966201541075,1018.6270065660444,1312.0166685814552,-1.6988207916433282,31.30247157646122,0.042437229251041,15.949132054954552,0.01168,47.66906092425297,0.1639971924409472,1406.937333137124,-1.48070636995134
lng,BG,BEC,solar,BG_H_BEC_C_solar_E,Sweden,1,2024,347.0200303408085,1338.9491672213844,1685.969197562193,-1.6988207916433282,33.07840154431364,0.0448448840905465,11.52280028005377,0.0028799999999999,60.07194265084708,0.2066671704497585,1790.6423420374076,-1.4444287371030233
lng,BG,BEC,solar,BG_H_BEC_C_solar_E,Czech Republic,1,2024,287.0802069183052,1001.8987889446,1288.978995862905,-1.6988207916433282,29.505004291634744,0.0400003759485437,23.283559322589937,0.03312,43.481610772211546,0.1495909915402742,1385.2491702493414,-1.4761094241545103
lng,BG,BEC,solar,BG_H_BEC_C_solar_E,Japan,1,2024,340.71057524370286,1086.6284025119432,1427.338977755646,-1.6988207916433282,12.977661099092396,0.0175940094014379,22.260927547689153,0.03856,20.26636492616301,0.0697229373608958,1482.8439313285905,-1.5729438448809945
lng,BG,BEC,solar,BG_H_BEC_C_solar_E,Belgium,1,2024,323.35957372666235,1086.9498681302991,1410.3094418569617,-1.6988207916433282,4.233422153209155,0.0057393137788924,26.37060253368647,0.01104,56.92766564566551,0.1958498270595502,1497.8411321895228,-1.4861916508048858
lng,BG,BEC,solar,BG_H_BEC_C_solar_E,Poland,1,2024,291.8122982411344,1052.3363916081228,1344.1486898492572,-1.6988207916433282,16.004410049511293,0.0216974182578447,37.9227388718634,0.0492,62.56524212252678,0.2152449377760272,1460.6410808931587,-1.4126784356094564
lng,BG,BEC,solar,BG_H_BEC_C_solar_E,India,1,2024,279.19338804692313,901.955976417632,1181.1493644645552,-1.6988207916433282,43.369031669780384,0.0587960453816087,14.831593407134172,0.0566399999999999,10.59373146967094,0.0364459082015484,1249.9437210111407,-1.5469388380601712
lng,BG,BEC,solar,BG_H_BEC_C_solar_E,Indonesia,1,2024,253.95556765850068,1003.022383221214,1256.9779508797146,-1.6988207916433282,21.19081700585028,0.0287287077985997,9.929302477675712,0.05168,7.786346387408373,0.0267875834377514,1295.884416750649,-1.5916245004069773
lng,BG,BEC,solar,BG_H_BEC_C_solar_E,South Korea,1,2024,296.54438956396353,1002.3895312927308,1298.9339208566944,-1.6988207916433282,10.383993350619884,0.0140777352128614,14.241918421136855,0.03312,17.624287275172158,0.0606333243378496,1341.1841199036235,-1.5909897320926172
lng,BG,BEC,solar,BG_H_BEC_C_solar_E,China,1,2024,288.6575706925816,900.7152218722165,1189.372792564798,-1.6988207916433282,117.07828218326276,0.1587247795814752,12.189952505681092,0.0448,14.848698549059618,0.0510843894600154,1333.4897258028013,-1.4442116226018376
lng,BG,BEC,solar,BG_H_BEC_C_solar_E,United Arab Emirates,1,2024,301.2764808867928,770.7046263367262,1071.9811072235188,-1.6988207916433282,15.525975735670064,0.0210487976973739,13.84109797041032,0.03064,22.944322992857888,0.0789359907732634,1124.2925039224572,-1.568196003172691
lng,BG,BEC,solar,BG_H_BEC_C_solar_E,United States,1,2024,315.47275485528036,971.9929563158854,1287.4657111711658,-1.6988207916433282,115.88348476726244,0.1571049748408973,17.038636618230697,0.03072,52.95862996936256,0.1821950435376774,1473.3464625260215,-1.3288007732647535
lng,BG,BEC,solar,BG_H_BEC_C_solar_E,Turkey,1,2024,288.6575706925816,875.0181370578613,1163.6757077504428,-1.6988207916433282,14.367053340775968,0.0194776292598864,16.749952505681094,0.0376,37.32981905913191,0.1284268118844242,1232.1225326560318,-1.5133163504990175
lng,BG,BEC,solar,BG_H_BEC_C_solar_E,Australia,1,2024,323.35957372666235,983.6620087790212,1307.0215825056837,-1.6988207916433282,117.82066045617007,0.1597312329179604,24.130602533686467,0.04416,11.901612906537595,0.0409454489840402,1460.8744584020778,-1.4539841097413277
lng,BG,BEC,solar,BG_H_BEC_C_solar_E,Malaysia,1,2024,276.03866049837035,844.7966180184237,1120.835278516794,-1.6988207916433282,22.36137877654277,0.0303156559120751,14.858807040951865,0.04832,0.0,0.0,1158.0554643342887,-1.6201851357312531
lng,BG,BEC,solar,BG_H_BEC_C_solar_E,Canada,1,2024,321.782209952386,934.2078123687362,1255.990022321122,-1.6988207916433282,118.11484173619228,0.1601300588825865,13.944209350595314,0.0139999999999999,49.584341405335,0.1705863850019987,1437.6334148132446,-1.3541043477587433
lng,BG,BEC,solar,BG_H_BEC_C_solar_E,Mexico,1,2024,277.61602427264677,817.6837619955703,1095.299786268217,-1.6988207916433282,70.584838283883,0.0956929217740524,21.525200224043015,0.042,64.86002495922516,0.2231397428169365,1252.2698497353683,-1.3379881270523395
lng,BG,BEC,solar,BG_H_BEC_C_solar_E,Thailand,1,2024,280.77075182119955,839.5449174977008,1120.3156693189003,-1.6988207916433282,16.66138756714907,0.0225880925121339,15.017986590225323,0.04432,5.453041263376516,0.0187602491032793,1157.4480847396512,-1.613152450027915
lng,BG,BEC,solar,BG_H_BEC_C_solar_E,Russia,1,2024,298.12175333823996,821.7108193497145,1119.8325726879543,-1.6988207916433282,217.03008950143004,0.2942309408395722,12.188311604228012,0.03592,21.725117197756443,0.0747415232606332,1370.7760909913686,-1.2939283275431228
lng,BG,BEC,solar,BG_H_BEC_C_solar_E,Saudi Arabia,1,2024,301.2764808867928,781.3211594961537,1082.5976403829463,-1.6988207916433282,38.75836749584844,0.0525452989486706,10.48109797041032,0.04416,25.47038618944284,0.0876264760510543,1157.307492038648,-1.5144890166436034
lng,LTE,BEC,solar,LTE_H_BEC_C_solar_E,South Africa,1,2024,360.60683078968714,2045.1053682273769,2405.7121990170635,-1.348875209920857,36.05304361240747,0.0488776508666503,12.135525238045703,0.05672,33.55415330584088,0.1154372842719738,2487.454921173358,-1.127840274782233
lng,LTE,BEC,solar,LTE_H_BEC_C_solar_E,Taiwan,1,2024,354.82169446685793,1074.7070516214608,1429.5287460883187,-1.348875209920857,8.910824241692303,0.0120805378015195,18.45634568877224,0.05088,11.47902285922631,0.0394916007233694,1468.3749388780095,-1.246423071395968
lng,LTE,BEC,solar,LTE_H_BEC_C_solar_E,Switzerland,1,2024,426.1717091150848,2100.967671500681,2527.1393806157657,-1.348875209920857,17.100979796499654,0.0231840542772731,28.47289346314492,0.00296,44.32471484340281,0.1524915458606248,2617.0379687188133,-1.170239609782959
lng,LTE,BEC,solar,LTE_H_BEC_C_solar_E,Singapore,1,2024,356.7500732411343,1946.4632158605625,2303.213289101697,-1.348875209920857,0.6614965722328433,0.0008968008042448,27.9227388718634,0.03992,0.0,0.0,2331.797524545793,-1.3080584091166123
lng,LTE,BEC,solar,LTE_H_BEC_C_solar_E,Hungary,1,2024,347.10817936975235,2416.950052369657,2764.058231739409,-1.348875209920857,27.122186571715517,0.0367699542996764,20.75077295640763,0.01464,43.160799677088185,0.148487296231744,2855.0919909446206,-1.1489779593894365
lng,LTE,BEC,solar,LTE_H_BEC_C_solar_E,Philippines,1,2024,345.1798005954759,1618.7575225377018,1963.9373231331776,-1.348875209920857,14.30847482008127,0.0193982134825784,16.72437977331648,0.04904,8.862436757554681,0.0304896869844766,2003.83261448413,-1.249947309453802
lng,LTE,BEC,solar,LTE_H_BEC_C_solar_E,Netherlands,1,2024,395.3176487266624,1872.2521938649695,2267.5698425916316,-1.348875209920857,6.791636792605323,0.0092075236568326,24.05060253368647,0.02024,57.04210191937808,0.196243525345994,2355.4541838373016,-1.1231841609180304
lng,LTE,BEC,solar,LTE_H_BEC_C_solar_E,Norway,1,2024,437.7419817607432,2718.722282019924,3156.4642637806674,-1.348875209920857,31.586172849052392,0.0428218473127285,15.911252561691846,0.00248,60.53321201401219,0.2082540882335661,3264.494901205424,-1.0953192743745623
lng,LTE,BEC,solar,LTE_H_BEC_C_solar_E,Oman,1,2024,368.3203458867927,1251.1904390826078,1619.5107849694004,-1.348875209920857,26.719103995420006,0.0362234892176598,21.12109797041032,0.0436,22.014936016547047,0.0757385949812978,1689.365922951778,-1.1933131257218992
lng,LTE,BEC,solar,LTE_H_BEC_C_solar_E,Italy,1,2024,370.2487246610691,1746.539821350015,2116.788546011084,-1.348875209920857,16.85127746633886,0.0228455290907342,41.78749115350147,0.0230399999999999,43.481610772211546,0.1495909915402742,2218.908925403136,-1.1533986892898487
lng,LTE,BEC,solar,LTE_H_BEC_C_solar_E,Austria,1,2024,401.1027850494916,1955.4622583764728,2356.5650434259646,-1.348875209920857,13.684414387924436,0.018552165413778,28.929782082959928,0.0082399999999999,43.481610772211546,0.1495909915402742,2442.6608506690604,-1.172492052966805
lng,LTE,BEC,solar,LTE_H_BEC_C_solar_E,Finland,1,2024,416.5298152437028,2743.151238588401,3159.681053832104,-1.348875209920857,27.22434438169863,0.0369084511717668,15.940927547689158,0.0057599999999999,64.56110391457831,0.2221113564562004,3267.4074296760705,-1.0840954022928897
lng,LTE,BEC,solar,LTE_H_BEC_C_solar_E,Portugal,1,2024,350.96493691830517,1449.0544658674378,1800.0194027857428,-1.348875209920857,12.817872374283043,0.0173773814354991,16.803559322589937,0.00896,49.423540753857885,0.1700331780607748,1879.0643752364738,-1.1525046504245828
lng,LTE,BEC,solar,LTE_H_BEC_C_solar_E,Germany,1,2024,397.2460275009388,1958.2309907453628,2355.4770182463017,-1.348875209920857,19.948978931930707,0.0270451293339769,28.316995716777623,0.02752,58.34583735079685,0.2007288025109504,2462.088830245807,-1.0935812780759298
lng,LTE,BEC,solar,LTE_H_BEC_C_solar_E,Greece,1,2024,354.82169446685793,1383.4118482404642,1738.2335427073222,-1.348875209920857,11.184540606351485,0.0151630491100337,24.136345688772245,0.0256,38.655294480858075,0.1329868817410128,1812.209723483304,-1.1751252790698103
lng,LTE,BEC,solar,LTE_H_BEC_C_solar_E,France,1,2024,389.5325124038332,1632.8418171186245,2022.3743295224576,-1.348875209920857,23.213504505882067,0.031470895517943,20.531422984413005,0.0035199999999999,55.74270322845311,0.1917731679896417,2121.861960241206,-1.1221111464132723
lng,LTE,BEC,solar,LTE_H_BEC_C_solar_E,Brazil,1,2024,354.82169446685793,1791.680438708226,2146.502133175084,-1.348875209920857,102.99809327173692,0.1396360567221048,15.176345688772244,0.0082399999999999,61.4418912346397,0.2113802425593065,2326.118463370233,-0.9896189106394457
lng,LTE,BEC,solar,LTE_H_BEC_C_solar_E,United Kingdom,1,2024,410.7446789208736,2061.8715587320403,2472.6162376529137,-1.348875209920857,18.53994207479783,0.0251348769763235,40.9817479984157,0.01688,55.355200589122006,0.1904400319118252,2587.493128315249,-1.1164203010327083
lng,LTE,BEC,solar,LTE_H_BEC_C_solar_E,Spain,1,2024,358.67845201541076,1255.03705625393,1613.715508269341,-1.348875209920857,31.30247157646122,0.042437229251041,15.949132054954552,0.01168,47.66906092425297,0.1639971924409472,1708.6361728250097,-1.1307607882288688
lng,LTE,BEC,solar,LTE_H_BEC_C_solar_E,Sweden,1,2024,424.2433303408085,2836.6149965607488,3260.858326901557,-1.348875209920857,33.07840154431364,0.0448448840905465,11.52280028005377,0.0028799999999999,60.07194265084708,0.2066671704497585,3365.5314713767716,-1.094483155380552
lng,LTE,BEC,solar,LTE_H_BEC_C_solar_E,Czech Republic,1,2024,350.96493691830517,1857.6243688132383,2208.589305731544,-1.348875209920857,29.505004291634744,0.0400003759485437,23.283559322589937,0.03312,43.481610772211546,0.1495909915402742,2304.85948011798,-1.126163842432039
lng,LTE,BEC,solar,LTE_H_BEC_C_solar_E,Japan,1,2024,416.5298152437028,2917.7524434248826,3334.282258668585,-1.348875209920857,12.977661099092396,0.0175940094014379,22.260927547689153,0.03856,20.26636492616301,0.0697229373608958,3389.78721224153,-1.2229982631585232
lng,LTE,BEC,solar,LTE_H_BEC_C_solar_E,Belgium,1,2024,395.3176487266624,2617.8102445487416,3013.127893275404,-1.348875209920857,4.233422153209155,0.0057393137788924,26.37060253368647,0.01104,56.92766564566551,0.1958498270595502,3100.659583607965,-1.1362460690824145
lng,LTE,BEC,solar,LTE_H_BEC_C_solar_E,Poland,1,2024,356.7500732411343,3108.9102988945747,3465.660372135709,-1.348875209920857,16.004410049511293,0.0216974182578447,37.9227388718634,0.0492,62.56524212252678,0.2152449377760272,3582.1527631796102,-1.0627328538869851
lng,LTE,BEC,solar,LTE_H_BEC_C_solar_E,India,1,2024,341.32304304692315,1411.294792923212,1752.6178359701353,-1.348875209920857,43.369031669780384,0.0587960453816087,14.831593407134172,0.0566399999999999,10.59373146967094,0.0364459082015484,1821.4121925167208,-1.1969932563377
lng,LTE,BEC,solar,LTE_H_BEC_C_solar_E,Indonesia,1,2024,310.46898265850064,2014.1817414192565,2324.6507240777573,-1.348875209920857,21.19081700585028,0.0287287077985997,9.929302477675712,0.05168,7.786346387408373,0.0267875834377514,2363.5571899486918,-1.241678918684506
lng,LTE,BEC,solar,LTE_H_BEC_C_solar_E,South Korea,1,2024,362.5352095639636,1972.9050113878927,2335.440220951856,-1.348875209920857,10.383993350619884,0.0140777352128614,14.241918421136855,0.03312,17.624287275172158,0.0606333243378496,2377.690419998785,-1.241044150370146
lng,LTE,BEC,solar,LTE_H_BEC_C_solar_E,China,1,2024,352.89331569258155,1096.3326157984588,1449.2259314910405,-1.348875209920857,117.07828218326276,0.1587247795814752,12.189952505681092,0.0448,14.848698549059618,0.0510843894600154,1593.3428647290439,-1.0942660408793663
lng,LTE,BEC,solar,LTE_H_BEC_C_solar_E,United Arab Emirates,1,2024,368.3203458867927,769.3385666751193,1137.658912561912,-1.348875209920857,15.525975735670064,0.0210487976973739,13.84109797041032,0.03064,22.944322992857888,0.0789359907732634,1189.9703092608504,-1.2182504214502197
lng,LTE,BEC,solar,LTE_H_BEC_C_solar_E,United States,1,2024,385.6757548552804,1704.1792223298974,2089.8549771851776,-1.348875209920857,115.88348476726244,0.1571049748408973,17.038636618230697,0.03072,52.95862996936256,0.1821950435376774,2275.735728540033,-0.9788551915422823
lng,LTE,BEC,solar,LTE_H_BEC_C_solar_E,Turkey,1,2024,352.89331569258155,2273.1270056903268,2626.020321382908,-1.348875209920857,14.367053340775968,0.0194776292598864,16.749952505681094,0.0376,37.32981905913191,0.1284268118844242,2694.4671462884967,-1.1633707687765462
lng,LTE,BEC,solar,LTE_H_BEC_C_solar_E,Australia,1,2024,395.3176487266624,1123.144118335325,1518.4617670619873,-1.348875209920857,117.82066045617007,0.1597312329179604,24.130602533686467,0.04416,11.901612906537595,0.0409454489840402,1672.3146429583815,-1.1040385280188565
lng,LTE,BEC,solar,LTE_H_BEC_C_solar_E,Malaysia,1,2024,337.4662854983703,1711.9264644611137,2049.392749959484,-1.348875209920857,22.36137877654277,0.0303156559120751,14.858807040951865,0.04832,0.0,0.0,2086.6129357769782,-1.2702395540087819
lng,LTE,BEC,solar,LTE_H_BEC_C_solar_E,Canada,1,2024,393.389269952386,2586.663660312938,2980.052930265324,-1.348875209920857,118.11484173619228,0.1601300588825865,13.944209350595314,0.0139999999999999,49.584341405335,0.1705863850019987,3161.696322757447,-1.004158766036272
lng,LTE,BEC,solar,LTE_H_BEC_C_solar_E,Mexico,1,2024,339.39466427264676,1783.801280477759,2123.195944750406,-1.348875209920857,70.584838283883,0.0956929217740524,21.525200224043015,0.042,64.86002495922516,0.2231397428169365,2280.166008217557,-0.9880425453298681
lng,LTE,BEC,solar,LTE_H_BEC_C_solar_E,Thailand,1,2024,343.25142182119953,1429.231290515305,1772.4827123365048,-1.348875209920857,16.66138756714907,0.0225880925121339,15.017986590225323,0.04432,5.453041263376516,0.0187602491032793,1809.6151277572558,-1.2632068683054438
lng,LTE,BEC,solar,LTE_H_BEC_C_solar_E,Russia,1,2024,364.46358833824,2500.2378861937605,2864.701474532,-1.348875209920857,217.03008950143004,0.2942309408395722,12.188311604228012,0.03592,21.725117197756443,0.0747415232606332,3115.6449928354145,-0.9439827458206516
lng,LTE,BEC,solar,LTE_H_BEC_C_solar_E,Saudi Arabia,1,2024,368.3203458867927,1231.157736994152,1599.4780828809446,-1.348875209920857,38.75836749584844,0.0525452989486706,10.48109797041032,0.04416,25.47038618944284,0.0876264760510543,1674.1879345366463,-1.164543434921132
lng,SMR,BEC,solar,SMR_H_BEC_C_solar_E,South Africa,1,2024,188.59062153405935,441.325503989205,629.9161255232643,2.9656000784558083,36.05304361240747,0.0488776508666503,12.135525238045703,0.05672,33.55415330584088,0.1154372842719738,711.6588476795583,3.1866350135944326
lng,SMR,BEC,solar,SMR_H_BEC_C_solar_E,Taiwan,1,2024,185.5651035415343,1030.1375767474683,1215.7026802890027,2.9656000784558083,8.910824241692303,0.0120805378015195,18.45634568877224,0.05088,11.47902285922631,0.0394916007233694,1254.5488730786935,3.0680522169806967
lng,SMR,BEC,solar,SMR_H_BEC_C_solar_E,Switzerland,1,2024,222.8798254493429,4316.15621029979,4539.036035749133,2.9656000784558083,17.100979796499654,0.0231840542772731,28.47289346314492,0.00296,44.32471484340281,0.1524915458606248,4628.93462385218,3.144235678593706
lng,SMR,BEC,solar,SMR_H_BEC_C_solar_E,Singapore,1,2024,186.5736095390427,4614.662312227134,4801.235921766177,2.9656000784558083,0.6614965722328433,0.0008968008042448,27.9227388718634,0.03992,0.0,0.0,4829.8201572102735,3.006416879260053
lng,SMR,BEC,solar,SMR_H_BEC_C_solar_E,Hungary,1,2024,181.531079551501,1715.356293998443,1896.887373549944,2.9656000784558083,27.122186571715517,0.0367699542996764,20.75077295640763,0.01464,43.160799677088185,0.148487296231744,1987.9211327551552,3.1654973289872284
lng,SMR,BEC,solar,SMR_H_BEC_C_solar_E,Philippines,1,2024,180.52257355399263,1002.482062402668,1183.0046359566606,2.9656000784558083,14.30847482008127,0.0193982134825784,16.72437977331648,0.04904,8.862436757554681,0.0304896869844766,1222.899927307613,3.0645279789228637
lng,SMR,BEC,solar,SMR_H_BEC_C_solar_E,Netherlands,1,2024,206.74372948920947,2952.929560070623,3159.6732895598325,2.9656000784558083,6.791636792605323,0.0092075236568326,24.05060253368647,0.02024,57.04210191937808,0.196243525345994,3247.5576308055024,3.191291127458635
lng,SMR,BEC,solar,SMR_H_BEC_C_solar_E,Norway,1,2024,228.93086143439297,2228.8130493872372,2457.7439108216304,2.9656000784558083,31.586172849052392,0.0428218473127285,15.911252561691846,0.00248,60.53321201401219,0.2082540882335661,2565.774548246387,3.2191560140021025
lng,SMR,BEC,solar,SMR_H_BEC_C_solar_E,Oman,1,2024,192.62464552409276,225.5631969831529,418.1878425072456,2.9656000784558083,26.719103995420006,0.0362234892176598,21.12109797041032,0.0436,22.014936016547047,0.0757385949812978,488.042980489623,3.121162162654766
lng,SMR,BEC,solar,SMR_H_BEC_C_solar_E,Italy,1,2024,193.63315152160104,3278.8140626102017,3472.447214131803,2.9656000784558083,16.85127746633886,0.0228455290907342,41.78749115350147,0.0230399999999999,43.481610772211546,0.1495909915402742,3574.567593523855,3.1610765990868166
lng,SMR,BEC,solar,SMR_H_BEC_C_solar_E,Austria,1,2024,209.76924748173448,2789.6481758638233,2999.417423345558,2.9656000784558083,13.684414387924436,0.018552165413778,28.929782082959928,0.0082399999999999,43.481610772211546,0.1495909915402742,3085.5132305886536,3.1419832354098602
lng,SMR,BEC,solar,SMR_H_BEC_C_solar_E,Finland,1,2024,217.8372954618012,2982.3601542210017,3200.197449682803,2.9656000784558083,27.22434438169863,0.0369084511717668,15.940927547689158,0.0057599999999999,64.56110391457831,0.2221113564562004,3307.923825526769,3.230379886083776
lng,SMR,BEC,solar,SMR_H_BEC_C_solar_E,Portugal,1,2024,183.5480915465177,2536.990033884701,2720.5381254312188,2.9656000784558083,12.817872374283043,0.0173773814354991,16.803559322589937,0.00896,49.423540753857885,0.1700331780607748,2799.58309788195,3.161970637952082
lng,SMR,BEC,solar,SMR_H_BEC_C_solar_E,Germany,1,2024,207.7522354867178,2608.8101480384694,2816.562383525187,2.9656000784558083,19.948978931930707,0.0270451293339769,28.316995716777623,0.02752,58.34583735079685,0.2007288025109504,2923.1741955246925,3.2208940103007357
lng,SMR,BEC,solar,SMR_H_BEC_C_solar_E,Greece,1,2024,185.5651035415343,1414.9672495439618,1600.5323530854962,2.9656000784558083,11.184540606351485,0.0151630491100337,24.136345688772245,0.0256,38.655294480858075,0.1329868817410128,1674.508533861478,3.1393500093068547
lng,SMR,BEC,solar,SMR_H_BEC_C_solar_E,France,1,2024,203.7182114966845,2877.2973953606916,3081.015606857376,2.9656000784558083,23.213504505882067,0.031470895517943,20.531422984413005,0.0035199999999999,55.74270322845311,0.1917731679896417,3180.5032375761243,3.192364141963393
lng,SMR,BEC,solar,SMR_H_BEC_C_solar_E,Brazil,1,2024,185.5651035415343,2776.1294026202836,2961.694506161818,2.9656000784558083,102.99809327173692,0.1396360567221048,15.176345688772244,0.0082399999999999,61.4418912346397,0.2113802425593065,3141.310836356967,3.3248563777372193
lng,SMR,BEC,solar,SMR_H_BEC_C_solar_E,United Kingdom,1,2024,214.81177746927617,2145.2180441302844,2360.0298215995604,2.9656000784558083,18.53994207479783,0.0251348769763235,40.9817479984157,0.01688,55.355200589122006,0.1904400319118252,2474.906712261896,3.198054987343957
lng,SMR,BEC,solar,SMR_H_BEC_C_solar_E,Spain,1,2024,187.58211553655104,2115.8748550124724,2303.4569705490235,2.9656000784558083,31.30247157646122,0.042437229251041,15.949132054954552,0.01168,47.66906092425297,0.1639971924409472,2398.377635104692,3.1837145001477967
lng,SMR,BEC,solar,SMR_H_BEC_C_solar_E,Sweden,1,2024,221.87131945183455,4353.0710247039615,4574.942344155796,2.9656000784558083,33.07840154431364,0.0448448840905465,11.52280028005377,0.0028799999999999,60.07194265084708,0.2066671704497585,4679.61548863101,3.219992132996113
lng,SMR,BEC,solar,SMR_H_BEC_C_solar_E,Czech Republic,1,2024,183.5480915465177,2140.460138510578,2324.0082300570957,2.9656000784558083,29.505004291634744,0.0400003759485437,23.283559322589937,0.03312,43.481610772211546,0.1495909915402742,2420.278404443532,3.1883114459446262
lng,SMR,BEC,solar,SMR_H_BEC_C_solar_E,Japan,1,2024,217.8372954618012,2270.64823371448,2488.485529176281,2.9656000784558083,12.977661099092396,0.0175940094014379,22.260927547689153,0.03856,20.26636492616301,0.0697229373608958,2543.990482749226,3.0914770252181416
lng,SMR,BEC,solar,SMR_H_BEC_C_solar_E,Belgium,1,2024,206.74372948920947,1747.6334036964492,1954.3771331856587,2.9656000784558083,4.233422153209155,0.0057393137788924,26.37060253368647,0.01104,56.92766564566551,0.1958498270595502,2041.9088235182198,3.1782292192942507
lng,SMR,BEC,solar,SMR_H_BEC_C_solar_E,Poland,1,2024,186.5736095390427,2398.073857605542,2584.6474671445844,2.9656000784558083,16.004410049511293,0.0216974182578447,37.9227388718634,0.0492,62.56524212252678,0.2152449377760272,2701.1398581884855,3.2517424344896804
lng,SMR,BEC,solar,SMR_H_BEC_C_solar_E,India,1,2024,178.50556155897596,1559.4744200680564,1737.9799816270324,2.9656000784558083,43.369031669780384,0.0587960453816087,14.831593407134172,0.0566399999999999,10.59373146967094,0.0364459082015484,1806.774338173618,3.117482032038965
lng,SMR,BEC,solar,SMR_H_BEC_C_solar_E,Indonesia,1,2024,162.3694655988425,2448.910884332005,2611.2803499308475,2.9656000784558083,21.19081700585028,0.0287287077985997,9.929302477675712,0.05168,7.786346387408373,0.0267875834377514,2650.186815801782,3.07279636969216
lng,SMR,BEC,solar,SMR_H_BEC_C_solar_E,South Korea,1,2024,189.59912753156772,1802.11745934569,1991.716586877258,2.9656000784558083,10.383993350619884,0.0140777352128614,14.241918421136855,0.03312,17.624287275172158,0.0606333243378496,2033.966785924187,3.0734311380065193
lng,SMR,BEC,solar,SMR_H_BEC_C_solar_E,China,1,2024,184.556597544026,1549.9545151850898,1734.511112729116,2.9656000784558083,117.07828218326276,0.1587247795814752,12.189952505681092,0.0448,14.848698549059618,0.0510843894600154,1878.6280459671193,3.2202092474972988
lng,SMR,BEC,solar,SMR_H_BEC_C_solar_E,United Arab Emirates,1,2024,192.62464552409276,211.82334367838075,404.44798920247354,2.9656000784558083,15.525975735670064,0.0210487976973739,13.84109797041032,0.03064,22.944322992857888,0.0789359907732634,456.7593859014118,3.0962248669264456
lng,SMR,BEC,solar,SMR_H_BEC_C_solar_E,United States,1,2024,201.70119950166776,1078.7172509880522,1280.41845048972,2.9656000784558083,115.88348476726244,0.1571049748408973,17.038636618230697,0.03072,52.95862996936256,0.1821950435376774,1466.2992018445757,3.335620096834383
lng,SMR,BEC,solar,SMR_H_BEC_C_solar_E,Turkey,1,2024,184.556597544026,930.305412750978,1114.8620102950042,2.9656000784558083,14.367053340775968,0.0194776292598864,16.749952505681094,0.0376,37.32981905913191,0.1284268118844242,1183.3088352005932,3.151104519600119
lng,SMR,BEC,solar,SMR_H_BEC_C_solar_E,Australia,1,2024,206.74372948920947,1355.7193348869644,1562.463064376174,2.9656000784558083,117.82066045617007,0.1597312329179604,24.130602533686467,0.04416,11.901612906537595,0.0409454489840402,1716.3159402725682,3.2104367603578092
lng,SMR,BEC,solar,SMR_H_BEC_C_solar_E,Malaysia,1,2024,176.48854956395928,862.504808266806,1038.9933578307653,2.9656000784558083,22.36137877654277,0.0303156559120751,14.858807040951865,0.04832,0.0,0.0,1076.21354364826,3.0442357343678834
lng,SMR,BEC,solar,SMR_H_BEC_C_solar_E,Canada,1,2024,205.7352234917011,719.3067100605444,925.0419335522456,2.9656000784558083,118.11484173619228,0.1601300588825865,13.944209350595314,0.0139999999999999,49.584341405335,0.1705863850019987,1106.6853260443681,3.3103165223403934
lng,SMR,BEC,solar,SMR_H_BEC_C_solar_E,Mexico,1,2024,177.49705556146765,551.0196078691945,728.5166634306621,2.9656000784558083,70.584838283883,0.0956929217740524,21.525200224043015,0.042,64.86002495922516,0.2231397428169365,885.4867268978132,3.326432743046797
lng,SMR,BEC,solar,SMR_H_BEC_C_solar_E,Thailand,1,2024,179.51406755648432,922.643283959446,1102.1573515159305,2.9656000784558083,16.66138756714907,0.0225880925121339,15.017986590225323,0.04432,5.453041263376516,0.0187602491032793,1139.2897669366814,3.0512684200712212
lng,SMR,BEC,solar,SMR_H_BEC_C_solar_E,Russia,1,2024,190.60763352907605,396.43199214542153,587.0396256744975,2.9656000784558083,217.03008950143004,0.2942309408395722,12.188311604228012,0.03592,21.725117197756443,0.0747415232606332,837.9831439779119,3.3704925425560135
lng,SMR,BEC,solar,SMR_H_BEC_C_solar_E,Saudi Arabia,1,2024,192.62464552409276,220.6903165284297,413.3149620525225,2.9656000784558083,38.75836749584844,0.0525452989486706,10.48109797041032,0.04416,25.47038618944284,0.0876264760510543,488.0248137082241,3.1499318534555334
lng,SMRCCS,BEC,solar,SMRCCS_H_BEC_C_solar_E,South Africa,1,2024,325.25890869973006,590.3596503157921,915.618559015522,-1.3313809766234774,36.05304361240747,0.0488776508666503,12.135525238045703,0.05672,33.55415330584088,0.1154372842719738,997.361281171816,-1.1103460414848532
lng,SMRCCS,BEC,solar,SMRCCS_H_BEC_C_solar_E,Taiwan,1,2024,320.0408513409108,1312.2900434039293,1632.3308947448402,-1.3313809766234774,8.910824241692303,0.0120805378015195,18.45634568877224,0.05088,11.47902285922631,0.0394916007233694,1671.177087534531,-1.2289288380985885
lng,SMRCCS,BEC,solar,SMRCCS_H_BEC_C_solar_E,Switzerland,1,2024,384.39689209968094,5477.496414619069,5861.89330671875,-1.3313809766234774,17.100979796499654,0.0231840542772731,28.47289346314492,0.00296,44.32471484340281,0.1524915458606248,5951.7918948217975,-1.1527453764855795
lng,SMRCCS,BEC,solar,SMRCCS_H_BEC_C_solar_E,Singapore,1,2024,321.7802037938506,5864.455938720085,6186.236142513936,-1.3313809766234774,0.6614965722328433,0.0008968008042448,27.9227388718634,0.03992,0.0,0.0,6214.820377958033,-1.2905641758192328
lng,SMRCCS,BEC,solar,SMRCCS_H_BEC_C_solar_E,Hungary,1,2024,313.0834415291519,2209.773714479498,2522.8571560086493,-1.3313809766234774,27.122186571715517,0.0367699542996764,20.75077295640763,0.01464,43.160799677088185,0.148487296231744,2613.890915213861,-1.131483726092057
lng,SMRCCS,BEC,solar,SMRCCS_H_BEC_C_solar_E,Philippines,1,2024,311.34408907621213,1292.346654205195,1603.6907432814069,-1.3313809766234774,14.30847482008127,0.0193982134825784,16.72437977331648,0.04904,8.862436757554681,0.0304896869844766,1643.5860346323593,-1.2324530761564225
lng,SMRCCS,BEC,solar,SMRCCS_H_BEC_C_solar_E,Netherlands,1,2024,356.5672528526452,3756.4472377163,4113.014490568945,-1.3313809766234774,6.791636792605323,0.0092075236568326,24.05060253368647,0.02024,57.04210191937808,0.196243525345994,4200.898831814615,-1.1056899276206509
lng,SMRCCS,BEC,solar,SMRCCS_H_BEC_C_solar_E,Norway,1,2024,394.8330068173193,2852.5761071572915,3247.4091139746106,-1.3313809766234774,31.586172849052392,0.0428218473127285,15.911252561691846,0.00248,60.53321201401219,0.2082540882335661,3355.439751399367,-1.0778250410771828
lng,SMRCCS,BEC,solar,SMRCCS_H_BEC_C_solar_E,Oman,1,2024,332.21631851148896,299.89117191100934,632.1074904224984,-1.3313809766234774,26.719103995420006,0.0362234892176598,21.12109797041032,0.0436,22.014936016547047,0.0757385949812978,701.9626284048758,-1.1758188924245196
lng,SMRCCS,BEC,solar,SMRCCS_H_BEC_C_solar_E,Italy,1,2024,333.9556709644287,4165.894885035358,4499.850555999787,-1.3313809766234774,16.85127746633886,0.0228455290907342,41.78749115350147,0.0230399999999999,43.481610772211546,0.1495909915402742,4601.970935391839,-1.1359044559924691
lng,SMRCCS,BEC,solar,SMRCCS_H_BEC_C_solar_E,Austria,1,2024,361.7853102114644,3549.020513834215,3910.8058240456794,-1.3313809766234774,13.684414387924436,0.018552165413778,28.929782082959928,0.0082399999999999,43.481610772211546,0.1495909915402742,3996.901631288775,-1.1549978196694255
lng,SMRCCS,BEC,solar,SMRCCS_H_BEC_C_solar_E,Finland,1,2024,375.7001298349823,3811.188700066158,4186.8888299011405,-1.3313809766234774,27.22434438169863,0.0369084511717668,15.940927547689158,0.0057599999999999,64.56110391457831,0.2221113564562004,4294.615205745106,-1.0666011689955104
lng,SMRCCS,BEC,solar,SMRCCS_H_BEC_C_solar_E,Portugal,1,2024,316.56214643503137,3229.7565119845353,3546.318658419567,-1.3313809766234774,12.817872374283043,0.0173773814354991,16.803559322589937,0.00896,49.423540753857885,0.1700331780607748,3625.363630870298,-1.1350104171272033
lng,SMRCCS,BEC,solar,SMRCCS_H_BEC_C_solar_E,Germany,1,2024,358.3066053055849,3319.645951078853,3677.952556384438,-1.3313809766234774,19.948978931930707,0.0270451293339769,28.316995716777623,0.02752,58.34583735079685,0.2007288025109504,3784.5643683839435,-1.0760870447785502
lng,SMRCCS,BEC,solar,SMRCCS_H_BEC_C_solar_E,Greece,1,2024,320.0408513409108,1804.5069312267824,2124.547782567693,-1.3313809766234774,11.184540606351485,0.0151630491100337,24.136345688772245,0.0256,38.655294480858075,0.1329868817410128,2198.523963343675,-1.157631045772431
lng,SMRCCS,BEC,solar,SMRCCS_H_BEC_C_solar_E,France,1,2024,351.349195493826,3653.8793621621303,4005.2285576559566,-1.3313809766234774,23.213504505882067,0.031470895517943,20.531422984413005,0.0035199999999999,55.74270322845311,0.1917731679896417,4104.716188374705,-1.1046169131158927
lng,SMRCCS,BEC,solar,SMRCCS_H_BEC_C_solar_E,Brazil,1,2024,320.0408513409108,3540.159244944071,3860.2000962849816,-1.3313809766234774,102.99809327173692,0.1396360567221048,15.176345688772244,0.0082399999999999,61.4418912346397,0.2113802425593065,4039.8164264801303,-0.9721246773420662
lng,SMRCCS,BEC,solar,SMRCCS_H_BEC_C_solar_E,United Kingdom,1,2024,370.482072476163,2740.50140694138,3110.983479417543,-1.3313809766234774,18.53994207479783,0.0251348769763235,40.9817479984157,0.01688,55.355200589122006,0.1904400319118252,3225.8603700798785,-1.0989260677353287
lng,SMRCCS,BEC,solar,SMRCCS_H_BEC_C_solar_E,Spain,1,2024,323.5195562467903,2687.323958340579,3010.843514587369,-1.3313809766234774,31.30247157646122,0.042437229251041,15.949132054954552,0.01168,47.66906092425297,0.1639971924409472,3105.764179143038,-1.1132665549314893
lng,SMRCCS,BEC,solar,SMRCCS_H_BEC_C_solar_E,Sweden,1,2024,382.6575396467412,5548.005304585622,5930.662844232364,-1.3313809766234774,33.07840154431364,0.0448448840905465,11.52280028005377,0.0028799999999999,60.07194265084708,0.2066671704497585,6035.335988707578,-1.0769889220831725
lng,SMRCCS,BEC,solar,SMRCCS_H_BEC_C_solar_E,Czech Republic,1,2024,316.56214643503137,2737.6132613515024,3054.175407786534,-1.3313809766234774,29.505004291634744,0.0400003759485437,23.283559322589937,0.03312,43.481610772211546,0.1495909915402742,3150.4455821729703,-1.1086696091346595
lng,SMRCCS,BEC,solar,SMRCCS_H_BEC_C_solar_E,Japan,1,2024,375.7001298349823,2916.6695257532465,3292.369655588229,-1.3313809766234774,12.977661099092396,0.0175940094014379,22.260927547689153,0.03856,20.26636492616301,0.0697229373608958,3347.874609161174,-1.2055040298611437
lng,SMRCCS,BEC,solar,SMRCCS_H_BEC_C_solar_E,Belgium,1,2024,356.5672528526452,2240.447736425592,2597.014989278237,-1.3313809766234774,4.233422153209155,0.0057393137788924,26.37060253368647,0.01104,56.92766564566551,0.1958498270595502,2684.546679610798,-1.118751835785035
lng,SMRCCS,BEC,solar,SMRCCS_H_BEC_C_solar_E,Poland,1,2024,321.7802037938506,3089.982814250852,3411.763018044702,-1.3313809766234774,16.004410049511293,0.0216974182578447,37.9227388718634,0.0492,62.56524212252678,0.2152449377760272,3528.2554090886033,-1.0452386205896056
lng,SMRCCS,BEC,solar,SMRCCS_H_BEC_C_solar_E,India,1,2024,307.86538417033273,1993.0139353421623,2300.8793195124954,-1.3313809766234774,43.369031669780384,0.0587960453816087,14.831593407134172,0.0566399999999999,10.59373146967094,0.0364459082015484,2369.6736760590807,-1.1794990230403204
lng,SMRCCS,BEC,solar,SMRCCS_H_BEC_C_solar_E,Indonesia,1,2024,280.035744923297,3132.34809534794,3412.383840271237,-1.3313809766234774,21.19081700585028,0.0287287077985997,9.929302477675712,0.05168,7.786346387408373,0.0267875834377514,3451.2903061421716,-1.2241846853871265
lng,SMRCCS,BEC,solar,SMRCCS_H_BEC_C_solar_E,South Korea,1,2024,326.9982611526697,2303.663717796705,2630.6619789493748,-1.3313809766234774,10.383993350619884,0.0140777352128614,14.241918421136855,0.03312,17.624287275172158,0.0606333243378496,2672.9121779963034,-1.2235499170727664
lng,SMRCCS,BEC,solar,SMRCCS_H_BEC_C_solar_E,China,1,2024,318.3014988879711,1973.55974507691,2291.8612439648814,-1.3313809766234774,117.07828218326276,0.1587247795814752,12.189952505681092,0.0448,14.848698549059618,0.0510843894600154,2435.9781772028846,-1.0767718075819868
lng,SMRCCS,BEC,solar,SMRCCS_H_BEC_C_solar_E,United Arab Emirates,1,2024,332.21631851148896,271.8078181816945,604.0241366931834,-1.3313809766234774,15.525975735670064,0.0210487976973739,13.84109797041032,0.03064,22.944322992857888,0.0789359907732634,656.3355333921218,-1.2007561881528401
lng,SMRCCS,BEC,solar,SMRCCS_H_BEC_C_solar_E,United States,1,2024,347.87049058794656,1376.9061700659984,1724.7766606539449,-1.3313809766234774,115.88348476726244,0.1571049748408973,17.038636618230697,0.03072,52.95862996936256,0.1821950435376774,1910.6574120088005,-0.9613609582449028
lng,SMRCCS,BEC,solar,SMRCCS_H_BEC_C_solar_E,Turkey,1,2024,318.3014988879711,1213.075050022724,1531.376548910695,-1.3313809766234774,14.367053340775968,0.0194776292598864,16.749952505681094,0.0376,37.32981905913191,0.1284268118844242,1599.823373816284,-1.1458765354791667
lng,SMRCCS,BEC,solar,SMRCCS_H_BEC_C_solar_E,Australia,1,2024,356.5672528526452,1716.678530347723,2073.2457832003684,-1.3313809766234774,117.82066045617007,0.1597312329179604,24.130602533686467,0.04416,11.901612906537595,0.0409454489840402,2227.0986590967627,-1.086544294721477
lng,SMRCCS,BEC,solar,SMRCCS_H_BEC_C_solar_E,Malaysia,1,2024,304.3866792644532,1115.949819860306,1420.3364991247593,-1.3313809766234774,22.36137877654277,0.0303156559120751,14.858807040951865,0.04832,0.0,0.0,1457.556684942254,-1.2527453207114023
lng,SMRCCS,BEC,solar,SMRCCS_H_BEC_C_solar_E,Canada,1,2024,354.82790039970547,944.4093300642944,1299.2372304639998,-1.3313809766234774,118.11484173619228,0.1601300588825865,13.944209350595314,0.0139999999999999,49.584341405335,0.1705863850019987,1480.8806229561224,-0.9866645327388924
lng,SMRCCS,BEC,solar,SMRCCS_H_BEC_C_solar_E,Mexico,1,2024,306.12603171739295,723.1631980017432,1029.289229719136,-1.3313809766234774,70.584838283883,0.0956929217740524,21.525200224043015,0.042,64.86002495922516,0.2231397428169365,1186.2592931862873,-0.9705483120324886
lng,SMRCCS,BEC,solar,SMRCCS_H_BEC_C_solar_E,Thailand,1,2024,309.6047366232724,1187.1344085785822,1496.7391452018546,-1.3313809766234774,16.66138756714907,0.0225880925121339,15.017986590225323,0.04432,5.453041263376516,0.0187602491032793,1533.8715606226056,-1.2457126350080643
lng,SMRCCS,BEC,solar,SMRCCS_H_BEC_C_solar_E,Russia,1,2024,328.7376136056095,542.8928755952766,871.6304892008861,-1.3313809766234774,217.03008950143004,0.2942309408395722,12.188311604228012,0.03592,21.725117197756443,0.0747415232606332,1122.5740075043004,-0.926488512523272
lng,SMRCCS,BEC,solar,SMRCCS_H_BEC_C_solar_E,Saudi Arabia,1,2024,332.21631851148896,293.19681068165863,625.4131291931476,-1.3313809766234774,38.75836749584844,0.0525452989486706,10.48109797041032,0.04416,25.47038618944284,0.0876264760510543,700.1229808488492,-1.1470492016237526
lng,BG,BG,solar,BG_H_C_solar_E,South Africa,1,2024,294.96702578968717,766.115067135099,1061.082092924786,-1.7788154251235555,36.05304361240747,0.0488776508666503,12.135525238045703,0.05672,33.55415330584088,0.1154372842719738,1142.8248150810798,-1.5577804899849315
lng,BG,BG,solar,BG_H_C_solar_E,Taiwan,1,2024,290.23493446685796,809.0028528602767,1099.2377873271346,-1.7788154251235555,8.910824241692303,0.0120805378015195,18.45634568877224,0.05088,11.47902285922631,0.0394916007233694,1138.0839801168254,-1.6763632865986666
lng,BG,BG,solar,BG_H_C_solar_E,Switzerland,1,2024,348.59739411508485,1313.759884852415,1662.3572789675002,-1.7788154251235555,17.100979796499654,0.0231840542772731,28.47289346314492,0.00296,44.32471484340281,0.1524915458606248,1752.2558670705473,-1.6001798249856576
lng,BG,BG,solar,BG_H_C_solar_E,Singapore,1,2024,291.8122982411344,1239.4505892413808,1531.2628874825152,-1.7788154251235555,0.6614965722328433,0.0008968008042448,27.9227388718634,0.03992,0.0,0.0,1559.8471229266115,-1.7379986243193108
lng,BG,BG,solar,BG_H_C_solar_E,Hungary,1,2024,283.9254793697524,909.8095159819408,1193.7349953516932,-1.7788154251235555,27.122186571715517,0.0367699542996764,20.75077295640763,0.01464,43.160799677088185,0.148487296231744,1284.7687545569045,-1.578918174592135
lng,BG,BG,solar,BG_H_C_solar_E,Philippines,1,2024,282.348115595476,798.5483703536465,1080.8964859491225,-1.7788154251235555,14.30847482008127,0.0193982134825784,16.72437977331648,0.04904,8.862436757554681,0.0304896869844766,1120.791777300075,-1.6798875246565006
lng,BG,BG,solar,BG_H_C_solar_E,Netherlands,1,2024,323.35957372666235,1096.877538496858,1420.2371122235204,-1.7788154251235555,6.791636792605323,0.0092075236568326,24.05060253368647,0.02024,57.04210191937808,0.196243525345994,1508.1214534691903,-1.553124376120729
lng,BG,BG,solar,BG_H_C_solar_E,Norway,1,2024,358.06157676074326,1089.2453826523297,1447.3069594130727,-1.7788154251235555,31.586172849052392,0.0428218473127285,15.911252561691846,0.00248,60.53321201401219,0.2082540882335661,1555.337596837829,-1.5252594895772609
lng,BG,BG,solar,BG_H_C_solar_E,Oman,1,2024,301.2764808867928,730.3224357182149,1031.5989166050076,-1.7788154251235555,26.719103995420006,0.0362234892176598,21.12109797041032,0.0436,22.014936016547047,0.0757385949812978,1101.4540545873851,-1.6232533409245977
lng,BG,BG,solar,BG_H_C_solar_E,Italy,1,2024,302.85384466106916,1117.359271933535,1420.213116594604,-1.7788154251235555,16.85127746633886,0.0228455290907342,41.78749115350147,0.0230399999999999,43.481610772211546,0.1495909915402742,1522.3334959866556,-1.5833389044925472
lng,BG,BG,solar,BG_H_C_solar_E,Austria,1,2024,328.0916650494916,1096.472893047289,1424.5645580967807,-1.7788154251235555,13.684414387924436,0.018552165413778,28.929782082959928,0.0082399999999999,43.481610772211546,0.1495909915402742,1510.6603653398765,-1.6024322681695036
lng,BG,BG,solar,BG_H_C_solar_E,Finland,1,2024,340.71057524370286,1135.8590808181443,1476.5696560618474,-1.7788154251235555,27.22434438169863,0.0369084511717668,15.940927547689158,0.0057599999999999,64.56110391457831,0.2221113564562004,1584.2960319058134,-1.5140356174955882
lng,BG,BG,solar,BG_H_C_solar_E,Portugal,1,2024,287.0802069183052,974.7074192834622,1261.7876262017674,-1.7788154251235555,12.817872374283043,0.0173773814354991,16.803559322589937,0.00896,49.423540753857885,0.1700331780607748,1340.8325986524983,-1.5824448656272814
lng,BG,BG,solar,BG_H_C_solar_E,Germany,1,2024,324.93693750093877,1090.3372343870735,1415.2741718880122,-1.7788154251235555,19.948978931930707,0.0270451293339769,28.316995716777623,0.02752,58.34583735079685,0.2007288025109504,1521.8859838875176,-1.5235214932786283
lng,BG,BG,solar,BG_H_C_solar_E,Greece,1,2024,290.23493446685796,873.299819474498,1163.534753941356,-1.7788154251235555,11.184540606351485,0.0151630491100337,24.136345688772245,0.0256,38.655294480858075,0.1329868817410128,1237.510934717338,-1.6050654942725089
lng,BG,BG,solar,BG_H_C_solar_E,France,1,2024,318.6274824038332,1091.230666755619,1409.8581491594523,-1.7788154251235555,23.213504505882067,0.031470895517943,20.531422984413005,0.0035199999999999,55.74270322845311,0.1917731679896417,1509.3457798782006,-1.5520513616159708
lng,BG,BG,solar,BG_H_C_solar_E,Brazil,1,2024,290.23493446685796,997.7664460792706,1288.0013805461283,-1.7788154251235555,102.99809327173692,0.1396360567221048,15.176345688772244,0.0082399999999999,61.4418912346397,0.2113802425593065,1467.6177107412773,-1.4195591258421443
lng,BG,BG,solar,BG_H_C_solar_E,United Kingdom,1,2024,335.9784839208736,1004.509509995686,1340.4879939165596,-1.7788154251235555,18.53994207479783,0.0251348769763235,40.9817479984157,0.01688,55.355200589122006,0.1904400319118252,1455.3648845788953,-1.5463605162354068
lng,BG,BG,solar,BG_H_C_solar_E,Spain,1,2024,293.38966201541075,963.6270065660442,1257.016668581455,-1.7788154251235555,31.30247157646122,0.042437229251041,15.949132054954552,0.01168,47.66906092425297,0.1639971924409472,1351.9373331371237,-1.5607010034315674
lng,BG,BG,solar,BG_H_C_solar_E,Sweden,1,2024,347.0200303408085,1283.9491672213844,1630.969197562193,-1.7788154251235555,33.07840154431364,0.0448448840905465,11.52280028005377,0.0028799999999999,60.07194265084708,0.2066671704497585,1735.6423420374076,-1.5244233705832506
lng,BG,BG,solar,BG_H_C_solar_E,Czech Republic,1,2024,287.0802069183052,946.8987889446004,1233.978995862905,-1.7788154251235555,29.505004291634744,0.0400003759485437,23.283559322589937,0.03312,43.481610772211546,0.1495909915402742,1330.2491702493414,-1.5561040576347376
lng,BG,BG,solar,BG_H_C_solar_E,Japan,1,2024,340.71057524370286,1031.628402511943,1372.3389777556458,-1.7788154251235555,12.977661099092396,0.0175940094014379,22.260927547689153,0.03856,20.26636492616301,0.0697229373608958,1427.8439313285903,-1.6529384783612218
lng,BG,BG,solar,BG_H_C_solar_E,Belgium,1,2024,323.35957372666235,1031.949868130299,1355.3094418569613,-1.7788154251235555,4.233422153209155,0.0057393137788924,26.37060253368647,0.01104,56.92766564566551,0.1958498270595502,1442.8411321895223,-1.566186284285113
lng,BG,BG,solar,BG_H_C_solar_E,Poland,1,2024,291.8122982411344,997.3363916081228,1289.1486898492572,-1.7788154251235555,16.004410049511293,0.0216974182578447,37.9227388718634,0.0492,62.56524212252678,0.2152449377760272,1405.6410808931587,-1.4926730690896837
lng,BG,BG,solar,BG_H_C_solar_E,India,1,2024,279.19338804692313,846.955976417632,1126.1493644645552,-1.7788154251235555,43.369031669780384,0.0587960453816087,14.831593407134172,0.0566399999999999,10.59373146967094,0.0364459082015484,1194.9437210111407,-1.6269334715403985
lng,BG,BG,solar,BG_H_C_solar_E,Indonesia,1,2024,253.95556765850068,948.022383221214,1201.9779508797146,-1.7788154251235555,21.19081700585028,0.0287287077985997,9.929302477675712,0.05168,7.786346387408373,0.0267875834377514,1240.884416750649,-1.6716191338872046
lng,BG,BG,solar,BG_H_C_solar_E,South Korea,1,2024,296.54438956396353,947.3895312927308,1243.9339208566944,-1.7788154251235555,10.383993350619884,0.0140777352128614,14.241918421136855,0.03312,17.624287275172158,0.0606333243378496,1286.1841199036235,-1.6709843655728445
lng,BG,BG,solar,BG_H_C_solar_E,China,1,2024,288.6575706925816,845.7152218722165,1134.372792564798,-1.7788154251235555,117.07828218326276,0.1587247795814752,12.189952505681092,0.0448,14.848698549059618,0.0510843894600154,1278.4897258028013,-1.5242062560820648
lng,BG,BG,solar,BG_H_C_solar_E,United Arab Emirates,1,2024,301.2764808867928,715.7046263367262,1016.981107223519,-1.7788154251235555,15.525975735670064,0.0210487976973739,13.84109797041032,0.03064,22.944322992857888,0.0789359907732634,1069.2925039224574,-1.6481906366529182
lng,BG,BG,solar,BG_H_C_solar_E,United States,1,2024,315.47275485528036,916.9929563158854,1232.4657111711658,-1.7788154251235555,115.88348476726244,0.1571049748408973,17.038636618230697,0.03072,52.95862996936256,0.1821950435376774,1418.3464625260215,-1.4087954067449808
lng,BG,BG,solar,BG_H_C_solar_E,Turkey,1,2024,288.6575706925816,820.0181370578612,1108.6757077504428,-1.7788154251235555,14.367053340775968,0.0194776292598864,16.749952505681094,0.0376,37.32981905913191,0.1284268118844242,1177.1225326560318,-1.5933109839792448
lng,BG,BG,solar,BG_H_C_solar_E,Australia,1,2024,323.35957372666235,928.6620087790212,1252.0215825056837,-1.7788154251235555,117.82066045617007,0.1597312329179604,24.130602533686467,0.04416,11.901612906537595,0.0409454489840402,1405.8744584020778,-1.533978743221555
lng,BG,BG,solar,BG_H_C_solar_E,Malaysia,1,2024,276.03866049837035,789.7966180184237,1065.835278516794,-1.7788154251235555,22.36137877654277,0.0303156559120751,14.858807040951865,0.04832,0.0,0.0,1103.0554643342887,-1.7001797692114804
lng,BG,BG,solar,BG_H_C_solar_E,Canada,1,2024,321.782209952386,879.2078123687361,1200.990022321122,-1.7788154251235555,118.11484173619228,0.1601300588825865,13.944209350595314,0.0139999999999999,49.584341405335,0.1705863850019987,1382.6334148132446,-1.4340989812389706
lng,BG,BG,solar,BG_H_C_solar_E,Mexico,1,2024,277.61602427264677,762.6837619955703,1040.299786268217,-1.7788154251235555,70.584838283883,0.0956929217740524,21.525200224043015,0.042,64.86002495922516,0.2231397428169365,1197.2698497353683,-1.4179827605325666
lng,BG,BG,solar,BG_H_C_solar_E,Thailand,1,2024,280.77075182119955,784.5449174977007,1065.3156693189003,-1.7788154251235555,16.66138756714907,0.0225880925121339,15.017986590225323,0.04432,5.453041263376516,0.0187602491032793,1102.4480847396512,-1.6931470835081424
lng,BG,BG,solar,BG_H_C_solar_E,Russia,1,2024,298.12175333823996,766.7108193497145,1064.8325726879543,-1.7788154251235555,217.03008950143004,0.2942309408395722,12.188311604228012,0.03592,21.725117197756443,0.0747415232606332,1315.7760909913686,-1.37392296102335
lng,BG,BG,solar,BG_H_C_solar_E,Saudi Arabia,1,2024,301.2764808867928,726.3211594961537,1027.5976403829463,-1.7788154251235555,38.75836749584844,0.0525452989486706,10.48109797041032,0.04416,25.47038618944284,0.0876264760510543,1102.307492038648,-1.5944836501238306
lng,ATRCCS,DAC,solar,ATRCCS_H_DAC_C_solar_E,South Africa,1,2024,282.2603481762618,1046.5943123418544,1328.8546605181164,-1.4889709749647169,36.05304361240747,0.0488776508666503,12.135525238045703,0.05672,33.55415330584088,0.1154372842719738,1410.5973826744103,-1.2679360398260928
lng,ATRCCS,DAC,solar,ATRCCS_H_DAC_C_solar_E,Taiwan,1,2024,277.73210729642864,1655.4062063076872,1933.138313604116,-1.4889709749647169,8.910824241692303,0.0120805378015195,18.45634568877224,0.05088,11.47902285922631,0.0394916007233694,1971.984506393807,-1.386518836439828
lng,ATRCCS,DAC,solar,ATRCCS_H_DAC_C_solar_E,Switzerland,1,2024,333.58041148103655,5253.858666597051,5587.439078078087,-1.4889709749647169,17.100979796499654,0.0231840542772731,28.47289346314492,0.00296,44.32471484340281,0.1524915458606248,5677.337666181134,-1.310335374826819
lng,ATRCCS,DAC,solar,ATRCCS_H_DAC_C_solar_E,Singapore,1,2024,279.2415209230397,5590.356134781761,5869.597655704801,-1.4889709749647169,0.6614965722328433,0.0008968008042448,27.9227388718634,0.03992,0.0,0.0,5898.181891148897,-1.4481541741604722
lng,ATRCCS,DAC,solar,ATRCCS_H_DAC_C_solar_E,Hungary,1,2024,271.69445278998455,2454.3778614657067,2726.0723142556913,-1.4889709749647169,27.122186571715517,0.0367699542996764,20.75077295640763,0.01464,43.160799677088185,0.148487296231744,2817.1060734609027,-1.2890737244332964
lng,ATRCCS,DAC,solar,ATRCCS_H_DAC_C_solar_E,Philippines,1,2024,270.1850391633735,1648.0681122103656,1918.253151373739,-1.4889709749647169,14.30847482008127,0.0193982134825784,16.72437977331648,0.04904,8.862436757554681,0.0304896869844766,1958.1484427246914,-1.390043074497662
lng,ATRCCS,DAC,solar,ATRCCS_H_DAC_C_solar_E,Netherlands,1,2024,309.42979345526015,3766.61819866942,4076.04799212468,-1.4889709749647169,6.791636792605323,0.0092075236568326,24.05060253368647,0.02024,57.04210191937808,0.196243525345994,4163.9323333703505,-1.2632799259618903
lng,ATRCCS,DAC,solar,ATRCCS_H_DAC_C_solar_E,Norway,1,2024,342.63689324070276,3003.6451235796135,3346.282016820316,-1.4889709749647169,31.586172849052392,0.0428218473127285,15.911252561691846,0.00248,60.53321201401219,0.2082540882335661,3454.3126542450727,-1.2354150394184222
lng,ATRCCS,DAC,solar,ATRCCS_H_DAC_C_solar_E,Oman,1,2024,288.2980026827058,775.6219792242491,1063.919981906955,-1.4889709749647169,26.719103995420006,0.0362234892176598,21.12109797041032,0.0436,22.014936016547047,0.0757385949812978,1133.7751198893325,-1.333408890765759
lng,ATRCCS,DAC,solar,ATRCCS_H_DAC_C_solar_E,Italy,1,2024,289.8074163093168,4124.209159538502,4414.016575847819,-1.4889709749647169,16.85127746633886,0.0228455290907342,41.78749115350147,0.0230399999999999,43.481610772211546,0.1495909915402742,4516.136955239871,-1.2934944543337086
lng,ATRCCS,DAC,solar,ATRCCS_H_DAC_C_solar_E,Austria,1,2024,313.95803433509326,3592.511676862456,3906.4697111975497,-1.4889709749647169,13.684414387924436,0.018552165413778,28.929782082959928,0.0082399999999999,43.481610772211546,0.1495909915402742,3992.5655184406455,-1.312587818010665
lng,ATRCCS,DAC,solar,ATRCCS_H_DAC_C_solar_E,Finland,1,2024,326.0333433479815,3830.9278902137767,4156.9612335617585,-1.4889709749647169,27.22434438169863,0.0369084511717668,15.940927547689158,0.0057599999999999,64.56110391457831,0.2221113564562004,4264.687609405724,-1.2241911673367496
lng,ATRCCS,DAC,solar,ATRCCS_H_DAC_C_solar_E,Portugal,1,2024,274.7132800432066,3304.93663428674,3579.649914329947,-1.4889709749647169,12.817872374283043,0.0173773814354991,16.803559322589937,0.00896,49.423540753857885,0.1700331780607748,3658.694886780678,-1.2926004154684427
lng,ATRCCS,DAC,solar,ATRCCS_H_DAC_C_solar_E,Germany,1,2024,310.93920708187125,3387.2172104152432,3698.1564174971145,-1.4889709749647169,19.948978931930707,0.0270451293339769,28.316995716777623,0.02752,58.34583735079685,0.2007288025109504,3804.76822949662,-1.2336770431197897
lng,ATRCCS,DAC,solar,ATRCCS_H_DAC_C_solar_E,Greece,1,2024,277.73210729642864,2081.5636374169894,2359.295744713418,-1.4889709749647169,11.184540606351485,0.0151630491100337,24.136345688772245,0.0256,38.655294480858075,0.1329868817410128,2433.2719254894,-1.3152210441136702
lng,ATRCCS,DAC,solar,ATRCCS_H_DAC_C_solar_E,France,1,2024,304.9015525754271,3674.843508322816,3979.745060898243,-1.4889709749647169,23.213504505882067,0.031470895517943,20.531422984413005,0.0035199999999999,55.74270322845311,0.1917731679896417,4079.2326916169914,-1.2622069114571322
lng,ATRCCS,DAC,solar,ATRCCS_H_DAC_C_solar_E,Brazil,1,2024,277.73210729642864,3587.0801097889007,3864.8122170853294,-1.4889709749647169,102.99809327173692,0.1396360567221048,15.176345688772244,0.0082399999999999,61.4418912346397,0.2113802425593065,4044.428547280478,-1.1297146756833056
lng,ATRCCS,DAC,solar,ATRCCS_H_DAC_C_solar_E,United Kingdom,1,2024,321.5051024681483,2894.551855200527,3216.0569576686753,-1.4889709749647169,18.53994207479783,0.0251348769763235,40.9817479984157,0.01688,55.355200589122006,0.1904400319118252,3330.9338483310107,-1.2565160660765682
lng,ATRCCS,DAC,solar,ATRCCS_H_DAC_C_solar_E,Spain,1,2024,280.75093454965065,2832.1595870014835,3112.910521551134,-1.4889709749647169,31.30247157646122,0.042437229251041,15.949132054954552,0.01168,47.66906092425297,0.1639971924409472,3207.8311861068028,-1.2708565532727287
lng,ATRCCS,DAC,solar,ATRCCS_H_DAC_C_solar_E,Sweden,1,2024,332.07099785442557,5329.325327396131,5661.396325250556,-1.4889709749647169,33.07840154431364,0.0448448840905465,11.52280028005377,0.0028799999999999,60.07194265084708,0.2066671704497585,5766.06946972577,-1.234578920424412
lng,ATRCCS,DAC,solar,ATRCCS_H_DAC_C_solar_E,Czech Republic,1,2024,274.7132800432066,2881.910404942448,3156.623684985655,-1.4889709749647169,29.505004291634744,0.0400003759485437,23.283559322589937,0.03312,43.481610772211546,0.1495909915402742,3252.8938593720914,-1.266259607475899
lng,ATRCCS,DAC,solar,ATRCCS_H_DAC_C_solar_E,Japan,1,2024,326.0333433479815,3077.5789265375893,3403.61226988557,-1.4889709749647169,12.977661099092396,0.0175940094014379,22.260927547689153,0.03856,20.26636492616301,0.0697229373608958,3459.117223458515,-1.3630940282023831
lng,ATRCCS,DAC,solar,ATRCCS_H_DAC_C_solar_E,Belgium,1,2024,309.42979345526015,2477.9857354456,2787.41552890086,-1.4889709749647169,4.233422153209155,0.0057393137788924,26.37060253368647,0.01104,56.92766564566551,0.1958498270595502,2874.947219233421,-1.2763418341262744
lng,ATRCCS,DAC,solar,ATRCCS_H_DAC_C_solar_E,Poland,1,2024,279.2415209230397,3223.8126257939734,3503.0541467170133,-1.4889709749647169,16.004410049511293,0.0216974182578447,37.9227388718634,0.0492,62.56524212252678,0.2152449377760272,3619.5465377609144,-1.202828618930845
lng,ATRCCS,DAC,solar,ATRCCS_H_DAC_C_solar_E,India,1,2024,267.1662119101515,2249.849289424136,2517.0155013342874,-1.4889709749647169,43.369031669780384,0.0587960453816087,14.831593407134172,0.0566399999999999,10.59373146967094,0.0364459082015484,2585.8098578808726,-1.3370890213815598
lng,ATRCCS,DAC,solar,ATRCCS_H_DAC_C_solar_E,Indonesia,1,2024,243.01559388437505,3244.328581572868,3487.344175457243,-1.4889709749647169,21.19081700585028,0.0287287077985997,9.929302477675712,0.05168,7.786346387408373,0.0267875834377514,3526.2506413281776,-1.381774683728366
lng,ATRCCS,DAC,solar,ATRCCS_H_DAC_C_solar_E,South Korea,1,2024,283.7697618028727,2529.910025747169,2813.679787550042,-1.4889709749647169,10.383993350619884,0.0140777352128614,14.241918421136855,0.03312,17.624287275172158,0.0606333243378496,2855.9299865969706,-1.3811399154140058
lng,ATRCCS,DAC,solar,ATRCCS_H_DAC_C_solar_E,China,1,2024,276.2226936698176,2224.559579900278,2500.7822735700956,-1.4889709749647169,117.07828218326276,0.1587247795814752,12.189952505681092,0.0448,14.848698549059618,0.0510843894600154,2644.899206808099,-1.2343618059232262
lng,ATRCCS,DAC,solar,ATRCCS_H_DAC_C_solar_E,United Arab Emirates,1,2024,288.2980026827058,743.3515045011454,1031.6495071838513,-1.4889709749647169,15.525975735670064,0.0210487976973739,13.84109797041032,0.03064,22.944322992857888,0.0789359907732634,1083.9609038827896,-1.3583461864940796
lng,ATRCCS,DAC,solar,ATRCCS_H_DAC_C_solar_E,United States,1,2024,301.88272532220503,1715.0776832027702,2016.9604085249753,-1.4889709749647169,115.88348476726244,0.1571049748408973,17.038636618230697,0.03072,52.95862996936256,0.1821950435376774,2202.8411598798307,-1.1189509565861422
lng,ATRCCS,DAC,solar,ATRCCS_H_DAC_C_solar_E,Turkey,1,2024,276.2226936698176,1595.897992424685,1872.1206860945024,-1.4889709749647169,14.367053340775968,0.0194776292598864,16.749952505681094,0.0376,37.32981905913191,0.1284268118844242,1940.5675110000914,-1.3034665338204061
lng,ATRCCS,DAC,solar,ATRCCS_H_DAC_C_solar_E,Australia,1,2024,309.42979345526015,1989.0433317671764,2298.4731252224365,-1.4889709749647169,117.82066045617007,0.1597312329179604,24.130602533686467,0.04416,11.901612906537595,0.0409454489840402,2452.326001118831,-1.2441342930627164
lng,ATRCCS,DAC,solar,ATRCCS_H_DAC_C_solar_E,Malaysia,1,2024,264.14738465692943,1501.1732537800965,1765.3206384370258,-1.4889709749647169,22.36137877654277,0.0303156559120751,14.858807040951865,0.04832,0.0,0.0,1802.5408242545204,-1.4103353190526418
lng,ATRCCS,DAC,solar,ATRCCS_H_DAC_C_solar_E,Canada,1,2024,307.9203798286492,1362.108270798943,1670.0286506275922,-1.4889709749647169,118.11484173619228,0.1601300588825865,13.944209350595314,0.0139999999999999,49.584341405335,0.1705863850019987,1851.6720431197148,-1.144254531080132
lng,ATRCCS,DAC,solar,ATRCCS_H_DAC_C_solar_E,Mexico,1,2024,265.65679828354047,1161.9768777845318,1427.6336760680722,-1.4889709749647169,70.584838283883,0.0956929217740524,21.525200224043015,0.042,64.86002495922516,0.2231397428169365,1584.6037395352234,-1.128138310373728
lng,ATRCCS,DAC,solar,ATRCCS_H_DAC_C_solar_E,Thailand,1,2024,268.6756255367625,1554.1432204948503,1822.8188460316128,-1.4889709749647169,16.66138756714907,0.0225880925121339,15.017986590225323,0.04432,5.453041263376516,0.0187602491032793,1859.9512614523637,-1.4033026333493037
lng,ATRCCS,DAC,solar,ATRCCS_H_DAC_C_solar_E,Russia,1,2024,285.27917542948376,1023.5711736121468,1308.8503490416306,-1.4889709749647169,217.03008950143004,0.2942309408395722,12.188311604228012,0.03592,21.725117197756443,0.0747415232606332,1559.7938673450449,-1.0840785108645115
lng,ATRCCS,DAC,solar,ATRCCS_H_DAC_C_solar_E,Saudi Arabia,1,2024,288.2980026827058,772.3429814731593,1060.6409841558652,-1.4889709749647169,38.75836749584844,0.0525452989486706,10.48109797041032,0.04416,25.47038618944284,0.0876264760510543,1135.3508358115669,-1.304639199964992
lng,BG,DAC,solar,BG_H_DAC_C_solar_E,South Africa,1,2024,294.96702578968717,1316.1150671350993,1611.0820929247864,-1.5811828898893705,36.05304361240747,0.0488776508666503,12.135525238045703,0.05672,33.55415330584088,0.1154372842719738,1692.8248150810803,-1.3601479547507465
lng,BG,DAC,solar,BG_H_DAC_C_solar_E,Taiwan,1,2024,290.23493446685796,1359.0028528602766,1649.2377873271346,-1.5811828898893705,8.910824241692303,0.0120805378015195,18.45634568877224,0.05088,11.47902285922631,0.0394916007233694,1688.0839801168254,-1.4787307513644816
lng,BG,DAC,solar,BG_H_DAC_C_solar_E,Switzerland,1,2024,348.59739411508485,1863.759884852415,2212.3572789675,-1.5811828898893705,17.100979796499654,0.0231840542772731,28.47289346314492,0.00296,44.32471484340281,0.1524915458606248,2302.2558670705475,-1.4025472897514726
lng,BG,DAC,solar,BG_H_DAC_C_solar_E,Singapore,1,2024,291.8122982411344,1789.4505892413806,2081.262887482515,-1.5811828898893705,0.6614965722328433,0.0008968008042448,27.9227388718634,0.03992,0.0,0.0,2109.847122926611,-1.5403660890851258
lng,BG,DAC,solar,BG_H_DAC_C_solar_E,Hungary,1,2024,283.9254793697524,1459.809515981941,1743.7349953516934,-1.5811828898893705,27.122186571715517,0.0367699542996764,20.75077295640763,0.01464,43.160799677088185,0.148487296231744,1834.7687545569047,-1.38128563935795
lng,BG,DAC,solar,BG_H_DAC_C_solar_E,Philippines,1,2024,282.348115595476,1348.5483703536463,1630.8964859491225,-1.5811828898893705,14.30847482008127,0.0193982134825784,16.72437977331648,0.04904,8.862436757554681,0.0304896869844766,1670.791777300075,-1.4822549894223156
lng,BG,DAC,solar,BG_H_DAC_C_solar_E,Netherlands,1,2024,323.35957372666235,1646.877538496858,1970.2371122235204,-1.5811828898893705,6.791636792605323,0.0092075236568326,24.05060253368647,0.02024,57.04210191937808,0.196243525345994,2058.1214534691903,-1.355491840886544
lng,BG,DAC,solar,BG_H_DAC_C_solar_E,Norway,1,2024,358.06157676074326,1639.2453826523297,1997.306959413073,-1.5811828898893705,31.586172849052392,0.0428218473127285,15.911252561691846,0.00248,60.53321201401219,0.2082540882335661,2105.3375968378296,-1.3276269543430759
lng,BG,DAC,solar,BG_H_DAC_C_solar_E,Oman,1,2024,301.2764808867928,1280.322435718215,1581.5989166050078,-1.5811828898893705,26.719103995420006,0.0362234892176598,21.12109797041032,0.0436,22.014936016547047,0.0757385949812978,1651.4540545873854,-1.4256208056904127
lng,BG,DAC,solar,BG_H_DAC_C_solar_E,Italy,1,2024,302.85384466106916,1667.3592719335352,1970.2131165946043,-1.5811828898893705,16.85127746633886,0.0228455290907342,41.78749115350147,0.0230399999999999,43.481610772211546,0.1495909915402742,2072.333495986656,-1.3857063692583622
lng,BG,DAC,solar,BG_H_DAC_C_solar_E,Austria,1,2024,328.0916650494916,1646.4728930472893,1974.564558096781,-1.5811828898893705,13.684414387924436,0.018552165413778,28.929782082959928,0.0082399999999999,43.481610772211546,0.1495909915402742,2060.660365339877,-1.4047997329353186
lng,BG,DAC,solar,BG_H_DAC_C_solar_E,Finland,1,2024,340.71057524370286,1685.8590808181443,2026.5696560618471,-1.5811828898893705,27.22434438169863,0.0369084511717668,15.940927547689158,0.0057599999999999,64.56110391457831,0.2221113564562004,2134.2960319058134,-1.3164030822614032
lng,BG,DAC,solar,BG_H_DAC_C_solar_E,Portugal,1,2024,287.0802069183052,1524.7074192834623,1811.7876262017676,-1.5811828898893705,12.817872374283043,0.0173773814354991,16.803559322589937,0.00896,49.423540753857885,0.1700331780607748,1890.8325986524985,-1.3848123303930964
lng,BG,DAC,solar,BG_H_DAC_C_solar_E,Germany,1,2024,324.93693750093877,1640.337234387073,1965.274171888012,-1.5811828898893705,19.948978931930707,0.0270451293339769,28.316995716777623,0.02752,58.34583735079685,0.2007288025109504,2071.8859838875173,-1.3258889580444433
lng,BG,DAC,solar,BG_H_DAC_C_solar_E,Greece,1,2024,290.23493446685796,1423.299819474498,1713.534753941356,-1.5811828898893705,11.184540606351485,0.0151630491100337,24.136345688772245,0.0256,38.655294480858075,0.1329868817410128,1787.510934717338,-1.4074329590383239
lng,BG,DAC,solar,BG_H_DAC_C_solar_E,France,1,2024,318.6274824038332,1641.2306667556188,1959.858149159452,-1.5811828898893705,23.213504505882067,0.031470895517943,20.531422984413005,0.0035199999999999,55.74270322845311,0.1917731679896417,2059.3457798782,-1.3544188263817858
lng,BG,DAC,solar,BG_H_DAC_C_solar_E,Brazil,1,2024,290.23493446685796,1547.7664460792707,1838.0013805461288,-1.5811828898893705,102.99809327173692,0.1396360567221048,15.176345688772244,0.0082399999999999,61.4418912346397,0.2113802425593065,2017.6177107412777,-1.2219265906079593
lng,BG,DAC,solar,BG_H_DAC_C_solar_E,United Kingdom,1,2024,335.9784839208736,1554.509509995686,1890.4879939165592,-1.5811828898893705,18.53994207479783,0.0251348769763235,40.9817479984157,0.01688,55.355200589122006,0.1904400319118252,2005.3648845788948,-1.3487279810012218
lng,BG,DAC,solar,BG_H_DAC_C_solar_E,Spain,1,2024,293.38966201541075,1513.6270065660444,1807.0166685814552,-1.5811828898893705,31.30247157646122,0.042437229251041,15.949132054954552,0.01168,47.66906092425297,0.1639971924409472,1901.937333137124,-1.3630684681973824
lng,BG,DAC,solar,BG_H_DAC_C_solar_E,Sweden,1,2024,347.0200303408085,1833.9491672213849,2180.969197562193,-1.5811828898893705,33.07840154431364,0.0448448840905465,11.52280028005377,0.0028799999999999,60.07194265084708,0.2066671704497585,2285.6423420374076,-1.3267908353490656
lng,BG,DAC,solar,BG_H_DAC_C_solar_E,Czech Republic,1,2024,287.0802069183052,1496.8987889446005,1783.9789958629058,-1.5811828898893705,29.505004291634744,0.0400003759485437,23.283559322589937,0.03312,43.481610772211546,0.1495909915402742,1880.2491702493421,-1.3584715224005526
lng,BG,DAC,solar,BG_H_DAC_C_solar_E,Japan,1,2024,340.71057524370286,1581.6284025119437,1922.3389777556465,-1.5811828898893705,12.977661099092396,0.0175940094014379,22.260927547689153,0.03856,20.26636492616301,0.0697229373608958,1977.843931328591,-1.4553059431270368
lng,BG,DAC,solar,BG_H_DAC_C_solar_E,Belgium,1,2024,323.35957372666235,1581.9498681302994,1905.3094418569617,-1.5811828898893705,4.233422153209155,0.0057393137788924,26.37060253368647,0.01104,56.92766564566551,0.1958498270595502,1992.8411321895228,-1.368553749050928
lng,BG,DAC,solar,BG_H_DAC_C_solar_E,Poland,1,2024,291.8122982411344,1547.3363916081223,1839.148689849257,-1.5811828898893705,16.004410049511293,0.0216974182578447,37.9227388718634,0.0492,62.56524212252678,0.2152449377760272,1955.6410808931585,-1.2950405338554987
lng,BG,DAC,solar,BG_H_DAC_C_solar_E,India,1,2024,279.19338804692313,1396.9559764176315,1676.1493644645548,-1.5811828898893705,43.369031669780384,0.0587960453816087,14.831593407134172,0.0566399999999999,10.59373146967094,0.0364459082015484,1744.9437210111403,-1.4293009363062135
lng,BG,DAC,solar,BG_H_DAC_C_solar_E,Indonesia,1,2024,253.95556765850068,1498.0223832212134,1751.9779508797142,-1.5811828898893705,21.19081700585028,0.0287287077985997,9.929302477675712,0.05168,7.786346387408373,0.0267875834377514,1790.8844167506486,-1.4739865986530196
lng,BG,DAC,solar,BG_H_DAC_C_solar_E,South Korea,1,2024,296.54438956396353,1497.3895312927305,1793.933920856694,-1.5811828898893705,10.383993350619884,0.0140777352128614,14.241918421136855,0.03312,17.624287275172158,0.0606333243378496,1836.184119903623,-1.4733518303386595
lng,BG,DAC,solar,BG_H_DAC_C_solar_E,China,1,2024,288.6575706925816,1395.7152218722167,1684.3727925647984,-1.5811828898893705,117.07828218326276,0.1587247795814752,12.189952505681092,0.0448,14.848698549059618,0.0510843894600154,1828.4897258028018,-1.3265737208478798
lng,BG,DAC,solar,BG_H_DAC_C_solar_E,United Arab Emirates,1,2024,301.2764808867928,1265.7046263367265,1566.981107223519,-1.5811828898893705,15.525975735670064,0.0210487976973739,13.84109797041032,0.03064,22.944322992857888,0.0789359907732634,1619.2925039224574,-1.4505581014187332
lng,BG,DAC,solar,BG_H_DAC_C_solar_E,United States,1,2024,315.47275485528036,1466.9929563158855,1782.465711171166,-1.5811828898893705,115.88348476726244,0.1571049748408973,17.038636618230697,0.03072,52.95862996936256,0.1821950435376774,1968.3464625260217,-1.2111628715107958
lng,BG,DAC,solar,BG_H_DAC_C_solar_E,Turkey,1,2024,288.6575706925816,1370.0181370578614,1658.675707750443,-1.5811828898893705,14.367053340775968,0.0194776292598864,16.749952505681094,0.0376,37.32981905913191,0.1284268118844242,1727.122532656032,-1.3956784487450598
lng,BG,DAC,solar,BG_H_DAC_C_solar_E,Australia,1,2024,323.35957372666235,1478.662008779021,1802.0215825056837,-1.5811828898893705,117.82066045617007,0.1597312329179604,24.130602533686467,0.04416,11.901612906537595,0.0409454489840402,1955.8744584020778,-1.33634620798737
lng,BG,DAC,solar,BG_H_DAC_C_solar_E,Malaysia,1,2024,276.03866049837035,1339.796618018424,1615.8352785167942,-1.5811828898893705,22.36137877654277,0.0303156559120751,14.858807040951865,0.04832,0.0,0.0,1653.055464334289,-1.5025472339772954
lng,BG,DAC,solar,BG_H_DAC_C_solar_E,Canada,1,2024,321.782209952386,1429.2078123687356,1750.9900223211216,-1.5811828898893705,118.11484173619228,0.1601300588825865,13.944209350595314,0.0139999999999999,49.584341405335,0.1705863850019987,1932.6334148132441,-1.2364664460047856
lng,BG,DAC,solar,BG_H_DAC_C_solar_E,Mexico,1,2024,277.61602427264677,1312.6837619955704,1590.2997862682173,-1.5811828898893705,70.584838283883,0.0956929217740524,21.525200224043015,0.042,64.86002495922516,0.2231397428169365,1747.2698497353686,-1.2203502252983816
lng,BG,DAC,solar,BG_H_DAC_C_solar_E,Thailand,1,2024,280.77075182119955,1334.544917497701,1615.3156693189003,-1.5811828898893705,16.66138756714907,0.0225880925121339,15.017986590225323,0.04432,5.453041263376516,0.0187602491032793,1652.4480847396512,-1.4955145482739574
lng,BG,DAC,solar,BG_H_DAC_C_solar_E,Russia,1,2024,298.12175333823996,1316.7108193497145,1614.8325726879543,-1.5811828898893705,217.03008950143004,0.2942309408395722,12.188311604228012,0.03592,21.725117197756443,0.0747415232606332,1865.7760909913686,-1.176290425789165
lng,BG,DAC,solar,BG_H_DAC_C_solar_E,Saudi Arabia,1,2024,301.2764808867928,1276.3211594961538,1577.5976403829466,-1.5811828898893705,38.75836749584844,0.0525452989486706,10.48109797041032,0.04416,25.47038618944284,0.0876264760510543,1652.3074920386482,-1.3968511148896456
lng,LTE,DAC,solar,LTE_H_DAC_C_solar_E,South Africa,1,2024,360.60683078968714,2540.105368227377,2900.712199017064,-1.2312373081668992,36.05304361240747,0.0488776508666503,12.135525238045703,0.05672,33.55415330584088,0.1154372842719738,2982.4549211733583,-1.010202373028275
lng,LTE,DAC,solar,LTE_H_DAC_C_solar_E,Taiwan,1,2024,354.82169446685793,1569.7070516214606,1924.5287460883185,-1.2312373081668992,8.910824241692303,0.0120805378015195,18.45634568877224,0.05088,11.47902285922631,0.0394916007233694,1963.3749388780093,-1.1287851696420104
lng,LTE,DAC,solar,LTE_H_DAC_C_solar_E,Switzerland,1,2024,426.1717091150848,2595.967671500681,3022.1393806157657,-1.2312373081668992,17.100979796499654,0.0231840542772731,28.47289346314492,0.00296,44.32471484340281,0.1524915458606248,3112.0379687188133,-1.0526017080290013
lng,LTE,DAC,solar,LTE_H_DAC_C_solar_E,Singapore,1,2024,356.7500732411343,2441.4632158605627,2798.2132891016972,-1.2312373081668992,0.6614965722328433,0.0008968008042448,27.9227388718634,0.03992,0.0,0.0,2826.7975245457933,-1.1904205073626546
lng,LTE,DAC,solar,LTE_H_DAC_C_solar_E,Hungary,1,2024,347.10817936975235,2911.9500523696565,3259.0582317394087,-1.2312373081668992,27.122186571715517,0.0367699542996764,20.75077295640763,0.01464,43.160799677088185,0.148487296231744,3350.09199094462,-1.0313400576354788
lng,LTE,DAC,solar,LTE_H_DAC_C_solar_E,Philippines,1,2024,345.1798005954759,2113.7575225377022,2458.9373231331783,-1.2312373081668992,14.30847482008127,0.0193982134825784,16.72437977331648,0.04904,8.862436757554681,0.0304896869844766,2498.8326144841308,-1.1323094076998443
lng,LTE,DAC,solar,LTE_H_DAC_C_solar_E,Netherlands,1,2024,395.3176487266624,2367.2521938649697,2762.569842591632,-1.2312373081668992,6.791636792605323,0.0092075236568326,24.05060253368647,0.02024,57.04210191937808,0.196243525345994,2850.454183837302,-1.0055462591640727
lng,LTE,DAC,solar,LTE_H_DAC_C_solar_E,Norway,1,2024,437.7419817607432,3213.722282019924,3651.4642637806674,-1.2312373081668992,31.586172849052392,0.0428218473127285,15.911252561691846,0.00248,60.53321201401219,0.2082540882335661,3759.494901205424,-0.9776813726206047
lng,LTE,DAC,solar,LTE_H_DAC_C_solar_E,Oman,1,2024,368.3203458867927,1746.190439082608,2114.510784969401,-1.2312373081668992,26.719103995420006,0.0362234892176598,21.12109797041032,0.0436,22.014936016547047,0.0757385949812978,2184.365922951778,-1.0756752239679415
lng,LTE,DAC,solar,LTE_H_DAC_C_solar_E,Italy,1,2024,370.2487246610691,2241.5398213500152,2611.788546011084,-1.2312373081668992,16.85127746633886,0.0228455290907342,41.78749115350147,0.0230399999999999,43.481610772211546,0.1495909915402742,2713.908925403136,-1.035760787535891
lng,LTE,DAC,solar,LTE_H_DAC_C_solar_E,Austria,1,2024,401.1027850494916,2450.462258376473,2851.5650434259646,-1.2312373081668992,13.684414387924436,0.018552165413778,28.929782082959928,0.0082399999999999,43.481610772211546,0.1495909915402742,2937.6608506690604,-1.0548541512128473
lng,LTE,DAC,solar,LTE_H_DAC_C_solar_E,Finland,1,2024,416.5298152437028,3238.151238588401,3654.681053832104,-1.2312373081668992,27.22434438169863,0.0369084511717668,15.940927547689158,0.0057599999999999,64.56110391457831,0.2221113564562004,3762.4074296760705,-0.9664575005389321
lng,LTE,DAC,solar,LTE_H_DAC_C_solar_E,Portugal,1,2024,350.96493691830517,1944.054465867438,2295.0194027857433,-1.2312373081668992,12.817872374283043,0.0173773814354991,16.803559322589937,0.00896,49.423540753857885,0.1700331780607748,2374.0643752364745,-1.0348667486706251
lng,LTE,DAC,solar,LTE_H_DAC_C_solar_E,Germany,1,2024,397.2460275009388,2453.2309907453628,2850.4770182463017,-1.2312373081668992,19.948978931930707,0.0270451293339769,28.316995716777623,0.02752,58.34583735079685,0.2007288025109504,2957.088830245807,-0.975943376321972
lng,LTE,DAC,solar,LTE_H_DAC_C_solar_E,Greece,1,2024,354.82169446685793,1878.4118482404645,2233.233542707322,-1.2312373081668992,11.184540606351485,0.0151630491100337,24.136345688772245,0.0256,38.655294480858075,0.1329868817410128,2307.209723483304,-1.0574873773158529
lng,LTE,DAC,solar,LTE_H_DAC_C_solar_E,France,1,2024,389.5325124038332,2127.8418171186245,2517.3743295224576,-1.2312373081668992,23.213504505882067,0.031470895517943,20.531422984413005,0.0035199999999999,55.74270322845311,0.1917731679896417,2616.861960241206,-1.0044732446593145
lng,LTE,DAC,solar,LTE_H_DAC_C_solar_E,Brazil,1,2024,354.82169446685793,2286.6804387082257,2641.5021331750836,-1.2312373081668992,102.99809327173692,0.1396360567221048,15.176345688772244,0.0082399999999999,61.4418912346397,0.2113802425593065,2821.118463370232,-0.871981008885488
lng,LTE,DAC,solar,LTE_H_DAC_C_solar_E,United Kingdom,1,2024,410.7446789208736,2556.8715587320403,2967.6162376529137,-1.2312373081668992,18.53994207479783,0.0251348769763235,40.9817479984157,0.01688,55.355200589122006,0.1904400319118252,3082.493128315249,-0.9987823992787505
lng,LTE,DAC,solar,LTE_H_DAC_C_solar_E,Spain,1,2024,358.67845201541076,1750.03705625393,2108.7155082693407,-1.2312373081668992,31.30247157646122,0.042437229251041,15.949132054954552,0.01168,47.66906092425297,0.1639971924409472,2203.6361728250095,-1.013122886474911
lng,LTE,DAC,solar,LTE_H_DAC_C_solar_E,Sweden,1,2024,424.2433303408085,3331.6149965607488,3755.858326901557,-1.2312373081668992,33.07840154431364,0.0448448840905465,11.52280028005377,0.0028799999999999,60.07194265084708,0.2066671704497585,3860.5314713767716,-0.9768452536265944
lng,LTE,DAC,solar,LTE_H_DAC_C_solar_E,Czech Republic,1,2024,350.96493691830517,2352.6243688132386,2703.589305731544,-1.2312373081668992,29.505004291634744,0.0400003759485437,23.283559322589937,0.03312,43.481610772211546,0.1495909915402742,2799.85948011798,-1.0085259406780813
lng,LTE,DAC,solar,LTE_H_DAC_C_solar_E,Japan,1,2024,416.5298152437028,3412.752443424883,3829.2822586685857,-1.2312373081668992,12.977661099092396,0.0175940094014379,22.260927547689153,0.03856,20.26636492616301,0.0697229373608958,3884.7872122415306,-1.1053603614045655
lng,LTE,DAC,solar,LTE_H_DAC_C_solar_E,Belgium,1,2024,395.3176487266624,3112.8102445487416,3508.127893275404,-1.2312373081668992,4.233422153209155,0.0057393137788924,26.37060253368647,0.01104,56.92766564566551,0.1958498270595502,3595.659583607965,-1.0186081673284568
lng,LTE,DAC,solar,LTE_H_DAC_C_solar_E,Poland,1,2024,356.7500732411343,3603.910298894574,3960.660372135709,-1.2312373081668992,16.004410049511293,0.0216974182578447,37.9227388718634,0.0492,62.56524212252678,0.2152449377760272,4077.1527631796102,-0.9450949521330274
lng,LTE,DAC,solar,LTE_H_DAC_C_solar_E,India,1,2024,341.32304304692315,1906.294792923212,2247.6178359701353,-1.2312373081668992,43.369031669780384,0.0587960453816087,14.831593407134172,0.0566399999999999,10.59373146967094,0.0364459082015484,2316.4121925167206,-1.0793553545837422
lng,LTE,DAC,solar,LTE_H_DAC_C_solar_E,Indonesia,1,2024,310.46898265850064,2509.181741419256,2819.6507240777564,-1.2312373081668992,21.19081700585028,0.0287287077985997,9.929302477675712,0.05168,7.786346387408373,0.0267875834377514,2858.557189948691,-1.1240410169305484
lng,LTE,DAC,solar,LTE_H_DAC_C_solar_E,South Korea,1,2024,362.5352095639636,2467.905011387893,2830.4402209518566,-1.2312373081668992,10.383993350619884,0.0140777352128614,14.241918421136855,0.03312,17.624287275172158,0.0606333243378496,2872.6904199987853,-1.1234062486161882
lng,LTE,DAC,solar,LTE_H_DAC_C_solar_E,China,1,2024,352.89331569258155,1591.3326157984588,1944.2259314910405,-1.2312373081668992,117.07828218326276,0.1587247795814752,12.189952505681092,0.0448,14.848698549059618,0.0510843894600154,2088.342864729044,-0.9766281391254087
lng,LTE,DAC,solar,LTE_H_DAC_C_solar_E,United Arab Emirates,1,2024,368.3203458867927,1264.3385666751192,1632.6589125619118,-1.2312373081668992,15.525975735670064,0.0210487976973739,13.84109797041032,0.03064,22.944322992857888,0.0789359907732634,1684.9703092608502,-1.100612519696262
lng,LTE,DAC,solar,LTE_H_DAC_C_solar_E,United States,1,2024,385.6757548552804,2199.179222329897,2584.8549771851776,-1.2312373081668992,115.88348476726244,0.1571049748408973,17.038636618230697,0.03072,52.95862996936256,0.1821950435376774,2770.735728540033,-0.8612172897883246
lng,LTE,DAC,solar,LTE_H_DAC_C_solar_E,Turkey,1,2024,352.89331569258155,2768.1270056903268,3121.020321382908,-1.2312373081668992,14.367053340775968,0.0194776292598864,16.749952505681094,0.0376,37.32981905913191,0.1284268118844242,3189.4671462884967,-1.0457328670225885
lng,LTE,DAC,solar,LTE_H_DAC_C_solar_E,Australia,1,2024,395.3176487266624,1618.1441183353252,2013.4617670619875,-1.2312373081668992,117.82066045617007,0.1597312329179604,24.130602533686467,0.04416,11.901612906537595,0.0409454489840402,2167.3146429583817,-0.9864006262648988
lng,LTE,DAC,solar,LTE_H_DAC_C_solar_E,Malaysia,1,2024,337.4662854983703,2206.9264644611135,2544.392749959484,-1.2312373081668992,22.36137877654277,0.0303156559120751,14.858807040951865,0.04832,0.0,0.0,2581.6129357769782,-1.1526016522548241
lng,LTE,DAC,solar,LTE_H_DAC_C_solar_E,Canada,1,2024,393.389269952386,3081.663660312938,3475.052930265324,-1.2312373081668992,118.11484173619228,0.1601300588825865,13.944209350595314,0.0139999999999999,49.584341405335,0.1705863850019987,3656.696322757447,-0.8865208642823142
lng,LTE,DAC,solar,LTE_H_DAC_C_solar_E,Mexico,1,2024,339.39466427264676,2278.801280477759,2618.195944750406,-1.2312373081668992,70.584838283883,0.0956929217740524,21.525200224043015,0.042,64.86002495922516,0.2231397428169365,2775.166008217557,-0.8704046435759104
lng,LTE,DAC,solar,LTE_H_DAC_C_solar_E,Thailand,1,2024,343.25142182119953,1924.231290515305,2267.482712336505,-1.2312373081668992,16.66138756714907,0.0225880925121339,15.017986590225323,0.04432,5.453041263376516,0.0187602491032793,2304.6151277572562,-1.145568966551486
lng,LTE,DAC,solar,LTE_H_DAC_C_solar_E,Russia,1,2024,364.46358833824,2995.2378861937605,3359.701474532,-1.2312373081668992,217.03008950143004,0.2942309408395722,12.188311604228012,0.03592,21.725117197756443,0.0747415232606332,3610.6449928354145,-0.8263448440666938
lng,LTE,DAC,solar,LTE_H_DAC_C_solar_E,Saudi Arabia,1,2024,368.3203458867927,1726.1577369941522,2094.478082880945,-1.2312373081668992,38.75836749584844,0.0525452989486706,10.48109797041032,0.04416,25.47038618944284,0.0876264760510543,2169.187934536646,-1.0469055331671744
lng,SMR,DAC,solar,SMR_H_DAC_C_solar_E,South Africa,1,2024,188.59062153405935,936.3255039892052,1124.9161255232646,3.083237980209767,36.05304361240747,0.0488776508666503,12.135525238045703,0.05672,33.55415330584088,0.1154372842719738,1206.6588476795584,3.3042729153483914
lng,SMR,DAC,solar,SMR_H_DAC_C_solar_E,Taiwan,1,2024,185.5651035415343,1525.1375767474683,1710.7026802890027,3.083237980209767,8.910824241692303,0.0120805378015195,18.45634568877224,0.05088,11.47902285922631,0.0394916007233694,1749.5488730786935,3.1856901187346556
lng,SMR,DAC,solar,SMR_H_DAC_C_solar_E,Switzerland,1,2024,222.8798254493429,4811.15621029979,5034.036035749133,3.083237980209767,17.100979796499654,0.0231840542772731,28.47289346314492,0.00296,44.32471484340281,0.1524915458606248,5123.93462385218,3.2618735803476646
lng,SMR,DAC,solar,SMR_H_DAC_C_solar_E,Singapore,1,2024,186.5736095390427,5109.662312227134,5296.235921766177,3.083237980209767,0.6614965722328433,0.0008968008042448,27.9227388718634,0.03992,0.0,0.0,5324.8201572102735,3.124054781014012
lng,SMR,DAC,solar,SMR_H_DAC_C_solar_E,Hungary,1,2024,181.531079551501,2210.3562939984436,2391.8873735499446,3.083237980209767,27.122186571715517,0.0367699542996764,20.75077295640763,0.01464,43.160799677088185,0.148487296231744,2482.921132755156,3.283135230741187
lng,SMR,DAC,solar,SMR_H_DAC_C_solar_E,Philippines,1,2024,180.52257355399263,1497.4820624026677,1678.0046359566604,3.083237980209767,14.30847482008127,0.0193982134825784,16.72437977331648,0.04904,8.862436757554681,0.0304896869844766,1717.8999273076129,3.1821658806768225
lng,SMR,DAC,solar,SMR_H_DAC_C_solar_E,Netherlands,1,2024,206.74372948920947,3447.9295600706237,3654.673289559833,3.083237980209767,6.791636792605323,0.0092075236568326,24.05060253368647,0.02024,57.04210191937808,0.196243525345994,3742.557630805503,3.3089290292125937
lng,SMR,DAC,solar,SMR_H_DAC_C_solar_E,Norway,1,2024,228.93086143439297,2723.8130493872372,2952.7439108216304,3.083237980209767,31.586172849052392,0.0428218473127285,15.911252561691846,0.00248,60.53321201401219,0.2082540882335661,3060.774548246387,3.3367939157560613
lng,SMR,DAC,solar,SMR_H_DAC_C_solar_E,Oman,1,2024,192.62464552409276,720.5631969831528,913.1878425072456,3.083237980209767,26.719103995420006,0.0362234892176598,21.12109797041032,0.0436,22.014936016547047,0.0757385949812978,983.042980489623,3.238800064408725
lng,SMR,DAC,solar,SMR_H_DAC_C_solar_E,Italy,1,2024,193.63315152160104,3773.8140626102017,3967.447214131803,3.083237980209767,16.85127746633886,0.0228455290907342,41.78749115350147,0.0230399999999999,43.481610772211546,0.1495909915402742,4069.567593523855,3.2787145008407754
lng,SMR,DAC,solar,SMR_H_DAC_C_solar_E,Austria,1,2024,209.76924748173448,3284.6481758638233,3494.417423345558,3.083237980209767,13.684414387924436,0.018552165413778,28.929782082959928,0.0082399999999999,43.481610772211546,0.1495909915402742,3580.5132305886536,3.259621137163819
lng,SMR,DAC,solar,SMR_H_DAC_C_solar_E,Finland,1,2024,217.8372954618012,3477.3601542210017,3695.197449682803,3.083237980209767,27.22434438169863,0.0369084511717668,15.940927547689158,0.0057599999999999,64.56110391457831,0.2221113564562004,3802.923825526769,3.3480177878377346
lng,SMR,DAC,solar,SMR_H_DAC_C_solar_E,Portugal,1,2024,183.5480915465177,3031.990033884701,3215.5381254312188,3.083237980209767,12.817872374283043,0.0173773814354991,16.803559322589937,0.00896,49.423540753857885,0.1700331780607748,3294.58309788195,3.279608539706041
lng,SMR,DAC,solar,SMR_H_DAC_C_solar_E,Germany,1,2024,207.7522354867178,3103.81014803847,3311.5623835251877,3.083237980209767,19.948978931930707,0.0270451293339769,28.316995716777623,0.02752,58.34583735079685,0.2007288025109504,3418.174195524693,3.3385319120546946
lng,SMR,DAC,solar,SMR_H_DAC_C_solar_E,Greece,1,2024,185.5651035415343,1909.967249543962,2095.532353085496,3.083237980209767,11.184540606351485,0.0151630491100337,24.136345688772245,0.0256,38.655294480858075,0.1329868817410128,2169.508533861478,3.2569879110608135
lng,SMR,DAC,solar,SMR_H_DAC_C_solar_E,France,1,2024,203.7182114966845,3372.2973953606916,3576.015606857376,3.083237980209767,23.213504505882067,0.031470895517943,20.531422984413005,0.0035199999999999,55.74270322845311,0.1917731679896417,3675.5032375761243,3.310002043717352
lng,SMR,DAC,solar,SMR_H_DAC_C_solar_E,Brazil,1,2024,185.5651035415343,3271.129402620283,3456.6945061618176,3.083237980209767,102.99809327173692,0.1396360567221048,15.176345688772244,0.0082399999999999,61.4418912346397,0.2113802425593065,3636.310836356966,3.442494279491178
lng,SMR,DAC,solar,SMR_H_DAC_C_solar_E,United Kingdom,1,2024,214.81177746927617,2640.218044130285,2855.029821599561,3.083237980209767,18.53994207479783,0.0251348769763235,40.9817479984157,0.01688,55.355200589122006,0.1904400319118252,2969.9067122618962,3.315692889097916
lng,SMR,DAC,solar,SMR_H_DAC_C_solar_E,Spain,1,2024,187.58211553655104,2610.8748550124724,2798.4569705490235,3.083237980209767,31.30247157646122,0.042437229251041,15.949132054954552,0.01168,47.66906092425297,0.1639971924409472,2893.377635104692,3.3013524019017555
lng,SMR,DAC,solar,SMR_H_DAC_C_solar_E,Sweden,1,2024,221.87131945183455,4848.0710247039615,5069.942344155796,3.083237980209767,33.07840154431364,0.0448448840905465,11.52280028005377,0.0028799999999999,60.07194265084708,0.2066671704497585,5174.61548863101,3.337630034750072
lng,SMR,DAC,solar,SMR_H_DAC_C_solar_E,Czech Republic,1,2024,183.5480915465177,2635.4601385105784,2819.008230057096,3.083237980209767,29.505004291634744,0.0400003759485437,23.283559322589937,0.03312,43.481610772211546,0.1495909915402742,2915.2784044435325,3.305949347698585
lng,SMR,DAC,solar,SMR_H_DAC_C_solar_E,Japan,1,2024,217.8372954618012,2765.64823371448,2983.485529176281,3.083237980209767,12.977661099092396,0.0175940094014379,22.260927547689153,0.03856,20.26636492616301,0.0697229373608958,3038.990482749226,3.2091149269721004
lng,SMR,DAC,solar,SMR_H_DAC_C_solar_E,Belgium,1,2024,206.74372948920947,2242.633403696449,2449.3771331856583,3.083237980209767,4.233422153209155,0.0057393137788924,26.37060253368647,0.01104,56.92766564566551,0.1958498270595502,2536.9088235182194,3.2958671210482096
lng,SMR,DAC,solar,SMR_H_DAC_C_solar_E,Poland,1,2024,186.5736095390427,2893.0738576055414,3079.647467144584,3.083237980209767,16.004410049511293,0.0216974182578447,37.9227388718634,0.0492,62.56524212252678,0.2152449377760272,3196.139858188485,3.369380336243639
lng,SMR,DAC,solar,SMR_H_DAC_C_solar_E,India,1,2024,178.50556155897596,2054.4744200680566,2232.9799816270324,3.083237980209767,43.369031669780384,0.0587960453816087,14.831593407134172,0.0566399999999999,10.59373146967094,0.0364459082015484,2301.7743381736177,3.235119933792924
lng,SMR,DAC,solar,SMR_H_DAC_C_solar_E,Indonesia,1,2024,162.3694655988425,2943.910884332005,3106.2803499308475,3.083237980209767,21.19081700585028,0.0287287077985997,9.929302477675712,0.05168,7.786346387408373,0.0267875834377514,3145.186815801782,3.1904342714461187
lng,SMR,DAC,solar,SMR_H_DAC_C_solar_E,South Korea,1,2024,189.59912753156772,2297.1174593456903,2486.716586877258,3.083237980209767,10.383993350619884,0.0140777352128614,14.241918421136855,0.03312,17.624287275172158,0.0606333243378496,2528.9667859241868,3.191069039760478
lng,SMR,DAC,solar,SMR_H_DAC_C_solar_E,China,1,2024,184.556597544026,2044.9545151850905,2229.511112729116,3.083237980209767,117.07828218326276,0.1587247795814752,12.189952505681092,0.0448,14.848698549059618,0.0510843894600154,2373.6280459671193,3.3378471492512576
lng,SMR,DAC,solar,SMR_H_DAC_C_solar_E,United Arab Emirates,1,2024,192.62464552409276,706.8233436783808,899.4479892024735,3.083237980209767,15.525975735670064,0.0210487976973739,13.84109797041032,0.03064,22.944322992857888,0.0789359907732634,951.7593859014119,3.2138627686804044
lng,SMR,DAC,solar,SMR_H_DAC_C_solar_E,United States,1,2024,201.70119950166776,1573.7172509880522,1775.41845048972,3.083237980209767,115.88348476726244,0.1571049748408973,17.038636618230697,0.03072,52.95862996936256,0.1821950435376774,1961.2992018445757,3.453257998588342
lng,SMR,DAC,solar,SMR_H_DAC_C_solar_E,Turkey,1,2024,184.556597544026,1425.3054127509786,1609.862010295005,3.083237980209767,14.367053340775968,0.0194776292598864,16.749952505681094,0.0376,37.32981905913191,0.1284268118844242,1678.3088352005939,3.268742421354078
lng,SMR,DAC,solar,SMR_H_DAC_C_solar_E,Australia,1,2024,206.74372948920947,1850.7193348869644,2057.463064376174,3.083237980209767,117.82066045617007,0.1597312329179604,24.130602533686467,0.04416,11.901612906537595,0.0409454489840402,2211.3159402725682,3.328074662111768
lng,SMR,DAC,solar,SMR_H_DAC_C_solar_E,Malaysia,1,2024,176.48854956395928,1357.504808266806,1533.9933578307655,3.083237980209767,22.36137877654277,0.0303156559120751,14.858807040951865,0.04832,0.0,0.0,1571.2135436482602,3.1618736361218422
lng,SMR,DAC,solar,SMR_H_DAC_C_solar_E,Canada,1,2024,205.7352234917011,1214.306710060544,1420.0419335522452,3.083237980209767,118.11484173619228,0.1601300588825865,13.944209350595314,0.0139999999999999,49.584341405335,0.1705863850019987,1601.6853260443677,3.4279544240943522
lng,SMR,DAC,solar,SMR_H_DAC_C_solar_E,Mexico,1,2024,177.49705556146765,1046.0196078691945,1223.516663430662,3.083237980209767,70.584838283883,0.0956929217740524,21.525200224043015,0.042,64.86002495922516,0.2231397428169365,1380.4867268978132,3.444070644800756
lng,SMR,DAC,solar,SMR_H_DAC_C_solar_E,Thailand,1,2024,179.51406755648432,1417.643283959446,1597.1573515159305,3.083237980209767,16.66138756714907,0.0225880925121339,15.017986590225323,0.04432,5.453041263376516,0.0187602491032793,1634.2897669366814,3.16890632182518
lng,SMR,DAC,solar,SMR_H_DAC_C_solar_E,Russia,1,2024,190.60763352907605,891.4319921454216,1082.0396256744978,3.083237980209767,217.03008950143004,0.2942309408395722,12.188311604228012,0.03592,21.725117197756443,0.0747415232606332,1332.983143977912,3.4881304443099723
lng,SMR,DAC,solar,SMR_H_DAC_C_solar_E,Saudi Arabia,1,2024,192.62464552409276,715.6903165284298,908.3149620525226,3.083237980209767,38.75836749584844,0.0525452989486706,10.48109797041032,0.04416,25.47038618944284,0.0876264760510543,983.0248137082242,3.267569755209492
lng,SMRCCS,DAC,solar,SMRCCS_H_DAC_C_solar_E,South Africa,1,2024,325.25890869973006,1085.359650315792,1410.618559015522,-1.2137430748695195,36.05304361240747,0.0488776508666503,12.135525238045703,0.05672,33.55415330584088,0.1154372842719738,1492.3612811718158,-0.9927081397308952
lng,SMRCCS,DAC,solar,SMRCCS_H_DAC_C_solar_E,Taiwan,1,2024,320.0408513409108,1807.2900434039293,2127.33089474484,-1.2137430748695195,8.910824241692303,0.0120805378015195,18.45634568877224,0.05088,11.47902285922631,0.0394916007233694,2166.177087534531,-1.1112909363446306
lng,SMRCCS,DAC,solar,SMRCCS_H_DAC_C_solar_E,Switzerland,1,2024,384.39689209968094,5972.496414619069,6356.89330671875,-1.2137430748695195,17.100979796499654,0.0231840542772731,28.47289346314492,0.00296,44.32471484340281,0.1524915458606248,6446.7918948217975,-1.0351074747316216
lng,SMRCCS,DAC,solar,SMRCCS_H_DAC_C_solar_E,Singapore,1,2024,321.7802037938506,6359.455938720085,6681.236142513936,-1.2137430748695195,0.6614965722328433,0.0008968008042448,27.9227388718634,0.03992,0.0,0.0,6709.820377958033,-1.1729262740652748
lng,SMRCCS,DAC,solar,SMRCCS_H_DAC_C_solar_E,Hungary,1,2024,313.0834415291519,2704.773714479498,3017.8571560086493,-1.2137430748695195,27.122186571715517,0.0367699542996764,20.75077295640763,0.01464,43.160799677088185,0.148487296231744,3108.890915213861,-1.013845824338099
lng,SMRCCS,DAC,solar,SMRCCS_H_DAC_C_solar_E,Philippines,1,2024,311.34408907621213,1787.346654205195,2098.690743281407,-1.2137430748695195,14.30847482008127,0.0193982134825784,16.72437977331648,0.04904,8.862436757554681,0.0304896869844766,2138.5860346323593,-1.1148151744024646
lng,SMRCCS,DAC,solar,SMRCCS_H_DAC_C_solar_E,Netherlands,1,2024,356.5672528526452,4251.447237716299,4608.014490568945,-1.2137430748695195,6.791636792605323,0.0092075236568326,24.05060253368647,0.02024,57.04210191937808,0.196243525345994,4695.898831814615,-0.9880520258666929
lng,SMRCCS,DAC,solar,SMRCCS_H_DAC_C_solar_E,Norway,1,2024,394.8330068173193,3347.5761071572915,3742.4091139746106,-1.2137430748695195,31.586172849052392,0.0428218473127285,15.911252561691846,0.00248,60.53321201401219,0.2082540882335661,3850.439751399367,-0.960187139323225
lng,SMRCCS,DAC,solar,SMRCCS_H_DAC_C_solar_E,Oman,1,2024,332.21631851148896,794.8911719110095,1127.1074904224984,-1.2137430748695195,26.719103995420006,0.0362234892176598,21.12109797041032,0.0436,22.014936016547047,0.0757385949812978,1196.9626284048759,-1.0581809906705617
lng,SMRCCS,DAC,solar,SMRCCS_H_DAC_C_solar_E,Italy,1,2024,333.9556709644287,4660.894885035359,4994.8505559997875,-1.2137430748695195,16.85127746633886,0.0228455290907342,41.78749115350147,0.0230399999999999,43.481610772211546,0.1495909915402742,5096.97093539184,-1.0182665542385112
lng,SMRCCS,DAC,solar,SMRCCS_H_DAC_C_solar_E,Austria,1,2024,361.7853102114644,4044.020513834215,4405.805824045679,-1.2137430748695195,13.684414387924436,0.018552165413778,28.929782082959928,0.0082399999999999,43.481610772211546,0.1495909915402742,4491.901631288775,-1.0373599179154676
lng,SMRCCS,DAC,solar,SMRCCS_H_DAC_C_solar_E,Finland,1,2024,375.7001298349823,4306.188700066158,4681.8888299011405,-1.2137430748695195,27.22434438169863,0.0369084511717668,15.940927547689158,0.0057599999999999,64.56110391457831,0.2221113564562004,4789.615205745106,-0.9489632672415523
lng,SMRCCS,DAC,solar,SMRCCS_H_DAC_C_solar_E,Portugal,1,2024,316.56214643503137,3724.756511984535,4041.3186584195664,-1.2137430748695195,12.817872374283043,0.0173773814354991,16.803559322589937,0.00896,49.423540753857885,0.1700331780607748,4120.363630870297,-1.0173725153732454
lng,SMRCCS,DAC,solar,SMRCCS_H_DAC_C_solar_E,Germany,1,2024,358.3066053055849,3814.6459510788527,4172.952556384437,-1.2137430748695195,19.948978931930707,0.0270451293339769,28.316995716777623,0.02752,58.34583735079685,0.2007288025109504,4279.564368383942,-0.9584491430245923
lng,SMRCCS,DAC,solar,SMRCCS_H_DAC_C_solar_E,Greece,1,2024,320.0408513409108,2299.5069312267824,2619.547782567693,-1.2137430748695195,11.184540606351485,0.0151630491100337,24.136345688772245,0.0256,38.655294480858075,0.1329868817410128,2693.523963343675,-1.039993144018473
lng,SMRCCS,DAC,solar,SMRCCS_H_DAC_C_solar_E,France,1,2024,351.349195493826,4148.879362162131,4500.228557655957,-1.2137430748695195,23.213504505882067,0.031470895517943,20.531422984413005,0.0035199999999999,55.74270322845311,0.1917731679896417,4599.716188374706,-0.9869790113619348
lng,SMRCCS,DAC,solar,SMRCCS_H_DAC_C_solar_E,Brazil,1,2024,320.0408513409108,4035.1592449440695,4355.200096284981,-1.2137430748695195,102.99809327173692,0.1396360567221048,15.176345688772244,0.0082399999999999,61.4418912346397,0.2113802425593065,4534.81642648013,-0.8544867755881083
lng,SMRCCS,DAC,solar,SMRCCS_H_DAC_C_solar_E,United Kingdom,1,2024,370.482072476163,3235.50140694138,3605.983479417543,-1.2137430748695195,18.53994207479783,0.0251348769763235,40.9817479984157,0.01688,55.355200589122006,0.1904400319118252,3720.8603700798785,-0.9812881659813707
lng,SMRCCS,DAC,solar,SMRCCS_H_DAC_C_solar_E,Spain,1,2024,323.5195562467903,3182.3239583405793,3505.8435145873696,-1.2137430748695195,31.30247157646122,0.042437229251041,15.949132054954552,0.01168,47.66906092425297,0.1639971924409472,3600.7641791430383,-0.9956286531775312
lng,SMRCCS,DAC,solar,SMRCCS_H_DAC_C_solar_E,Sweden,1,2024,382.6575396467412,6043.005304585622,6425.662844232364,-1.2137430748695195,33.07840154431364,0.0448448840905465,11.52280028005377,0.0028799999999999,60.07194265084708,0.2066671704497585,6530.335988707578,-0.9593510203292146
lng,SMRCCS,DAC,solar,SMRCCS_H_DAC_C_solar_E,Czech Republic,1,2024,316.56214643503137,3232.613261351502,3549.1754077865335,-1.2137430748695195,29.505004291634744,0.0400003759485437,23.283559322589937,0.03312,43.481610772211546,0.1495909915402742,3645.44558217297,-0.9910317073807016
lng,SMRCCS,DAC,solar,SMRCCS_H_DAC_C_solar_E,Japan,1,2024,375.7001298349823,3411.6695257532465,3787.369655588229,-1.2137430748695195,12.977661099092396,0.0175940094014379,22.260927547689153,0.03856,20.26636492616301,0.0697229373608958,3842.874609161174,-1.0878661281071857
lng,SMRCCS,DAC,solar,SMRCCS_H_DAC_C_solar_E,Belgium,1,2024,356.5672528526452,2735.4477364255913,3092.0149892782365,-1.2137430748695195,4.233422153209155,0.0057393137788924,26.37060253368647,0.01104,56.92766564566551,0.1958498270595502,3179.5466796107976,-1.001113934031077
lng,SMRCCS,DAC,solar,SMRCCS_H_DAC_C_solar_E,Poland,1,2024,321.7802037938506,3584.982814250852,3906.763018044702,-1.2137430748695195,16.004410049511293,0.0216974182578447,37.9227388718634,0.0492,62.56524212252678,0.2152449377760272,4023.2554090886033,-0.9276007188356477
lng,SMRCCS,DAC,solar,SMRCCS_H_DAC_C_solar_E,India,1,2024,307.86538417033273,2488.013935342163,2795.879319512496,-1.2137430748695195,43.369031669780384,0.0587960453816087,14.831593407134172,0.0566399999999999,10.59373146967094,0.0364459082015484,2864.673676059081,-1.0618611212863625
lng,SMRCCS,DAC,solar,SMRCCS_H_DAC_C_solar_E,Indonesia,1,2024,280.035744923297,3627.34809534794,3907.383840271237,-1.2137430748695195,21.19081700585028,0.0287287077985997,9.929302477675712,0.05168,7.786346387408373,0.0267875834377514,3946.2903061421716,-1.1065467836331686
lng,SMRCCS,DAC,solar,SMRCCS_H_DAC_C_solar_E,South Korea,1,2024,326.9982611526697,2798.663717796705,3125.6619789493748,-1.2137430748695195,10.383993350619884,0.0140777352128614,14.241918421136855,0.03312,17.624287275172158,0.0606333243378496,3167.9121779963034,-1.1059120153188085
lng,SMRCCS,DAC,solar,SMRCCS_H_DAC_C_solar_E,China,1,2024,318.3014988879711,2468.5597450769105,2786.8612439648814,-1.2137430748695195,117.07828218326276,0.1587247795814752,12.189952505681092,0.0448,14.848698549059618,0.0510843894600154,2930.9781772028846,-0.9591339058280289
lng,SMRCCS,DAC,solar,SMRCCS_H_DAC_C_solar_E,United Arab Emirates,1,2024,332.21631851148896,766.8078181816945,1099.0241366931834,-1.2137430748695195,15.525975735670064,0.0210487976973739,13.84109797041032,0.03064,22.944322992857888,0.0789359907732634,1151.3355333921218,-1.0831182863988822
lng,SMRCCS,DAC,solar,SMRCCS_H_DAC_C_solar_E,United States,1,2024,347.87049058794656,1871.9061700659984,2219.776660653945,-1.2137430748695195,115.88348476726244,0.1571049748408973,17.038636618230697,0.03072,52.95862996936256,0.1821950435376774,2405.6574120088003,-0.8437230564909448
lng,SMRCCS,DAC,solar,SMRCCS_H_DAC_C_solar_E,Turkey,1,2024,318.3014988879711,1708.075050022724,2026.376548910695,-1.2137430748695195,14.367053340775968,0.0194776292598864,16.749952505681094,0.0376,37.32981905913191,0.1284268118844242,2094.823373816284,-1.0282386337252087
lng,SMRCCS,DAC,solar,SMRCCS_H_DAC_C_solar_E,Australia,1,2024,356.5672528526452,2211.678530347723,2568.2457832003684,-1.2137430748695195,117.82066045617007,0.1597312329179604,24.130602533686467,0.04416,11.901612906537595,0.0409454489840402,2722.0986590967627,-0.968906392967519
lng,SMRCCS,DAC,solar,SMRCCS_H_DAC_C_solar_E,Malaysia,1,2024,304.3866792644532,1610.9498198603058,1915.336499124759,-1.2137430748695195,22.36137877654277,0.0303156559120751,14.858807040951865,0.04832,0.0,0.0,1952.5566849422537,-1.1351074189574444
lng,SMRCCS,DAC,solar,SMRCCS_H_DAC_C_solar_E,Canada,1,2024,354.82790039970547,1439.4093300642935,1794.2372304639991,-1.2137430748695195,118.11484173619228,0.1601300588825865,13.944209350595314,0.0139999999999999,49.584341405335,0.1705863850019987,1975.8806229561217,-0.8690266309849345
lng,SMRCCS,DAC,solar,SMRCCS_H_DAC_C_solar_E,Mexico,1,2024,306.12603171739295,1218.163198001743,1524.289229719136,-1.2137430748695195,70.584838283883,0.0956929217740524,21.525200224043015,0.042,64.86002495922516,0.2231397428169365,1681.2592931862873,-0.8529104102785307
lng,SMRCCS,DAC,solar,SMRCCS_H_DAC_C_solar_E,Thailand,1,2024,309.6047366232724,1682.1344085785822,1991.7391452018544,-1.2137430748695195,16.66138756714907,0.0225880925121339,15.017986590225323,0.04432,5.453041263376516,0.0187602491032793,2028.8715606226053,-1.1280747332541063
lng,SMRCCS,DAC,solar,SMRCCS_H_DAC_C_solar_E,Russia,1,2024,328.7376136056095,1037.8928755952766,1366.630489200886,-1.2137430748695195,217.03008950143004,0.2942309408395722,12.188311604228012,0.03592,21.725117197756443,0.0747415232606332,1617.5740075043002,-0.8088506107693141
lng,SMRCCS,DAC,solar,SMRCCS_H_DAC_C_solar_E,Saudi Arabia,1,2024,332.21631851148896,788.1968106816587,1120.4131291931476,-1.2137430748695195,38.75836749584844,0.0525452989486706,10.48109797041032,0.04416,25.47038618944284,0.0876264760510543,1195.1229808488492,-1.0294112998697946
lng,SMR,SMR,solar,SMR_H_C_solar_E,South Africa,1,2024,188.59062153405935,386.325503989205,574.9161255232643,2.885605444975581,36.05304361240747,0.0488776508666503,12.135525238045703,0.05672,33.55415330584088,0.1154372842719738,656.6588476795583,3.106640380114205
lng,SMR,SMR,solar,SMR_H_C_solar_E,Taiwan,1,2024,185.5651035415343,975.1375767474684,1160.7026802890027,2.885605444975581,8.910824241692303,0.0120805378015195,18.45634568877224,0.05088,11.47902285922631,0.0394916007233694,1199.5488730786935,2.9880575835004692
lng,SMR,SMR,solar,SMR_H_C_solar_E,Switzerland,1,2024,222.8798254493429,4261.15621029979,4484.036035749133,2.885605444975581,17.100979796499654,0.0231840542772731,28.47289346314492,0.00296,44.32471484340281,0.1524915458606248,4573.93462385218,3.0642410451134783
lng,SMR,SMR,solar,SMR_H_C_solar_E,Singapore,1,2024,186.5736095390427,4559.662312227134,4746.235921766177,2.885605444975581,0.6614965722328433,0.0008968008042448,27.9227388718634,0.03992,0.0,0.0,4774.8201572102735,2.9264222457798255
lng,SMR,SMR,solar,SMR_H_C_solar_E,Hungary,1,2024,181.531079551501,1660.356293998443,1841.887373549944,2.885605444975581,27.122186571715517,0.0367699542996764,20.75077295640763,0.01464,43.160799677088185,0.148487296231744,1932.9211327551552,3.085502695507001
lng,SMR,SMR,solar,SMR_H_C_solar_E,Philippines,1,2024,180.52257355399263,947.482062402668,1128.0046359566606,2.885605444975581,14.30847482008127,0.0193982134825784,16.72437977331648,0.04904,8.862436757554681,0.0304896869844766,1167.899927307613,2.984533345442636
lng,SMR,SMR,solar,SMR_H_C_solar_E,Netherlands,1,2024,206.74372948920947,2897.929560070623,3104.6732895598325,2.885605444975581,6.791636792605323,0.0092075236568326,24.05060253368647,0.02024,57.04210191937808,0.196243525345994,3192.5576308055024,3.1112964939784074
lng,SMR,SMR,solar,SMR_H_C_solar_E,Norway,1,2024,228.93086143439297,2173.813049387237,2402.74391082163,2.885605444975581,31.586172849052392,0.0428218473127285,15.911252561691846,0.00248,60.53321201401219,0.2082540882335661,2510.7745482463865,3.139161380521875
lng,SMR,SMR,solar,SMR_H_C_solar_E,Oman,1,2024,192.62464552409276,170.56319698315286,363.1878425072456,2.885605444975581,26.719103995420006,0.0362234892176598,21.12109797041032,0.0436,22.014936016547047,0.0757385949812978,433.042980489623,3.0411675291745386
lng,SMR,SMR,solar,SMR_H_C_solar_E,Italy,1,2024,193.63315152160104,3223.8140626102013,3417.4472141318024,2.885605444975581,16.85127746633886,0.0228455290907342,41.78749115350147,0.0230399999999999,43.481610772211546,0.1495909915402742,3519.5675935238546,3.081081965606589
lng,SMR,SMR,solar,SMR_H_C_solar_E,Austria,1,2024,209.76924748173448,2734.648175863823,2944.4174233455574,2.885605444975581,13.684414387924436,0.018552165413778,28.929782082959928,0.0082399999999999,43.481610772211546,0.1495909915402742,3030.513230588653,3.0619886019296327
lng,SMR,SMR,solar,SMR_H_C_solar_E,Finland,1,2024,217.8372954618012,2927.3601542210013,3145.1974496828025,2.885605444975581,27.22434438169863,0.0369084511717668,15.940927547689158,0.0057599999999999,64.56110391457831,0.2221113564562004,3252.9238255267687,3.1503852526035483
lng,SMR,SMR,solar,SMR_H_C_solar_E,Portugal,1,2024,183.5480915465177,2481.990033884701,2665.5381254312188,2.885605444975581,12.817872374283043,0.0173773814354991,16.803559322589937,0.00896,49.423540753857885,0.1700331780607748,2744.58309788195,3.0819760044718545
lng,SMR,SMR,solar,SMR_H_C_solar_E,Germany,1,2024,207.7522354867178,2553.8101480384694,2761.562383525187,2.885605444975581,19.948978931930707,0.0270451293339769,28.316995716777623,0.02752,58.34583735079685,0.2007288025109504,2868.1741955246925,3.1408993768205082
lng,SMR,SMR,solar,SMR_H_C_solar_E,Greece,1,2024,185.5651035415343,1359.9672495439618,1545.5323530854962,2.885605444975581,11.184540606351485,0.0151630491100337,24.136345688772245,0.0256,38.655294480858075,0.1329868817410128,1619.508533861478,3.059355375826627
lng,SMR,SMR,solar,SMR_H_C_solar_E,France,1,2024,203.7182114966845,2822.2973953606916,3026.015606857376,2.885605444975581,23.213504505882067,0.031470895517943,20.531422984413005,0.0035199999999999,55.74270322845311,0.1917731679896417,3125.5032375761243,3.1123695084831655
lng,SMR,SMR,solar,SMR_H_C_solar_E,Brazil,1,2024,185.5651035415343,2721.129402620283,2906.6945061618176,2.885605444975581,102.99809327173692,0.1396360567221048,15.176345688772244,0.0082399999999999,61.4418912346397,0.2113802425593065,3086.310836356966,3.244861744256992
lng,SMR,SMR,solar,SMR_H_C_solar_E,United Kingdom,1,2024,214.81177746927617,2090.218044130285,2305.029821599561,2.885605444975581,18.53994207479783,0.0251348769763235,40.9817479984157,0.01688,55.355200589122006,0.1904400319118252,2419.9067122618962,3.1180603538637297
lng,SMR,SMR,solar,SMR_H_C_solar_E,Spain,1,2024,187.58211553655104,2060.874855012472,2248.456970549023,2.885605444975581,31.30247157646122,0.042437229251041,15.949132054954552,0.01168,47.66906092425297,0.1639971924409472,2343.3776351046918,3.103719866667569
lng,SMR,SMR,solar,SMR_H_C_solar_E,Sweden,1,2024,221.87131945183455,4298.0710247039615,4519.942344155796,2.885605444975581,33.07840154431364,0.0448448840905465,11.52280028005377,0.0028799999999999,60.07194265084708,0.2066671704497585,4624.61548863101,3.1399974995158857
lng,SMR,SMR,solar,SMR_H_C_solar_E,Czech Republic,1,2024,183.5480915465177,2085.460138510579,2269.0082300570966,2.885605444975581,29.505004291634744,0.0400003759485437,23.283559322589937,0.03312,43.481610772211546,0.1495909915402742,2365.278404443533,3.1083168124643987
lng,SMR,SMR,solar,SMR_H_C_solar_E,Japan,1,2024,217.8372954618012,2215.64823371448,2433.485529176281,2.885605444975581,12.977661099092396,0.0175940094014379,22.260927547689153,0.03856,20.26636492616301,0.0697229373608958,2488.990482749226,3.011482391737914
lng,SMR,SMR,solar,SMR_H_C_solar_E,Belgium,1,2024,206.74372948920947,1692.6334036964492,1899.3771331856587,2.885605444975581,4.233422153209155,0.0057393137788924,26.37060253368647,0.01104,56.92766564566551,0.1958498270595502,1986.9088235182198,3.0982345858140232
lng,SMR,SMR,solar,SMR_H_C_solar_E,Poland,1,2024,186.5736095390427,2343.0738576055414,2529.647467144584,2.885605444975581,16.004410049511293,0.0216974182578447,37.9227388718634,0.0492,62.56524212252678,0.2152449377760272,2646.139858188485,3.171747801009453
lng,SMR,SMR,solar,SMR_H_C_solar_E,India,1,2024,178.50556155897596,1504.4744200680564,1682.9799816270324,2.885605444975581,43.369031669780384,0.0587960453816087,14.831593407134172,0.0566399999999999,10.59373146967094,0.0364459082015484,1751.774338173618,3.0374873985587376
lng,SMR,SMR,solar,SMR_H_C_solar_E,Indonesia,1,2024,162.3694655988425,2393.910884332005,2556.280349930847,2.885605444975581,21.19081700585028,0.0287287077985997,9.929302477675712,0.05168,7.786346387408373,0.0267875834377514,2595.1868158017814,2.9928017362119324
lng,SMR,SMR,solar,SMR_H_C_solar_E,South Korea,1,2024,189.59912753156772,1747.11745934569,1936.716586877258,2.885605444975581,10.383993350619884,0.0140777352128614,14.241918421136855,0.03312,17.624287275172158,0.0606333243378496,1978.966785924187,2.993436504526292
lng,SMR,SMR,solar,SMR_H_C_solar_E,China,1,2024,184.556597544026,1494.9545151850898,1679.511112729116,2.885605444975581,117.07828218326276,0.1587247795814752,12.189952505681092,0.0448,14.848698549059618,0.0510843894600154,1823.6280459671193,3.1402146140170712
lng,SMR,SMR,solar,SMR_H_C_solar_E,United Arab Emirates,1,2024,192.62464552409276,156.82334367838078,349.44798920247354,2.885605444975581,15.525975735670064,0.0210487976973739,13.84109797041032,0.03064,22.944322992857888,0.0789359907732634,401.7593859014118,3.016230233446218
lng,SMR,SMR,solar,SMR_H_C_solar_E,United States,1,2024,201.70119950166776,1023.7172509880525,1225.41845048972,2.885605444975581,115.88348476726244,0.1571049748408973,17.038636618230697,0.03072,52.95862996936256,0.1821950435376774,1411.2992018445757,3.2556254633541557
lng,SMR,SMR,solar,SMR_H_C_solar_E,Turkey,1,2024,184.556597544026,875.305412750978,1059.862010295004,2.885605444975581,14.367053340775968,0.0194776292598864,16.749952505681094,0.0376,37.32981905913191,0.1284268118844242,1128.308835200593,3.0711098861198916
lng,SMR,SMR,solar,SMR_H_C_solar_E,Australia,1,2024,206.74372948920947,1300.7193348869644,1507.463064376174,2.885605444975581,117.82066045617007,0.1597312329179604,24.130602533686467,0.04416,11.901612906537595,0.0409454489840402,1661.3159402725682,3.1304421268775817
lng,SMR,SMR,solar,SMR_H_C_solar_E,Malaysia,1,2024,176.48854956395928,807.504808266806,983.9933578307651,2.885605444975581,22.36137877654277,0.0303156559120751,14.858807040951865,0.04832,0.0,0.0,1021.2135436482598,2.964241100887656
lng,SMR,SMR,solar,SMR_H_C_solar_E,Canada,1,2024,205.7352234917011,664.3067100605444,870.0419335522456,2.885605444975581,118.11484173619228,0.1601300588825865,13.944209350595314,0.0139999999999999,49.584341405335,0.1705863850019987,1051.6853260443681,3.230321888860166
lng,SMR,SMR,solar,SMR_H_C_solar_E,Mexico,1,2024,177.49705556146765,496.0196078691943,673.516663430662,2.885605444975581,70.584838283883,0.0956929217740524,21.525200224043015,0.042,64.86002495922516,0.2231397428169365,830.4867268978131,3.2464381095665695
lng,SMR,SMR,solar,SMR_H_C_solar_E,Thailand,1,2024,179.51406755648432,867.6432839594459,1047.1573515159305,2.885605444975581,16.66138756714907,0.0225880925121339,15.017986590225323,0.04432,5.453041263376516,0.0187602491032793,1084.2897669366814,2.9712737865909937
lng,SMR,SMR,solar,SMR_H_C_solar_E,Russia,1,2024,190.60763352907605,341.43199214542153,532.0396256744975,2.885605444975581,217.03008950143004,0.2942309408395722,12.188311604228012,0.03592,21.725117197756443,0.0747415232606332,782.9831439779119,3.290497909075786
lng,SMR,SMR,solar,SMR_H_C_solar_E,Saudi Arabia,1,2024,192.62464552409276,165.6903165284297,358.31496205252245,2.885605444975581,38.75836749584844,0.0525452989486706,10.48109797041032,0.04416,25.47038618944284,0.0876264760510543,433.02481370822403,3.069937219975306
lng,ATRCCS,BEC,wind,ATRCCS_H_BEC_C_wind_E,South Africa,1,2024,282.2603481762618,509.43915643191986,791.6995046081817,-1.6522909580234642,36.05304361240747,0.0488776508666503,12.135525238045703,0.05672,33.55415330584088,0.1154372842719738,873.4422267644757,-1.43125602288484
lng,ATRCCS,BEC,wind,ATRCCS_H_BEC_C_wind_E,Taiwan,1,2024,277.73210729642864,1144.2831187883496,1422.0152260847783,-1.6522909580234642,8.910824241692303,0.0120805378015195,18.45634568877224,0.05088,11.47902285922631,0.0394916007233694,1460.861418874469,-1.5498388194985753
lng,ATRCCS,BEC,wind,ATRCCS_H_BEC_C_wind_E,Switzerland,1,2024,333.58041148103655,4743.239425562691,5076.819837043728,-1.6522909580234642,17.100979796499654,0.0231840542772731,28.47289346314492,0.00296,44.32471484340281,0.1524915458606248,5166.718425146775,-1.4736553578855662
lng,ATRCCS,BEC,wind,ATRCCS_H_BEC_C_wind_E,Singapore,1,2024,279.2415209230397,5136.26846936208,5415.50999028512,-1.6522909580234642,0.6614965722328433,0.0008968008042448,27.9227388718634,0.03992,0.0,0.0,5444.094225729216,-1.6114741572192195
lng,ATRCCS,BEC,wind,ATRCCS_H_BEC_C_wind_E,Hungary,1,2024,271.69445278998455,1891.610509235991,2163.3049620259753,-1.6522909580234642,27.122186571715517,0.0367699542996764,20.75077295640763,0.01464,43.160799677088185,0.148487296231744,2254.338721231187,-1.4523937074920437
lng,ATRCCS,BEC,wind,ATRCCS_H_BEC_C_wind_E,Philippines,1,2024,270.1850391633735,1153.9078563519977,1424.0928955153709,-1.6522909580234642,14.30847482008127,0.0193982134825784,16.72437977331648,0.04904,8.862436757554681,0.0304896869844766,1463.9881868663233,-1.5533630575564092
lng,ATRCCS,BEC,wind,ATRCCS_H_BEC_C_wind_E,Netherlands,1,2024,309.42979345526015,3241.8912560556414,3551.3210495109015,-1.6522909580234642,6.791636792605323,0.0092075236568326,24.05060253368647,0.02024,57.04210191937808,0.196243525345994,3639.2053907565714,-1.4265999090206376
lng,ATRCCS,BEC,wind,ATRCCS_H_BEC_C_wind_E,Norway,1,2024,342.63689324070276,2420.1360910515837,2762.7729842922863,-1.6522909580234642,31.586172849052392,0.0428218473127285,15.911252561691846,0.00248,60.53321201401219,0.2082540882335661,2870.803621717043,-1.3987350224771695
lng,ATRCCS,BEC,wind,ATRCCS_H_BEC_C_wind_E,Oman,1,2024,288.2980026827058,294.2258343186901,582.5238370013959,-1.6522909580234642,26.719103995420006,0.0362234892176598,21.12109797041032,0.0436,22.014936016547047,0.0757385949812978,652.3789749837733,-1.4967288738245064
lng,ATRCCS,BEC,wind,ATRCCS_H_BEC_C_wind_E,Italy,1,2024,289.8074163093168,3622.8271040620975,3912.6345203714145,-1.6522909580234642,16.85127746633886,0.0228455290907342,41.78749115350147,0.0230399999999999,43.481610772211546,0.1495909915402742,4014.7548997634667,-1.4568144373924559
lng,ATRCCS,BEC,wind,ATRCCS_H_BEC_C_wind_E,Austria,1,2024,313.95803433509326,3069.1283248752893,3383.0863592103824,-1.6522909580234642,13.684414387924436,0.018552165413778,28.929782082959928,0.0082399999999999,43.481610772211546,0.1495909915402742,3469.182166453478,-1.4759078010694122
lng,ATRCCS,BEC,wind,ATRCCS_H_BEC_C_wind_E,Finland,1,2024,326.0333433479815,3251.953476050561,3577.9868193985426,-1.6522909580234642,27.22434438169863,0.0369084511717668,15.940927547689158,0.0057599999999999,64.56110391457831,0.2221113564562004,3685.713195242509,-1.3875111503954969
lng,ATRCCS,BEC,wind,ATRCCS_H_BEC_C_wind_E,Portugal,1,2024,274.7132800432066,2819.509717501347,3094.2229975445534,-1.6522909580234642,12.817872374283043,0.0173773814354991,16.803559322589937,0.00896,49.423540753857885,0.1700331780607748,3173.2679699952846,-1.45592039852719
lng,ATRCCS,BEC,wind,ATRCCS_H_BEC_C_wind_E,Germany,1,2024,310.93920708187125,2876.5979693808854,3187.5371764627566,-1.6522909580234642,19.948978931930707,0.0270451293339769,28.316995716777623,0.02752,58.34583735079685,0.2007288025109504,3294.148988462262,-1.396997026178537
lng,ATRCCS,BEC,wind,ATRCCS_H_BEC_C_wind_E,Greece,1,2024,277.73210729642864,1587.2354327302946,1864.967540026723,-1.6522909580234642,11.184540606351485,0.0151630491100337,24.136345688772245,0.0256,38.655294480858075,0.1329868817410128,1938.943720802705,-1.4785410271724175
lng,ATRCCS,BEC,wind,ATRCCS_H_BEC_C_wind_E,France,1,2024,304.9015525754271,3177.156327069593,3482.05787964502,-1.6522909580234642,23.213504505882067,0.031470895517943,20.531422984413005,0.0035199999999999,55.74270322845311,0.1917731679896417,3581.5455103637682,-1.4255268945158794
lng,ATRCCS,BEC,wind,ATRCCS_H_BEC_C_wind_E,Brazil,1,2024,277.73210729642864,3033.80186635963,3311.5339736560586,-1.6522909580234642,102.99809327173692,0.1396360567221048,15.176345688772244,0.0082399999999999,61.4418912346397,0.2113802425593065,3491.150303851207,-1.293034658742053
lng,ATRCCS,BEC,wind,ATRCCS_H_BEC_C_wind_E,United Kingdom,1,2024,321.5051024681483,2336.235146921462,2657.74024938961,-1.6522909580234642,18.53994207479783,0.0251348769763235,40.9817479984157,0.01688,55.355200589122006,0.1904400319118252,2772.6171400519456,-1.4198360491353155
lng,ATRCCS,BEC,wind,ATRCCS_H_BEC_C_wind_E,Spain,1,2024,280.75093454965065,2332.6249686366696,2613.37590318632,-1.6522909580234642,31.30247157646122,0.042437229251041,15.949132054954552,0.01168,47.66906092425297,0.1639971924409472,2708.296567741989,-1.434176536331476
lng,ATRCCS,BEC,wind,ATRCCS_H_BEC_C_wind_E,Sweden,1,2024,332.07099785442557,4752.030401516178,5084.101399370604,-1.6522909580234642,33.07840154431364,0.0448448840905465,11.52280028005377,0.0028799999999999,60.07194265084708,0.2066671704497585,5188.774543845818,-1.3978989034831593
lng,ATRCCS,BEC,wind,ATRCCS_H_BEC_C_wind_E,Czech Republic,1,2024,274.7132800432066,2371.29116390809,2646.0044439512967,-1.6522909580234642,29.505004291634744,0.0400003759485437,23.283559322589937,0.03312,43.481610772211546,0.1495909915402742,2742.274618337733,-1.4295795905346462
lng,ATRCCS,BEC,wind,ATRCCS_H_BEC_C_wind_E,Japan,1,2024,326.0333433479815,2619.8635664260582,2945.8969097740396,-1.6522909580234642,12.977661099092396,0.0175940094014379,22.260927547689153,0.03856,20.26636492616301,0.0697229373608958,3001.4018633469846,-1.5264140112611304
lng,ATRCCS,BEC,wind,ATRCCS_H_BEC_C_wind_E,Belgium,1,2024,309.42979345526015,1912.7831252051517,2222.2129186604116,-1.6522909580234642,4.233422153209155,0.0057393137788924,26.37060253368647,0.01104,56.92766564566551,0.1958498270595502,2309.7446089929726,-1.4396618171850217
lng,ATRCCS,BEC,wind,ATRCCS_H_BEC_C_wind_E,Poland,1,2024,279.2415209230397,2625.020249888238,2904.261770811278,-1.6522909580234642,16.004410049511293,0.0216974182578447,37.9227388718634,0.0492,62.56524212252678,0.2152449377760272,3020.754161855179,-1.3661486019895923
lng,ATRCCS,BEC,wind,ATRCCS_H_BEC_C_wind_E,India,1,2024,267.1662119101515,1751.994159342586,2019.1603712527376,-1.6522909580234642,43.369031669780384,0.0587960453816087,14.831593407134172,0.0566399999999999,10.59373146967094,0.0364459082015484,2087.954727799323,-1.5004090044403071
lng,ATRCCS,BEC,wind,ATRCCS_H_BEC_C_wind_E,Indonesia,1,2024,243.01559388437505,2772.7406482415727,3015.7562421259477,-1.6522909580234642,21.19081700585028,0.0287287077985997,9.929302477675712,0.05168,7.786346387408373,0.0267875834377514,3054.662707996882,-1.5450946667871133
lng,ATRCCS,BEC,wind,ATRCCS_H_BEC_C_wind_E,South Korea,1,2024,283.7697618028727,2034.742076918842,2318.511838721715,-1.6522909580234642,10.383993350619884,0.0140777352128614,14.241918421136855,0.03312,17.624287275172158,0.0606333243378496,2360.7620377686435,-1.5444598984727531
lng,ATRCCS,BEC,wind,ATRCCS_H_BEC_C_wind_E,China,1,2024,276.2226936698176,1713.4364923809408,1989.6591860507583,-1.6522909580234642,117.07828218326276,0.1587247795814752,12.189952505681092,0.0448,14.848698549059618,0.0510843894600154,2133.7761192887615,-1.3976817889819735
lng,ATRCCS,BEC,wind,ATRCCS_H_BEC_C_wind_E,United Arab Emirates,1,2024,288.2980026827058,293.19384166430285,581.4918443470087,-1.6522909580234642,15.525975735670064,0.0210487976973739,13.84109797041032,0.03064,22.944322992857888,0.0789359907732634,633.8032410459471,-1.5216661695528269
lng,ATRCCS,BEC,wind,ATRCCS_H_BEC_C_wind_E,United States,1,2024,301.88272532220503,1188.6712523057274,1490.5539776279325,-1.6522909580234642,115.88348476726244,0.1571049748408973,17.038636618230697,0.03072,52.95862996936256,0.1821950435376774,1676.434728982788,-1.2822709396448895
lng,ATRCCS,BEC,wind,ATRCCS_H_BEC_C_wind_E,Turkey,1,2024,276.2226936698176,1091.8287556950577,1368.0514493648752,-1.6522909580234642,14.367053340775968,0.0194776292598864,16.749952505681094,0.0376,37.32981905913191,0.1284268118844242,1436.4982742704642,-1.4667865168791534
lng,ATRCCS,BEC,wind,ATRCCS_H_BEC_C_wind_E,Australia,1,2024,309.42979345526015,1508.318982174923,1817.7487756301828,-1.6522909580234642,117.82066045617007,0.1597312329179604,24.130602533686467,0.04416,11.901612906537595,0.0409454489840402,1971.601651526577,-1.4074542761214637
lng,ATRCCS,BEC,wind,ATRCCS_H_BEC_C_wind_E,Malaysia,1,2024,264.14738465692943,1043.172380660409,1307.3197653173386,-1.6522909580234642,22.36137877654277,0.0303156559120751,14.858807040951865,0.04832,0.0,0.0,1344.5399511348332,-1.573655302111389
lng,ATRCCS,BEC,wind,ATRCCS_H_BEC_C_wind_E,Canada,1,2024,307.9203798286492,772.049233966183,1079.9696137948322,-1.6522909580234642,118.11484173619228,0.1601300588825865,13.944209350595314,0.0139999999999999,49.584341405335,0.1705863850019987,1261.6130062869547,-1.3075745141388793
lng,ATRCCS,BEC,wind,ATRCCS_H_BEC_C_wind_E,Mexico,1,2024,265.65679828354047,637.2499351707536,902.906733454294,-1.6522909580234642,70.584838283883,0.0956929217740524,21.525200224043015,0.042,64.86002495922516,0.2231397428169365,1059.8767969214452,-1.2914582934324752
lng,ATRCCS,BEC,wind,ATRCCS_H_BEC_C_wind_E,Thailand,1,2024,268.6756255367625,1096.5286296803138,1365.2042552170765,-1.6522909580234642,16.66138756714907,0.0225880925121339,15.017986590225323,0.04432,5.453041263376516,0.0187602491032793,1402.3366706378274,-1.566622616408051
lng,ATRCCS,BEC,wind,ATRCCS_H_BEC_C_wind_E,Russia,1,2024,285.27917542948376,549.9006748096035,835.1798502390873,-1.6522909580234642,217.03008950143004,0.2942309408395722,12.188311604228012,0.03592,21.725117197756443,0.0747415232606332,1086.1233685425016,-1.2473984939232587
lng,ATRCCS,BEC,wind,ATRCCS_H_BEC_C_wind_E,Saudi Arabia,1,2024,288.2980026827058,291.9545295375589,580.2525322202648,-1.6522909580234642,38.75836749584844,0.0525452989486706,10.48109797041032,0.04416,25.47038618944284,0.0876264760510543,654.9623838759665,-1.4679591830237393
lng,BG,BEC,wind,BG_H_BEC_C_wind_E,South Africa,1,2024,294.96702578968717,802.8298553245437,1097.796881114231,-1.718635841892217,36.05304361240747,0.0488776508666503,12.135525238045703,0.05672,33.55415330584088,0.1154372842719738,1179.5396032705248,-1.497600906753593
lng,BG,BEC,wind,BG_H_BEC_C_wind_E,Taiwan,1,2024,290.23493446685796,857.00930571361,1147.244240180468,-1.718635841892217,8.910824241692303,0.0120805378015195,18.45634568877224,0.05088,11.47902285922631,0.0394916007233694,1186.0904329701589,-1.616183703367328
lng,BG,BEC,wind,BG_H_BEC_C_wind_E,Switzerland,1,2024,348.59739411508485,1361.9848860540817,1710.5822801691666,-1.718635841892217,17.100979796499654,0.0231840542772731,28.47289346314492,0.00296,44.32471484340281,0.1524915458606248,1800.4808682722137,-1.540000241754319
lng,BG,BEC,wind,BG_H_BEC_C_wind_E,Singapore,1,2024,291.8122982411344,1312.1967151260471,1604.0090133671815,-1.718635841892217,0.6614965722328433,0.0008968008042448,27.9227388718634,0.03992,0.0,0.0,1632.5932488112778,-1.6778190410879723
lng,BG,BEC,wind,BG_H_BEC_C_wind_E,Hungary,1,2024,283.9254793697524,935.4147631311076,1219.34024250086,-1.718635841892217,27.122186571715517,0.0367699542996764,20.75077295640763,0.01464,43.160799677088185,0.148487296231744,1310.3740017060713,-1.5187385913607965
lng,BG,BEC,wind,BG_H_BEC_C_wind_E,Philippines,1,2024,282.348115595476,853.9126176008689,1136.260733196345,-1.718635841892217,14.30847482008127,0.0193982134825784,16.72437977331648,0.04904,8.862436757554681,0.0304896869844766,1176.1560245472974,-1.619707941425162
lng,BG,BEC,wind,BG_H_BEC_C_wind_E,Netherlands,1,2024,323.35957372666235,1138.9831859451913,1462.3427596718536,-1.718635841892217,6.791636792605323,0.0092075236568326,24.05060253368647,0.02024,57.04210191937808,0.196243525345994,1550.2271009175236,-1.4929447928893904
lng,BG,BEC,wind,BG_H_BEC_C_wind_E,Norway,1,2024,358.06157676074326,1105.8537227951076,1463.9152995558509,-1.718635841892217,31.586172849052392,0.0428218473127285,15.911252561691846,0.00248,60.53321201401219,0.2082540882335661,1571.9459369806073,-1.4650799063459223
lng,BG,BEC,wind,BG_H_BEC_C_wind_E,Oman,1,2024,301.2764808867928,791.223241123215,1092.4997220100076,-1.718635841892217,26.719103995420006,0.0362234892176598,21.12109797041032,0.0436,22.014936016547047,0.0757385949812978,1162.3548599923852,-1.5630737576932592
lng,BG,BEC,wind,BG_H_BEC_C_wind_E,Italy,1,2024,302.85384466106916,1169.5909928546462,1472.444837515715,-1.718635841892217,16.85127746633886,0.0228455290907342,41.78749115350147,0.0230399999999999,43.481610772211546,0.1495909915402742,1574.5652169077669,-1.5231593212612087
lng,BG,BEC,wind,BG_H_BEC_C_wind_E,Austria,1,2024,328.0916650494916,1139.161336091178,1467.2530011406695,-1.718635841892217,13.684414387924436,0.018552165413778,28.929782082959928,0.0082399999999999,43.481610772211546,0.1495909915402742,1553.3488083837653,-1.542252684938165
lng,BG,BEC,wind,BG_H_BEC_C_wind_E,Finland,1,2024,340.71057524370286,1154.4343560959226,1495.1449313396254,-1.718635841892217,27.22434438169863,0.0369084511717668,15.940927547689158,0.0057599999999999,64.56110391457831,0.2221113564562004,1602.8713071835914,-1.4538560342642497
lng,BG,BEC,wind,BG_H_BEC_C_wind_E,Portugal,1,2024,287.0802069183052,1033.8598379017956,1320.9400448201009,-1.718635841892217,12.817872374283043,0.0173773814354991,16.803559322589937,0.00896,49.423540753857885,0.1700331780607748,1399.9850172708318,-1.5222652823959428
lng,BG,BEC,wind,BG_H_BEC_C_wind_E,Germany,1,2024,324.93693750093877,1138.56223558874,1463.4991730896786,-1.718635841892217,19.948978931930707,0.0270451293339769,28.316995716777623,0.02752,58.34583735079685,0.2007288025109504,1570.110985089184,-1.4633419100472898
lng,BG,BEC,wind,BG_H_BEC_C_wind_E,Greece,1,2024,290.23493446685796,928.5912172722758,1218.8261517391338,-1.718635841892217,11.184540606351485,0.0151630491100337,24.136345688772245,0.0256,38.655294480858075,0.1329868817410128,1292.8023325151157,-1.5448859110411703
lng,BG,BEC,wind,BG_H_BEC_C_wind_E,France,1,2024,318.6274824038332,1145.0650755645077,1463.692557968341,-1.718635841892217,23.213504505882067,0.031470895517943,20.531422984413005,0.0035199999999999,55.74270322845311,0.1917731679896417,1563.1801886870892,-1.4918717783846323
lng,BG,BEC,wind,BG_H_BEC_C_wind_E,Brazil,1,2024,290.23493446685796,1027.4876871220486,1317.7226215889066,-1.718635841892217,102.99809327173692,0.1396360567221048,15.176345688772244,0.0082399999999999,61.4418912346397,0.2113802425593065,1497.3389517840556,-1.3593795426108057
lng,BG,BEC,wind,BG_H_BEC_C_wind_E,United Kingdom,1,2024,335.9784839208736,1032.0452675551303,1368.0237514760038,-1.718635841892217,18.53994207479783,0.0251348769763235,40.9817479984157,0.01688,55.355200589122006,0.1904400319118252,1482.9006421383392,-1.4861809330040683
lng,BG,BEC,wind,BG_H_BEC_C_wind_E,Spain,1,2024,293.38966201541075,1016.6600714310443,1310.049733446455,-1.718635841892217,31.30247157646122,0.042437229251041,15.949132054954552,0.01168,47.66906092425297,0.1639971924409472,1404.9703980021238,-1.5005214202002288
lng,BG,BEC,wind,BG_H_BEC_C_wind_E,Sweden,1,2024,347.0200303408085,1303.252936993607,1650.2729673344152,-1.718635841892217,33.07840154431364,0.0448448840905465,11.52280028005377,0.0028799999999999,60.07194265084708,0.2066671704497585,1754.9461118096299,-1.464243787351912
lng,BG,BEC,wind,BG_H_BEC_C_wind_E,Czech Republic,1,2024,287.0802069183052,995.1237901462669,1282.203997064572,-1.718635841892217,29.505004291634744,0.0400003759485437,23.283559322589937,0.03312,43.481610772211546,0.1495909915402742,1378.4741714510083,-1.495924474403399
lng,BG,BEC,wind,BG_H_BEC_C_wind_E,Japan,1,2024,340.71057524370286,1102.8009802886097,1443.5115555323125,-1.718635841892217,12.977661099092396,0.0175940094014379,22.260927547689153,0.03856,20.26636492616301,0.0697229373608958,1499.016509105257,-1.5927588951298832
lng,BG,BEC,wind,BG_H_BEC_C_wind_E,Belgium,1,2024,323.35957372666235,1056.4987982625214,1379.8583719891838,-1.718635841892217,4.233422153209155,0.0057393137788924,26.37060253368647,0.01104,56.92766564566551,0.1958498270595502,1467.3900623217448,-1.5060067010537745
lng,BG,BEC,wind,BG_H_BEC_C_wind_E,Poland,1,2024,291.8122982411344,1007.315431851456,1299.1277300925904,-1.718635841892217,16.004410049511293,0.0216974182578447,37.9227388718634,0.0492,62.56524212252678,0.2152449377760272,1415.620121136492,-1.4324934858583451
lng,BG,BEC,wind,BG_H_BEC_C_wind_E,India,1,2024,279.19338804692313,900.7175357770765,1179.9109238239996,-1.718635841892217,43.369031669780384,0.0587960453816087,14.831593407134172,0.0566399999999999,10.59373146967094,0.0364459082015484,1248.7052803705853,-1.56675388830906
lng,BG,BEC,wind,BG_H_BEC_C_wind_E,Indonesia,1,2024,253.95556765850068,1013.1775964737697,1267.1331641322704,-1.718635841892217,21.19081700585028,0.0287287077985997,9.929302477675712,0.05168,7.786346387408373,0.0267875834377514,1306.0396300032048,-1.611439550655866
lng,BG,BEC,wind,BG_H_BEC_C_wind_E,South Korea,1,2024,296.54438956396353,1002.3166818432863,1298.86107140725,-1.718635841892217,10.383993350619884,0.0140777352128614,14.241918421136855,0.03312,17.624287275172158,0.0606333243378496,1341.111270454179,-1.610804782341506
lng,BG,BEC,wind,BG_H_BEC_C_wind_E,China,1,2024,288.6575706925816,893.72167472555,1182.3792454181316,-1.718635841892217,117.07828218326276,0.1587247795814752,12.189952505681092,0.0448,14.848698549059618,0.0510843894600154,1326.496178656135,-1.4640266728507263
lng,BG,BEC,wind,BG_H_BEC_C_wind_E,United Arab Emirates,1,2024,301.2764808867928,790.1554293383928,1091.4319102251857,-1.718635841892217,15.525975735670064,0.0210487976973739,13.84109797041032,0.03064,22.944322992857888,0.0789359907732634,1143.743306924124,-1.5880110534215797
lng,BG,BEC,wind,BG_H_BEC_C_wind_E,United States,1,2024,315.47275485528036,958.3701092697744,1273.8428641250546,-1.718635841892217,115.88348476726244,0.1571049748408973,17.038636618230697,0.03072,52.95862996936256,0.1821950435376774,1459.7236154799102,-1.3486158235136423
lng,BG,BEC,wind,BG_H_BEC_C_wind_E,Turkey,1,2024,288.6575706925816,871.0842667878612,1159.7418374804429,-1.718635841892217,14.367053340775968,0.0194776292598864,16.749952505681094,0.0376,37.32981905913191,0.1284268118844242,1228.1886623860319,-1.5331314007479062
lng,BG,BEC,wind,BG_H_BEC_C_wind_E,Australia,1,2024,323.35957372666235,989.8542119817992,1313.2137857084615,-1.718635841892217,117.82066045617007,0.1597312329179604,24.130602533686467,0.04416,11.901612906537595,0.0409454489840402,1467.0666616048557,-1.4737991599902165
lng,BG,BEC,wind,BG_H_BEC_C_wind_E,Malaysia,1,2024,276.03866049837035,860.8453517310351,1136.8840122294057,-1.718635841892217,22.36137877654277,0.0303156559120751,14.858807040951865,0.04832,0.0,0.0,1174.1041980469004,-1.6400001859801419
lng,BG,BEC,wind,BG_H_BEC_C_wind_E,Canada,1,2024,321.782209952386,892.9750239831807,1214.7572339355663,-1.718635841892217,118.11484173619228,0.1601300588825865,13.944209350595314,0.0139999999999999,49.584341405335,0.1705863850019987,1396.4006264276888,-1.373919398007632
lng,BG,BEC,wind,BG_H_BEC_C_wind_E,Mexico,1,2024,277.61602427264677,804.7894094439037,1082.4054337165503,-1.718635841892217,70.584838283883,0.0956929217740524,21.525200224043015,0.042,64.86002495922516,0.2231397428169365,1239.3754971837016,-1.357803177301228
lng,BG,BEC,wind,BG_H_BEC_C_wind_E,Thailand,1,2024,280.77075182119955,855.761204944034,1136.5319567652336,-1.718635841892217,16.66138756714907,0.0225880925121339,15.017986590225323,0.04432,5.453041263376516,0.0187602491032793,1173.6643721859846,-1.6329675002768038
lng,BG,BEC,wind,BG_H_BEC_C_wind_E,Russia,1,2024,298.12175333823996,830.9626994291589,1129.084452767399,-1.718635841892217,217.03008950143004,0.2942309408395722,12.188311604228012,0.03592,21.725117197756443,0.0747415232606332,1380.0279710708132,-1.3137433777920116
lng,BG,BEC,wind,BG_H_BEC_C_wind_E,Saudi Arabia,1,2024,301.2764808867928,787.6590615978203,1088.935542484613,-1.718635841892217,38.75836749584844,0.0525452989486706,10.48109797041032,0.04416,25.47038618944284,0.0876264760510543,1163.6453941403147,-1.534304066892492
lng,LTE,BEC,wind,LTE_H_BEC_C_wind_E,South Africa,1,2024,360.60683078968714,1398.6921441258212,1759.2989749155083,-2.0493708153217463,36.05304361240747,0.0488776508666503,12.135525238045703,0.05672,33.55415330584088,0.1154372842719738,1841.0416970718022,-1.828335880183122
lng,LTE,BEC,wind,LTE_H_BEC_C_wind_E,Taiwan,1,2024,354.82169446685793,827.4733085387941,1182.295003005652,-2.0493708153217463,8.910824241692303,0.0120805378015195,18.45634568877224,0.05088,11.47902285922631,0.0394916007233694,1221.1411957953428,-1.9469186767968574
lng,LTE,BEC,wind,LTE_H_BEC_C_wind_E,Switzerland,1,2024,426.1717091150848,1861.4599828893472,2287.631692004432,-2.0493708153217463,17.100979796499654,0.0231840542772731,28.47289346314492,0.00296,44.32471484340281,0.1524915458606248,2377.5302801074795,-1.8707352151838486
lng,LTE,BEC,wind,LTE_H_BEC_C_wind_E,Singapore,1,2024,356.7500732411343,2573.8188389328297,2930.568912173964,-2.0493708153217463,0.6614965722328433,0.0008968008042448,27.9227388718634,0.03992,0.0,0.0,2959.15314761806,-2.0085540145175016
lng,LTE,BEC,wind,LTE_H_BEC_C_wind_E,Hungary,1,2024,347.10817936975235,1377.795725975323,1724.9039053450754,-2.0493708153217463,27.122186571715517,0.0367699542996764,20.75077295640763,0.01464,43.160799677088185,0.148487296231744,1815.9376645502866,-1.849473564790326
lng,LTE,BEC,wind,LTE_H_BEC_C_wind_E,Philippines,1,2024,345.1798005954759,1631.6342799899242,1976.8140805854,-2.0493708153217463,14.30847482008127,0.0193982134825784,16.72437977331648,0.04904,8.862436757554681,0.0304896869844766,2016.7093719363525,-1.9504429148546911
lng,LTE,BEC,wind,LTE_H_BEC_C_wind_E,Netherlands,1,2024,395.3176487266624,1416.4149800563027,1811.732628782965,-2.0493708153217463,6.791636792605323,0.0092075236568326,24.05060253368647,0.02024,57.04210191937808,0.196243525345994,1899.616970028635,-1.82367976631892
lng,LTE,BEC,wind,LTE_H_BEC_C_wind_E,Norway,1,2024,437.7419817607432,1361.512046555701,1799.2540283164444,-2.0493708153217463,31.586172849052392,0.0428218473127285,15.911252561691846,0.00248,60.53321201401219,0.2082540882335661,1907.2846657412008,-1.7958148797754518
lng,LTE,BEC,wind,LTE_H_BEC_C_wind_E,Oman,1,2024,368.3203458867927,1459.793909808608,1828.1142556954003,-2.0493708153217463,26.719103995420006,0.0362234892176598,21.12109797041032,0.0436,22.014936016547047,0.0757385949812978,1897.9693936777778,-1.8938087311227885
lng,LTE,BEC,wind,LTE_H_BEC_C_wind_E,Italy,1,2024,370.2487246610691,1648.676464713126,2018.9251893741953,-2.0493708153217463,16.85127746633886,0.0228455290907342,41.78749115350147,0.0230399999999999,43.481610772211546,0.1495909915402742,2121.0455687662475,-1.853894294690738
lng,LTE,BEC,wind,LTE_H_BEC_C_wind_E,Austria,1,2024,401.1027850494916,1520.2278564913615,1921.330641540853,-2.0493708153217463,13.684414387924436,0.018552165413778,28.929782082959928,0.0082399999999999,43.481610772211546,0.1495909915402742,2007.426448783949,-1.8729876583676943
lng,LTE,BEC,wind,LTE_H_BEC_C_wind_E,Finland,1,2024,416.5298152437028,1455.4754933661789,1872.0053086098817,-2.0493708153217463,27.22434438169863,0.0369084511717668,15.940927547689158,0.0057599999999999,64.56110391457831,0.2221113564562004,1979.7316844538477,-1.7845910076937788
lng,LTE,BEC,wind,LTE_H_BEC_C_wind_E,Portugal,1,2024,350.96493691830517,1595.8495008227712,1946.8144377410763,-2.0493708153217463,12.817872374283043,0.0173773814354991,16.803559322589937,0.00896,49.423540753857885,0.1700331780607748,2025.8594101918072,-1.8530002558254723
lng,LTE,BEC,wind,LTE_H_BEC_C_wind_E,Germany,1,2024,397.2460275009388,1718.7233021340292,2115.969329634968,-2.0493708153217463,19.948978931930707,0.0270451293339769,28.316995716777623,0.02752,58.34583735079685,0.2007288025109504,2222.581141634473,-1.7940768834768188
lng,LTE,BEC,wind,LTE_H_BEC_C_wind_E,Greece,1,2024,354.82169446685793,1393.713254202242,1748.5349486691,-2.0493708153217463,11.184540606351485,0.0151630491100337,24.136345688772245,0.0256,38.655294480858075,0.1329868817410128,1822.511129445082,-1.8756208844706999
lng,LTE,BEC,wind,LTE_H_BEC_C_wind_E,France,1,2024,389.5325124038332,1591.636193271513,1981.1687056753465,-2.0493708153217463,23.213504505882067,0.031470895517943,20.531422984413005,0.0035199999999999,55.74270322845311,0.1917731679896417,2080.6563363940945,-1.8226067518141615
lng,LTE,BEC,wind,LTE_H_BEC_C_wind_E,Brazil,1,2024,354.82169446685793,898.0334715240035,1252.8551659908617,-2.0493708153217463,102.99809327173692,0.1396360567221048,15.176345688772244,0.0082399999999999,61.4418912346397,0.2113802425593065,1432.4714961860107,-1.690114516040335
lng,LTE,BEC,wind,LTE_H_BEC_C_wind_E,United Kingdom,1,2024,410.7446789208736,1090.9640468344846,1501.7087257553585,-2.0493708153217463,18.53994207479783,0.0251348769763235,40.9817479984157,0.01688,55.355200589122006,0.1904400319118252,1616.585616417694,-1.8169159064335976
lng,LTE,BEC,wind,LTE_H_BEC_C_wind_E,Spain,1,2024,358.67845201541076,1185.5025660119302,1544.181018027341,-2.0493708153217463,31.30247157646122,0.042437229251041,15.949132054954552,0.01168,47.66906092425297,0.1639971924409472,1639.1016825830097,-1.8312563936297583
lng,LTE,BEC,wind,LTE_H_BEC_C_wind_E,Sweden,1,2024,424.2433303408085,1574.6927662429707,1998.936096583779,-2.0493708153217463,33.07840154431364,0.0448448840905465,11.52280028005377,0.0028799999999999,60.07194265084708,0.2066671704497585,2103.6092410589936,-1.7949787607814416
lng,LTE,BEC,wind,LTE_H_BEC_C_wind_E,Czech Republic,1,2024,350.96493691830517,1618.1166802019052,1969.0816171202105,-2.0493708153217463,29.505004291634744,0.0400003759485437,23.283559322589937,0.03312,43.481610772211546,0.1495909915402742,2065.351791506647,-1.826659447832928
lng,LTE,BEC,wind,LTE_H_BEC_C_wind_E,Japan,1,2024,416.5298152437028,3489.4804743035497,3906.010289547252,-2.0493708153217463,12.977661099092396,0.0175940094014379,22.260927547689153,0.03856,20.26636492616301,0.0697229373608958,3961.515243120197,-1.9234938685594127
lng,LTE,BEC,wind,LTE_H_BEC_C_wind_E,Belgium,1,2024,395.3176487266624,1541.313321542964,1936.6309702696265,-2.0493708153217463,4.233422153209155,0.0057393137788924,26.37060253368647,0.01104,56.92766564566551,0.1958498270595502,2024.1626606021875,-1.8367416744833038
lng,LTE,BEC,wind,LTE_H_BEC_C_wind_E,Poland,1,2024,356.7500732411343,1517.3430777999076,1874.093151041042,-2.0493708153217463,16.004410049511293,0.0216974182578447,37.9227388718634,0.0492,62.56524212252678,0.2152449377760272,1990.5855420849434,-1.7632284592878742
lng,LTE,BEC,wind,LTE_H_BEC_C_wind_E,India,1,2024,341.32304304692315,1367.5138175856564,1708.8368606325796,-2.0493708153217463,43.369031669780384,0.0587960453816087,14.831593407134172,0.0566399999999999,10.59373146967094,0.0364459082015484,1777.6312171791653,-1.8974888617385892
lng,LTE,BEC,wind,LTE_H_BEC_C_wind_E,Indonesia,1,2024,310.46898265850064,2373.1857391872127,2683.6547218457135,-2.0493708153217463,21.19081700585028,0.0287287077985997,9.929302477675712,0.05168,7.786346387408373,0.0267875834377514,2722.561187716648,-1.9421745240853951
lng,LTE,BEC,wind,LTE_H_BEC_C_wind_E,South Korea,1,2024,362.5352095639636,1970.329659897448,2332.8648694614117,-2.0493708153217463,10.383993350619884,0.0140777352128614,14.241918421136855,0.03312,17.624287275172158,0.0606333243378496,2375.1150685083403,-1.9415397557710352
lng,LTE,BEC,wind,LTE_H_BEC_C_wind_E,China,1,2024,352.89331569258155,849.0988727157921,1201.9921884083735,-2.0493708153217463,117.07828218326276,0.1587247795814752,12.189952505681092,0.0448,14.848698549059618,0.0510843894600154,1346.109121646377,-1.7947616462802556
lng,LTE,BEC,wind,LTE_H_BEC_C_wind_E,United Arab Emirates,1,2024,368.3203458867927,1456.9574146237858,1825.2777605105784,-2.0493708153217463,15.525975735670064,0.0210487976973739,13.84109797041032,0.03064,22.944322992857888,0.0789359907732634,1877.5891572095168,-1.918746026851109
lng,LTE,BEC,wind,LTE_H_BEC_C_wind_E,United States,1,2024,385.6757548552804,1222.588493616786,1608.2642484720664,-2.0493708153217463,115.88348476726244,0.1571049748408973,17.038636618230697,0.03072,52.95862996936256,0.1821950435376774,1794.144999826922,-1.6793507969431716
lng,LTE,BEC,wind,LTE_H_BEC_C_wind_E,Turkey,1,2024,352.89331569258155,2134.058025206327,2486.9513408989083,-2.0493708153217463,14.367053340775968,0.0194776292598864,16.749952505681094,0.0376,37.32981905913191,0.1284268118844242,2555.398165804497,-1.8638663741774353
lng,LTE,BEC,wind,LTE_H_BEC_C_wind_E,Australia,1,2024,395.3176487266624,1342.0489950231026,1737.366643749765,-2.0493708153217463,117.82066045617007,0.1597312329179604,24.130602533686467,0.04416,11.901612906537595,0.0409454489840402,1891.2195196461591,-1.8045341334197458
lng,LTE,BEC,wind,LTE_H_BEC_C_wind_E,Malaysia,1,2024,337.4662854983703,2279.2763978060248,2616.742683304395,-2.0493708153217463,22.36137877654277,0.0303156559120751,14.858807040951865,0.04832,0.0,0.0,2653.9628691218895,-1.9707351594096711
lng,LTE,BEC,wind,LTE_H_BEC_C_wind_E,Canada,1,2024,393.389269952386,1129.014716721383,1522.4039866737687,-2.0493708153217463,118.11484173619228,0.1601300588825865,13.944209350595314,0.0139999999999999,49.584341405335,0.1705863850019987,1704.0473791658912,-1.7046543714371614
lng,LTE,BEC,wind,LTE_H_BEC_C_wind_E,Mexico,1,2024,339.39466427264676,1327.9640666690923,1667.358730941739,-2.0493708153217463,70.584838283883,0.0956929217740524,21.525200224043015,0.042,64.86002495922516,0.2231397428169365,1824.3287944088902,-1.6885381507307575
lng,LTE,BEC,wind,LTE_H_BEC_C_wind_E,Thailand,1,2024,343.25142182119953,2002.5045322882393,2345.755954109439,-2.0493708153217463,16.66138756714907,0.0225880925121339,15.017986590225323,0.04432,5.453041263376516,0.0187602491032793,2382.88836953019,-1.9637024737063333
lng,LTE,BEC,wind,LTE_H_BEC_C_wind_E,Russia,1,2024,364.46358833824,2827.3075254802047,3191.7711138184445,-2.0493708153217463,217.03008950143004,0.2942309408395722,12.188311604228012,0.03592,21.725117197756443,0.0747415232606332,3442.7146321218593,-1.6444783512215408
lng,LTE,BEC,wind,LTE_H_BEC_C_wind_E,Saudi Arabia,1,2024,368.3203458867927,1455.213316662819,1823.533662549611,-2.0493708153217463,38.75836749584844,0.0525452989486706,10.48109797041032,0.04416,25.47038618944284,0.0876264760510543,1898.2435142053127,-1.8650390403220214
lng,SMR,BEC,wind,SMR_H_BEC_C_wind_E,South Africa,1,2024,188.59062153405935,427.2328626844628,615.8234842185223,2.9503283715438964,36.05304361240747,0.0488776508666503,12.135525238045703,0.05672,33.55415330584088,0.1154372842719738,697.5662063748163,3.1713633066825206
lng,SMR,BEC,wind,SMR_H_BEC_C_wind_E,Taiwan,1,2024,185.5651035415343,1024.7475625432642,1210.3126660847984,2.9503283715438964,8.910824241692303,0.0120805378015195,18.45634568877224,0.05088,11.47902285922631,0.0394916007233694,1249.1588588744892,3.052780510068785
lng,SMR,BEC,wind,SMR_H_BEC_C_wind_E,Switzerland,1,2024,222.8798254493429,4310.934634039467,4533.81445948881,2.9503283715438964,17.100979796499654,0.0231840542772731,28.47289346314492,0.00296,44.32471484340281,0.1524915458606248,4623.7130475918575,3.128963971681794
lng,SMR,BEC,wind,SMR_H_BEC_C_wind_E,Singapore,1,2024,186.5736095390427,4628.339473270302,4814.913082809345,2.9503283715438964,0.6614965722328433,0.0008968008042448,27.9227388718634,0.03992,0.0,0.0,4843.497318253441,2.991145172348141
lng,SMR,BEC,wind,SMR_H_BEC_C_wind_E,Hungary,1,2024,181.531079551501,1692.701390546397,1874.2324700978984,2.9503283715438964,27.122186571715517,0.0367699542996764,20.75077295640763,0.01464,43.160799677088185,0.148487296231744,1965.2662293031096,3.1502256220753164
lng,SMR,BEC,wind,SMR_H_BEC_C_wind_E,Philippines,1,2024,180.52257355399263,1002.7627923091368,1183.2853658631295,2.9503283715438964,14.30847482008127,0.0193982134825784,16.72437977331648,0.04904,8.862436757554681,0.0304896869844766,1223.180657214082,3.0492562720109517
lng,SMR,BEC,wind,SMR_H_BEC_C_wind_E,Netherlands,1,2024,206.74372948920947,2942.9917213816216,3149.735450870831,2.9503283715438964,6.791636792605323,0.0092075236568326,24.05060253368647,0.02024,57.04210191937808,0.196243525345994,3237.619792116501,3.176019420546723
lng,SMR,BEC,wind,SMR_H_BEC_C_wind_E,Norway,1,2024,228.93086143439297,2199.2241172454083,2428.1549786798014,2.9503283715438964,31.586172849052392,0.0428218473127285,15.911252561691846,0.00248,60.53321201401219,0.2082540882335661,2536.185616104558,3.2038843070901906
lng,SMR,BEC,wind,SMR_H_BEC_C_wind_E,Oman,1,2024,192.62464552409276,230.1110214679501,422.73566699204287,2.9503283715438964,26.719103995420006,0.0362234892176598,21.12109797041032,0.0436,22.014936016547047,0.0757385949812978,492.5908049744203,3.105890455742854
lng,SMR,BEC,wind,SMR_H_BEC_C_wind_E,Italy,1,2024,193.63315152160104,3276.680515321037,3470.313666842638,2.9503283715438964,16.85127746633886,0.0228455290907342,41.78749115350147,0.0230399999999999,43.481610772211546,0.1495909915402742,3572.4340462346904,3.1458048921749047
lng,SMR,BEC,wind,SMR_H_BEC_C_wind_E,Austria,1,2024,209.76924748173448,2780.159505025172,2989.9287525069067,2.9503283715438964,13.684414387924436,0.018552165413778,28.929782082959928,0.0082399999999999,43.481610772211546,0.1495909915402742,3076.0245597500025,3.1267115284979483
lng,SMR,BEC,wind,SMR_H_BEC_C_wind_E,Finland,1,2024,217.8372954618012,2954.287163574105,3172.124459035906,2.9503283715438964,27.22434438169863,0.0369084511717668,15.940927547689158,0.0057599999999999,64.56110391457831,0.2221113564562004,3279.8508348798723,3.215108179171864
lng,SMR,BEC,wind,SMR_H_BEC_C_wind_E,Portugal,1,2024,183.5480915465177,2540.1903548184473,2723.738446364965,2.9503283715438964,12.817872374283043,0.0173773814354991,16.803559322589937,0.00896,49.423540753857885,0.1700331780607748,2802.783418815696,3.14669893104017
lng,SMR,BEC,wind,SMR_H_BEC_C_wind_E,Germany,1,2024,207.7522354867178,2603.5885717781466,2811.3408072648645,2.9503283715438964,19.948978931930707,0.0270451293339769,28.316995716777623,0.02752,58.34583735079685,0.2007288025109504,2917.95261926437,3.205622303388824
lng,SMR,BEC,wind,SMR_H_BEC_C_wind_E,Greece,1,2024,185.5651035415343,1415.1918334691372,1600.7569370106717,2.9503283715438964,11.184540606351485,0.0151630491100337,24.136345688772245,0.0256,38.655294480858075,0.1329868817410128,1674.7331177866536,3.1240783023949428
lng,SMR,BEC,wind,SMR_H_BEC_C_wind_E,France,1,2024,203.7182114966845,2876.399059659991,3080.1172711566755,2.9503283715438964,23.213504505882067,0.031470895517943,20.531422984413005,0.0035199999999999,55.74270322845311,0.1917731679896417,3179.604901875424,3.177092435051481
lng,SMR,BEC,wind,SMR_H_BEC_C_wind_E,Brazil,1,2024,185.5651035415343,2756.6467471113374,2942.211850652872,2.9503283715438964,102.99809327173692,0.1396360567221048,15.176345688772244,0.0082399999999999,61.4418912346397,0.2113802425593065,3121.82818084802,3.3095846708253074
lng,SMR,BEC,wind,SMR_H_BEC_C_wind_E,United Kingdom,1,2024,214.81177746927617,2124.0510091825245,2338.8627866518004,2.9503283715438964,18.53994207479783,0.0251348769763235,40.9817479984157,0.01688,55.355200589122006,0.1904400319118252,2453.739677314136,3.1827832804320453
lng,SMR,BEC,wind,SMR_H_BEC_C_wind_E,Spain,1,2024,187.58211553655104,2114.3589135175393,2301.9410290540904,2.9503283715438964,31.30247157646122,0.042437229251041,15.949132054954552,0.01168,47.66906092425297,0.1639971924409472,2396.861693609759,3.1684427932358847
lng,SMR,BEC,wind,SMR_H_BEC_C_wind_E,Sweden,1,2024,221.87131945183455,4325.559493870002,4547.4308133218365,2.9503283715438964,33.07840154431364,0.0448448840905465,11.52280028005377,0.0028799999999999,60.07194265084708,0.2066671704497585,4652.1039577970505,3.2047204260842013
lng,SMR,BEC,wind,SMR_H_BEC_C_wind_E,Czech Republic,1,2024,183.5480915465177,2135.238562250255,2318.786653796773,2.9503283715438964,29.505004291634744,0.0400003759485437,23.283559322589937,0.03312,43.481610772211546,0.1495909915402742,2415.0568281832093,3.1730397390327143
lng,SMR,BEC,wind,SMR_H_BEC_C_wind_E,Japan,1,2024,217.8372954618012,2283.1126415617023,2500.9499370235035,2.9503283715438964,12.977661099092396,0.0175940094014379,22.260927547689153,0.03856,20.26636492616301,0.0697229373608958,2556.4548905964484,3.0762053183062297
lng,SMR,BEC,wind,SMR_H_BEC_C_wind_E,Belgium,1,2024,206.74372948920947,1724.1643835156435,1930.908113004853,2.9503283715438964,4.233422153209155,0.0057393137788924,26.37060253368647,0.01104,56.92766564566551,0.1958498270595502,2018.439803337414,3.162957512382339
lng,SMR,BEC,wind,SMR_H_BEC_C_wind_E,Poland,1,2024,186.5736095390427,2363.3756411659774,2549.94925070502,2.9503283715438964,16.004410049511293,0.0216974182578447,37.9227388718634,0.0492,62.56524212252678,0.2152449377760272,2666.441641748921,3.2364707275777684
lng,SMR,BEC,wind,SMR_H_BEC_C_wind_E,India,1,2024,178.50556155897596,1558.519938386062,1737.025499945038,2.9503283715438964,43.369031669780384,0.0587960453816087,14.831593407134172,0.0566399999999999,10.59373146967094,0.0364459082015484,1805.8198564916236,3.102210325127053
lng,SMR,BEC,wind,SMR_H_BEC_C_wind_E,Indonesia,1,2024,162.3694655988425,2456.7376341243603,2619.1070997232027,2.9503283715438964,21.19081700585028,0.0287287077985997,9.929302477675712,0.05168,7.786346387408373,0.0267875834377514,2658.013565594137,3.057524662780248
lng,SMR,BEC,wind,SMR_H_BEC_C_wind_E,South Korea,1,2024,189.59912753156772,1802.0613133643965,1991.660440895964,2.9503283715438964,10.383993350619884,0.0140777352128614,14.241918421136855,0.03312,17.624287275172158,0.0606333243378496,2033.910639942893,3.0581594310946074
lng,SMR,BEC,wind,SMR_H_BEC_C_wind_E,China,1,2024,184.556597544026,1544.5645009808854,1729.1210985249115,2.9503283715438964,117.07828218326276,0.1587247795814752,12.189952505681092,0.0448,14.848698549059618,0.0510843894600154,1873.238031762915,3.204937540585387
lng,SMR,BEC,wind,SMR_H_BEC_C_wind_E,United Arab Emirates,1,2024,192.62464552409276,226.81432068382364,419.4389662079164,2.9503283715438964,15.525975735670064,0.0210487976973739,13.84109797041032,0.03064,22.944322992857888,0.0789359907732634,471.75036290685466,3.0809531600145337
lng,SMR,BEC,wind,SMR_H_BEC_C_wind_E,United States,1,2024,201.70119950166776,1068.2179524861126,1269.9191519877804,2.9503283715438964,115.88348476726244,0.1571049748408973,17.038636618230697,0.03072,52.95862996936256,0.1821950435376774,1455.799903342636,3.3203483899224713
lng,SMR,BEC,wind,SMR_H_BEC_C_wind_E,Turkey,1,2024,184.556597544026,927.2735297611132,1111.8301273051393,2.9503283715438964,14.367053340775968,0.0194776292598864,16.749952505681094,0.0376,37.32981905913191,0.1284268118844242,1180.2769522107283,3.135832812688207
lng,SMR,BEC,wind,SMR_H_BEC_C_wind_E,Australia,1,2024,206.74372948920947,1360.4917432969369,1567.2354727861464,2.9503283715438964,117.82066045617007,0.1597312329179604,24.130602533686467,0.04416,11.901612906537595,0.0409454489840402,1721.0883486825405,3.1951650534458973
lng,SMR,BEC,wind,SMR_H_BEC_C_wind_E,Malaysia,1,2024,176.48854956395928,874.8737679458287,1051.362317509788,2.9503283715438964,22.36137877654277,0.0303156559120751,14.858807040951865,0.04832,0.0,0.0,1088.5825033272827,3.0289640274559715
lng,SMR,BEC,wind,SMR_H_BEC_C_wind_E,Canada,1,2024,205.7352234917011,687.5280846482573,893.2633081399583,2.9503283715438964,118.11484173619228,0.1601300588825865,13.944209350595314,0.0139999999999999,49.584341405335,0.1705863850019987,1074.9067006320809,3.2950448154284815
lng,SMR,BEC,wind,SMR_H_BEC_C_wind_E,Mexico,1,2024,177.49705556146765,541.0817691801929,718.5788247416605,2.9503283715438964,70.584838283883,0.0956929217740524,21.525200224043015,0.042,64.86002495922516,0.2231397428169365,875.5488882088116,3.311161036134885
lng,SMR,BEC,wind,SMR_H_BEC_C_wind_E,Thailand,1,2024,179.51406755648432,935.1413793954442,1114.6554469519283,2.9503283715438964,16.66138756714907,0.0225880925121339,15.017986590225323,0.04432,5.453041263376516,0.0187602491032793,1151.7878623726792,3.0359967131593093
lng,SMR,BEC,wind,SMR_H_BEC_C_wind_E,Russia,1,2024,190.60763352907605,403.5625317697333,594.1701652988094,2.9503283715438964,217.03008950143004,0.2942309408395722,12.188311604228012,0.03592,21.725117197756443,0.0747415232606332,845.1136836022239,3.3552208356441016
lng,SMR,BEC,wind,SMR_H_BEC_C_wind_E,Saudi Arabia,1,2024,192.62464552409276,225.57501690098977,418.19966242508247,2.9503283715438964,38.75836749584844,0.0525452989486706,10.48109797041032,0.04416,25.47038618944284,0.0876264760510543,492.90951408078405,3.1346601465436215
lng,SMRCCS,BEC,wind,SMRCCS_H_BEC_C_wind_E,South Africa,1,2024,325.25890869973006,558.8057366418825,884.0646453416125,-1.365574859170503,36.05304361240747,0.0488776508666503,12.135525238045703,0.05672,33.55415330584088,0.1154372842719738,965.8073674979065,-1.144539924031879
lng,SMRCCS,BEC,wind,SMRCCS_H_BEC_C_wind_E,Taiwan,1,2024,320.0408513409108,1300.2216142696852,1620.262465610596,-1.365574859170503,8.910824241692303,0.0120805378015195,18.45634568877224,0.05088,11.47902285922631,0.0394916007233694,1659.108658400287,-1.2631227206456141
lng,SMRCCS,BEC,wind,SMRCCS_H_BEC_C_wind_E,Switzerland,1,2024,384.39689209968094,5465.805123895269,5850.202015994951,-1.365574859170503,17.100979796499654,0.0231840542772731,28.47289346314492,0.00296,44.32471484340281,0.1524915458606248,5940.100604097998,-1.186939259032605
lng,SMRCCS,BEC,wind,SMRCCS_H_BEC_C_wind_E,Singapore,1,2024,321.7802037938506,5895.07957764823,6216.859781442081,-1.365574859170503,0.6614965722328433,0.0008968008042448,27.9227388718634,0.03992,0.0,0.0,6245.444016886177,-1.3247580583662584
lng,SMRCCS,BEC,wind,SMRCCS_H_BEC_C_wind_E,Hungary,1,2024,313.0834415291519,2159.0485982746272,2472.132039803779,-1.365574859170503,27.122186571715517,0.0367699542996764,20.75077295640763,0.01464,43.160799677088185,0.148487296231744,2563.1657990089907,-1.1656776086390825
lng,SMRCCS,BEC,wind,SMRCCS_H_BEC_C_wind_E,Philippines,1,2024,311.34408907621213,1292.9752182226034,1604.3193072988156,-1.365574859170503,14.30847482008127,0.0193982134825784,16.72437977331648,0.04904,8.862436757554681,0.0304896869844766,1644.214598649768,-1.2666469587034481
lng,SMRCCS,BEC,wind,SMRCCS_H_BEC_C_wind_E,Netherlands,1,2024,356.5672528526452,3734.196071500037,4090.763324352682,-1.365574859170503,6.791636792605323,0.0092075236568326,24.05060253368647,0.02024,57.04210191937808,0.196243525345994,4178.6476655983515,-1.1398838101676765
lng,SMRCCS,BEC,wind,SMRCCS_H_BEC_C_wind_E,Norway,1,2024,394.8330068173193,2786.3254597224295,3181.1584665397486,-1.365574859170503,31.586172849052392,0.0428218473127285,15.911252561691846,0.00248,60.53321201401219,0.2082540882335661,3289.189103964505,-1.1120189236242084
lng,SMRCCS,BEC,wind,SMRCCS_H_BEC_C_wind_E,Oman,1,2024,332.21631851148896,310.07390899302806,642.290227504517,-1.365574859170503,26.719103995420006,0.0362234892176598,21.12109797041032,0.0436,22.014936016547047,0.0757385949812978,712.1453654868944,-1.2100127749715452
lng,SMRCCS,BEC,wind,SMRCCS_H_BEC_C_wind_E,Italy,1,2024,333.9556709644287,4161.117798503053,4495.073469467481,-1.365574859170503,16.85127746633886,0.0228455290907342,41.78749115350147,0.0230399999999999,43.481610772211546,0.1495909915402742,4597.193848859533,-1.1700983385394947
lng,SMRCCS,BEC,wind,SMRCCS_H_BEC_C_wind_E,Austria,1,2024,361.7853102114644,3527.7750500458055,3889.56036025727,-1.365574859170503,13.684414387924436,0.018552165413778,28.929782082959928,0.0082399999999999,43.481610772211546,0.1495909915402742,3975.656167500366,-1.189191702216451
lng,SMRCCS,BEC,wind,SMRCCS_H_BEC_C_wind_E,Finland,1,2024,375.7001298349823,3748.332298325302,4124.032428160284,-1.365574859170503,27.22434438169863,0.0369084511717668,15.940927547689158,0.0057599999999999,64.56110391457831,0.2221113564562004,4231.75880400425,-1.1007950515425358
lng,SMRCCS,BEC,wind,SMRCCS_H_BEC_C_wind_E,Portugal,1,2024,316.56214643503137,3236.922141782993,3553.4842882180246,-1.365574859170503,12.817872374283043,0.0173773814354991,16.803559322589937,0.00896,49.423540753857885,0.1700331780607748,3632.529260668756,-1.169204299674229
lng,SMRCCS,BEC,wind,SMRCCS_H_BEC_C_wind_E,Germany,1,2024,358.3066053055849,3307.954660355054,3666.261265660639,-1.365574859170503,19.948978931930707,0.0270451293339769,28.316995716777623,0.02752,58.34583735079685,0.2007288025109504,3772.873077660144,-1.1102809273255758
lng,SMRCCS,BEC,wind,SMRCCS_H_BEC_C_wind_E,Greece,1,2024,320.0408513409108,1805.009782440709,2125.0506337816196,-1.365574859170503,11.184540606351485,0.0151630491100337,24.136345688772245,0.0256,38.655294480858075,0.1329868817410128,2199.0268145576015,-1.1918249283194564
lng,SMRCCS,BEC,wind,SMRCCS_H_BEC_C_wind_E,France,1,2024,351.349195493826,3651.867957306424,4003.2171528002496,-1.365574859170503,23.213504505882067,0.031470895517943,20.531422984413005,0.0035199999999999,55.74270322845311,0.1917731679896417,4102.704783518998,-1.1388107956629183
lng,SMRCCS,BEC,wind,SMRCCS_H_BEC_C_wind_E,Brazil,1,2024,320.0408513409108,3496.5369021359174,3816.577753476828,-1.365574859170503,102.99809327173692,0.1396360567221048,15.176345688772244,0.0082399999999999,61.4418912346397,0.2113802425593065,3996.1940836719764,-1.0063185598890918
lng,SMRCCS,BEC,wind,SMRCCS_H_BEC_C_wind_E,United Kingdom,1,2024,370.482072476163,2693.107680028775,3063.589752504938,-1.365574859170503,18.53994207479783,0.0251348769763235,40.9817479984157,0.01688,55.355200589122006,0.1904400319118252,3178.4666431672736,-1.1331199502823543
lng,SMRCCS,BEC,wind,SMRCCS_H_BEC_C_wind_E,Spain,1,2024,323.5195562467903,2683.9297126465726,3007.449268893363,-1.365574859170503,31.30247157646122,0.042437229251041,15.949132054954552,0.01168,47.66906092425297,0.1639971924409472,3102.3699334490316,-1.147460437478515
lng,SMRCCS,BEC,wind,SMRCCS_H_BEC_C_wind_E,Sweden,1,2024,382.6575396467412,5486.406030879584,5869.063570526326,-1.365574859170503,33.07840154431364,0.0448448840905465,11.52280028005377,0.0028799999999999,60.07194265084708,0.2066671704497585,5973.73671500154,-1.1111828046301981
lng,SMRCCS,BEC,wind,SMRCCS_H_BEC_C_wind_E,Czech Republic,1,2024,316.56214643503137,2725.921970627703,3042.484117062734,-1.365574859170503,29.505004291634744,0.0400003759485437,23.283559322589937,0.03312,43.481610772211546,0.1495909915402742,3138.7542914491705,-1.142863491681685
lng,SMRCCS,BEC,wind,SMRCCS_H_BEC_C_wind_E,Japan,1,2024,375.7001298349823,2944.577768126187,3320.2778979611694,-1.365574859170503,12.977661099092396,0.0175940094014379,22.260927547689153,0.03856,20.26636492616301,0.0697229373608958,3375.7828515341143,-1.2396979124081693
lng,SMRCCS,BEC,wind,SMRCCS_H_BEC_C_wind_E,Belgium,1,2024,356.5672528526452,2187.899784570236,2544.4670374228813,-1.365574859170503,4.233422153209155,0.0057393137788924,26.37060253368647,0.01104,56.92766564566551,0.1958498270595502,2631.9987277554424,-1.1529457183320606
lng,SMRCCS,BEC,wind,SMRCCS_H_BEC_C_wind_E,Poland,1,2024,321.7802037938506,3012.2923016991535,3334.072505493004,-1.365574859170503,16.004410049511293,0.0216974182578447,37.9227388718634,0.0492,62.56524212252678,0.2152449377760272,3450.564896536905,-1.0794325031366312
lng,SMRCCS,BEC,wind,SMRCCS_H_BEC_C_wind_E,India,1,2024,307.86538417033273,1990.8768176829735,2298.742201853306,-1.365574859170503,43.369031669780384,0.0587960453816087,14.831593407134172,0.0566399999999999,10.59373146967094,0.0364459082015484,2367.5365583998914,-1.213692905587346
lng,SMRCCS,BEC,wind,SMRCCS_H_BEC_C_wind_E,Indonesia,1,2024,280.035744923297,3149.8724601532904,3429.9082050765874,-1.365574859170503,21.19081700585028,0.0287287077985997,9.929302477675712,0.05168,7.786346387408373,0.0267875834377514,3468.814670947522,-1.2583785679341521
lng,SMRCCS,BEC,wind,SMRCCS_H_BEC_C_wind_E,South Korea,1,2024,326.9982611526697,2303.5380049932237,2630.5362661458935,-1.365574859170503,10.383993350619884,0.0140777352128614,14.241918421136855,0.03312,17.624287275172158,0.0606333243378496,2672.786465192822,-1.257743799619792
lng,SMRCCS,BEC,wind,SMRCCS_H_BEC_C_wind_E,China,1,2024,318.3014988879711,1961.491315942666,2279.7928148306373,-1.365574859170503,117.07828218326276,0.1587247795814752,12.189952505681092,0.0448,14.848698549059618,0.0510843894600154,2423.9097480686405,-1.1109656901290124
lng,SMRCCS,BEC,wind,SMRCCS_H_BEC_C_wind_E,United Arab Emirates,1,2024,332.21631851148896,305.37313671131153,637.5894552228006,-1.365574859170503,15.525975735670064,0.0210487976973739,13.84109797041032,0.03064,22.944322992857888,0.0789359907732634,689.9008519217389,-1.2349500706998657
lng,SMRCCS,BEC,wind,SMRCCS_H_BEC_C_wind_E,United States,1,2024,347.87049058794656,1353.397875814918,1701.2683664028646,-1.365574859170503,115.88348476726244,0.1571049748408973,17.038636618230697,0.03072,52.95862996936256,0.1821950435376774,1887.1491177577202,-0.9955548407919284
lng,SMRCCS,BEC,wind,SMRCCS_H_BEC_C_wind_E,Turkey,1,2024,318.3014988879711,1206.2865586347114,1524.5880575226824,-1.365574859170503,14.367053340775968,0.0194776292598864,16.749952505681094,0.0376,37.32981905913191,0.1284268118844242,1593.0348824282714,-1.1800704180261923
lng,SMRCCS,BEC,wind,SMRCCS_H_BEC_C_wind_E,Australia,1,2024,356.5672528526452,1727.3641186436682,2083.9313714963137,-1.365574859170503,117.82066045617007,0.1597312329179604,24.130602533686467,0.04416,11.901612906537595,0.0409454489840402,2237.784247392708,-1.1207381772685026
lng,SMRCCS,BEC,wind,SMRCCS_H_BEC_C_wind_E,Malaysia,1,2024,304.3866792644532,1143.6443504673268,1448.03102973178,-1.365574859170503,22.36137877654277,0.0303156559120751,14.858807040951865,0.04832,0.0,0.0,1485.2512155492748,-1.286939203258428
lng,SMRCCS,BEC,wind,SMRCCS_H_BEC_C_wind_E,Canada,1,2024,354.82790039970547,873.2558832936455,1228.083783693351,-1.365574859170503,118.11484173619228,0.1601300588825865,13.944209350595314,0.0139999999999999,49.584341405335,0.1705863850019987,1409.7271761854736,-1.0208584152859181
lng,SMRCCS,BEC,wind,SMRCCS_H_BEC_C_wind_E,Mexico,1,2024,306.12603171739295,700.9120317854803,1007.0380635028732,-1.365574859170503,70.584838283883,0.0956929217740524,21.525200224043015,0.042,64.86002495922516,0.2231397428169365,1164.0081269700245,-1.004742194579514
lng,SMRCCS,BEC,wind,SMRCCS_H_BEC_C_wind_E,Thailand,1,2024,309.6047366232724,1215.118078633611,1524.7228152568837,-1.365574859170503,16.66138756714907,0.0225880925121339,15.017986590225323,0.04432,5.453041263376516,0.0187602491032793,1561.8552306776346,-1.2799065175550899
lng,SMRCCS,BEC,wind,SMRCCS_H_BEC_C_wind_E,Russia,1,2024,328.7376136056095,558.8584016374539,887.5960152430634,-1.365574859170503,217.03008950143004,0.2942309408395722,12.188311604228012,0.03592,21.725117197756443,0.0747415232606332,1138.5395335464777,-0.9606823950702976
lng,SMRCCS,BEC,wind,SMRCCS_H_BEC_C_wind_E,Saudi Arabia,1,2024,332.21631851148896,304.1338245845676,636.3501430960566,-1.365574859170503,38.75836749584844,0.0525452989486706,10.48109797041032,0.04416,25.47038618944284,0.0876264760510543,711.0599947517583,-1.1812430841707782
lng,BG,BG,wind,BG_H_C_wind_E,South Africa,1,2024,294.96702578968717,747.8298553245436,1042.7968811142307,-1.7986304753724445,36.05304361240747,0.0488776508666503,12.135525238045703,0.05672,33.55415330584088,0.1154372842719738,1124.5396032705246,-1.5775955402338204
lng,BG,BG,wind,BG_H_C_wind_E,Taiwan,1,2024,290.23493446685796,802.0093057136099,1092.2442401804678,-1.7986304753724445,8.910824241692303,0.0120805378015195,18.45634568877224,0.05088,11.47902285922631,0.0394916007233694,1131.0904329701586,-1.6961783368475556
lng,BG,BG,wind,BG_H_C_wind_E,Switzerland,1,2024,348.59739411508485,1306.9848860540817,1655.5822801691666,-1.7986304753724445,17.100979796499654,0.0231840542772731,28.47289346314492,0.00296,44.32471484340281,0.1524915458606248,1745.4808682722137,-1.6199948752345465
lng,BG,BG,wind,BG_H_C_wind_E,Singapore,1,2024,291.8122982411344,1257.1967151260474,1549.0090133671818,-1.7986304753724445,0.6614965722328433,0.0008968008042448,27.9227388718634,0.03992,0.0,0.0,1577.593248811278,-1.7578136745681998
lng,BG,BG,wind,BG_H_C_wind_E,Hungary,1,2024,283.9254793697524,880.4147631311076,1164.34024250086,-1.7986304753724445,27.122186571715517,0.0367699542996764,20.75077295640763,0.01464,43.160799677088185,0.148487296231744,1255.3740017060713,-1.598733224841024
lng,BG,BG,wind,BG_H_C_wind_E,Philippines,1,2024,282.348115595476,798.9126176008689,1081.260733196345,-1.7986304753724445,14.30847482008127,0.0193982134825784,16.72437977331648,0.04904,8.862436757554681,0.0304896869844766,1121.1560245472974,-1.6997025749053896
lng,BG,BG,wind,BG_H_C_wind_E,Netherlands,1,2024,323.35957372666235,1083.9831859451913,1407.3427596718536,-1.7986304753724445,6.791636792605323,0.0092075236568326,24.05060253368647,0.02024,57.04210191937808,0.196243525345994,1495.2271009175236,-1.572939426369618
lng,BG,BG,wind,BG_H_C_wind_E,Norway,1,2024,358.06157676074326,1050.8537227951074,1408.9152995558509,-1.7986304753724445,31.586172849052392,0.0428218473127285,15.911252561691846,0.00248,60.53321201401219,0.2082540882335661,1516.9459369806073,-1.5450745398261498
lng,BG,BG,wind,BG_H_C_wind_E,Oman,1,2024,301.2764808867928,736.223241123215,1037.4997220100076,-1.7986304753724445,26.719103995420006,0.0362234892176598,21.12109797041032,0.0436,22.014936016547047,0.0757385949812978,1107.3548599923852,-1.6430683911734867
lng,BG,BG,wind,BG_H_C_wind_E,Italy,1,2024,302.85384466106916,1114.590992854646,1417.444837515715,-1.7986304753724445,16.85127746633886,0.0228455290907342,41.78749115350147,0.0230399999999999,43.481610772211546,0.1495909915402742,1519.5652169077669,-1.6031539547414362
lng,BG,BG,wind,BG_H_C_wind_E,Austria,1,2024,328.0916650494916,1084.161336091178,1412.2530011406695,-1.7986304753724445,13.684414387924436,0.018552165413778,28.929782082959928,0.0082399999999999,43.481610772211546,0.1495909915402742,1498.3488083837653,-1.6222473184183925
lng,BG,BG,wind,BG_H_C_wind_E,Finland,1,2024,340.71057524370286,1099.4343560959226,1440.1449313396254,-1.7986304753724445,27.22434438169863,0.0369084511717668,15.940927547689158,0.0057599999999999,64.56110391457831,0.2221113564562004,1547.8713071835914,-1.5338506677444772
lng,BG,BG,wind,BG_H_C_wind_E,Portugal,1,2024,287.0802069183052,978.8598379017956,1265.9400448201009,-1.7986304753724445,12.817872374283043,0.0173773814354991,16.803559322589937,0.00896,49.423540753857885,0.1700331780607748,1344.9850172708318,-1.6022599158761703
lng,BG,BG,wind,BG_H_C_wind_E,Germany,1,2024,324.93693750093877,1083.56223558874,1408.4991730896786,-1.7986304753724445,19.948978931930707,0.0270451293339769,28.316995716777623,0.02752,58.34583735079685,0.2007288025109504,1515.110985089184,-1.5433365435275173
lng,BG,BG,wind,BG_H_C_wind_E,Greece,1,2024,290.23493446685796,873.5912172722757,1163.8261517391336,-1.7986304753724445,11.184540606351485,0.0151630491100337,24.136345688772245,0.0256,38.655294480858075,0.1329868817410128,1237.8023325151155,-1.6248805445213979
lng,BG,BG,wind,BG_H_C_wind_E,France,1,2024,318.6274824038332,1090.065075564508,1408.6925579683411,-1.7986304753724445,23.213504505882067,0.031470895517943,20.531422984413005,0.0035199999999999,55.74270322845311,0.1917731679896417,1508.1801886870894,-1.5718664118648598
lng,BG,BG,wind,BG_H_C_wind_E,Brazil,1,2024,290.23493446685796,972.4876871220484,1262.7226215889063,-1.7986304753724445,102.99809327173692,0.1396360567221048,15.176345688772244,0.0082399999999999,61.4418912346397,0.2113802425593065,1442.3389517840553,-1.4393741760910332
lng,BG,BG,wind,BG_H_C_wind_E,United Kingdom,1,2024,335.9784839208736,977.0452675551304,1313.023751476004,-1.7986304753724445,18.53994207479783,0.0251348769763235,40.9817479984157,0.01688,55.355200589122006,0.1904400319118252,1427.9006421383397,-1.5661755664842958
lng,BG,BG,wind,BG_H_C_wind_E,Spain,1,2024,293.38966201541075,961.6600714310442,1255.0497334464549,-1.7986304753724445,31.30247157646122,0.042437229251041,15.949132054954552,0.01168,47.66906092425297,0.1639971924409472,1349.9703980021236,-1.5805160536804563
lng,BG,BG,wind,BG_H_C_wind_E,Sweden,1,2024,347.0200303408085,1248.252936993607,1595.2729673344154,-1.7986304753724445,33.07840154431364,0.0448448840905465,11.52280028005377,0.0028799999999999,60.07194265084708,0.2066671704497585,1699.94611180963,-1.5442384208321396
lng,BG,BG,wind,BG_H_C_wind_E,Czech Republic,1,2024,287.0802069183052,940.1237901462669,1227.203997064572,-1.7986304753724445,29.505004291634744,0.0400003759485437,23.283559322589937,0.03312,43.481610772211546,0.1495909915402742,1323.4741714510083,-1.5759191078836265
lng,BG,BG,wind,BG_H_C_wind_E,Japan,1,2024,340.71057524370286,1047.8009802886097,1388.5115555323125,-1.7986304753724445,12.977661099092396,0.0175940094014379,22.260927547689153,0.03856,20.26636492616301,0.0697229373608958,1444.016509105257,-1.6727535286101107
lng,BG,BG,wind,BG_H_C_wind_E,Belgium,1,2024,323.35957372666235,1001.4987982625212,1324.8583719891835,-1.7986304753724445,4.233422153209155,0.0057393137788924,26.37060253368647,0.01104,56.92766564566551,0.1958498270595502,1412.3900623217446,-1.586001334534002
lng,BG,BG,wind,BG_H_C_wind_E,Poland,1,2024,291.8122982411344,952.3154318514562,1244.1277300925906,-1.7986304753724445,16.004410049511293,0.0216974182578447,37.9227388718634,0.0492,62.56524212252678,0.2152449377760272,1360.6201211364921,-1.5124881193385726
lng,BG,BG,wind,BG_H_C_wind_E,India,1,2024,279.19338804692313,845.7175357770765,1124.9109238239996,-1.7986304753724445,43.369031669780384,0.0587960453816087,14.831593407134172,0.0566399999999999,10.59373146967094,0.0364459082015484,1193.7052803705853,-1.6467485217892874
lng,BG,BG,wind,BG_H_C_wind_E,Indonesia,1,2024,253.95556765850068,958.1775964737697,1212.1331641322704,-1.7986304753724445,21.19081700585028,0.0287287077985997,9.929302477675712,0.05168,7.786346387408373,0.0267875834377514,1251.0396300032048,-1.6914341841360936
lng,BG,BG,wind,BG_H_C_wind_E,South Korea,1,2024,296.54438956396353,947.3166818432863,1243.86107140725,-1.7986304753724445,10.383993350619884,0.0140777352128614,14.241918421136855,0.03312,17.624287275172158,0.0606333243378496,1286.111270454179,-1.6907994158217334
lng,BG,BG,wind,BG_H_C_wind_E,China,1,2024,288.6575706925816,838.72167472555,1127.3792454181316,-1.7986304753724445,117.07828218326276,0.1587247795814752,12.189952505681092,0.0448,14.848698549059618,0.0510843894600154,1271.496178656135,-1.5440213063309538
lng,BG,BG,wind,BG_H_C_wind_E,United Arab Emirates,1,2024,301.2764808867928,735.1554293383928,1036.4319102251857,-1.7986304753724445,15.525975735670064,0.0210487976973739,13.84109797041032,0.03064,22.944322992857888,0.0789359907732634,1088.743306924124,-1.6680056869018072
lng,BG,BG,wind,BG_H_C_wind_E,United States,1,2024,315.47275485528036,903.3701092697744,1218.8428641250546,-1.7986304753724445,115.88348476726244,0.1571049748408973,17.038636618230697,0.03072,52.95862996936256,0.1821950435376774,1404.7236154799102,-1.4286104569938698
lng,BG,BG,wind,BG_H_C_wind_E,Turkey,1,2024,288.6575706925816,816.0842667878611,1104.7418374804429,-1.7986304753724445,14.367053340775968,0.0194776292598864,16.749952505681094,0.0376,37.32981905913191,0.1284268118844242,1173.1886623860319,-1.6131260342281337
lng,BG,BG,wind,BG_H_C_wind_E,Australia,1,2024,323.35957372666235,934.854211981799,1258.2137857084613,-1.7986304753724445,117.82066045617007,0.1597312329179604,24.130602533686467,0.04416,11.901612906537595,0.0409454489840402,1412.0666616048554,-1.553793793470444
lng,BG,BG,wind,BG_H_C_wind_E,Malaysia,1,2024,276.03866049837035,805.845351731035,1081.8840122294052,-1.7986304753724445,22.36137877654277,0.0303156559120751,14.858807040951865,0.04832,0.0,0.0,1119.1041980469,-1.7199948194603694
lng,BG,BG,wind,BG_H_C_wind_E,Canada,1,2024,321.782209952386,837.9750239831806,1159.7572339355663,-1.7986304753724445,118.11484173619228,0.1601300588825865,13.944209350595314,0.0139999999999999,49.584341405335,0.1705863850019987,1341.4006264276888,-1.4539140314878596
lng,BG,BG,wind,BG_H_C_wind_E,Mexico,1,2024,277.61602427264677,749.7894094439037,1027.4054337165503,-1.7986304753724445,70.584838283883,0.0956929217740524,21.525200224043015,0.042,64.86002495922516,0.2231397428169365,1184.3754971837016,-1.4377978107814555
lng,BG,BG,wind,BG_H_C_wind_E,Thailand,1,2024,280.77075182119955,800.761204944034,1081.5319567652336,-1.7986304753724445,16.66138756714907,0.0225880925121339,15.017986590225323,0.04432,5.453041263376516,0.0187602491032793,1118.6643721859846,-1.7129621337570313
lng,BG,BG,wind,BG_H_C_wind_E,Russia,1,2024,298.12175333823996,775.962699429159,1074.084452767399,-1.7986304753724445,217.03008950143004,0.2942309408395722,12.188311604228012,0.03592,21.725117197756443,0.0747415232606332,1325.0279710708132,-1.393738011272239
lng,BG,BG,wind,BG_H_C_wind_E,Saudi Arabia,1,2024,301.2764808867928,732.6590615978203,1033.935542484613,-1.7986304753724445,38.75836749584844,0.0525452989486706,10.48109797041032,0.04416,25.47038618944284,0.0876264760510543,1108.6453941403147,-1.6142987003727196
lng,ATRCCS,DAC,wind,ATRCCS_H_DAC_C_wind_E,South Africa,1,2024,282.2603481762618,1004.43915643192,1286.6995046081818,-1.5741516118250618,36.05304361240747,0.0488776508666503,12.135525238045703,0.05672,33.55415330584088,0.1154372842719738,1368.4422267644757,-1.3531166766864375
lng,ATRCCS,DAC,wind,ATRCCS_H_DAC_C_wind_E,Taiwan,1,2024,277.73210729642864,1639.2831187883496,1917.0152260847783,-1.5741516118250618,8.910824241692303,0.0120805378015195,18.45634568877224,0.05088,11.47902285922631,0.0394916007233694,1955.861418874469,-1.471699473300173
lng,ATRCCS,DAC,wind,ATRCCS_H_DAC_C_wind_E,Switzerland,1,2024,333.58041148103655,5238.239425562691,5571.819837043728,-1.5741516118250618,17.100979796499654,0.0231840542772731,28.47289346314492,0.00296,44.32471484340281,0.1524915458606248,5661.718425146775,-1.3955160116871639
lng,ATRCCS,DAC,wind,ATRCCS_H_DAC_C_wind_E,Singapore,1,2024,279.2415209230397,5631.26846936208,5910.50999028512,-1.5741516118250618,0.6614965722328433,0.0008968008042448,27.9227388718634,0.03992,0.0,0.0,5939.094225729216,-1.5333348110208171
lng,ATRCCS,DAC,wind,ATRCCS_H_DAC_C_wind_E,Hungary,1,2024,271.69445278998455,2386.6105092359912,2658.304962025976,-1.5741516118250618,27.122186571715517,0.0367699542996764,20.75077295640763,0.01464,43.160799677088185,0.148487296231744,2749.3387212311873,-1.3742543612936413
lng,ATRCCS,DAC,wind,ATRCCS_H_DAC_C_wind_E,Philippines,1,2024,270.1850391633735,1648.9078563519977,1919.0928955153713,-1.5741516118250618,14.30847482008127,0.0193982134825784,16.72437977331648,0.04904,8.862436757554681,0.0304896869844766,1958.9881868663238,-1.475223711358007
lng,ATRCCS,DAC,wind,ATRCCS_H_DAC_C_wind_E,Netherlands,1,2024,309.42979345526015,3736.8912560556414,4046.3210495109015,-1.5741516118250618,6.791636792605323,0.0092075236568326,24.05060253368647,0.02024,57.04210191937808,0.196243525345994,4134.205390756571,-1.3484605628222353
lng,ATRCCS,DAC,wind,ATRCCS_H_DAC_C_wind_E,Norway,1,2024,342.63689324070276,2915.136091051583,3257.772984292286,-1.5741516118250618,31.586172849052392,0.0428218473127285,15.911252561691846,0.00248,60.53321201401219,0.2082540882335661,3365.8036217170425,-1.3205956762787672
lng,ATRCCS,DAC,wind,ATRCCS_H_DAC_C_wind_E,Oman,1,2024,288.2980026827058,789.2258343186901,1077.5238370013958,-1.5741516118250618,26.719103995420006,0.0362234892176598,21.12109797041032,0.0436,22.014936016547047,0.0757385949812978,1147.3789749837733,-1.418589527626104
lng,ATRCCS,DAC,wind,ATRCCS_H_DAC_C_wind_E,Italy,1,2024,289.8074163093168,4117.827104062098,4407.634520371415,-1.5741516118250618,16.85127746633886,0.0228455290907342,41.78749115350147,0.0230399999999999,43.481610772211546,0.1495909915402742,4509.754899763468,-1.3786750911940535
lng,ATRCCS,DAC,wind,ATRCCS_H_DAC_C_wind_E,Austria,1,2024,313.95803433509326,3564.1283248752893,3878.0863592103824,-1.5741516118250618,13.684414387924436,0.018552165413778,28.929782082959928,0.0082399999999999,43.481610772211546,0.1495909915402742,3964.182166453478,-1.3977684548710099
lng,ATRCCS,DAC,wind,ATRCCS_H_DAC_C_wind_E,Finland,1,2024,326.0333433479815,3746.9534760505608,4072.986819398542,-1.5741516118250618,27.22434438169863,0.0369084511717668,15.940927547689158,0.0057599999999999,64.56110391457831,0.2221113564562004,4180.713195242508,-1.3093718041970948
lng,ATRCCS,DAC,wind,ATRCCS_H_DAC_C_wind_E,Portugal,1,2024,274.7132800432066,3314.5097175013475,3589.2229975445543,-1.5741516118250618,12.817872374283043,0.0173773814354991,16.803559322589937,0.00896,49.423540753857885,0.1700331780607748,3668.2679699952855,-1.3777810523287877
lng,ATRCCS,DAC,wind,ATRCCS_H_DAC_C_wind_E,Germany,1,2024,310.93920708187125,3371.597969380885,3682.537176462756,-1.5741516118250618,19.948978931930707,0.0270451293339769,28.316995716777623,0.02752,58.34583735079685,0.2007288025109504,3789.1489884622615,-1.3188576799801346
lng,ATRCCS,DAC,wind,ATRCCS_H_DAC_C_wind_E,Greece,1,2024,277.73210729642864,2082.235432730295,2359.967540026724,-1.5741516118250618,11.184540606351485,0.0151630491100337,24.136345688772245,0.0256,38.655294480858075,0.1329868817410128,2433.9437208027057,-1.4004016809740154
lng,ATRCCS,DAC,wind,ATRCCS_H_DAC_C_wind_E,France,1,2024,304.9015525754271,3672.156327069593,3977.05787964502,-1.5741516118250618,23.213504505882067,0.031470895517943,20.531422984413005,0.0035199999999999,55.74270322845311,0.1917731679896417,4076.5455103637682,-1.347387548317477
lng,ATRCCS,DAC,wind,ATRCCS_H_DAC_C_wind_E,Brazil,1,2024,277.73210729642864,3528.80186635963,3806.5339736560586,-1.5741516118250618,102.99809327173692,0.1396360567221048,15.176345688772244,0.0082399999999999,61.4418912346397,0.2113802425593065,3986.150303851207,-1.2148953125436506
lng,ATRCCS,DAC,wind,ATRCCS_H_DAC_C_wind_E,United Kingdom,1,2024,321.5051024681483,2831.235146921462,3152.74024938961,-1.5741516118250618,18.53994207479783,0.0251348769763235,40.9817479984157,0.01688,55.355200589122006,0.1904400319118252,3267.6171400519456,-1.3416967029369131
lng,ATRCCS,DAC,wind,ATRCCS_H_DAC_C_wind_E,Spain,1,2024,280.75093454965065,2827.6249686366696,3108.37590318632,-1.5741516118250618,31.30247157646122,0.042437229251041,15.949132054954552,0.01168,47.66906092425297,0.1639971924409472,3203.296567741989,-1.3560371901330737
lng,ATRCCS,DAC,wind,ATRCCS_H_DAC_C_wind_E,Sweden,1,2024,332.07099785442557,5247.030401516178,5579.101399370604,-1.5741516118250618,33.07840154431364,0.0448448840905465,11.52280028005377,0.0028799999999999,60.07194265084708,0.2066671704497585,5683.774543845818,-1.319759557284757
lng,ATRCCS,DAC,wind,ATRCCS_H_DAC_C_wind_E,Czech Republic,1,2024,274.7132800432066,2866.29116390809,3141.0044439512967,-1.5741516118250618,29.505004291634744,0.0400003759485437,23.283559322589937,0.03312,43.481610772211546,0.1495909915402742,3237.274618337733,-1.3514402443362439
lng,ATRCCS,DAC,wind,ATRCCS_H_DAC_C_wind_E,Japan,1,2024,326.0333433479815,3114.863566426058,3440.896909774039,-1.5741516118250618,12.977661099092396,0.0175940094014379,22.260927547689153,0.03856,20.26636492616301,0.0697229373608958,3496.401863346984,-1.448274665062728
lng,ATRCCS,DAC,wind,ATRCCS_H_DAC_C_wind_E,Belgium,1,2024,309.42979345526015,2407.783125205151,2717.212918660411,-1.5741516118250618,4.233422153209155,0.0057393137788924,26.37060253368647,0.01104,56.92766564566551,0.1958498270595502,2804.744608992972,-1.3615224709866194
lng,ATRCCS,DAC,wind,ATRCCS_H_DAC_C_wind_E,Poland,1,2024,279.2415209230397,3120.0202498882377,3399.2617708112775,-1.5741516118250618,16.004410049511293,0.0216974182578447,37.9227388718634,0.0492,62.56524212252678,0.2152449377760272,3515.7541618551786,-1.28800925579119
lng,ATRCCS,DAC,wind,ATRCCS_H_DAC_C_wind_E,India,1,2024,267.1662119101515,2246.994159342586,2514.1603712527376,-1.5741516118250618,43.369031669780384,0.0587960453816087,14.831593407134172,0.0566399999999999,10.59373146967094,0.0364459082015484,2582.954727799323,-1.4222696582419048
lng,ATRCCS,DAC,wind,ATRCCS_H_DAC_C_wind_E,Indonesia,1,2024,243.01559388437505,3267.7406482415727,3510.7562421259477,-1.5741516118250618,21.19081700585028,0.0287287077985997,9.929302477675712,0.05168,7.786346387408373,0.0267875834377514,3549.662707996882,-1.466955320588711
lng,ATRCCS,DAC,wind,ATRCCS_H_DAC_C_wind_E,South Korea,1,2024,283.7697618028727,2529.742076918842,2813.511838721715,-1.5741516118250618,10.383993350619884,0.0140777352128614,14.241918421136855,0.03312,17.624287275172158,0.0606333243378496,2855.7620377686435,-1.4663205522743508
lng,ATRCCS,DAC,wind,ATRCCS_H_DAC_C_wind_E,China,1,2024,276.2226936698176,2208.4364923809403,2484.659186050758,-1.5741516118250618,117.07828218326276,0.1587247795814752,12.189952505681092,0.0448,14.848698549059618,0.0510843894600154,2628.776119288761,-1.3195424427835711
lng,ATRCCS,DAC,wind,ATRCCS_H_DAC_C_wind_E,United Arab Emirates,1,2024,288.2980026827058,788.1938416643027,1076.4918443470085,-1.5741516118250618,15.525975735670064,0.0210487976973739,13.84109797041032,0.03064,22.944322992857888,0.0789359907732634,1128.8032410459468,-1.4435268233544245
lng,ATRCCS,DAC,wind,ATRCCS_H_DAC_C_wind_E,United States,1,2024,301.88272532220503,1683.6712523057276,1985.553977627933,-1.5741516118250618,115.88348476726244,0.1571049748408973,17.038636618230697,0.03072,52.95862996936256,0.1821950435376774,2171.4347289827883,-1.2041315934464871
lng,ATRCCS,DAC,wind,ATRCCS_H_DAC_C_wind_E,Turkey,1,2024,276.2226936698176,1586.8287556950577,1863.0514493648752,-1.5741516118250618,14.367053340775968,0.0194776292598864,16.749952505681094,0.0376,37.32981905913191,0.1284268118844242,1931.4982742704642,-1.388647170680751
lng,ATRCCS,DAC,wind,ATRCCS_H_DAC_C_wind_E,Australia,1,2024,309.42979345526015,2003.318982174923,2312.748775630183,-1.5741516118250618,117.82066045617007,0.1597312329179604,24.130602533686467,0.04416,11.901612906537595,0.0409454489840402,2466.6016515265774,-1.3293149299230613
lng,ATRCCS,DAC,wind,ATRCCS_H_DAC_C_wind_E,Malaysia,1,2024,264.14738465692943,1538.172380660409,1802.3197653173388,-1.5741516118250618,22.36137877654277,0.0303156559120751,14.858807040951865,0.04832,0.0,0.0,1839.5399511348335,-1.4955159559129867
lng,ATRCCS,DAC,wind,ATRCCS_H_DAC_C_wind_E,Canada,1,2024,307.9203798286492,1267.0492339661828,1574.969613794832,-1.5741516118250618,118.11484173619228,0.1601300588825865,13.944209350595314,0.0139999999999999,49.584341405335,0.1705863850019987,1756.6130062869545,-1.229435167940477
lng,ATRCCS,DAC,wind,ATRCCS_H_DAC_C_wind_E,Mexico,1,2024,265.65679828354047,1132.2499351707536,1397.906733454294,-1.5741516118250618,70.584838283883,0.0956929217740524,21.525200224043015,0.042,64.86002495922516,0.2231397428169365,1554.8767969214452,-1.213318947234073
lng,ATRCCS,DAC,wind,ATRCCS_H_DAC_C_wind_E,Thailand,1,2024,268.6756255367625,1591.528629680314,1860.2042552170765,-1.5741516118250618,16.66138756714907,0.0225880925121339,15.017986590225323,0.04432,5.453041263376516,0.0187602491032793,1897.3366706378274,-1.4884832702096487
lng,ATRCCS,DAC,wind,ATRCCS_H_DAC_C_wind_E,Russia,1,2024,285.27917542948376,1044.9006748096035,1330.1798502390875,-1.5741516118250618,217.03008950143004,0.2942309408395722,12.188311604228012,0.03592,21.725117197756443,0.0747415232606332,1581.1233685425018,-1.1692591477248564
lng,ATRCCS,DAC,wind,ATRCCS_H_DAC_C_wind_E,Saudi Arabia,1,2024,288.2980026827058,786.9545295375588,1075.2525322202646,-1.5741516118250618,38.75836749584844,0.0525452989486706,10.48109797041032,0.04416,25.47038618944284,0.0876264760510543,1149.9623838759662,-1.389819836825337
lng,BG,DAC,wind,BG_H_DAC_C_wind_E,South Africa,1,2024,294.96702578968717,1297.8298553245436,1592.7968811142307,-1.6404964956938148,36.05304361240747,0.0488776508666503,12.135525238045703,0.05672,33.55415330584088,0.1154372842719738,1674.5396032705246,-1.4194615605551908
lng,BG,DAC,wind,BG_H_DAC_C_wind_E,Taiwan,1,2024,290.23493446685796,1352.00930571361,1642.244240180468,-1.6404964956938148,8.910824241692303,0.0120805378015195,18.45634568877224,0.05088,11.47902285922631,0.0394916007233694,1681.0904329701589,-1.538044357168926
lng,BG,DAC,wind,BG_H_DAC_C_wind_E,Switzerland,1,2024,348.59739411508485,1856.984886054082,2205.5822801691666,-1.6404964956938148,17.100979796499654,0.0231840542772731,28.47289346314492,0.00296,44.32471484340281,0.1524915458606248,2295.480868272214,-1.461860895555917
lng,BG,DAC,wind,BG_H_DAC_C_wind_E,Singapore,1,2024,291.8122982411344,1807.1967151260471,2099.009013367182,-1.6404964956938148,0.6614965722328433,0.0008968008042448,27.9227388718634,0.03992,0.0,0.0,2127.593248811278,-1.5996796948895702
lng,BG,DAC,wind,BG_H_DAC_C_wind_E,Hungary,1,2024,283.9254793697524,1430.4147631311075,1714.34024250086,-1.6404964956938148,27.122186571715517,0.0367699542996764,20.75077295640763,0.01464,43.160799677088185,0.148487296231744,1805.3740017060713,-1.4405992451623943
lng,BG,DAC,wind,BG_H_DAC_C_wind_E,Philippines,1,2024,282.348115595476,1348.9126176008688,1631.2607331963447,-1.6404964956938148,14.30847482008127,0.0193982134825784,16.72437977331648,0.04904,8.862436757554681,0.0304896869844766,1671.1560245472972,-1.54156859522676
lng,BG,DAC,wind,BG_H_DAC_C_wind_E,Netherlands,1,2024,323.35957372666235,1633.9831859451915,1957.342759671854,-1.6404964956938148,6.791636792605323,0.0092075236568326,24.05060253368647,0.02024,57.04210191937808,0.196243525345994,2045.227100917524,-1.4148054466909883
lng,BG,DAC,wind,BG_H_DAC_C_wind_E,Norway,1,2024,358.06157676074326,1600.8537227951074,1958.9152995558509,-1.6404964956938148,31.586172849052392,0.0428218473127285,15.911252561691846,0.00248,60.53321201401219,0.2082540882335661,2066.9459369806073,-1.3869405601475202
lng,BG,DAC,wind,BG_H_DAC_C_wind_E,Oman,1,2024,301.2764808867928,1286.2232411232148,1587.4997220100076,-1.6404964956938148,26.719103995420006,0.0362234892176598,21.12109797041032,0.0436,22.014936016547047,0.0757385949812978,1657.3548599923852,-1.484934411494857
lng,BG,DAC,wind,BG_H_DAC_C_wind_E,Italy,1,2024,302.85384466106916,1664.5909928546464,1967.4448375157156,-1.6404964956938148,16.85127746633886,0.0228455290907342,41.78749115350147,0.0230399999999999,43.481610772211546,0.1495909915402742,2069.5652169077675,-1.4450199750628065
lng,BG,DAC,wind,BG_H_DAC_C_wind_E,Austria,1,2024,328.0916650494916,1634.161336091178,1962.2530011406695,-1.6404964956938148,13.684414387924436,0.018552165413778,28.929782082959928,0.0082399999999999,43.481610772211546,0.1495909915402742,2048.3488083837656,-1.464113338739763
lng,BG,DAC,wind,BG_H_DAC_C_wind_E,Finland,1,2024,340.71057524370286,1649.4343560959226,1990.1449313396256,-1.6404964956938148,27.22434438169863,0.0369084511717668,15.940927547689158,0.0057599999999999,64.56110391457831,0.2221113564562004,2097.8713071835914,-1.3757166880658476
lng,BG,DAC,wind,BG_H_DAC_C_wind_E,Portugal,1,2024,287.0802069183052,1528.8598379017956,1815.9400448201009,-1.6404964956938148,12.817872374283043,0.0173773814354991,16.803559322589937,0.00896,49.423540753857885,0.1700331780607748,1894.9850172708318,-1.4441259361975407
lng,BG,DAC,wind,BG_H_DAC_C_wind_E,Germany,1,2024,324.93693750093877,1633.5622355887397,1958.4991730896784,-1.6404964956938148,19.948978931930707,0.0270451293339769,28.316995716777623,0.02752,58.34583735079685,0.2007288025109504,2065.1109850891835,-1.3852025638488876
lng,BG,DAC,wind,BG_H_DAC_C_wind_E,Greece,1,2024,290.23493446685796,1423.5912172722758,1713.8261517391338,-1.6404964956938148,11.184540606351485,0.0151630491100337,24.136345688772245,0.0256,38.655294480858075,0.1329868817410128,1787.8023325151157,-1.4667465648427682
lng,BG,DAC,wind,BG_H_DAC_C_wind_E,France,1,2024,318.6274824038332,1640.065075564508,1958.6925579683411,-1.6404964956938148,23.213504505882067,0.031470895517943,20.531422984413005,0.0035199999999999,55.74270322845311,0.1917731679896417,2058.1801886870894,-1.4137324321862301
lng,BG,DAC,wind,BG_H_DAC_C_wind_E,Brazil,1,2024,290.23493446685796,1522.4876871220486,1812.7226215889063,-1.6404964956938148,102.99809327173692,0.1396360567221048,15.176345688772244,0.0082399999999999,61.4418912346397,0.2113802425593065,1992.3389517840553,-1.2812401964124036
lng,BG,DAC,wind,BG_H_DAC_C_wind_E,United Kingdom,1,2024,335.9784839208736,1527.0452675551303,1863.023751476004,-1.6404964956938148,18.53994207479783,0.0251348769763235,40.9817479984157,0.01688,55.355200589122006,0.1904400319118252,1977.9006421383397,-1.4080415868056662
lng,BG,DAC,wind,BG_H_DAC_C_wind_E,Spain,1,2024,293.38966201541075,1511.6600714310443,1805.049733446455,-1.6404964956938148,31.30247157646122,0.042437229251041,15.949132054954552,0.01168,47.66906092425297,0.1639971924409472,1899.9703980021238,-1.4223820740018267
lng,BG,DAC,wind,BG_H_DAC_C_wind_E,Sweden,1,2024,347.0200303408085,1798.252936993607,2145.2729673344156,-1.6404964956938148,33.07840154431364,0.0448448840905465,11.52280028005377,0.0028799999999999,60.07194265084708,0.2066671704497585,2249.94611180963,-1.38610444115351
lng,BG,DAC,wind,BG_H_DAC_C_wind_E,Czech Republic,1,2024,287.0802069183052,1490.1237901462666,1777.203997064572,-1.6404964956938148,29.505004291634744,0.0400003759485437,23.283559322589937,0.03312,43.481610772211546,0.1495909915402742,1873.4741714510083,-1.417785128204997
lng,BG,DAC,wind,BG_H_DAC_C_wind_E,Japan,1,2024,340.71057524370286,1597.8009802886097,1938.5115555323125,-1.6404964956938148,12.977661099092396,0.0175940094014379,22.260927547689153,0.03856,20.26636492616301,0.0697229373608958,1994.016509105257,-1.514619548931481
lng,BG,DAC,wind,BG_H_DAC_C_wind_E,Belgium,1,2024,323.35957372666235,1551.4987982625214,1874.858371989184,-1.6404964956938148,4.233422153209155,0.0057393137788924,26.37060253368647,0.01104,56.92766564566551,0.1958498270595502,1962.390062321745,-1.4278673548553724
lng,BG,DAC,wind,BG_H_DAC_C_wind_E,Poland,1,2024,291.8122982411344,1502.315431851456,1794.1277300925904,-1.6404964956938148,16.004410049511293,0.0216974182578447,37.9227388718634,0.0492,62.56524212252678,0.2152449377760272,1910.620121136492,-1.354354139659943
lng,BG,DAC,wind,BG_H_DAC_C_wind_E,India,1,2024,279.19338804692313,1395.717535777076,1674.9109238239994,-1.6404964956938148,43.369031669780384,0.0587960453816087,14.831593407134172,0.0566399999999999,10.59373146967094,0.0364459082015484,1743.705280370585,-1.4886145421106578
lng,BG,DAC,wind,BG_H_DAC_C_wind_E,Indonesia,1,2024,253.95556765850068,1508.1775964737692,1762.13316413227,-1.6404964956938148,21.19081700585028,0.0287287077985997,9.929302477675712,0.05168,7.786346387408373,0.0267875834377514,1801.0396300032044,-1.533300204457464
lng,BG,DAC,wind,BG_H_DAC_C_wind_E,South Korea,1,2024,296.54438956396353,1497.3166818432862,1793.8610714072497,-1.6404964956938148,10.383993350619884,0.0140777352128614,14.241918421136855,0.03312,17.624287275172158,0.0606333243378496,1836.1112704541788,-1.5326654361431038
lng,BG,DAC,wind,BG_H_DAC_C_wind_E,China,1,2024,288.6575706925816,1388.7216747255502,1677.379245418132,-1.6404964956938148,117.07828218326276,0.1587247795814752,12.189952505681092,0.0448,14.848698549059618,0.0510843894600154,1821.4961786561355,-1.3858873266523242
lng,BG,DAC,wind,BG_H_DAC_C_wind_E,United Arab Emirates,1,2024,301.2764808867928,1285.1554293383929,1586.4319102251854,-1.6404964956938148,15.525975735670064,0.0210487976973739,13.84109797041032,0.03064,22.944322992857888,0.0789359907732634,1638.7433069241238,-1.5098717072231775
lng,BG,DAC,wind,BG_H_DAC_C_wind_E,United States,1,2024,315.47275485528036,1453.3701092697745,1768.8428641250548,-1.6404964956938148,115.88348476726244,0.1571049748408973,17.038636618230697,0.03072,52.95862996936256,0.1821950435376774,1954.7236154799104,-1.2704764773152402
lng,BG,DAC,wind,BG_H_DAC_C_wind_E,Turkey,1,2024,288.6575706925816,1366.0842667878617,1654.741837480443,-1.6404964956938148,14.367053340775968,0.0194776292598864,16.749952505681094,0.0376,37.32981905913191,0.1284268118844242,1723.188662386032,-1.454992054549504
lng,BG,DAC,wind,BG_H_DAC_C_wind_E,Australia,1,2024,323.35957372666235,1484.854211981799,1808.2137857084613,-1.6404964956938148,117.82066045617007,0.1597312329179604,24.130602533686467,0.04416,11.901612906537595,0.0409454489840402,1962.0666616048554,-1.3956598137918144
lng,BG,DAC,wind,BG_H_DAC_C_wind_E,Malaysia,1,2024,276.03866049837035,1355.8453517310352,1631.8840122294057,-1.6404964956938148,22.36137877654277,0.0303156559120751,14.858807040951865,0.04832,0.0,0.0,1669.1041980469004,-1.5618608397817397
lng,BG,DAC,wind,BG_H_DAC_C_wind_E,Canada,1,2024,321.782209952386,1387.9750239831803,1709.7572339355663,-1.6404964956938148,118.11484173619228,0.1601300588825865,13.944209350595314,0.0139999999999999,49.584341405335,0.1705863850019987,1891.4006264276888,-1.29578005180923
lng,BG,DAC,wind,BG_H_DAC_C_wind_E,Mexico,1,2024,277.61602427264677,1299.7894094439034,1577.4054337165503,-1.6404964956938148,70.584838283883,0.0956929217740524,21.525200224043015,0.042,64.86002495922516,0.2231397428169365,1734.3754971837016,-1.2796638311028259
lng,BG,DAC,wind,BG_H_DAC_C_wind_E,Thailand,1,2024,280.77075182119955,1350.761204944034,1631.5319567652336,-1.6404964956938148,16.66138756714907,0.0225880925121339,15.017986590225323,0.04432,5.453041263376516,0.0187602491032793,1668.6643721859846,-1.5548281540784017
lng,BG,DAC,wind,BG_H_DAC_C_wind_E,Russia,1,2024,298.12175333823996,1325.962699429159,1624.084452767399,-1.6404964956938148,217.03008950143004,0.2942309408395722,12.188311604228012,0.03592,21.725117197756443,0.0747415232606332,1875.0279710708132,-1.2356040315936094
lng,BG,DAC,wind,BG_H_DAC_C_wind_E,Saudi Arabia,1,2024,301.2764808867928,1282.6590615978205,1583.935542484613,-1.6404964956938148,38.75836749584844,0.0525452989486706,10.48109797041032,0.04416,25.47038618944284,0.0876264760510543,1658.6453941403147,-1.45616472069409
lng,LTE,DAC,wind,LTE_H_DAC_C_wind_E,South Africa,1,2024,360.60683078968714,1893.692144125821,2254.298974915508,-1.971231469123344,36.05304361240747,0.0488776508666503,12.135525238045703,0.05672,33.55415330584088,0.1154372842719738,2336.0416970718024,-1.7501965339847199
lng,LTE,DAC,wind,LTE_H_DAC_C_wind_E,Taiwan,1,2024,354.82169446685793,1322.473308538794,1677.295003005652,-1.971231469123344,8.910824241692303,0.0120805378015195,18.45634568877224,0.05088,11.47902285922631,0.0394916007233694,1716.1411957953428,-1.868779330598455
lng,LTE,DAC,wind,LTE_H_DAC_C_wind_E,Switzerland,1,2024,426.1717091150848,2356.459982889347,2782.6316920044324,-1.971231469123344,17.100979796499654,0.0231840542772731,28.47289346314492,0.00296,44.32471484340281,0.1524915458606248,2872.53028010748,-1.792595868985446
lng,LTE,DAC,wind,LTE_H_DAC_C_wind_E,Singapore,1,2024,356.7500732411343,3068.8188389328293,3425.568912173964,-1.971231469123344,0.6614965722328433,0.0008968008042448,27.9227388718634,0.03992,0.0,0.0,3454.15314761806,-1.9304146683190992
lng,LTE,DAC,wind,LTE_H_DAC_C_wind_E,Hungary,1,2024,347.10817936975235,1872.7957259753232,2219.9039053450756,-1.971231469123344,27.122186571715517,0.0367699542996764,20.75077295640763,0.01464,43.160799677088185,0.148487296231744,2310.937664550287,-1.7713342185919234
lng,LTE,DAC,wind,LTE_H_DAC_C_wind_E,Philippines,1,2024,345.1798005954759,2126.6342799899244,2471.8140805854005,-1.971231469123344,14.30847482008127,0.0193982134825784,16.72437977331648,0.04904,8.862436757554681,0.0304896869844766,2511.709371936353,-1.872303568656289
lng,LTE,DAC,wind,LTE_H_DAC_C_wind_E,Netherlands,1,2024,395.3176487266624,1911.414980056303,2306.7326287829655,-1.971231469123344,6.791636792605323,0.0092075236568326,24.05060253368647,0.02024,57.04210191937808,0.196243525345994,2394.6169700286355,-1.7455404201205174
lng,LTE,DAC,wind,LTE_H_DAC_C_wind_E,Norway,1,2024,437.7419817607432,1856.512046555701,2294.2540283164444,-1.971231469123344,31.586172849052392,0.0428218473127285,15.911252561691846,0.00248,60.53321201401219,0.2082540882335661,2402.284665741201,-1.7176755335770493
lng,LTE,DAC,wind,LTE_H_DAC_C_wind_E,Oman,1,2024,368.3203458867927,1954.793909808608,2323.114255695401,-1.971231469123344,26.719103995420006,0.0362234892176598,21.12109797041032,0.0436,22.014936016547047,0.0757385949812978,2392.969393677778,-1.8156693849243861
lng,LTE,DAC,wind,LTE_H_DAC_C_wind_E,Italy,1,2024,370.2487246610691,2143.676464713126,2513.925189374195,-1.971231469123344,16.85127746633886,0.0228455290907342,41.78749115350147,0.0230399999999999,43.481610772211546,0.1495909915402742,2616.045568766247,-1.7757549484923356
lng,LTE,DAC,wind,LTE_H_DAC_C_wind_E,Austria,1,2024,401.1027850494916,2015.2278564913615,2416.3306415408533,-1.971231469123344,13.684414387924436,0.018552165413778,28.929782082959928,0.0082399999999999,43.481610772211546,0.1495909915402742,2502.426448783949,-1.794848312169292
lng,LTE,DAC,wind,LTE_H_DAC_C_wind_E,Finland,1,2024,416.5298152437028,1950.4754933661789,2367.0053086098815,-1.971231469123344,27.22434438169863,0.0369084511717668,15.940927547689158,0.0057599999999999,64.56110391457831,0.2221113564562004,2474.7316844538477,-1.7064516614953766
lng,LTE,DAC,wind,LTE_H_DAC_C_wind_E,Portugal,1,2024,350.96493691830517,2090.8495008227715,2441.8144377410767,-1.971231469123344,12.817872374283043,0.0173773814354991,16.803559322589937,0.00896,49.423540753857885,0.1700331780607748,2520.859410191808,-1.7748609096270698
lng,LTE,DAC,wind,LTE_H_DAC_C_wind_E,Germany,1,2024,397.2460275009388,2213.7233021340294,2610.9693296349683,-1.971231469123344,19.948978931930707,0.0270451293339769,28.316995716777623,0.02752,58.34583735079685,0.2007288025109504,2717.5811416344736,-1.7159375372784167
lng,LTE,DAC,wind,LTE_H_DAC_C_wind_E,Greece,1,2024,354.82169446685793,1888.713254202242,2243.5349486691,-1.971231469123344,11.184540606351485,0.0151630491100337,24.136345688772245,0.0256,38.655294480858075,0.1329868817410128,2317.5111294450817,-1.7974815382722973
lng,LTE,DAC,wind,LTE_H_DAC_C_wind_E,France,1,2024,389.5325124038332,2086.6361932715135,2476.1687056753467,-1.971231469123344,23.213504505882067,0.031470895517943,20.531422984413005,0.0035199999999999,55.74270322845311,0.1917731679896417,2575.656336394095,-1.7444674056157592
lng,LTE,DAC,wind,LTE_H_DAC_C_wind_E,Brazil,1,2024,354.82169446685793,1393.0334715240035,1747.8551659908617,-1.971231469123344,102.99809327173692,0.1396360567221048,15.176345688772244,0.0082399999999999,61.4418912346397,0.2113802425593065,1927.4714961860107,-1.6119751698419327
lng,LTE,DAC,wind,LTE_H_DAC_C_wind_E,United Kingdom,1,2024,410.7446789208736,1585.9640468344846,1996.7087257553585,-1.971231469123344,18.53994207479783,0.0251348769763235,40.9817479984157,0.01688,55.355200589122006,0.1904400319118252,2111.585616417694,-1.7387765602351952
lng,LTE,DAC,wind,LTE_H_DAC_C_wind_E,Spain,1,2024,358.67845201541076,1680.5025660119302,2039.181018027341,-1.971231469123344,31.30247157646122,0.042437229251041,15.949132054954552,0.01168,47.66906092425297,0.1639971924409472,2134.1016825830097,-1.7531170474313558
lng,LTE,DAC,wind,LTE_H_DAC_C_wind_E,Sweden,1,2024,424.2433303408085,2069.6927662429707,2493.936096583779,-1.971231469123344,33.07840154431364,0.0448448840905465,11.52280028005377,0.0028799999999999,60.07194265084708,0.2066671704497585,2598.6092410589936,-1.716839414583039
lng,LTE,DAC,wind,LTE_H_DAC_C_wind_E,Czech Republic,1,2024,350.96493691830517,2113.116680201905,2464.0816171202105,-1.971231469123344,29.505004291634744,0.0400003759485437,23.283559322589937,0.03312,43.481610772211546,0.1495909915402742,2560.351791506647,-1.748520101634526
lng,LTE,DAC,wind,LTE_H_DAC_C_wind_E,Japan,1,2024,416.5298152437028,3984.4804743035497,4401.010289547253,-1.971231469123344,12.977661099092396,0.0175940094014379,22.260927547689153,0.03856,20.26636492616301,0.0697229373608958,4456.515243120197,-1.8453545223610102
lng,LTE,DAC,wind,LTE_H_DAC_C_wind_E,Belgium,1,2024,395.3176487266624,2036.313321542964,2431.6309702696262,-1.971231469123344,4.233422153209155,0.0057393137788924,26.37060253368647,0.01104,56.92766564566551,0.1958498270595502,2519.1626606021873,-1.7586023282849015
lng,LTE,DAC,wind,LTE_H_DAC_C_wind_E,Poland,1,2024,356.7500732411343,2012.343077799908,2369.0931510410423,-1.971231469123344,16.004410049511293,0.0216974182578447,37.9227388718634,0.0492,62.56524212252678,0.2152449377760272,2485.5855420849434,-1.685089113089472
lng,LTE,DAC,wind,LTE_H_DAC_C_wind_E,India,1,2024,341.32304304692315,1862.5138175856564,2203.8368606325794,-1.971231469123344,43.369031669780384,0.0587960453816087,14.831593407134172,0.0566399999999999,10.59373146967094,0.0364459082015484,2272.6312171791647,-1.8193495155401869
lng,LTE,DAC,wind,LTE_H_DAC_C_wind_E,Indonesia,1,2024,310.46898265850064,2868.1857391872127,3178.6547218457135,-1.971231469123344,21.19081700585028,0.0287287077985997,9.929302477675712,0.05168,7.786346387408373,0.0267875834377514,3217.561187716648,-1.864035177886993
lng,LTE,DAC,wind,LTE_H_DAC_C_wind_E,South Korea,1,2024,362.5352095639636,2465.3296598974484,2827.864869461412,-1.971231469123344,10.383993350619884,0.0140777352128614,14.241918421136855,0.03312,17.624287275172158,0.0606333243378496,2870.1150685083408,-1.8634004095726329
lng,LTE,DAC,wind,LTE_H_DAC_C_wind_E,China,1,2024,352.89331569258155,1344.098872715792,1696.9921884083735,-1.971231469123344,117.07828218326276,0.1587247795814752,12.189952505681092,0.0448,14.848698549059618,0.0510843894600154,1841.109121646377,-1.7166223000818532
lng,LTE,DAC,wind,LTE_H_DAC_C_wind_E,United Arab Emirates,1,2024,368.3203458867927,1951.957414623786,2320.277760510579,-1.971231469123344,15.525975735670064,0.0210487976973739,13.84109797041032,0.03064,22.944322992857888,0.0789359907732634,2372.5891572095175,-1.8406066806527066
lng,LTE,DAC,wind,LTE_H_DAC_C_wind_E,United States,1,2024,385.6757548552804,1717.588493616786,2103.2642484720664,-1.971231469123344,115.88348476726244,0.1571049748408973,17.038636618230697,0.03072,52.95862996936256,0.1821950435376774,2289.144999826922,-1.6012114507447692
lng,LTE,DAC,wind,LTE_H_DAC_C_wind_E,Turkey,1,2024,352.89331569258155,2629.058025206327,2981.9513408989083,-1.971231469123344,14.367053340775968,0.0194776292598864,16.749952505681094,0.0376,37.32981905913191,0.1284268118844242,3050.398165804497,-1.7857270279790332
lng,LTE,DAC,wind,LTE_H_DAC_C_wind_E,Australia,1,2024,395.3176487266624,1837.0489950231029,2232.366643749765,-1.971231469123344,117.82066045617007,0.1597312329179604,24.130602533686467,0.04416,11.901612906537595,0.0409454489840402,2386.2195196461594,-1.7263947872213434
lng,LTE,DAC,wind,LTE_H_DAC_C_wind_E,Malaysia,1,2024,337.4662854983703,2774.2763978060248,3111.742683304395,-1.971231469123344,22.36137877654277,0.0303156559120751,14.858807040951865,0.04832,0.0,0.0,3148.9628691218895,-1.8925958132112688
lng,LTE,DAC,wind,LTE_H_DAC_C_wind_E,Canada,1,2024,393.389269952386,1624.0147167213825,2017.4039866737685,-1.971231469123344,118.11484173619228,0.1601300588825865,13.944209350595314,0.0139999999999999,49.584341405335,0.1705863850019987,2199.0473791658915,-1.626515025238759
lng,LTE,DAC,wind,LTE_H_DAC_C_wind_E,Mexico,1,2024,339.39466427264676,1822.9640666690923,2162.358730941739,-1.971231469123344,70.584838283883,0.0956929217740524,21.525200224043015,0.042,64.86002495922516,0.2231397428169365,2319.32879440889,-1.610398804532355
lng,LTE,DAC,wind,LTE_H_DAC_C_wind_E,Thailand,1,2024,343.25142182119953,2497.504532288239,2840.7559541094383,-1.971231469123344,16.66138756714907,0.0225880925121339,15.017986590225323,0.04432,5.453041263376516,0.0187602491032793,2877.8883695301897,-1.8855631275079308
lng,LTE,DAC,wind,LTE_H_DAC_C_wind_E,Russia,1,2024,364.46358833824,3322.307525480205,3686.771113818445,-1.971231469123344,217.03008950143004,0.2942309408395722,12.188311604228012,0.03592,21.725117197756443,0.0747415232606332,3937.7146321218597,-1.5663390050231385
lng,LTE,DAC,wind,LTE_H_DAC_C_wind_E,Saudi Arabia,1,2024,368.3203458867927,1950.213316662819,2318.5336625496116,-1.971231469123344,38.75836749584844,0.0525452989486706,10.48109797041032,0.04416,25.47038618944284,0.0876264760510543,2393.2435142053127,-1.786899694123619
lng,SMR,DAC,wind,SMR_H_DAC_C_wind_E,South Africa,1,2024,188.59062153405935,922.232862684463,1110.8234842185225,3.028467717742299,36.05304361240747,0.0488776508666503,12.135525238045703,0.05672,33.55415330584088,0.1154372842719738,1192.5662063748164,3.249502652880923
lng,SMR,DAC,wind,SMR_H_DAC_C_wind_E,Taiwan,1,2024,185.5651035415343,1519.7475625432644,1705.3126660847988,3.028467717742299,8.910824241692303,0.0120805378015195,18.45634568877224,0.05088,11.47902285922631,0.0394916007233694,1744.1588588744896,3.1309198562671874
lng,SMR,DAC,wind,SMR_H_DAC_C_wind_E,Switzerland,1,2024,222.8798254493429,4805.934634039466,5028.814459488809,3.028467717742299,17.100979796499654,0.0231840542772731,28.47289346314492,0.00296,44.32471484340281,0.1524915458606248,5118.713047591857,3.2071033178801964
lng,SMR,DAC,wind,SMR_H_DAC_C_wind_E,Singapore,1,2024,186.5736095390427,5123.339473270302,5309.913082809345,3.028467717742299,0.6614965722328433,0.0008968008042448,27.9227388718634,0.03992,0.0,0.0,5338.497318253441,3.0692845185465436
lng,SMR,DAC,wind,SMR_H_DAC_C_wind_E,Hungary,1,2024,181.531079551501,2187.7013905463973,2369.2324700978984,3.028467717742299,27.122186571715517,0.0367699542996764,20.75077295640763,0.01464,43.160799677088185,0.148487296231744,2460.26622930311,3.228364968273719
lng,SMR,DAC,wind,SMR_H_DAC_C_wind_E,Philippines,1,2024,180.52257355399263,1497.7627923091366,1678.2853658631293,3.028467717742299,14.30847482008127,0.0193982134825784,16.72437977331648,0.04904,8.862436757554681,0.0304896869844766,1718.1806572140817,3.1273956182093543
lng,SMR,DAC,wind,SMR_H_DAC_C_wind_E,Netherlands,1,2024,206.74372948920947,3437.9917213816216,3644.735450870831,3.028467717742299,6.791636792605323,0.0092075236568326,24.05060253368647,0.02024,57.04210191937808,0.196243525345994,3732.619792116501,3.2541587667451255
lng,SMR,DAC,wind,SMR_H_DAC_C_wind_E,Norway,1,2024,228.93086143439297,2694.2241172454083,2923.1549786798014,3.028467717742299,31.586172849052392,0.0428218473127285,15.911252561691846,0.00248,60.53321201401219,0.2082540882335661,3031.185616104558,3.282023653288593
lng,SMR,DAC,wind,SMR_H_DAC_C_wind_E,Oman,1,2024,192.62464552409276,725.1110214679502,917.735666992043,3.028467717742299,26.719103995420006,0.0362234892176598,21.12109797041032,0.0436,22.014936016547047,0.0757385949812978,987.5908049744204,3.1840298019412567
lng,SMR,DAC,wind,SMR_H_DAC_C_wind_E,Italy,1,2024,193.63315152160104,3771.680515321037,3965.313666842638,3.028467717742299,16.85127746633886,0.0228455290907342,41.78749115350147,0.0230399999999999,43.481610772211546,0.1495909915402742,4067.4340462346904,3.2239442383733072
lng,SMR,DAC,wind,SMR_H_DAC_C_wind_E,Austria,1,2024,209.76924748173448,3275.159505025172,3484.9287525069067,3.028467717742299,13.684414387924436,0.018552165413778,28.929782082959928,0.0082399999999999,43.481610772211546,0.1495909915402742,3571.0245597500025,3.204850874696351
lng,SMR,DAC,wind,SMR_H_DAC_C_wind_E,Finland,1,2024,217.8372954618012,3449.287163574105,3667.124459035906,3.028467717742299,27.22434438169863,0.0369084511717668,15.940927547689158,0.0057599999999999,64.56110391457831,0.2221113564562004,3774.8508348798723,3.2932475253702664
lng,SMR,DAC,wind,SMR_H_DAC_C_wind_E,Portugal,1,2024,183.5480915465177,3035.190354818448,3218.7384463649655,3.028467717742299,12.817872374283043,0.0173773814354991,16.803559322589937,0.00896,49.423540753857885,0.1700331780607748,3297.7834188156967,3.2248382772385726
lng,SMR,DAC,wind,SMR_H_DAC_C_wind_E,Germany,1,2024,207.7522354867178,3098.5885717781466,3306.3408072648645,3.028467717742299,19.948978931930707,0.0270451293339769,28.316995716777623,0.02752,58.34583735079685,0.2007288025109504,3412.95261926437,3.2837616495872264
lng,SMR,DAC,wind,SMR_H_DAC_C_wind_E,Greece,1,2024,185.5651035415343,1910.1918334691372,2095.7569370106717,3.028467717742299,11.184540606351485,0.0151630491100337,24.136345688772245,0.0256,38.655294480858075,0.1329868817410128,2169.7331177866536,3.2022176485933453
lng,SMR,DAC,wind,SMR_H_DAC_C_wind_E,France,1,2024,203.7182114966845,3371.399059659991,3575.1172711566755,3.028467717742299,23.213504505882067,0.031470895517943,20.531422984413005,0.0035199999999999,55.74270322845311,0.1917731679896417,3674.604901875424,3.2552317812498837
lng,SMR,DAC,wind,SMR_H_DAC_C_wind_E,Brazil,1,2024,185.5651035415343,3251.6467471113374,3437.211850652872,3.028467717742299,102.99809327173692,0.1396360567221048,15.176345688772244,0.0082399999999999,61.4418912346397,0.2113802425593065,3616.82818084802,3.38772401702371
lng,SMR,DAC,wind,SMR_H_DAC_C_wind_E,United Kingdom,1,2024,214.81177746927617,2619.0510091825245,2833.8627866518004,3.028467717742299,18.53994207479783,0.0251348769763235,40.9817479984157,0.01688,55.355200589122006,0.1904400319118252,2948.739677314136,3.260922626630448
lng,SMR,DAC,wind,SMR_H_DAC_C_wind_E,Spain,1,2024,187.58211553655104,2609.35891351754,2796.941029054091,3.028467717742299,31.30247157646122,0.042437229251041,15.949132054954552,0.01168,47.66906092425297,0.1639971924409472,2891.8616936097596,3.2465821394342873
lng,SMR,DAC,wind,SMR_H_DAC_C_wind_E,Sweden,1,2024,221.87131945183455,4820.559493870002,5042.4308133218365,3.028467717742299,33.07840154431364,0.0448448840905465,11.52280028005377,0.0028799999999999,60.07194265084708,0.2066671704497585,5147.1039577970505,3.282859772282604
lng,SMR,DAC,wind,SMR_H_DAC_C_wind_E,Czech Republic,1,2024,183.5480915465177,2630.238562250255,2813.786653796773,3.028467717742299,29.505004291634744,0.0400003759485437,23.283559322589937,0.03312,43.481610772211546,0.1495909915402742,2910.0568281832093,3.251179085231117
lng,SMR,DAC,wind,SMR_H_DAC_C_wind_E,Japan,1,2024,217.8372954618012,2778.1126415617027,2995.949937023504,3.028467717742299,12.977661099092396,0.0175940094014379,22.260927547689153,0.03856,20.26636492616301,0.0697229373608958,3051.454890596449,3.1543446645046322
lng,SMR,DAC,wind,SMR_H_DAC_C_wind_E,Belgium,1,2024,206.74372948920947,2219.164383515643,2425.908113004852,3.028467717742299,4.233422153209155,0.0057393137788924,26.37060253368647,0.01104,56.92766564566551,0.1958498270595502,2513.439803337413,3.2410968585807414
lng,SMR,DAC,wind,SMR_H_DAC_C_wind_E,Poland,1,2024,186.5736095390427,2858.3756411659774,3044.94925070502,3.028467717742299,16.004410049511293,0.0216974182578447,37.9227388718634,0.0492,62.56524212252678,0.2152449377760272,3161.441641748921,3.314610073776171
lng,SMR,DAC,wind,SMR_H_DAC_C_wind_E,India,1,2024,178.50556155897596,2053.519938386062,2232.025499945038,3.028467717742299,43.369031669780384,0.0587960453816087,14.831593407134172,0.0566399999999999,10.59373146967094,0.0364459082015484,2300.8198564916233,3.1803496713254558
lng,SMR,DAC,wind,SMR_H_DAC_C_wind_E,Indonesia,1,2024,162.3694655988425,2951.7376341243603,3114.1070997232027,3.028467717742299,21.19081700585028,0.0287287077985997,9.929302477675712,0.05168,7.786346387408373,0.0267875834377514,3153.013565594137,3.1356640089786505
lng,SMR,DAC,wind,SMR_H_DAC_C_wind_E,South Korea,1,2024,189.59912753156772,2297.0613133643974,2486.660440895965,3.028467717742299,10.383993350619884,0.0140777352128614,14.241918421136855,0.03312,17.624287275172158,0.0606333243378496,2528.910639942894,3.13629877729301
lng,SMR,DAC,wind,SMR_H_DAC_C_wind_E,China,1,2024,184.556597544026,2039.5645009808857,2224.121098524912,3.028467717742299,117.07828218326276,0.1587247795814752,12.189952505681092,0.0448,14.848698549059618,0.0510843894600154,2368.2380317629154,3.2830768867837894
lng,SMR,DAC,wind,SMR_H_DAC_C_wind_E,United Arab Emirates,1,2024,192.62464552409276,721.8143206838236,914.4389662079165,3.028467717742299,15.525975735670064,0.0210487976973739,13.84109797041032,0.03064,22.944322992857888,0.0789359907732634,966.7503629068548,3.1590925062129362
lng,SMR,DAC,wind,SMR_H_DAC_C_wind_E,United States,1,2024,201.70119950166776,1563.2179524861128,1764.9191519877809,3.028467717742299,115.88348476726244,0.1571049748408973,17.038636618230697,0.03072,52.95862996936256,0.1821950435376774,1950.7999033426365,3.398487736120874
lng,SMR,DAC,wind,SMR_H_DAC_C_wind_E,Turkey,1,2024,184.556597544026,1422.2735297611137,1606.8301273051395,3.028467717742299,14.367053340775968,0.0194776292598864,16.749952505681094,0.0376,37.32981905913191,0.1284268118844242,1675.2769522107285,3.2139721588866097
lng,SMR,DAC,wind,SMR_H_DAC_C_wind_E,Australia,1,2024,206.74372948920947,1855.4917432969369,2062.235472786146,3.028467717742299,117.82066045617007,0.1597312329179604,24.130602533686467,0.04416,11.901612906537595,0.0409454489840402,2216.0883486825405,3.2733043996443
lng,SMR,DAC,wind,SMR_H_DAC_C_wind_E,Malaysia,1,2024,176.48854956395928,1369.8737679458288,1546.3623175097882,3.028467717742299,22.36137877654277,0.0303156559120751,14.858807040951865,0.04832,0.0,0.0,1583.582503327283,3.107103373654374
lng,SMR,DAC,wind,SMR_H_DAC_C_wind_E,Canada,1,2024,205.7352234917011,1182.5280846482572,1388.2633081399583,3.028467717742299,118.11484173619228,0.1601300588825865,13.944209350595314,0.0139999999999999,49.584341405335,0.1705863850019987,1569.9067006320809,3.373184161626884
lng,SMR,DAC,wind,SMR_H_DAC_C_wind_E,Mexico,1,2024,177.49705556146765,1036.0817691801929,1213.5788247416606,3.028467717742299,70.584838283883,0.0956929217740524,21.525200224043015,0.042,64.86002495922516,0.2231397428169365,1370.5488882088118,3.3893003823332877
lng,SMR,DAC,wind,SMR_H_DAC_C_wind_E,Thailand,1,2024,179.51406755648432,1430.1413793954443,1609.6554469519288,3.028467717742299,16.66138756714907,0.0225880925121339,15.017986590225323,0.04432,5.453041263376516,0.0187602491032793,1646.7878623726797,3.114136059357712
lng,SMR,DAC,wind,SMR_H_DAC_C_wind_E,Russia,1,2024,190.60763352907605,898.5625317697334,1089.1701652988097,3.028467717742299,217.03008950143004,0.2942309408395722,12.188311604228012,0.03592,21.725117197756443,0.0747415232606332,1340.113683602224,3.433360181842504
lng,SMR,DAC,wind,SMR_H_DAC_C_wind_E,Saudi Arabia,1,2024,192.62464552409276,720.5750169009897,913.1996624250824,3.028467717742299,38.75836749584844,0.0525452989486706,10.48109797041032,0.04416,25.47038618944284,0.0876264760510543,987.909514080784,3.212799492742024
lng,SMRCCS,DAC,wind,SMRCCS_H_DAC_C_wind_E,South Africa,1,2024,325.25890869973006,1053.8057366418825,1379.0646453416125,-1.287435512972101,36.05304361240747,0.0488776508666503,12.135525238045703,0.05672,33.55415330584088,0.1154372842719738,1460.8073674979064,-1.0664005778334769
lng,SMRCCS,DAC,wind,SMRCCS_H_DAC_C_wind_E,Taiwan,1,2024,320.0408513409108,1795.2216142696852,2115.262465610596,-1.287435512972101,8.910824241692303,0.0120805378015195,18.45634568877224,0.05088,11.47902285922631,0.0394916007233694,2154.108658400287,-1.184983374447212
lng,SMRCCS,DAC,wind,SMRCCS_H_DAC_C_wind_E,Switzerland,1,2024,384.39689209968094,5960.805123895269,6345.202015994951,-1.287435512972101,17.100979796499654,0.0231840542772731,28.47289346314492,0.00296,44.32471484340281,0.1524915458606248,6435.100604097998,-1.108799912834203
lng,SMRCCS,DAC,wind,SMRCCS_H_DAC_C_wind_E,Singapore,1,2024,321.7802037938506,6390.07957764823,6711.859781442081,-1.287435512972101,0.6614965722328433,0.0008968008042448,27.9227388718634,0.03992,0.0,0.0,6740.444016886177,-1.2466187121678562
lng,SMRCCS,DAC,wind,SMRCCS_H_DAC_C_wind_E,Hungary,1,2024,313.0834415291519,2654.0485982746272,2967.132039803779,-1.287435512972101,27.122186571715517,0.0367699542996764,20.75077295640763,0.01464,43.160799677088185,0.148487296231744,3058.1657990089907,-1.0875382624406804
lng,SMRCCS,DAC,wind,SMRCCS_H_DAC_C_wind_E,Philippines,1,2024,311.34408907621213,1787.9752182226034,2099.3193072988156,-1.287435512972101,14.30847482008127,0.0193982134825784,16.72437977331648,0.04904,8.862436757554681,0.0304896869844766,2139.214598649768,-1.188507612505046
lng,SMRCCS,DAC,wind,SMRCCS_H_DAC_C_wind_E,Netherlands,1,2024,356.5672528526452,4229.196071500037,4585.763324352682,-1.287435512972101,6.791636792605323,0.0092075236568326,24.05060253368647,0.02024,57.04210191937808,0.196243525345994,4673.6476655983515,-1.0617444639692744
lng,SMRCCS,DAC,wind,SMRCCS_H_DAC_C_wind_E,Norway,1,2024,394.8330068173193,3281.325459722429,3676.1584665397486,-1.287435512972101,31.586172849052392,0.0428218473127285,15.911252561691846,0.00248,60.53321201401219,0.2082540882335661,3784.189103964505,-1.0338795774258063
lng,SMRCCS,DAC,wind,SMRCCS_H_DAC_C_wind_E,Oman,1,2024,332.21631851148896,805.073908993028,1137.290227504517,-1.287435512972101,26.719103995420006,0.0362234892176598,21.12109797041032,0.0436,22.014936016547047,0.0757385949812978,1207.1453654868944,-1.1318734287731431
lng,SMRCCS,DAC,wind,SMRCCS_H_DAC_C_wind_E,Italy,1,2024,333.9556709644287,4656.117798503054,4990.073469467482,-1.287435512972101,16.85127746633886,0.0228455290907342,41.78749115350147,0.0230399999999999,43.481610772211546,0.1495909915402742,5092.193848859534,-1.0919589923410926
lng,SMRCCS,DAC,wind,SMRCCS_H_DAC_C_wind_E,Austria,1,2024,361.7853102114644,4022.775050045805,4384.560360257269,-1.287435512972101,13.684414387924436,0.018552165413778,28.929782082959928,0.0082399999999999,43.481610772211546,0.1495909915402742,4470.656167500365,-1.111052356018049
lng,SMRCCS,DAC,wind,SMRCCS_H_DAC_C_wind_E,Finland,1,2024,375.7001298349823,4243.332298325302,4619.032428160284,-1.287435512972101,27.22434438169863,0.0369084511717668,15.940927547689158,0.0057599999999999,64.56110391457831,0.2221113564562004,4726.75880400425,-1.0226557053441336
lng,SMRCCS,DAC,wind,SMRCCS_H_DAC_C_wind_E,Portugal,1,2024,316.56214643503137,3731.922141782993,4048.4842882180246,-1.287435512972101,12.817872374283043,0.0173773814354991,16.803559322589937,0.00896,49.423540753857885,0.1700331780607748,4127.529260668755,-1.0910649534758268
lng,SMRCCS,DAC,wind,SMRCCS_H_DAC_C_wind_E,Germany,1,2024,358.3066053055849,3802.9546603550534,4161.261265660638,-1.287435512972101,19.948978931930707,0.0270451293339769,28.316995716777623,0.02752,58.34583735079685,0.2007288025109504,4267.873077660142,-1.0321415811271737
lng,SMRCCS,DAC,wind,SMRCCS_H_DAC_C_wind_E,Greece,1,2024,320.0408513409108,2300.0097824407094,2620.05063378162,-1.287435512972101,11.184540606351485,0.0151630491100337,24.136345688772245,0.0256,38.655294480858075,0.1329868817410128,2694.026814557602,-1.1136855821210543
lng,SMRCCS,DAC,wind,SMRCCS_H_DAC_C_wind_E,France,1,2024,351.349195493826,4146.867957306425,4498.217152800251,-1.287435512972101,23.213504505882067,0.031470895517943,20.531422984413005,0.0035199999999999,55.74270322845311,0.1917731679896417,4597.704783519,-1.0606714494645162
lng,SMRCCS,DAC,wind,SMRCCS_H_DAC_C_wind_E,Brazil,1,2024,320.0408513409108,3991.536902135917,4311.577753476828,-1.287435512972101,102.99809327173692,0.1396360567221048,15.176345688772244,0.0082399999999999,61.4418912346397,0.2113802425593065,4491.194083671977,-0.9281792136906897
lng,SMRCCS,DAC,wind,SMRCCS_H_DAC_C_wind_E,United Kingdom,1,2024,370.482072476163,3188.1076800287747,3558.5897525049377,-1.287435512972101,18.53994207479783,0.0251348769763235,40.9817479984157,0.01688,55.355200589122006,0.1904400319118252,3673.466643167273,-1.0549806040839522
lng,SMRCCS,DAC,wind,SMRCCS_H_DAC_C_wind_E,Spain,1,2024,323.5195562467903,3178.929712646572,3502.4492688933624,-1.287435512972101,31.30247157646122,0.042437229251041,15.949132054954552,0.01168,47.66906092425297,0.1639971924409472,3597.369933449031,-1.0693210912801128
lng,SMRCCS,DAC,wind,SMRCCS_H_DAC_C_wind_E,Sweden,1,2024,382.6575396467412,5981.406030879584,6364.063570526326,-1.287435512972101,33.07840154431364,0.0448448840905465,11.52280028005377,0.0028799999999999,60.07194265084708,0.2066671704497585,6468.73671500154,-1.033043458431796
lng,SMRCCS,DAC,wind,SMRCCS_H_DAC_C_wind_E,Czech Republic,1,2024,316.56214643503137,3220.921970627702,3537.484117062734,-1.287435512972101,29.505004291634744,0.0400003759485437,23.283559322589937,0.03312,43.481610772211546,0.1495909915402742,3633.7542914491705,-1.064724145483283
lng,SMRCCS,DAC,wind,SMRCCS_H_DAC_C_wind_E,Japan,1,2024,375.7001298349823,3439.5777681261866,3815.277897961169,-1.287435512972101,12.977661099092396,0.0175940094014379,22.260927547689153,0.03856,20.26636492616301,0.0697229373608958,3870.782851534114,-1.1615585662097672
lng,SMRCCS,DAC,wind,SMRCCS_H_DAC_C_wind_E,Belgium,1,2024,356.5672528526452,2682.899784570236,3039.4670374228813,-1.287435512972101,4.233422153209155,0.0057393137788924,26.37060253368647,0.01104,56.92766564566551,0.1958498270595502,3126.9987277554424,-1.0748063721336585
lng,SMRCCS,DAC,wind,SMRCCS_H_DAC_C_wind_E,Poland,1,2024,321.7802037938506,3507.2923016991535,3829.072505493004,-1.287435512972101,16.004410049511293,0.0216974182578447,37.9227388718634,0.0492,62.56524212252678,0.2152449377760272,3945.564896536905,-1.001293156938229
lng,SMRCCS,DAC,wind,SMRCCS_H_DAC_C_wind_E,India,1,2024,307.86538417033273,2485.876817682974,2793.7422018533066,-1.287435512972101,43.369031669780384,0.0587960453816087,14.831593407134172,0.0566399999999999,10.59373146967094,0.0364459082015484,2862.536558399892,-1.1355535593889439
lng,SMRCCS,DAC,wind,SMRCCS_H_DAC_C_wind_E,Indonesia,1,2024,280.035744923297,3644.8724601532904,3924.9082050765874,-1.287435512972101,21.19081700585028,0.0287287077985997,9.929302477675712,0.05168,7.786346387408373,0.0267875834377514,3963.814670947522,-1.18023922173575
lng,SMRCCS,DAC,wind,SMRCCS_H_DAC_C_wind_E,South Korea,1,2024,326.9982611526697,2798.5380049932237,3125.5362661458935,-1.287435512972101,10.383993350619884,0.0140777352128614,14.241918421136855,0.03312,17.624287275172158,0.0606333243378496,3167.786465192822,-1.1796044534213899
lng,SMRCCS,DAC,wind,SMRCCS_H_DAC_C_wind_E,China,1,2024,318.3014988879711,2456.491315942665,2774.7928148306364,-1.287435512972101,117.07828218326276,0.1587247795814752,12.189952505681092,0.0448,14.848698549059618,0.0510843894600154,2918.9097480686396,-1.0328263439306102
lng,SMRCCS,DAC,wind,SMRCCS_H_DAC_C_wind_E,United Arab Emirates,1,2024,332.21631851148896,800.3731367113115,1132.5894552228006,-1.287435512972101,15.525975735670064,0.0210487976973739,13.84109797041032,0.03064,22.944322992857888,0.0789359907732634,1184.9008519217389,-1.1568107245014636
lng,SMRCCS,DAC,wind,SMRCCS_H_DAC_C_wind_E,United States,1,2024,347.87049058794656,1848.3978758149185,2196.268366402865,-1.287435512972101,115.88348476726244,0.1571049748408973,17.038636618230697,0.03072,52.95862996936256,0.1821950435376774,2382.1491177577204,-0.9174154945935262
lng,SMRCCS,DAC,wind,SMRCCS_H_DAC_C_wind_E,Turkey,1,2024,318.3014988879711,1701.2865586347114,2019.5880575226824,-1.287435512972101,14.367053340775968,0.0194776292598864,16.749952505681094,0.0376,37.32981905913191,0.1284268118844242,2088.0348824282714,-1.1019310718277902
lng,SMRCCS,DAC,wind,SMRCCS_H_DAC_C_wind_E,Australia,1,2024,356.5672528526452,2222.3641186436685,2578.9313714963137,-1.287435512972101,117.82066045617007,0.1597312329179604,24.130602533686467,0.04416,11.901612906537595,0.0409454489840402,2732.784247392708,-1.0425988310701004
lng,SMRCCS,DAC,wind,SMRCCS_H_DAC_C_wind_E,Malaysia,1,2024,304.3866792644532,1638.6443504673268,1943.03102973178,-1.287435512972101,22.36137877654277,0.0303156559120751,14.858807040951865,0.04832,0.0,0.0,1980.2512155492748,-1.2087998570600258
lng,SMRCCS,DAC,wind,SMRCCS_H_DAC_C_wind_E,Canada,1,2024,354.82790039970547,1368.2558832936452,1723.0837836933506,-1.287435512972101,118.11484173619228,0.1601300588825865,13.944209350595314,0.0139999999999999,49.584341405335,0.1705863850019987,1904.7271761854731,-0.9427190690875159
lng,SMRCCS,DAC,wind,SMRCCS_H_DAC_C_wind_E,Mexico,1,2024,306.12603171739295,1195.9120317854802,1502.0380635028732,-1.287435512972101,70.584838283883,0.0956929217740524,21.525200224043015,0.042,64.86002495922516,0.2231397428169365,1659.0081269700245,-0.9266028483811121
lng,SMRCCS,DAC,wind,SMRCCS_H_DAC_C_wind_E,Thailand,1,2024,309.6047366232724,1710.1180786336113,2019.7228152568837,-1.287435512972101,16.66138756714907,0.0225880925121339,15.017986590225323,0.04432,5.453041263376516,0.0187602491032793,2056.855230677635,-1.2017671713566878
lng,SMRCCS,DAC,wind,SMRCCS_H_DAC_C_wind_E,Russia,1,2024,328.7376136056095,1053.858401637454,1382.5960152430637,-1.287435512972101,217.03008950143004,0.2942309408395722,12.188311604228012,0.03592,21.725117197756443,0.0747415232606332,1633.539533546478,-0.8825430488718955
lng,SMRCCS,DAC,wind,SMRCCS_H_DAC_C_wind_E,Saudi Arabia,1,2024,332.21631851148896,799.1338245845675,1131.3501430960564,-1.287435512972101,38.75836749584844,0.0525452989486706,10.48109797041032,0.04416,25.47038618944284,0.0876264760510543,1206.059994751758,-1.103103737972376
lng,SMR,SMR,wind,SMR_H_C_wind_E,South Africa,1,2024,188.59062153405935,372.2328626844628,560.8234842185223,2.870333738063669,36.05304361240747,0.0488776508666503,12.135525238045703,0.05672,33.55415330584088,0.1154372842719738,642.5662063748163,3.091368673202293
lng,SMR,SMR,wind,SMR_H_C_wind_E,Taiwan,1,2024,185.5651035415343,969.7475625432644,1155.3126660847986,2.870333738063669,8.910824241692303,0.0120805378015195,18.45634568877224,0.05088,11.47902285922631,0.0394916007233694,1194.1588588744894,2.9727858765885573
lng,SMR,SMR,wind,SMR_H_C_wind_E,Switzerland,1,2024,222.8798254493429,4255.934634039467,4478.81445948881,2.870333738063669,17.100979796499654,0.0231840542772731,28.47289346314492,0.00296,44.32471484340281,0.1524915458606248,4568.7130475918575,3.0489693382015663
lng,SMR,SMR,wind,SMR_H_C_wind_E,Singapore,1,2024,186.5736095390427,4573.339473270302,4759.913082809345,2.870333738063669,0.6614965722328433,0.0008968008042448,27.9227388718634,0.03992,0.0,0.0,4788.497318253441,2.9111505388679135
lng,SMR,SMR,wind,SMR_H_C_wind_E,Hungary,1,2024,181.531079551501,1637.701390546397,1819.2324700978984,2.870333738063669,27.122186571715517,0.0367699542996764,20.75077295640763,0.01464,43.160799677088185,0.148487296231744,1910.2662293031096,3.070230988595089
lng,SMR,SMR,wind,SMR_H_C_wind_E,Philippines,1,2024,180.52257355399263,947.7627923091368,1128.2853658631295,2.870333738063669,14.30847482008127,0.0193982134825784,16.72437977331648,0.04904,8.862436757554681,0.0304896869844766,1168.180657214082,2.9692616385307242
lng,SMR,SMR,wind,SMR_H_C_wind_E,Netherlands,1,2024,206.74372948920947,2887.9917213816216,3094.735450870831,2.870333738063669,6.791636792605323,0.0092075236568326,24.05060253368647,0.02024,57.04210191937808,0.196243525345994,3182.619792116501,3.0960247870664954
lng,SMR,SMR,wind,SMR_H_C_wind_E,Norway,1,2024,228.93086143439297,2144.2241172454083,2373.1549786798014,2.870333738063669,31.586172849052392,0.0428218473127285,15.911252561691846,0.00248,60.53321201401219,0.2082540882335661,2481.185616104558,3.123889673609963
lng,SMR,SMR,wind,SMR_H_C_wind_E,Oman,1,2024,192.62464552409276,175.11102146795014,367.73566699204287,2.870333738063669,26.719103995420006,0.0362234892176598,21.12109797041032,0.0436,22.014936016547047,0.0757385949812978,437.5908049744203,3.0258958222626267
lng,SMR,SMR,wind,SMR_H_C_wind_E,Italy,1,2024,193.63315152160104,3221.680515321037,3415.313666842638,2.870333738063669,16.85127746633886,0.0228455290907342,41.78749115350147,0.0230399999999999,43.481610772211546,0.1495909915402742,3517.4340462346904,3.065810258694677
lng,SMR,SMR,wind,SMR_H_C_wind_E,Austria,1,2024,209.76924748173448,2725.159505025172,2934.9287525069067,2.870333738063669,13.684414387924436,0.018552165413778,28.929782082959928,0.0082399999999999,43.481610772211546,0.1495909915402742,3021.0245597500025,3.046716895017721
lng,SMR,SMR,wind,SMR_H_C_wind_E,Finland,1,2024,217.8372954618012,2899.287163574105,3117.124459035906,2.870333738063669,27.22434438169863,0.0369084511717668,15.940927547689158,0.0057599999999999,64.56110391457831,0.2221113564562004,3224.8508348798723,3.1351135456916364
lng,SMR,SMR,wind,SMR_H_C_wind_E,Portugal,1,2024,183.5480915465177,2485.1903548184473,2668.738446364965,2.870333738063669,12.817872374283043,0.0173773814354991,16.803559322589937,0.00896,49.423540753857885,0.1700331780607748,2747.783418815696,3.0667042975599426
lng,SMR,SMR,wind,SMR_H_C_wind_E,Germany,1,2024,207.7522354867178,2548.5885717781466,2756.3408072648645,2.870333738063669,19.948978931930707,0.0270451293339769,28.316995716777623,0.02752,58.34583735079685,0.2007288025109504,2862.95261926437,3.1256276699085963
lng,SMR,SMR,wind,SMR_H_C_wind_E,Greece,1,2024,185.5651035415343,1360.1918334691372,1545.7569370106717,2.870333738063669,11.184540606351485,0.0151630491100337,24.136345688772245,0.0256,38.655294480858075,0.1329868817410128,1619.7331177866536,3.0440836689147153
lng,SMR,SMR,wind,SMR_H_C_wind_E,France,1,2024,203.7182114966845,2821.3990596599906,3025.117271156675,2.870333738063669,23.213504505882067,0.031470895517943,20.531422984413005,0.0035199999999999,55.74270322845311,0.1917731679896417,3124.6049018754234,3.0970978015712536
lng,SMR,SMR,wind,SMR_H_C_wind_E,Brazil,1,2024,185.5651035415343,2701.6467471113374,2887.211850652872,2.870333738063669,102.99809327173692,0.1396360567221048,15.176345688772244,0.0082399999999999,61.4418912346397,0.2113802425593065,3066.82818084802,3.22959003734508
lng,SMR,SMR,wind,SMR_H_C_wind_E,United Kingdom,1,2024,214.81177746927617,2069.0510091825245,2283.8627866518004,2.870333738063669,18.53994207479783,0.0251348769763235,40.9817479984157,0.01688,55.355200589122006,0.1904400319118252,2398.739677314136,3.1027886469518178
lng,SMR,SMR,wind,SMR_H_C_wind_E,Spain,1,2024,187.58211553655104,2059.35891351754,2246.941029054091,2.870333738063669,31.30247157646122,0.042437229251041,15.949132054954552,0.01168,47.66906092425297,0.1639971924409472,2341.8616936097596,3.0884481597556572
lng,SMR,SMR,wind,SMR_H_C_wind_E,Sweden,1,2024,221.87131945183455,4270.5594938700015,4492.4308133218365,2.870333738063669,33.07840154431364,0.0448448840905465,11.52280028005377,0.0028799999999999,60.07194265084708,0.2066671704497585,4597.1039577970505,3.1247257926039738
lng,SMR,SMR,wind,SMR_H_C_wind_E,Czech Republic,1,2024,183.5480915465177,2080.2385622502557,2263.7866537967734,2.870333738063669,29.505004291634744,0.0400003759485437,23.283559322589937,0.03312,43.481610772211546,0.1495909915402742,2360.0568281832097,3.093045105552487
lng,SMR,SMR,wind,SMR_H_C_wind_E,Japan,1,2024,217.8372954618012,2228.1126415617023,2445.9499370235035,2.870333738063669,12.977661099092396,0.0175940094014379,22.260927547689153,0.03856,20.26636492616301,0.0697229373608958,2501.4548905964484,2.996210684826002
lng,SMR,SMR,wind,SMR_H_C_wind_E,Belgium,1,2024,206.74372948920947,1669.1643835156435,1875.908113004853,2.870333738063669,4.233422153209155,0.0057393137788924,26.37060253368647,0.01104,56.92766564566551,0.1958498270595502,1963.439803337414,3.0829628789021113
lng,SMR,SMR,wind,SMR_H_C_wind_E,Poland,1,2024,186.5736095390427,2308.375641165977,2494.9492507050195,2.870333738063669,16.004410049511293,0.0216974182578447,37.9227388718634,0.0492,62.56524212252678,0.2152449377760272,2611.4416417489206,3.156476094097541
lng,SMR,SMR,wind,SMR_H_C_wind_E,India,1,2024,178.50556155897596,1503.519938386062,1682.025499945038,2.870333738063669,43.369031669780384,0.0587960453816087,14.831593407134172,0.0566399999999999,10.59373146967094,0.0364459082015484,1750.8198564916236,3.0222156916468257
lng,SMR,SMR,wind,SMR_H_C_wind_E,Indonesia,1,2024,162.3694655988425,2401.7376341243594,2564.107099723202,2.870333738063669,21.19081700585028,0.0287287077985997,9.929302477675712,0.05168,7.786346387408373,0.0267875834377514,2603.0135655941363,2.9775300293000204
lng,SMR,SMR,wind,SMR_H_C_wind_E,South Korea,1,2024,189.59912753156772,1747.0613133643965,1936.6604408959645,2.870333738063669,10.383993350619884,0.0140777352128614,14.241918421136855,0.03312,17.624287275172158,0.0606333243378496,1978.9106399428936,2.97816479761438
lng,SMR,SMR,wind,SMR_H_C_wind_E,China,1,2024,184.556597544026,1489.5645009808854,1674.1210985249115,2.870333738063669,117.07828218326276,0.1587247795814752,12.189952505681092,0.0448,14.848698549059618,0.0510843894600154,1818.238031762915,3.1249429071051593
lng,SMR,SMR,wind,SMR_H_C_wind_E,United Arab Emirates,1,2024,192.62464552409276,171.81432068382367,364.4389662079165,2.870333738063669,15.525975735670064,0.0210487976973739,13.84109797041032,0.03064,22.944322992857888,0.0789359907732634,416.7503629068548,3.000958526534306
lng,SMR,SMR,wind,SMR_H_C_wind_E,United States,1,2024,201.70119950166776,1013.217952486113,1214.9191519877809,2.870333738063669,115.88348476726244,0.1571049748408973,17.038636618230697,0.03072,52.95862996936256,0.1821950435376774,1400.7999033426365,3.2403537564422438
lng,SMR,SMR,wind,SMR_H_C_wind_E,Turkey,1,2024,184.556597544026,872.2735297611132,1056.8301273051393,2.870333738063669,14.367053340775968,0.0194776292598864,16.749952505681094,0.0376,37.32981905913191,0.1284268118844242,1125.2769522107283,3.0558381792079796
lng,SMR,SMR,wind,SMR_H_C_wind_E,Australia,1,2024,206.74372948920947,1305.4917432969369,1512.2354727861464,2.870333738063669,117.82066045617007,0.1597312329179604,24.130602533686467,0.04416,11.901612906537595,0.0409454489840402,1666.0883486825405,3.11517041996567
lng,SMR,SMR,wind,SMR_H_C_wind_E,Malaysia,1,2024,176.48854956395928,819.8737679458287,996.362317509788,2.870333738063669,22.36137877654277,0.0303156559120751,14.858807040951865,0.04832,0.0,0.0,1033.5825033272827,2.948969393975744
lng,SMR,SMR,wind,SMR_H_C_wind_E,Canada,1,2024,205.7352234917011,632.5280846482573,838.2633081399583,2.870333738063669,118.11484173619228,0.1601300588825865,13.944209350595314,0.0139999999999999,49.584341405335,0.1705863850019987,1019.9067006320809,3.215050181948254
lng,SMR,SMR,wind,SMR_H_C_wind_E,Mexico,1,2024,177.49705556146765,486.0817691801928,663.5788247416605,2.870333738063669,70.584838283883,0.0956929217740524,21.525200224043015,0.042,64.86002495922516,0.2231397428169365,820.5488882088116,3.2311664026546576
lng,SMR,SMR,wind,SMR_H_C_wind_E,Thailand,1,2024,179.51406755648432,880.1413793954442,1059.6554469519283,2.870333738063669,16.66138756714907,0.0225880925121339,15.017986590225323,0.04432,5.453041263376516,0.0187602491032793,1096.7878623726792,2.956002079679082
lng,SMR,SMR,wind,SMR_H_C_wind_E,Russia,1,2024,190.60763352907605,348.56253176973337,539.1701652988095,2.870333738063669,217.03008950143004,0.2942309408395722,12.188311604228012,0.03592,21.725117197756443,0.0747415232606332,790.1136836022239,3.275226202163874
lng,SMR,SMR,wind,SMR_H_C_wind_E,Saudi Arabia,1,2024,192.62464552409276,170.57501690098974,363.19966242508247,2.870333738063669,38.75836749584844,0.0525452989486706,10.48109797041032,0.04416,25.47038618944284,0.0876264760510543,437.90951408078405,3.054665513063394
