Fuel,Hydrogen Source,Carbon Source,Electricity Source,Pathway Name,Region,Number,Year,CapEx [$/tonne],OpEx [$/tonne],Fuel Production LCOF [$/tonne],Fuel Production Emissions [kg CO2e / kg fuel],Land Transport Cost [$/tonne],Land Transport Emissions [kg CO2e / kg fuel],Fuel Storage Cost [$/tonne],Fuel Storage Emissions [kg CO2e / kg fuel],Tanker Transport Cost [$/tonne],Tanker Transport Emissions [kg CO2e / kg fuel],Final LCOF [$/tonne],Final Emissions [kg CO2e / kg fuel]
methanol,ATRCCS,BEC,grid,ATRCCS_H_BEC_C_grid_E,South Africa,1,2024,171.99539045238782,287.8105567791484,459.8059472315362,-0.2482863521861684,24.53851842343582,0.0612638196651808,2.3634903994060386,0.0004340817049999,18.087125459571656,0.0622256393808624,504.79508151394975,-0.12436281143512531
methanol,ATRCCS,BEC,grid,ATRCCS_H_BEC_C_grid_E,Taiwan,1,2024,169.2361061135794,642.3259325298903,811.5620386434698,-0.332520156873361,6.525622092765043,0.0173213779005709,2.3754370312337483,0.0003893878199999,6.187684866182444,0.0212876638659976,826.650782633651,-0.29352172728679254
methanol,ATRCCS,BEC,grid,ATRCCS_H_BEC_C_grid_E,Switzerland,1,2024,203.26727962554924,2175.3270536312075,2378.5943332567567,-1.023698910402516,11.96100749459355,0.0305809949051598,2.9013606570253185,2.2653065e-05,23.89291933624232,0.0821994730835609,2417.349620744618,-0.9108957893487953
methanol,ATRCCS,BEC,grid,ATRCCS_H_BEC_C_grid_E,Singapore,1,2024,170.1558675598489,2290.415955693855,2460.571823253704,-0.4906027766287771,1.0509671989197895,0.0039659630112667,2.4600262639578463,0.000305510255,0.0,0.0,2464.082816716582,-0.4863313033625104
methanol,ATRCCS,BEC,grid,ATRCCS_H_BEC_C_grid_E,Hungary,1,2024,165.55706032850165,951.403331361768,1116.9603916902695,-0.8552313010281312,18.611567505354483,0.0468050290976679,2.344427090337363,0.0001120408349999,23.265519221402705,0.0800410110669854,1161.181905507364,-0.7282732200284779
methanol,ATRCCS,BEC,grid,ATRCCS_H_BEC_C_grid_E,Philippines,1,2024,164.63729888223216,597.2966680055889,761.933966887821,-0.3590595747885038,10.107765430778445,0.0260600128282098,2.301470517613267,0.0003753061849999,4.77723291213275,0.0164352468883576,779.1204357483455,-0.31618900888693646
methanol,ATRCCS,BEC,grid,ATRCCS_H_BEC_C_grid_E,Netherlands,1,2024,188.55109648523796,1529.846114279636,1718.3972107648742,-0.7744591595472615,5.11922627434319,0.0138904767720408,2.673239243439774,0.000154897985,30.748135543443095,0.1057836635366315,1756.9378118261004,-0.6546301212535892
methanol,ATRCCS,BEC,grid,ATRCCS_H_BEC_C_grid_E,Norway,1,2024,208.78584830316595,1098.202664933331,1306.9885132364973,-1.030622236815162,21.57408582181769,0.0540320894331074,2.878079638369897,1.8979595e-05,32.62999337783025,0.1122578712392522,1364.0706720745152,-0.8643132965478024
methanol,ATRCCS,BEC,grid,ATRCCS_H_BEC_C_grid_E,Oman,1,2024,175.67443623746564,332.73270516371923,508.4071414011848,-0.4375239407984913,18.344062311311852,0.046152450456501,2.4808268853024247,0.000333673525,11.866993217987575,0.0408263459093141,541.0990238157866,-0.3502114709076761
methanol,ATRCCS,BEC,grid,ATRCCS_H_BEC_C_grid_E,Italy,1,2024,176.59419768373508,1929.881826204897,2106.476023888632,-0.7340730888068268,11.7952928886772,0.030176734297296,2.651130418026521,0.00017632656,23.438450139177007,0.0806359500997951,2144.3608973345126,-0.6230840778497357
methanol,ATRCCS,BEC,grid,ATRCCS_H_BEC_C_grid_E,Austria,1,2024,191.31038082404632,1533.0326718044296,1724.343052628476,-0.9475423198634106,9.69360858844435,0.0250496776443731,2.747006911612064,6.3061235e-05,23.438450139177007,0.0806359500997951,1760.2221182677094,-0.8417936308842425
methanol,ATRCCS,BEC,grid,ATRCCS_H_BEC_C_grid_E,Finland,1,2024,198.668472394202,1414.892800324482,1613.561272718684,-0.9833128396620816,18.67936439460148,0.0469704195380984,2.7447410684048363,4.408164e-05,34.80119959123365,0.1197275321955337,1669.786577772924,-0.8165708062884495
methanol,ATRCCS,BEC,grid,ATRCCS_H_BEC_C_grid_E,Portugal,1,2024,167.39658322104057,1249.0436488657704,1416.440232086811,-0.9371573302444416,9.118529180062064,0.0236467720289204,2.338503485785557,6.857144e-05,26.641404839611052,0.0916551639924579,1454.5386695922698,-0.8217868227830633
methanol,ATRCCS,BEC,grid,ATRCCS_H_BEC_C_grid_E,Germany,1,2024,189.47085793150745,1448.41811993213,1637.8889778636374,-0.6694553756221312,13.85107818025421,0.0351918203665945,2.718032551163871,0.00021061228,31.450904768439617,0.1082014199933082,1685.908993363495,-0.5258515229822285
methanol,ATRCCS,BEC,grid,ATRCCS_H_BEC_C_grid_E,Greece,1,2024,169.23610611357947,885.6517661579876,1054.8878722715672,-0.6971486812727149,8.034570812196023,0.0210024567238846,2.4189064262337494,0.0001959184,20.836858989681684,0.0716856239107726,1086.1782084996787,-0.6042646822380577
methanol,ATRCCS,BEC,grid,ATRCCS_H_BEC_C_grid_E,France,1,2024,185.79181214642963,1452.774496473894,1638.5663086203238,-1.015621696254429,16.01757606052169,0.0404769896802436,2.609879740267486,2.693878e-05,30.04770400727699,0.1033739494956759,1687.2414684283897,-0.8717438182985096
methanol,ATRCCS,BEC,grid,ATRCCS_H_BEC_C_grid_E,Brazil,1,2024,169.2361061135794,1322.870626708448,1492.1067328220274,-0.9475423198634106,68.96650800287952,0.1696458537908778,2.3503349862337486,6.3061235e-05,33.11981038844558,0.1139430022863768,1596.5433861995862,-0.6638904025511561
methanol,ATRCCS,BEC,grid,ATRCCS_H_BEC_C_grid_E,United Kingdom,1,2024,195.9091880553936,1424.912308464303,1620.8214965196962,-0.8229224444357833,12.915972819599244,0.0329106318170113,2.899953030232547,0.000129183695,29.838823491365517,0.1026553320633012,1666.4762458608936,-0.6872272968604708
methanol,ATRCCS,BEC,grid,ATRCCS_H_BEC_C_grid_E,Spain,1,2024,171.07562900611833,1066.1388533250952,1237.2144823312135,-0.8979251472394479,21.385807864799265,0.0535727855538221,2.3805338366819417,8.938776999999999e-05,25.6956650825948,0.0884015092754728,1286.6764891152895,-0.7558614646401531
methanol,ATRCCS,BEC,grid,ATRCCS_H_BEC_C_grid_E,Sweden,1,2024,202.3475181792798,1928.893153693307,2131.240671872587,-1.0248527981379572,22.56440133074008,0.0564479630816619,2.759498200469972,2.204082e-05,32.381349438995656,0.1114024546001217,2188.9459208427925,-0.8569803396361736
methanol,ATRCCS,BEC,grid,ATRCCS_H_BEC_C_grid_E,Czech Republic,1,2024,167.39658322104057,1168.9047469891348,1336.3013302101754,-0.5886832341412616,20.192921188248224,0.0506627397536433,2.3880953307855566,0.00025346943,23.438450139177007,0.0806359500997951,1382.320796868386,-0.4571310748578231
methanol,ATRCCS,BEC,grid,ATRCCS_H_BEC_C_grid_E,Japan,1,2024,198.668472394202,1201.026264386401,1399.6947367806029,-0.510218868131274,9.224572746193816,0.023905465197621,2.793108423404836,0.0002951020899999,10.92443852443044,0.0375836488544879,1422.636856474632,-0.44843465198916527
methanol,ATRCCS,BEC,grid,ATRCCS_H_BEC_C_grid_E,Belgium,1,2024,188.55109648523796,1055.0324236132096,1243.5835200984477,-0.907156249122976,3.4214706685224665,0.0097488037467934,2.690994348439774,8.448981e-05,30.686449491618188,0.1055714433016215,1280.382434607028,-0.7917515122645611
methanol,ATRCCS,BEC,grid,ATRCCS_H_BEC_C_grid_E,Poland,1,2024,170.1558675598489,1477.6085038088918,1647.7643713687407,-0.3567517993176218,11.233270499248109,0.0288056812659274,2.5365568889578465,0.000376530675,33.72534462020336,0.1160262384989164,1695.25954337715,-0.21154334887777798
methanol,ATRCCS,BEC,grid,ATRCCS_H_BEC_C_grid_E,India,1,2024,162.7977759896933,808.2518711935687,971.049647183262,-0.2494402399216094,29.393763775113616,0.0731081856240144,2.2627002371650744,0.0004334694599999,5.7104748980090205,0.0196459051766533,1008.4165860935497,-0.15625267966094183
methanol,ATRCCS,BEC,grid,ATRCCS_H_BEC_C_grid_E,Indonesia,1,2024,148.08159284938202,1112.1108381238746,1260.1924309732567,-0.320981279518951,14.675222299770391,0.0372023190844393,2.0309053535795303,0.00039551027,4.197174123187385,0.0144396545483093,1281.095732749794,-0.26894379561620235
methanol,ATRCCS,BEC,grid,ATRCCS_H_BEC_C_grid_E,South Korea,1,2024,172.91515189865726,904.8592960648896,1077.774447963547,-0.5886832341412616,7.503288733588453,0.0197063946486234,2.3917530921301347,0.00025346943,9.500245533720006,0.0326839582073043,1097.1697353229856,-0.5360394118553338
methanol,ATRCCS,BEC,grid,ATRCCS_H_BEC_C_grid_E,China,1,2024,168.31634466731,767.994465579376,936.310810246686,-0.4202156247668764,78.31080589228577,0.1924412587218022,2.315337598509652,0.0003428572,8.004084356420046,0.027536673411696,1024.9410380939014,-0.19989483543337822
methanol,ATRCCS,BEC,grid,ATRCCS_H_BEC_C_grid_E,United Arab Emirates,1,2024,175.67443623746564,227.23395299414364,402.9083892316093,-0.6244537539399324,10.915758228841952,0.0280311104142585,2.425112590302424,0.000234489835,12.367972595646318,0.0425498791573762,428.61723264640005,-0.5536382745332977
methanol,ATRCCS,BEC,grid,ATRCCS_H_BEC_C_grid_E,United States,1,2024,183.9522892538907,644.3627424432574,828.3150316971481,-0.6232998662044914,77.51788024031099,0.1905069174228829,2.558864559819293,0.00023510208,28.546969303384355,0.09821093026968,936.9387458006628,-0.3343469164319285
methanol,ATRCCS,BEC,grid,ATRCCS_H_BEC_C_grid_E,Turkey,1,2024,168.31634466731,562.3244276486259,730.6407723159359,-0.5240655209565659,10.146640984986664,0.026154849702053,2.3502355635096523,0.00028775515,20.122370978977905,0.0692275509905964,763.2600198434101,-0.42839536511391646
methanol,ATRCCS,BEC,grid,ATRCCS_H_BEC_C_grid_E,Australia,1,2024,188.55109648523796,865.162929973054,1053.714026458292,-0.4294467266504044,78.8034842059262,0.1936431469527896,2.673851488439774,0.00033795924,6.415478997478705,0.0220713503339662,1141.6068411501367,-0.2133942701236486
methanol,ATRCCS,BEC,grid,ATRCCS_H_BEC_C_grid_E,Malaysia,1,2024,160.9582530971544,513.4318202815867,674.3900733787411,-0.3694445644074728,15.45206399926973,0.0390974235981119,2.238623836716881,0.0003697959799999,0.0,0.0,692.0807612147278,-0.329977344829361
methanol,ATRCCS,BEC,grid,ATRCCS_H_BEC_C_grid_E,Canada,1,2024,187.63133503896853,433.3314373426945,620.9627723816631,-0.864462402911659,78.99871720537578,0.1941194176508137,2.5837520507156784,0.0001071428749999,26.728083276427434,0.0919533662227398,729.273324914182,-0.5782824761631057
methanol,ATRCCS,BEC,grid,ATRCCS_H_BEC_C_grid_E,Mexico,1,2024,161.87801454342383,476.74814404606,638.6261585894838,-0.4606016955073113,47.45549617804119,0.1171697629358324,2.301784494440977,0.000321428625,34.96233083444379,0.120281876480666,723.3457700964098,-0.22282862746581283
methanol,ATRCCS,BEC,grid,ATRCCS_H_BEC_C_grid_E,Thailand,1,2024,163.71753743596273,541.2536106345224,704.9711480704851,-0.4271389511795224,11.669272719816664,0.0298693082271259,2.276269049889171,0.00033918373,2.9394227465052256,0.0101125776022714,721.8561125866962,-0.38681788162012504
methanol,ATRCCS,BEC,grid,ATRCCS_H_BEC_C_grid_E,Russia,1,2024,173.83491334492675,265.7502293182605,439.5851426631872,-0.5482971634008269,144.64368452298004,0.3542602467845441,2.3881790448542315,0.000274898005,11.710768464281813,0.0402888815561095,598.3277746953033,-0.15347313705517332
methanol,ATRCCS,BEC,grid,ATRCCS_H_BEC_C_grid_E,Saudi Arabia,1,2024,175.67443623746564,177.76310053215565,353.43753676962126,-0.4294467266504044,26.333902875522575,0.0656436581588147,2.3993983003024244,0.00033795924,13.729628827558608,0.0472344228587547,395.9004667730049,-0.316230686392835
methanol,BG,BEC,grid,BG_H_BEC_C_grid_E,South Africa,1,2024,177.1915221413973,392.11435222620554,569.3058743676029,-0.5473280018921698,24.53851842343582,0.0612638196651808,2.3634903994060386,0.0004340817049999,18.087125459571656,0.0622256393808624,614.2950086500164,-0.4234044611411267
methanol,BG,BEC,grid,BG_H_BEC_C_grid_E,Taiwan,1,2024,174.34887740116096,468.85124141479105,643.200118815952,-0.6031728991709497,6.525622092765043,0.0173213779005709,2.3754370312337483,0.0003893878199999,6.187684866182444,0.0212876638659976,658.2888628061332,-0.5641744695843814
methanol,BG,BEC,grid,BG_H_BEC_C_grid_E,Switzerland,1,2024,209.40816253074223,703.305456405165,912.7136189359072,-1.0614070562940898,11.96100749459355,0.0305809949051598,2.9013606570253185,2.2653065e-05,23.89291933624232,0.0821994730835609,951.4689064237684,-0.948603935240369
methanol,BG,BEC,grid,BG_H_BEC_C_grid_E,Singapore,1,2024,175.2964256479064,647.0745803824415,822.3710060303479,-0.7079777063927698,1.0509671989197895,0.0039659630112667,2.4600262639578463,0.000305510255,0.0,0.0,825.8819994932255,-0.703706233126503
methanol,BG,BEC,grid,BG_H_BEC_C_grid_E,Hungary,1,2024,170.5586844141792,500.38136177670714,670.9400461908863,-0.9497172617365296,18.611567505354483,0.0468050290976679,2.344427090337363,0.0001120408349999,23.265519221402705,0.0800410110669854,715.1615600079808,-0.8227591807368764
methanol,BG,BEC,grid,BG_H_BEC_C_grid_E,Philippines,1,2024,169.61113616743376,438.80316078763786,608.4142969550717,-0.6207678668067297,10.107765430778445,0.0260600128282098,2.301470517613267,0.0003753061849999,4.77723291213275,0.0164352468883576,625.6007658155961,-0.5778973009051623
methanol,BG,BEC,grid,BG_H_BEC_C_grid_E,Netherlands,1,2024,194.24739058281517,595.472188165111,789.7195787479261,-0.8961673602363297,5.11922627434319,0.0138904767720408,2.673239243439774,0.000154897985,30.748135543443095,0.1057836635366315,828.2601798091522,-0.7763383219426574
methanol,BG,BEC,grid,BG_H_BEC_C_grid_E,Norway,1,2024,215.09345201121488,528.0486322170906,743.1420842283055,-1.0659970478512495,21.57408582181769,0.0540320894331074,2.878079638369897,1.8979595e-05,32.62999337783025,0.1122578712392522,800.2242430663233,-0.8996881075838897
methanol,BG,BEC,grid,BG_H_BEC_C_grid_E,Oman,1,2024,180.98171512837908,478.1416485865381,659.1233637149172,-0.6727877711212097,18.344062311311852,0.046152450456501,2.4808268853024247,0.000333673525,11.866993217987575,0.0408263459093141,691.8152461295191,-0.5854753012303946
methanol,BG,BEC,grid,BG_H_BEC_C_grid_E,Italy,1,2024,181.9292633751245,767.7429189195652,949.6721822946896,-0.8693924094862298,11.7952928886772,0.030176734297296,2.651130418026521,0.00017632656,23.438450139177007,0.0806359500997951,987.5570557405703,-0.7584033985291387
methanol,BG,BEC,grid,BG_H_BEC_C_grid_E,Austria,1,2024,197.09003532305152,647.6405030747162,844.7305383977678,-1.0109171491653297,9.69360858844435,0.0250496776443731,2.747006911612064,6.3061235e-05,23.438450139177007,0.0806359500997951,880.6096040370012,-0.9051684601861616
methanol,BG,BEC,grid,BG_H_BEC_C_grid_E,Finland,1,2024,204.67042129701508,523.9448224750436,728.6152437720586,-1.0346321055439895,18.67936439460148,0.0469704195380984,2.7447410684048363,4.408164e-05,34.80119959123365,0.1197275321955337,784.8405488262987,-0.8678900721703574
methanol,BG,BEC,grid,BG_H_BEC_C_grid_E,Portugal,1,2024,172.45378090767008,480.61144440622,653.0652253138901,-1.0040321618295898,9.118529180062064,0.0236467720289204,2.338503485785557,6.857144e-05,26.641404839611052,0.0916551639924579,691.1636628193487,-0.8886616543682114
methanol,BG,BEC,grid,BG_H_BEC_C_grid_E,Germany,1,2024,195.1949388295606,647.1900299299975,842.3849687595582,-0.8265524882860699,13.85107818025421,0.0351918203665945,2.718032551163871,0.00021061228,31.450904768439617,0.1082014199933082,890.404984259416,-0.6829486356461671
methanol,BG,BEC,grid,BG_H_BEC_C_grid_E,Greece,1,2024,174.34887740116096,540.6350776788317,714.9839550799927,-0.8449124545147096,8.034570812196023,0.0210024567238846,2.4189064262337494,0.0001959184,20.836858989681684,0.0716856239107726,746.2742913081042,-0.7520284554800525
methanol,BG,BEC,grid,BG_H_BEC_C_grid_E,France,1,2024,191.40474584257888,566.7263156301747,758.1310614727536,-1.0560520661440698,16.01757606052169,0.0404769896802436,2.609879740267486,2.693878e-05,30.04770400727699,0.1033739494956759,806.8062212808197,-0.9121741881881501
methanol,BG,BEC,grid,BG_H_BEC_C_grid_E,Brazil,1,2024,174.34887740116096,461.7912309560549,636.1401083572159,-1.0109171491653297,68.96650800287952,0.1696458537908778,2.3503349862337486,6.3061235e-05,33.11981038844558,0.1139430022863768,740.5767617347748,-0.7272652318530751
methanol,BG,BEC,grid,BG_H_BEC_C_grid_E,United Kingdom,1,2024,201.8277765567787,731.9130842445182,933.740860801297,-0.9282973011364496,12.915972819599244,0.0329106318170113,2.899953030232547,0.000129183695,29.838823491365517,0.1026553320633012,979.3956101424942,-0.7926021535611371
methanol,BG,BEC,grid,BG_H_BEC_C_grid_E,Spain,1,2024,176.24397389465182,488.21900297317234,664.4629768678242,-0.97802220967235,21.385807864799265,0.0535727855538221,2.3805338366819417,8.938776999999999e-05,25.6956650825948,0.0884015092754728,713.9249836519002,-0.8359585270730552
methanol,BG,BEC,grid,BG_H_BEC_C_grid_E,Sweden,1,2024,208.4606142839968,507.75527491001407,716.2158891940109,-1.0621720548869498,22.56440133074008,0.0564479630816619,2.759498200469972,2.204082e-05,32.381349438995656,0.1114024546001217,773.9211381642166,-0.8942995963851662
methanol,BG,BEC,grid,BG_H_BEC_C_grid_E,Czech Republic,1,2024,172.45378090767008,537.0441038676254,709.4978847752955,-0.7730025867858699,20.192921188248224,0.0506627397536433,2.3880953307855566,0.00025346943,23.438450139177007,0.0806359500997951,755.5173514335062,-0.6414504275024314
methanol,BG,BEC,grid,BG_H_BEC_C_grid_E,Japan,1,2024,204.67042129701508,548.6883659282495,753.3587872252646,-0.7209826824713896,9.224572746193816,0.023905465197621,2.793108423404836,0.0002951020899999,10.92443852443044,0.0375836488544879,776.3009069192938,-0.6591984663292807
methanol,BG,BEC,grid,BG_H_BEC_C_grid_E,Belgium,1,2024,194.24739058281517,621.8060259807405,816.0534165635556,-0.98414219841523,3.4214706685224665,0.0097488037467934,2.690994348439774,8.448981e-05,30.686449491618188,0.1055714433016215,852.852331072136,-0.8687374615568151
methanol,BG,BEC,grid,BG_H_BEC_C_grid_E,Poland,1,2024,175.2964256479064,674.6427629283897,849.9391885762961,-0.6192378696210098,11.233270499248109,0.0288056812659274,2.5365568889578465,0.000376530675,33.72534462020336,0.1160262384989164,897.4343605847055,-0.474029419181166
methanol,BG,BEC,grid,BG_H_BEC_C_grid_E,India,1,2024,167.71603967394287,428.7955257303228,596.5115654042656,-0.5480930004850298,29.393763775113616,0.0731081856240144,2.2627002371650744,0.0004334694599999,5.7104748980090205,0.0196459051766533,633.8785043145533,-0.45490544022436225
methanol,BG,BEC,grid,BG_H_BEC_C_grid_E,Indonesia,1,2024,152.5552677260158,397.3963277490301,549.9515954750459,-0.5955229132423498,14.675222299770391,0.0372023190844393,2.0309053535795303,0.00039551027,4.197174123187385,0.0144396545483093,570.8548972515833,-0.5434854293396013
methanol,BG,BEC,grid,BG_H_BEC_C_grid_E,South Korea,1,2024,178.1390703881427,463.7703784135668,641.9094488017095,-0.7730025867858699,7.503288733588453,0.0197063946486234,2.3917530921301347,0.00025346943,9.500245533720006,0.0326839582073043,661.304736161148,-0.7203587644999421
methanol,BG,BEC,grid,BG_H_BEC_C_grid_E,China,1,2024,173.40132915441552,407.12244608105823,580.5237752354737,-0.6613127922283097,78.31080589228577,0.1924412587218022,2.315337598509652,0.0003428572,8.004084356420046,0.027536673411696,669.1540030826893,-0.44099200289481155
methanol,BG,BEC,grid,BG_H_BEC_C_grid_E,United Arab Emirates,1,2024,180.98171512837908,408.0171609029781,588.9988760313572,-0.7967175431645298,10.915758228841952,0.0280311104142585,2.425112590302424,0.000234489835,12.367972595646318,0.0425498791573762,614.7077194461478,-0.7259020637578951
methanol,BG,BEC,grid,BG_H_BEC_C_grid_E,United States,1,2024,189.509649349088,507.9525161539676,697.4621655030556,-0.7959525445716698,77.51788024031099,0.1905069174228829,2.558864559819293,0.00023510208,28.546969303384355,0.09821093026968,806.0858796065703,-0.506999594799107
methanol,BG,BEC,grid,BG_H_BEC_C_grid_E,Turkey,1,2024,173.40132915441552,444.1722057819172,617.5735349363326,-0.7301626655857096,10.146640984986664,0.026154849702053,2.3502355635096523,0.00028775515,20.122370978977905,0.0692275509905964,650.1927824638068,-0.6344925097430603
methanol,BG,BEC,grid,BG_H_BEC_C_grid_E,Australia,1,2024,194.24739058281517,578.5586014642545,772.8059920470696,-0.6674327809711897,78.8034842059262,0.1936431469527896,2.673851488439774,0.00033795924,6.415478997478705,0.0220713503339662,860.6988067389143,-0.45138032444443393
methanol,BG,BEC,grid,BG_H_BEC_C_grid_E,Malaysia,1,2024,165.820943180452,421.52851589143023,587.3494590718822,-0.6276528541424697,15.45206399926973,0.0390974235981119,2.238623836716881,0.0003697959799999,0.0,0.0,605.0401469078688,-0.588185634564358
methanol,BG,BEC,grid,BG_H_BEC_C_grid_E,Canada,1,2024,193.29984233606976,455.32595214045625,648.625794476526,-0.9558372504794096,78.99871720537578,0.1941194176508137,2.5837520507156784,0.0001071428749999,26.728083276427434,0.0919533662227398,756.936347009045,-0.6696573237308562
methanol,BG,BEC,grid,BG_H_BEC_C_grid_E,Mexico,1,2024,166.76849142719743,481.52099910552766,648.289490532725,-0.6880877429784098,47.45549617804119,0.1171697629358324,2.301784494440977,0.000321428625,34.96233083444379,0.120281876480666,733.009102039651,-0.45031467493691146
methanol,BG,BEC,grid,BG_H_BEC_C_grid_E,Thailand,1,2024,168.66358792068831,420.84398478161415,589.5075727023025,-0.6659027837854697,11.669272719816664,0.0298693082271259,2.276269049889171,0.00033918373,2.9394227465052256,0.0101125776022714,606.3925372185136,-0.6255817142260726
methanol,BG,BEC,grid,BG_H_BEC_C_grid_E,Russia,1,2024,179.08661863488817,386.7902616697055,565.8768803045937,-0.7462276360357698,144.64368452298004,0.3542602467845441,2.3881790448542315,0.000274898005,11.710768464281813,0.0402888815561095,724.6195123367098,-0.3514036096901162
methanol,BG,BEC,grid,BG_H_BEC_C_grid_E,Saudi Arabia,1,2024,180.98171512837908,374.3656056652746,555.3473207936537,-0.6674327809711897,26.333902875522575,0.0656436581588147,2.3993983003024244,0.00033795924,13.729628827558608,0.0472344228587547,597.8102507970373,-0.5542167407136204
methanol,LTE,BEC,grid,LTE_H_BEC_C_grid_E,South Africa,1,2024,204.03355600716057,1048.188365279742,1252.2219212869024,6.472661384456386,24.53851842343582,0.0612638196651808,2.3634903994060386,0.0004340817049999,18.087125459571656,0.0622256393808624,1297.211055569316,6.596584925207429
methanol,LTE,BEC,grid,LTE_H_BEC_C_grid_E,Taiwan,1,2024,200.7602904027676,1930.3916267351049,2131.1519171378723,5.669773766536154,6.525622092765043,0.0173213779005709,2.3754370312337483,0.0003893878199999,6.187684866182444,0.0212876638659976,2146.240661128053,5.708772196122723
methanol,LTE,BEC,grid,LTE_H_BEC_C_grid_E,Switzerland,1,2024,241.13056619028063,3258.181619705515,3499.3121858957957,-0.9183040846175468,11.96100749459355,0.0305809949051598,2.9013606570253185,2.2653065e-05,23.89291933624232,0.0821994730835609,3538.0674733836568,-0.8055009635638261
methanol,LTE,BEC,grid,LTE_H_BEC_C_grid_E,Singapore,1,2024,201.85137893756524,3256.7550340171492,3458.6064129547144,4.162984675370783,1.0509671989197895,0.0039659630112667,2.4600262639578463,0.000305510255,0.0,0.0,3462.117406417592,4.167256148637049
methanol,LTE,BEC,grid,LTE_H_BEC_C_grid_E,Hungary,1,2024,196.395936263577,2260.307036474804,2456.702972738381,0.6874711512229206,18.611567505354483,0.0468050290976679,2.344427090337363,0.0001120408349999,23.265519221402705,0.0800410110669854,2500.9244865554756,0.8144292322225738
methanol,LTE,BEC,grid,LTE_H_BEC_C_grid_E,Philippines,1,2024,195.30484772877935,1699.338112338591,1894.6429600673705,5.416809174588682,10.107765430778445,0.0260600128282098,2.301470517613267,0.0003753061849999,4.77723291213275,0.0164352468883576,1911.8294289278952,5.459679740490249
methanol,LTE,BEC,grid,LTE_H_BEC_C_grid_E,Netherlands,1,2024,223.67314963351825,2667.6067664199104,2891.2799160534287,1.4573633875847891,5.11922627434319,0.0138904767720408,2.673239243439774,0.000154897985,30.748135543443095,0.1057836635366315,2929.820517114654,1.5771924258784613
methanol,LTE,BEC,grid,LTE_H_BEC_C_grid_E,Norway,1,2024,247.67709739906655,1493.2289376317292,1740.9060350307957,-0.9842948477342784,21.57408582181769,0.0540320894331074,2.878079638369897,1.8979595e-05,32.62999337783025,0.1122578712392522,1797.9881938688136,-0.8179859074669188
methanol,LTE,BEC,grid,LTE_H_BEC_C_grid_E,Oman,1,2024,208.39791014635117,2273.2555151202255,2481.6534252665765,4.668913859265725,18.344062311311852,0.046152450456501,2.4808268853024247,0.000333673525,11.866993217987575,0.0408263459093141,2514.345307681179,4.756226329156539
methanol,LTE,BEC,grid,LTE_H_BEC_C_grid_E,Italy,1,2024,209.4889986811488,5146.070853764954,5355.559852446103,1.8423095057657224,11.7952928886772,0.030176734297296,2.651130418026521,0.00017632656,23.438450139177007,0.0806359500997951,5393.444725891984,1.9532985167228136
methanol,LTE,BEC,grid,LTE_H_BEC_C_grid_E,Austria,1,2024,226.9464152379112,3334.204870190686,3561.1512854285975,-0.1924056903335,9.69360858844435,0.0250496776443731,2.747006911612064,6.3061235e-05,23.438450139177007,0.0806359500997951,3597.030351067831,-0.0866570013543318
methanol,LTE,BEC,grid,LTE_H_BEC_C_grid_E,Finland,1,2024,235.6751235162924,1520.986986651871,1756.662110168163,-0.5333579664366129,18.67936439460148,0.0469704195380984,2.7447410684048363,4.408164e-05,34.80119959123365,0.1197275321955337,1812.887415222403,-0.3666159330629808
methanol,LTE,BEC,grid,LTE_H_BEC_C_grid_E,Portugal,1,2024,198.5781133331723,1716.3747429249331,1914.9528562581056,-0.0934195456584026,9.118529180062064,0.0236467720289204,2.338503485785557,6.857144e-05,26.641404839611052,0.0916551639924579,1953.0512937635644,0.021950961802975705
methanol,LTE,BEC,grid,LTE_H_BEC_C_grid_E,Germany,1,2024,224.7642381683159,3265.7614291844807,3490.5256673527965,2.458223294855217,13.85107818025421,0.0351918203665945,2.718032551163871,0.00021061228,31.450904768439617,0.1082014199933082,3538.5456828526544,2.60182714749512
methanol,LTE,BEC,grid,LTE_H_BEC_C_grid_E,Greece,1,2024,200.7602904027676,2722.2687575701193,2923.029047972887,2.19426024238829,8.034570812196023,0.0210024567238846,2.4189064262337494,0.0001959184,20.836858989681684,0.0716856239107726,2954.3193842009982,2.287144241422948
methanol,LTE,BEC,grid,LTE_H_BEC_C_grid_E,France,1,2024,220.3998840291253,2198.4005005950903,2418.800384624215,-0.8413148609813601,16.01757606052169,0.0404769896802436,2.609879740267486,2.693878e-05,30.04770400727699,0.1033739494956759,2467.475544432281,-0.6974369830254405
methanol,LTE,BEC,grid,LTE_H_BEC_C_grid_E,Brazil,1,2024,200.7602904027676,1478.2503916517644,1679.010682054532,-0.1924056903335,68.96650800287952,0.1696458537908778,2.3503349862337486,6.3061235e-05,33.11981038844558,0.1139430022863768,1783.4473354320908,0.09124622697875459
methanol,LTE,BEC,grid,LTE_H_BEC_C_grid_E,United Kingdom,1,2024,232.40185791189944,4957.866161405078,5190.268019316977,0.995428045767668,12.915972819599244,0.0329106318170113,2.899953030232547,0.000129183695,29.838823491365517,0.1026553320633012,5235.922768658174,1.1311231933429804
methanol,LTE,BEC,grid,LTE_H_BEC_C_grid_E,Spain,1,2024,202.9424674723629,1604.1467866626283,1807.0892541349915,0.280528112003076,21.385807864799265,0.0535727855538221,2.3805338366819417,8.938776999999999e-05,25.6956650825948,0.0884015092754728,1856.5512609190675,0.4225917946023709
methanol,LTE,BEC,grid,LTE_H_BEC_C_grid_E,Sweden,1,2024,240.03947765548304,903.7952410711532,1143.8347187266363,-0.9293025451370022,22.56440133074008,0.0564479630816619,2.759498200469972,2.204082e-05,32.381349438995656,0.1114024546001217,1201.539967696842,-0.7614300866352186
methanol,LTE,BEC,grid,LTE_H_BEC_C_grid_E,Czech Republic,1,2024,198.5781133331723,2610.290281081643,2808.8683944148156,3.228115531217086,20.192921188248224,0.0506627397536433,2.3880953307855566,0.00025346943,23.438450139177007,0.0806359500997951,2854.8878610730267,3.3596676905005247
methanol,LTE,BEC,grid,LTE_H_BEC_C_grid_E,Japan,1,2024,235.6751235162924,2365.8619058518266,2601.537029368119,3.976010846540043,9.224572746193816,0.023905465197621,2.793108423404836,0.0002951020899999,10.92443852443044,0.0375836488544879,2624.479149062148,4.037795062682152
methanol,LTE,BEC,grid,LTE_H_BEC_C_grid_E,Belgium,1,2024,223.67314963351825,3005.928315442344,3229.601465075862,0.1925404278474343,3.4214706685224665,0.0097488037467934,2.690994348439774,8.448981e-05,30.686449491618188,0.1055714433016215,3266.4003795844424,0.3079451647058492
methanol,LTE,BEC,grid,LTE_H_BEC_C_grid_E,Poland,1,2024,201.85137893756524,4605.118070007055,4806.969448944621,5.4388060956275925,11.233270499248109,0.0288056812659274,2.5365568889578465,0.000376530675,33.72534462020336,0.1160262384989164,4854.464620953029,5.584014546067436
methanol,LTE,BEC,grid,LTE_H_BEC_C_grid_E,India,1,2024,193.122670659184,1444.499193632006,1637.62186429119,6.461662923936931,29.393763775113616,0.0731081856240144,2.2627002371650744,0.0004334694599999,5.7104748980090205,0.0196459051766533,1674.9888032014778,6.5548504841975985
methanol,LTE,BEC,grid,LTE_H_BEC_C_grid_E,Indonesia,1,2024,175.6652541024216,826.6484606926567,1002.3137147950785,5.779758371730706,14.675222299770391,0.0372023190844393,2.0309053535795303,0.00039551027,4.197174123187385,0.0144396545483093,1023.2170165716159,5.831795855633454
methanol,LTE,BEC,grid,LTE_H_BEC_C_grid_E,South Korea,1,2024,205.1246445419582,1356.965414303584,1562.0900588455422,3.228115531217086,7.503288733588453,0.0197063946486234,2.3917530921301347,0.00025346943,9.500245533720006,0.0326839582073043,1581.485346204981,3.2807593535030137
methanol,LTE,BEC,grid,LTE_H_BEC_C_grid_E,China,1,2024,199.66920186796995,1064.2833658840177,1263.952567751987,4.833890767057554,78.31080589228577,0.1924412587218022,2.315337598509652,0.0003428572,8.004084356420046,0.027536673411696,1352.5827955992024,5.054211556391051
methanol,LTE,BEC,grid,LTE_H_BEC_C_grid_E,United Arab Emirates,1,2024,208.39791014635117,1271.1627258039198,1479.560635950271,2.8871632551139723,10.915758228841952,0.0280311104142585,2.425112590302424,0.000234489835,12.367972595646318,0.0425498791573762,1505.2694793650617,2.9579787345206072
methanol,LTE,BEC,grid,LTE_H_BEC_C_grid_E,United States,1,2024,218.21770695953,1727.3530976175855,1945.5708045771155,2.898161715633428,77.51788024031099,0.1905069174228829,2.558864559819293,0.00023510208,28.546969303384355,0.09821093026968,2054.19451868063,3.187114665405991
methanol,LTE,BEC,grid,LTE_H_BEC_C_grid_E,Turkey,1,2024,199.66920186796995,1694.378292251486,1894.047494119456,3.84402932030658,10.146640984986664,0.026154849702053,2.3502355635096523,0.00028775515,20.122370978977905,0.0692275509905964,1926.66674164693,3.9396994761492294
methanol,LTE,BEC,grid,LTE_H_BEC_C_grid_E,Australia,1,2024,223.67314963351825,2685.3593347892056,2909.032484422724,4.745903082901912,78.8034842059262,0.1936431469527896,2.673851488439774,0.00033795924,6.415478997478705,0.0220713503339662,2996.925299114568,4.961955539428668
methanol,LTE,BEC,grid,LTE_H_BEC_C_grid_E,Malaysia,1,2024,190.94049358958875,1457.978810602222,1648.9193041918106,5.317823029913585,15.45206399926973,0.0390974235981119,2.238623836716881,0.0003697959799999,0.0,0.0,1666.6099920277973,5.357290249491697
methanol,LTE,BEC,grid,LTE_H_BEC_C_grid_E,Canada,1,2024,222.58206109872057,1274.331890182316,1496.9139512810364,0.5994834670672786,78.99871720537578,0.1941194176508137,2.5837520507156784,0.0001071428749999,26.728083276427434,0.0919533662227398,1605.2245038135554,0.8856633938158319
methanol,LTE,BEC,grid,LTE_H_BEC_C_grid_E,Mexico,1,2024,192.0315821243864,2372.7268102383064,2564.7583923626926,4.448944648876619,47.45549617804119,0.1171697629358324,2.301784494440977,0.000321428625,34.96233083444379,0.120281876480666,2649.478003869619,4.686717716918118
methanol,LTE,BEC,grid,LTE_H_BEC_C_grid_E,Thailand,1,2024,194.2137591939817,1467.4597580485267,1661.6735172425083,4.767900003940822,11.669272719816664,0.0298693082271259,2.276269049889171,0.00033918373,2.9394227465052256,0.0101125776022714,1678.5584817587194,4.80822107350022
methanol,LTE,BEC,grid,LTE_H_BEC_C_grid_E,Russia,1,2024,206.21573307675584,1042.4886300121807,1248.7043630889366,3.61306164939802,144.64368452298004,0.3542602467845441,2.3881790448542315,0.000274898005,11.710768464281813,0.0402888815561095,1407.4469951210526,4.007885675743673
methanol,LTE,BEC,grid,LTE_H_BEC_C_grid_E,Saudi Arabia,1,2024,208.39791014635117,808.0133947389055,1016.4113048852566,4.745903082901912,26.333902875522575,0.0656436581588147,2.3993983003024244,0.00033795924,13.729628827558608,0.0472344228587547,1058.8742348886403,4.859119123159482
methanol,SMR,BEC,grid,SMR_H_BEC_C_grid_E,South Africa,1,2024,133.69110276099715,235.76906319606,369.46016595705714,1.3141887556777656,24.53851842343582,0.0612638196651808,2.3634903994060386,0.0004340817049999,18.087125459571656,0.0622256393808624,414.4493002394707,1.438112296428809
methanol,SMR,BEC,grid,SMR_H_BEC_C_grid_E,Taiwan,1,2024,131.54632571135548,527.6083429511074,659.1546686624629,1.263330149753387,6.525622092765043,0.0173213779005709,2.3754370312337483,0.0003893878199999,6.187684866182444,0.0212876638659976,674.2434126526441,1.3023285793399555
methanol,SMR,BEC,grid,SMR_H_BEC_C_grid_E,Switzerland,1,2024,157.99857599026936,1893.5274175482175,2051.525993538487,0.8460109038807464,11.96100749459355,0.0305809949051598,2.9013606570253185,2.2653065e-05,23.89291933624232,0.0821994730835609,2090.281281026348,0.9588140249344671
methanol,SMR,BEC,grid,SMR_H_BEC_C_grid_E,Singapore,1,2024,132.26125139456937,1989.166955117636,2121.4282065122056,1.167883176991197,1.0509671989197895,0.0039659630112667,2.4600262639578463,0.000305510255,0.0,0.0,2124.9391999750833,1.1721546502574638
methanol,SMR,BEC,grid,SMR_H_BEC_C_grid_E,Hungary,1,2024,128.68662297849994,799.5184698930902,928.2050928715902,0.9477281157295034,18.611567505354483,0.0468050290976679,2.344427090337363,0.0001120408349999,23.265519221402705,0.0800410110669854,972.4266066886847,1.0746861967291568
methanol,SMR,BEC,grid,SMR_H_BEC_C_grid_E,Philippines,1,2024,127.97169729528603,493.38142198498457,621.3531192802706,1.2473062054210486,10.107765430778445,0.0260600128282098,2.301470517613267,0.0003753061849999,4.77723291213275,0.0164352468883576,638.539588140795,1.2901767713226158
methanol,SMR,BEC,grid,SMR_H_BEC_C_grid_E,Netherlands,1,2024,146.55976505884712,1320.1103345113474,1466.6700995701945,0.9964966419583596,5.11922627434319,0.0138904767720408,2.673239243439774,0.000154897985,30.748135543443095,0.1057836635366315,1505.2107006314207,1.1163256802520318
methanol,SMR,BEC,grid,SMR_H_BEC_C_grid_E,Norway,1,2024,162.2881300895527,969.4152473688076,1131.70337745836,0.8418307444897015,21.57408582181769,0.0540320894331074,2.878079638369897,1.8979595e-05,32.62999337783025,0.1122578712392522,1188.7855362963778,1.0081396847570612
methanol,SMR,BEC,grid,SMR_H_BEC_C_grid_E,Oman,1,2024,136.55080549385272,238.52946245356063,375.0802679474134,1.199931065655874,18.344062311311852,0.046152450456501,2.4808268853024247,0.000333673525,11.866993217987575,0.0408263459093141,407.7721503620152,1.287243535546689
methanol,SMR,BEC,grid,SMR_H_BEC_C_grid_E,Italy,1,2024,137.26573117706658,1601.4769801208358,1738.7427112979024,1.0208809050727878,11.7952928886772,0.030176734297296,2.651130418026521,0.00017632656,23.438450139177007,0.0806359500997951,1776.6275847437832,1.131869916029879
methanol,SMR,BEC,grid,SMR_H_BEC_C_grid_E,Austria,1,2024,148.70454210848882,1301.800678692286,1450.5052208007749,0.8919926571822393,9.69360858844435,0.0250496776443731,2.747006911612064,6.3061235e-05,23.438450139177007,0.0806359500997951,1486.384286440008,0.9977413461614074
methanol,SMR,BEC,grid,SMR_H_BEC_C_grid_E,Finland,1,2024,154.42394757419993,1254.1239385217507,1408.5478860959506,0.8703951669951745,18.67936439460148,0.0469704195380984,2.7447410684048363,4.408164e-05,34.80119959123365,0.1197275321955337,1464.7731911501905,1.0371372003688066
methanol,SMR,BEC,grid,SMR_H_BEC_C_grid_E,Portugal,1,2024,130.1164743449277,1089.8795817249727,1219.9960560699003,0.8982628962688064,9.118529180062064,0.0236467720289204,2.338503485785557,6.857144e-05,26.641404839611052,0.0916551639924579,1258.0944935753591,1.0136334037301848
methanol,SMR,BEC,grid,SMR_H_BEC_C_grid_E,Germany,1,2024,147.27469074206104,1230.3874405680644,1377.6621313101257,1.0598957260558726,13.85107818025421,0.0351918203665945,2.718032551163871,0.00021061228,31.450904768439617,0.1082014199933082,1425.6821468099834,1.2034995786957752
methanol,SMR,BEC,grid,SMR_H_BEC_C_grid_E,Greece,1,2024,131.5463257113555,726.3280619377942,857.8743876491498,1.0431750884916935,8.034570812196023,0.0210024567238846,2.4189064262337494,0.0001959184,20.836858989681684,0.0716856239107726,889.1647238772612,1.1360590875263508
methanol,SMR,BEC,grid,SMR_H_BEC_C_grid_E,France,1,2024,144.4149880092055,1265.047321797511,1409.462309806716,0.850887756503632,16.01757606052169,0.0404769896802436,2.609879740267486,2.693878e-05,30.04770400727699,0.1033739494956759,1458.1374696147818,0.9947656344595516
methanol,SMR,BEC,grid,SMR_H_BEC_C_grid_E,Brazil,1,2024,131.54632571135548,1161.7569760119477,1293.3033017233029,0.8919926571822393,68.96650800287952,0.1696458537908778,2.3503349862337486,6.3061235e-05,33.11981038844558,0.1139430022863768,1397.7399551008616,1.1756445744944939
methanol,SMR,BEC,grid,SMR_H_BEC_C_grid_E,United Kingdom,1,2024,152.27917052455825,1150.419952617213,1302.6991231417717,0.967235526221046,12.915972819599244,0.0329106318170113,2.899953030232547,0.000129183695,29.838823491365517,0.1026553320633012,1348.353872482969,1.1029306737963585
methanol,SMR,BEC,grid,SMR_H_BEC_C_grid_E,Spain,1,2024,132.97617707778326,930.112489244049,1063.0886663218323,0.9219504661513938,21.385807864799265,0.0535727855538221,2.3805338366819417,8.938776999999999e-05,25.6956650825948,0.0884015092754728,1112.5506731059083,1.0640141487506887
methanol,SMR,BEC,grid,SMR_H_BEC_C_grid_E,Sweden,1,2024,157.2836503070555,1741.762159231036,1899.0458095380911,0.8453142106489057,22.56440133074008,0.0564479630816619,2.759498200469972,2.204082e-05,32.381349438995656,0.1114024546001217,1956.7510585082969,1.0131866691506892
methanol,SMR,BEC,grid,SMR_H_BEC_C_grid_E,Czech Republic,1,2024,130.1164743449277,991.1324788407871,1121.248953185715,1.1086642522847288,20.192921188248224,0.0506627397536433,2.3880953307855566,0.00025346943,23.438450139177007,0.0806359500997951,1167.2684198439256,1.240216411568167
methanol,SMR,BEC,grid,SMR_H_BEC_C_grid_E,Japan,1,2024,154.42394757419993,1025.7375851719112,1180.161532746111,1.1560393920499037,9.224572746193816,0.023905465197621,2.793108423404836,0.0002951020899999,10.92443852443044,0.0375836488544879,1203.1036524401402,1.2178236081920124
methanol,SMR,BEC,grid,SMR_H_BEC_C_grid_E,Belgium,1,2024,146.55976505884712,880.2439638594492,1026.8037289182962,0.9163769202966674,3.4214706685224665,0.0097488037467934,2.690994348439774,8.448981e-05,30.686449491618188,0.1055714433016215,1063.6026434268765,1.0317816571550824
methanol,SMR,BEC,grid,SMR_H_BEC_C_grid_E,Poland,1,2024,132.26125139456937,1204.3327386573703,1336.5939900519395,1.2486995918847303,11.233270499248109,0.0288056812659274,2.5365568889578465,0.000376530675,33.72534462020336,0.1160262384989164,1384.0891620603488,1.3939080423245742
methanol,SMR,BEC,grid,SMR_H_BEC_C_grid_E,India,1,2024,126.54184592885824,692.2847330983795,818.8265790272378,1.313492062445925,29.393763775113616,0.0731081856240144,2.2627002371650744,0.0004334694599999,5.7104748980090205,0.0196459051766533,856.1935179375255,1.4066796227065925
methanol,SMR,BEC,grid,SMR_H_BEC_C_grid_E,Indonesia,1,2024,115.10303499743604,988.5571857839346,1103.6602207813708,1.2702970820717954,14.675222299770391,0.0372023190844393,2.0309053535795303,0.00039551027,4.197174123187385,0.0144396545483093,1124.563522557908,1.3223345659745438
methanol,SMR,BEC,grid,SMR_H_BEC_C_grid_E,South Korea,1,2024,134.40602844421105,787.489681436681,921.895709880892,1.1086642522847288,7.503288733588453,0.0197063946486234,2.3917530921301347,0.00025346943,9.500245533720006,0.0326839582073043,941.2909972403305,1.1613080745706563
methanol,SMR,BEC,grid,SMR_H_BEC_C_grid_E,China,1,2024,130.8314000281416,668.7629376319242,799.5943376600658,1.2103814641334862,78.31080589228577,0.1924412587218022,2.315337598509652,0.0003428572,8.004084356420046,0.027536673411696,888.2245655072813,1.4307022534669844
methanol,SMR,BEC,grid,SMR_H_BEC_C_grid_E,United Arab Emirates,1,2024,136.55080549385272,173.7093047961688,310.26011029002154,1.0870667620976642,10.915758228841952,0.0280311104142585,2.425112590302424,0.000234489835,12.367972595646318,0.0425498791573762,335.96895370481224,1.1578822415042989
methanol,SMR,BEC,grid,SMR_H_BEC_C_grid_E,United States,1,2024,142.98513664277772,545.4545461333353,688.4396827761129,1.0877634553295048,77.51788024031099,0.1905069174228829,2.558864559819293,0.00023510208,28.546969303384355,0.09821093026968,797.0633968796276,1.3767164051020677
methanol,SMR,BEC,grid,SMR_H_BEC_C_grid_E,Turkey,1,2024,130.8314000281416,462.252142539732,593.0835425678736,1.147679073267814,10.146640984986664,0.026154849702053,2.3502355635096523,0.00028775515,20.122370978977905,0.0692275509905964,625.7027900953477,1.2433492291104633
methanol,SMR,BEC,grid,SMR_H_BEC_C_grid_E,Australia,1,2024,146.55976505884712,717.0221475803723,863.5819126392195,1.20480791827876,78.8034842059262,0.1936431469527896,2.673851488439774,0.00033795924,6.415478997478705,0.0220713503339662,951.4747273310642,1.4208603748055157
methanol,SMR,BEC,grid,SMR_H_BEC_C_grid_E,Malaysia,1,2024,125.1119945624305,424.2187260063545,549.330720568785,1.2410359663344817,15.45206399926973,0.0390974235981119,2.238623836716881,0.0003697959799999,0.0,0.0,567.0214084047716,1.2805031859125935
methanol,SMR,BEC,grid,SMR_H_BEC_C_grid_E,Canada,1,2024,145.84483937563326,366.4903382315651,512.3351776071984,0.9421545698747772,78.99871720537578,0.1941194176508137,2.5837520507156784,0.0001071428749999,26.728083276427434,0.0919533662227398,620.6457301397173,1.2283344966233307
methanol,SMR,BEC,grid,SMR_H_BEC_C_grid_E,Mexico,1,2024,125.82692024564436,362.48799237564725,488.3149126212916,1.1859972010190585,47.45549617804119,0.1171697629358324,2.301784494440977,0.000321428625,34.96233083444379,0.120281876480666,573.0345241282176,1.4237702690605567
methanol,SMR,BEC,grid,SMR_H_BEC_C_grid_E,Thailand,1,2024,127.25677161207216,449.44901949767853,576.7057911097506,1.2062013047424416,11.669272719816664,0.0298693082271259,2.276269049889171,0.00033918373,2.9394227465052256,0.0101125776022714,593.5907556259617,1.246522374301839
methanol,SMR,BEC,grid,SMR_H_BEC_C_grid_E,Russia,1,2024,135.12095412742494,213.08624121326977,348.2071953406947,1.133048515399157,144.64368452298004,0.3542602467845441,2.3881790448542315,0.000274898005,11.710768464281813,0.0402888815561095,506.9498273728108,1.5278725417448107
methanol,SMR,BEC,grid,SMR_H_BEC_C_grid_E,Saudi Arabia,1,2024,136.55080549385272,143.44062489745738,279.99143039131013,1.20480791827876,26.333902875522575,0.0656436581588147,2.3993983003024244,0.00033795924,13.729628827558608,0.0472344228587547,322.45436039469377,1.3180239585363294
methanol,SMRCCS,BEC,grid,SMRCCS_H_BEC_C_grid_E,South Africa,1,2024,189.57875801038116,301.0375612120552,490.61631922243635,-0.2518024019811951,24.53851842343582,0.0612638196651808,2.3634903994060386,0.0004340817049999,18.087125459571656,0.0622256393808624,535.6054535048498,-0.127878861230152
methanol,SMRCCS,BEC,grid,SMRCCS_H_BEC_C_grid_E,Taiwan,1,2024,186.53738756101671,681.2227149225955,867.7601024836123,-0.3234279792255553,6.525622092765043,0.0173213779005709,2.3754370312337483,0.0003893878199999,6.187684866182444,0.0212876638659976,882.8488464737935,-0.2844295496389868
methanol,SMRCCS,BEC,grid,SMRCCS_H_BEC_C_grid_E,Switzerland,1,2024,224.04762310317773,2431.1325391298933,2655.180162233071,-0.9111501815457168,11.96100749459355,0.0305809949051598,2.9013606570253185,2.2653065e-05,23.89291933624232,0.0821994730835609,2693.935449720932,-0.7983470604919961
methanol,SMRCCS,BEC,grid,SMRCCS_H_BEC_C_grid_E,Singapore,1,2024,187.5511777108049,2565.378405850964,2752.929583561769,-0.4578485830951081,1.0509671989197895,0.0039659630112667,2.4600262639578463,0.000305510255,0.0,0.0,2756.4405770246467,-0.4535771098288414
methanol,SMRCCS,BEC,grid,SMRCCS_H_BEC_C_grid_E,Hungary,1,2024,182.48222696186423,1034.1165858316292,1216.5988127934934,-0.7678990270569963,18.611567505354483,0.0468050290976679,2.344427090337363,0.0001120408349999,23.265519221402705,0.0800410110669854,1260.820326610588,-0.6409409460573431
methanol,SMRCCS,BEC,grid,SMRCCS_H_BEC_C_grid_E,Philippines,1,2024,181.46843681207605,638.2582825570898,819.726719369166,-0.3459949419189839,10.107765430778445,0.0260600128282098,2.301470517613267,0.0003753061849999,4.77723291213275,0.0164352468883576,836.9131882296904,-0.30312437601741654
methanol,SMRCCS,BEC,grid,SMRCCS_H_BEC_C_grid_E,Netherlands,1,2024,207.82698070656755,1698.1061994452884,1905.933180151856,-0.6992169666856919,5.11922627434319,0.0138904767720408,2.673239243439774,0.000154897985,30.748135543443095,0.1057836635366315,1944.4737812130822,-0.5793879283920196
methanol,SMRCCS,BEC,grid,SMRCCS_H_BEC_C_grid_E,Norway,1,2024,230.1303640019065,1233.422826763136,1463.5531907650425,-0.9170372152918284,21.57408582181769,0.0540320894331074,2.878079638369897,1.8979595e-05,32.62999337783025,0.1122578712392522,1520.6353496030604,-0.7507282750244687
methanol,SMRCCS,BEC,grid,SMRCCS_H_BEC_C_grid_E,Oman,1,2024,193.63391860953368,313.5306592981045,507.1645779076382,-0.4127146577082509,18.344062311311852,0.046152450456501,2.4808268853024247,0.000333673525,11.866993217987575,0.0408263459093141,539.8564603222401,-0.32540218781743574
methanol,SMRCCS,BEC,grid,SMRCCS_H_BEC_C_grid_E,Italy,1,2024,194.6477087593218,2079.415814650732,2274.0635234100537,-0.6648759365000398,11.7952928886772,0.030176734297296,2.651130418026521,0.00017632656,23.438450139177007,0.0806359500997951,2311.9483968559343,-0.5538869255429488
methanol,SMRCCS,BEC,grid,SMRCCS_H_BEC_C_grid_E,Austria,1,2024,210.868351155932,1677.874187226433,1888.742538382365,-0.8463928103384869,9.69360858844435,0.0250496776443731,2.747006911612064,6.3061235e-05,23.438450139177007,0.0806359500997951,1924.6216040215982,-0.7406441213593188
methanol,SMRCCS,BEC,grid,SMRCCS_H_BEC_C_grid_E,Finland,1,2024,218.97867235423703,1603.1267030098684,1822.1053753641056,-0.8768091513600645,18.67936439460148,0.0469704195380984,2.7447410684048363,4.408164e-05,34.80119959123365,0.1197275321955337,1878.3306804183455,-0.7100671179864324
methanol,SMRCCS,BEC,grid,SMRCCS_H_BEC_C_grid_E,Portugal,1,2024,184.50980726144044,1402.7578552543805,1587.2676625158208,-0.8375622597193192,9.118529180062064,0.0236467720289204,2.338503485785557,6.857144e-05,26.641404839611052,0.0916551639924579,1625.3661000212796,-0.7221917522579409
methanol,SMRCCS,BEC,grid,SMRCCS_H_BEC_C_grid_E,Germany,1,2024,208.8407708563557,1584.6215886087546,1793.4623594651102,-0.6099302882029963,13.85107818025421,0.0351918203665945,2.718032551163871,0.00021061228,31.450904768439617,0.1082014199933082,1841.482374964968,-0.4663264355630936
methanol,SMRCCS,BEC,grid,SMRCCS_H_BEC_C_grid_E,Greece,1,2024,186.53738756101671,941.095634329837,1127.6330218908538,-0.6334784231874435,8.034570812196023,0.0210024567238846,2.4189064262337494,0.0001959184,20.836858989681684,0.0716856239107726,1158.9233581189653,-0.5405944241527864
methanol,SMRCCS,BEC,grid,SMRCCS_H_BEC_C_grid_E,France,1,2024,204.78561025720316,1622.4414433730933,1827.2270536302965,-0.9042819755085862,16.01757606052169,0.0404769896802436,2.609879740267486,2.693878e-05,30.04770400727699,0.1033739494956759,1875.9022134383624,-0.7604040975526667
methanol,SMRCCS,BEC,grid,SMRCCS_H_BEC_C_grid_E,Brazil,1,2024,186.53738756101671,1494.0477372365706,1680.5851247975872,-0.8463928103384869,68.96650800287952,0.1696458537908778,2.3503349862337486,6.3061235e-05,33.11981038844558,0.1139430022863768,1785.021778175146,-0.5627408930262323
methanol,SMRCCS,BEC,grid,SMRCCS_H_BEC_C_grid_E,United Kingdom,1,2024,215.93730190487264,1499.9309514462443,1715.868253351117,-0.7404262029084746,12.915972819599244,0.0329106318170113,2.899953030232547,0.000129183695,29.838823491365517,0.1026553320633012,1761.5230026923143,-0.6047310553331621
methanol,SMRCCS,BEC,grid,SMRCCS_H_BEC_C_grid_E,Spain,1,2024,188.564967860593,1192.1288362031285,1380.6938040637217,-0.8042024018246857,21.385807864799265,0.0535727855538221,2.3805338366819417,8.938776999999999e-05,25.6956650825948,0.0884015092754728,1430.1558108477977,-0.6621387192253909
methanol,SMRCCS,BEC,grid,SMRCCS_H_BEC_C_grid_E,Sweden,1,2024,223.0338329533896,2224.3900297795603,2447.42386273295,-0.9121313538367354,22.56440133074008,0.0564479630816619,2.759498200469972,2.204082e-05,32.381349438995656,0.1114024546001217,2505.1291117031556,-0.7442588953349518
methanol,SMRCCS,BEC,grid,SMRCCS_H_BEC_C_grid_E,Czech Republic,1,2024,184.50980726144044,1283.2321095673185,1467.741916828759,-0.5412482278316919,20.192921188248224,0.0506627397536433,2.3880953307855566,0.00025346943,23.438450139177007,0.0806359500997951,1513.7613834869699,-0.40969606854825347
methanol,SMRCCS,BEC,grid,SMRCCS_H_BEC_C_grid_E,Japan,1,2024,218.97867235423703,1319.614178130754,1538.592850484991,-0.4745285120424249,9.224572746193816,0.023905465197621,2.793108423404836,0.0002951020899999,10.92443852443044,0.0375836488544879,1561.53497017902,-0.41274429590031614
methanol,SMRCCS,BEC,grid,SMRCCS_H_BEC_C_grid_E,Belgium,1,2024,207.82698070656755,1130.6436439570634,1338.470624663631,-0.8120517801528347,3.4214706685224665,0.0097488037467934,2.690994348439774,8.448981e-05,30.686449491618188,0.1055714433016215,1375.2695391722114,-0.6966470432944198
methanol,SMRCCS,BEC,grid,SMRCCS_H_BEC_C_grid_E,Poland,1,2024,187.5511777108049,1573.1587524236843,1760.7099301344892,-0.3440325973369466,11.233270499248109,0.0288056812659274,2.5365568889578465,0.000376530675,33.72534462020336,0.1160262384989164,1808.2051021428986,-0.19882414689710276
methanol,SMRCCS,BEC,grid,SMRCCS_H_BEC_C_grid_E,India,1,2024,179.4408565124998,892.0171040864915,1071.4579605989911,-0.2527835742722137,29.393763775113616,0.0731081856240144,2.2627002371650744,0.0004334694599999,5.7104748980090205,0.0196459051766533,1108.824899509279,-0.15959601401154613
methanol,SMRCCS,BEC,grid,SMRCCS_H_BEC_C_grid_E,Indonesia,1,2024,163.22021411588963,1268.4727250541666,1431.6929391700562,-0.313616256315369,14.675222299770391,0.0372023190844393,2.0309053535795303,0.00039551027,4.197174123187385,0.0144396545483093,1452.5962409465935,-0.26157877241262034
methanol,SMRCCS,BEC,grid,SMRCCS_H_BEC_C_grid_E,South Korea,1,2024,190.5925481601693,1006.38383305982,1196.9763812199894,-0.5412482278316919,7.503288733588453,0.0197063946486234,2.3917530921301347,0.00025346943,9.500245533720006,0.0326839582073043,1216.3716685794282,-0.4886044055457641
methanol,SMRCCS,BEC,grid,SMRCCS_H_BEC_C_grid_E,China,1,2024,185.5235974112286,858.0321102755053,1043.555707686734,-0.3979970733429715,78.31080589228577,0.1924412587218022,2.315337598509652,0.0003428572,8.004084356420046,0.027536673411696,1132.1859355339493,-0.17767628400947333
methanol,SMRCCS,BEC,grid,SMRCCS_H_BEC_C_grid_E,United Arab Emirates,1,2024,193.63391860953368,222.24874140162083,415.8826600111545,-0.5716645688532696,10.915758228841952,0.0280311104142585,2.425112590302424,0.000234489835,12.367972595646318,0.0425498791573762,441.5915034259452,-0.5008490894466349
methanol,SMRCCS,BEC,grid,SMRCCS_H_BEC_C_grid_E,United States,1,2024,202.7580299576269,692.9673738554765,895.7254038131033,-0.570683396562251,77.51788024031099,0.1905069174228829,2.558864559819293,0.00023510208,28.546969303384355,0.09821093026968,1004.349117916618,-0.28173044678968806
methanol,SMRCCS,BEC,grid,SMRCCS_H_BEC_C_grid_E,Turkey,1,2024,185.5235974112286,596.7458696758221,782.2694670870507,-0.4863025795346484,10.146640984986664,0.026154849702053,2.3502355635096523,0.00028775515,20.122370978977905,0.0692275509905964,814.8887146145248,-0.39063242369199896
methanol,SMRCCS,BEC,grid,SMRCCS_H_BEC_C_grid_E,Australia,1,2024,207.82698070656755,921.610063219532,1129.4370439260997,-0.4058464516711205,78.8034842059262,0.1936431469527896,2.673851488439774,0.00033795924,6.415478997478705,0.0220713503339662,1217.3298586179444,-0.18979399514436468
methanol,SMRCCS,BEC,grid,SMRCCS_H_BEC_C_grid_E,Malaysia,1,2024,177.4132762129235,546.814635102524,724.2279113154475,-0.3548254925381516,15.45206399926973,0.0390974235981119,2.238623836716881,0.0003697959799999,0.0,0.0,741.9185991514341,-0.31535827296003976
methanol,SMRCCS,BEC,grid,SMRCCS_H_BEC_C_grid_E,Canada,1,2024,206.81319055677943,462.5240825275287,669.3372730843082,-0.7757484053851453,78.99871720537578,0.1941194176508137,2.5837520507156784,0.0001071428749999,26.728083276427434,0.0919533662227398,777.6478256168272,-0.489568478636592
methanol,SMRCCS,BEC,grid,SMRCCS_H_BEC_C_grid_E,Mexico,1,2024,178.42706636271166,474.47337383548745,652.9004401981991,-0.4323381035286236,47.45549617804119,0.1171697629358324,2.301784494440977,0.000321428625,34.96233083444379,0.120281876480666,737.6200517051252,-0.19456503548712517
methanol,SMRCCS,BEC,grid,SMRCCS_H_BEC_C_grid_E,Thailand,1,2024,180.45464666228796,579.998513946045,760.453160608333,-0.4038841070890832,11.669272719816664,0.0298693082271259,2.276269049889171,0.00033918373,2.9394227465052256,0.0101125776022714,777.338125124544,-0.36356303752968583
methanol,SMRCCS,BEC,grid,SMRCCS_H_BEC_C_grid_E,Russia,1,2024,191.60633830995744,272.12493798663104,463.7312762965885,-0.5069071976460398,144.64368452298004,0.3542602467845441,2.3881790448542315,0.000274898005,11.710768464281813,0.0402888815561095,622.4739083287046,-0.11208317130038617
methanol,SMRCCS,BEC,grid,SMRCCS_H_BEC_C_grid_E,Saudi Arabia,1,2024,193.63391860953368,180.03193760537195,373.6658562149056,-0.4058464516711205,26.333902875522575,0.0656436581588147,2.3993983003024244,0.00033795924,13.729628827558608,0.0472344228587547,416.12878621828924,-0.29263041141355106
methanol,BG,BG,grid,BG_H_C_grid_E,South Africa,1,2024,177.1915221413973,358.87260984620553,536.0641319876029,-0.280287749972756,24.53851842343582,0.0612638196651808,2.3634903994060386,0.0004340817049999,18.087125459571656,0.0622256393808624,581.0532662700164,-0.15636420922171293
methanol,BG,BG,grid,BG_H_C_grid_E,Taiwan,1,2024,174.34887740116096,435.60949903479104,609.958376435952,-0.3361326472515358,6.525622092765043,0.0173213779005709,2.3754370312337483,0.0003893878199999,6.187684866182444,0.0212876638659976,625.0471204261332,-0.29713421766496734
methanol,BG,BG,grid,BG_H_C_grid_E,Switzerland,1,2024,209.40816253074223,670.063714025165,879.4718765559073,-0.7943668043746759,11.96100749459355,0.0305809949051598,2.9013606570253185,2.2653065e-05,23.89291933624232,0.0821994730835609,918.2271640437685,-0.6815636833209552
methanol,BG,BG,grid,BG_H_C_grid_E,Singapore,1,2024,175.2964256479064,613.8328380024415,789.1292636503479,-0.4409374544733559,1.0509671989197895,0.0039659630112667,2.4600262639578463,0.000305510255,0.0,0.0,792.6402571132255,-0.4366659812070892
methanol,BG,BG,grid,BG_H_C_grid_E,Hungary,1,2024,170.5586844141792,467.1396193967072,637.6983038108864,-0.682677009817116,18.611567505354483,0.0468050290976679,2.344427090337363,0.0001120408349999,23.265519221402705,0.0800410110669854,681.9198176279809,-0.5557189288174628
methanol,BG,BG,grid,BG_H_C_grid_E,Philippines,1,2024,169.61113616743376,405.56141840763786,575.1725545750717,-0.353727614887316,10.107765430778445,0.0260600128282098,2.301470517613267,0.0003753061849999,4.77723291213275,0.0164352468883576,592.3590234355961,-0.3108570489857487
methanol,BG,BG,grid,BG_H_C_grid_E,Netherlands,1,2024,194.24739058281517,562.230445785111,756.4778363679261,-0.6291271083169161,5.11922627434319,0.0138904767720408,2.673239243439774,0.000154897985,30.748135543443095,0.1057836635366315,795.0184374291522,-0.5092980700232438
methanol,BG,BG,grid,BG_H_C_grid_E,Norway,1,2024,215.09345201121488,494.80688983709064,709.9003418483055,-0.7989567959318358,21.57408582181769,0.0540320894331074,2.878079638369897,1.8979595e-05,32.62999337783025,0.1122578712392522,766.9825006863233,-0.6326478556644761
methanol,BG,BG,grid,BG_H_C_grid_E,Oman,1,2024,180.98171512837908,444.8999062065381,625.8816213349172,-0.4057475192017959,18.344062311311852,0.046152450456501,2.4808268853024247,0.000333673525,11.866993217987575,0.0408263459093141,658.5735037495191,-0.31843504931098077
methanol,BG,BG,grid,BG_H_C_grid_E,Italy,1,2024,181.9292633751245,734.5011765395652,916.4304399146896,-0.602352157566816,11.7952928886772,0.030176734297296,2.651130418026521,0.00017632656,23.438450139177007,0.0806359500997951,954.3153133605703,-0.491363146609725
methanol,BG,BG,grid,BG_H_C_grid_E,Austria,1,2024,197.09003532305152,614.3987606947162,811.4887960177678,-0.743876897245916,9.69360858844435,0.0250496776443731,2.747006911612064,6.3061235e-05,23.438450139177007,0.0806359500997951,847.3678616570012,-0.6381282082667479
methanol,BG,BG,grid,BG_H_C_grid_E,Finland,1,2024,204.67042129701508,490.7030800950436,695.3735013920586,-0.7675918536245758,18.67936439460148,0.0469704195380984,2.7447410684048363,4.408164e-05,34.80119959123365,0.1197275321955337,751.5988064462987,-0.6008498202509437
methanol,BG,BG,grid,BG_H_C_grid_E,Portugal,1,2024,172.45378090767008,447.36970202622,619.8234829338901,-0.7369919099101758,9.118529180062064,0.0236467720289204,2.338503485785557,6.857144e-05,26.641404839611052,0.0916551639924579,657.9219204393487,-0.6216214024487975
methanol,BG,BG,grid,BG_H_C_grid_E,Germany,1,2024,195.1949388295606,613.9482875499975,809.1432263795582,-0.559512236366656,13.85107818025421,0.0351918203665945,2.718032551163871,0.00021061228,31.450904768439617,0.1082014199933082,857.163241879416,-0.4159083837267533
methanol,BG,BG,grid,BG_H_C_grid_E,Greece,1,2024,174.34887740116096,507.3933352988318,681.7422126999927,-0.577872202595296,8.034570812196023,0.0210024567238846,2.4189064262337494,0.0001959184,20.836858989681684,0.0716856239107726,713.0325489281042,-0.4849882035606389
methanol,BG,BG,grid,BG_H_C_grid_E,France,1,2024,191.40474584257888,533.4845732501747,724.8893190927536,-0.789011814224656,16.01757606052169,0.0404769896802436,2.609879740267486,2.693878e-05,30.04770400727699,0.1033739494956759,773.5644789008197,-0.6451339362687365
methanol,BG,BG,grid,BG_H_C_grid_E,Brazil,1,2024,174.34887740116096,428.5494885760549,602.8983659772159,-0.743876897245916,68.96650800287952,0.1696458537908778,2.3503349862337486,6.3061235e-05,33.11981038844558,0.1139430022863768,707.3350193547748,-0.4602249799336614
methanol,BG,BG,grid,BG_H_C_grid_E,United Kingdom,1,2024,201.8277765567787,698.6713418645182,900.499118421297,-0.661257049217036,12.915972819599244,0.0329106318170113,2.899953030232547,0.000129183695,29.838823491365517,0.1026553320633012,946.1538677624942,-0.5255619016417235
methanol,BG,BG,grid,BG_H_C_grid_E,Spain,1,2024,176.24397389465182,454.97726059317233,631.2212344878242,-0.7109819577529359,21.385807864799265,0.0535727855538221,2.3805338366819417,8.938776999999999e-05,25.6956650825948,0.0884015092754728,680.6832412719002,-0.568918275153641
methanol,BG,BG,grid,BG_H_C_grid_E,Sweden,1,2024,208.4606142839968,474.51353253001395,682.9741468140107,-0.795131802967536,22.56440133074008,0.0564479630816619,2.759498200469972,2.204082e-05,32.381349438995656,0.1114024546001217,740.6793957842165,-0.6272593444657525
methanol,BG,BG,grid,BG_H_C_grid_E,Czech Republic,1,2024,172.45378090767008,503.8023614876254,676.2561423952955,-0.5059623348664559,20.192921188248224,0.0506627397536433,2.3880953307855566,0.00025346943,23.438450139177007,0.0806359500997951,722.2756090535062,-0.3744101755830175
methanol,BG,BG,grid,BG_H_C_grid_E,Japan,1,2024,204.67042129701508,515.4466235482495,720.1170448452646,-0.453942430551976,9.224572746193816,0.023905465197621,2.793108423404836,0.0002951020899999,10.92443852443044,0.0375836488544879,743.0591645392938,-0.3921582144098672
methanol,BG,BG,grid,BG_H_C_grid_E,Belgium,1,2024,194.24739058281517,588.5642836007405,782.8116741835556,-0.7171019464958159,3.4214706685224665,0.0097488037467934,2.690994348439774,8.448981e-05,30.686449491618188,0.1055714433016215,819.610588692136,-0.601697209637401
methanol,BG,BG,grid,BG_H_C_grid_E,Poland,1,2024,175.2964256479064,641.4010205483897,816.6974461962961,-0.3521976177015959,11.233270499248109,0.0288056812659274,2.5365568889578465,0.000376530675,33.72534462020336,0.1160262384989164,864.1926182047055,-0.2069891672617521
methanol,BG,BG,grid,BG_H_C_grid_E,India,1,2024,167.71603967394287,395.5537833503227,563.2698230242656,-0.2810527485656159,29.393763775113616,0.0731081856240144,2.2627002371650744,0.0004334694599999,5.7104748980090205,0.0196459051766533,600.6367619345533,-0.18786518830494833
methanol,BG,BG,grid,BG_H_C_grid_E,Indonesia,1,2024,152.5552677260158,364.1545853690301,516.7098530950459,-0.3284826613229359,14.675222299770391,0.0372023190844393,2.0309053535795303,0.00039551027,4.197174123187385,0.0144396545483093,537.6131548715833,-0.2764451774201873
methanol,BG,BG,grid,BG_H_C_grid_E,South Korea,1,2024,178.1390703881427,430.5286360335668,608.6677064217095,-0.5059623348664559,7.503288733588453,0.0197063946486234,2.3917530921301347,0.00025346943,9.500245533720006,0.0326839582073043,628.062993781148,-0.45331851258052824
methanol,BG,BG,grid,BG_H_C_grid_E,China,1,2024,173.40132915441552,373.8807037010582,547.2820328554737,-0.3942725403088959,78.31080589228577,0.1924412587218022,2.315337598509652,0.0003428572,8.004084356420046,0.027536673411696,635.9122607026893,-0.17395175097539772
methanol,BG,BG,grid,BG_H_C_grid_E,United Arab Emirates,1,2024,180.98171512837908,374.77541852297816,555.7571336513572,-0.529677291245116,10.915758228841952,0.0280311104142585,2.425112590302424,0.000234489835,12.367972595646318,0.0425498791573762,581.4659770661478,-0.4588618118384813
methanol,BG,BG,grid,BG_H_C_grid_E,United States,1,2024,189.509649349088,474.7107737739675,664.2204231230555,-0.528912292652256,77.51788024031099,0.1905069174228829,2.558864559819293,0.00023510208,28.546969303384355,0.09821093026968,772.8441372265702,-0.23995934287969314
methanol,BG,BG,grid,BG_H_C_grid_E,Turkey,1,2024,173.40132915441552,410.9304634019172,584.3317925563326,-0.463122413666296,10.146640984986664,0.026154849702053,2.3502355635096523,0.00028775515,20.122370978977905,0.0692275509905964,616.9510400838068,-0.36745225782364654
methanol,BG,BG,grid,BG_H_C_grid_E,Australia,1,2024,194.24739058281517,545.3168590842546,739.5642496670698,-0.4003925290517759,78.8034842059262,0.1936431469527896,2.673851488439774,0.00033795924,6.415478997478705,0.0220713503339662,827.4570643589145,-0.1843400725250201
methanol,BG,BG,grid,BG_H_C_grid_E,Malaysia,1,2024,165.820943180452,388.2867735114303,554.1077166918823,-0.3606126022230558,15.45206399926973,0.0390974235981119,2.238623836716881,0.0003697959799999,0.0,0.0,571.7984045278689,-0.32114538264494397
methanol,BG,BG,grid,BG_H_C_grid_E,Canada,1,2024,193.29984233606976,422.08420976045625,615.384052096526,-0.688796998559996,78.99871720537578,0.1941194176508137,2.5837520507156784,0.0001071428749999,26.728083276427434,0.0919533662227398,723.694604629045,-0.4026170718114426
methanol,BG,BG,grid,BG_H_C_grid_E,Mexico,1,2024,166.76849142719743,448.27925672552766,615.047748152725,-0.4210474910589959,47.45549617804119,0.1171697629358324,2.301784494440977,0.000321428625,34.96233083444379,0.120281876480666,699.767359659651,-0.18327442301749747
methanol,BG,BG,grid,BG_H_C_grid_E,Thailand,1,2024,168.66358792068831,387.60224240161415,556.2658303223025,-0.3988625318660561,11.669272719816664,0.0298693082271259,2.276269049889171,0.00033918373,2.9394227465052256,0.0101125776022714,573.1507948385135,-0.35854146230665873
methanol,BG,BG,grid,BG_H_C_grid_E,Russia,1,2024,179.08661863488817,353.5485192897055,532.6351379245937,-0.4791873841163559,144.64368452298004,0.3542602467845441,2.3881790448542315,0.000274898005,11.710768464281813,0.0402888815561095,691.3777699567098,-0.08436335777070234
methanol,BG,BG,grid,BG_H_C_grid_E,Saudi Arabia,1,2024,180.98171512837908,341.1238632852746,522.1055784136537,-0.4003925290517759,26.333902875522575,0.0656436581588147,2.3993983003024244,0.00033795924,13.729628827558608,0.0472344228587547,564.5685084170373,-0.28717648879420654
methanol,ATRCCS,DAC,grid,ATRCCS_H_DAC_C_grid_E,South Africa,1,2024,171.99539045238782,586.9862381991484,758.9816286515362,0.4126105990855384,24.53851842343582,0.0612638196651808,2.3634903994060386,0.0004340817049999,18.087125459571656,0.0622256393808624,803.9707629339497,0.5365341398365815
methanol,ATRCCS,DAC,grid,ATRCCS_H_DAC_C_grid_E,Taiwan,1,2024,169.2361061135794,941.5016139498904,1110.73772006347,0.2643065677969607,6.525622092765043,0.0173213779005709,2.3754370312337483,0.0003893878199999,6.187684866182444,0.0212876638659976,1125.8264640536513,0.3033049973835292
methanol,ATRCCS,DAC,grid,ATRCCS_H_DAC_C_grid_E,Switzerland,1,2024,203.26727962554924,2474.502735051208,2677.770014676757,-0.9525991135983558,11.96100749459355,0.0305809949051598,2.9013606570253185,2.2653065e-05,23.89291933624232,0.0821994730835609,2716.525302164618,-0.8397959925446351
methanol,ATRCCS,DAC,grid,ATRCCS_H_DAC_C_grid_E,Singapore,1,2024,170.1558675598489,2589.591637113855,2759.747504673704,-0.0140174361281787,1.0509671989197895,0.0039659630112667,2.4600262639578463,0.000305510255,0.0,0.0,2763.2584981365817,-0.009745962861911999
methanol,ATRCCS,DAC,grid,ATRCCS_H_DAC_C_grid_E,Hungary,1,2024,165.55706032850165,1250.579012781768,1416.1360731102695,-0.6559910510212004,18.611567505354483,0.0468050290976679,2.344427090337363,0.0001120408349999,23.265519221402705,0.0800410110669854,1460.357586927364,-0.5290329700215471
methanol,ATRCCS,DAC,grid,ATRCCS_H_DAC_C_grid_E,Philippines,1,2024,164.63729888223216,896.4723494255888,1061.109648307821,0.2175806401306964,10.107765430778445,0.0260600128282098,2.301470517613267,0.0003753061849999,4.77723291213275,0.0164352468883576,1078.2961171683457,0.2604512060322637
methanol,ATRCCS,DAC,grid,ATRCCS_H_DAC_C_grid_E,Netherlands,1,2024,188.55109648523796,1829.021795699636,2017.572892184874,-0.5137817059499613,5.11922627434319,0.0138904767720408,2.673239243439774,0.000154897985,30.748135543443095,0.1057836635366315,2056.1134932461,-0.393952667656289
methanol,ATRCCS,DAC,grid,ATRCCS_H_DAC_C_grid_E,Norway,1,2024,208.78584830316595,1397.3783463533314,1606.164194656497,-0.9647884860330336,21.57408582181769,0.0540320894331074,2.878079638369897,1.8979595e-05,32.62999337783025,0.1122578712392522,1663.246353494515,-0.7984795457656739
methanol,ATRCCS,DAC,grid,ATRCCS_H_DAC_C_grid_E,Oman,1,2024,175.67443623746564,631.9083865837192,807.5828228211849,0.0794344192043501,18.344062311311852,0.046152450456501,2.4808268853024247,0.000333673525,11.866993217987575,0.0408263459093141,840.2747052357868,0.1667468890951652
methanol,ATRCCS,DAC,grid,ATRCCS_H_DAC_C_grid_E,Italy,1,2024,176.59419768373508,2229.057507624897,2405.651705308632,-0.4426770334143419,11.7952928886772,0.030176734297296,2.651130418026521,0.00017632656,23.438450139177007,0.0806359500997951,2443.5365787545124,-0.3316880224572508
methanol,ATRCCS,DAC,grid,ATRCCS_H_DAC_C_grid_E,Austria,1,2024,191.31038082404632,1832.2083532244296,2023.518734048476,-0.818516016816902,9.69360858844435,0.0250496776443731,2.747006911612064,6.3061235e-05,23.438450139177007,0.0806359500997951,2059.3977996877093,-0.7127673278377339
methanol,ATRCCS,DAC,grid,ATRCCS_H_DAC_C_grid_E,Finland,1,2024,198.668472394202,1714.068481744482,1912.736954138684,-0.8814944410627364,18.67936439460148,0.0469704195380984,2.7447410684048363,4.408164e-05,34.80119959123365,0.1197275321955337,1968.962259192924,-0.7147524076891043
methanol,ATRCCS,DAC,grid,ATRCCS_H_DAC_C_grid_E,Portugal,1,2024,167.39658322104057,1548.2193302857704,1715.615913506811,-0.8002319581648856,9.118529180062064,0.0236467720289204,2.338503485785557,6.857144e-05,26.641404839611052,0.0916551639924579,1753.7143510122698,-0.6848614507035072
methanol,ATRCCS,DAC,grid,ATRCCS_H_DAC_C_grid_E,Germany,1,2024,189.47085793150745,1747.59380135213,1937.0646592836376,-0.3289095573573507,13.85107818025421,0.0351918203665945,2.718032551163871,0.00021061228,31.450904768439617,0.1082014199933082,1985.0846747834953,-0.18530570471744798
methanol,ATRCCS,DAC,grid,ATRCCS_H_DAC_C_grid_E,Greece,1,2024,169.23610611357947,1184.8274475779874,1354.063553691567,-0.3776670470960611,8.034570812196023,0.0210024567238846,2.4189064262337494,0.0001959184,20.836858989681684,0.0716856239107726,1385.3538899196785,-0.28478304806140387
methanol,ATRCCS,DAC,grid,ATRCCS_H_DAC_C_grid_E,France,1,2024,185.79181214642963,1751.950177893894,1937.7419900403236,-0.938378179091232,16.01757606052169,0.0404769896802436,2.609879740267486,2.693878e-05,30.04770400727699,0.1033739494956759,1986.4171498483895,-0.7945003011353124
methanol,ATRCCS,DAC,grid,ATRCCS_H_DAC_C_grid_E,Brazil,1,2024,169.2361061135794,1622.046308128448,1791.2824142420272,-0.818516016816902,68.96650800287952,0.1696458537908778,2.3503349862337486,6.3061235e-05,33.11981038844558,0.1139430022863768,1895.719067619586,-0.5348640995046474
methanol,ATRCCS,DAC,grid,ATRCCS_H_DAC_C_grid_E,United Kingdom,1,2024,195.9091880553936,1724.0879898843027,1919.9971779396965,-0.5991073129927047,12.915972819599244,0.0329106318170113,2.899953030232547,0.000129183695,29.838823491365517,0.1026553320633012,1965.651927280894,-0.4634121654173922
methanol,ATRCCS,DAC,grid,ATRCCS_H_DAC_C_grid_E,Spain,1,2024,171.07562900611833,1365.3145347450952,1536.3901637512135,-0.7311588477017124,21.385807864799265,0.0535727855538221,2.3805338366819417,8.938776999999999e-05,25.6956650825948,0.0884015092754728,1585.8521705352896,-0.5890951651024174
methanol,ATRCCS,DAC,grid,ATRCCS_H_DAC_C_grid_E,Sweden,1,2024,202.3475181792798,2228.068835113307,2430.416353292587,-0.9546306756708022,22.56440133074008,0.0564479630816619,2.759498200469972,2.204082e-05,32.381349438995656,0.1114024546001217,2488.1216022627923,-0.7867582171690186
methanol,ATRCCS,DAC,grid,ATRCCS_H_DAC_C_grid_E,Czech Republic,1,2024,167.39658322104057,1468.0804284091346,1635.4770116301752,-0.1867002122861116,20.192921188248224,0.0506627397536433,2.3880953307855566,0.00025346943,23.438450139177007,0.0806359500997951,1681.4964782883858,-0.055148053002673225
methanol,ATRCCS,DAC,grid,ATRCCS_H_DAC_C_grid_E,Japan,1,2024,198.668472394202,1500.2019458064008,1698.870418200603,-0.0485539913597652,9.224572746193816,0.023905465197621,2.793108423404836,0.0002951020899999,10.92443852443044,0.0375836488544879,1721.812537894632,0.013230224782343598
methanol,ATRCCS,DAC,grid,ATRCCS_H_DAC_C_grid_E,Belgium,1,2024,188.55109648523796,1354.2081050332094,1542.7592015184473,-0.7474113442812825,3.4214706685224665,0.0097488037467934,2.690994348439774,8.448981e-05,30.686449491618188,0.1055714433016215,1579.5581160270276,-0.6320066074228676
methanol,ATRCCS,DAC,grid,ATRCCS_H_DAC_C_grid_E,Poland,1,2024,170.1558675598489,1776.7841852288916,1946.9400527887408,0.2216437642755889,11.233270499248109,0.0288056812659274,2.5365568889578465,0.000376530675,33.72534462020336,0.1160262384989164,1994.43522479715,0.3668522147154327
methanol,ATRCCS,DAC,grid,ATRCCS_H_DAC_C_grid_E,India,1,2024,162.7977759896933,1107.4275526135689,1270.225328603262,0.410579037013092,29.393763775113616,0.0731081856240144,2.2627002371650744,0.0004334694599999,5.7104748980090205,0.0196459051766533,1307.5922675135498,0.5037665972737596
methanol,ATRCCS,DAC,grid,ATRCCS_H_DAC_C_grid_E,Indonesia,1,2024,148.08159284938202,1411.2865195438746,1559.3681123932568,0.2846221885214233,14.675222299770391,0.0372023190844393,2.0309053535795303,0.00039551027,4.197174123187385,0.0144396545483093,1580.271414169794,0.3366596724241719
methanol,ATRCCS,DAC,grid,ATRCCS_H_DAC_C_grid_E,South Korea,1,2024,172.91515189865726,1204.03497748489,1376.9501293835472,-0.1867002122861116,7.503288733588453,0.0197063946486234,2.3917530921301347,0.00025346943,9.500245533720006,0.0326839582073043,1396.345416742986,-0.13405639000018393
methanol,ATRCCS,DAC,grid,ATRCCS_H_DAC_C_grid_E,China,1,2024,168.31634466731,1067.170146999376,1235.486491666686,0.1099078502910441,78.31080589228577,0.1924412587218022,2.315337598509652,0.0003428572,8.004084356420046,0.027536673411696,1324.1167195139014,0.3302286396245423
methanol,ATRCCS,DAC,grid,ATRCCS_H_DAC_C_grid_E,United Arab Emirates,1,2024,175.67443623746564,526.4096344141436,702.0840706516093,-0.2496786365319459,10.915758228841952,0.0280311104142585,2.425112590302424,0.000234489835,12.367972595646318,0.0425498791573762,727.7929140663999,-0.1788631571253112
methanol,ATRCCS,DAC,grid,ATRCCS_H_DAC_C_grid_E,United States,1,2024,183.9522892538907,943.5384238632574,1127.490713117148,-0.2476470744594998,77.51788024031099,0.1905069174228829,2.558864559819293,0.00023510208,28.546969303384355,0.09821093026968,1236.1144272206627,0.0413058753130631
methanol,ATRCCS,DAC,grid,ATRCCS_H_DAC_C_grid_E,Turkey,1,2024,168.31634466731,861.5001090686259,1029.816453735936,-0.0729327362291203,10.146640984986664,0.026154849702053,2.3502355635096523,0.00028775515,20.122370978977905,0.0692275509905964,1062.43570126341,0.02273741961352909
methanol,ATRCCS,DAC,grid,ATRCCS_H_DAC_C_grid_E,Australia,1,2024,188.55109648523796,1164.3386113930535,1352.8897078782916,0.093655353711474,78.8034842059262,0.1936431469527896,2.673851488439774,0.00033795924,6.415478997478705,0.0220713503339662,1440.7825225701363,0.3097078102382298
methanol,ATRCCS,DAC,grid,ATRCCS_H_DAC_C_grid_E,Malaysia,1,2024,160.9582530971544,812.6075017015868,973.5657547987412,0.1992965814786799,15.45206399926973,0.0390974235981119,2.238623836716881,0.0003697959799999,0.0,0.0,991.2564426347278,0.2387638010567917
methanol,ATRCCS,DAC,grid,ATRCCS_H_DAC_C_grid_E,Canada,1,2024,187.63133503896853,732.5071187626945,920.138453801663,-0.6722435476007704,78.99871720537578,0.1941194176508137,2.5837520507156784,0.0001071428749999,26.728083276427434,0.0919533662227398,1028.4490063341818,-0.386063620852217
methanol,ATRCCS,DAC,grid,ATRCCS_H_DAC_C_grid_E,Mexico,1,2024,161.87801454342383,775.92382546606,937.8018400094838,0.0388031777554244,47.45549617804119,0.1171697629358324,2.301784494440977,0.000321428625,34.96233083444379,0.120281876480666,1022.5214515164098,0.2765762457969228
methanol,ATRCCS,DAC,grid,ATRCCS_H_DAC_C_grid_E,Thailand,1,2024,163.71753743596273,840.4292920545223,1004.1468294904852,0.0977184778563665,11.669272719816664,0.0298693082271259,2.276269049889171,0.00033918373,2.9394227465052256,0.0101125776022714,1021.0317940066963,0.13803954741576382
methanol,ATRCCS,DAC,grid,ATRCCS_H_DAC_C_grid_E,Russia,1,2024,173.83491334492675,564.9259107382604,738.7608240831871,-0.1155955397504922,144.64368452298004,0.3542602467845441,2.3881790448542315,0.000274898005,11.710768464281813,0.0402888815561095,897.5034561153033,0.2792284865951614
methanol,ATRCCS,DAC,grid,ATRCCS_H_DAC_C_grid_E,Saudi Arabia,1,2024,175.67443623746564,476.9387819521557,652.6132181896213,0.093655353711474,26.333902875522575,0.0656436581588147,2.3993983003024244,0.00033795924,13.729628827558608,0.0472344228587547,695.0761481930049,0.20687139396904342
methanol,BG,DAC,grid,BG_H_DAC_C_grid_E,South Africa,1,2024,177.1915221413973,691.2900336462056,868.4815557876029,0.1135689493795371,24.53851842343582,0.0612638196651808,2.3634903994060386,0.0004340817049999,18.087125459571656,0.0622256393808624,913.4706900700164,0.23749249013058019
methanol,BG,DAC,grid,BG_H_DAC_C_grid_E,Taiwan,1,2024,174.34887740116096,768.026922834791,942.375800235952,-0.0063461745006281,6.525622092765043,0.0173213779005709,2.3754370312337483,0.0003893878199999,6.187684866182444,0.0212876638659976,957.4645442261333,0.0326522550859403
methanol,BG,DAC,grid,BG_H_DAC_C_grid_E,Switzerland,1,2024,209.40816253074223,1002.481137825165,1211.8893003559072,-0.9903072594899294,11.96100749459355,0.0305809949051598,2.9013606570253185,2.2653065e-05,23.89291933624232,0.0821994730835609,1250.6445878437685,-0.8775041384362087
methanol,BG,DAC,grid,BG_H_DAC_C_grid_E,Singapore,1,2024,175.2964256479064,946.2502618024416,1121.546687450348,-0.2313923658921712,1.0509671989197895,0.0039659630112667,2.4600262639578463,0.000305510255,0.0,0.0,1125.0576809132256,-0.22712089262590449
methanol,BG,DAC,grid,BG_H_DAC_C_grid_E,Hungary,1,2024,170.5586844141792,799.5570431967071,970.1157276108864,-0.7504770117295989,18.611567505354483,0.0468050290976679,2.344427090337363,0.0001120408349999,23.265519221402705,0.0800410110669854,1014.337241427981,-0.6235189307299457
methanol,BG,DAC,grid,BG_H_DAC_C_grid_E,Philippines,1,2024,169.61113616743376,737.9788422076377,907.5899783750716,-0.0441276518875295,10.107765430778445,0.0260600128282098,2.301470517613267,0.0003753061849999,4.77723291213275,0.0164352468883576,924.776447235596,-0.0012570859859621988
methanol,BG,DAC,grid,BG_H_DAC_C_grid_E,Netherlands,1,2024,194.24739058281517,894.6478695851109,1088.8952601679262,-0.6354899066390295,5.11922627434319,0.0138904767720408,2.673239243439774,0.000154897985,30.748135543443095,0.1057836635366315,1127.4358612291524,-0.5156608683453572
methanol,BG,DAC,grid,BG_H_DAC_C_grid_E,Norway,1,2024,215.09345201121488,827.2243136370906,1042.3177656483056,-1.0001632970691212,21.57408582181769,0.0540320894331074,2.878079638369897,1.8979595e-05,32.62999337783025,0.1122578712392522,1099.3999244863235,-0.8338543568017616
methanol,BG,DAC,grid,BG_H_DAC_C_grid_E,Oman,1,2024,180.98171512837908,777.317330006538,958.299045134917,-0.1558294111183682,18.344062311311852,0.046152450456501,2.4808268853024247,0.000333673525,11.866993217987575,0.0408263459093141,990.9909275495189,-0.06851694122755311
methanol,BG,DAC,grid,BG_H_DAC_C_grid_E,Italy,1,2024,181.9292633751245,1066.9186003395653,1248.8478637146898,-0.577996354093745,11.7952928886772,0.030176734297296,2.651130418026521,0.00017632656,23.438450139177007,0.0806359500997951,1286.7327371605707,-0.46700734313665393
methanol,BG,DAC,grid,BG_H_DAC_C_grid_E,Austria,1,2024,197.09003532305152,946.8161844947164,1143.9062198177678,-0.8818908461188211,9.69360858844435,0.0250496776443731,2.747006911612064,6.3061235e-05,23.438450139177007,0.0806359500997951,1179.785285457001,-0.776142157139653
methanol,BG,DAC,grid,BG_H_DAC_C_grid_E,Finland,1,2024,204.67042129701508,823.1205038950435,1027.7909251920587,-0.9328137069446448,18.67936439460148,0.0469704195380984,2.7447410684048363,4.408164e-05,34.80119959123365,0.1197275321955337,1084.0162302462986,-0.7660716735710127
methanol,BG,DAC,grid,BG_H_DAC_C_grid_E,Portugal,1,2024,172.45378090767008,779.78712582622,952.24090673389,-0.8671067897500336,9.118529180062064,0.0236467720289204,2.338503485785557,6.857144e-05,26.641404839611052,0.0916551639924579,990.3393442393486,-0.7517362822886553
methanol,BG,DAC,grid,BG_H_DAC_C_grid_E,Germany,1,2024,195.1949388295606,946.3657113499976,1141.560650179558,-0.4860066700212894,13.85107818025421,0.0351918203665945,2.718032551163871,0.00021061228,31.450904768439617,0.1082014199933082,1189.5806656794157,-0.34240281738138667
methanol,BG,DAC,grid,BG_H_DAC_C_grid_E,Greece,1,2024,174.34887740116096,839.8107590988318,1014.1596364999928,-0.5254308203380559,8.034570812196023,0.0210024567238846,2.4189064262337494,0.0001959184,20.836858989681684,0.0716856239107726,1045.4499727281043,-0.4325468213033987
methanol,BG,DAC,grid,BG_H_DAC_C_grid_E,France,1,2024,191.40474584257888,865.9019970501746,1057.3067428927534,-0.9788085489808726,16.01757606052169,0.0404769896802436,2.609879740267486,2.693878e-05,30.04770400727699,0.1033739494956759,1105.9819027008193,-0.834930671024953
methanol,BG,DAC,grid,BG_H_DAC_C_grid_E,Brazil,1,2024,174.34887740116096,760.966912376055,935.315789777216,-0.8818908461188211,68.96650800287952,0.1696458537908778,2.3503349862337486,6.3061235e-05,33.11981038844558,0.1139430022863768,1039.752443154775,-0.5982389288065665
methanol,BG,DAC,grid,BG_H_DAC_C_grid_E,United Kingdom,1,2024,201.8277765567787,1031.0887656645182,1232.9165422212968,-0.7044821696933712,12.915972819599244,0.0329106318170113,2.899953030232547,0.000129183695,29.838823491365517,0.1026553320633012,1278.5712915624943,-0.5687870221180586
methanol,BG,DAC,grid,BG_H_DAC_C_grid_E,Spain,1,2024,176.24397389465182,787.3946843931723,963.638658287824,-0.8112559101346142,21.385807864799265,0.0535727855538221,2.3805338366819417,8.938776999999999e-05,25.6956650825948,0.0884015092754728,1013.1006650719,-0.6691922275353193
methanol,BG,DAC,grid,BG_H_DAC_C_grid_E,Sweden,1,2024,208.4606142839968,806.9309563300139,1015.3915706140108,-0.9919499324197948,22.56440133074008,0.0564479630816619,2.759498200469972,2.204082e-05,32.381349438995656,0.1114024546001217,1073.0968195842165,-0.8240774739180112
methanol,BG,DAC,grid,BG_H_DAC_C_grid_E,Czech Republic,1,2024,172.45378090767008,836.2197852876253,1008.6735661952954,-0.3710195649307199,20.192921188248224,0.0506627397536433,2.3880953307855566,0.00025346943,23.438450139177007,0.0806359500997951,1054.6930328535063,-0.23946740564728156
methanol,BG,DAC,grid,BG_H_DAC_C_grid_E,Japan,1,2024,204.67042129701508,847.8640473482493,1052.5344686452645,-0.2593178056998809,9.224572746193816,0.023905465197621,2.793108423404836,0.0002951020899999,10.92443852443044,0.0375836488544879,1075.4765883392936,-0.19753358955777212
methanol,BG,DAC,grid,BG_H_DAC_C_grid_E,Belgium,1,2024,194.24739058281517,920.9817074007404,1115.2290979835557,-0.8243972935735364,3.4214706685224665,0.0097488037467934,2.690994348439774,8.448981e-05,30.686449491618188,0.1055714433016215,1152.028012492136,-0.7089925567151215
methanol,BG,DAC,grid,BG_H_DAC_C_grid_E,Poland,1,2024,175.2964256479064,973.81844434839,1149.1148699962964,-0.040842306027799,11.233270499248109,0.0288056812659274,2.5365568889578465,0.000376530675,33.72534462020336,0.1160262384989164,1196.6100420047057,0.1043661444120448
methanol,BG,DAC,grid,BG_H_DAC_C_grid_E,India,1,2024,167.71603967394287,727.9712071503227,895.6872468242656,0.1119262764496716,29.393763775113616,0.0731081856240144,2.2627002371650744,0.0004334694599999,5.7104748980090205,0.0196459051766533,933.0541857345532,0.2051138367103392
methanol,BG,DAC,grid,BG_H_DAC_C_grid_E,Indonesia,1,2024,152.5552677260158,696.5720091690299,849.1272768950457,0.0100805547980245,14.675222299770391,0.0372023190844393,2.0309053535795303,0.00039551027,4.197174123187385,0.0144396545483093,870.0305786715832,0.06211803870077311
methanol,BG,DAC,grid,BG_H_DAC_C_grid_E,South Korea,1,2024,178.1390703881427,762.9460598335668,941.0851302217096,-0.3710195649307199,7.503288733588453,0.0197063946486234,2.3917530921301347,0.00025346943,9.500245533720006,0.0326839582073043,960.4804175811481,-0.31837574264479224
methanol,BG,DAC,grid,BG_H_DAC_C_grid_E,China,1,2024,173.40132915441552,706.2981275010583,879.6994566554738,-0.1311893171703891,78.31080589228577,0.1924412587218022,2.315337598509652,0.0003428572,8.004084356420046,0.027536673411696,968.3296845026894,0.08913147216310911
methanol,BG,DAC,grid,BG_H_DAC_C_grid_E,United Arab Emirates,1,2024,180.98171512837908,707.1928423229782,888.1745574513573,-0.4219424257565435,10.915758228841952,0.0280311104142585,2.425112590302424,0.000234489835,12.367972595646318,0.0425498791573762,913.8834008661479,-0.3511269463499088
methanol,BG,DAC,grid,BG_H_DAC_C_grid_E,United States,1,2024,189.509649349088,807.1281975739676,996.6378469230556,-0.4202997528266781,77.51788024031099,0.1905069174228829,2.558864559819293,0.00023510208,28.546969303384355,0.09821093026968,1105.2615610265702,-0.1313468030541152
methanol,BG,DAC,grid,BG_H_DAC_C_grid_E,Turkey,1,2024,173.40132915441552,743.3478872019172,916.7492163563328,-0.2790298808582643,10.146640984986664,0.026154849702053,2.3502355635096523,0.00028775515,20.122370978977905,0.0692275509905964,949.368463883807,-0.18335972501561487
methanol,BG,DAC,grid,BG_H_DAC_C_grid_E,Australia,1,2024,194.24739058281517,877.7342828842546,1071.98167346707,-0.1443307006093114,78.8034842059262,0.1936431469527896,2.673851488439774,0.00033795924,6.415478997478705,0.0220713503339662,1159.8744881589148,0.0717217559174444
methanol,BG,DAC,grid,BG_H_DAC_C_grid_E,Malaysia,1,2024,165.820943180452,720.7041973114303,886.5251404918823,-0.058911708256317,15.45206399926973,0.0390974235981119,2.238623836716881,0.0003697959799999,0.0,0.0,904.215828327869,-0.019444488678205203
methanol,BG,DAC,grid,BG_H_DAC_C_grid_E,Canada,1,2024,193.29984233606976,754.5016335604563,947.801475896526,-0.7636183951685211,78.99871720537578,0.1941194176508137,2.5837520507156784,0.0001071428749999,26.728083276427434,0.0919533662227398,1056.1120284290448,-0.4774384684199678
methanol,BG,DAC,grid,BG_H_DAC_C_grid_E,Mexico,1,2024,166.76849142719743,780.6966805255277,947.4651719527252,-0.188682869715674,47.45549617804119,0.1171697629358324,2.301784494440977,0.000321428625,34.96233083444379,0.120281876480666,1032.1847834596513,0.0490901983258244
methanol,BG,DAC,grid,BG_H_DAC_C_grid_E,Thailand,1,2024,168.66358792068831,720.0196662016142,888.6832541223025,-0.1410453547495808,11.669272719816664,0.0298693082271259,2.276269049889171,0.00033918373,2.9394227465052256,0.0101125776022714,905.5682186385136,-0.1007242851901835
methanol,BG,DAC,grid,BG_H_DAC_C_grid_E,Russia,1,2024,179.08661863488817,685.9659430897054,865.0525617245936,-0.3135260123854351,144.64368452298004,0.3542602467845441,2.3881790448542315,0.000274898005,11.710768464281813,0.0402888815561095,1023.7951937567098,0.0812980139602185
methanol,BG,DAC,grid,BG_H_DAC_C_grid_E,Saudi Arabia,1,2024,180.98171512837908,673.5412870852746,854.5230022136536,-0.1443307006093114,26.333902875522575,0.0656436581588147,2.3993983003024244,0.00033795924,13.729628827558608,0.0472344228587547,896.9859322170372,-0.031114660351742006
methanol,LTE,DAC,grid,LTE_H_DAC_C_grid_E,South Africa,1,2024,204.03355600716057,1347.364046699742,1551.3976027069025,7.133558335728093,24.53851842343582,0.0612638196651808,2.3634903994060386,0.0004340817049999,18.087125459571656,0.0622256393808624,1596.386736989316,7.257481876479136
methanol,LTE,DAC,grid,LTE_H_DAC_C_grid_E,Taiwan,1,2024,200.7602904027676,2229.567308155105,2430.3275985578725,6.266600491206475,6.525622092765043,0.0173213779005709,2.3754370312337483,0.0003893878199999,6.187684866182444,0.0212876638659976,2445.4163425480533,6.305598920793044
methanol,LTE,DAC,grid,LTE_H_DAC_C_grid_E,Switzerland,1,2024,241.13056619028063,3557.357301125515,3798.487867315795,-0.8472042878133865,11.96100749459355,0.0305809949051598,2.9013606570253185,2.2653065e-05,23.89291933624232,0.0821994730835609,3837.243154803656,-0.7344011667596658
methanol,LTE,DAC,grid,LTE_H_DAC_C_grid_E,Singapore,1,2024,201.85137893756524,3555.930715437149,3757.7820943747142,4.639570015871381,1.0509671989197895,0.0039659630112667,2.4600262639578463,0.000305510255,0.0,0.0,3761.293087837592,4.643841489137647
methanol,LTE,DAC,grid,LTE_H_DAC_C_grid_E,Hungary,1,2024,196.395936263577,2559.482717894804,2755.878654158381,0.8867114012298516,18.611567505354483,0.0468050290976679,2.344427090337363,0.0001120408349999,23.265519221402705,0.0800410110669854,2800.1001679754754,1.013669482229505
methanol,LTE,DAC,grid,LTE_H_DAC_C_grid_E,Philippines,1,2024,195.30484772877935,1998.5137937585907,2193.81864148737,5.993449389507882,10.107765430778445,0.0260600128282098,2.301470517613267,0.0003753061849999,4.77723291213275,0.0164352468883576,2211.005110347894,6.036319955409449
methanol,LTE,DAC,grid,LTE_H_DAC_C_grid_E,Netherlands,1,2024,223.67314963351825,2966.78244783991,3190.4555974734285,1.7180408411820896,5.11922627434319,0.0138904767720408,2.673239243439774,0.000154897985,30.748135543443095,0.1057836635366315,3228.996198534654,1.8378698794757617
methanol,LTE,DAC,grid,LTE_H_DAC_C_grid_E,Norway,1,2024,247.67709739906655,1792.404619051729,2040.0817164507955,-0.9184610969521498,21.57408582181769,0.0540320894331074,2.878079638369897,1.8979595e-05,32.62999337783025,0.1122578712392522,2097.163875288813,-0.7521521566847902
methanol,LTE,DAC,grid,LTE_H_DAC_C_grid_E,Oman,1,2024,208.39791014635117,2572.4311965402253,2780.8291066865763,5.185872219268566,18.344062311311852,0.046152450456501,2.4808268853024247,0.000333673525,11.866993217987575,0.0408263459093141,2813.5209891011787,5.27318468915938
methanol,LTE,DAC,grid,LTE_H_DAC_C_grid_E,Italy,1,2024,209.4889986811488,5445.246535184955,5654.735533866104,2.133705561158208,11.7952928886772,0.030176734297296,2.651130418026521,0.00017632656,23.438450139177007,0.0806359500997951,5692.620407311984,2.244694572115299
methanol,LTE,DAC,grid,LTE_H_DAC_C_grid_E,Austria,1,2024,226.9464152379112,3633.380551610686,3860.3269668485977,-0.0633793872869913,9.69360858844435,0.0250496776443731,2.747006911612064,6.3061235e-05,23.438450139177007,0.0806359500997951,3896.206032487831,0.042369301692176904
methanol,LTE,DAC,grid,LTE_H_DAC_C_grid_E,Finland,1,2024,235.6751235162924,1820.1626680718707,2055.837791588163,-0.4315395678372679,18.67936439460148,0.0469704195380984,2.7447410684048363,4.408164e-05,34.80119959123365,0.1197275321955337,2112.0630966424033,-0.26479753446363574
methanol,LTE,DAC,grid,LTE_H_DAC_C_grid_E,Portugal,1,2024,198.5781133331723,2015.5504243449332,2214.1285376781057,0.0435058264211536,9.118529180062064,0.0236467720289204,2.338503485785557,6.857144e-05,26.641404839611052,0.0916551639924579,2252.2269751835643,0.15887633388253192
methanol,LTE,DAC,grid,LTE_H_DAC_C_grid_E,Germany,1,2024,224.7642381683159,3564.9371106044805,3789.701348772796,2.798769113119998,13.85107818025421,0.0351918203665945,2.718032551163871,0.00021061228,31.450904768439617,0.1082014199933082,3837.721364272654,2.9423729657599007
methanol,LTE,DAC,grid,LTE_H_DAC_C_grid_E,Greece,1,2024,200.7602904027676,3021.444438990119,3222.2047293928867,2.513741876564945,8.034570812196023,0.0210024567238846,2.4189064262337494,0.0001959184,20.836858989681684,0.0716856239107726,3253.495065620998,2.606625875599603
methanol,LTE,DAC,grid,LTE_H_DAC_C_grid_E,France,1,2024,220.3998840291253,2497.5761820150906,2717.9760660442157,-0.7640713438181629,16.01757606052169,0.0404769896802436,2.609879740267486,2.693878e-05,30.04770400727699,0.1033739494956759,2766.6512258522816,-0.6201934658622433
methanol,LTE,DAC,grid,LTE_H_DAC_C_grid_E,Brazil,1,2024,200.7602904027676,1777.4260730717644,1978.186363474532,-0.0633793872869913,68.96650800287952,0.1696458537908778,2.3503349862337486,6.3061235e-05,33.11981038844558,0.1139430022863768,2082.623016852091,0.22027253002526329
methanol,LTE,DAC,grid,LTE_H_DAC_C_grid_E,United Kingdom,1,2024,232.40185791189944,5257.041842825078,5489.443700736977,1.2192431772107466,12.915972819599244,0.0329106318170113,2.899953030232547,0.000129183695,29.838823491365517,0.1026553320633012,5535.098450078174,1.3549383247860591
methanol,LTE,DAC,grid,LTE_H_DAC_C_grid_E,Spain,1,2024,202.9424674723629,1903.3224680826283,2106.264935554991,0.4472944115408117,21.385807864799265,0.0535727855538221,2.3805338366819417,8.938776999999999e-05,25.6956650825948,0.0884015092754728,2155.7269423390667,0.5893580941401066
methanol,LTE,DAC,grid,LTE_H_DAC_C_grid_E,Sweden,1,2024,240.03947765548304,1202.9709224911533,1443.0104001466364,-0.8590804226698471,22.56440133074008,0.0564479630816619,2.759498200469972,2.204082e-05,32.381349438995656,0.1114024546001217,1500.715649116842,-0.6912079641680635
methanol,LTE,DAC,grid,LTE_H_DAC_C_grid_E,Czech Republic,1,2024,198.5781133331723,2909.4659625016434,3108.044075834816,3.6300985530722354,20.192921188248224,0.0506627397536433,2.3880953307855566,0.00025346943,23.438450139177007,0.0806359500997951,3154.063542493027,3.761650712355674
methanol,LTE,DAC,grid,LTE_H_DAC_C_grid_E,Japan,1,2024,235.6751235162924,2665.0375872718264,2900.712710788119,4.4376757233115525,9.224572746193816,0.023905465197621,2.793108423404836,0.0002951020899999,10.92443852443044,0.0375836488544879,2923.6548304821476,4.499459939453661
methanol,LTE,DAC,grid,LTE_H_DAC_C_grid_E,Belgium,1,2024,223.67314963351825,3305.1039968623436,3528.777146495862,0.3522853326891277,3.4214706685224665,0.0097488037467934,2.690994348439774,8.448981e-05,30.686449491618188,0.1055714433016215,3565.576061004442,0.46769006954754255
methanol,LTE,DAC,grid,LTE_H_DAC_C_grid_E,Poland,1,2024,201.85137893756524,4904.293751427055,5106.145130364621,6.017201659220802,11.233270499248109,0.0288056812659274,2.5365568889578465,0.000376530675,33.72534462020336,0.1160262384989164,5153.640302373029,6.162410109660646
methanol,LTE,DAC,grid,LTE_H_DAC_C_grid_E,India,1,2024,193.122670659184,1743.674875052006,1936.79754571119,7.121682200871631,29.393763775113616,0.0731081856240144,2.2627002371650744,0.0004334694599999,5.7104748980090205,0.0196459051766533,1974.1644846214779,7.214869761132299
methanol,LTE,DAC,grid,LTE_H_DAC_C_grid_E,Indonesia,1,2024,175.6652541024216,1125.8241421126568,1301.4893962150784,6.38536183977108,14.675222299770391,0.0372023190844393,2.0309053535795303,0.00039551027,4.197174123187385,0.0144396545483093,1322.3926979916157,6.437399323673828
methanol,LTE,DAC,grid,LTE_H_DAC_C_grid_E,South Korea,1,2024,205.1246445419582,1656.1410957235842,1861.2657402655425,3.6300985530722354,7.503288733588453,0.0197063946486234,2.3917530921301347,0.00025346943,9.500245533720006,0.0326839582073043,1880.6610276249812,3.682742375358163
methanol,LTE,DAC,grid,LTE_H_DAC_C_grid_E,China,1,2024,199.66920186796995,1363.4590473040173,1563.1282491719871,5.3640142421154735,78.31080589228577,0.1924412587218022,2.315337598509652,0.0003428572,8.004084356420046,0.027536673411696,1651.7584770192025,5.584335031448971
methanol,LTE,DAC,grid,LTE_H_DAC_C_grid_E,United Arab Emirates,1,2024,208.39791014635117,1570.3384072239196,1778.7363173702709,3.2619383725219584,10.915758228841952,0.0280311104142585,2.425112590302424,0.000234489835,12.367972595646318,0.0425498791573762,1804.4451607850615,3.3327538519285933
methanol,LTE,DAC,grid,LTE_H_DAC_C_grid_E,United States,1,2024,218.21770695953,2026.528779037586,2244.746485997116,3.273814507378419,77.51788024031099,0.1905069174228829,2.558864559819293,0.00023510208,28.546969303384355,0.09821093026968,2353.3702001006304,3.562767457150982
methanol,LTE,DAC,grid,LTE_H_DAC_C_grid_E,Turkey,1,2024,199.66920186796995,1993.553973671486,2193.223175539456,4.295162105034025,10.146640984986664,0.026154849702053,2.3502355635096523,0.00028775515,20.122370978977905,0.0692275509905964,2225.84242306693,4.390832260876674
methanol,LTE,DAC,grid,LTE_H_DAC_C_grid_E,Australia,1,2024,223.67314963351825,2984.5350162092063,3208.2081658427246,5.26900516326379,78.8034842059262,0.1936431469527896,2.673851488439774,0.00033795924,6.415478997478705,0.0220713503339662,3296.100980534569,5.485057619790545
methanol,LTE,DAC,grid,LTE_H_DAC_C_grid_E,Malaysia,1,2024,190.94049358958875,1757.154492022222,1948.094985611811,5.886564175799737,15.45206399926973,0.0390974235981119,2.238623836716881,0.0003697959799999,0.0,0.0,1965.7856734477975,5.92603139537785
methanol,LTE,DAC,grid,LTE_H_DAC_C_grid_E,Canada,1,2024,222.58206109872057,1573.507571602316,1796.0896327010364,0.7917023223781672,78.99871720537578,0.1941194176508137,2.5837520507156784,0.0001071428749999,26.728083276427434,0.0919533662227398,1904.4001852335552,1.0778822491267206
methanol,LTE,DAC,grid,LTE_H_DAC_C_grid_E,Mexico,1,2024,192.0315821243864,2671.902491658306,2863.9340737826924,4.948349522139354,47.45549617804119,0.1171697629358324,2.301784494440977,0.000321428625,34.96233083444379,0.120281876480666,2948.653685289619,5.186122590180853
methanol,LTE,DAC,grid,LTE_H_DAC_C_grid_E,Thailand,1,2024,194.2137591939817,1766.6354394685266,1960.8491986625083,5.29275743297671,11.669272719816664,0.0298693082271259,2.276269049889171,0.00033918373,2.9394227465052256,0.0101125776022714,1977.7341631787194,5.333078502536108
methanol,LTE,DAC,grid,LTE_H_DAC_C_grid_E,Russia,1,2024,206.21573307675584,1341.664311432181,1547.8800445089369,4.045763273048354,144.64368452298004,0.3542602467845441,2.3881790448542315,0.000274898005,11.710768464281813,0.0402888815561095,1706.622676541053,4.440587299394007
methanol,LTE,DAC,grid,LTE_H_DAC_C_grid_E,Saudi Arabia,1,2024,208.39791014635117,1107.1890761589057,1315.586986305257,5.26900516326379,26.333902875522575,0.0656436581588147,2.3993983003024244,0.00033795924,13.729628827558608,0.0472344228587547,1358.0499163086406,5.38222120352136
methanol,SMR,DAC,grid,SMR_H_DAC_C_grid_E,South Africa,1,2024,133.69110276099715,534.94474461606,668.6358473770572,1.975085706949473,24.53851842343582,0.0612638196651808,2.3634903994060386,0.0004340817049999,18.087125459571656,0.0622256393808624,713.6249816594707,2.099009247700516
methanol,SMR,DAC,grid,SMR_H_DAC_C_grid_E,Taiwan,1,2024,131.54632571135548,826.7840243711073,958.3303500824628,1.8601568744237091,6.525622092765043,0.0173213779005709,2.3754370312337483,0.0003893878199999,6.187684866182444,0.0212876638659976,973.419094072644,1.8991553040102775
methanol,SMR,DAC,grid,SMR_H_DAC_C_grid_E,Switzerland,1,2024,157.99857599026936,2192.7030989682175,2350.701674958487,0.9171107006849072,11.96100749459355,0.0305809949051598,2.9013606570253185,2.2653065e-05,23.89291933624232,0.0821994730835609,2389.456962446348,1.0299138217386279
methanol,SMR,DAC,grid,SMR_H_DAC_C_grid_E,Singapore,1,2024,132.26125139456937,2288.342636537636,2420.603887932205,1.644468517491796,1.0509671989197895,0.0039659630112667,2.4600262639578463,0.000305510255,0.0,0.0,2424.1148813950826,1.6487399907580627
methanol,SMR,DAC,grid,SMR_H_DAC_C_grid_E,Hungary,1,2024,128.68662297849994,1098.6941513130903,1227.38077429159,1.146968365736435,18.611567505354483,0.0468050290976679,2.344427090337363,0.0001120408349999,23.265519221402705,0.0800410110669854,1271.6022881086844,1.273926446736088
methanol,SMR,DAC,grid,SMR_H_DAC_C_grid_E,Philippines,1,2024,127.97169729528603,792.5571034049846,920.5288007002706,1.8239464203402491,10.107765430778445,0.0260600128282098,2.301470517613267,0.0003753061849999,4.77723291213275,0.0164352468883576,937.715269560795,1.8668169862418162
methanol,SMR,DAC,grid,SMR_H_DAC_C_grid_E,Netherlands,1,2024,146.55976505884712,1619.2860159313473,1765.8457809901945,1.2571740955556605,5.11922627434319,0.0138904767720408,2.673239243439774,0.000154897985,30.748135543443095,0.1057836635366315,1804.3863820514207,1.3770031338493327
methanol,SMR,DAC,grid,SMR_H_DAC_C_grid_E,Norway,1,2024,162.2881300895527,1268.5909287888076,1430.8790588783602,0.9076644952718304,21.57408582181769,0.0540320894331074,2.878079638369897,1.8979595e-05,32.62999337783025,0.1122578712392522,1487.961217716378,1.07397343553919
methanol,SMR,DAC,grid,SMR_H_DAC_C_grid_E,Oman,1,2024,136.55080549385272,537.7051438735606,674.2559493674133,1.7168894256587155,18.344062311311852,0.046152450456501,2.4808268853024247,0.000333673525,11.866993217987575,0.0408263459093141,706.9478317820152,1.8042018955495305
methanol,SMR,DAC,grid,SMR_H_DAC_C_grid_E,Italy,1,2024,137.26573117706658,1900.652661540836,2037.9183927179024,1.312276960465273,11.7952928886772,0.030176734297296,2.651130418026521,0.00017632656,23.438450139177007,0.0806359500997951,2075.803266163783,1.4232659714223643
methanol,SMR,DAC,grid,SMR_H_DAC_C_grid_E,Austria,1,2024,148.70454210848882,1600.976360112286,1749.680902220775,1.021018960228748,9.69360858844435,0.0250496776443731,2.747006911612064,6.3061235e-05,23.438450139177007,0.0806359500997951,1785.5599678600083,1.1267676492079164
methanol,SMR,DAC,grid,SMR_H_DAC_C_grid_E,Finland,1,2024,154.42394757419993,1553.2996199417505,1707.7235675159504,0.9722135655945198,18.67936439460148,0.0469704195380984,2.7447410684048363,4.408164e-05,34.80119959123365,0.1197275321955337,1763.9488725701904,1.138955598968152
methanol,SMR,DAC,grid,SMR_H_DAC_C_grid_E,Portugal,1,2024,130.1164743449277,1389.0552631449723,1519.1717374899,1.0351882683483626,9.118529180062064,0.0236467720289204,2.338503485785557,6.857144e-05,26.641404839611052,0.0916551639924579,1557.2701749953587,1.1505587758097409
methanol,SMR,DAC,grid,SMR_H_DAC_C_grid_E,Germany,1,2024,147.27469074206104,1529.5631219880645,1676.8378127301253,1.4004415443206537,13.85107818025421,0.0351918203665945,2.718032551163871,0.00021061228,31.450904768439617,0.1082014199933082,1724.857828229983,1.5440453969605563
methanol,SMR,DAC,grid,SMR_H_DAC_C_grid_E,Greece,1,2024,131.5463257113555,1025.5037433577943,1157.0500690691497,1.3626567226683477,8.034570812196023,0.0210024567238846,2.4189064262337494,0.0001959184,20.836858989681684,0.0716856239107726,1188.3404052972612,1.455540721703005
methanol,SMR,DAC,grid,SMR_H_DAC_C_grid_E,France,1,2024,144.4149880092055,1564.2230032175107,1708.6379912267162,0.9281312736668298,16.01757606052169,0.0404769896802436,2.609879740267486,2.693878e-05,30.04770400727699,0.1033739494956759,1757.313151034782,1.0720091516227492
methanol,SMR,DAC,grid,SMR_H_DAC_C_grid_E,Brazil,1,2024,131.54632571135548,1460.9326574319475,1592.478983143303,1.021018960228748,68.96650800287952,0.1696458537908778,2.3503349862337486,6.3061235e-05,33.11981038844558,0.1139430022863768,1696.9156365208617,1.3046708775410027
methanol,SMR,DAC,grid,SMR_H_DAC_C_grid_E,United Kingdom,1,2024,152.27917052455825,1449.5956340372131,1601.8748045617713,1.1910506576641249,12.915972819599244,0.0329106318170113,2.899953030232547,0.000129183695,29.838823491365517,0.1026553320633012,1647.5295539029687,1.3267458052394374
methanol,SMR,DAC,grid,SMR_H_DAC_C_grid_E,Spain,1,2024,132.97617707778326,1229.288170664049,1362.264347741832,1.0887167656891297,21.385807864799265,0.0535727855538221,2.3805338366819417,8.938776999999999e-05,25.6956650825948,0.0884015092754728,1411.726354525908,1.2307804482884246
methanol,SMR,DAC,grid,SMR_H_DAC_C_grid_E,Sweden,1,2024,157.2836503070555,2040.937840651036,2198.2214909580916,0.915536333116061,22.56440133074008,0.0564479630816619,2.759498200469972,2.204082e-05,32.381349438995656,0.1114024546001217,2255.926739928297,1.0834087916178445
methanol,SMR,DAC,grid,SMR_H_DAC_C_grid_E,Czech Republic,1,2024,130.1164743449277,1290.3081602607872,1420.4246346057148,1.5106472741398789,20.192921188248224,0.0506627397536433,2.3880953307855566,0.00025346943,23.438450139177007,0.0806359500997951,1466.4441012639254,1.6421994334233172
methanol,SMR,DAC,grid,SMR_H_DAC_C_grid_E,Japan,1,2024,154.42394757419993,1324.913266591911,1479.337214166111,1.6177042688214127,9.224572746193816,0.023905465197621,2.793108423404836,0.0002951020899999,10.92443852443044,0.0375836488544879,1502.27933386014,1.6794884849635214
methanol,SMR,DAC,grid,SMR_H_DAC_C_grid_E,Belgium,1,2024,146.55976505884712,1179.4196452794492,1325.9794103382965,1.0761218251383609,3.4214706685224665,0.0097488037467934,2.690994348439774,8.448981e-05,30.686449491618188,0.1055714433016215,1362.7783248468768,1.1915265619967759
methanol,SMR,DAC,grid,SMR_H_DAC_C_grid_E,Poland,1,2024,132.26125139456937,1503.5084200773706,1635.76967147194,1.8270951554779415,11.233270499248109,0.0288056812659274,2.5365568889578465,0.000376530675,33.72534462020336,0.1160262384989164,1683.2648434803493,1.9723036059177854
methanol,SMR,DAC,grid,SMR_H_DAC_C_grid_E,India,1,2024,126.54184592885824,991.4604145183796,1118.0022604472376,1.973511339380627,29.393763775113616,0.0731081856240144,2.2627002371650744,0.0004334694599999,5.7104748980090205,0.0196459051766533,1155.3691993575255,2.0666988996412945
methanol,SMR,DAC,grid,SMR_H_DAC_C_grid_E,Indonesia,1,2024,115.10303499743604,1287.7328672039346,1402.8359022013706,1.8759005501121704,14.675222299770391,0.0372023190844393,2.0309053535795303,0.00039551027,4.197174123187385,0.0144396545483093,1423.739203977908,1.9279380340149188
methanol,SMR,DAC,grid,SMR_H_DAC_C_grid_E,South Korea,1,2024,134.40602844421105,1086.6653628566812,1221.0713913008922,1.5106472741398789,7.503288733588453,0.0197063946486234,2.3917530921301347,0.00025346943,9.500245533720006,0.0326839582073043,1240.466678660331,1.5632910964258064
methanol,SMR,DAC,grid,SMR_H_DAC_C_grid_E,China,1,2024,130.8314000281416,967.938619051924,1098.7700190800656,1.740504939191407,78.31080589228577,0.1924412587218022,2.315337598509652,0.0003428572,8.004084356420046,0.027536673411696,1187.400246927281,1.960825728524905
methanol,SMR,DAC,grid,SMR_H_DAC_C_grid_E,United Arab Emirates,1,2024,136.55080549385272,472.8849862161688,609.4357917100216,1.4618418795056507,10.915758228841952,0.0280311104142585,2.425112590302424,0.000234489835,12.367972595646318,0.0425498791573762,635.1446351248122,1.5326573589122854
methanol,SMR,DAC,grid,SMR_H_DAC_C_grid_E,United States,1,2024,142.98513664277772,844.6302275533353,987.615364196113,1.4634162470744967,77.51788024031099,0.1905069174228829,2.558864559819293,0.00023510208,28.546969303384355,0.09821093026968,1096.2390782996276,1.7523691968470596
methanol,SMR,DAC,grid,SMR_H_DAC_C_grid_E,Turkey,1,2024,130.8314000281416,761.427823959732,892.2592239878736,1.59881185799526,10.146640984986664,0.026154849702053,2.3502355635096523,0.00028775515,20.122370978977905,0.0692275509905964,924.8784715153478,1.6944820138379093
methanol,SMR,DAC,grid,SMR_H_DAC_C_grid_E,Australia,1,2024,146.55976505884712,1016.1978290003722,1162.7575940592192,1.7279099986406383,78.8034842059262,0.1936431469527896,2.673851488439774,0.00033795924,6.415478997478705,0.0220713503339662,1250.6504087510639,1.943962455167394
methanol,SMR,DAC,grid,SMR_H_DAC_C_grid_E,Malaysia,1,2024,125.1119945624305,723.3944074263545,848.506401988785,1.8097771122206348,15.45206399926973,0.0390974235981119,2.238623836716881,0.0003697959799999,0.0,0.0,866.1970898247716,1.8492443317987466
methanol,SMR,DAC,grid,SMR_H_DAC_C_grid_E,Canada,1,2024,145.84483937563326,665.666019651565,811.5108590271982,1.134373425185666,78.99871720537578,0.1941194176508137,2.5837520507156784,0.0001071428749999,26.728083276427434,0.0919533662227398,919.8214115597171,1.4205533519342195
methanol,SMR,DAC,grid,SMR_H_DAC_C_grid_E,Mexico,1,2024,125.82692024564436,661.6636737956472,787.4905940412916,1.6854020742817943,47.45549617804119,0.1171697629358324,2.301784494440977,0.000321428625,34.96233083444379,0.120281876480666,872.2102055482176,1.9231751423232926
methanol,SMR,DAC,grid,SMR_H_DAC_C_grid_E,Thailand,1,2024,127.25677161207216,748.6247009176785,875.8814725297507,1.731058733778331,11.669272719816664,0.0298693082271259,2.276269049889171,0.00033918373,2.9394227465052256,0.0101125776022714,892.7664370459618,1.7713798033377284
methanol,SMR,DAC,grid,SMR_H_DAC_C_grid_E,Russia,1,2024,135.12095412742494,512.2619226332697,647.3828767606947,1.565750139049492,144.64368452298004,0.3542602467845441,2.3881790448542315,0.000274898005,11.710768464281813,0.0402888815561095,806.1255087928108,1.9605741653951456
methanol,SMR,DAC,grid,SMR_H_DAC_C_grid_E,Saudi Arabia,1,2024,136.55080549385272,442.61630631745743,579.1671118113102,1.7279099986406383,26.333902875522575,0.0656436581588147,2.3993983003024244,0.00033795924,13.729628827558608,0.0472344228587547,621.6300418146938,1.8411260388982076
methanol,SMRCCS,DAC,grid,SMRCCS_H_DAC_C_grid_E,South Africa,1,2024,189.57875801038116,600.2132426320552,789.7920006424364,0.4090945492905118,24.53851842343582,0.0612638196651808,2.3634903994060386,0.0004340817049999,18.087125459571656,0.0622256393808624,834.7811349248499,0.533018090041555
methanol,SMRCCS,DAC,grid,SMRCCS_H_DAC_C_grid_E,Taiwan,1,2024,186.53738756101671,980.3983963425956,1166.9357839036122,0.2733987454447664,6.525622092765043,0.0173213779005709,2.3754370312337483,0.0003893878199999,6.187684866182444,0.0212876638659976,1182.0245278937934,0.31239717503133485
methanol,SMRCCS,DAC,grid,SMRCCS_H_DAC_C_grid_E,Switzerland,1,2024,224.04762310317773,2730.3082205498936,2954.355843653071,-0.8400503847415564,11.96100749459355,0.0305809949051598,2.9013606570253185,2.2653065e-05,23.89291933624232,0.0821994730835609,2993.1111311409322,-0.7272472636878357
methanol,SMRCCS,DAC,grid,SMRCCS_H_DAC_C_grid_E,Singapore,1,2024,187.5511777108049,2864.554087270964,3052.105264981769,0.0187367574054905,1.0509671989197895,0.0039659630112667,2.4600262639578463,0.000305510255,0.0,0.0,3055.6162584446465,0.023008230671757196
methanol,SMRCCS,DAC,grid,SMRCCS_H_DAC_C_grid_E,Hungary,1,2024,182.48222696186423,1333.2922672516293,1515.7744942134934,-0.5686587770500655,18.611567505354483,0.0468050290976679,2.344427090337363,0.0001120408349999,23.265519221402705,0.0800410110669854,1559.996008030588,-0.44170069605041223
methanol,SMRCCS,DAC,grid,SMRCCS_H_DAC_C_grid_E,Philippines,1,2024,181.46843681207605,937.4339639770898,1118.9024007891658,0.2306452730002163,10.107765430778445,0.0260600128282098,2.301470517613267,0.0003753061849999,4.77723291213275,0.0164352468883576,1136.0888696496904,0.27351583890178366
methanol,SMRCCS,DAC,grid,SMRCCS_H_DAC_C_grid_E,Netherlands,1,2024,207.82698070656755,1997.2818808652885,2205.108861571856,-0.4385395130883917,5.11922627434319,0.0138904767720408,2.673239243439774,0.000154897985,30.748135543443095,0.1057836635366315,2243.6494626330814,-0.31871047479471937
methanol,SMRCCS,DAC,grid,SMRCCS_H_DAC_C_grid_E,Norway,1,2024,230.1303640019065,1532.598508183136,1762.7288721850423,-0.8512034645097,21.57408582181769,0.0540320894331074,2.878079638369897,1.8979595e-05,32.62999337783025,0.1122578712392522,1819.8110310230602,-0.6848945242423403
methanol,SMRCCS,DAC,grid,SMRCCS_H_DAC_C_grid_E,Oman,1,2024,193.63391860953368,612.7063407181045,806.3402593276381,0.1042437022945905,18.344062311311852,0.046152450456501,2.4808268853024247,0.000333673525,11.866993217987575,0.0408263459093141,839.03214174224,0.1915561721854056
methanol,SMRCCS,DAC,grid,SMRCCS_H_DAC_C_grid_E,Italy,1,2024,194.6477087593218,2378.5914960707323,2573.239204830054,-0.3734798811075547,11.7952928886772,0.030176734297296,2.651130418026521,0.00017632656,23.438450139177007,0.0806359500997951,2611.1240782759346,-0.2624908701504636
methanol,SMRCCS,DAC,grid,SMRCCS_H_DAC_C_grid_E,Austria,1,2024,210.868351155932,1977.0498686464327,2187.9182198023645,-0.7173665072919783,9.69360858844435,0.0250496776443731,2.747006911612064,6.3061235e-05,23.438450139177007,0.0806359500997951,2223.797285441598,-0.6116178183128101
methanol,SMRCCS,DAC,grid,SMRCCS_H_DAC_C_grid_E,Finland,1,2024,218.97867235423703,1902.3023844298684,2121.2810567841057,-0.7749907527607196,18.67936439460148,0.0469704195380984,2.7447410684048363,4.408164e-05,34.80119959123365,0.1197275321955337,2177.506361838346,-0.6082487193870875
methanol,SMRCCS,DAC,grid,SMRCCS_H_DAC_C_grid_E,Portugal,1,2024,184.50980726144044,1701.93353667438,1886.4433439358208,-0.7006368876397631,9.118529180062064,0.0236467720289204,2.338503485785557,6.857144e-05,26.641404839611052,0.0916551639924579,1924.5417814412797,-0.5852663801783847
methanol,SMRCCS,DAC,grid,SMRCCS_H_DAC_C_grid_E,Germany,1,2024,208.8407708563557,1883.7972700287544,2092.63804088511,-0.2693844699382158,13.85107818025421,0.0351918203665945,2.718032551163871,0.00021061228,31.450904768439617,0.1082014199933082,2140.658056384968,-0.12578061729831308
methanol,SMRCCS,DAC,grid,SMRCCS_H_DAC_C_grid_E,Greece,1,2024,186.53738756101671,1240.271315749837,1426.8087033108536,-0.3139967890107896,8.034570812196023,0.0210024567238846,2.4189064262337494,0.0001959184,20.836858989681684,0.0716856239107726,1458.0990395389651,-0.22111278997613237
methanol,SMRCCS,DAC,grid,SMRCCS_H_DAC_C_grid_E,France,1,2024,204.78561025720316,1921.6171247930936,2126.4027350502965,-0.827038458345389,16.01757606052169,0.0404769896802436,2.609879740267486,2.693878e-05,30.04770400727699,0.1033739494956759,2175.0778948583625,-0.6831605803894695
methanol,SMRCCS,DAC,grid,SMRCCS_H_DAC_C_grid_E,Brazil,1,2024,186.53738756101671,1793.2234186565706,1979.7608062175873,-0.7173665072919783,68.96650800287952,0.1696458537908778,2.3503349862337486,6.3061235e-05,33.11981038844558,0.1139430022863768,2084.1974595951465,-0.4337145899797237
methanol,SMRCCS,DAC,grid,SMRCCS_H_DAC_C_grid_E,United Kingdom,1,2024,215.93730190487264,1799.106632866244,2015.0439347711167,-0.516611071465396,12.915972819599244,0.0329106318170113,2.899953030232547,0.000129183695,29.838823491365517,0.1026553320633012,2060.6986841123144,-0.3809159238900835
methanol,SMRCCS,DAC,grid,SMRCCS_H_DAC_C_grid_E,Spain,1,2024,188.564967860593,1491.3045176231285,1679.8694854837213,-0.6374361022869501,21.385807864799265,0.0535727855538221,2.3805338366819417,8.938776999999999e-05,25.6956650825948,0.0884015092754728,1729.3314922677973,-0.4953724196876553
methanol,SMRCCS,DAC,grid,SMRCCS_H_DAC_C_grid_E,Sweden,1,2024,223.0338329533896,2523.56571119956,2746.59954415295,-0.8419092313695804,22.56440133074008,0.0564479630816619,2.759498200469972,2.204082e-05,32.381349438995656,0.1114024546001217,2804.3047931231554,-0.6740367728677968
methanol,SMRCCS,DAC,grid,SMRCCS_H_DAC_C_grid_E,Czech Republic,1,2024,184.50980726144044,1582.4077909873183,1766.9175982487588,-0.1392652059765419,20.192921188248224,0.0506627397536433,2.3880953307855566,0.00025346943,23.438450139177007,0.0806359500997951,1812.9370649069697,-0.007713046693103506
methanol,SMRCCS,DAC,grid,SMRCCS_H_DAC_C_grid_E,Japan,1,2024,218.97867235423703,1618.789859550754,1837.768531904991,-0.0128636352709159,9.224572746193816,0.023905465197621,2.793108423404836,0.0002951020899999,10.92443852443044,0.0375836488544879,1860.7106515990201,0.0489205808711929
methanol,SMRCCS,DAC,grid,SMRCCS_H_DAC_C_grid_E,Belgium,1,2024,207.82698070656755,1429.8193253770637,1637.646306083631,-0.6523068753111414,3.4214706685224665,0.0097488037467934,2.690994348439774,8.448981e-05,30.686449491618188,0.1055714433016215,1674.4452205922114,-0.5369021384527265
methanol,SMRCCS,DAC,grid,SMRCCS_H_DAC_C_grid_E,Poland,1,2024,187.5511777108049,1872.3344338436843,2059.885611554489,0.2343629662562641,11.233270499248109,0.0288056812659274,2.5365568889578465,0.000376530675,33.72534462020336,0.1160262384989164,2107.3807835628986,0.3795714166961079
methanol,SMRCCS,DAC,grid,SMRCCS_H_DAC_C_grid_E,India,1,2024,179.4408565124998,1191.1927855064914,1370.6336420189912,0.4072357026624876,29.393763775113616,0.0731081856240144,2.2627002371650744,0.0004334694599999,5.7104748980090205,0.0196459051766533,1408.000580929279,0.5004232629231552
methanol,SMRCCS,DAC,grid,SMRCCS_H_DAC_C_grid_E,Indonesia,1,2024,163.22021411588963,1567.6484064741664,1730.868620590056,0.2919872117250053,14.675222299770391,0.0372023190844393,2.0309053535795303,0.00039551027,4.197174123187385,0.0144396545483093,1751.7719223665933,0.3440246956277539
methanol,SMRCCS,DAC,grid,SMRCCS_H_DAC_C_grid_E,South Korea,1,2024,190.5925481601693,1305.55951447982,1496.1520626399893,-0.1392652059765419,7.503288733588453,0.0197063946486234,2.3917530921301347,0.00025346943,9.500245533720006,0.0326839582073043,1515.547349999428,-0.08662138369061421
methanol,SMRCCS,DAC,grid,SMRCCS_H_DAC_C_grid_E,China,1,2024,185.5235974112286,1157.2077916955054,1342.731389106734,0.1321264017149489,78.31080589228577,0.1924412587218022,2.315337598509652,0.0003428572,8.004084356420046,0.027536673411696,1431.3616169539494,0.35244719104844713
methanol,SMRCCS,DAC,grid,SMRCCS_H_DAC_C_grid_E,United Arab Emirates,1,2024,193.63391860953368,521.424422821621,715.0583414311546,-0.1968894514452831,10.915758228841952,0.0280311104142585,2.425112590302424,0.000234489835,12.367972595646318,0.0425498791573762,740.7671848459453,-0.1260739720386484
methanol,SMRCCS,DAC,grid,SMRCCS_H_DAC_C_grid_E,United States,1,2024,202.7580299576269,992.1430552754764,1194.9010852331037,-0.1950306048172594,77.51788024031099,0.1905069174228829,2.558864559819293,0.00023510208,28.546969303384355,0.09821093026968,1303.5247993366183,0.0939223449553035
methanol,SMRCCS,DAC,grid,SMRCCS_H_DAC_C_grid_E,Turkey,1,2024,185.5235974112286,895.9215510958221,1081.4451485070508,-0.035169794807203,10.146640984986664,0.026154849702053,2.3502355635096523,0.00028775515,20.122370978977905,0.0692275509905964,1114.0643960345249,0.06050036103544639
methanol,SMRCCS,DAC,grid,SMRCCS_H_DAC_C_grid_E,Australia,1,2024,207.82698070656755,1220.785744639532,1428.6127253460998,0.1172556286907579,78.8034842059262,0.1936431469527896,2.673851488439774,0.00033795924,6.415478997478705,0.0220713503339662,1516.5055400379445,0.3333080852175137
methanol,SMRCCS,DAC,grid,SMRCCS_H_DAC_C_grid_E,Malaysia,1,2024,177.4132762129235,845.9903165225242,1023.4035927354475,0.2139156533480012,15.45206399926973,0.0390974235981119,2.238623836716881,0.0003697959799999,0.0,0.0,1041.0942805714342,0.253382872926113
methanol,SMRCCS,DAC,grid,SMRCCS_H_DAC_C_grid_E,Canada,1,2024,206.81319055677943,761.6997639475288,968.5129545043084,-0.5835295500742568,78.99871720537578,0.1941194176508137,2.5837520507156784,0.0001071428749999,26.728083276427434,0.0919533662227398,1076.8235070368273,-0.29734962332570336
methanol,SMRCCS,DAC,grid,SMRCCS_H_DAC_C_grid_E,Mexico,1,2024,178.42706636271166,773.6490552554874,952.0761216181992,0.0670667697341122,47.45549617804119,0.1171697629358324,2.301784494440977,0.000321428625,34.96233083444379,0.120281876480666,1036.7957331251253,0.30483983777561063
methanol,SMRCCS,DAC,grid,SMRCCS_H_DAC_C_grid_E,Thailand,1,2024,180.45464666228796,879.1741953660451,1059.628842028333,0.1209733219468057,11.669272719816664,0.0298693082271259,2.276269049889171,0.00033918373,2.9394227465052256,0.0101125776022714,1076.5138065445442,0.161294391506203
methanol,SMRCCS,DAC,grid,SMRCCS_H_DAC_C_grid_E,Russia,1,2024,191.60633830995744,571.3006194066311,762.9069577165885,-0.074205573995705,144.64368452298004,0.3542602467845441,2.3881790448542315,0.000274898005,11.710768464281813,0.0402888815561095,921.6495897487047,0.3206184523499486
methanol,SMRCCS,DAC,grid,SMRCCS_H_DAC_C_grid_E,Saudi Arabia,1,2024,193.63391860953368,479.207619025372,672.8415376349056,0.1172556286907579,26.333902875522575,0.0656436581588147,2.3993983003024244,0.00033795924,13.729628827558608,0.0472344228587547,715.3044676382892,0.2304716689483273
methanol,SMR,SMR,grid,SMR_H_C_grid_E,South Africa,1,2024,133.69110276099715,202.52732081606,336.21842357705714,1.5812290075971795,24.53851842343582,0.0612638196651808,2.3634903994060386,0.0004340817049999,18.087125459571656,0.0622256393808624,381.2075578594707,1.7051525483482228
methanol,SMR,SMR,grid,SMR_H_C_grid_E,Taiwan,1,2024,131.54632571135548,494.36660057110737,625.9129262824629,1.530370401672801,6.525622092765043,0.0173213779005709,2.3754370312337483,0.0003893878199999,6.187684866182444,0.0212876638659976,641.0016702726441,1.5693688312593694
methanol,SMR,SMR,grid,SMR_H_C_grid_E,Switzerland,1,2024,157.99857599026936,1860.2856751682175,2018.284251158487,1.1130511558001603,11.96100749459355,0.0305809949051598,2.9013606570253185,2.2653065e-05,23.89291933624232,0.0821994730835609,2057.0395386463483,1.2258542768538812
methanol,SMR,SMR,grid,SMR_H_C_grid_E,Singapore,1,2024,132.26125139456937,1955.925212737636,2088.1864641322054,1.434923428910611,1.0509671989197895,0.0039659630112667,2.4600262639578463,0.000305510255,0.0,0.0,2091.697457595083,1.4391949021768777
methanol,SMR,SMR,grid,SMR_H_C_grid_E,Hungary,1,2024,128.68662297849994,766.2767275130902,894.9633504915902,1.2147683676489174,18.611567505354483,0.0468050290976679,2.344427090337363,0.0001120408349999,23.265519221402705,0.0800410110669854,939.1848643086847,1.3417264486485705
methanol,SMR,SMR,grid,SMR_H_C_grid_E,Philippines,1,2024,127.97169729528603,460.13967960498456,588.1113769002706,1.5143464573404626,10.107765430778445,0.0260600128282098,2.301470517613267,0.0003753061849999,4.77723291213275,0.0164352468883576,605.297845760795,1.5572170232420297
methanol,SMR,SMR,grid,SMR_H_C_grid_E,Netherlands,1,2024,146.55976505884712,1286.8685921313474,1433.428357190195,1.2635368938777736,5.11922627434319,0.0138904767720408,2.673239243439774,0.000154897985,30.748135543443095,0.1057836635366315,1471.968958251421,1.3833659321714458
methanol,SMR,SMR,grid,SMR_H_C_grid_E,Norway,1,2024,162.2881300895527,936.1735049888076,1098.46163507836,1.1088709964091157,21.57408582181769,0.0540320894331074,2.878079638369897,1.8979595e-05,32.62999337783025,0.1122578712392522,1155.5437939163778,1.2751799366764753
methanol,SMR,SMR,grid,SMR_H_C_grid_E,Oman,1,2024,136.55080549385272,205.28772007356068,341.8385255674134,1.466971317575288,18.344062311311852,0.046152450456501,2.4808268853024247,0.000333673525,11.866993217987575,0.0408263459093141,374.5304079820152,1.554283787466103
methanol,SMR,SMR,grid,SMR_H_C_grid_E,Italy,1,2024,137.26573117706658,1568.235237740836,1705.5009689179026,1.2879211569922018,11.7952928886772,0.030176734297296,2.651130418026521,0.00017632656,23.438450139177007,0.0806359500997951,1743.3858423637835,1.398910167949293
methanol,SMR,SMR,grid,SMR_H_C_grid_E,Austria,1,2024,148.70454210848882,1268.558936312286,1417.2634784207748,1.1590329091016531,9.69360858844435,0.0250496776443731,2.747006911612064,6.3061235e-05,23.438450139177007,0.0806359500997951,1453.1425440600083,1.2647815980808215
methanol,SMR,SMR,grid,SMR_H_C_grid_E,Finland,1,2024,154.42394757419993,1220.882196141751,1375.3061437159506,1.1374354189145883,18.67936439460148,0.0469704195380984,2.7447410684048363,4.408164e-05,34.80119959123365,0.1197275321955337,1431.5314487701905,1.3041774522882206
methanol,SMR,SMR,grid,SMR_H_C_grid_E,Portugal,1,2024,130.1164743449277,1056.6378393449727,1186.7543136899003,1.1653031481882203,9.118529180062064,0.0236467720289204,2.338503485785557,6.857144e-05,26.641404839611052,0.0916551639924579,1224.8527511953591,1.2806736556495986
methanol,SMR,SMR,grid,SMR_H_C_grid_E,Germany,1,2024,147.27469074206104,1197.1456981880642,1344.4203889301252,1.3269359779752865,13.85107818025421,0.0351918203665945,2.718032551163871,0.00021061228,31.450904768439617,0.1082014199933082,1392.440404429983,1.4705398306151891
methanol,SMR,SMR,grid,SMR_H_C_grid_E,Greece,1,2024,131.5463257113555,693.0863195577942,824.6326452691497,1.3102153404111072,8.034570812196023,0.0210024567238846,2.4189064262337494,0.0001959184,20.836858989681684,0.0716856239107726,855.9229814972612,1.4030993394457645
methanol,SMR,SMR,grid,SMR_H_C_grid_E,France,1,2024,144.4149880092055,1231.805579417511,1376.220567426716,1.1179280084230458,16.01757606052169,0.0404769896802436,2.609879740267486,2.693878e-05,30.04770400727699,0.1033739494956759,1424.8957272347818,1.2618058863789652
methanol,SMR,SMR,grid,SMR_H_C_grid_E,Brazil,1,2024,131.54632571135548,1128.5152336319477,1260.0615593433029,1.1590329091016531,68.96650800287952,0.1696458537908778,2.3503349862337486,6.3061235e-05,33.11981038844558,0.1139430022863768,1364.4982127208616,1.4426848264139078
methanol,SMR,SMR,grid,SMR_H_C_grid_E,United Kingdom,1,2024,152.27917052455825,1117.1782102372133,1269.4573807617717,1.23427577814046,12.915972819599244,0.0329106318170113,2.899953030232547,0.000129183695,29.838823491365517,0.1026553320633012,1315.112130102969,1.3699709257157726
methanol,SMR,SMR,grid,SMR_H_C_grid_E,Spain,1,2024,132.97617707778326,896.870746864049,1029.8469239418323,1.1889907180708077,21.385807864799265,0.0535727855538221,2.3805338366819417,8.938776999999999e-05,25.6956650825948,0.0884015092754728,1079.3089307259083,1.3310544006701026
methanol,SMR,SMR,grid,SMR_H_C_grid_E,Sweden,1,2024,157.2836503070555,1708.520416851036,1865.8040671580911,1.1123544625683195,22.56440133074008,0.0564479630816619,2.759498200469972,2.204082e-05,32.381349438995656,0.1114024546001217,1923.5093161282969,1.2802269210701032
methanol,SMR,SMR,grid,SMR_H_C_grid_E,Czech Republic,1,2024,130.1164743449277,957.8907364607873,1088.007210805715,1.3757045042041427,20.192921188248224,0.0506627397536433,2.3880953307855566,0.00025346943,23.438450139177007,0.0806359500997951,1134.0266774639258,1.507256663487581
methanol,SMR,SMR,grid,SMR_H_C_grid_E,Japan,1,2024,154.42394757419993,992.4958427919112,1146.919790366111,1.4230796439693176,9.224572746193816,0.023905465197621,2.793108423404836,0.0002951020899999,10.92443852443044,0.0375836488544879,1169.8619100601402,1.4848638601114263
methanol,SMR,SMR,grid,SMR_H_C_grid_E,Belgium,1,2024,146.55976505884712,847.0022214794492,993.5619865382964,1.1834171722160811,3.4214706685224665,0.0097488037467934,2.690994348439774,8.448981e-05,30.686449491618188,0.1055714433016215,1030.3609010468767,1.2988219090744961
methanol,SMR,SMR,grid,SMR_H_C_grid_E,Poland,1,2024,132.26125139456937,1171.0909962773703,1303.3522476719395,1.5157398438041445,11.233270499248109,0.0288056812659274,2.5365568889578465,0.000376530675,33.72534462020336,0.1160262384989164,1350.8474196803488,1.6609482942439884
methanol,SMR,SMR,grid,SMR_H_C_grid_E,India,1,2024,126.54184592885824,659.0429907183795,785.5848366472378,1.580532314365339,29.393763775113616,0.0731081856240144,2.2627002371650744,0.0004334694599999,5.7104748980090205,0.0196459051766533,822.9517755575255,1.6737198746260065
methanol,SMR,SMR,grid,SMR_H_C_grid_E,Indonesia,1,2024,115.10303499743604,955.3154434039346,1070.4184784013707,1.5373373339912093,14.675222299770391,0.0372023190844393,2.0309053535795303,0.00039551027,4.197174123187385,0.0144396545483093,1091.321780177908,1.5893748178939577
methanol,SMR,SMR,grid,SMR_H_C_grid_E,South Korea,1,2024,134.40602844421105,754.247939056681,888.6539675008921,1.3757045042041427,7.503288733588453,0.0197063946486234,2.3917530921301347,0.00025346943,9.500245533720006,0.0326839582073043,908.0492548603306,1.4283483264900703
methanol,SMR,SMR,grid,SMR_H_C_grid_E,China,1,2024,130.8314000281416,635.5211952519242,766.3525952800658,1.4774217160529002,78.31080589228577,0.1924412587218022,2.315337598509652,0.0003428572,8.004084356420046,0.027536673411696,854.9828231272813,1.6977425053863984
methanol,SMR,SMR,grid,SMR_H_C_grid_E,United Arab Emirates,1,2024,136.55080549385272,140.46756241616882,277.01836791002154,1.354107014017078,10.915758228841952,0.0280311104142585,2.425112590302424,0.000234489835,12.367972595646318,0.0425498791573762,302.72721132481223,1.4249224934237126
methanol,SMR,SMR,grid,SMR_H_C_grid_E,United States,1,2024,142.98513664277772,512.2128037533354,655.1979403961132,1.3548037072489187,77.51788024031099,0.1905069174228829,2.558864559819293,0.00023510208,28.546969303384355,0.09821093026968,763.8216544996278,1.6437566570214817
methanol,SMR,SMR,grid,SMR_H_C_grid_E,Turkey,1,2024,130.8314000281416,429.010400159732,559.8418001878736,1.414719325187228,10.146640984986664,0.026154849702053,2.3502355635096523,0.00028775515,20.122370978977905,0.0692275509905964,592.4610477153477,1.5103894810298775
methanol,SMR,SMR,grid,SMR_H_C_grid_E,Australia,1,2024,146.55976505884712,683.7804052003723,830.3401702592195,1.4718481701981738,78.8034842059262,0.1936431469527896,2.673851488439774,0.00033795924,6.415478997478705,0.0220713503339662,918.2329849510642,1.6879006267249297
methanol,SMR,SMR,grid,SMR_H_C_grid_E,Malaysia,1,2024,125.1119945624305,390.97698362635447,516.088978188785,1.5080762182538956,15.45206399926973,0.0390974235981119,2.238623836716881,0.0003697959799999,0.0,0.0,533.7796660247716,1.5475434378320074
methanol,SMR,SMR,grid,SMR_H_C_grid_E,Canada,1,2024,145.84483937563326,333.2485958515651,479.0934352271984,1.209194821794191,78.99871720537578,0.1941194176508137,2.5837520507156784,0.0001071428749999,26.728083276427434,0.0919533662227398,587.4039877597174,1.4953747485427444
methanol,SMR,SMR,grid,SMR_H_C_grid_E,Mexico,1,2024,125.82692024564436,329.2462499956473,455.0731702412917,1.4530374529384722,47.45549617804119,0.1171697629358324,2.301784494440977,0.000321428625,34.96233083444379,0.120281876480666,539.7927817482176,1.6908105209799704
methanol,SMR,SMR,grid,SMR_H_C_grid_E,Thailand,1,2024,127.25677161207216,416.2072771176786,543.4640487297506,1.4732415566618555,11.669272719816664,0.0298693082271259,2.276269049889171,0.00033918373,2.9394227465052256,0.0101125776022714,560.3490132459617,1.513562626221253
methanol,SMR,SMR,grid,SMR_H_C_grid_E,Russia,1,2024,135.12095412742494,179.84449883326974,314.9654529606947,1.400088767318571,144.64368452298004,0.3542602467845441,2.3881790448542315,0.000274898005,11.710768464281813,0.0402888815561095,473.70808499281077,1.7949127936642246
methanol,SMR,SMR,grid,SMR_H_C_grid_E,Saudi Arabia,1,2024,136.55080549385272,110.19888251745738,246.7496880113101,1.4718481701981738,26.333902875522575,0.0656436581588147,2.3993983003024244,0.00033795924,13.729628827558608,0.0472344228587547,289.2126180146937,1.585064210455743
methanol,ATRCCS,BEC,solar,ATRCCS_H_BEC_C_solar_E,South Africa,1,2024,171.99539045238782,270.27146320044534,442.2668536528331,-1.023698910402516,24.53851842343582,0.0612638196651808,2.3634903994060386,0.0004340817049999,18.087125459571656,0.0622256393808624,487.25598793524665,-0.8997753696514729
methanol,ATRCCS,BEC,solar,ATRCCS_H_BEC_C_solar_E,Taiwan,1,2024,169.2361061135794,487.2434208866208,656.4795270002003,-1.023698910402516,6.525622092765043,0.0173213779005709,2.3754370312337483,0.0003893878199999,6.187684866182444,0.0212876638659976,671.5682709903815,-0.9847004808159476
methanol,ATRCCS,BEC,solar,ATRCCS_H_BEC_C_solar_E,Switzerland,1,2024,203.26727962554924,1921.0101967400128,2124.277476365562,-1.023698910402516,11.96100749459355,0.0305809949051598,2.9013606570253185,2.2653065e-05,23.89291933624232,0.0821994730835609,2163.032763853423,-0.9108957893487953
methanol,ATRCCS,BEC,solar,ATRCCS_H_BEC_C_solar_E,Singapore,1,2024,170.1558675598489,2026.2218197872855,2196.3776873471347,-1.023698910402516,1.0509671989197895,0.0039659630112667,2.4600262639578463,0.000305510255,0.0,0.0,2199.8886808100124,-1.0194274371362493
methanol,ATRCCS,BEC,solar,ATRCCS_H_BEC_C_solar_E,Hungary,1,2024,165.55706032850165,819.9178239082669,985.4748842367684,-1.023698910402516,18.611567505354483,0.0468050290976679,2.344427090337363,0.0001120408349999,23.265519221402705,0.0800410110669854,1029.696398053863,-0.8967408294028628
methanol,ATRCCS,BEC,solar,ATRCCS_H_BEC_C_solar_E,Philippines,1,2024,164.63729888223216,490.4466637037529,655.0839625859851,-1.023698910402516,10.107765430778445,0.0260600128282098,2.301470517613267,0.0003753061849999,4.77723291213275,0.0164352468883576,672.2704314465095,-0.9808283445009487
methanol,ATRCCS,BEC,solar,ATRCCS_H_BEC_C_solar_E,Netherlands,1,2024,188.55109648523796,1329.415814633536,1517.966911118774,-1.023698910402516,5.11922627434319,0.0138904767720408,2.673239243439774,0.000154897985,30.748135543443095,0.1057836635366315,1556.5075121800003,-0.903869872108844
methanol,ATRCCS,BEC,solar,ATRCCS_H_BEC_C_solar_E,Norway,1,2024,208.78584830316595,1061.970590040484,1270.75643834365,-1.023698910402516,21.57408582181769,0.0540320894331074,2.878079638369897,1.8979595e-05,32.62999337783025,0.1122578712392522,1327.8385971816679,-0.8573899701351564
methanol,ATRCCS,BEC,solar,ATRCCS_H_BEC_C_solar_E,Oman,1,2024,175.67443623746564,151.80310824657138,327.477544484037,-1.023698910402516,18.344062311311852,0.046152450456501,2.4808268853024247,0.000333673525,11.866993217987575,0.0408263459093141,360.16942689863885,-0.936386440511701
methanol,ATRCCS,BEC,solar,ATRCCS_H_BEC_C_solar_E,Italy,1,2024,176.59419768373508,1462.6726821248385,1639.2668798085735,-1.023698910402516,11.7952928886772,0.030176734297296,2.651130418026521,0.00017632656,23.438450139177007,0.0806359500997951,1677.1517532544544,-0.912709899445425
methanol,ATRCCS,BEC,solar,ATRCCS_H_BEC_C_solar_E,Austria,1,2024,191.31038082404632,1267.1769375588244,1458.4873183828709,-1.023698910402516,9.69360858844435,0.0250496776443731,2.747006911612064,6.3061235e-05,23.438450139177007,0.0806359500997951,1494.3663840221043,-0.9179502214233479
methanol,ATRCCS,BEC,solar,ATRCCS_H_BEC_C_solar_E,Finland,1,2024,198.668472394202,1374.0451744898712,1572.7136468840731,-1.023698910402516,18.67936439460148,0.0469704195380984,2.7447410684048363,4.408164e-05,34.80119959123365,0.1197275321955337,1628.938951938313,-0.8569568770288839
methanol,ATRCCS,BEC,solar,ATRCCS_H_BEC_C_solar_E,Portugal,1,2024,167.39658322104057,1129.039324379907,1296.4359076009475,-1.023698910402516,9.118529180062064,0.0236467720289204,2.338503485785557,6.857144e-05,26.641404839611052,0.0916551639924579,1334.5343451064064,-0.9083284029411377
methanol,ATRCCS,BEC,solar,ATRCCS_H_BEC_C_solar_E,Germany,1,2024,189.47085793150745,1190.639599834612,1380.1104577661197,-1.023698910402516,13.85107818025421,0.0351918203665945,2.718032551163871,0.00021061228,31.450904768439617,0.1082014199933082,1428.1304732659773,-0.8800950577626133
methanol,ATRCCS,BEC,solar,ATRCCS_H_BEC_C_solar_E,Greece,1,2024,169.23610611357947,660.6436577469938,829.8797638605732,-1.023698910402516,8.034570812196023,0.0210024567238846,2.4189064262337494,0.0001959184,20.836858989681684,0.0716856239107726,861.1701000886846,-0.9308149113678588
methanol,ATRCCS,BEC,solar,ATRCCS_H_BEC_C_solar_E,France,1,2024,185.79181214642963,1291.2302135121547,1477.0220256585844,-1.023698910402516,16.01757606052169,0.0404769896802436,2.609879740267486,2.693878e-05,30.04770400727699,0.1033739494956759,1525.6971854666504,-0.8798210324465965
methanol,ATRCCS,BEC,solar,ATRCCS_H_BEC_C_solar_E,Brazil,1,2024,169.2361061135794,1242.3292627746664,1411.5653688882458,-1.023698910402516,68.96650800287952,0.1696458537908778,2.3503349862337486,6.3061235e-05,33.11981038844558,0.1139430022863768,1516.0020222658045,-0.7400469930902615
methanol,ATRCCS,BEC,solar,ATRCCS_H_BEC_C_solar_E,United Kingdom,1,2024,195.9091880553936,994.6275719183568,1190.5367599737503,-1.023698910402516,12.915972819599244,0.0329106318170113,2.899953030232547,0.000129183695,29.838823491365517,0.1026553320633012,1236.1915093149478,-0.8880037628272035
methanol,ATRCCS,BEC,solar,ATRCCS_H_BEC_C_solar_E,Spain,1,2024,171.07562900611833,951.211634875172,1122.2872638812903,-1.023698910402516,21.385807864799265,0.0535727855538221,2.3805338366819417,8.938776999999999e-05,25.6956650825948,0.0884015092754728,1171.7492706653663,-0.8816352278032211
methanol,ATRCCS,BEC,solar,ATRCCS_H_BEC_C_solar_E,Sweden,1,2024,202.3475181792798,1953.293552218876,2155.641070398156,-1.023698910402516,22.56440133074008,0.0564479630816619,2.759498200469972,2.204082e-05,32.381349438995656,0.1114024546001217,2213.3463193683615,-0.8558264519007325
methanol,ATRCCS,BEC,solar,ATRCCS_H_BEC_C_solar_E,Czech Republic,1,2024,167.39658322104057,974.5900523408714,1141.986635561912,-1.023698910402516,20.192921188248224,0.0506627397536433,2.3880953307855566,0.00025346943,23.438450139177007,0.0806359500997951,1188.0061022201226,-0.8921467511190776
methanol,ATRCCS,BEC,solar,ATRCCS_H_BEC_C_solar_E,Japan,1,2024,198.668472394202,1080.560384806361,1279.228857200563,-1.023698910402516,9.224572746193816,0.023905465197621,2.793108423404836,0.0002951020899999,10.92443852443044,0.0375836488544879,1302.170976894592,-0.9619146942604071
methanol,ATRCCS,BEC,solar,ATRCCS_H_BEC_C_solar_E,Belgium,1,2024,188.55109648523796,856.7945106644469,1045.3456071496848,-1.023698910402516,3.4214706685224665,0.0097488037467934,2.690994348439774,8.448981e-05,30.686449491618188,0.1055714433016215,1082.1445216582651,-0.908294173544101
methanol,ATRCCS,BEC,solar,ATRCCS_H_BEC_C_solar_E,Poland,1,2024,170.1558675598489,1129.2497964792556,1299.4056640391043,-1.023698910402516,11.233270499248109,0.0288056812659274,2.5365568889578465,0.000376530675,33.72534462020336,0.1160262384989164,1346.9008360475136,-0.8784904599626723
methanol,ATRCCS,BEC,solar,ATRCCS_H_BEC_C_solar_E,India,1,2024,162.7977759896933,717.2101288672743,880.0079048569676,-1.023698910402516,29.393763775113616,0.0731081856240144,2.2627002371650744,0.0004334694599999,5.7104748980090205,0.0196459051766533,917.3748437672552,-0.9305113501418484
methanol,ATRCCS,BEC,solar,ATRCCS_H_BEC_C_solar_E,Indonesia,1,2024,148.08159284938202,1110.3338510112956,1258.4154438606777,-1.023698910402516,14.675222299770391,0.0372023190844393,2.0309053535795303,0.00039551027,4.197174123187385,0.0144396545483093,1279.318745637215,-0.9716614264997675
methanol,ATRCCS,BEC,solar,ATRCCS_H_BEC_C_solar_E,South Korea,1,2024,172.91515189865726,848.8957408960014,1021.8108927946588,-1.023698910402516,7.503288733588453,0.0197063946486234,2.3917530921301347,0.00025346943,9.500245533720006,0.0326839582073043,1041.2061801540974,-0.9710550881165884
methanol,ATRCCS,BEC,solar,ATRCCS_H_BEC_C_solar_E,China,1,2024,168.31634466731,702.915197300504,871.231541967814,-1.023698910402516,78.31080589228577,0.1924412587218022,2.315337598509652,0.0003428572,8.004084356420046,0.027536673411696,959.8617698150296,-0.8033781210690178
methanol,ATRCCS,BEC,solar,ATRCCS_H_BEC_C_solar_E,United Arab Emirates,1,2024,175.67443623746564,129.8458281229238,305.52026436038943,-1.023698910402516,10.915758228841952,0.0280311104142585,2.425112590302424,0.000234489835,12.367972595646318,0.0425498791573762,331.2291077751801,-0.9528834309958814
methanol,ATRCCS,BEC,solar,ATRCCS_H_BEC_C_solar_E,United States,1,2024,183.9522892538907,540.628235027112,724.5805242810028,-1.023698910402516,77.51788024031099,0.1905069174228829,2.558864559819293,0.00023510208,28.546969303384355,0.09821093026968,833.2042383845175,-0.7347459606299532
methanol,ATRCCS,BEC,solar,ATRCCS_H_BEC_C_solar_E,Turkey,1,2024,168.31634466731,485.82167078888807,654.1380154561981,-1.023698910402516,10.146640984986664,0.026154849702053,2.3502355635096523,0.00028775515,20.122370978977905,0.0692275509905964,686.7572629836723,-0.9280287545598667
methanol,ATRCCS,BEC,solar,ATRCCS_H_BEC_C_solar_E,Australia,1,2024,188.55109648523796,634.0392165642229,822.5903130494609,-1.023698910402516,78.8034842059262,0.1936431469527896,2.673851488439774,0.00033795924,6.415478997478705,0.0220713503339662,910.4831277413056,-0.8076464538757602
methanol,ATRCCS,BEC,solar,ATRCCS_H_BEC_C_solar_E,Malaysia,1,2024,160.9582530971544,436.5482804691534,597.5065335663078,-1.023698910402516,15.45206399926973,0.0390974235981119,2.238623836716881,0.0003697959799999,0.0,0.0,615.1972214022944,-0.9842316908244043
methanol,ATRCCS,BEC,solar,ATRCCS_H_BEC_C_solar_E,Canada,1,2024,187.63133503896853,417.17700904652065,604.8083440854891,-1.023698910402516,78.99871720537578,0.1941194176508137,2.5837520507156784,0.0001071428749999,26.728083276427434,0.0919533662227398,713.1188966180081,-0.7375189836539627
methanol,ATRCCS,BEC,solar,ATRCCS_H_BEC_C_solar_E,Mexico,1,2024,161.87801454342383,308.0497571245868,469.9277716680106,-1.023698910402516,47.45549617804119,0.1171697629358324,2.301784494440977,0.000321428625,34.96233083444379,0.120281876480666,554.6473831749366,-0.7859258423610177
methanol,ATRCCS,BEC,solar,ATRCCS_H_BEC_C_solar_E,Thailand,1,2024,163.71753743596273,450.4311069779617,614.1486444139244,-1.023698910402516,11.669272719816664,0.0298693082271259,2.276269049889171,0.00033918373,2.9394227465052256,0.0101125776022714,631.0336089301355,-0.9833778408431189
methanol,ATRCCS,BEC,solar,ATRCCS_H_BEC_C_solar_E,Russia,1,2024,173.83491334492675,269.2118925245835,443.04680586951025,-1.023698910402516,144.64368452298004,0.3542602467845441,2.3881790448542315,0.000274898005,11.710768464281813,0.0402888815561095,601.7894379016265,-0.6288748840568623
methanol,ATRCCS,BEC,solar,ATRCCS_H_BEC_C_solar_E,Saudi Arabia,1,2024,175.67443623746564,149.6082397873954,325.2826760248611,-1.023698910402516,26.333902875522575,0.0656436581588147,2.3993983003024244,0.00033795924,13.729628827558608,0.0472344228587547,367.7456060282447,-0.9104828701449467
methanol,BG,BEC,solar,BG_H_BEC_C_solar_E,South Africa,1,2024,177.1915221413973,380.4863736147336,557.6778957561309,-1.0614070562940898,24.53851842343582,0.0612638196651808,2.3634903994060386,0.0004340817049999,18.087125459571656,0.0622256393808624,602.6670300385443,-0.9374835155430465
methanol,BG,BEC,solar,BG_H_BEC_C_solar_E,Taiwan,1,2024,174.34887740116096,366.03543053440706,540.384307935568,-1.0614070562940898,6.525622092765043,0.0173213779005709,2.3754370312337483,0.0003893878199999,6.187684866182444,0.0212876638659976,555.4730519257492,-1.0224086267075214
methanol,BG,BEC,solar,BG_H_BEC_C_solar_E,Switzerland,1,2024,209.40816253074223,534.6997665388211,744.1079290695634,-1.0614070562940898,11.96100749459355,0.0305809949051598,2.9013606570253185,2.2653065e-05,23.89291933624232,0.0821994730835609,782.8632165574246,-0.948603935240369
methanol,BG,BEC,solar,BG_H_BEC_C_solar_E,Singapore,1,2024,175.2964256479064,471.9205025612159,647.2169282091223,-1.0614070562940898,1.0509671989197895,0.0039659630112667,2.4600262639578463,0.000305510255,0.0,0.0,650.727921672,-1.057135583027823
methanol,BG,BEC,solar,BG_H_BEC_C_solar_E,Hungary,1,2024,170.5586844141792,413.2097721203101,583.7684565344894,-1.0614070562940898,18.611567505354483,0.0468050290976679,2.344427090337363,0.0001120408349999,23.265519221402705,0.0800410110669854,627.9899703515839,-0.9344489752944367
methanol,BG,BEC,solar,BG_H_BEC_C_solar_E,Philippines,1,2024,169.61113616743376,367.96429108880193,537.5754272562357,-1.0614070562940898,10.107765430778445,0.0260600128282098,2.301470517613267,0.0003753061849999,4.77723291213275,0.0164352468883576,554.7618961167601,-1.0185364903925227
methanol,BG,BEC,solar,BG_H_BEC_C_solar_E,Netherlands,1,2024,194.24739058281517,462.591932585329,656.8393231681441,-1.0614070562940898,5.11922627434319,0.0138904767720408,2.673239243439774,0.000154897985,30.748135543443095,0.1057836635366315,695.3799242293702,-0.9415780180004177
methanol,BG,BEC,solar,BG_H_BEC_C_solar_E,Norway,1,2024,215.09345201121488,504.0276764012866,719.1211284125015,-1.0614070562940898,21.57408582181769,0.0540320894331074,2.878079638369897,1.8979595e-05,32.62999337783025,0.1122578712392522,776.2032872505193,-0.8950981160267301
methanol,BG,BEC,solar,BG_H_BEC_C_solar_E,Oman,1,2024,180.98171512837908,358.18986922609014,539.1715843544692,-1.0614070562940898,18.344062311311852,0.046152450456501,2.4808268853024247,0.000333673525,11.866993217987575,0.0408263459093141,571.8634667690711,-0.9740945864032748
methanol,BG,BEC,solar,BG_H_BEC_C_solar_E,Italy,1,2024,181.9292633751245,457.99498867055127,639.9242520456758,-1.0614070562940898,11.7952928886772,0.030176734297296,2.651130418026521,0.00017632656,23.438450139177007,0.0806359500997951,677.8091254915564,-0.9504180453369986
methanol,BG,BEC,solar,BG_H_BEC_C_solar_E,Austria,1,2024,197.09003532305152,471.3848272797722,668.4748626028237,-1.0614070562940898,9.69360858844435,0.0250496776443731,2.747006911612064,6.3061235e-05,23.438450139177007,0.0806359500997951,704.3539282420571,-0.9556583673149215
methanol,BG,BEC,solar,BG_H_BEC_C_solar_E,Finland,1,2024,204.67042129701508,496.8638722877995,701.5342935848146,-1.0614070562940898,18.67936439460148,0.0469704195380984,2.7447410684048363,4.408164e-05,34.80119959123365,0.1197275321955337,757.7595986390546,-0.8946650229204577
methanol,BG,BEC,solar,BG_H_BEC_C_solar_E,Portugal,1,2024,172.45378090767008,401.05159074878,573.50537165645,-1.0614070562940898,9.118529180062064,0.0236467720289204,2.338503485785557,6.857144e-05,26.641404839611052,0.0916551639924579,611.6038091619087,-0.9460365488327116
methanol,BG,BEC,solar,BG_H_BEC_C_solar_E,Germany,1,2024,195.1949388295606,476.2893442850734,671.4842831146341,-1.0614070562940898,13.85107818025421,0.0351918203665945,2.718032551163871,0.00021061228,31.450904768439617,0.1082014199933082,719.5042986144919,-0.9178032036541871
methanol,BG,BEC,solar,BG_H_BEC_C_solar_E,Greece,1,2024,174.34887740116096,391.46035207113175,565.8092294722927,-1.0614070562940898,8.034570812196023,0.0210024567238846,2.4189064262337494,0.0001959184,20.836858989681684,0.0716856239107726,597.0995657004041,-0.9685230572594326
methanol,BG,BEC,solar,BG_H_BEC_C_solar_E,France,1,2024,191.40474584257888,459.6265126297746,651.0312584723534,-1.0614070562940898,16.01757606052169,0.0404769896802436,2.609879740267486,2.693878e-05,30.04770400727699,0.1033739494956759,699.7064182804197,-0.9175291783381704
methanol,BG,BEC,solar,BG_H_BEC_C_solar_E,Brazil,1,2024,174.34887740116096,408.3943291744269,582.7432065755879,-1.0614070562940898,68.96650800287952,0.1696458537908778,2.3503349862337486,6.3061235e-05,33.11981038844558,0.1139430022863768,687.1798599531468,-0.7777551389818352
methanol,BG,BEC,solar,BG_H_BEC_C_solar_E,United Kingdom,1,2024,201.8277765567787,446.6451089670242,648.4728855238029,-1.0614070562940898,12.915972819599244,0.0329106318170113,2.899953030232547,0.000129183695,29.838823491365517,0.1026553320633012,694.1276348650001,-0.9257119087187773
methanol,BG,BEC,solar,BG_H_BEC_C_solar_E,Spain,1,2024,176.24397389465182,412.02514312431634,588.2691170189681,-1.0614070562940898,21.385807864799265,0.0535727855538221,2.3805338366819417,8.938776999999999e-05,25.6956650825948,0.0884015092754728,637.7311238030442,-0.9193433736947949
methanol,BG,BEC,solar,BG_H_BEC_C_solar_E,Sweden,1,2024,208.4606142839968,523.9321264042798,732.3927406882766,-1.0614070562940898,22.56440133074008,0.0564479630816619,2.759498200469972,2.204082e-05,32.381349438995656,0.1114024546001217,790.0979896584823,-0.8935345977923063
methanol,BG,BEC,solar,BG_H_BEC_C_solar_E,Czech Republic,1,2024,172.45378090767008,408.2183408300013,580.6721217376713,-1.0614070562940898,20.192921188248224,0.0506627397536433,2.3880953307855566,0.00025346943,23.438450139177007,0.0806359500997951,626.691588395882,-0.9298548970106515
methanol,BG,BEC,solar,BG_H_BEC_C_solar_E,Japan,1,2024,204.67042129701508,468.8225128336654,673.4929341306805,-1.0614070562940898,9.224572746193816,0.023905465197621,2.793108423404836,0.0002951020899999,10.92443852443044,0.0375836488544879,696.4350538247097,-0.999622840151981
methanol,BG,BEC,solar,BG_H_BEC_C_solar_E,Belgium,1,2024,194.24739058281517,490.37926772739246,684.6266583102076,-1.0614070562940898,3.4214706685224665,0.0097488037467934,2.690994348439774,8.448981e-05,30.686449491618188,0.1055714433016215,721.425572818788,-0.9460023194356748
methanol,BG,BEC,solar,BG_H_BEC_C_solar_E,Poland,1,2024,175.2964256479064,443.6896877439558,618.9861133918622,-1.0614070562940898,11.233270499248109,0.0288056812659274,2.5365568889578465,0.000376530675,33.72534462020336,0.1160262384989164,666.4812854002715,-0.916198605854246
methanol,BG,BEC,solar,BG_H_BEC_C_solar_E,India,1,2024,167.71603967394287,368.4371367536687,536.1531764276116,-1.0614070562940898,29.393763775113616,0.0731081856240144,2.2627002371650744,0.0004334694599999,5.7104748980090205,0.0196459051766533,573.5201153378993,-0.9682194960334222
methanol,BG,BEC,solar,BG_H_BEC_C_solar_E,Indonesia,1,2024,152.5552677260158,396.2182299160257,548.7734976420415,-1.0614070562940898,14.675222299770391,0.0372023190844393,2.0309053535795303,0.00039551027,4.197174123187385,0.0144396545483093,569.676799418579,-1.0093695723913414
methanol,BG,BEC,solar,BG_H_BEC_C_solar_E,South Korea,1,2024,178.1390703881427,426.66794665985674,604.8070170479995,-1.0614070562940898,7.503288733588453,0.0197063946486234,2.3917530921301347,0.00025346943,9.500245533720006,0.0326839582073043,624.202304407438,-1.0087632340081623
methanol,BG,BEC,solar,BG_H_BEC_C_solar_E,China,1,2024,173.40132915441552,363.9765254437542,537.3778545981697,-1.0614070562940898,78.31080589228577,0.1924412587218022,2.315337598509652,0.0003428572,8.004084356420046,0.027536673411696,626.0080824453853,-0.8410862669605916
methanol,BG,BEC,solar,BG_H_BEC_C_solar_E,United Arab Emirates,1,2024,180.98171512837908,343.45127966559414,524.4329947939732,-1.0614070562940898,10.915758228841952,0.0280311104142585,2.425112590302424,0.000234489835,12.367972595646318,0.0425498791573762,550.1418382087638,-0.9905915768874551
methanol,BG,BEC,solar,BG_H_BEC_C_solar_E,United States,1,2024,189.509649349088,439.1791426558536,628.6887920049415,-1.0614070562940898,77.51788024031099,0.1905069174228829,2.558864559819293,0.00023510208,28.546969303384355,0.09821093026968,737.3125061084562,-0.772454106521527
methanol,BG,BEC,solar,BG_H_BEC_C_solar_E,Turkey,1,2024,173.40132915441552,393.4527990752992,566.8541282297147,-1.0614070562940898,10.146640984986664,0.026154849702053,2.3502355635096523,0.00028775515,20.122370978977905,0.0692275509905964,599.4733757571888,-0.9657369004514404
methanol,BG,BEC,solar,BG_H_BEC_C_solar_E,Australia,1,2024,194.24739058281517,425.32938331439647,619.5767738972116,-1.0614070562940898,78.8034842059262,0.1936431469527896,2.673851488439774,0.00033795924,6.415478997478705,0.0220713503339662,707.4695885890563,-0.845354599767334
methanol,BG,BEC,solar,BG_H_BEC_C_solar_E,Malaysia,1,2024,165.820943180452,370.55665964916847,536.3776028296204,-1.0614070562940898,15.45206399926973,0.0390974235981119,2.238623836716881,0.0003697959799999,0.0,0.0,554.068290665607,-1.021939836715978
methanol,BG,BEC,solar,BG_H_BEC_C_solar_E,Canada,1,2024,193.29984233606976,444.61597184041625,637.915814176486,-1.0614070562940898,78.99871720537578,0.1941194176508137,2.5837520507156784,0.0001071428749999,26.728083276427434,0.0919533662227398,746.226366709005,-0.7752271295455365
methanol,BG,BEC,solar,BG_H_BEC_C_solar_E,Mexico,1,2024,166.76849142719743,369.67820482939567,536.4466962565931,-1.0614070562940898,47.45549617804119,0.1171697629358324,2.301784494440977,0.000321428625,34.96233083444379,0.120281876480666,621.1663077635192,-0.8236339882525915
methanol,BG,BEC,solar,BG_H_BEC_C_solar_E,Thailand,1,2024,168.66358792068831,360.6309455376036,529.2945334582919,-1.0614070562940898,11.669272719816664,0.0298693082271259,2.276269049889171,0.00033918373,2.9394227465052256,0.0101125776022714,546.179497974503,-1.0210859867346924
methanol,BG,BEC,solar,BG_H_BEC_C_solar_E,Russia,1,2024,179.08661863488817,389.08525744828546,568.1718760831736,-1.0614070562940898,144.64368452298004,0.3542602467845441,2.3881790448542315,0.000274898005,11.710768464281813,0.0402888815561095,726.9145081152898,-0.6665830299484361
methanol,BG,BEC,solar,BG_H_BEC_C_solar_E,Saudi Arabia,1,2024,180.98171512837908,355.6996399994906,536.6813551278697,-1.0614070562940898,26.333902875522575,0.0656436581588147,2.3993983003024244,0.00033795924,13.729628827558608,0.0472344228587547,579.1442851312532,-0.9481910160365205
methanol,LTE,BEC,solar,LTE_H_BEC_C_solar_E,South Africa,1,2024,204.03355600716057,881.011765384022,1085.0453213911826,-0.9183040846175468,24.53851842343582,0.0612638196651808,2.3634903994060386,0.0004340817049999,18.087125459571656,0.0622256393808624,1130.034455673596,-0.7943805438665036
methanol,LTE,BEC,solar,LTE_H_BEC_C_solar_E,Taiwan,1,2024,200.7602904027676,452.1985329203179,652.9588233230855,-0.9183040846175468,6.525622092765043,0.0173213779005709,2.3754370312337483,0.0003893878199999,6.187684866182444,0.0212876638659976,668.0475673132668,-0.8793056550309785
methanol,LTE,BEC,solar,LTE_H_BEC_C_solar_E,Switzerland,1,2024,241.13056619028063,834.1209212175762,1075.2514874078568,-0.9183040846175468,11.96100749459355,0.0305809949051598,2.9013606570253185,2.2653065e-05,23.89291933624232,0.0821994730835609,1114.006774895718,-0.8055009635638261
methanol,LTE,BEC,solar,LTE_H_BEC_C_solar_E,Singapore,1,2024,201.85137893756524,738.5475134826735,940.3988924202388,-0.9183040846175468,1.0509671989197895,0.0039659630112667,2.4600262639578463,0.000305510255,0.0,0.0,943.9098858831164,-0.91403261135128
methanol,LTE,BEC,solar,LTE_H_BEC_C_solar_E,Hungary,1,2024,196.395936263577,1007.0324602828772,1203.428396546454,-0.9183040846175468,18.611567505354483,0.0468050290976679,2.344427090337363,0.0001120408349999,23.265519221402705,0.0800410110669854,1247.6499103635485,-0.7913460036178935
methanol,LTE,BEC,solar,LTE_H_BEC_C_solar_E,Philippines,1,2024,195.30484772877935,680.880668237034,876.1855159658134,-0.9183040846175468,10.107765430778445,0.0260600128282098,2.301470517613267,0.0003753061849999,4.77723291213275,0.0164352468883576,893.3719848263378,-0.8754335187159794
methanol,LTE,BEC,solar,LTE_H_BEC_C_solar_E,Netherlands,1,2024,223.67314963351825,757.1741741905315,980.8473238240498,-0.9183040846175468,5.11922627434319,0.0138904767720408,2.673239243439774,0.000154897985,30.748135543443095,0.1057836635366315,1019.3879248852759,-0.7984750463238744
methanol,LTE,BEC,solar,LTE_H_BEC_C_solar_E,Norway,1,2024,247.67709739906655,1147.877277320834,1395.5543747199006,-0.9183040846175468,21.57408582181769,0.0540320894331074,2.878079638369897,1.8979595e-05,32.62999337783025,0.1122578712392522,1452.6365335579185,-0.7519951443501871
methanol,LTE,BEC,solar,LTE_H_BEC_C_solar_E,Oman,1,2024,208.39791014635117,548.6969056696406,757.0948158159918,-0.9183040846175468,18.344062311311852,0.046152450456501,2.4808268853024247,0.000333673525,11.866993217987575,0.0408263459093141,789.7866982305936,-0.8309916147267317
methanol,LTE,BEC,solar,LTE_H_BEC_C_solar_E,Italy,1,2024,209.4889986811488,692.7941894375205,902.2831881186692,-0.9183040846175468,11.7952928886772,0.030176734297296,2.651130418026521,0.00017632656,23.438450139177007,0.0806359500997951,940.1680615645498,-0.8073150736604557
methanol,LTE,BEC,solar,LTE_H_BEC_C_solar_E,Austria,1,2024,226.9464152379112,800.1595665081943,1027.1059817461055,-0.9183040846175468,9.69360858844435,0.0250496776443731,2.747006911612064,6.3061235e-05,23.438450139177007,0.0806359500997951,1062.985047385339,-0.8125553956383786
methanol,LTE,BEC,solar,LTE_H_BEC_C_solar_E,Finland,1,2024,235.6751235162924,1131.6414842631546,1367.316607779447,-0.9183040846175468,18.67936439460148,0.0469704195380984,2.7447410684048363,4.408164e-05,34.80119959123365,0.1197275321955337,1423.5419128336869,-0.7515620512439146
methanol,LTE,BEC,solar,LTE_H_BEC_C_solar_E,Portugal,1,2024,198.5781133331723,572.5348489015865,771.1129622347588,-0.9183040846175468,9.118529180062064,0.0236467720289204,2.338503485785557,6.857144e-05,26.641404839611052,0.0916551639924579,809.2113997402174,-0.8029335771561684
methanol,LTE,BEC,solar,LTE_H_BEC_C_solar_E,Germany,1,2024,224.7642381683159,808.7053491381764,1033.4695873064925,-0.9183040846175468,13.85107818025421,0.0351918203665945,2.718032551163871,0.00021061228,31.450904768439617,0.1082014199933082,1081.4896028063501,-0.774700231977644
methanol,LTE,BEC,solar,LTE_H_BEC_C_solar_E,Greece,1,2024,200.7602904027676,577.5689562763439,778.3292466791115,-0.9183040846175468,8.034570812196023,0.0210024567238846,2.4189064262337494,0.0001959184,20.836858989681684,0.0716856239107726,809.619582907223,-0.8254200855828896
methanol,LTE,BEC,solar,LTE_H_BEC_C_solar_E,France,1,2024,220.3998840291253,658.6160278713543,879.0159119004795,-0.9183040846175468,16.01757606052169,0.0404769896802436,2.609879740267486,2.693878e-05,30.04770400727699,0.1033739494956759,927.6910717085457,-0.7744262066616272
methanol,LTE,BEC,solar,LTE_H_BEC_C_solar_E,Brazil,1,2024,200.7602904027676,710.5578473937874,911.318137796555,-0.9183040846175468,68.96650800287952,0.1696458537908778,2.3503349862337486,6.3061235e-05,33.11981038844558,0.1139430022863768,1015.7547911741138,-0.6346521673052922
methanol,LTE,BEC,solar,LTE_H_BEC_C_solar_E,United Kingdom,1,2024,232.40185791189944,856.5402337002113,1088.9420916121107,-0.9183040846175468,12.915972819599244,0.0329106318170113,2.899953030232547,0.000129183695,29.838823491365517,0.1026553320633012,1134.5968409533082,-0.7826089370422342
methanol,LTE,BEC,solar,LTE_H_BEC_C_solar_E,Spain,1,2024,202.9424674723629,508.7001189248844,711.6425863972473,-0.9183040846175468,21.385807864799265,0.0535727855538221,2.3805338366819417,8.938776999999999e-05,25.6956650825948,0.0884015092754728,761.1045931813234,-0.7762404020182518
methanol,LTE,BEC,solar,LTE_H_BEC_C_solar_E,Sweden,1,2024,240.03947765548304,1136.3714368306842,1376.4109144861673,-0.9183040846175468,22.56440133074008,0.0564479630816619,2.759498200469972,2.204082e-05,32.381349438995656,0.1114024546001217,1434.116163456373,-0.7504316261157632
methanol,LTE,BEC,solar,LTE_H_BEC_C_solar_E,Czech Republic,1,2024,198.5781133331723,758.149529605378,956.7276429385504,-0.9183040846175468,20.192921188248224,0.0506627397536433,2.3880953307855566,0.00025346943,23.438450139177007,0.0806359500997951,1002.7471095967611,-0.7867519253341083
methanol,LTE,BEC,solar,LTE_H_BEC_C_solar_E,Japan,1,2024,235.6751235162924,1217.6226276206976,1453.29775113699,-0.9183040846175468,9.224572746193816,0.023905465197621,2.793108423404836,0.0002951020899999,10.92443852443044,0.0375836488544879,1476.239870831019,-0.8565198684754378
methanol,LTE,BEC,solar,LTE_H_BEC_C_solar_E,Belgium,1,2024,223.67314963351825,1116.3927981999304,1340.0659478334487,-0.9183040846175468,3.4214706685224665,0.0097488037467934,2.690994348439774,8.448981e-05,30.686449491618188,0.1055714433016215,1376.864862342029,-0.8028993477591319
methanol,LTE,BEC,solar,LTE_H_BEC_C_solar_E,Poland,1,2024,201.85137893756524,1284.6828391835134,1486.5342181210783,-0.9183040846175468,11.233270499248109,0.0288056812659274,2.5365568889578465,0.000376530675,33.72534462020336,0.1160262384989164,1534.0293901294876,-0.773095634177703
methanol,LTE,BEC,solar,LTE_H_BEC_C_solar_E,India,1,2024,193.122670659184,576.7206586469858,769.8433293061698,-0.9183040846175468,29.393763775113616,0.0731081856240144,2.2627002371650744,0.0004334694599999,5.7104748980090205,0.0196459051766533,807.2102682164575,-0.8251165243568791
methanol,LTE,BEC,solar,LTE_H_BEC_C_solar_E,Indonesia,1,2024,175.6652541024216,809.7108314926957,985.3760855951172,-0.9183040846175468,14.675222299770391,0.0372023190844393,2.0309053535795303,0.00039551027,4.197174123187385,0.0144396545483093,1006.2793873716546,-0.8662666007147982
methanol,LTE,BEC,solar,LTE_H_BEC_C_solar_E,South Korea,1,2024,205.1246445419582,823.5400791100041,1028.6647236519625,-0.9183040846175468,7.503288733588453,0.0197063946486234,2.3917530921301347,0.00025346943,9.500245533720006,0.0326839582073043,1048.0600110114012,-0.865660262331619
methanol,LTE,BEC,solar,LTE_H_BEC_C_solar_E,China,1,2024,199.66920186796995,443.9701925867408,643.6393944547108,-0.9183040846175468,78.31080589228577,0.1924412587218022,2.315337598509652,0.0003428572,8.004084356420046,0.027536673411696,732.2696223019263,-0.6979832952840486
methanol,LTE,BEC,solar,LTE_H_BEC_C_solar_E,United Arab Emirates,1,2024,208.39791014635117,342.892657961896,551.2905681082472,-0.9183040846175468,10.915758228841952,0.0280311104142585,2.425112590302424,0.000234489835,12.367972595646318,0.0425498791573762,576.9994115230378,-0.8474886052109121
methanol,LTE,BEC,solar,LTE_H_BEC_C_solar_E,United States,1,2024,218.21770695953,738.5914969185583,956.8092038780884,-0.9183040846175468,77.51788024031099,0.1905069174228829,2.558864559819293,0.00023510208,28.546969303384355,0.09821093026968,1065.4329179816032,-0.629351134844984
methanol,LTE,BEC,solar,LTE_H_BEC_C_solar_E,Turkey,1,2024,199.66920186796995,965.1803598116026,1164.8495616795726,-0.9183040846175468,10.146640984986664,0.026154849702053,2.3502355635096523,0.00028775515,20.122370978977905,0.0692275509905964,1197.4688092070467,-0.8226339287748974
methanol,LTE,BEC,solar,LTE_H_BEC_C_solar_E,Australia,1,2024,223.67314963351825,482.3676927423176,706.0408423758358,-0.9183040846175468,78.8034842059262,0.1936431469527896,2.673851488439774,0.00033795924,6.415478997478705,0.0220713503339662,793.9336570676805,-0.7022516280907909
methanol,LTE,BEC,solar,LTE_H_BEC_C_solar_E,Malaysia,1,2024,190.94049358958875,725.1513861909183,916.091879780507,-0.9183040846175468,15.45206399926973,0.0390974235981119,2.238623836716881,0.0003697959799999,0.0,0.0,933.7825676164937,-0.878836865039435
methanol,LTE,BEC,solar,LTE_H_BEC_C_solar_E,Canada,1,2024,222.58206109872057,1120.3534429099425,1342.935504008663,-0.9183040846175468,78.99871720537578,0.1941194176508137,2.5837520507156784,0.0001071428749999,26.728083276427434,0.0919533662227398,1451.2460565411818,-0.6321241578689935
methanol,LTE,BEC,solar,LTE_H_BEC_C_solar_E,Mexico,1,2024,192.0315821243864,764.7518822939476,956.783464418334,-0.9183040846175468,47.45549617804119,0.1171697629358324,2.301784494440977,0.000321428625,34.96233083444379,0.120281876480666,1041.50307592526,-0.6805310165760484
methanol,LTE,BEC,solar,LTE_H_BEC_C_solar_E,Thailand,1,2024,194.2137591939817,601.7709305622034,795.984689756185,-0.9183040846175468,11.669272719816664,0.0298693082271259,2.276269049889171,0.00033918373,2.9394227465052256,0.0101125776022714,812.8696542723961,-0.8779830150581496
methanol,LTE,BEC,solar,LTE_H_BEC_C_solar_E,Russia,1,2024,206.21573307675584,1075.4840115705467,1281.6997446473026,-0.9183040846175468,144.64368452298004,0.3542602467845441,2.3881790448542315,0.000274898005,11.710768464281813,0.0402888815561095,1440.4423766794187,-0.523480058271893
methanol,LTE,BEC,solar,LTE_H_BEC_C_solar_E,Saudi Arabia,1,2024,208.39791014635117,539.6509580641972,748.0488682105483,-0.9183040846175468,26.333902875522575,0.0656436581588147,2.3993983003024244,0.00033795924,13.729628827558608,0.0472344228587547,790.5117982139319,-0.8050880443599774
methanol,SMR,BEC,solar,SMR_H_BEC_C_solar_E,South Africa,1,2024,133.69110276099715,225.1793260720798,358.87042883307697,0.8460109038807464,24.53851842343582,0.0612638196651808,2.3634903994060386,0.0004340817049999,18.087125459571656,0.0622256393808624,403.8595631154905,0.9699344446317896
methanol,SMR,BEC,solar,SMR_H_BEC_C_solar_E,Taiwan,1,2024,131.54632571135548,433.97277259170346,565.519098303059,0.8460109038807464,6.525622092765043,0.0173213779005709,2.3754370312337483,0.0003893878199999,6.187684866182444,0.0212876638659976,580.6078422932402,0.8850093334673147
methanol,SMR,BEC,solar,SMR_H_BEC_C_solar_E,Switzerland,1,2024,157.99857599026936,1739.9762292505045,1897.9748052407735,0.8460109038807464,11.96100749459355,0.0305809949051598,2.9013606570253185,2.2653065e-05,23.89291933624232,0.0821994730835609,1936.7300927286349,0.9588140249344671
methanol,SMR,BEC,solar,SMR_H_BEC_C_solar_E,Singapore,1,2024,132.26125139456937,1829.652072755366,1961.9133241499353,0.8460109038807464,1.0509671989197895,0.0039659630112667,2.4600262639578463,0.000305510255,0.0,0.0,1965.424317612813,0.8502823771470132
methanol,SMR,BEC,solar,SMR_H_BEC_C_solar_E,Hungary,1,2024,128.68662297849994,720.1302761248309,848.8168991033308,0.8460109038807464,18.611567505354483,0.0468050290976679,2.344427090337363,0.0001120408349999,23.265519221402705,0.0800410110669854,893.0384129204253,0.9729689848803996
methanol,SMR,BEC,solar,SMR_H_BEC_C_solar_E,Philippines,1,2024,127.97169729528603,428.8676287165262,556.8393260118122,0.8460109038807464,10.107765430778445,0.0260600128282098,2.301470517613267,0.0003753061849999,4.77723291213275,0.0164352468883576,574.0257948723366,0.8888814697823137
methanol,SMR,BEC,solar,SMR_H_BEC_C_solar_E,Netherlands,1,2024,146.55976505884712,1199.0947201406,1345.6544851994472,0.8460109038807464,5.11922627434319,0.0138904767720408,2.673239243439774,0.000154897985,30.748135543443095,0.1057836635366315,1384.1950862606734,0.9658399421744187
methanol,SMR,BEC,solar,SMR_H_BEC_C_solar_E,Norway,1,2024,162.2881300895527,947.5390798890064,1109.827209978559,0.8460109038807464,21.57408582181769,0.0540320894331074,2.878079638369897,1.8979595e-05,32.62999337783025,0.1122578712392522,1166.909368816577,1.012319844148106
methanol,SMR,BEC,solar,SMR_H_BEC_C_solar_E,Oman,1,2024,136.55080549385272,129.28796370092277,265.83876919477547,0.8460109038807464,18.344062311311852,0.046152450456501,2.4808268853024247,0.000333673525,11.866993217987575,0.0408263459093141,298.5306516093773,0.9333233737715615
methanol,SMR,BEC,solar,SMR_H_BEC_C_solar_E,Italy,1,2024,137.26573117706658,1319.385890548495,1456.6516217255612,0.8460109038807464,11.7952928886772,0.030176734297296,2.651130418026521,0.00017632656,23.438450139177007,0.0806359500997951,1494.5364951714419,0.9569999148378374
methanol,SMR,BEC,solar,SMR_H_BEC_C_solar_E,Austria,1,2024,148.70454210848882,1141.282558076165,1289.987100184654,0.8460109038807464,9.69360858844435,0.0250496776443731,2.747006911612064,6.3061235e-05,23.438450139177007,0.0806359500997951,1325.8661658238875,0.9517595928599145
methanol,SMR,BEC,solar,SMR_H_BEC_C_solar_E,Finland,1,2024,154.42394757419993,1229.4609981145866,1383.8849456887865,0.8460109038807464,18.67936439460148,0.0469704195380984,2.7447410684048363,4.408164e-05,34.80119959123365,0.1197275321955337,1440.1102507430264,1.0127529372543786
methanol,SMR,BEC,solar,SMR_H_BEC_C_solar_E,Portugal,1,2024,130.1164743449277,1017.4234856135292,1147.5399599584568,0.8460109038807464,9.118529180062064,0.0236467720289204,2.338503485785557,6.857144e-05,26.641404839611052,0.0916551639924579,1185.6383974639157,0.9613814113421247
methanol,SMR,BEC,solar,SMR_H_BEC_C_solar_E,Germany,1,2024,147.27469074206104,1074.746172574829,1222.02086331689,0.8460109038807464,13.85107818025421,0.0351918203665945,2.718032551163871,0.00021061228,31.450904768439617,0.1082014199933082,1270.0408788167476,0.9896147565206491
methanol,SMR,BEC,solar,SMR_H_BEC_C_solar_E,Greece,1,2024,131.5463257113555,590.4728817288377,722.0192074401932,0.8460109038807464,8.034570812196023,0.0210024567238846,2.4189064262337494,0.0001959184,20.836858989681684,0.0716856239107726,753.3095436683047,0.9388949029154036
methanol,SMR,BEC,solar,SMR_H_BEC_C_solar_E,France,1,2024,144.4149880092055,1167.510269339798,1311.9252573490037,0.8460109038807464,16.01757606052169,0.0404769896802436,2.609879740267486,2.693878e-05,30.04770400727699,0.1033739494956759,1360.6004171570696,0.989888781836666
methanol,SMR,BEC,solar,SMR_H_BEC_C_solar_E,Brazil,1,2024,131.54632571135548,1113.1277884294595,1244.674114140815,0.8460109038807464,68.96650800287952,0.1696458537908778,2.3503349862337486,6.3061235e-05,33.11981038844558,0.1139430022863768,1349.1107675183737,1.129662821193001
methanol,SMR,BEC,solar,SMR_H_BEC_C_solar_E,United Kingdom,1,2024,152.27917052455825,890.623046463778,1042.9022169883362,0.8460109038807464,12.915972819599244,0.0329106318170113,2.899953030232547,0.000129183695,29.838823491365517,0.1026553320633012,1088.5569663295337,0.9817060514560589
methanol,SMR,BEC,solar,SMR_H_BEC_C_solar_E,Spain,1,2024,132.97617707778326,860.721843352705,993.6980204304884,0.8460109038807464,21.385807864799265,0.0535727855538221,2.3805338366819417,8.938776999999999e-05,25.6956650825948,0.0884015092754728,1043.1600272145645,0.9880745864800413
methanol,SMR,BEC,solar,SMR_H_BEC_C_solar_E,Sweden,1,2024,157.2836503070555,1756.494608484849,1913.7782587919048,0.8460109038807464,22.56440133074008,0.0564479630816619,2.759498200469972,2.204082e-05,32.381349438995656,0.1114024546001217,1971.4835077621105,1.01388336238253
methanol,SMR,BEC,solar,SMR_H_BEC_C_solar_E,Czech Republic,1,2024,130.1164743449277,873.8093385987961,1003.9258129437238,0.8460109038807464,20.192921188248224,0.0506627397536433,2.3880953307855566,0.00025346943,23.438450139177007,0.0806359500997951,1049.9452796019345,0.9775630631641848
methanol,SMR,BEC,solar,SMR_H_BEC_C_solar_E,Japan,1,2024,154.42394757419993,953.0028117677316,1107.4267593419313,0.8460109038807464,9.224572746193816,0.023905465197621,2.793108423404836,0.0002951020899999,10.92443852443044,0.0375836488544879,1130.3688790359604,0.9077951200228553
methanol,SMR,BEC,solar,SMR_H_BEC_C_solar_E,Belgium,1,2024,146.55976505884712,760.5520666291993,907.1118316880464,0.8460109038807464,3.4214706685224665,0.0097488037467934,2.690994348439774,8.448981e-05,30.686449491618188,0.1055714433016215,943.9107461966269,0.9614156407391613
methanol,SMR,BEC,solar,SMR_H_BEC_C_solar_E,Poland,1,2024,132.26125139456937,994.001051964632,1126.2623033592015,0.8460109038807464,11.233270499248109,0.0288056812659274,2.5365568889578465,0.000376530675,33.72534462020336,0.1160262384989164,1173.7574753676108,0.9912193543205902
methanol,SMR,BEC,solar,SMR_H_BEC_C_solar_E,India,1,2024,126.54184592885824,637.3156371061401,763.8574830349984,0.8460109038807464,29.393763775113616,0.0731081856240144,2.2627002371650744,0.0004334694599999,5.7104748980090205,0.0196459051766533,801.224421945286,0.9391984641414141
methanol,SMR,BEC,solar,SMR_H_BEC_C_solar_E,Indonesia,1,2024,115.10303499743604,987.4842782068996,1102.5873132043355,0.8460109038807464,14.675222299770391,0.0372023190844393,2.0309053535795303,0.00039551027,4.197174123187385,0.0144396545483093,1123.4906149808728,0.8980483877834949
methanol,SMR,BEC,solar,SMR_H_BEC_C_solar_E,South Korea,1,2024,134.40602844421105,753.7000596924022,888.1060881366133,0.8460109038807464,7.503288733588453,0.0197063946486234,2.3917530921301347,0.00025346943,9.500245533720006,0.0326839582073043,907.5013754960518,0.8986547261666742
methanol,SMR,BEC,solar,SMR_H_BEC_C_solar_E,China,1,2024,130.8314000281416,629.469439356103,760.3008393842446,0.8460109038807464,78.31080589228577,0.1924412587218022,2.315337598509652,0.0003428572,8.004084356420046,0.027536673411696,848.9310672314601,1.0663316932142446
methanol,SMR,BEC,solar,SMR_H_BEC_C_solar_E,United Arab Emirates,1,2024,136.55080549385272,114.90839602880504,251.45920152265776,0.8460109038807464,10.915758228841952,0.0280311104142585,2.425112590302424,0.000234489835,12.367972595646318,0.0425498791573762,277.1680449374485,0.9168263832873811
methanol,SMR,BEC,solar,SMR_H_BEC_C_solar_E,United States,1,2024,142.98513664277772,482.82182459084703,625.8069612336247,0.8460109038807464,77.51788024031099,0.1905069174228829,2.558864559819293,0.00023510208,28.546969303384355,0.09821093026968,734.4306753371394,1.1349638536533093
methanol,SMR,BEC,solar,SMR_H_BEC_C_solar_E,Turkey,1,2024,130.8314000281416,416.0613812686868,546.8927812968284,0.8460109038807464,10.146640984986664,0.026154849702053,2.3502355635096523,0.00028775515,20.122370978977905,0.0692275509905964,579.5120288243025,0.9416810597233958
methanol,SMR,BEC,solar,SMR_H_BEC_C_solar_E,Australia,1,2024,146.55976505884712,577.4744932426594,724.0342583015065,0.8460109038807464,78.8034842059262,0.1936431469527896,2.673851488439774,0.00033795924,6.415478997478705,0.0220713503339662,811.9270729933512,1.0620633604075023
methanol,SMR,BEC,solar,SMR_H_BEC_C_solar_E,Malaysia,1,2024,125.1119945624305,377.7980559688018,502.9100505312323,0.8460109038807464,15.45206399926973,0.0390974235981119,2.238623836716881,0.0003697959799999,0.0,0.0,520.6007383672189,0.8854781234588581
methanol,SMR,BEC,solar,SMR_H_BEC_C_solar_E,Canada,1,2024,145.84483937563326,356.7366329857939,502.58147236142713,0.8460109038807464,78.99871720537578,0.1941194176508137,2.5837520507156784,0.0001071428749999,26.728083276427434,0.0919533662227398,610.8920248939461,1.1321908306292998
methanol,SMR,BEC,solar,SMR_H_BEC_C_solar_E,Mexico,1,2024,125.82692024564436,260.6314418805219,386.45836212616626,0.8460109038807464,47.45549617804119,0.1171697629358324,2.301784494440977,0.000321428625,34.96233083444379,0.120281876480666,471.1779736330922,1.0837839719222446
methanol,SMR,BEC,solar,SMR_H_BEC_C_solar_E,Thailand,1,2024,127.25677161207216,394.61229521948894,521.8690668315611,0.8460109038807464,11.669272719816664,0.0298693082271259,2.276269049889171,0.00033918373,2.9394227465052256,0.0101125776022714,538.7540313477722,0.8863319734401436
methanol,SMR,BEC,solar,SMR_H_BEC_C_solar_E,Russia,1,2024,135.12095412742494,215.17632090879215,350.2972750362171,0.8460109038807464,144.64368452298004,0.3542602467845441,2.3881790448542315,0.000274898005,11.710768464281813,0.0402888815561095,509.03990706833315,1.2408349302264001
methanol,SMR,BEC,solar,SMR_H_BEC_C_solar_E,Saudi Arabia,1,2024,136.55080549385272,126.4413100405418,262.99211553439454,0.8460109038807464,26.333902875522575,0.0656436581588147,2.3993983003024244,0.00033795924,13.729628827558608,0.0472344228587547,305.4550455377782,0.9592269441383158
methanol,SMRCCS,BEC,solar,SMRCCS_H_BEC_C_solar_E,South Africa,1,2024,189.57875801038116,286.123742388572,475.70250039895313,-0.9111501815457168,24.53851842343582,0.0612638196651808,2.3634903994060386,0.0004340817049999,18.087125459571656,0.0622256393808624,520.6916346813666,-0.7872266407946736
methanol,SMRCCS,BEC,solar,SMRCCS_H_BEC_C_solar_E,Taiwan,1,2024,186.53738756101671,549.3531590096911,735.8905465707079,-0.9111501815457168,6.525622092765043,0.0173213779005709,2.3754370312337483,0.0003893878199999,6.187684866182444,0.0212876638659976,750.9792905608891,-0.8721517519591485
methanol,SMRCCS,BEC,solar,SMRCCS_H_BEC_C_solar_E,Switzerland,1,2024,224.04762310317773,2214.8821661893867,2438.929789292564,-0.9111501815457168,11.96100749459355,0.0305809949051598,2.9013606570253185,2.2653065e-05,23.89291933624232,0.0821994730835609,2477.685076780425,-0.7983470604919961
methanol,SMRCCS,BEC,solar,SMRCCS_H_BEC_C_solar_E,Singapore,1,2024,187.5511777108049,2340.7291980993377,2528.2803758101427,-0.9111501815457168,1.0509671989197895,0.0039659630112667,2.4600262639578463,0.000305510255,0.0,0.0,2531.7913692730203,-0.90687870827945
methanol,SMRCCS,BEC,solar,SMRCCS_H_BEC_C_solar_E,Hungary,1,2024,182.48222696186423,922.312003270056,1104.7942302319202,-0.9111501815457168,18.611567505354483,0.0468050290976679,2.344427090337363,0.0001120408349999,23.265519221402705,0.0800410110669854,1149.0157440490148,-0.7841921005460636
methanol,SMRCCS,BEC,solar,SMRCCS_H_BEC_C_solar_E,Philippines,1,2024,181.46843681207605,547.4017284087645,728.8701652208406,-0.9111501815457168,10.107765430778445,0.0260600128282098,2.301470517613267,0.0003753061849999,4.77723291213275,0.0164352468883576,746.056634081365,-0.8682796156441495
methanol,SMRCCS,BEC,solar,SMRCCS_H_BEC_C_solar_E,Netherlands,1,2024,207.82698070656755,1527.6765724953518,1735.5035532019194,-0.9111501815457168,5.11922627434319,0.0138904767720408,2.673239243439774,0.000154897985,30.748135543443095,0.1057836635366315,1774.0441542631456,-0.7913211432520445
methanol,SMRCCS,BEC,solar,SMRCCS_H_BEC_C_solar_E,Norway,1,2024,230.1303640019065,1202.6140168251509,1432.7443808270573,-0.9111501815457168,21.57408582181769,0.0540320894331074,2.878079638369897,1.8979595e-05,32.62999337783025,0.1122578712392522,1489.8265396650752,-0.7448412412783572
methanol,SMRCCS,BEC,solar,SMRCCS_H_BEC_C_solar_E,Oman,1,2024,193.63391860953368,159.68284406638284,353.3167626759165,-0.9111501815457168,18.344062311311852,0.046152450456501,2.4808268853024247,0.000333673525,11.866993217987575,0.0408263459093141,386.0086450905183,-0.8238377116549017
methanol,SMRCCS,BEC,solar,SMRCCS_H_BEC_C_solar_E,Italy,1,2024,194.6477087593218,1682.1391540172874,1876.7868627766093,-0.9111501815457168,11.7952928886772,0.030176734297296,2.651130418026521,0.00017632656,23.438450139177007,0.0806359500997951,1914.67173622249,-0.8001611705886258
methanol,SMRCCS,BEC,solar,SMRCCS_H_BEC_C_solar_E,Austria,1,2024,210.868351155932,1451.8120913757398,1662.6804425316718,-0.9111501815457168,9.69360858844435,0.0250496776443731,2.747006911612064,6.3061235e-05,23.438450139177007,0.0806359500997951,1698.5595081709052,-0.8054014925665487
methanol,SMRCCS,BEC,solar,SMRCCS_H_BEC_C_solar_E,Finland,1,2024,218.97867235423703,1568.3932039078088,1787.3718762620458,-0.9111501815457168,18.67936439460148,0.0469704195380984,2.7447410684048363,4.408164e-05,34.80119959123365,0.1197275321955337,1843.5971813162857,-0.7444081481720847
methanol,SMRCCS,BEC,solar,SMRCCS_H_BEC_C_solar_E,Portugal,1,2024,184.50980726144044,1300.7159369884423,1485.2257442498828,-0.9111501815457168,9.118529180062064,0.0236467720289204,2.338503485785557,6.857144e-05,26.641404839611052,0.0916551639924579,1523.3241817553417,-0.7957796740843385
methanol,SMRCCS,BEC,solar,SMRCCS_H_BEC_C_solar_E,Germany,1,2024,208.8407708563557,1365.427698795192,1574.2684696515475,-0.9111501815457168,13.85107818025421,0.0351918203665945,2.718032551163871,0.00021061228,31.450904768439617,0.1082014199933082,1622.2884851514052,-0.7675463289058141
methanol,SMRCCS,BEC,solar,SMRCCS_H_BEC_C_solar_E,Greece,1,2024,186.53738756101671,749.7670375812036,936.3044251422205,-0.9111501815457168,8.034570812196023,0.0210024567238846,2.4189064262337494,0.0001959184,20.836858989681684,0.0716856239107726,967.594761370332,-0.8182661825110596
methanol,SMRCCS,BEC,solar,SMRCCS_H_BEC_C_solar_E,France,1,2024,204.78561025720316,1485.0773226304846,1689.8629328876875,-0.9111501815457168,16.01757606052169,0.0404769896802436,2.609879740267486,2.693878e-05,30.04770400727699,0.1033739494956759,1738.5380926957534,-0.7672723035897973
methanol,SMRCCS,BEC,solar,SMRCCS_H_BEC_C_solar_E,Brazil,1,2024,186.53738756101671,1425.56191132347,1612.0992988844866,-0.9111501815457168,68.96650800287952,0.1696458537908778,2.3503349862337486,6.3061235e-05,33.11981038844558,0.1139430022863768,1716.5359522620454,-0.6274982642334622
methanol,SMRCCS,BEC,solar,SMRCCS_H_BEC_C_solar_E,United Kingdom,1,2024,215.93730190487264,1134.0518041253958,1349.9891060302684,-0.9111501815457168,12.915972819599244,0.0329106318170113,2.899953030232547,0.000129183695,29.838823491365517,0.1026553320633012,1395.6438553714659,-0.7754550339704043
methanol,SMRCCS,BEC,solar,SMRCCS_H_BEC_C_solar_E,Spain,1,2024,188.564967860593,1094.4040760176724,1282.9690438782654,-0.9111501815457168,21.385807864799265,0.0535727855538221,2.3805338366819417,8.938776999999999e-05,25.6956650825948,0.0884015092754728,1332.4310506623415,-0.7690864989464219
methanol,SMRCCS,BEC,solar,SMRCCS_H_BEC_C_solar_E,Sweden,1,2024,223.0338329533896,2245.138144338513,2468.1719772919027,-0.9111501815457168,22.56440133074008,0.0564479630816619,2.759498200469972,2.204082e-05,32.381349438995656,0.1114024546001217,2525.8772262621083,-0.7432777230439332
methanol,SMRCCS,BEC,solar,SMRCCS_H_BEC_C_solar_E,Czech Republic,1,2024,184.50980726144044,1118.0026957597806,1302.5125030212212,-0.9111501815457168,20.192921188248224,0.0506627397536433,2.3880953307855566,0.00025346943,23.438450139177007,0.0806359500997951,1348.5319696794318,-0.7795980222622784
methanol,SMRCCS,BEC,solar,SMRCCS_H_BEC_C_solar_E,Japan,1,2024,218.97867235423703,1217.1797909484087,1436.1584633026455,-0.9111501815457168,9.224572746193816,0.023905465197621,2.793108423404836,0.0002951020899999,10.92443852443044,0.0375836488544879,1459.1005829966746,-0.8493659654036079
methanol,SMRCCS,BEC,solar,SMRCCS_H_BEC_C_solar_E,Belgium,1,2024,207.82698070656755,962.0782443600622,1169.9052250666298,-0.9111501815457168,3.4214706685224665,0.0097488037467934,2.690994348439774,8.448981e-05,30.686449491618188,0.1055714433016215,1206.70413957521,-0.7957454446873019
methanol,SMRCCS,BEC,solar,SMRCCS_H_BEC_C_solar_E,Poland,1,2024,187.5511777108049,1276.9428377651589,1464.4940154759638,-0.9111501815457168,11.233270499248109,0.0288056812659274,2.5365568889578465,0.000376530675,33.72534462020336,0.1160262384989164,1511.9891874843731,-0.765941731105873
methanol,SMRCCS,BEC,solar,SMRCCS_H_BEC_C_solar_E,India,1,2024,179.4408565124998,814.6026103251214,994.0434668376212,-0.9111501815457168,29.393763775113616,0.0731081856240144,2.2627002371650744,0.0004334694599999,5.7104748980090205,0.0196459051766533,1031.410405747909,-0.8179626212850492
methanol,SMRCCS,BEC,solar,SMRCCS_H_BEC_C_solar_E,Indonesia,1,2024,163.22021411588963,1266.961719725998,1430.1819338418877,-0.9111501815457168,14.675222299770391,0.0372023190844393,2.0309053535795303,0.00039551027,4.197174123187385,0.0144396545483093,1451.085235618425,-0.8591126976429683
methanol,SMRCCS,BEC,solar,SMRCCS_H_BEC_C_solar_E,South Korea,1,2024,190.5925481601693,958.7969769454164,1149.3895251055856,-0.9111501815457168,7.503288733588453,0.0197063946486234,2.3917530921301347,0.00025346943,9.500245533720006,0.0326839582073043,1168.7848124650243,-0.858506359259789
methanol,SMRCCS,BEC,solar,SMRCCS_H_BEC_C_solar_E,China,1,2024,185.5235974112286,802.6939930620543,988.2175904732828,-0.9111501815457168,78.31080589228577,0.1924412587218022,2.315337598509652,0.0003428572,8.004084356420046,0.027536673411696,1076.8478183204982,-0.6908293922122186
methanol,SMRCCS,BEC,solar,SMRCCS_H_BEC_C_solar_E,United Arab Emirates,1,2024,193.63391860953368,139.43780003964815,333.07171864918183,-0.9111501815457168,10.915758228841952,0.0280311104142585,2.425112590302424,0.000234489835,12.367972595646318,0.0425498791573762,358.7805620639726,-0.8403347021390821
methanol,SMRCCS,BEC,solar,SMRCCS_H_BEC_C_solar_E,United States,1,2024,202.7580299576269,604.7599848929013,807.5180148505282,-0.9111501815457168,77.51788024031099,0.1905069174228829,2.558864559819293,0.00023510208,28.546969303384355,0.09821093026968,916.1417289540428,-0.622197231773154
methanol,SMRCCS,BEC,solar,SMRCCS_H_BEC_C_solar_E,Turkey,1,2024,185.5235974112286,531.6941467812868,717.2177441925154,-0.9111501815457168,10.146640984986664,0.026154849702053,2.3502355635096523,0.00028775515,20.122370978977905,0.0692275509905964,749.8369917199896,-0.8154800257030674
methanol,SMRCCS,BEC,solar,SMRCCS_H_BEC_C_solar_E,Australia,1,2024,207.82698070656755,725.0812533284997,932.9082340350672,-0.9111501815457168,78.8034842059262,0.1936431469527896,2.673851488439774,0.00033795924,6.415478997478705,0.0220713503339662,1020.8010487269119,-0.6950977250189609
methanol,SMRCCS,BEC,solar,SMRCCS_H_BEC_C_solar_E,Malaysia,1,2024,177.4132762129235,481.43912535195255,658.8524015648761,-0.9111501815457168,15.45206399926973,0.0390974235981119,2.238623836716881,0.0003697959799999,0.0,0.0,676.5430894008628,-0.8716829619676051
methanol,SMRCCS,BEC,solar,SMRCCS_H_BEC_C_solar_E,Canada,1,2024,206.81319055677943,448.78767045326794,655.6008610100473,-0.9111501815457168,78.99871720537578,0.1941194176508137,2.5837520507156784,0.0001071428749999,26.728083276427434,0.0919533662227398,763.9114135425663,-0.6249702547971635
methanol,SMRCCS,BEC,solar,SMRCCS_H_BEC_C_solar_E,Mexico,1,2024,178.42706636271166,331.02598488856324,509.4530512512749,-0.9111501815457168,47.45549617804119,0.1171697629358324,2.301784494440977,0.000321428625,34.96233083444379,0.120281876480666,594.1726627582009,-0.6733771135042185
methanol,SMRCCS,BEC,solar,SMRCCS_H_BEC_C_solar_E,Thailand,1,2024,180.45464666228796,502.7704429199685,683.2250895822565,-0.9111501815457168,11.669272719816664,0.0298693082271259,2.276269049889171,0.00033918373,2.9394227465052256,0.0101125776022714,700.1100540984676,-0.8708291119863196
methanol,SMRCCS,BEC,solar,SMRCCS_H_BEC_C_solar_E,Russia,1,2024,191.60633830995744,275.068454859687,466.6747931696444,-0.9111501815457168,144.64368452298004,0.3542602467845441,2.3881790448542315,0.000274898005,11.710768464281813,0.0402888815561095,625.4174252017605,-0.5163261552000631
methanol,SMRCCS,BEC,solar,SMRCCS_H_BEC_C_solar_E,Saudi Arabia,1,2024,193.63391860953368,156.0913337045173,349.725252314051,-0.9111501815457168,26.333902875522575,0.0656436581588147,2.3993983003024244,0.00033795924,13.729628827558608,0.0472344228587547,392.1881823174346,-0.7979341412881474
methanol,BG,BG,solar,BG_H_C_solar_E,South Africa,1,2024,177.1915221413973,347.2446312347336,524.436153376131,-0.7943668043746759,24.53851842343582,0.0612638196651808,2.3634903994060386,0.0004340817049999,18.087125459571656,0.0622256393808624,569.4252876585444,-0.6704432636236327
methanol,BG,BG,solar,BG_H_C_solar_E,Taiwan,1,2024,174.34887740116096,332.79368815440705,507.142565555568,-0.7943668043746759,6.525622092765043,0.0173213779005709,2.3754370312337483,0.0003893878199999,6.187684866182444,0.0212876638659976,522.2313095457492,-0.7553683747881076
methanol,BG,BG,solar,BG_H_C_solar_E,Switzerland,1,2024,209.40816253074223,501.4580241588211,710.8661866895634,-0.7943668043746759,11.96100749459355,0.0305809949051598,2.9013606570253185,2.2653065e-05,23.89291933624232,0.0821994730835609,749.6214741774246,-0.6815636833209552
methanol,BG,BG,solar,BG_H_C_solar_E,Singapore,1,2024,175.2964256479064,438.6787601812159,613.9751858291223,-0.7943668043746759,1.0509671989197895,0.0039659630112667,2.4600262639578463,0.000305510255,0.0,0.0,617.486179292,-0.7900953311084091
methanol,BG,BG,solar,BG_H_C_solar_E,Hungary,1,2024,170.5586844141792,379.96802974031016,550.5267141544894,-0.7943668043746759,18.611567505354483,0.0468050290976679,2.344427090337363,0.0001120408349999,23.265519221402705,0.0800410110669854,594.7482279715839,-0.6674087233750227
methanol,BG,BG,solar,BG_H_C_solar_E,Philippines,1,2024,169.61113616743376,334.7225487088019,504.3336848762357,-0.7943668043746759,10.107765430778445,0.0260600128282098,2.301470517613267,0.0003753061849999,4.77723291213275,0.0164352468883576,521.5201537367601,-0.7514962384731085
methanol,BG,BG,solar,BG_H_C_solar_E,Netherlands,1,2024,194.24739058281517,429.350190205329,623.5975807881441,-0.7943668043746759,5.11922627434319,0.0138904767720408,2.673239243439774,0.000154897985,30.748135543443095,0.1057836635366315,662.1381818493702,-0.6745377660810036
methanol,BG,BG,solar,BG_H_C_solar_E,Norway,1,2024,215.09345201121488,470.78593402128666,685.8793860325015,-0.7943668043746759,21.57408582181769,0.0540320894331074,2.878079638369897,1.8979595e-05,32.62999337783025,0.1122578712392522,742.9615448705193,-0.6280578641073162
methanol,BG,BG,solar,BG_H_C_solar_E,Oman,1,2024,180.98171512837908,324.94812684609013,505.9298419744693,-0.7943668043746759,18.344062311311852,0.046152450456501,2.4808268853024247,0.000333673525,11.866993217987575,0.0408263459093141,538.6217243890711,-0.7070543344838608
methanol,BG,BG,solar,BG_H_C_solar_E,Italy,1,2024,181.9292633751245,424.75324629055126,606.6825096656758,-0.7943668043746759,11.7952928886772,0.030176734297296,2.651130418026521,0.00017632656,23.438450139177007,0.0806359500997951,644.5673831115564,-0.6833777934175849
methanol,BG,BG,solar,BG_H_C_solar_E,Austria,1,2024,197.09003532305152,438.1430848997722,635.2331202228237,-0.7943668043746759,9.69360858844435,0.0250496776443731,2.747006911612064,6.3061235e-05,23.438450139177007,0.0806359500997951,671.1121858620571,-0.6886181153955078
methanol,BG,BG,solar,BG_H_C_solar_E,Finland,1,2024,204.67042129701508,463.62212990779955,668.2925512048146,-0.7943668043746759,18.67936439460148,0.0469704195380984,2.7447410684048363,4.408164e-05,34.80119959123365,0.1197275321955337,724.5178562590546,-0.6276247710010437
methanol,BG,BG,solar,BG_H_C_solar_E,Portugal,1,2024,172.45378090767008,367.80984836878,540.26362927645,-0.7943668043746759,9.118529180062064,0.0236467720289204,2.338503485785557,6.857144e-05,26.641404839611052,0.0916551639924579,578.3620667819087,-0.6789962969132975
methanol,BG,BG,solar,BG_H_C_solar_E,Germany,1,2024,195.1949388295606,443.04760190507346,638.2425407346341,-0.7943668043746759,13.85107818025421,0.0351918203665945,2.718032551163871,0.00021061228,31.450904768439617,0.1082014199933082,686.2625562344919,-0.6507629517347732
methanol,BG,BG,solar,BG_H_C_solar_E,Greece,1,2024,174.34887740116096,358.2186096911318,532.5674870922928,-0.7943668043746759,8.034570812196023,0.0210024567238846,2.4189064262337494,0.0001959184,20.836858989681684,0.0716856239107726,563.8578233204043,-0.7014828053400187
methanol,BG,BG,solar,BG_H_C_solar_E,France,1,2024,191.40474584257888,426.3847702497746,617.7895160923534,-0.7943668043746759,16.01757606052169,0.0404769896802436,2.609879740267486,2.693878e-05,30.04770400727699,0.1033739494956759,666.4646759004197,-0.6504889264187563
methanol,BG,BG,solar,BG_H_C_solar_E,Brazil,1,2024,174.34887740116096,375.1525867944269,549.5014641955879,-0.7943668043746759,68.96650800287952,0.1696458537908778,2.3503349862337486,6.3061235e-05,33.11981038844558,0.1139430022863768,653.9381175731468,-0.5107148870624213
methanol,BG,BG,solar,BG_H_C_solar_E,United Kingdom,1,2024,201.8277765567787,413.4033665870242,615.2311431438029,-0.7943668043746759,12.915972819599244,0.0329106318170113,2.899953030232547,0.000129183695,29.838823491365517,0.1026553320633012,660.8858924850001,-0.6586716567993633
methanol,BG,BG,solar,BG_H_C_solar_E,Spain,1,2024,176.24397389465182,378.78340074431634,555.0273746389681,-0.7943668043746759,21.385807864799265,0.0535727855538221,2.3805338366819417,8.938776999999999e-05,25.6956650825948,0.0884015092754728,604.4893814230442,-0.652303121775381
methanol,BG,BG,solar,BG_H_C_solar_E,Sweden,1,2024,208.4606142839968,490.69038402427975,699.1509983082766,-0.7943668043746759,22.56440133074008,0.0564479630816619,2.759498200469972,2.204082e-05,32.381349438995656,0.1114024546001217,756.8562472784823,-0.6264943458728923
methanol,BG,BG,solar,BG_H_C_solar_E,Czech Republic,1,2024,172.45378090767008,374.9765984500012,547.4303793576713,-0.7943668043746759,20.192921188248224,0.0506627397536433,2.3880953307855566,0.00025346943,23.438450139177007,0.0806359500997951,593.449846015882,-0.6628146450912374
methanol,BG,BG,solar,BG_H_C_solar_E,Japan,1,2024,204.67042129701508,435.5807704536654,640.2511917506805,-0.7943668043746759,9.224572746193816,0.023905465197621,2.793108423404836,0.0002951020899999,10.92443852443044,0.0375836488544879,663.1933114447097,-0.732582588232567
methanol,BG,BG,solar,BG_H_C_solar_E,Belgium,1,2024,194.24739058281517,457.1375253473925,651.3849159302076,-0.7943668043746759,3.4214706685224665,0.0097488037467934,2.690994348439774,8.448981e-05,30.686449491618188,0.1055714433016215,688.183830438788,-0.678962067516261
methanol,BG,BG,solar,BG_H_C_solar_E,Poland,1,2024,175.2964256479064,410.4479453639558,585.7443710118622,-0.7943668043746759,11.233270499248109,0.0288056812659274,2.5365568889578465,0.000376530675,33.72534462020336,0.1160262384989164,633.2395430202715,-0.6491583539348321
methanol,BG,BG,solar,BG_H_C_solar_E,India,1,2024,167.71603967394287,335.19539437366876,502.9114340476117,-0.7943668043746759,29.393763775113616,0.0731081856240144,2.2627002371650744,0.0004334694599999,5.7104748980090205,0.0196459051766533,540.2783729578994,-0.7011792441140082
methanol,BG,BG,solar,BG_H_C_solar_E,Indonesia,1,2024,152.5552677260158,362.9764875360257,515.5317552620415,-0.7943668043746759,14.675222299770391,0.0372023190844393,2.0309053535795303,0.00039551027,4.197174123187385,0.0144396545483093,536.435057038579,-0.7423293204719273
methanol,BG,BG,solar,BG_H_C_solar_E,South Korea,1,2024,178.1390703881427,393.42620427985673,571.5652746679995,-0.7943668043746759,7.503288733588453,0.0197063946486234,2.3917530921301347,0.00025346943,9.500245533720006,0.0326839582073043,590.960562027438,-0.7417229820887481
methanol,BG,BG,solar,BG_H_C_solar_E,China,1,2024,173.40132915441552,330.73478306375426,504.1361122181698,-0.7943668043746759,78.31080589228577,0.1924412587218022,2.315337598509652,0.0003428572,8.004084356420046,0.027536673411696,592.7663400653853,-0.5740460150411777
methanol,BG,BG,solar,BG_H_C_solar_E,United Arab Emirates,1,2024,180.98171512837908,310.20953728559414,491.1912524139732,-0.7943668043746759,10.915758228841952,0.0280311104142585,2.425112590302424,0.000234489835,12.367972595646318,0.0425498791573762,516.9000958287638,-0.7235513249680412
methanol,BG,BG,solar,BG_H_C_solar_E,United States,1,2024,189.509649349088,405.9374002758536,595.4470496249415,-0.7943668043746759,77.51788024031099,0.1905069174228829,2.558864559819293,0.00023510208,28.546969303384355,0.09821093026968,704.0707637284562,-0.5054138546021131
methanol,BG,BG,solar,BG_H_C_solar_E,Turkey,1,2024,173.40132915441552,360.2110566952992,533.6123858497147,-0.7943668043746759,10.146640984986664,0.026154849702053,2.3502355635096523,0.00028775515,20.122370978977905,0.0692275509905964,566.2316333771888,-0.6986966485320265
methanol,BG,BG,solar,BG_H_C_solar_E,Australia,1,2024,194.24739058281517,392.08764093439646,586.3350315172116,-0.7943668043746759,78.8034842059262,0.1936431469527896,2.673851488439774,0.00033795924,6.415478997478705,0.0220713503339662,674.2278462090563,-0.57831434784792
methanol,BG,BG,solar,BG_H_C_solar_E,Malaysia,1,2024,165.820943180452,337.31491726916846,503.13586044962045,-0.7943668043746759,15.45206399926973,0.0390974235981119,2.238623836716881,0.0003697959799999,0.0,0.0,520.826548285607,-0.7548995847965642
methanol,BG,BG,solar,BG_H_C_solar_E,Canada,1,2024,193.29984233606976,411.37422946041625,604.674071796486,-0.7943668043746759,78.99871720537578,0.1941194176508137,2.5837520507156784,0.0001071428749999,26.728083276427434,0.0919533662227398,712.984624329005,-0.5081868776261226
methanol,BG,BG,solar,BG_H_C_solar_E,Mexico,1,2024,166.76849142719743,336.43646244939566,503.2049538765931,-0.7943668043746759,47.45549617804119,0.1171697629358324,2.301784494440977,0.000321428625,34.96233083444379,0.120281876480666,587.9245653835192,-0.5565937363331775
methanol,BG,BG,solar,BG_H_C_solar_E,Thailand,1,2024,168.66358792068831,327.38920315760356,496.0527910782919,-0.7943668043746759,11.669272719816664,0.0298693082271259,2.276269049889171,0.00033918373,2.9394227465052256,0.0101125776022714,512.937755594503,-0.7540457348152787
methanol,BG,BG,solar,BG_H_C_solar_E,Russia,1,2024,179.08661863488817,355.8435150682855,534.9301337031736,-0.7943668043746759,144.64368452298004,0.3542602467845441,2.3881790448542315,0.000274898005,11.710768464281813,0.0402888815561095,693.6727657352898,-0.39954277802902227
methanol,BG,BG,solar,BG_H_C_solar_E,Saudi Arabia,1,2024,180.98171512837908,322.4578976194906,503.43961274786966,-0.7943668043746759,26.333902875522575,0.0656436581588147,2.3993983003024244,0.00033795924,13.729628827558608,0.0472344228587547,545.9025427512532,-0.6811507641171065
methanol,ATRCCS,DAC,solar,ATRCCS_H_DAC_C_solar_E,South Africa,1,2024,171.99539045238782,569.4471446204454,741.4425350728333,-0.9525991135983558,24.53851842343582,0.0612638196651808,2.3634903994060386,0.0004340817049999,18.087125459571656,0.0622256393808624,786.4316693552468,-0.8286755728473126
methanol,ATRCCS,DAC,solar,ATRCCS_H_DAC_C_solar_E,Taiwan,1,2024,169.2361061135794,786.4191023066207,955.6552084202,-0.9525991135983558,6.525622092765043,0.0173213779005709,2.3754370312337483,0.0003893878199999,6.187684866182444,0.0212876638659976,970.7439524103812,-0.9136006840117875
methanol,ATRCCS,DAC,solar,ATRCCS_H_DAC_C_solar_E,Switzerland,1,2024,203.26727962554924,2220.185878160013,2423.4531577855623,-0.9525991135983558,11.96100749459355,0.0305809949051598,2.9013606570253185,2.2653065e-05,23.89291933624232,0.0821994730835609,2462.2084452734234,-0.8397959925446351
methanol,ATRCCS,DAC,solar,ATRCCS_H_DAC_C_solar_E,Singapore,1,2024,170.1558675598489,2325.3975012072856,2495.5533687671345,-0.9525991135983558,1.0509671989197895,0.0039659630112667,2.4600262639578463,0.000305510255,0.0,0.0,2499.064362230012,-0.948327640332089
methanol,ATRCCS,DAC,solar,ATRCCS_H_DAC_C_solar_E,Hungary,1,2024,165.55706032850165,1119.0935053282667,1284.6505656567683,-0.9525991135983558,18.611567505354483,0.0468050290976679,2.344427090337363,0.0001120408349999,23.265519221402705,0.0800410110669854,1328.8720794738629,-0.8256410325987026
methanol,ATRCCS,DAC,solar,ATRCCS_H_DAC_C_solar_E,Philippines,1,2024,164.63729888223216,789.6223451237529,954.259644005985,-0.9525991135983558,10.107765430778445,0.0260600128282098,2.301470517613267,0.0003753061849999,4.77723291213275,0.0164352468883576,971.4461128665095,-0.9097285476967885
methanol,ATRCCS,DAC,solar,ATRCCS_H_DAC_C_solar_E,Netherlands,1,2024,188.55109648523796,1628.5914960535358,1817.142592538774,-0.9525991135983558,5.11922627434319,0.0138904767720408,2.673239243439774,0.000154897985,30.748135543443095,0.1057836635366315,1855.6831936,-0.8327700753046835
methanol,ATRCCS,DAC,solar,ATRCCS_H_DAC_C_solar_E,Norway,1,2024,208.78584830316595,1361.1462714604845,1569.9321197636502,-0.9525991135983558,21.57408582181769,0.0540320894331074,2.878079638369897,1.8979595e-05,32.62999337783025,0.1122578712392522,1627.0142786016681,-0.7862901733309962
methanol,ATRCCS,DAC,solar,ATRCCS_H_DAC_C_solar_E,Oman,1,2024,175.67443623746564,450.97878966657146,626.6532259040371,-0.9525991135983558,18.344062311311852,0.046152450456501,2.4808268853024247,0.000333673525,11.866993217987575,0.0408263459093141,659.345108318639,-0.8652866437075407
methanol,ATRCCS,DAC,solar,ATRCCS_H_DAC_C_solar_E,Italy,1,2024,176.59419768373508,1761.8483635448383,1938.4425612285736,-0.9525991135983558,11.7952928886772,0.030176734297296,2.651130418026521,0.00017632656,23.438450139177007,0.0806359500997951,1976.3274346744543,-0.8416101026412648
methanol,ATRCCS,DAC,solar,ATRCCS_H_DAC_C_solar_E,Austria,1,2024,191.31038082404632,1566.3526189788245,1757.662999802871,-0.9525991135983558,9.69360858844435,0.0250496776443731,2.747006911612064,6.3061235e-05,23.438450139177007,0.0806359500997951,1793.542065442104,-0.8468504246191877
methanol,ATRCCS,DAC,solar,ATRCCS_H_DAC_C_solar_E,Finland,1,2024,198.668472394202,1673.220855909871,1871.889328304073,-0.9525991135983558,18.67936439460148,0.0469704195380984,2.7447410684048363,4.408164e-05,34.80119959123365,0.1197275321955337,1928.1146333583129,-0.7858570802247237
methanol,ATRCCS,DAC,solar,ATRCCS_H_DAC_C_solar_E,Portugal,1,2024,167.39658322104057,1428.2150057999067,1595.6115890209471,-0.9525991135983558,9.118529180062064,0.0236467720289204,2.338503485785557,6.857144e-05,26.641404839611052,0.0916551639924579,1633.710026526406,-0.8372286061369775
methanol,ATRCCS,DAC,solar,ATRCCS_H_DAC_C_solar_E,Germany,1,2024,189.47085793150745,1489.815281254612,1679.2861391861195,-0.9525991135983558,13.85107818025421,0.0351918203665945,2.718032551163871,0.00021061228,31.450904768439617,0.1082014199933082,1727.3061546859772,-0.8089952609584531
methanol,ATRCCS,DAC,solar,ATRCCS_H_DAC_C_solar_E,Greece,1,2024,169.23610611357947,959.8193391669938,1129.0554452805732,-0.9525991135983558,8.034570812196023,0.0210024567238846,2.4189064262337494,0.0001959184,20.836858989681684,0.0716856239107726,1160.3457815086847,-0.8597151145636986
methanol,ATRCCS,DAC,solar,ATRCCS_H_DAC_C_solar_E,France,1,2024,185.79181214642963,1590.4058949321548,1776.1977070785845,-0.9525991135983558,16.01757606052169,0.0404769896802436,2.609879740267486,2.693878e-05,30.04770400727699,0.1033739494956759,1824.8728668866504,-0.8087212356424363
methanol,ATRCCS,DAC,solar,ATRCCS_H_DAC_C_solar_E,Brazil,1,2024,169.2361061135794,1541.5049441946665,1710.7410503082458,-0.9525991135983558,68.96650800287952,0.1696458537908778,2.3503349862337486,6.3061235e-05,33.11981038844558,0.1139430022863768,1815.1777036858045,-0.6689471962861012
methanol,ATRCCS,DAC,solar,ATRCCS_H_DAC_C_solar_E,United Kingdom,1,2024,195.9091880553936,1293.8032533383566,1489.7124413937502,-0.9525991135983558,12.915972819599244,0.0329106318170113,2.899953030232547,0.000129183695,29.838823491365517,0.1026553320633012,1535.3671907349476,-0.8169039660230433
methanol,ATRCCS,DAC,solar,ATRCCS_H_DAC_C_solar_E,Spain,1,2024,171.07562900611833,1250.3873162951722,1421.4629453012906,-0.9525991135983558,21.385807864799265,0.0535727855538221,2.3805338366819417,8.938776999999999e-05,25.6956650825948,0.0884015092754728,1470.9249520853666,-0.8105354309990609
methanol,ATRCCS,DAC,solar,ATRCCS_H_DAC_C_solar_E,Sweden,1,2024,202.3475181792798,2252.4692336388757,2454.8167518181554,-0.9525991135983558,22.56440133074008,0.0564479630816619,2.759498200469972,2.204082e-05,32.381349438995656,0.1114024546001217,2512.522000788361,-0.7847266550965722
methanol,ATRCCS,DAC,solar,ATRCCS_H_DAC_C_solar_E,Czech Republic,1,2024,167.39658322104057,1273.7657337608714,1441.162316981912,-0.9525991135983558,20.192921188248224,0.0506627397536433,2.3880953307855566,0.00025346943,23.438450139177007,0.0806359500997951,1487.1817836401228,-0.8210469543149174
methanol,ATRCCS,DAC,solar,ATRCCS_H_DAC_C_solar_E,Japan,1,2024,198.668472394202,1379.7360662263611,1578.404538620563,-0.9525991135983558,9.224572746193816,0.023905465197621,2.793108423404836,0.0002951020899999,10.92443852443044,0.0375836488544879,1601.346658314592,-0.8908148974562469
methanol,ATRCCS,DAC,solar,ATRCCS_H_DAC_C_solar_E,Belgium,1,2024,188.55109648523796,1155.970192084447,1344.521288569685,-0.9525991135983558,3.4214706685224665,0.0097488037467934,2.690994348439774,8.448981e-05,30.686449491618188,0.1055714433016215,1381.3202030782654,-0.8371943767399409
methanol,ATRCCS,DAC,solar,ATRCCS_H_DAC_C_solar_E,Poland,1,2024,170.1558675598489,1428.4254778992556,1598.5813454591046,-0.9525991135983558,11.233270499248109,0.0288056812659274,2.5365568889578465,0.000376530675,33.72534462020336,0.1160262384989164,1646.076517467514,-0.807390663158512
methanol,ATRCCS,DAC,solar,ATRCCS_H_DAC_C_solar_E,India,1,2024,162.7977759896933,1016.3858102872742,1179.1835862769676,-0.9525991135983558,29.393763775113616,0.0731081856240144,2.2627002371650744,0.0004334694599999,5.7104748980090205,0.0196459051766533,1216.5505251872555,-0.8594115533376881
methanol,ATRCCS,DAC,solar,ATRCCS_H_DAC_C_solar_E,Indonesia,1,2024,148.08159284938202,1409.5095324312956,1557.5911252806775,-0.9525991135983558,14.675222299770391,0.0372023190844393,2.0309053535795303,0.00039551027,4.197174123187385,0.0144396545483093,1578.4944270572148,-0.9005616296956073
methanol,ATRCCS,DAC,solar,ATRCCS_H_DAC_C_solar_E,South Korea,1,2024,172.91515189865726,1148.0714223160016,1320.986574214659,-0.9525991135983558,7.503288733588453,0.0197063946486234,2.3917530921301347,0.00025346943,9.500245533720006,0.0326839582073043,1340.3818615740977,-0.899955291312428
methanol,ATRCCS,DAC,solar,ATRCCS_H_DAC_C_solar_E,China,1,2024,168.31634466731,1002.090878720504,1170.4072233878142,-0.9525991135983558,78.31080589228577,0.1924412587218022,2.315337598509652,0.0003428572,8.004084356420046,0.027536673411696,1259.0374512350295,-0.7322783242648576
methanol,ATRCCS,DAC,solar,ATRCCS_H_DAC_C_solar_E,United Arab Emirates,1,2024,175.67443623746564,429.02150954292387,604.6959457803895,-0.9525991135983558,10.915758228841952,0.0280311104142585,2.425112590302424,0.000234489835,12.367972595646318,0.0425498791573762,630.4047891951801,-0.8817836341917211
methanol,ATRCCS,DAC,solar,ATRCCS_H_DAC_C_solar_E,United States,1,2024,183.9522892538907,839.8039164471122,1023.756205701003,-0.9525991135983558,77.51788024031099,0.1905069174228829,2.558864559819293,0.00023510208,28.546969303384355,0.09821093026968,1132.3799198045176,-0.663646163825793
methanol,ATRCCS,DAC,solar,ATRCCS_H_DAC_C_solar_E,Turkey,1,2024,168.31634466731,784.997352208888,953.313696876198,-0.9525991135983558,10.146640984986664,0.026154849702053,2.3502355635096523,0.00028775515,20.122370978977905,0.0692275509905964,985.9329444036722,-0.8569289577557064
methanol,ATRCCS,DAC,solar,ATRCCS_H_DAC_C_solar_E,Australia,1,2024,188.55109648523796,933.214897984223,1121.765994469461,-0.9525991135983558,78.8034842059262,0.1936431469527896,2.673851488439774,0.00033795924,6.415478997478705,0.0220713503339662,1209.6588091613057,-0.7365466570715999
methanol,ATRCCS,DAC,solar,ATRCCS_H_DAC_C_solar_E,Malaysia,1,2024,160.9582530971544,735.7239618891533,896.6822149863077,-0.9525991135983558,15.45206399926973,0.0390974235981119,2.238623836716881,0.0003697959799999,0.0,0.0,914.3729028222943,-0.9131318940202441
methanol,ATRCCS,DAC,solar,ATRCCS_H_DAC_C_solar_E,Canada,1,2024,187.63133503896853,716.3526904665206,903.9840255054892,-0.9525991135983558,78.99871720537578,0.1941194176508137,2.5837520507156784,0.0001071428749999,26.728083276427434,0.0919533662227398,1012.2945780380081,-0.6664191868498025
methanol,ATRCCS,DAC,solar,ATRCCS_H_DAC_C_solar_E,Mexico,1,2024,161.87801454342383,607.2254385445867,769.1034530880106,-0.9525991135983558,47.45549617804119,0.1171697629358324,2.301784494440977,0.000321428625,34.96233083444379,0.120281876480666,853.8230645949366,-0.7148260455568575
methanol,ATRCCS,DAC,solar,ATRCCS_H_DAC_C_solar_E,Thailand,1,2024,163.71753743596273,749.6067883979617,913.3243258339244,-0.9525991135983558,11.669272719816664,0.0298693082271259,2.276269049889171,0.00033918373,2.9394227465052256,0.0101125776022714,930.2092903501355,-0.9122780440389586
methanol,ATRCCS,DAC,solar,ATRCCS_H_DAC_C_solar_E,Russia,1,2024,173.83491334492675,568.3875739445836,742.2224872895104,-0.9525991135983558,144.64368452298004,0.3542602467845441,2.3881790448542315,0.000274898005,11.710768464281813,0.0402888815561095,900.9651193216265,-0.5577750872527021
methanol,ATRCCS,DAC,solar,ATRCCS_H_DAC_C_solar_E,Saudi Arabia,1,2024,175.67443623746564,448.78392120739545,624.4583574448611,-0.9525991135983558,26.333902875522575,0.0656436581588147,2.3993983003024244,0.00033795924,13.729628827558608,0.0472344228587547,666.9212874482447,-0.8393830733407864
methanol,BG,DAC,solar,BG_H_DAC_C_solar_E,South Africa,1,2024,177.1915221413973,679.6620550347336,856.8535771761309,-0.9903072594899294,24.53851842343582,0.0612638196651808,2.3634903994060386,0.0004340817049999,18.087125459571656,0.0622256393808624,901.8427114585444,-0.8663837187388862
methanol,BG,DAC,solar,BG_H_DAC_C_solar_E,Taiwan,1,2024,174.34887740116096,665.211111954407,839.559989355568,-0.9903072594899294,6.525622092765043,0.0173213779005709,2.3754370312337483,0.0003893878199999,6.187684866182444,0.0212876638659976,854.6487333457492,-0.9513088299033611
methanol,BG,DAC,solar,BG_H_DAC_C_solar_E,Switzerland,1,2024,209.40816253074223,833.8754479588212,1043.2836104895634,-0.9903072594899294,11.96100749459355,0.0305809949051598,2.9013606570253185,2.2653065e-05,23.89291933624232,0.0821994730835609,1082.0388979774248,-0.8775041384362087
methanol,BG,DAC,solar,BG_H_DAC_C_solar_E,Singapore,1,2024,175.2964256479064,771.0961839812161,946.3926096291224,-0.9903072594899294,1.0509671989197895,0.0039659630112667,2.4600262639578463,0.000305510255,0.0,0.0,949.903603092,-0.9860357862236626
methanol,BG,DAC,solar,BG_H_DAC_C_solar_E,Hungary,1,2024,170.5586844141792,712.3854535403101,882.9441379544893,-0.9903072594899294,18.611567505354483,0.0468050290976679,2.344427090337363,0.0001120408349999,23.265519221402705,0.0800410110669854,927.1656517715838,-0.8633491784902761
methanol,BG,DAC,solar,BG_H_DAC_C_solar_E,Philippines,1,2024,169.61113616743376,667.1399725088019,836.7511086762356,-0.9903072594899294,10.107765430778445,0.0260600128282098,2.301470517613267,0.0003753061849999,4.77723291213275,0.0164352468883576,853.93757753676,-0.947436693588362
methanol,BG,DAC,solar,BG_H_DAC_C_solar_E,Netherlands,1,2024,194.24739058281517,761.7676140053288,956.015004588144,-0.9903072594899294,5.11922627434319,0.0138904767720408,2.673239243439774,0.000154897985,30.748135543443095,0.1057836635366315,994.5556056493701,-0.8704782211962571
methanol,BG,DAC,solar,BG_H_DAC_C_solar_E,Norway,1,2024,215.09345201121488,803.2033578212865,1018.2968098325014,-0.9903072594899294,21.57408582181769,0.0540320894331074,2.878079638369897,1.8979595e-05,32.62999337783025,0.1122578712392522,1075.3789686705193,-0.8239983192225697
methanol,BG,DAC,solar,BG_H_DAC_C_solar_E,Oman,1,2024,180.98171512837908,657.36555064609,838.3472657744691,-0.9903072594899294,18.344062311311852,0.046152450456501,2.4808268853024247,0.000333673525,11.866993217987575,0.0408263459093141,871.0391481890709,-0.9029947895991143
methanol,BG,DAC,solar,BG_H_DAC_C_solar_E,Italy,1,2024,181.9292633751245,757.1706700905512,939.0999334656756,-0.9903072594899294,11.7952928886772,0.030176734297296,2.651130418026521,0.00017632656,23.438450139177007,0.0806359500997951,976.9848069115562,-0.8793182485328384
methanol,BG,DAC,solar,BG_H_DAC_C_solar_E,Austria,1,2024,197.09003532305152,770.5605086997722,967.6505440228236,-0.9903072594899294,9.69360858844435,0.0250496776443731,2.747006911612064,6.3061235e-05,23.438450139177007,0.0806359500997951,1003.529609662057,-0.8845585705107613
methanol,BG,DAC,solar,BG_H_DAC_C_solar_E,Finland,1,2024,204.67042129701508,796.0395537077994,1000.7099750048144,-0.9903072594899294,18.67936439460148,0.0469704195380984,2.7447410684048363,4.408164e-05,34.80119959123365,0.1197275321955337,1056.9352800590545,-0.8235652261162972
methanol,BG,DAC,solar,BG_H_DAC_C_solar_E,Portugal,1,2024,172.45378090767008,700.22727216878,872.6810530764501,-0.9903072594899294,9.118529180062064,0.0236467720289204,2.338503485785557,6.857144e-05,26.641404839611052,0.0916551639924579,910.7794905819087,-0.874936752028551
methanol,BG,DAC,solar,BG_H_DAC_C_solar_E,Germany,1,2024,195.1949388295606,775.4650257050737,970.6599645346344,-0.9903072594899294,13.85107818025421,0.0351918203665945,2.718032551163871,0.00021061228,31.450904768439617,0.1082014199933082,1018.6799800344921,-0.8467034068500267
methanol,BG,DAC,solar,BG_H_DAC_C_solar_E,Greece,1,2024,174.34887740116096,690.6360334911318,864.9849108922928,-0.9903072594899294,8.034570812196023,0.0210024567238846,2.4189064262337494,0.0001959184,20.836858989681684,0.0716856239107726,896.2752471204042,-0.8974232604552722
methanol,BG,DAC,solar,BG_H_DAC_C_solar_E,France,1,2024,191.40474584257888,758.8021940497746,950.2069398923536,-0.9903072594899294,16.01757606052169,0.0404769896802436,2.609879740267486,2.693878e-05,30.04770400727699,0.1033739494956759,998.8820997004198,-0.8464293815340098
methanol,BG,DAC,solar,BG_H_DAC_C_solar_E,Brazil,1,2024,174.34887740116096,707.5700105944269,881.9188879955879,-0.9903072594899294,68.96650800287952,0.1696458537908778,2.3503349862337486,6.3061235e-05,33.11981038844558,0.1139430022863768,986.3555413731467,-0.7066553421776748
methanol,BG,DAC,solar,BG_H_DAC_C_solar_E,United Kingdom,1,2024,201.8277765567787,745.8207903870242,947.648566943803,-0.9903072594899294,12.915972819599244,0.0329106318170113,2.899953030232547,0.000129183695,29.838823491365517,0.1026553320633012,993.3033162850002,-0.8546121119146168
methanol,BG,DAC,solar,BG_H_DAC_C_solar_E,Spain,1,2024,176.24397389465182,711.2008245443163,887.4447984389682,-0.9903072594899294,21.385807864799265,0.0535727855538221,2.3805338366819417,8.938776999999999e-05,25.6956650825948,0.0884015092754728,936.9068052230442,-0.8482435768906345
methanol,BG,DAC,solar,BG_H_DAC_C_solar_E,Sweden,1,2024,208.4606142839968,823.1078078242798,1031.5684221082763,-0.9903072594899294,22.56440133074008,0.0564479630816619,2.759498200469972,2.204082e-05,32.381349438995656,0.1114024546001217,1089.273671078482,-0.8224348009881458
methanol,BG,DAC,solar,BG_H_DAC_C_solar_E,Czech Republic,1,2024,172.45378090767008,707.3940222500013,879.8478031576714,-0.9903072594899294,20.192921188248224,0.0506627397536433,2.3880953307855566,0.00025346943,23.438450139177007,0.0806359500997951,925.8672698158821,-0.8587551002064909
methanol,BG,DAC,solar,BG_H_DAC_C_solar_E,Japan,1,2024,204.67042129701508,767.9981942536654,972.6686155506804,-0.9903072594899294,9.224572746193816,0.023905465197621,2.793108423404836,0.0002951020899999,10.92443852443044,0.0375836488544879,995.6107352447096,-0.9285230433478204
methanol,BG,DAC,solar,BG_H_DAC_C_solar_E,Belgium,1,2024,194.24739058281517,789.5549491473926,983.8023397302076,-0.9903072594899294,3.4214706685224665,0.0097488037467934,2.690994348439774,8.448981e-05,30.686449491618188,0.1055714433016215,1020.601254238788,-0.8749025226315145
methanol,BG,DAC,solar,BG_H_DAC_C_solar_E,Poland,1,2024,175.2964256479064,742.8653691639558,918.1617948118624,-0.9903072594899294,11.233270499248109,0.0288056812659274,2.5365568889578465,0.000376530675,33.72534462020336,0.1160262384989164,965.6569668202717,-0.8450988090500856
methanol,BG,DAC,solar,BG_H_DAC_C_solar_E,India,1,2024,167.71603967394287,667.6128181736686,835.3288578476115,-0.9903072594899294,29.393763775113616,0.0731081856240144,2.2627002371650744,0.0004334694599999,5.7104748980090205,0.0196459051766533,872.6957967578992,-0.8971196992292617
methanol,BG,DAC,solar,BG_H_DAC_C_solar_E,Indonesia,1,2024,152.5552677260158,695.3939113360256,847.9491790620414,-0.9903072594899294,14.675222299770391,0.0372023190844393,2.0309053535795303,0.00039551027,4.197174123187385,0.0144396545483093,868.8524808385788,-0.9382697755871808
methanol,BG,DAC,solar,BG_H_DAC_C_solar_E,South Korea,1,2024,178.1390703881427,725.8436280798568,903.9826984679996,-0.9903072594899294,7.503288733588453,0.0197063946486234,2.3917530921301347,0.00025346943,9.500245533720006,0.0326839582073043,923.3779858274381,-0.9376634372040016
methanol,BG,DAC,solar,BG_H_DAC_C_solar_E,China,1,2024,173.40132915441552,663.1522068637541,836.5535360181697,-0.9903072594899294,78.31080589228577,0.1924412587218022,2.315337598509652,0.0003428572,8.004084356420046,0.027536673411696,925.1837638653852,-0.7699864701564312
methanol,BG,DAC,solar,BG_H_DAC_C_solar_E,United Arab Emirates,1,2024,180.98171512837908,642.6269610855942,823.6086762139732,-0.9903072594899294,10.915758228841952,0.0280311104142585,2.425112590302424,0.000234489835,12.367972595646318,0.0425498791573762,849.3175196287639,-0.9194917800832947
methanol,BG,DAC,solar,BG_H_DAC_C_solar_E,United States,1,2024,189.509649349088,738.3548240758536,927.8644734249416,-0.9903072594899294,77.51788024031099,0.1905069174228829,2.558864559819293,0.00023510208,28.546969303384355,0.09821093026968,1036.4881875284564,-0.7013543097173666
methanol,BG,DAC,solar,BG_H_DAC_C_solar_E,Turkey,1,2024,173.40132915441552,692.6284804952991,866.0298096497146,-0.9903072594899294,10.146640984986664,0.026154849702053,2.3502355635096523,0.00028775515,20.122370978977905,0.0692275509905964,898.6490571771888,-0.89463710364728
methanol,BG,DAC,solar,BG_H_DAC_C_solar_E,Australia,1,2024,194.24739058281517,724.5050647343965,918.7524553172116,-0.9903072594899294,78.8034842059262,0.1936431469527896,2.673851488439774,0.00033795924,6.415478997478705,0.0220713503339662,1006.6452700090563,-0.7742548029631735
methanol,BG,DAC,solar,BG_H_DAC_C_solar_E,Malaysia,1,2024,165.820943180452,669.7323410691685,835.5532842496204,-0.9903072594899294,15.45206399926973,0.0390974235981119,2.238623836716881,0.0003697959799999,0.0,0.0,853.2439720856071,-0.9508400399118176
methanol,BG,DAC,solar,BG_H_DAC_C_solar_E,Canada,1,2024,193.29984233606976,743.7916532604162,937.091495596486,-0.9903072594899294,78.99871720537578,0.1941194176508137,2.5837520507156784,0.0001071428749999,26.728083276427434,0.0919533662227398,1045.402048129005,-0.7041273327413761
methanol,BG,DAC,solar,BG_H_DAC_C_solar_E,Mexico,1,2024,166.76849142719743,668.8538862493957,835.6223776765931,-0.9903072594899294,47.45549617804119,0.1171697629358324,2.301784494440977,0.000321428625,34.96233083444379,0.120281876480666,920.3419891835192,-0.752534191448431
methanol,BG,DAC,solar,BG_H_DAC_C_solar_E,Thailand,1,2024,168.66358792068831,659.8066269576036,828.4702148782919,-0.9903072594899294,11.669272719816664,0.0298693082271259,2.276269049889171,0.00033918373,2.9394227465052256,0.0101125776022714,845.355179394503,-0.9499861899305322
methanol,BG,DAC,solar,BG_H_DAC_C_solar_E,Russia,1,2024,179.08661863488817,688.2609388682855,867.3475575031737,-0.9903072594899294,144.64368452298004,0.3542602467845441,2.3881790448542315,0.000274898005,11.710768464281813,0.0402888815561095,1026.0901895352897,-0.5954832331442756
methanol,BG,DAC,solar,BG_H_DAC_C_solar_E,Saudi Arabia,1,2024,180.98171512837908,654.8753214194905,835.8570365478696,-0.9903072594899294,26.333902875522575,0.0656436581588147,2.3993983003024244,0.00033795924,13.729628827558608,0.0472344228587547,878.3199665512532,-0.87709121923236
methanol,LTE,DAC,solar,LTE_H_DAC_C_solar_E,South Africa,1,2024,204.03355600716057,1180.187446804022,1384.2210028111826,-0.8472042878133865,24.53851842343582,0.0612638196651808,2.3634903994060386,0.0004340817049999,18.087125459571656,0.0622256393808624,1429.2101370935961,-0.7232807470623434
methanol,LTE,DAC,solar,LTE_H_DAC_C_solar_E,Taiwan,1,2024,200.7602904027676,751.374214340318,952.1345047430856,-0.8472042878133865,6.525622092765043,0.0173213779005709,2.3754370312337483,0.0003893878199999,6.187684866182444,0.0212876638659976,967.2232487332668,-0.8082058582268182
methanol,LTE,DAC,solar,LTE_H_DAC_C_solar_E,Switzerland,1,2024,241.13056619028063,1133.296602637576,1374.4271688278568,-0.8472042878133865,11.96100749459355,0.0305809949051598,2.9013606570253185,2.2653065e-05,23.89291933624232,0.0821994730835609,1413.1824563157181,-0.7344011667596658
methanol,LTE,DAC,solar,LTE_H_DAC_C_solar_E,Singapore,1,2024,201.85137893756524,1037.7231949026734,1239.5745738402386,-0.8472042878133865,1.0509671989197895,0.0039659630112667,2.4600262639578463,0.000305510255,0.0,0.0,1243.0855673031162,-0.8429328145471198
methanol,LTE,DAC,solar,LTE_H_DAC_C_solar_E,Hungary,1,2024,196.395936263577,1306.2081417028771,1502.604077966454,-0.8472042878133865,18.611567505354483,0.0468050290976679,2.344427090337363,0.0001120408349999,23.265519221402705,0.0800410110669854,1546.8255917835486,-0.7202462068137333
methanol,LTE,DAC,solar,LTE_H_DAC_C_solar_E,Philippines,1,2024,195.30484772877935,980.056349657034,1175.3611973858133,-0.8472042878133865,10.107765430778445,0.0260600128282098,2.301470517613267,0.0003753061849999,4.77723291213275,0.0164352468883576,1192.547666246338,-0.8043337219118192
methanol,LTE,DAC,solar,LTE_H_DAC_C_solar_E,Netherlands,1,2024,223.67314963351825,1056.3498556105314,1280.0230052440495,-0.8472042878133865,5.11922627434319,0.0138904767720408,2.673239243439774,0.000154897985,30.748135543443095,0.1057836635366315,1318.5636063052757,-0.7273752495197142
methanol,LTE,DAC,solar,LTE_H_DAC_C_solar_E,Norway,1,2024,247.67709739906655,1447.052958740834,1694.7300561399006,-0.8472042878133865,21.57408582181769,0.0540320894331074,2.878079638369897,1.8979595e-05,32.62999337783025,0.1122578712392522,1751.8122149779185,-0.6808953475460269
methanol,LTE,DAC,solar,LTE_H_DAC_C_solar_E,Oman,1,2024,208.39791014635117,847.8725870896407,1056.2704972359918,-0.8472042878133865,18.344062311311852,0.046152450456501,2.4808268853024247,0.000333673525,11.866993217987575,0.0408263459093141,1088.9623796505934,-0.7598918179225714
methanol,LTE,DAC,solar,LTE_H_DAC_C_solar_E,Italy,1,2024,209.4889986811488,991.9698708575204,1201.4588695386692,-0.8472042878133865,11.7952928886772,0.030176734297296,2.651130418026521,0.00017632656,23.438450139177007,0.0806359500997951,1239.3437429845499,-0.7362152768562955
methanol,LTE,DAC,solar,LTE_H_DAC_C_solar_E,Austria,1,2024,226.9464152379112,1099.3352479281943,1326.2816631661055,-0.8472042878133865,9.69360858844435,0.0250496776443731,2.747006911612064,6.3061235e-05,23.438450139177007,0.0806359500997951,1362.1607288053387,-0.7414555988342184
methanol,LTE,DAC,solar,LTE_H_DAC_C_solar_E,Finland,1,2024,235.6751235162924,1430.8171656831546,1666.492289199447,-0.8472042878133865,18.67936439460148,0.0469704195380984,2.7447410684048363,4.408164e-05,34.80119959123365,0.1197275321955337,1722.717594253687,-0.6804622544397544
methanol,LTE,DAC,solar,LTE_H_DAC_C_solar_E,Portugal,1,2024,198.5781133331723,871.7105303215865,1070.2886436547587,-0.8472042878133865,9.118529180062064,0.0236467720289204,2.338503485785557,6.857144e-05,26.641404839611052,0.0916551639924579,1108.3870811602176,-0.7318337803520082
methanol,LTE,DAC,solar,LTE_H_DAC_C_solar_E,Germany,1,2024,224.7642381683159,1107.8810305581762,1332.645268726492,-0.8472042878133865,13.85107818025421,0.0351918203665945,2.718032551163871,0.00021061228,31.450904768439617,0.1082014199933082,1380.6652842263497,-0.7036004351734838
methanol,LTE,DAC,solar,LTE_H_DAC_C_solar_E,Greece,1,2024,200.7602904027676,876.7446376963438,1077.504928099111,-0.8472042878133865,8.034570812196023,0.0210024567238846,2.4189064262337494,0.0001959184,20.836858989681684,0.0716856239107726,1108.7952643272226,-0.7543202887787294
methanol,LTE,DAC,solar,LTE_H_DAC_C_solar_E,France,1,2024,220.3998840291253,957.7917092913542,1178.1915933204796,-0.8472042878133865,16.01757606052169,0.0404769896802436,2.609879740267486,2.693878e-05,30.04770400727699,0.1033739494956759,1226.8667531285455,-0.703326409857467
methanol,LTE,DAC,solar,LTE_H_DAC_C_solar_E,Brazil,1,2024,200.7602904027676,1009.7335288137874,1210.493819216555,-0.8472042878133865,68.96650800287952,0.1696458537908778,2.3503349862337486,6.3061235e-05,33.11981038844558,0.1139430022863768,1314.9304725941138,-0.5635523705011319
methanol,LTE,DAC,solar,LTE_H_DAC_C_solar_E,United Kingdom,1,2024,232.40185791189944,1155.715915120211,1388.1177730321108,-0.8472042878133865,12.915972819599244,0.0329106318170113,2.899953030232547,0.000129183695,29.838823491365517,0.1026553320633012,1433.7725223733082,-0.711509140238074
methanol,LTE,DAC,solar,LTE_H_DAC_C_solar_E,Spain,1,2024,202.9424674723629,807.8758003448844,1010.8182678172471,-0.8472042878133865,21.385807864799265,0.0535727855538221,2.3805338366819417,8.938776999999999e-05,25.6956650825948,0.0884015092754728,1060.280274601323,-0.7051406052140916
methanol,LTE,DAC,solar,LTE_H_DAC_C_solar_E,Sweden,1,2024,240.03947765548304,1435.547118250684,1675.586595906167,-0.8472042878133865,22.56440133074008,0.0564479630816619,2.759498200469972,2.204082e-05,32.381349438995656,0.1114024546001217,1733.2918448763728,-0.679331829311603
methanol,LTE,DAC,solar,LTE_H_DAC_C_solar_E,Czech Republic,1,2024,198.5781133331723,1057.325211025378,1255.9033243585502,-0.8472042878133865,20.192921188248224,0.0506627397536433,2.3880953307855566,0.00025346943,23.438450139177007,0.0806359500997951,1301.922791016761,-0.7156521285299481
methanol,LTE,DAC,solar,LTE_H_DAC_C_solar_E,Japan,1,2024,235.6751235162924,1516.7983090406976,1752.47343255699,-0.8472042878133865,9.224572746193816,0.023905465197621,2.793108423404836,0.0002951020899999,10.92443852443044,0.0375836488544879,1775.415552251019,-0.7854200716712776
methanol,LTE,DAC,solar,LTE_H_DAC_C_solar_E,Belgium,1,2024,223.67314963351825,1415.5684796199305,1639.2416292534488,-0.8472042878133865,3.4214706685224665,0.0097488037467934,2.690994348439774,8.448981e-05,30.686449491618188,0.1055714433016215,1676.040543762029,-0.7317995509549716
methanol,LTE,DAC,solar,LTE_H_DAC_C_solar_E,Poland,1,2024,201.85137893756524,1583.8585206035134,1785.7098995410786,-0.8472042878133865,11.233270499248109,0.0288056812659274,2.5365568889578465,0.000376530675,33.72534462020336,0.1160262384989164,1833.205071549488,-0.7019958373735428
methanol,LTE,DAC,solar,LTE_H_DAC_C_solar_E,India,1,2024,193.122670659184,875.8963400669858,1069.01901072617,-0.8472042878133865,29.393763775113616,0.0731081856240144,2.2627002371650744,0.0004334694599999,5.7104748980090205,0.0196459051766533,1106.385949636458,-0.7540167275527189
methanol,LTE,DAC,solar,LTE_H_DAC_C_solar_E,Indonesia,1,2024,175.6652541024216,1108.8865129126957,1284.551767015117,-0.8472042878133865,14.675222299770391,0.0372023190844393,2.0309053535795303,0.00039551027,4.197174123187385,0.0144396545483093,1305.4550687916544,-0.795166803910638
methanol,LTE,DAC,solar,LTE_H_DAC_C_solar_E,South Korea,1,2024,205.1246445419582,1122.715760530004,1327.840405071962,-0.8472042878133865,7.503288733588453,0.0197063946486234,2.3917530921301347,0.00025346943,9.500245533720006,0.0326839582073043,1347.2356924314008,-0.7945604655274587
methanol,LTE,DAC,solar,LTE_H_DAC_C_solar_E,China,1,2024,199.66920186796995,743.1458740067409,942.8150758747108,-0.8472042878133865,78.31080589228577,0.1924412587218022,2.315337598509652,0.0003428572,8.004084356420046,0.027536673411696,1031.4453037219264,-0.6268834984798883
methanol,LTE,DAC,solar,LTE_H_DAC_C_solar_E,United Arab Emirates,1,2024,208.39791014635117,642.068339381896,850.4662495282471,-0.8472042878133865,10.915758228841952,0.0280311104142585,2.425112590302424,0.000234489835,12.367972595646318,0.0425498791573762,876.1750929430377,-0.7763888084067518
methanol,LTE,DAC,solar,LTE_H_DAC_C_solar_E,United States,1,2024,218.21770695953,1037.7671783385583,1255.9848852980883,-0.8472042878133865,77.51788024031099,0.1905069174228829,2.558864559819293,0.00023510208,28.546969303384355,0.09821093026968,1364.608599401603,-0.5582513380408237
methanol,LTE,DAC,solar,LTE_H_DAC_C_solar_E,Turkey,1,2024,199.66920186796995,1264.3560412316026,1464.0252430995724,-0.8472042878133865,10.146640984986664,0.026154849702053,2.3502355635096523,0.00028775515,20.122370978977905,0.0692275509905964,1496.6444906270465,-0.7515341319707372
methanol,LTE,DAC,solar,LTE_H_DAC_C_solar_E,Australia,1,2024,223.67314963351825,781.5433741623176,1005.216523795836,-0.8472042878133865,78.8034842059262,0.1936431469527896,2.673851488439774,0.00033795924,6.415478997478705,0.0220713503339662,1093.1093384876806,-0.6311518312866307
methanol,LTE,DAC,solar,LTE_H_DAC_C_solar_E,Malaysia,1,2024,190.94049358958875,1024.3270676109182,1215.2675612005069,-0.8472042878133865,15.45206399926973,0.0390974235981119,2.238623836716881,0.0003697959799999,0.0,0.0,1232.9582490364935,-0.8077370682352748
methanol,LTE,DAC,solar,LTE_H_DAC_C_solar_E,Canada,1,2024,222.58206109872057,1419.5291243299423,1642.1111854286628,-0.8472042878133865,78.99871720537578,0.1941194176508137,2.5837520507156784,0.0001071428749999,26.728083276427434,0.0919533662227398,1750.4217379611816,-0.5610243610648332
methanol,LTE,DAC,solar,LTE_H_DAC_C_solar_E,Mexico,1,2024,192.0315821243864,1063.9275637139474,1255.9591458383338,-0.8472042878133865,47.45549617804119,0.1171697629358324,2.301784494440977,0.000321428625,34.96233083444379,0.120281876480666,1340.6787573452596,-0.6094312197718882
methanol,LTE,DAC,solar,LTE_H_DAC_C_solar_E,Thailand,1,2024,194.2137591939817,900.9466119822032,1095.160371176185,-0.8472042878133865,11.669272719816664,0.0298693082271259,2.276269049889171,0.00033918373,2.9394227465052256,0.0101125776022714,1112.045335692396,-0.8068832182539893
methanol,LTE,DAC,solar,LTE_H_DAC_C_solar_E,Russia,1,2024,206.21573307675584,1374.6596929905463,1580.8754260673024,-0.8472042878133865,144.64368452298004,0.3542602467845441,2.3881790448542315,0.000274898005,11.710768464281813,0.0402888815561095,1739.6180580994185,-0.4523802614677329
methanol,LTE,DAC,solar,LTE_H_DAC_C_solar_E,Saudi Arabia,1,2024,208.39791014635117,838.8266394841971,1047.2245496305484,-0.8472042878133865,26.333902875522575,0.0656436581588147,2.3993983003024244,0.00033795924,13.729628827558608,0.0472344228587547,1089.687479633932,-0.7339882475558172
methanol,SMR,DAC,solar,SMR_H_DAC_C_solar_E,South Africa,1,2024,133.69110276099715,524.3550074920797,658.0461102530769,0.9171107006849072,24.53851842343582,0.0612638196651808,2.3634903994060386,0.0004340817049999,18.087125459571656,0.0622256393808624,703.0352445354904,1.0410342414359504
methanol,SMR,DAC,solar,SMR_H_DAC_C_solar_E,Taiwan,1,2024,131.54632571135548,733.1484540117034,864.6947797230589,0.9171107006849072,6.525622092765043,0.0173213779005709,2.3754370312337483,0.0003893878199999,6.187684866182444,0.0212876638659976,879.7835237132401,0.9561091302714755
methanol,SMR,DAC,solar,SMR_H_DAC_C_solar_E,Switzerland,1,2024,157.99857599026936,2039.1519106705043,2197.150486660774,0.9171107006849072,11.96100749459355,0.0305809949051598,2.9013606570253185,2.2653065e-05,23.89291933624232,0.0821994730835609,2235.905774148635,1.0299138217386279
methanol,SMR,DAC,solar,SMR_H_DAC_C_solar_E,Singapore,1,2024,132.26125139456937,2128.827754175366,2261.089005569935,0.9171107006849072,1.0509671989197895,0.0039659630112667,2.4600262639578463,0.000305510255,0.0,0.0,2264.599999032813,0.9213821739511739
methanol,SMR,DAC,solar,SMR_H_DAC_C_solar_E,Hungary,1,2024,128.68662297849994,1019.3059575448308,1147.9925805233306,0.9171107006849072,18.611567505354483,0.0468050290976679,2.344427090337363,0.0001120408349999,23.265519221402705,0.0800410110669854,1192.2140943404252,1.0440687816845604
methanol,SMR,DAC,solar,SMR_H_DAC_C_solar_E,Philippines,1,2024,127.97169729528603,728.0433101365261,856.0150074318121,0.9171107006849072,10.107765430778445,0.0260600128282098,2.301470517613267,0.0003753061849999,4.77723291213275,0.0164352468883576,873.2014762923366,0.9599812665864745
methanol,SMR,DAC,solar,SMR_H_DAC_C_solar_E,Netherlands,1,2024,146.55976505884712,1498.2704015605998,1644.830166619447,0.9171107006849072,5.11922627434319,0.0138904767720408,2.673239243439774,0.000154897985,30.748135543443095,0.1057836635366315,1683.3707676806732,1.0369397389785795
methanol,SMR,DAC,solar,SMR_H_DAC_C_solar_E,Norway,1,2024,162.2881300895527,1246.7147613090065,1409.002891398559,0.9171107006849072,21.57408582181769,0.0540320894331074,2.878079638369897,1.8979595e-05,32.62999337783025,0.1122578712392522,1466.085050236577,1.0834196409522667
methanol,SMR,DAC,solar,SMR_H_DAC_C_solar_E,Oman,1,2024,136.55080549385272,428.4636451209228,565.0144506147756,0.9171107006849072,18.344062311311852,0.046152450456501,2.4808268853024247,0.000333673525,11.866993217987575,0.0408263459093141,597.7063330293774,1.0044231705757223
methanol,SMR,DAC,solar,SMR_H_DAC_C_solar_E,Italy,1,2024,137.26573117706658,1618.5615719684947,1755.8273031455612,0.9171107006849072,11.7952928886772,0.030176734297296,2.651130418026521,0.00017632656,23.438450139177007,0.0806359500997951,1793.7121765914421,1.0280997116419983
methanol,SMR,DAC,solar,SMR_H_DAC_C_solar_E,Austria,1,2024,148.70454210848882,1440.4582394961649,1589.1627816046537,0.9171107006849072,9.69360858844435,0.0250496776443731,2.747006911612064,6.3061235e-05,23.438450139177007,0.0806359500997951,1625.0418472438869,1.0228593896640754
methanol,SMR,DAC,solar,SMR_H_DAC_C_solar_E,Finland,1,2024,154.42394757419993,1528.6366795345864,1683.0606271087863,0.9171107006849072,18.67936439460148,0.0469704195380984,2.7447410684048363,4.408164e-05,34.80119959123365,0.1197275321955337,1739.2859321630262,1.0838527340585393
methanol,SMR,DAC,solar,SMR_H_DAC_C_solar_E,Portugal,1,2024,130.1164743449277,1316.5991670335288,1446.7156413784564,0.9171107006849072,9.118529180062064,0.0236467720289204,2.338503485785557,6.857144e-05,26.641404839611052,0.0916551639924579,1484.8140788839153,1.0324812081462855
methanol,SMR,DAC,solar,SMR_H_DAC_C_solar_E,Germany,1,2024,147.27469074206104,1373.921853994829,1521.19654473689,0.9171107006849072,13.85107818025421,0.0351918203665945,2.718032551163871,0.00021061228,31.450904768439617,0.1082014199933082,1569.2165602367477,1.06071455332481
methanol,SMR,DAC,solar,SMR_H_DAC_C_solar_E,Greece,1,2024,131.5463257113555,889.6485631488378,1021.1948888601931,0.9171107006849072,8.034570812196023,0.0210024567238846,2.4189064262337494,0.0001959184,20.836858989681684,0.0716856239107726,1052.4852250883046,1.0099946997195643
methanol,SMR,DAC,solar,SMR_H_DAC_C_solar_E,France,1,2024,144.4149880092055,1466.685950759798,1611.1009387690035,0.9171107006849072,16.01757606052169,0.0404769896802436,2.609879740267486,2.693878e-05,30.04770400727699,0.1033739494956759,1659.7760985770694,1.0609885786408266
methanol,SMR,DAC,solar,SMR_H_DAC_C_solar_E,Brazil,1,2024,131.54632571135548,1412.3034698494594,1543.8497955608148,0.9171107006849072,68.96650800287952,0.1696458537908778,2.3503349862337486,6.3061235e-05,33.11981038844558,0.1139430022863768,1648.2864489383735,1.2007626179971618
methanol,SMR,DAC,solar,SMR_H_DAC_C_solar_E,United Kingdom,1,2024,152.27917052455825,1189.798727883778,1342.0778984083363,0.9171107006849072,12.915972819599244,0.0329106318170113,2.899953030232547,0.000129183695,29.838823491365517,0.1026553320633012,1387.7326477495337,1.0528058482602196
methanol,SMR,DAC,solar,SMR_H_DAC_C_solar_E,Spain,1,2024,132.97617707778326,1159.8975247727053,1292.8737018504885,0.9171107006849072,21.385807864799265,0.0535727855538221,2.3805338366819417,8.938776999999999e-05,25.6956650825948,0.0884015092754728,1342.3357086345645,1.059174383284202
methanol,SMR,DAC,solar,SMR_H_DAC_C_solar_E,Sweden,1,2024,157.2836503070555,2055.670289904849,2212.9539402119044,0.9171107006849072,22.56440133074008,0.0564479630816619,2.759498200469972,2.204082e-05,32.381349438995656,0.1114024546001217,2270.65918918211,1.0849831591866907
methanol,SMR,DAC,solar,SMR_H_DAC_C_solar_E,Czech Republic,1,2024,130.1164743449277,1172.985020018796,1303.1014943637238,0.9171107006849072,20.192921188248224,0.0506627397536433,2.3880953307855566,0.00025346943,23.438450139177007,0.0806359500997951,1349.1209610219344,1.0486628599683456
methanol,SMR,DAC,solar,SMR_H_DAC_C_solar_E,Japan,1,2024,154.42394757419993,1252.1784931877314,1406.6024407619311,0.9171107006849072,9.224572746193816,0.023905465197621,2.793108423404836,0.0002951020899999,10.92443852443044,0.0375836488544879,1429.5445604559602,0.9788949168270161
methanol,SMR,DAC,solar,SMR_H_DAC_C_solar_E,Belgium,1,2024,146.55976505884712,1059.7277480491994,1206.2875131080464,0.9171107006849072,3.4214706685224665,0.0097488037467934,2.690994348439774,8.448981e-05,30.686449491618188,0.1055714433016215,1243.0864276166267,1.032515437543322
methanol,SMR,DAC,solar,SMR_H_DAC_C_solar_E,Poland,1,2024,132.26125139456937,1293.176733384632,1425.437984779201,0.9171107006849072,11.233270499248109,0.0288056812659274,2.5365568889578465,0.000376530675,33.72534462020336,0.1160262384989164,1472.9331567876104,1.062319151124751
methanol,SMR,DAC,solar,SMR_H_DAC_C_solar_E,India,1,2024,126.54184592885824,936.49131852614,1063.0331644549983,0.9171107006849072,29.393763775113616,0.0731081856240144,2.2627002371650744,0.0004334694599999,5.7104748980090205,0.0196459051766533,1100.4001033652862,1.0102982609455748
methanol,SMR,DAC,solar,SMR_H_DAC_C_solar_E,Indonesia,1,2024,115.10303499743604,1286.6599596268998,1401.7629946243358,0.9171107006849072,14.675222299770391,0.0372023190844393,2.0309053535795303,0.00039551027,4.197174123187385,0.0144396545483093,1422.666296400873,0.9691481845876557
methanol,SMR,DAC,solar,SMR_H_DAC_C_solar_E,South Korea,1,2024,134.40602844421105,1052.8757411124022,1187.2817695566132,0.9171107006849072,7.503288733588453,0.0197063946486234,2.3917530921301347,0.00025346943,9.500245533720006,0.0326839582073043,1206.677056916052,0.969754522970835
methanol,SMR,DAC,solar,SMR_H_DAC_C_solar_E,China,1,2024,130.8314000281416,928.645120776103,1059.4765208042445,0.9171107006849072,78.31080589228577,0.1924412587218022,2.315337598509652,0.0003428572,8.004084356420046,0.027536673411696,1148.1067486514598,1.1374314900184053
methanol,SMR,DAC,solar,SMR_H_DAC_C_solar_E,United Arab Emirates,1,2024,136.55080549385272,414.0840774488051,550.6348829426578,0.9171107006849072,10.915758228841952,0.0280311104142585,2.425112590302424,0.000234489835,12.367972595646318,0.0425498791573762,576.3437263574484,0.9879261800915419
methanol,SMR,DAC,solar,SMR_H_DAC_C_solar_E,United States,1,2024,142.98513664277772,781.9975060108471,924.9826426536248,0.9171107006849072,77.51788024031099,0.1905069174228829,2.558864559819293,0.00023510208,28.546969303384355,0.09821093026968,1033.6063567571396,1.2060636504574702
methanol,SMR,DAC,solar,SMR_H_DAC_C_solar_E,Turkey,1,2024,130.8314000281416,715.2370626886868,846.0684627168284,0.9171107006849072,10.146640984986664,0.026154849702053,2.3502355635096523,0.00028775515,20.122370978977905,0.0692275509905964,878.6877102443026,1.0127808565275565
methanol,SMR,DAC,solar,SMR_H_DAC_C_solar_E,Australia,1,2024,146.55976505884712,876.6501746626594,1023.2099397215064,0.9171107006849072,78.8034842059262,0.1936431469527896,2.673851488439774,0.00033795924,6.415478997478705,0.0220713503339662,1111.102754413351,1.133163157211663
methanol,SMR,DAC,solar,SMR_H_DAC_C_solar_E,Malaysia,1,2024,125.1119945624305,676.9737373888019,802.0857319512323,0.9171107006849072,15.45206399926973,0.0390974235981119,2.238623836716881,0.0003697959799999,0.0,0.0,819.776419787219,0.9565779202630189
methanol,SMR,DAC,solar,SMR_H_DAC_C_solar_E,Canada,1,2024,145.84483937563326,655.9123144057938,801.7571537814271,0.9171107006849072,78.99871720537578,0.1941194176508137,2.5837520507156784,0.0001071428749999,26.728083276427434,0.0919533662227398,910.067706313946,1.2032906274334607
methanol,SMR,DAC,solar,SMR_H_DAC_C_solar_E,Mexico,1,2024,125.82692024564436,559.807123300522,685.6340435461664,0.9171107006849072,47.45549617804119,0.1171697629358324,2.301784494440977,0.000321428625,34.96233083444379,0.120281876480666,770.3536550530923,1.1548837687264055
methanol,SMR,DAC,solar,SMR_H_DAC_C_solar_E,Thailand,1,2024,127.25677161207216,693.7879766394889,821.044748251561,0.9171107006849072,11.669272719816664,0.0298693082271259,2.276269049889171,0.00033918373,2.9394227465052256,0.0101125776022714,837.9297127677721,0.9574317702443044
methanol,SMR,DAC,solar,SMR_H_DAC_C_solar_E,Russia,1,2024,135.12095412742494,514.3520023287922,649.4729564562172,0.9171107006849072,144.64368452298004,0.3542602467845441,2.3881790448542315,0.000274898005,11.710768464281813,0.0402888815561095,808.2155884883333,1.3119347270305608
methanol,SMR,DAC,solar,SMR_H_DAC_C_solar_E,Saudi Arabia,1,2024,136.55080549385272,425.6169914605419,562.1677969543946,0.9171107006849072,26.333902875522575,0.0656436581588147,2.3993983003024244,0.00033795924,13.729628827558608,0.0472344228587547,604.6307269577782,1.0303267409424766
methanol,SMRCCS,DAC,solar,SMRCCS_H_DAC_C_solar_E,South Africa,1,2024,189.57875801038116,585.299423808572,774.8781818189532,-0.8400503847415564,24.53851842343582,0.0612638196651808,2.3634903994060386,0.0004340817049999,18.087125459571656,0.0622256393808624,819.8673161013667,-0.7161268439905132
methanol,SMRCCS,DAC,solar,SMRCCS_H_DAC_C_solar_E,Taiwan,1,2024,186.53738756101671,848.5288404296912,1035.0662279907078,-0.8400503847415564,6.525622092765043,0.0173213779005709,2.3754370312337483,0.0003893878199999,6.187684866182444,0.0212876638659976,1050.154971980889,-0.8010519551549881
methanol,SMRCCS,DAC,solar,SMRCCS_H_DAC_C_solar_E,Switzerland,1,2024,224.04762310317773,2514.0578476093865,2738.105470712564,-0.8400503847415564,11.96100749459355,0.0305809949051598,2.9013606570253185,2.2653065e-05,23.89291933624232,0.0821994730835609,2776.860758200425,-0.7272472636878357
methanol,SMRCCS,DAC,solar,SMRCCS_H_DAC_C_solar_E,Singapore,1,2024,187.5511777108049,2639.904879519338,2827.456057230143,-0.8400503847415564,1.0509671989197895,0.0039659630112667,2.4600262639578463,0.000305510255,0.0,0.0,2830.9670506930206,-0.8357789114752896
methanol,SMRCCS,DAC,solar,SMRCCS_H_DAC_C_solar_E,Hungary,1,2024,182.48222696186423,1221.487684690056,1403.96991165192,-0.8400503847415564,18.611567505354483,0.0468050290976679,2.344427090337363,0.0001120408349999,23.265519221402705,0.0800410110669854,1448.1914254690146,-0.7130923037419031
methanol,SMRCCS,DAC,solar,SMRCCS_H_DAC_C_solar_E,Philippines,1,2024,181.46843681207605,846.5774098287645,1028.0458466408406,-0.8400503847415564,10.107765430778445,0.0260600128282098,2.301470517613267,0.0003753061849999,4.77723291213275,0.0164352468883576,1045.2323155013653,-0.797179818839989
methanol,SMRCCS,DAC,solar,SMRCCS_H_DAC_C_solar_E,Netherlands,1,2024,207.82698070656755,1826.852253915352,2034.6792346219197,-0.8400503847415564,5.11922627434319,0.0138904767720408,2.673239243439774,0.000154897985,30.748135543443095,0.1057836635366315,2073.219835683146,-0.720221346447884
methanol,SMRCCS,DAC,solar,SMRCCS_H_DAC_C_solar_E,Norway,1,2024,230.1303640019065,1501.789698245151,1731.9200622470576,-0.8400503847415564,21.57408582181769,0.0540320894331074,2.878079638369897,1.8979595e-05,32.62999337783025,0.1122578712392522,1789.0022210850755,-0.6737414444741967
methanol,SMRCCS,DAC,solar,SMRCCS_H_DAC_C_solar_E,Oman,1,2024,193.63391860953368,458.8585254863829,652.4924440959167,-0.8400503847415564,18.344062311311852,0.046152450456501,2.4808268853024247,0.000333673525,11.866993217987575,0.0408263459093141,685.1843265105185,-0.7527379148507413
methanol,SMRCCS,DAC,solar,SMRCCS_H_DAC_C_solar_E,Italy,1,2024,194.6477087593218,1981.3148354372877,2175.962544196609,-0.8400503847415564,11.7952928886772,0.030176734297296,2.651130418026521,0.00017632656,23.438450139177007,0.0806359500997951,2213.8474176424897,-0.7290613737844653
methanol,SMRCCS,DAC,solar,SMRCCS_H_DAC_C_solar_E,Austria,1,2024,210.868351155932,1750.9877727957396,1961.8561239516716,-0.8400503847415564,9.69360858844435,0.0250496776443731,2.747006911612064,6.3061235e-05,23.438450139177007,0.0806359500997951,1997.735189590905,-0.7343016957623882
methanol,SMRCCS,DAC,solar,SMRCCS_H_DAC_C_solar_E,Finland,1,2024,218.97867235423703,1867.5688853278089,2086.547557682046,-0.8400503847415564,18.67936439460148,0.0469704195380984,2.7447410684048363,4.408164e-05,34.80119959123365,0.1197275321955337,2142.7728627362862,-0.6733083513679242
methanol,SMRCCS,DAC,solar,SMRCCS_H_DAC_C_solar_E,Portugal,1,2024,184.50980726144044,1599.891618408442,1784.4014256698829,-0.8400503847415564,9.118529180062064,0.0236467720289204,2.338503485785557,6.857144e-05,26.641404839611052,0.0916551639924579,1822.4998631753417,-0.724679877280178
methanol,SMRCCS,DAC,solar,SMRCCS_H_DAC_C_solar_E,Germany,1,2024,208.8407708563557,1664.603380215192,1873.4441510715476,-0.8400503847415564,13.85107818025421,0.0351918203665945,2.718032551163871,0.00021061228,31.450904768439617,0.1082014199933082,1921.4641665714053,-0.6964465321016536
methanol,SMRCCS,DAC,solar,SMRCCS_H_DAC_C_solar_E,Greece,1,2024,186.53738756101671,1048.9427190012034,1235.48010656222,-0.8400503847415564,8.034570812196023,0.0210024567238846,2.4189064262337494,0.0001959184,20.836858989681684,0.0716856239107726,1266.7704427903316,-0.7471663857068992
methanol,SMRCCS,DAC,solar,SMRCCS_H_DAC_C_solar_E,France,1,2024,204.78561025720316,1784.2530040504844,1989.0386143076876,-0.8400503847415564,16.01757606052169,0.0404769896802436,2.609879740267486,2.693878e-05,30.04770400727699,0.1033739494956759,2037.7137741157535,-0.6961725067856368
methanol,SMRCCS,DAC,solar,SMRCCS_H_DAC_C_solar_E,Brazil,1,2024,186.53738756101671,1724.7375927434698,1911.2749803044865,-0.8400503847415564,68.96650800287952,0.1696458537908778,2.3503349862337486,6.3061235e-05,33.11981038844558,0.1139430022863768,2015.7116336820452,-0.5563984674293018
methanol,SMRCCS,DAC,solar,SMRCCS_H_DAC_C_solar_E,United Kingdom,1,2024,215.93730190487264,1433.2274855453957,1649.1647874502682,-0.8400503847415564,12.915972819599244,0.0329106318170113,2.899953030232547,0.000129183695,29.838823491365517,0.1026553320633012,1694.8195367914657,-0.7043552371662438
methanol,SMRCCS,DAC,solar,SMRCCS_H_DAC_C_solar_E,Spain,1,2024,188.564967860593,1393.5797574376725,1582.1447252982657,-0.8400503847415564,21.385807864799265,0.0535727855538221,2.3805338366819417,8.938776999999999e-05,25.6956650825948,0.0884015092754728,1631.6067320823418,-0.6979867021422614
methanol,SMRCCS,DAC,solar,SMRCCS_H_DAC_C_solar_E,Sweden,1,2024,223.0338329533896,2544.313825758513,2767.3476587119026,-0.8400503847415564,22.56440133074008,0.0564479630816619,2.759498200469972,2.204082e-05,32.381349438995656,0.1114024546001217,2825.052907682108,-0.6721779262397728
methanol,SMRCCS,DAC,solar,SMRCCS_H_DAC_C_solar_E,Czech Republic,1,2024,184.50980726144044,1417.1783771797805,1601.688184441221,-0.8400503847415564,20.192921188248224,0.0506627397536433,2.3880953307855566,0.00025346943,23.438450139177007,0.0806359500997951,1647.7076510994316,-0.7084982254581179
methanol,SMRCCS,DAC,solar,SMRCCS_H_DAC_C_solar_E,Japan,1,2024,218.97867235423703,1516.3554723684088,1735.3341447226458,-0.8400503847415564,9.224572746193816,0.023905465197621,2.793108423404836,0.0002951020899999,10.92443852443044,0.0375836488544879,1758.2762644166748,-0.7782661685994474
methanol,SMRCCS,DAC,solar,SMRCCS_H_DAC_C_solar_E,Belgium,1,2024,207.82698070656755,1261.2539257800622,1469.0809064866298,-0.8400503847415564,3.4214706685224665,0.0097488037467934,2.690994348439774,8.448981e-05,30.686449491618188,0.1055714433016215,1505.8798209952101,-0.7246456478831415
methanol,SMRCCS,DAC,solar,SMRCCS_H_DAC_C_solar_E,Poland,1,2024,187.5511777108049,1576.118519185159,1763.6696968959636,-0.8400503847415564,11.233270499248109,0.0288056812659274,2.5365568889578465,0.000376530675,33.72534462020336,0.1160262384989164,1811.164868904373,-0.6948419343017126
methanol,SMRCCS,DAC,solar,SMRCCS_H_DAC_C_solar_E,India,1,2024,179.4408565124998,1113.7782917451214,1293.219148257621,-0.8400503847415564,29.393763775113616,0.0731081856240144,2.2627002371650744,0.0004334694599999,5.7104748980090205,0.0196459051766533,1330.586087167909,-0.7468628244808887
methanol,SMRCCS,DAC,solar,SMRCCS_H_DAC_C_solar_E,Indonesia,1,2024,163.22021411588963,1566.137401145998,1729.3576152618875,-0.8400503847415564,14.675222299770391,0.0372023190844393,2.0309053535795303,0.00039551027,4.197174123187385,0.0144396545483093,1750.2609170384249,-0.7880129008388078
methanol,SMRCCS,DAC,solar,SMRCCS_H_DAC_C_solar_E,South Korea,1,2024,190.5925481601693,1257.9726583654165,1448.5652065255858,-0.8400503847415564,7.503288733588453,0.0197063946486234,2.3917530921301347,0.00025346943,9.500245533720006,0.0326839582073043,1467.9604938850246,-0.7874065624556286
methanol,SMRCCS,DAC,solar,SMRCCS_H_DAC_C_solar_E,China,1,2024,185.5235974112286,1101.8696744820545,1287.393271893283,-0.8400503847415564,78.31080589228577,0.1924412587218022,2.315337598509652,0.0003428572,8.004084356420046,0.027536673411696,1376.0234997404984,-0.6197295954080582
methanol,SMRCCS,DAC,solar,SMRCCS_H_DAC_C_solar_E,United Arab Emirates,1,2024,193.63391860953368,438.6134814596482,632.2474000691818,-0.8400503847415564,10.915758228841952,0.0280311104142585,2.425112590302424,0.000234489835,12.367972595646318,0.0425498791573762,657.9562434839725,-0.7692349053349217
methanol,SMRCCS,DAC,solar,SMRCCS_H_DAC_C_solar_E,United States,1,2024,202.7580299576269,903.9356663129014,1106.6936962705283,-0.8400503847415564,77.51788024031099,0.1905069174228829,2.558864559819293,0.00023510208,28.546969303384355,0.09821093026968,1215.317410374043,-0.5510974349689935
methanol,SMRCCS,DAC,solar,SMRCCS_H_DAC_C_solar_E,Turkey,1,2024,185.5235974112286,830.8698282012867,1016.3934256125152,-0.8400503847415564,10.146640984986664,0.026154849702053,2.3502355635096523,0.00028775515,20.122370978977905,0.0692275509905964,1049.0126731399894,-0.744380228898907
methanol,SMRCCS,DAC,solar,SMRCCS_H_DAC_C_solar_E,Australia,1,2024,207.82698070656755,1024.2569347484998,1232.0839154550674,-0.8400503847415564,78.8034842059262,0.1936431469527896,2.673851488439774,0.00033795924,6.415478997478705,0.0220713503339662,1319.9767301469121,-0.6239979282148005
methanol,SMRCCS,DAC,solar,SMRCCS_H_DAC_C_solar_E,Malaysia,1,2024,177.4132762129235,780.6148067719525,958.028082984876,-0.8400503847415564,15.45206399926973,0.0390974235981119,2.238623836716881,0.0003697959799999,0.0,0.0,975.7187708208627,-0.8005831651634446
methanol,SMRCCS,DAC,solar,SMRCCS_H_DAC_C_solar_E,Canada,1,2024,206.81319055677943,747.9633518732679,954.7765424300474,-0.8400503847415564,78.99871720537578,0.1941194176508137,2.5837520507156784,0.0001071428749999,26.728083276427434,0.0919533662227398,1063.0870949625662,-0.553870457993003
methanol,SMRCCS,DAC,solar,SMRCCS_H_DAC_C_solar_E,Mexico,1,2024,178.42706636271166,630.2016663085632,808.6287326712749,-0.8400503847415564,47.45549617804119,0.1171697629358324,2.301784494440977,0.000321428625,34.96233083444379,0.120281876480666,893.3483441782009,-0.602277316700058
methanol,SMRCCS,DAC,solar,SMRCCS_H_DAC_C_solar_E,Thailand,1,2024,180.45464666228796,801.9461243399685,982.4007710022564,-0.8400503847415564,11.669272719816664,0.0298693082271259,2.276269049889171,0.00033918373,2.9394227465052256,0.0101125776022714,999.2857355184675,-0.7997293151821592
methanol,SMRCCS,DAC,solar,SMRCCS_H_DAC_C_solar_E,Russia,1,2024,191.60633830995744,574.2441362796869,765.8504745896444,-0.8400503847415564,144.64368452298004,0.3542602467845441,2.3881790448542315,0.000274898005,11.710768464281813,0.0402888815561095,924.5931066217605,-0.44522635839590274
methanol,SMRCCS,DAC,solar,SMRCCS_H_DAC_C_solar_E,Saudi Arabia,1,2024,193.63391860953368,455.2670151245174,648.900933734051,-0.8400503847415564,26.333902875522575,0.0656436581588147,2.3993983003024244,0.00033795924,13.729628827558608,0.0472344228587547,691.3638637374346,-0.726834344483987
methanol,SMR,SMR,solar,SMR_H_C_solar_E,South Africa,1,2024,133.69110276099715,191.9375836920798,325.62868645307697,1.1130511558001603,24.53851842343582,0.0612638196651808,2.3634903994060386,0.0004340817049999,18.087125459571656,0.0622256393808624,370.6178207354905,1.2369746965512036
methanol,SMR,SMR,solar,SMR_H_C_solar_E,Taiwan,1,2024,131.54632571135548,400.73103021170346,532.277355923059,1.1130511558001603,6.525622092765043,0.0173213779005709,2.3754370312337483,0.0003893878199999,6.187684866182444,0.0212876638659976,547.3660999132402,1.1520495853867287
methanol,SMR,SMR,solar,SMR_H_C_solar_E,Switzerland,1,2024,157.99857599026936,1706.7344868705045,1864.7330628607735,1.1130511558001603,11.96100749459355,0.0305809949051598,2.9013606570253185,2.2653065e-05,23.89291933624232,0.0821994730835609,1903.4883503486349,1.2258542768538812
methanol,SMR,SMR,solar,SMR_H_C_solar_E,Singapore,1,2024,132.26125139456937,1796.410330375366,1928.6715817699353,1.1130511558001603,1.0509671989197895,0.0039659630112667,2.4600262639578463,0.000305510255,0.0,0.0,1932.182575232813,1.117322629066427
methanol,SMR,SMR,solar,SMR_H_C_solar_E,Hungary,1,2024,128.68662297849994,686.8885337448309,815.5751567233308,1.1130511558001603,18.611567505354483,0.0468050290976679,2.344427090337363,0.0001120408349999,23.265519221402705,0.0800410110669854,859.7966705404253,1.2400092367998135
methanol,SMR,SMR,solar,SMR_H_C_solar_E,Philippines,1,2024,127.97169729528603,395.6258863365262,523.5975836318122,1.1130511558001603,10.107765430778445,0.0260600128282098,2.301470517613267,0.0003753061849999,4.77723291213275,0.0164352468883576,540.7840524923366,1.1559217217017275
methanol,SMR,SMR,solar,SMR_H_C_solar_E,Netherlands,1,2024,146.55976505884712,1165.8529777606,1312.412742819447,1.1130511558001603,5.11922627434319,0.0138904767720408,2.673239243439774,0.000154897985,30.748135543443095,0.1057836635366315,1350.9533438806732,1.2328801940938325
methanol,SMR,SMR,solar,SMR_H_C_solar_E,Norway,1,2024,162.2881300895527,914.2973375090064,1076.585467598559,1.1130511558001603,21.57408582181769,0.0540320894331074,2.878079638369897,1.8979595e-05,32.62999337783025,0.1122578712392522,1133.667626436577,1.27936009606752
methanol,SMR,SMR,solar,SMR_H_C_solar_E,Oman,1,2024,136.55080549385272,96.04622132092275,232.59702681477543,1.1130511558001603,18.344062311311852,0.046152450456501,2.4808268853024247,0.000333673525,11.866993217987575,0.0408263459093141,265.2889092293773,1.2003636256909753
methanol,SMR,SMR,solar,SMR_H_C_solar_E,Italy,1,2024,137.26573117706658,1286.144148168495,1423.4098793455612,1.1130511558001603,11.7952928886772,0.030176734297296,2.651130418026521,0.00017632656,23.438450139177007,0.0806359500997951,1461.294752791442,1.2240401667572516
methanol,SMR,SMR,solar,SMR_H_C_solar_E,Austria,1,2024,148.70454210848882,1108.040815696165,1256.7453578046538,1.1130511558001603,9.69360858844435,0.0250496776443731,2.747006911612064,6.3061235e-05,23.438450139177007,0.0806359500997951,1292.6244234438873,1.2187998447793287
methanol,SMR,SMR,solar,SMR_H_C_solar_E,Finland,1,2024,154.42394757419993,1196.2192557345866,1350.6432033087865,1.1130511558001603,18.67936439460148,0.0469704195380984,2.7447410684048363,4.408164e-05,34.80119959123365,0.1197275321955337,1406.8685083630264,1.2797931891737926
methanol,SMR,SMR,solar,SMR_H_C_solar_E,Portugal,1,2024,130.1164743449277,984.1817432335292,1114.2982175784568,1.1130511558001603,9.118529180062064,0.0236467720289204,2.338503485785557,6.857144e-05,26.641404839611052,0.0916551639924579,1152.3966550839157,1.2284216632615386
methanol,SMR,SMR,solar,SMR_H_C_solar_E,Germany,1,2024,147.27469074206104,1041.504430194829,1188.77912093689,1.1130511558001603,13.85107818025421,0.0351918203665945,2.718032551163871,0.00021061228,31.450904768439617,0.1082014199933082,1236.7991364367476,1.256655008440063
methanol,SMR,SMR,solar,SMR_H_C_solar_E,Greece,1,2024,131.5463257113555,557.2311393488377,688.7774650601932,1.1130511558001603,8.034570812196023,0.0210024567238846,2.4189064262337494,0.0001959184,20.836858989681684,0.0716856239107726,720.0678012883047,1.2059351548348176
methanol,SMR,SMR,solar,SMR_H_C_solar_E,France,1,2024,144.4149880092055,1134.268526959798,1278.6835149690037,1.1130511558001603,16.01757606052169,0.0404769896802436,2.609879740267486,2.693878e-05,30.04770400727699,0.1033739494956759,1327.3586747770696,1.2569290337560797
methanol,SMR,SMR,solar,SMR_H_C_solar_E,Brazil,1,2024,131.54632571135548,1079.8860460494595,1211.432371760815,1.1130511558001603,68.96650800287952,0.1696458537908778,2.3503349862337486,6.3061235e-05,33.11981038844558,0.1139430022863768,1315.8690251383737,1.396703073112415
methanol,SMR,SMR,solar,SMR_H_C_solar_E,United Kingdom,1,2024,152.27917052455825,857.381304083778,1009.6604746083362,1.1130511558001603,12.915972819599244,0.0329106318170113,2.899953030232547,0.000129183695,29.838823491365517,0.1026553320633012,1055.3152239495334,1.2487463033754729
methanol,SMR,SMR,solar,SMR_H_C_solar_E,Spain,1,2024,132.97617707778326,827.480100972705,960.4562780504884,1.1130511558001603,21.385807864799265,0.0535727855538221,2.3805338366819417,8.938776999999999e-05,25.6956650825948,0.0884015092754728,1009.9182848345645,1.2551148383994553
methanol,SMR,SMR,solar,SMR_H_C_solar_E,Sweden,1,2024,157.2836503070555,1723.252866104849,1880.5365164119048,1.1130511558001603,22.56440133074008,0.0564479630816619,2.759498200469972,2.204082e-05,32.381349438995656,0.1114024546001217,1938.2417653821105,1.280923614301944
methanol,SMR,SMR,solar,SMR_H_C_solar_E,Czech Republic,1,2024,130.1164743449277,840.5675962187961,970.6840705637238,1.1130511558001603,20.192921188248224,0.0506627397536433,2.3880953307855566,0.00025346943,23.438450139177007,0.0806359500997951,1016.7035372219345,1.2446033150835987
methanol,SMR,SMR,solar,SMR_H_C_solar_E,Japan,1,2024,154.42394757419993,919.7610693877316,1074.1850169619315,1.1130511558001603,9.224572746193816,0.023905465197621,2.793108423404836,0.0002951020899999,10.92443852443044,0.0375836488544879,1097.1271366559606,1.174835371942269
methanol,SMR,SMR,solar,SMR_H_C_solar_E,Belgium,1,2024,146.55976505884712,727.3103242491993,873.8700893080464,1.1130511558001603,3.4214706685224665,0.0097488037467934,2.690994348439774,8.448981e-05,30.686449491618188,0.1055714433016215,910.6690038166269,1.2284558926585754
methanol,SMR,SMR,solar,SMR_H_C_solar_E,Poland,1,2024,132.26125139456937,960.759309584632,1093.0205609792015,1.1130511558001603,11.233270499248109,0.0288056812659274,2.5365568889578465,0.000376530675,33.72534462020336,0.1160262384989164,1140.5157329876108,1.2582596062400042
methanol,SMR,SMR,solar,SMR_H_C_solar_E,India,1,2024,126.54184592885824,604.0738947261401,730.6157406549984,1.1130511558001603,29.393763775113616,0.0731081856240144,2.2627002371650744,0.0004334694599999,5.7104748980090205,0.0196459051766533,767.982679565286,1.2062387160608279
methanol,SMR,SMR,solar,SMR_H_C_solar_E,Indonesia,1,2024,115.10303499743604,954.2425358268996,1069.3455708243357,1.1130511558001603,14.675222299770391,0.0372023190844393,2.0309053535795303,0.00039551027,4.197174123187385,0.0144396545483093,1090.248872600873,1.1650886397029088
methanol,SMR,SMR,solar,SMR_H_C_solar_E,South Korea,1,2024,134.40602844421105,720.4583173124022,854.8643457566133,1.1130511558001603,7.503288733588453,0.0197063946486234,2.3917530921301347,0.00025346943,9.500245533720006,0.0326839582073043,874.2596331160518,1.165694978086088
methanol,SMR,SMR,solar,SMR_H_C_solar_E,China,1,2024,130.8314000281416,596.2276969761031,727.0590970042447,1.1130511558001603,78.31080589228577,0.1924412587218022,2.315337598509652,0.0003428572,8.004084356420046,0.027536673411696,815.6893248514602,1.3333719451336585
methanol,SMR,SMR,solar,SMR_H_C_solar_E,United Arab Emirates,1,2024,136.55080549385272,81.66665364880502,218.21745914265773,1.1130511558001603,10.915758228841952,0.0280311104142585,2.425112590302424,0.000234489835,12.367972595646318,0.0425498791573762,243.92630255744842,1.183866635206795
methanol,SMR,SMR,solar,SMR_H_C_solar_E,United States,1,2024,142.98513664277772,449.5800822108471,592.5652188536249,1.1130511558001603,77.51788024031099,0.1905069174228829,2.558864559819293,0.00023510208,28.546969303384355,0.09821093026968,701.1889329571395,1.4020041055727233
methanol,SMR,SMR,solar,SMR_H_C_solar_E,Turkey,1,2024,130.8314000281416,382.8196388886868,513.6510389168284,1.1130511558001603,10.146640984986664,0.026154849702053,2.3502355635096523,0.00028775515,20.122370978977905,0.0692275509905964,546.2702864443025,1.2087213116428097
methanol,SMR,SMR,solar,SMR_H_C_solar_E,Australia,1,2024,146.55976505884712,544.2327508626594,690.7925159215065,1.1130511558001603,78.8034842059262,0.1936431469527896,2.673851488439774,0.00033795924,6.415478997478705,0.0220713503339662,778.6853306133512,1.3291036123269162
methanol,SMR,SMR,solar,SMR_H_C_solar_E,Malaysia,1,2024,125.1119945624305,344.5563135888018,469.6683081512323,1.1130511558001603,15.45206399926973,0.0390974235981119,2.238623836716881,0.0003697959799999,0.0,0.0,487.3589959872189,1.1525183753782722
methanol,SMR,SMR,solar,SMR_H_C_solar_E,Canada,1,2024,145.84483937563326,323.49489060579384,469.3397299814271,1.1130511558001603,78.99871720537578,0.1941194176508137,2.5837520507156784,0.0001071428749999,26.728083276427434,0.0919533662227398,577.6502825139461,1.3992310825487138
methanol,SMR,SMR,solar,SMR_H_C_solar_E,Mexico,1,2024,125.82692024564436,227.38969950052189,353.21661974616626,1.1130511558001603,47.45549617804119,0.1171697629358324,2.301784494440977,0.000321428625,34.96233083444379,0.120281876480666,437.9362312530922,1.3508242238416586
methanol,SMR,SMR,solar,SMR_H_C_solar_E,Thailand,1,2024,127.25677161207216,361.37055283948894,488.6273244515611,1.1130511558001603,11.669272719816664,0.0298693082271259,2.276269049889171,0.00033918373,2.9394227465052256,0.0101125776022714,505.5122889677721,1.1533722253595577
methanol,SMR,SMR,solar,SMR_H_C_solar_E,Russia,1,2024,135.12095412742494,181.93457852879217,317.0555326562171,1.1130511558001603,144.64368452298004,0.3542602467845441,2.3881790448542315,0.000274898005,11.710768464281813,0.0402888815561095,475.79816468833315,1.507875182145814
methanol,SMR,SMR,solar,SMR_H_C_solar_E,Saudi Arabia,1,2024,136.55080549385272,93.1995676605418,229.75037315439457,1.1130511558001603,26.333902875522575,0.0656436581588147,2.3993983003024244,0.00033795924,13.729628827558608,0.0472344228587547,272.21330315777817,1.2262671960577296
methanol,ATRCCS,BEC,wind,ATRCCS_H_BEC_C_wind_E,South Africa,1,2024,171.99539045238782,241.30888104087637,413.3042714932642,-1.055084656806511,24.53851842343582,0.0612638196651808,2.3634903994060386,0.0004340817049999,18.087125459571656,0.0622256393808624,458.29340577567774,-0.9311611160554679
methanol,ATRCCS,BEC,wind,ATRCCS_H_BEC_C_wind_E,Taiwan,1,2024,169.2361061135794,476.1660986263873,645.4022047399667,-1.055084656806511,6.525622092765043,0.0173213779005709,2.3754370312337483,0.0003893878199999,6.187684866182444,0.0212876638659976,660.4909487301479,-1.0160862272199427
methanol,ATRCCS,BEC,wind,ATRCCS_H_BEC_C_wind_E,Switzerland,1,2024,203.26727962554924,1910.2790408004116,2113.546320425961,-1.055084656806511,11.96100749459355,0.0305809949051598,2.9013606570253185,2.2653065e-05,23.89291933624232,0.0821994730835609,2152.301607913822,-0.9422815357527903
methanol,ATRCCS,BEC,wind,ATRCCS_H_BEC_C_wind_E,Singapore,1,2024,170.1558675598489,2054.330525022628,2224.486392582477,-1.055084656806511,1.0509671989197895,0.0039659630112667,2.4600262639578463,0.000305510255,0.0,0.0,2227.9973860453547,-1.0508131835402443
methanol,ATRCCS,BEC,wind,ATRCCS_H_BEC_C_wind_E,Hungary,1,2024,165.55706032850165,773.3584537832227,938.9155141117244,-1.055084656806511,18.611567505354483,0.0468050290976679,2.344427090337363,0.0001120408349999,23.265519221402705,0.0800410110669854,983.137027928819,-0.928126575806858
methanol,ATRCCS,BEC,wind,ATRCCS_H_BEC_C_wind_E,Philippines,1,2024,164.63729888223216,491.0236075714734,655.6609064537056,-1.055084656806511,10.107765430778445,0.0260600128282098,2.301470517613267,0.0003753061849999,4.77723291213275,0.0164352468883576,672.84737531423,-1.012214090904944
methanol,ATRCCS,BEC,wind,ATRCCS_H_BEC_C_wind_E,Netherlands,1,2024,188.55109648523796,1308.99200171623,1497.5430982014682,-1.055084656806511,5.11922627434319,0.0138904767720408,2.673239243439774,0.000154897985,30.748135543443095,0.1057836635366315,1536.0836992626944,-0.935255618512839
methanol,ATRCCS,BEC,wind,ATRCCS_H_BEC_C_wind_E,Norway,1,2024,208.78584830316595,1001.1607063827436,1209.9465546859096,-1.055084656806511,21.57408582181769,0.0540320894331074,2.878079638369897,1.8979595e-05,32.62999337783025,0.1122578712392522,1267.0287135239275,-0.8887757165391513
methanol,ATRCCS,BEC,wind,ATRCCS_H_BEC_C_wind_E,Oman,1,2024,175.67443623746564,161.14959890364344,336.8240351411091,-1.055084656806511,18.344062311311852,0.046152450456501,2.4808268853024247,0.000333673525,11.866993217987575,0.0408263459093141,369.5159175557109,-0.9677721869156961
methanol,ATRCCS,BEC,wind,ATRCCS_H_BEC_C_wind_E,Italy,1,2024,176.59419768373508,1458.2879087301628,1634.882106413898,-1.055084656806511,11.7952928886772,0.030176734297296,2.651130418026521,0.00017632656,23.438450139177007,0.0806359500997951,1672.766979859779,-0.9440956458494199
methanol,ATRCCS,BEC,wind,ATRCCS_H_BEC_C_wind_E,Austria,1,2024,191.31038082404632,1247.676234829872,1438.9866156539183,-1.055084656806511,9.69360858844435,0.0250496776443731,2.747006911612064,6.3061235e-05,23.438450139177007,0.0806359500997951,1474.8656812931517,-0.9493359678273428
methanol,ATRCCS,BEC,wind,ATRCCS_H_BEC_C_wind_E,Finland,1,2024,198.668472394202,1316.3507877178213,1515.0192601120232,-1.055084656806511,18.67936439460148,0.0469704195380984,2.7447410684048363,4.408164e-05,34.80119959123365,0.1197275321955337,1571.244565166263,-0.888342623432879
methanol,ATRCCS,BEC,wind,ATRCCS_H_BEC_C_wind_E,Portugal,1,2024,167.39658322104057,1135.6164844719208,1303.0130676929614,-1.055084656806511,9.118529180062064,0.0236467720289204,2.338503485785557,6.857144e-05,26.641404839611052,0.0916551639924579,1341.1115051984202,-0.9397141493451329
methanol,ATRCCS,BEC,wind,ATRCCS_H_BEC_C_wind_E,Germany,1,2024,189.47085793150745,1179.908443895011,1369.3793018265185,-1.055084656806511,13.85107818025421,0.0351918203665945,2.718032551163871,0.00021061228,31.450904768439617,0.1082014199933082,1417.3993173263761,-0.9114808041666084
methanol,ATRCCS,BEC,wind,ATRCCS_H_BEC_C_wind_E,Greece,1,2024,169.23610611357947,661.1052128411701,830.3413189547496,-1.055084656806511,8.034570812196023,0.0210024567238846,2.4189064262337494,0.0001959184,20.836858989681684,0.0716856239107726,861.6316551828611,-0.9622006577718538
methanol,ATRCCS,BEC,wind,ATRCCS_H_BEC_C_wind_E,France,1,2024,185.79181214642963,1289.3839931354494,1475.175805281879,-1.055084656806511,16.01757606052169,0.0404769896802436,2.609879740267486,2.693878e-05,30.04770400727699,0.1033739494956759,1523.850965089945,-0.9112067788505914
methanol,ATRCCS,BEC,wind,ATRCCS_H_BEC_C_wind_E,Brazil,1,2024,169.2361061135794,1202.289358354864,1371.5254644684435,-1.055084656806511,68.96650800287952,0.1696458537908778,2.3503349862337486,6.3061235e-05,33.11981038844558,0.1139430022863768,1475.9621178460022,-0.7714327394942565
methanol,ATRCCS,BEC,wind,ATRCCS_H_BEC_C_wind_E,United Kingdom,1,2024,195.9091880553936,951.1260042922312,1147.0351923476248,-1.055084656806511,12.915972819599244,0.0329106318170113,2.899953030232547,0.000129183695,29.838823491365517,0.1026553320633012,1192.6899416888223,-0.9193895092311986
methanol,ATRCCS,BEC,wind,ATRCCS_H_BEC_C_wind_E,Spain,1,2024,171.07562900611833,948.0961379894816,1119.1717669955997,-1.055084656806511,21.385807864799265,0.0535727855538221,2.3805338366819417,8.938776999999999e-05,25.6956650825948,0.0884015092754728,1168.6337737796757,-0.9130209742072162
methanol,ATRCCS,BEC,wind,ATRCCS_H_BEC_C_wind_E,Sweden,1,2024,202.3475181792798,1896.7530531822672,2099.1005713615473,-1.055084656806511,22.56440133074008,0.0564479630816619,2.759498200469972,2.204082e-05,32.381349438995656,0.1114024546001217,2156.805820331753,-0.8872121983047275
methanol,ATRCCS,BEC,wind,ATRCCS_H_BEC_C_wind_E,Czech Republic,1,2024,167.39658322104057,963.85889640127,1131.2554796223103,-1.055084656806511,20.192921188248224,0.0506627397536433,2.3880953307855566,0.00025346943,23.438450139177007,0.0806359500997951,1177.274946280521,-0.9235324975230728
methanol,ATRCCS,BEC,wind,ATRCCS_H_BEC_C_wind_E,Japan,1,2024,198.668472394202,1106.1766925331513,1304.8451649273532,-1.055084656806511,9.224572746193816,0.023905465197621,2.793108423404836,0.0002951020899999,10.92443852443044,0.0375836488544879,1327.7872846213822,-0.9933004406644023
methanol,ATRCCS,BEC,wind,ATRCCS_H_BEC_C_wind_E,Belgium,1,2024,188.55109648523796,808.5620033230133,997.1130998082511,-1.055084656806511,3.4214706685224665,0.0097488037467934,2.690994348439774,8.448981e-05,30.686449491618188,0.1055714433016215,1033.9120143168316,-0.9396799199480961
methanol,ATRCCS,BEC,wind,ATRCCS_H_BEC_C_wind_E,Poland,1,2024,170.1558675598489,1057.9395344290026,1228.0954019888516,-1.055084656806511,11.233270499248109,0.0288056812659274,2.5365568889578465,0.000376530675,33.72534462020336,0.1160262384989164,1275.590573997261,-0.9098762063666672
methanol,ATRCCS,BEC,wind,ATRCCS_H_BEC_C_wind_E,India,1,2024,162.7977759896933,715.2485197170246,878.0462957067178,-1.055084656806511,29.393763775113616,0.0731081856240144,2.2627002371650744,0.0004334694599999,5.7104748980090205,0.0196459051766533,915.4132346170055,-0.9618970965458434
methanol,ATRCCS,BEC,wind,ATRCCS_H_BEC_C_wind_E,Indonesia,1,2024,148.08159284938202,1126.419046043343,1274.5006388927252,-1.055084656806511,14.675222299770391,0.0372023190844393,2.0309053535795303,0.00039551027,4.197174123187385,0.0144396545483093,1295.4039406692625,-1.0030471729037627
methanol,ATRCCS,BEC,wind,ATRCCS_H_BEC_C_wind_E,South Korea,1,2024,172.91515189865726,848.7803521224572,1021.6955040211144,-1.055084656806511,7.503288733588453,0.0197063946486234,2.3917530921301347,0.00025346943,9.500245533720006,0.0326839582073043,1041.0907913805531,-1.0024408345205833
methanol,ATRCCS,BEC,wind,ATRCCS_H_BEC_C_wind_E,China,1,2024,168.31634466731,691.8378750402705,860.1542197075805,-1.055084656806511,78.31080589228577,0.1924412587218022,2.315337598509652,0.0003428572,8.004084356420046,0.027536673411696,948.7844475547961,-0.8347638674730129
methanol,ATRCCS,BEC,wind,ATRCCS_H_BEC_C_wind_E,United Arab Emirates,1,2024,175.67443623746564,160.65463065919832,336.32906689666396,-1.055084656806511,10.915758228841952,0.0280311104142585,2.425112590302424,0.000234489835,12.367972595646318,0.0425498791573762,362.0379103114547,-0.9842691773998764
methanol,ATRCCS,BEC,wind,ATRCCS_H_BEC_C_wind_E,United States,1,2024,183.9522892538907,519.0505343743655,703.0028236282562,-1.055084656806511,77.51788024031099,0.1905069174228829,2.558864559819293,0.00023510208,28.546969303384355,0.09821093026968,811.6265377317709,-0.7661317070339483
methanol,ATRCCS,BEC,wind,ATRCCS_H_BEC_C_wind_E,Turkey,1,2024,168.31634466731,479.59067701750666,647.9070216848166,-1.055084656806511,10.146640984986664,0.026154849702053,2.3502355635096523,0.00028775515,20.122370978977905,0.0692275509905964,680.5262692122908,-0.9594145009638617
methanol,ATRCCS,BEC,wind,ATRCCS_H_BEC_C_wind_E,Australia,1,2024,188.55109648523796,643.8472623154714,832.3983588007094,-1.055084656806511,78.8034842059262,0.1936431469527896,2.673851488439774,0.00033795924,6.415478997478705,0.0220713503339662,920.2911734925541,-0.8390322002797552
methanol,ATRCCS,BEC,wind,ATRCCS_H_BEC_C_wind_E,Malaysia,1,2024,160.9582530971544,461.96842728091855,622.9266803780729,-1.055084656806511,15.45206399926973,0.0390974235981119,2.238623836716881,0.0003697959799999,0.0,0.0,640.6173682140595,-1.0156174372283993
methanol,ATRCCS,BEC,wind,ATRCCS_H_BEC_C_wind_E,Canada,1,2024,187.63133503896853,351.86696322056036,539.4982982595288,-1.055084656806511,78.99871720537578,0.1941194176508137,2.5837520507156784,0.0001071428749999,26.728083276427434,0.0919533662227398,647.8088507920478,-0.7689047300579578
methanol,ATRCCS,BEC,wind,ATRCCS_H_BEC_C_wind_E,Mexico,1,2024,161.87801454342383,287.6259442072812,449.503958750705,-1.055084656806511,47.45549617804119,0.1171697629358324,2.301784494440977,0.000321428625,34.96233083444379,0.120281876480666,534.223570257631,-0.8173115887650128
methanol,ATRCCS,BEC,wind,ATRCCS_H_BEC_C_wind_E,Thailand,1,2024,163.71753743596273,476.1166479688783,639.834185404841,-1.055084656806511,11.669272719816664,0.0298693082271259,2.276269049889171,0.00033918373,2.9394227465052256,0.0101125776022714,656.7191499210521,-1.0147635872471137
methanol,ATRCCS,BEC,wind,ATRCCS_H_BEC_C_wind_E,Russia,1,2024,173.83491334492675,283.8662667646841,457.7011801096109,-1.055084656806511,144.64368452298004,0.3542602467845441,2.3881790448542315,0.000274898005,11.710768464281813,0.0402888815561095,616.4438121417271,-0.6602606304608574
methanol,ATRCCS,BEC,wind,ATRCCS_H_BEC_C_wind_E,Saudi Arabia,1,2024,175.67443623746564,159.64706308573207,335.3214993231977,-1.055084656806511,26.333902875522575,0.0656436581588147,2.3993983003024244,0.00033795924,13.729628827558608,0.0472344228587547,377.78442932658135,-0.9418686165489417
methanol,BG,BEC,wind,BG_H_BEC_C_wind_E,South Africa,1,2024,177.1915221413973,361.2849089339475,538.4764310753449,-1.0822150180198815,24.53851842343582,0.0612638196651808,2.3634903994060386,0.0004340817049999,18.087125459571656,0.0622256393808624,583.4655653577584,-0.9582914772688382
methanol,BG,BEC,wind,BG_H_BEC_C_wind_E,Taiwan,1,2024,174.34887740116096,358.69144404295105,533.040321444112,-1.0822150180198815,6.525622092765043,0.0173213779005709,2.3754370312337483,0.0003893878199999,6.187684866182444,0.0212876638659976,548.1290654342932,-1.043216588433313
methanol,BG,BEC,wind,BG_H_BEC_C_wind_E,Switzerland,1,2024,209.40816253074223,527.5852796252232,736.9934421559653,-1.0822150180198815,11.96100749459355,0.0305809949051598,2.9013606570253185,2.2653065e-05,23.89291933624232,0.0821994730835609,775.7487296438266,-0.9694118969661607
methanol,BG,BEC,wind,BG_H_BEC_C_wind_E,Singapore,1,2024,175.2964256479064,490.55586828328546,665.8522939311919,-1.0822150180198815,1.0509671989197895,0.0039659630112667,2.4600262639578463,0.000305510255,0.0,0.0,669.3632873940695,-1.0779435447536148
methanol,BG,BEC,wind,BG_H_BEC_C_wind_E,Hungary,1,2024,170.5586844141792,382.3420788984091,552.9007633125883,-1.0822150180198815,18.611567505354483,0.0468050290976679,2.344427090337363,0.0001120408349999,23.265519221402705,0.0800410110669854,597.1222771296829,-0.9552569370202284
methanol,BG,BEC,wind,BG_H_BEC_C_wind_E,Philippines,1,2024,169.61113616743376,368.3467903852319,537.9579265526656,-1.0822150180198815,10.107765430778445,0.0260600128282098,2.301470517613267,0.0003753061849999,4.77723291213275,0.0164352468883576,555.1443954131901,-1.0393444521183144
methanol,BG,BEC,wind,BG_H_BEC_C_wind_E,Netherlands,1,2024,194.24739058281517,449.05145749170697,643.2988480745221,-1.0822150180198815,5.11922627434319,0.0138904767720408,2.673239243439774,0.000154897985,30.748135543443095,0.1057836635366315,681.8394491357482,-0.9623859797262094
methanol,BG,BEC,wind,BG_H_BEC_C_wind_E,Norway,1,2024,215.09345201121488,463.71225055756463,678.8057025687795,-1.0822150180198815,21.57408582181769,0.0540320894331074,2.878079638369897,1.8979595e-05,32.62999337783025,0.1122578712392522,735.8878614067972,-0.9159060777525218
methanol,BG,BEC,wind,BG_H_BEC_C_wind_E,Oman,1,2024,180.98171512837908,364.38635782825605,545.3680729566352,-1.0822150180198815,18.344062311311852,0.046152450456501,2.4808268853024247,0.000333673525,11.866993217987575,0.0408263459093141,578.059955371237,-0.9949025481290665
methanol,BG,BEC,wind,BG_H_BEC_C_wind_E,Italy,1,2024,181.9292633751245,455.0879940176832,637.0172573928077,-1.0822150180198815,11.7952928886772,0.030176734297296,2.651130418026521,0.00017632656,23.438450139177007,0.0806359500997951,674.9021308386883,-0.9712260070627903
methanol,BG,BEC,wind,BG_H_BEC_C_wind_E,Austria,1,2024,197.09003532305152,458.4563510604382,655.5463863834897,-1.0822150180198815,9.69360858844435,0.0250496776443731,2.747006911612064,6.3061235e-05,23.438450139177007,0.0806359500997951,691.4254520227231,-0.9764663290407132
methanol,BG,BEC,wind,BG_H_BEC_C_wind_E,Finland,1,2024,204.67042129701508,458.6139426447996,663.2843639418147,-1.0822150180198815,18.67936439460148,0.0469704195380984,2.7447410684048363,4.408164e-05,34.80119959123365,0.1197275321955337,719.5096689960548,-0.9154729846462494
methanol,BG,BEC,wind,BG_H_BEC_C_wind_E,Portugal,1,2024,172.45378090767008,405.412082728082,577.865863635752,-1.0822150180198815,9.118529180062064,0.0236467720289204,2.338503485785557,6.857144e-05,26.641404839611052,0.0916551639924579,615.9643011412106,-0.9668445105585033
methanol,BG,BEC,wind,BG_H_BEC_C_wind_E,Germany,1,2024,195.1949388295606,469.1748573714754,664.369796201036,-1.0822150180198815,13.85107818025421,0.0351918203665945,2.718032551163871,0.00021061228,31.450904768439617,0.1082014199933082,712.3898117008938,-0.9386111653799788
methanol,BG,BEC,wind,BG_H_BEC_C_wind_E,Greece,1,2024,174.34887740116096,391.76635150827576,566.1152289094367,-1.0822150180198815,8.034570812196023,0.0210024567238846,2.4189064262337494,0.0001959184,20.836858989681684,0.0716856239107726,597.4055651375481,-0.9893310189852242
methanol,BG,BEC,wind,BG_H_BEC_C_wind_E,France,1,2024,191.40474584257888,458.4025148811986,649.8072607237775,-1.0822150180198815,16.01757606052169,0.0404769896802436,2.609879740267486,2.693878e-05,30.04770400727699,0.1033739494956759,698.4824205318437,-0.9383371400639618
methanol,BG,BEC,wind,BG_H_BEC_C_wind_E,Brazil,1,2024,174.34887740116096,381.8488780021849,556.1977554033458,-1.0822150180198815,68.96650800287952,0.1696458537908778,2.3503349862337486,6.3061235e-05,33.11981038844558,0.1139430022863768,660.6344087809047,-0.7985631007076269
methanol,BG,BEC,wind,BG_H_BEC_C_wind_E,United Kingdom,1,2024,201.8277765567787,417.80466201620226,619.632438572981,-1.0822150180198815,12.915972819599244,0.0329106318170113,2.899953030232547,0.000129183695,29.838823491365517,0.1026553320633012,665.2871879141782,-0.946519870444569
methanol,BG,BEC,wind,BG_H_BEC_C_wind_E,Spain,1,2024,176.24397389465182,409.95964692359433,586.2036208182461,-1.0822150180198815,21.385807864799265,0.0535727855538221,2.3805338366819417,8.938776999999999e-05,25.6956650825948,0.0884015092754728,635.6656276023222,-0.9401513354205866
methanol,BG,BEC,wind,BG_H_BEC_C_wind_E,Sweden,1,2024,208.4606142839968,486.44719535413975,694.9078096381365,-1.0822150180198815,22.56440133074008,0.0564479630816619,2.759498200469972,2.204082e-05,32.381349438995656,0.1114024546001217,752.6130586083423,-0.914342559518098
methanol,BG,BEC,wind,BG_H_BEC_C_wind_E,Czech Republic,1,2024,172.45378090767008,401.1038539164032,573.5576348240734,-1.0822150180198815,20.192921188248224,0.0506627397536433,2.3880953307855566,0.00025346943,23.438450139177007,0.0806359500997951,619.5771014822841,-0.9506628587364432
methanol,BG,BEC,wind,BG_H_BEC_C_wind_E,Japan,1,2024,204.67042129701508,485.8054815951573,690.4759028921724,-1.0822150180198815,9.224572746193816,0.023905465197621,2.793108423404836,0.0002951020899999,10.92443852443044,0.0375836488544879,713.4180225862016,-1.0204308018777728
methanol,BG,BEC,wind,BG_H_BEC_C_wind_E,Belgium,1,2024,194.24739058281517,458.40232654584446,652.6497171286596,-1.0822150180198815,3.4214706685224665,0.0097488037467934,2.690994348439774,8.448981e-05,30.686449491618188,0.1055714433016215,689.44863163724,-0.9668102811614665
methanol,BG,BEC,wind,BG_H_BEC_C_wind_E,Poland,1,2024,175.2964256479064,396.41277470520777,571.7092003531142,-1.0822150180198815,11.233270499248109,0.0288056812659274,2.5365568889578465,0.000376530675,33.72534462020336,0.1160262384989164,619.2043723615235,-0.9370065675800376
methanol,BG,BEC,wind,BG_H_BEC_C_wind_E,India,1,2024,167.71603967394287,367.1366391458067,534.8526788197496,-1.0822150180198815,29.393763775113616,0.0731081856240144,2.2627002371650744,0.0004334694599999,5.7104748980090205,0.0196459051766533,572.2196177300373,-0.989027457759214
methanol,BG,BEC,wind,BG_H_BEC_C_wind_E,Indonesia,1,2024,152.5552677260158,406.88231030049405,559.4375780265099,-1.0822150180198815,14.675222299770391,0.0372023190844393,2.0309053535795303,0.00039551027,4.197174123187385,0.0144396545483093,580.3408798030473,-1.030177534117133
methanol,BG,BEC,wind,BG_H_BEC_C_wind_E,South Korea,1,2024,178.1390703881427,426.59144680057074,604.7305171887134,-1.0822150180198815,7.503288733588453,0.0197063946486234,2.3917530921301347,0.00025346943,9.500245533720006,0.0326839582073043,624.1258045481519,-1.0295711957339537
methanol,BG,BEC,wind,BG_H_BEC_C_wind_E,China,1,2024,173.40132915441552,356.63253895229826,530.0338681067137,-1.0822150180198815,78.31080589228577,0.1924412587218022,2.315337598509652,0.0003428572,8.004084356420046,0.027536673411696,618.6640959539293,-0.8618942286863833
methanol,BG,BEC,wind,BG_H_BEC_C_wind_E,United Arab Emirates,1,2024,180.98171512837908,363.87674209495606,544.8584572233351,-1.0822150180198815,10.915758228841952,0.0280311104142585,2.425112590302424,0.000234489835,12.367972595646318,0.0425498791573762,570.5673006381257,-1.0113995386132468
methanol,BG,BEC,wind,BG_H_BEC_C_wind_E,United States,1,2024,189.509649349088,424.8736689693716,614.3833183184596,-1.0822150180198815,77.51788024031099,0.1905069174228829,2.558864559819293,0.00023510208,28.546969303384355,0.09821093026968,723.0070324219743,-0.7932620682473187
methanol,BG,BEC,wind,BG_H_BEC_C_wind_E,Turkey,1,2024,173.40132915441552,389.3218066738552,562.7231358282706,-1.0822150180198815,10.146640984986664,0.026154849702053,2.3502355635096523,0.00028775515,20.122370978977905,0.0692275509905964,595.3423833557448,-0.9865448621772321
methanol,BG,BEC,wind,BG_H_BEC_C_wind_E,Australia,1,2024,194.24739058281517,431.8318713537065,626.0792619365216,-1.0822150180198815,78.8034842059262,0.1936431469527896,2.673851488439774,0.00033795924,6.415478997478705,0.0220713503339662,713.9720766283663,-0.8661625614931256
methanol,BG,BEC,wind,BG_H_BEC_C_wind_E,Malaysia,1,2024,165.820943180452,387.4095786498743,553.2305218303263,-1.0822150180198815,15.45206399926973,0.0390974235981119,2.238623836716881,0.0003697959799999,0.0,0.0,570.921209666313,-1.0427477984417697
methanol,BG,BEC,wind,BG_H_BEC_C_wind_E,Canada,1,2024,193.29984233606976,401.3170514845403,594.61689382061,-1.0822150180198815,78.99871720537578,0.1941194176508137,2.5837520507156784,0.0001071428749999,26.728083276427434,0.0919533662227398,702.927446353129,-0.7960350912713282
methanol,BG,BEC,wind,BG_H_BEC_C_wind_E,Mexico,1,2024,166.76849142719743,356.1377297357737,522.9062211629712,-1.0822150180198815,47.45549617804119,0.1171697629358324,2.301784494440977,0.000321428625,34.96233083444379,0.120281876480666,607.6258326698971,-0.8444419499783832
methanol,BG,BEC,wind,BG_H_BEC_C_wind_E,Thailand,1,2024,168.66358792068831,377.6598142146672,546.3234021353555,-1.0822150180198815,11.669272719816664,0.0298693082271259,2.276269049889171,0.00033918373,2.9394227465052256,0.0101125776022714,563.2083666515666,-1.041893948460484
methanol,BG,BEC,wind,BG_H_BEC_C_wind_E,Russia,1,2024,179.08661863488817,398.8007395776075,577.8873582124957,-1.0822150180198815,144.64368452298004,0.3542602467845441,2.3881790448542315,0.000274898005,11.710768464281813,0.0402888815561095,736.6299902446118,-0.6873909916742278
methanol,BG,BEC,wind,BG_H_BEC_C_wind_E,Saudi Arabia,1,2024,180.98171512837908,362.35512775737254,543.3368428857516,-1.0822150180198815,26.333902875522575,0.0656436581588147,2.3993983003024244,0.00033795924,13.729628827558608,0.0472344228587547,585.7997728891352,-0.9689989777623123
methanol,LTE,BEC,wind,LTE_H_BEC_C_wind_E,South Africa,1,2024,204.03355600716057,604.9504063456952,808.9839623528558,-1.21746221074673,24.53851842343582,0.0612638196651808,2.3634903994060386,0.0004340817049999,18.087125459571656,0.0622256393808624,853.9730966352693,-1.0935386699956866
methanol,LTE,BEC,wind,LTE_H_BEC_C_wind_E,Taiwan,1,2024,200.7602904027676,346.6133119335474,547.373602336315,-1.21746221074673,6.525622092765043,0.0173213779005709,2.3754370312337483,0.0003893878199999,6.187684866182444,0.0212876638659976,562.4623463264962,-1.1784637811601615
methanol,LTE,BEC,wind,LTE_H_BEC_C_wind_E,Switzerland,1,2024,241.13056619028063,731.8352383866421,972.9658045769228,-1.21746221074673,11.96100749459355,0.0305809949051598,2.9013606570253185,2.2653065e-05,23.89291933624232,0.0821994730835609,1011.721092064784,-1.104659089693009
methanol,LTE,BEC,wind,LTE_H_BEC_C_wind_E,Singapore,1,2024,201.85137893756524,1006.4700117366036,1208.321390674169,-1.21746221074673,1.0509671989197895,0.0039659630112667,2.4600262639578463,0.000305510255,0.0,0.0,1211.8323841370466,-1.2131907374804631
methanol,LTE,BEC,wind,LTE_H_BEC_C_wind_E,Hungary,1,2024,196.395936263577,563.2445783228574,759.6405145864344,-1.21746221074673,18.611567505354483,0.0468050290976679,2.344427090337363,0.0001120408349999,23.265519221402705,0.0800410110669854,803.8620284035289,-1.0905041297470768
methanol,LTE,BEC,wind,LTE_H_BEC_C_wind_E,Philippines,1,2024,195.30484772877935,686.3798984967617,881.6847462255411,-1.21746221074673,10.107765430778445,0.0260600128282098,2.301470517613267,0.0003753061849999,4.77723291213275,0.0164352468883576,898.8712150860655,-1.1745916448451628
methanol,LTE,BEC,wind,LTE_H_BEC_C_wind_E,Netherlands,1,2024,223.67314963351825,562.5014229961736,786.1745726296919,-1.21746221074673,5.11922627434319,0.0138904767720408,2.673239243439774,0.000154897985,30.748135543443095,0.1057836635366315,824.7151736909179,-1.0976331724530577
methanol,LTE,BEC,wind,LTE_H_BEC_C_wind_E,Norway,1,2024,247.67709739906655,568.2584079455419,815.9355053446084,-1.21746221074673,21.57408582181769,0.0540320894331074,2.878079638369897,1.8979595e-05,32.62999337783025,0.1122578712392522,873.0176641826262,-1.0511532704793702
methanol,LTE,BEC,wind,LTE_H_BEC_C_wind_E,Oman,1,2024,208.39791014635117,637.7844358772282,846.1823460235794,-1.21746221074673,18.344062311311852,0.046152450456501,2.4808268853024247,0.000333673525,11.866993217987575,0.0408263459093141,878.8742284381813,-1.130149740855915
methanol,LTE,BEC,wind,LTE_H_BEC_C_wind_E,Italy,1,2024,209.4889986811488,651.0000394635904,860.4890381447392,-1.21746221074673,11.7952928886772,0.030176734297296,2.651130418026521,0.00017632656,23.438450139177007,0.0806359500997951,898.3739115906199,-1.1064731997896387
methanol,LTE,BEC,wind,LTE_H_BEC_C_wind_E,Austria,1,2024,226.9464152379112,614.2855837294003,841.2319989673115,-1.21746221074673,9.69360858844435,0.0250496776443731,2.747006911612064,6.3061235e-05,23.438450139177007,0.0806359500997951,877.1110646065449,-1.1117135217675616
methanol,LTE,BEC,wind,LTE_H_BEC_C_wind_E,Finland,1,2024,235.6751235162924,581.7184582903916,817.393581806684,-1.21746221074673,18.67936439460148,0.0469704195380984,2.7447410684048363,4.408164e-05,34.80119959123365,0.1197275321955337,873.618886860924,-1.0507201773730976
methanol,LTE,BEC,wind,LTE_H_BEC_C_wind_E,Portugal,1,2024,198.5781133331723,635.2260738624816,833.8041871956539,-1.21746221074673,9.118529180062064,0.0236467720289204,2.338503485785557,6.857144e-05,26.641404839611052,0.0916551639924579,871.9026247011125,-1.1020917032853517
methanol,LTE,BEC,wind,LTE_H_BEC_C_wind_E,Germany,1,2024,224.7642381683159,706.4196663072424,931.1839044755584,-1.21746221074673,13.85107818025421,0.0351918203665945,2.718032551163871,0.00021061228,31.450904768439617,0.1082014199933082,979.2039199754162,-1.0738583581068273
methanol,LTE,BEC,wind,LTE_H_BEC_C_wind_E,Greece,1,2024,200.7602904027676,581.968340484126,782.7286308868936,-1.21746221074673,8.034570812196023,0.0210024567238846,2.4189064262337494,0.0001959184,20.836858989681684,0.0716856239107726,814.0189671150051,-1.1245782117120726
methanol,LTE,BEC,wind,LTE_H_BEC_C_wind_E,France,1,2024,220.3998840291253,641.0184910402257,861.418375069351,-1.21746221074673,16.01757606052169,0.0404769896802436,2.609879740267486,2.693878e-05,30.04770400727699,0.1033739494956759,910.0935348774171,-1.0735843327908103
methanol,LTE,BEC,wind,LTE_H_BEC_C_wind_E,Brazil,1,2024,200.7602904027676,328.9112673686899,529.6715577714575,-1.21746221074673,68.96650800287952,0.1696458537908778,2.3503349862337486,6.3061235e-05,33.11981038844558,0.1139430022863768,634.1082111490164,-0.9338102934344752
methanol,LTE,BEC,wind,LTE_H_BEC_C_wind_E,United Kingdom,1,2024,232.40185791189944,441.8982721167481,674.3001300286476,-1.21746221074673,12.915972819599244,0.0329106318170113,2.899953030232547,0.000129183695,29.838823491365517,0.1026553320633012,719.9548793698448,-1.0817670631714174
methanol,LTE,BEC,wind,LTE_H_BEC_C_wind_E,Spain,1,2024,202.9424674723629,479.0042755223553,681.9467429947182,-1.21746221074673,21.385807864799265,0.0535727855538221,2.3805338366819417,8.938776999999999e-05,25.6956650825948,0.0884015092754728,731.4087497787942,-1.075398528147435
methanol,LTE,BEC,wind,LTE_H_BEC_C_wind_E,Sweden,1,2024,240.03947765548304,597.4468713773764,837.4863490328594,-1.21746221074673,22.56440133074008,0.0564479630816619,2.759498200469972,2.204082e-05,32.381349438995656,0.1114024546001217,895.1915980030651,-1.0495897522449462
methanol,LTE,BEC,wind,LTE_H_BEC_C_wind_E,Czech Republic,1,2024,198.5781133331723,655.8638467744439,854.4419601076162,-1.21746221074673,20.192921188248224,0.0506627397536433,2.3880953307855566,0.00025346943,23.438450139177007,0.0806359500997951,900.4614267658269,-1.0859100514632916
methanol,LTE,BEC,wind,LTE_H_BEC_C_wind_E,Japan,1,2024,235.6751235162924,1461.7884511526042,1697.4635746688966,-1.21746221074673,9.224572746193816,0.023905465197621,2.793108423404836,0.0002951020899999,10.92443852443044,0.0375836488544879,1720.4056943629257,-1.1556779946046212
methanol,LTE,BEC,wind,LTE_H_BEC_C_wind_E,Belgium,1,2024,223.67314963351825,656.6571484867006,880.3302981202189,-1.21746221074673,3.4214706685224665,0.0097488037467934,2.690994348439774,8.448981e-05,30.686449491618188,0.1055714433016215,917.1292126287993,-1.1020574738883149
methanol,LTE,BEC,wind,LTE_H_BEC_C_wind_E,Poland,1,2024,201.85137893756524,604.9779790811784,806.8293580187437,-1.21746221074673,11.233270499248109,0.0288056812659274,2.5365568889578465,0.000376530675,33.72534462020336,0.1160262384989164,854.3245300271531,-1.072253760306886
methanol,LTE,BEC,wind,LTE_H_BEC_C_wind_E,India,1,2024,193.122670659184,558.023275763912,751.145946423096,-1.21746221074673,29.393763775113616,0.0731081856240144,2.2627002371650744,0.0004334694599999,5.7104748980090205,0.0196459051766533,788.5128853333837,-1.1242746504860623
methanol,LTE,BEC,wind,LTE_H_BEC_C_wind_E,Indonesia,1,2024,175.6652541024216,963.029371133902,1138.6946252363236,-1.21746221074673,14.675222299770391,0.0372023190844393,2.0309053535795303,0.00039551027,4.197174123187385,0.0144396545483093,1159.597927012861,-1.1654247268439815
methanol,LTE,BEC,wind,LTE_H_BEC_C_wind_E,South Korea,1,2024,205.1246445419582,822.4402330580584,1027.5648776000166,-1.21746221074673,7.503288733588453,0.0197063946486234,2.3917530921301347,0.00025346943,9.500245533720006,0.0326839582073043,1046.9601649594554,-1.164818388460802
methanol,LTE,BEC,wind,LTE_H_BEC_C_wind_E,China,1,2024,199.66920186796995,338.3849715999704,538.0541734679404,-1.21746221074673,78.31080589228577,0.1924412587218022,2.315337598509652,0.0003428572,8.004084356420046,0.027536673411696,626.6844013151559,-0.9971414214132317
methanol,LTE,BEC,wind,LTE_H_BEC_C_wind_E,United Arab Emirates,1,2024,208.39791014635117,636.5515538313514,844.9494639777025,-1.21746221074673,10.915758228841952,0.0280311104142585,2.425112590302424,0.000234489835,12.367972595646318,0.0425498791573762,870.6583073924932,-1.1466467313400952
methanol,LTE,BEC,wind,LTE_H_BEC_C_wind_E,United States,1,2024,218.21770695953,532.920285204745,751.137992164275,-1.21746221074673,77.51788024031099,0.1905069174228829,2.558864559819293,0.00023510208,28.546969303384355,0.09821093026968,859.7617062677897,-0.9285092609741671
methanol,LTE,BEC,wind,LTE_H_BEC_C_wind_E,Turkey,1,2024,199.66920186796995,905.788673006544,1105.457874874514,-1.21746221074673,10.146640984986664,0.026154849702053,2.3502355635096523,0.00028775515,20.122370978977905,0.0692275509905964,1138.077122401988,-1.1217920549040805
methanol,LTE,BEC,wind,LTE_H_BEC_C_wind_E,Australia,1,2024,223.67314963351825,575.8546071576873,799.5277567912055,-1.21746221074673,78.8034842059262,0.1936431469527896,2.673851488439774,0.00033795924,6.415478997478705,0.0220713503339662,887.4205714830503,-1.0014097542199742
methanol,LTE,BEC,wind,LTE_H_BEC_C_wind_E,Malaysia,1,2024,190.94049358958875,967.4474714345176,1158.3879650241065,-1.21746221074673,15.45206399926973,0.0390974235981119,2.238623836716881,0.0003697959799999,0.0,0.0,1176.0786528600931,-1.177994991168618
methanol,LTE,BEC,wind,LTE_H_BEC_C_wind_E,Canada,1,2024,222.58206109872057,497.8405775087748,720.4226386074954,-1.21746221074673,78.99871720537578,0.1941194176508137,2.5837520507156784,0.0001071428749999,26.728083276427434,0.0919533662227398,828.7331911400144,-0.9312822839981766
methanol,LTE,BEC,wind,LTE_H_BEC_C_wind_E,Mexico,1,2024,192.0315821243864,570.0791310995895,762.110713223976,-1.21746221074673,47.45549617804119,0.1171697629358324,2.301784494440977,0.000321428625,34.96233083444379,0.120281876480666,846.830324730902,-0.9796891427052316
methanol,LTE,BEC,wind,LTE_H_BEC_C_wind_E,Thailand,1,2024,194.2137591939817,846.5966617252775,1040.8104209192593,-1.21746221074673,11.669272719816664,0.0298693082271259,2.276269049889171,0.00033918373,2.9394227465052256,0.0101125776022714,1057.6953854354704,-1.1771411411873325
methanol,LTE,BEC,wind,LTE_H_BEC_C_wind_E,Russia,1,2024,206.21573307675584,1215.1644601676282,1421.380193244384,-1.21746221074673,144.64368452298004,0.3542602467845441,2.3881790448542315,0.000274898005,11.710768464281813,0.0402888815561095,1580.1228252765,-0.8226381844010762
methanol,LTE,BEC,wind,LTE_H_BEC_C_wind_E,Saudi Arabia,1,2024,208.39791014635117,635.337564583458,843.7354747298091,-1.21746221074673,26.333902875522575,0.0656436581588147,2.3993983003024244,0.00033795924,13.729628827558608,0.0472344228587547,886.1984047331927,-1.1042461704891606
methanol,SMR,BEC,wind,SMR_H_BEC_C_wind_E,South Africa,1,2024,133.69110276099715,207.69232595287565,341.38342871387283,0.8270608479746766,24.53851842343582,0.0612638196651808,2.3634903994060386,0.0004340817049999,18.087125459571656,0.0622256393808624,386.3725629962864,0.9509843887257198
methanol,SMR,BEC,wind,SMR_H_BEC_C_wind_E,Taiwan,1,2024,131.54632571135548,427.2845175660318,558.8308432773873,0.8270608479746766,6.525622092765043,0.0173213779005709,2.3754370312337483,0.0003893878199999,6.187684866182444,0.0212876638659976,573.9195872675685,0.8660592775612449
methanol,SMR,BEC,wind,SMR_H_BEC_C_wind_E,Switzerland,1,2024,157.99857599026936,1733.496982194385,1891.4955581846543,0.8270608479746766,11.96100749459355,0.0305809949051598,2.9013606570253185,2.2653065e-05,23.89291933624232,0.0821994730835609,1930.2508456725157,0.9398639690283973
methanol,SMR,BEC,wind,SMR_H_BEC_C_wind_E,Singapore,1,2024,132.26125139456937,1846.623519883008,1978.884771277577,0.8270608479746766,1.0509671989197895,0.0039659630112667,2.4600262639578463,0.000305510255,0.0,0.0,1982.3957647404548,0.8313323212409434
methanol,SMR,BEC,wind,SMR_H_BEC_C_wind_E,Hungary,1,2024,128.68662297849994,692.0187042200544,820.7053271985543,0.8270608479746766,18.611567505354483,0.0468050290976679,2.344427090337363,0.0001120408349999,23.265519221402705,0.0800410110669854,864.9268410156488,0.9540189289743298
methanol,SMR,BEC,wind,SMR_H_BEC_C_wind_E,Philippines,1,2024,127.97169729528603,429.21597533244665,557.1876726277327,0.8270608479746766,10.107765430778445,0.0260600128282098,2.301470517613267,0.0003753061849999,4.77723291213275,0.0164352468883576,574.3741414882571,0.869931413876244
methanol,SMR,BEC,wind,SMR_H_BEC_C_wind_E,Netherlands,1,2024,146.55976505884712,1186.7632499370177,1333.323014995865,0.8270608479746766,5.11922627434319,0.0138904767720408,2.673239243439774,0.000154897985,30.748135543443095,0.1057836635366315,1371.8636160570911,0.9468898862683489
methanol,SMR,BEC,wind,SMR_H_BEC_C_wind_E,Norway,1,2024,162.2881300895527,910.823346570996,1073.1114766605488,0.8270608479746766,21.57408582181769,0.0540320894331074,2.878079638369897,1.8979595e-05,32.62999337783025,0.1122578712392522,1130.1936354985667,0.9933697882420363
methanol,SMR,BEC,wind,SMR_H_BEC_C_wind_E,Oman,1,2024,136.55080549385272,134.93117887883326,271.481984372686,0.8270608479746766,18.344062311311852,0.046152450456501,2.4808268853024247,0.000333673525,11.866993217987575,0.0408263459093141,304.1738667872878,0.9143733178654917
methanol,SMR,BEC,wind,SMR_H_BEC_C_wind_E,Italy,1,2024,137.26573117706658,1316.7384562674995,1454.0041874445662,0.8270608479746766,11.7952928886772,0.030176734297296,2.651130418026521,0.00017632656,23.438450139177007,0.0806359500997951,1491.8890608904471,0.9380498589317676
methanol,SMR,BEC,wind,SMR_H_BEC_C_wind_E,Austria,1,2024,148.70454210848882,1129.5084424580557,1278.2129845665445,0.8270608479746766,9.69360858844435,0.0250496776443731,2.747006911612064,6.3061235e-05,23.438450139177007,0.0806359500997951,1314.092050205778,0.9328095369538447
methanol,SMR,BEC,wind,SMR_H_BEC_C_wind_E,Finland,1,2024,154.42394757419993,1194.6263365225464,1349.0502840967465,0.8270608479746766,18.67936439460148,0.0469704195380984,2.7447410684048363,4.408164e-05,34.80119959123365,0.1197275321955337,1405.2755891509864,0.9938028813483087
methanol,SMR,BEC,wind,SMR_H_BEC_C_wind_E,Portugal,1,2024,130.1164743449277,1021.3946370350218,1151.5111113799494,0.8270608479746766,9.118529180062064,0.0236467720289204,2.338503485785557,6.857144e-05,26.641404839611052,0.0916551639924579,1189.6095488854082,0.9424313554360549
methanol,SMR,BEC,wind,SMR_H_BEC_C_wind_E,Germany,1,2024,147.27469074206104,1068.2669255187093,1215.5416162607703,0.8270608479746766,13.85107818025421,0.0351918203665945,2.718032551163871,0.00021061228,31.450904768439617,0.1082014199933082,1263.561631760628,0.9706647006145793
methanol,SMR,BEC,wind,SMR_H_BEC_C_wind_E,Greece,1,2024,131.5463257113555,590.7515590215739,722.2978847329294,0.8270608479746766,8.034570812196023,0.0210024567238846,2.4189064262337494,0.0001959184,20.836858989681684,0.0716856239107726,753.5882209610409,0.9199448470093338
methanol,SMR,BEC,wind,SMR_H_BEC_C_wind_E,France,1,2024,144.4149880092055,1166.3955601688529,1310.8105481780583,0.8270608479746766,16.01757606052169,0.0404769896802436,2.609879740267486,2.693878e-05,30.04770400727699,0.1033739494956759,1359.4857079861242,0.9709387259305962
methanol,SMR,BEC,wind,SMR_H_BEC_C_wind_E,Brazil,1,2024,131.54632571135548,1088.9525332845835,1220.498858995939,0.8270608479746766,68.96650800287952,0.1696458537908778,2.3503349862337486,6.3061235e-05,33.11981038844558,0.1139430022863768,1324.9355123734977,1.1107127652869313
methanol,SMR,BEC,wind,SMR_H_BEC_C_wind_E,United Kingdom,1,2024,152.27917052455825,864.3577116233797,1016.636882147938,0.8270608479746766,12.915972819599244,0.0329106318170113,2.899953030232547,0.000129183695,29.838823491365517,0.1026553320633012,1062.2916314891354,0.9627559955499891
methanol,SMR,BEC,wind,SMR_H_BEC_C_wind_E,Spain,1,2024,132.97617707778326,858.8407716267349,991.8169487045182,0.8270608479746766,21.385807864799265,0.0535727855538221,2.3805338366819417,8.938776999999999e-05,25.6956650825948,0.0884015092754728,1041.2789554885942,0.9691245305739715
methanol,SMR,BEC,wind,SMR_H_BEC_C_wind_E,Sweden,1,2024,157.2836503070555,1722.35664012465,1879.6402904317056,0.8270608479746766,22.56440133074008,0.0564479630816619,2.759498200469972,2.204082e-05,32.381349438995656,0.1114024546001217,1937.3455394019113,0.9949333064764602
methanol,SMR,BEC,wind,SMR_H_BEC_C_wind_E,Czech Republic,1,2024,130.1164743449277,867.3300915426764,997.4465658876042,0.8270608479746766,20.192921188248224,0.0506627397536433,2.3880953307855566,0.00025346943,23.438450139177007,0.0806359500997951,1043.4660325458149,0.958613007258115
methanol,SMR,BEC,wind,SMR_H_BEC_C_wind_E,Japan,1,2024,154.42394757419993,968.4694015145974,1122.893349088797,0.8270608479746766,9.224572746193816,0.023905465197621,2.793108423404836,0.0002951020899999,10.92443852443044,0.0375836488544879,1145.8354687828262,0.8888450641167855
methanol,SMR,BEC,wind,SMR_H_BEC_C_wind_E,Belgium,1,2024,146.55976505884712,731.4302895382538,877.9900545971009,0.8270608479746766,3.4214706685224665,0.0097488037467934,2.690994348439774,8.448981e-05,30.686449491618188,0.1055714433016215,914.7889691056813,0.9424655848330915
methanol,SMR,BEC,wind,SMR_H_BEC_C_wind_E,Poland,1,2024,132.26125139456937,950.9454102368704,1083.2066616314398,0.8270608479746766,11.233270499248109,0.0288056812659274,2.5365568889578465,0.000376530675,33.72534462020336,0.1160262384989164,1130.7018336398492,0.9722692984145204
methanol,SMR,BEC,wind,SMR_H_BEC_C_wind_E,India,1,2024,126.54184592885824,636.1312586120108,762.6731045408691,0.8270608479746766,29.393763775113616,0.0731081856240144,2.2627002371650744,0.0004334694599999,5.7104748980090205,0.0196459051766533,800.0400434511567,0.9202484082353443
methanol,SMR,BEC,wind,SMR_H_BEC_C_wind_E,Indonesia,1,2024,115.10303499743604,997.1961818587606,1112.2992168561966,0.8270608479746766,14.675222299770391,0.0372023190844393,2.0309053535795303,0.00039551027,4.197174123187385,0.0144396545483093,1133.202518632734,0.8790983318774251
methanol,SMR,BEC,wind,SMR_H_BEC_C_wind_E,South Korea,1,2024,134.40602844421105,753.6303903692179,888.036418813429,0.8270608479746766,7.503288733588453,0.0197063946486234,2.3917530921301347,0.00025346943,9.500245533720006,0.0326839582073043,907.4317061728675,0.8797046702606044
methanol,SMR,BEC,wind,SMR_H_BEC_C_wind_E,China,1,2024,130.8314000281416,622.7811843304313,753.6125843585729,0.8270608479746766,78.31080589228577,0.1924412587218022,2.315337598509652,0.0003428572,8.004084356420046,0.027536673411696,842.2428122057885,1.0473816373081748
methanol,SMR,BEC,wind,SMR_H_BEC_C_wind_E,United Arab Emirates,1,2024,136.55080549385272,133.51010531895446,270.06091081280715,0.8270608479746766,10.915758228841952,0.0280311104142585,2.425112590302424,0.000234489835,12.367972595646318,0.0425498791573762,295.76975422759784,0.8978763273813113
methanol,SMR,BEC,wind,SMR_H_BEC_C_wind_E,United States,1,2024,142.98513664277772,469.7936611554241,612.7787977982018,0.8270608479746766,77.51788024031099,0.1905069174228829,2.558864559819293,0.00023510208,28.546969303384355,0.09821093026968,721.4025119017165,1.1160137977472395
methanol,SMR,BEC,wind,SMR_H_BEC_C_wind_E,Turkey,1,2024,130.8314000281416,412.2992378167464,543.130637844888,0.8270608479746766,10.146640984986664,0.026154849702053,2.3502355635096523,0.00028775515,20.122370978977905,0.0692275509905964,575.7498853723622,0.922731003817326
methanol,SMR,BEC,wind,SMR_H_BEC_C_wind_E,Australia,1,2024,146.55976505884712,583.3963857133064,729.9561507721535,0.8270608479746766,78.8034842059262,0.1936431469527896,2.673851488439774,0.00033795924,6.415478997478705,0.0220713503339662,817.8489654639982,1.0431133045014325
methanol,SMR,BEC,wind,SMR_H_BEC_C_wind_E,Malaysia,1,2024,125.1119945624305,393.1462078662547,518.2582024286852,0.8270608479746766,15.45206399926973,0.0390974235981119,2.238623836716881,0.0003697959799999,0.0,0.0,535.9488902646718,0.8665280675527883
methanol,SMR,BEC,wind,SMR_H_BEC_C_wind_E,Canada,1,2024,145.84483937563326,317.3037960636044,463.1486354392376,0.8270608479746766,78.99871720537578,0.1941194176508137,2.5837520507156784,0.0001071428749999,26.728083276427434,0.0919533662227398,571.4591879717566,1.11324077472323
methanol,SMR,BEC,wind,SMR_H_BEC_C_wind_E,Mexico,1,2024,125.82692024564436,248.2999716769397,374.126891922584,0.8270608479746766,47.45549617804119,0.1171697629358324,2.301784494440977,0.000321428625,34.96233083444379,0.120281876480666,458.84650342950994,1.0648339160161748
methanol,SMR,BEC,wind,SMR_H_BEC_C_wind_E,Thailand,1,2024,127.25677161207216,410.1206865602652,537.3774581723374,0.8270608479746766,11.669272719816664,0.0298693082271259,2.276269049889171,0.00033918373,2.9394227465052256,0.0101125776022714,554.2624226885484,0.8673819175340738
methanol,SMR,BEC,wind,SMR_H_BEC_C_wind_E,Russia,1,2024,135.12095412742494,224.0243249531704,359.1452790805953,0.8270608479746766,144.64368452298004,0.3542602467845441,2.3881790448542315,0.000274898005,11.710768464281813,0.0402888815561095,517.8879111127113,1.2218848743203303
methanol,SMR,BEC,wind,SMR_H_BEC_C_wind_E,Saudi Arabia,1,2024,136.55080549385272,132.50254115755678,269.05334665140947,0.8270608479746766,26.333902875522575,0.0656436581588147,2.3993983003024244,0.00033795924,13.729628827558608,0.0472344228587547,311.5162766547931,0.940276888232246
methanol,SMRCCS,BEC,wind,SMRCCS_H_BEC_C_wind_E,South Africa,1,2024,189.57875801038116,261.49631788400427,451.07507589438546,-0.9378380678614237,24.53851842343582,0.0612638196651808,2.3634903994060386,0.0004340817049999,18.087125459571656,0.0622256393808624,496.064210176799,-0.8139145271103805
methanol,SMRCCS,BEC,wind,SMRCCS_H_BEC_C_wind_E,Taiwan,1,2024,186.53738756101671,539.9339050159122,726.4712925769289,-0.9378380678614237,6.525622092765043,0.0173213779005709,2.3754370312337483,0.0003893878199999,6.187684866182444,0.0212876638659976,741.5600365671102,-0.8988396382748554
methanol,SMRCCS,BEC,wind,SMRCCS_H_BEC_C_wind_E,Switzerland,1,2024,224.04762310317773,2205.7572638829133,2429.804886986091,-0.9378380678614237,11.96100749459355,0.0305809949051598,2.9013606570253185,2.2653065e-05,23.89291933624232,0.0821994730835609,2468.560174473952,-0.825034946807703
methanol,SMRCCS,BEC,wind,SMRCCS_H_BEC_C_wind_E,Singapore,1,2024,187.5511777108049,2364.6305551085516,2552.1817328193565,-0.9378380678614237,1.0509671989197895,0.0039659630112667,2.4600262639578463,0.000305510255,0.0,0.0,2555.692726282234,-0.9335665945951569
methanol,SMRCCS,BEC,wind,SMRCCS_H_BEC_C_wind_E,Hungary,1,2024,182.48222696186423,882.721701327454,1065.203928289318,-0.9378380678614237,18.611567505354483,0.0468050290976679,2.344427090337363,0.0001120408349999,23.265519221402705,0.0800410110669854,1109.4254421064124,-0.8108799868617704
methanol,SMRCCS,BEC,wind,SMRCCS_H_BEC_C_wind_E,Philippines,1,2024,181.46843681207605,547.8923145542738,729.3607513663499,-0.9378380678614237,10.107765430778445,0.0260600128282098,2.301470517613267,0.0003753061849999,4.77723291213275,0.0164352468883576,746.5472202268743,-0.8949675019598563
methanol,SMRCCS,BEC,wind,SMRCCS_H_BEC_C_wind_E,Netherlands,1,2024,207.82698070656755,1510.309822944322,1718.1368036508895,-0.9378380678614237,5.11922627434319,0.0138904767720408,2.673239243439774,0.000154897985,30.748135543443095,0.1057836635366315,1756.6774047121157,-0.8180090295677513
methanol,SMRCCS,BEC,wind,SMRCCS_H_BEC_C_wind_E,Norway,1,2024,230.1303640019065,1150.906237088469,1381.0366010903754,-0.9378380678614237,21.57408582181769,0.0540320894331074,2.878079638369897,1.8979595e-05,32.62999337783025,0.1122578712392522,1438.1187599283933,-0.771529127594064
methanol,SMRCCS,BEC,wind,SMRCCS_H_BEC_C_wind_E,Oman,1,2024,193.63391860953368,167.63033962363377,361.2642582331674,-0.9378380678614237,18.344062311311852,0.046152450456501,2.4808268853024247,0.000333673525,11.866993217987575,0.0408263459093141,393.95614064776925,-0.8505255979706086
methanol,SMRCCS,BEC,wind,SMRCCS_H_BEC_C_wind_E,Italy,1,2024,194.6477087593218,1678.4106993114165,1873.0584080707383,-0.9378380678614237,11.7952928886772,0.030176734297296,2.651130418026521,0.00017632656,23.438450139177007,0.0806359500997951,1910.9432815166192,-0.8268490569043326
methanol,SMRCCS,BEC,wind,SMRCCS_H_BEC_C_wind_E,Austria,1,2024,210.868351155932,1435.230279657525,1646.098630813457,-0.9378380678614237,9.69360858844435,0.0250496776443731,2.747006911612064,6.3061235e-05,23.438450139177007,0.0806359500997951,1681.9776964526905,-0.8320893788822555
methanol,SMRCCS,BEC,wind,SMRCCS_H_BEC_C_wind_E,Finland,1,2024,218.97867235423703,1519.3345893568776,1738.3132617111146,-0.9378380678614237,18.67936439460148,0.0469704195380984,2.7447410684048363,4.408164e-05,34.80119959123365,0.1197275321955337,1794.5385667653545,-0.7710960344877915
methanol,SMRCCS,BEC,wind,SMRCCS_H_BEC_C_wind_E,Portugal,1,2024,184.50980726144044,1306.3086190472486,1490.8184263086891,-0.9378380678614237,9.118529180062064,0.0236467720289204,2.338503485785557,6.857144e-05,26.641404839611052,0.0916551639924579,1528.916863814148,-0.8224675604000453
methanol,SMRCCS,BEC,wind,SMRCCS_H_BEC_C_wind_E,Germany,1,2024,208.8407708563557,1356.3027964887185,1565.1435673450742,-0.9378380678614237,13.85107818025421,0.0351918203665945,2.718032551163871,0.00021061228,31.450904768439617,0.1082014199933082,1613.1635828449319,-0.7942342152215209
methanol,SMRCCS,BEC,wind,SMRCCS_H_BEC_C_wind_E,Greece,1,2024,186.53738756101671,750.1595064976109,936.6968940586275,-0.9378380678614237,8.034570812196023,0.0210024567238846,2.4189064262337494,0.0001959184,20.836858989681684,0.0716856239107726,967.9872302867391,-0.8449540688267665
methanol,SMRCCS,BEC,wind,SMRCCS_H_BEC_C_wind_E,France,1,2024,204.78561025720316,1483.507446964855,1688.2930572220582,-0.9378380678614237,16.01757606052169,0.0404769896802436,2.609879740267486,2.693878e-05,30.04770400727699,0.1033739494956759,1736.9682170301242,-0.7939601899055041
methanol,SMRCCS,BEC,wind,SMRCCS_H_BEC_C_wind_E,Brazil,1,2024,186.53738756101671,1391.5152328251231,1578.05262038614,-0.9378380678614237,68.96650800287952,0.1696458537908778,2.3503349862337486,6.3061235e-05,33.11981038844558,0.1139430022863768,1682.4892737636987,-0.6541861505491691
methanol,SMRCCS,BEC,wind,SMRCCS_H_BEC_C_wind_E,United Kingdom,1,2024,215.93730190487264,1097.0616087539934,1312.998910658866,-0.9378380678614237,12.915972819599244,0.0329106318170113,2.899953030232547,0.000129183695,29.838823491365517,0.1026553320633012,1358.6536600000634,-0.8021429202861111
methanol,SMRCCS,BEC,wind,SMRCCS_H_BEC_C_wind_E,Spain,1,2024,188.564967860593,1091.7549108319222,1280.3198786925152,-0.9378380678614237,21.385807864799265,0.0535727855538221,2.3805338366819417,8.938776999999999e-05,25.6956650825948,0.0884015092754728,1329.7818854765912,-0.7957743852621288
methanol,SMRCCS,BEC,wind,SMRCCS_H_BEC_C_wind_E,Sweden,1,2024,223.0338329533896,2197.0607020785997,2420.0945350319894,-0.9378380678614237,22.56440133074008,0.0564479630816619,2.759498200469972,2.204082e-05,32.381349438995656,0.1114024546001217,2477.799784002195,-0.7699656093596401
methanol,SMRCCS,BEC,wind,SMRCCS_H_BEC_C_wind_E,Czech Republic,1,2024,184.50980726144044,1108.8777934533075,1293.387600714748,-0.9378380678614237,20.192921188248224,0.0506627397536433,2.3880953307855566,0.00025346943,23.438450139177007,0.0806359500997951,1339.4070673729589,-0.8062859085779852
methanol,SMRCCS,BEC,wind,SMRCCS_H_BEC_C_wind_E,Japan,1,2024,218.97867235423703,1238.9618158090225,1457.9404881632593,-0.9378380678614237,9.224572746193816,0.023905465197621,2.793108423404836,0.0002951020899999,10.92443852443044,0.0375836488544879,1480.8826078572883,-0.8760538517193147
methanol,SMRCCS,BEC,wind,SMRCCS_H_BEC_C_wind_E,Belgium,1,2024,207.82698070656755,921.0652425954833,1128.8922233020508,-0.9378380678614237,3.4214706685224665,0.0097488037467934,2.690994348439774,8.448981e-05,30.686449491618188,0.1055714433016215,1165.691137810631,-0.8224333310030087
methanol,SMRCCS,BEC,wind,SMRCCS_H_BEC_C_wind_E,Poland,1,2024,187.5511777108049,1216.3063901802077,1403.8575678910124,-0.9378380678614237,11.233270499248109,0.0288056812659274,2.5365568889578465,0.000376530675,33.72534462020336,0.1160262384989164,1451.3527398994217,-0.7926296174215799
methanol,SMRCCS,BEC,wind,SMRCCS_H_BEC_C_wind_E,India,1,2024,179.4408565124998,812.9346174303896,992.3754739428894,-0.9378380678614237,29.393763775113616,0.0731081856240144,2.2627002371650744,0.0004334694599999,5.7104748980090205,0.0196459051766533,1029.7424128531773,-0.844650507600756
methanol,SMRCCS,BEC,wind,SMRCCS_H_BEC_C_wind_E,Indonesia,1,2024,163.22021411588963,1280.6392614627978,1443.8594755786874,-0.9378380678614237,14.675222299770391,0.0372023190844393,2.0309053535795303,0.00039551027,4.197174123187385,0.0144396545483093,1464.7627773552247,-0.8858005839586751
methanol,SMRCCS,BEC,wind,SMRCCS_H_BEC_C_wind_E,South Korea,1,2024,190.5925481601693,958.6988597163142,1149.2914078764834,-0.9378380678614237,7.503288733588453,0.0197063946486234,2.3917530921301347,0.00025346943,9.500245533720006,0.0326839582073043,1168.6866952359221,-0.8851942455754959
methanol,SMRCCS,BEC,wind,SMRCCS_H_BEC_C_wind_E,China,1,2024,185.5235974112286,793.2747390682755,978.798336479504,-0.9378380678614237,78.31080589228577,0.1924412587218022,2.315337598509652,0.0003428572,8.004084356420046,0.027536673411696,1067.4285643267194,-0.7175172785279255
methanol,SMRCCS,BEC,wind,SMRCCS_H_BEC_C_wind_E,United Arab Emirates,1,2024,193.63391860953368,165.6351002098457,359.26901881937937,-0.9378380678614237,10.915758228841952,0.0280311104142585,2.425112590302424,0.000234489835,12.367972595646318,0.0425498791573762,384.9778622341701,-0.867022588454789
methanol,SMRCCS,BEC,wind,SMRCCS_H_BEC_C_wind_E,United States,1,2024,202.7580299576269,586.4120630508529,789.1700930084797,-0.9378380678614237,77.51788024031099,0.1905069174228829,2.558864559819293,0.00023510208,28.546969303384355,0.09821093026968,897.7938071119944,-0.6488851180888607
methanol,SMRCCS,BEC,wind,SMRCCS_H_BEC_C_wind_E,Turkey,1,2024,185.5235974112286,526.3958164097862,711.9194138210148,-0.9378380678614237,10.146640984986664,0.026154849702053,2.3502355635096523,0.00028775515,20.122370978977905,0.0692275509905964,744.538661348489,-0.8421679120187743
methanol,SMRCCS,BEC,wind,SMRCCS_H_BEC_C_wind_E,Australia,1,2024,207.82698070656755,733.4212178021581,941.2481985087256,-0.9378380678614237,78.8034842059262,0.1936431469527896,2.673851488439774,0.00033795924,6.415478997478705,0.0220713503339662,1029.1410132005703,-0.7217856113346678
methanol,SMRCCS,BEC,wind,SMRCCS_H_BEC_C_wind_E,Malaysia,1,2024,177.4132762129235,503.054350923093,680.4676271360165,-0.9378380678614237,15.45206399926973,0.0390974235981119,2.238623836716881,0.0003697959799999,0.0,0.0,698.1583149720032,-0.8983708482833119
methanol,SMRCCS,BEC,wind,SMRCCS_H_BEC_C_wind_E,Canada,1,2024,206.81319055677943,393.2533187816133,600.0665093383927,-0.9378380678614237,78.99871720537578,0.1941194176508137,2.5837520507156784,0.0001071428749999,26.728083276427434,0.0919533662227398,708.3770618709117,-0.6516581411128702
methanol,SMRCCS,BEC,wind,SMRCCS_H_BEC_C_wind_E,Mexico,1,2024,178.42706636271166,313.65923533753346,492.08630170024514,-0.9378380678614237,47.45549617804119,0.1171697629358324,2.301784494440977,0.000321428625,34.96233083444379,0.120281876480666,576.8059132071712,-0.7000649998199253
methanol,SMRCCS,BEC,wind,SMRCCS_H_BEC_C_wind_E,Thailand,1,2024,180.45464666228796,524.6113381180432,705.0659847803312,-0.9378380678614237,11.669272719816664,0.0298693082271259,2.276269049889171,0.00033918373,2.9394227465052256,0.0101125776022714,721.9509492965423,-0.8975169983020265
methanol,SMRCCS,BEC,wind,SMRCCS_H_BEC_C_wind_E,Russia,1,2024,191.60633830995744,287.52934295562363,479.135681265581,-0.9378380678614237,144.64368452298004,0.3542602467845441,2.3881790448542315,0.000274898005,11.710768464281813,0.0402888815561095,637.8783132976972,-0.54301404151577
methanol,SMRCCS,BEC,wind,SMRCCS_H_BEC_C_wind_E,Saudi Arabia,1,2024,193.63391860953368,164.6275326363794,358.2614512459131,-0.9378380678614237,26.333902875522575,0.0656436581588147,2.3993983003024244,0.00033795924,13.729628827558608,0.0472344228587547,400.72438124929675,-0.8246220276038543
methanol,BG,BG,wind,BG_H_C_wind_E,South Africa,1,2024,177.1915221413973,328.0431665539476,505.23468869534486,-0.8151747661004678,24.53851842343582,0.0612638196651808,2.3634903994060386,0.0004340817049999,18.087125459571656,0.0622256393808624,550.2238229777583,-0.6912512253494246
methanol,BG,BG,wind,BG_H_C_wind_E,Taiwan,1,2024,174.34887740116096,325.44970166295104,499.798579064112,-0.8151747661004678,6.525622092765043,0.0173213779005709,2.3754370312337483,0.0003893878199999,6.187684866182444,0.0212876638659976,514.8873230542932,-0.7761763365138995
methanol,BG,BG,wind,BG_H_C_wind_E,Switzerland,1,2024,209.40816253074223,494.3435372452231,703.7516997759653,-0.8151747661004678,11.96100749459355,0.0305809949051598,2.9013606570253185,2.2653065e-05,23.89291933624232,0.0821994730835609,742.5069872638265,-0.7023716450467471
methanol,BG,BG,wind,BG_H_C_wind_E,Singapore,1,2024,175.2964256479064,457.31412590328546,632.6105515511919,-0.8151747661004678,1.0509671989197895,0.0039659630112667,2.4600262639578463,0.000305510255,0.0,0.0,636.1215450140695,-0.810903292834201
methanol,BG,BG,wind,BG_H_C_wind_E,Hungary,1,2024,170.5586844141792,349.1003365184091,519.6590209325883,-0.8151747661004678,18.611567505354483,0.0468050290976679,2.344427090337363,0.0001120408349999,23.265519221402705,0.0800410110669854,563.8805347496829,-0.6882166851008146
methanol,BG,BG,wind,BG_H_C_wind_E,Philippines,1,2024,169.61113616743376,335.1050480052319,504.7161841726656,-0.8151747661004678,10.107765430778445,0.0260600128282098,2.301470517613267,0.0003753061849999,4.77723291213275,0.0164352468883576,521.90265303319,-0.7723042001989004
methanol,BG,BG,wind,BG_H_C_wind_E,Netherlands,1,2024,194.24739058281517,415.809715111707,610.0571056945222,-0.8151747661004678,5.11922627434319,0.0138904767720408,2.673239243439774,0.000154897985,30.748135543443095,0.1057836635366315,648.5977067557483,-0.6953457278067955
methanol,BG,BG,wind,BG_H_C_wind_E,Norway,1,2024,215.09345201121488,430.4705081775647,645.5639601887796,-0.8151747661004678,21.57408582181769,0.0540320894331074,2.878079638369897,1.8979595e-05,32.62999337783025,0.1122578712392522,702.6461190267974,-0.6488658258331081
methanol,BG,BG,wind,BG_H_C_wind_E,Oman,1,2024,180.98171512837908,331.14461544825605,512.1263305766352,-0.8151747661004678,18.344062311311852,0.046152450456501,2.4808268853024247,0.000333673525,11.866993217987575,0.0408263459093141,544.818212991237,-0.7278622962096527
methanol,BG,BG,wind,BG_H_C_wind_E,Italy,1,2024,181.9292633751245,421.8462516376832,603.7755150128077,-0.8151747661004678,11.7952928886772,0.030176734297296,2.651130418026521,0.00017632656,23.438450139177007,0.0806359500997951,641.6603884586883,-0.7041857551433768
methanol,BG,BG,wind,BG_H_C_wind_E,Austria,1,2024,197.09003532305152,425.2146086804382,622.3046440034897,-0.8151747661004678,9.69360858844435,0.0250496776443731,2.747006911612064,6.3061235e-05,23.438450139177007,0.0806359500997951,658.1837096427231,-0.7094260771212997
methanol,BG,BG,wind,BG_H_C_wind_E,Finland,1,2024,204.67042129701508,425.3722002647996,630.0426215618147,-0.8151747661004678,18.67936439460148,0.0469704195380984,2.7447410684048363,4.408164e-05,34.80119959123365,0.1197275321955337,686.2679266160548,-0.6484327327268357
methanol,BG,BG,wind,BG_H_C_wind_E,Portugal,1,2024,172.45378090767008,372.170340348082,544.624121255752,-0.8151747661004678,9.118529180062064,0.0236467720289204,2.338503485785557,6.857144e-05,26.641404839611052,0.0916551639924579,582.7225587612106,-0.6998042586390895
methanol,BG,BG,wind,BG_H_C_wind_E,Germany,1,2024,195.1949388295606,435.93311499147546,631.128053821036,-0.8151747661004678,13.85107818025421,0.0351918203665945,2.718032551163871,0.00021061228,31.450904768439617,0.1082014199933082,679.1480693208938,-0.6715709134605651
methanol,BG,BG,wind,BG_H_C_wind_E,Greece,1,2024,174.34887740116096,358.52460912827576,532.8734865294367,-0.8151747661004678,8.034570812196023,0.0210024567238846,2.4189064262337494,0.0001959184,20.836858989681684,0.0716856239107726,564.1638227575481,-0.7222907670658106
methanol,BG,BG,wind,BG_H_C_wind_E,France,1,2024,191.40474584257888,425.1607725011986,616.5655183437775,-0.8151747661004678,16.01757606052169,0.0404769896802436,2.609879740267486,2.693878e-05,30.04770400727699,0.1033739494956759,665.2406781518437,-0.6712968881445482
methanol,BG,BG,wind,BG_H_C_wind_E,Brazil,1,2024,174.34887740116096,348.60713562218496,522.9560130233459,-0.8151747661004678,68.96650800287952,0.1696458537908778,2.3503349862337486,6.3061235e-05,33.11981038844558,0.1139430022863768,627.3926664009048,-0.5315228487882132
methanol,BG,BG,wind,BG_H_C_wind_E,United Kingdom,1,2024,201.8277765567787,384.56291963620225,586.390696192981,-0.8151747661004678,12.915972819599244,0.0329106318170113,2.899953030232547,0.000129183695,29.838823491365517,0.1026553320633012,632.0454455341782,-0.6794796185251553
methanol,BG,BG,wind,BG_H_C_wind_E,Spain,1,2024,176.24397389465182,376.71790454359433,552.9618784382461,-0.8151747661004678,21.385807864799265,0.0535727855538221,2.3805338366819417,8.938776999999999e-05,25.6956650825948,0.0884015092754728,602.4238852223222,-0.6731110835011729
methanol,BG,BG,wind,BG_H_C_wind_E,Sweden,1,2024,208.4606142839968,453.2054529741398,661.6660672581366,-0.8151747661004678,22.56440133074008,0.0564479630816619,2.759498200469972,2.204082e-05,32.381349438995656,0.1114024546001217,719.3713162283424,-0.6473023075986842
methanol,BG,BG,wind,BG_H_C_wind_E,Czech Republic,1,2024,172.45378090767008,367.8621115364032,540.3158924440734,-0.8151747661004678,20.192921188248224,0.0506627397536433,2.3880953307855566,0.00025346943,23.438450139177007,0.0806359500997951,586.3353591022841,-0.6836226068170294
methanol,BG,BG,wind,BG_H_C_wind_E,Japan,1,2024,204.67042129701508,452.5637392151573,657.2341605121724,-0.8151747661004678,9.224572746193816,0.023905465197621,2.793108423404836,0.0002951020899999,10.92443852443044,0.0375836488544879,680.1762802062016,-0.7533905499583589
methanol,BG,BG,wind,BG_H_C_wind_E,Belgium,1,2024,194.24739058281517,425.16058416584445,619.4079747486596,-0.8151747661004678,3.4214706685224665,0.0097488037467934,2.690994348439774,8.448981e-05,30.686449491618188,0.1055714433016215,656.20688925724,-0.6997700292420529
methanol,BG,BG,wind,BG_H_C_wind_E,Poland,1,2024,175.2964256479064,363.17103232520776,538.4674579731142,-0.8151747661004678,11.233270499248109,0.0288056812659274,2.5365568889578465,0.000376530675,33.72534462020336,0.1160262384989164,585.9626299815235,-0.669966315660624
methanol,BG,BG,wind,BG_H_C_wind_E,India,1,2024,167.71603967394287,333.8948967658067,501.6109364397496,-0.8151747661004678,29.393763775113616,0.0731081856240144,2.2627002371650744,0.0004334694599999,5.7104748980090205,0.0196459051766533,538.9778753500373,-0.7219872058398001
methanol,BG,BG,wind,BG_H_C_wind_E,Indonesia,1,2024,152.5552677260158,373.6405679204941,526.1958356465099,-0.8151747661004678,14.675222299770391,0.0372023190844393,2.0309053535795303,0.00039551027,4.197174123187385,0.0144396545483093,547.0991374230473,-0.7631372821977193
methanol,BG,BG,wind,BG_H_C_wind_E,South Korea,1,2024,178.1390703881427,393.3497044205708,571.4887748087135,-0.8151747661004678,7.503288733588453,0.0197063946486234,2.3917530921301347,0.00025346943,9.500245533720006,0.0326839582073043,590.884062168152,-0.76253094381454
methanol,BG,BG,wind,BG_H_C_wind_E,China,1,2024,173.40132915441552,323.39079657229826,496.7921257267138,-0.8151747661004678,78.31080589228577,0.1924412587218022,2.315337598509652,0.0003428572,8.004084356420046,0.027536673411696,585.4223535739293,-0.5948539767669696
methanol,BG,BG,wind,BG_H_C_wind_E,United Arab Emirates,1,2024,180.98171512837908,330.63499971495605,511.6167148433351,-0.8151747661004678,10.915758228841952,0.0280311104142585,2.425112590302424,0.000234489835,12.367972595646318,0.0425498791573762,537.3255582581257,-0.7443592866938331
methanol,BG,BG,wind,BG_H_C_wind_E,United States,1,2024,189.509649349088,391.6319265893716,581.1415759384596,-0.8151747661004678,77.51788024031099,0.1905069174228829,2.558864559819293,0.00023510208,28.546969303384355,0.09821093026968,689.7652900419743,-0.526221816327905
methanol,BG,BG,wind,BG_H_C_wind_E,Turkey,1,2024,173.40132915441552,356.0800642938552,529.4813934482706,-0.8151747661004678,10.146640984986664,0.026154849702053,2.3502355635096523,0.00028775515,20.122370978977905,0.0692275509905964,562.1006409757448,-0.7195046102578184
methanol,BG,BG,wind,BG_H_C_wind_E,Australia,1,2024,194.24739058281517,398.5901289737064,592.8375195565216,-0.8151747661004678,78.8034842059262,0.1936431469527896,2.673851488439774,0.00033795924,6.415478997478705,0.0220713503339662,680.7303342483663,-0.5991223095737119
methanol,BG,BG,wind,BG_H_C_wind_E,Malaysia,1,2024,165.820943180452,354.16783626987433,519.9887794503263,-0.8151747661004678,15.45206399926973,0.0390974235981119,2.238623836716881,0.0003697959799999,0.0,0.0,537.679467286313,-0.7757075465223561
methanol,BG,BG,wind,BG_H_C_wind_E,Canada,1,2024,193.29984233606976,368.0753091045403,561.37515144061,-0.8151747661004678,78.99871720537578,0.1941194176508137,2.5837520507156784,0.0001071428749999,26.728083276427434,0.0919533662227398,669.685703973129,-0.5289948393519145
methanol,BG,BG,wind,BG_H_C_wind_E,Mexico,1,2024,166.76849142719743,322.8959873557737,489.6644787829711,-0.8151747661004678,47.45549617804119,0.1171697629358324,2.301784494440977,0.000321428625,34.96233083444379,0.120281876480666,574.3840902898971,-0.5774016980589695
methanol,BG,BG,wind,BG_H_C_wind_E,Thailand,1,2024,168.66358792068831,344.41807183466716,513.0816597553555,-0.8151747661004678,11.669272719816664,0.0298693082271259,2.276269049889171,0.00033918373,2.9394227465052256,0.0101125776022714,529.9666242715666,-0.7748536965410706
methanol,BG,BG,wind,BG_H_C_wind_E,Russia,1,2024,179.08661863488817,365.5589971976075,544.6456158324957,-0.8151747661004678,144.64368452298004,0.3542602467845441,2.3881790448542315,0.000274898005,11.710768464281813,0.0402888815561095,703.3882478646118,-0.4203507397548142
methanol,BG,BG,wind,BG_H_C_wind_E,Saudi Arabia,1,2024,180.98171512837908,329.11338537737254,510.0951005057516,-0.8151747661004678,26.333902875522575,0.0656436581588147,2.3993983003024244,0.00033795924,13.729628827558608,0.0472344228587547,552.5580305091352,-0.7019587258428984
methanol,ATRCCS,DAC,wind,ATRCCS_H_DAC_C_wind_E,South Africa,1,2024,171.99539045238782,540.4845624608765,712.4799529132644,-1.0078576019688943,24.53851842343582,0.0612638196651808,2.3634903994060386,0.0004340817049999,18.087125459571656,0.0622256393808624,757.4690871956778,-0.8839340612178511
methanol,ATRCCS,DAC,wind,ATRCCS_H_DAC_C_wind_E,Taiwan,1,2024,169.2361061135794,775.3417800463872,944.5778861599664,-1.0078576019688943,6.525622092765043,0.0173213779005709,2.3754370312337483,0.0003893878199999,6.187684866182444,0.0212876638659976,959.6666301501476,-0.968859172382326
methanol,ATRCCS,DAC,wind,ATRCCS_H_DAC_C_wind_E,Switzerland,1,2024,203.26727962554924,2209.454722220412,2412.722001845961,-1.0078576019688943,11.96100749459355,0.0305809949051598,2.9013606570253185,2.2653065e-05,23.89291933624232,0.0821994730835609,2451.4772893338222,-0.8950544809151736
methanol,ATRCCS,DAC,wind,ATRCCS_H_DAC_C_wind_E,Singapore,1,2024,170.1558675598489,2353.5062064426284,2523.6620740024773,-1.0078576019688943,1.0509671989197895,0.0039659630112667,2.4600262639578463,0.000305510255,0.0,0.0,2527.173067465355,-1.0035861287026275
methanol,ATRCCS,DAC,wind,ATRCCS_H_DAC_C_wind_E,Hungary,1,2024,165.55706032850165,1072.5341352032226,1238.0911955317242,-1.0078576019688943,18.611567505354483,0.0468050290976679,2.344427090337363,0.0001120408349999,23.265519221402705,0.0800410110669854,1282.3127093488188,-0.8808995209692411
methanol,ATRCCS,DAC,wind,ATRCCS_H_DAC_C_wind_E,Philippines,1,2024,164.63729888223216,790.1992889914734,954.8365878737056,-1.0078576019688943,10.107765430778445,0.0260600128282098,2.301470517613267,0.0003753061849999,4.77723291213275,0.0164352468883576,972.0230567342301,-0.9649870360673269
methanol,ATRCCS,DAC,wind,ATRCCS_H_DAC_C_wind_E,Netherlands,1,2024,188.55109648523796,1608.1676831362302,1796.718779621468,-1.0078576019688943,5.11922627434319,0.0138904767720408,2.673239243439774,0.000154897985,30.748135543443095,0.1057836635366315,1835.2593806826942,-0.888028563675222
methanol,ATRCCS,DAC,wind,ATRCCS_H_DAC_C_wind_E,Norway,1,2024,208.78584830316595,1300.336387802744,1509.12223610591,-1.0078576019688943,21.57408582181769,0.0540320894331074,2.878079638369897,1.8979595e-05,32.62999337783025,0.1122578712392522,1566.2043949439278,-0.8415486617015346
methanol,ATRCCS,DAC,wind,ATRCCS_H_DAC_C_wind_E,Oman,1,2024,175.67443623746564,460.3252803236434,635.999716561109,-1.0078576019688943,18.344062311311852,0.046152450456501,2.4808268853024247,0.000333673525,11.866993217987575,0.0408263459093141,668.6915989757109,-0.9205451320780792
methanol,ATRCCS,DAC,wind,ATRCCS_H_DAC_C_wind_E,Italy,1,2024,176.59419768373508,1757.4635901501626,1934.0577878338977,-1.0078576019688943,11.7952928886772,0.030176734297296,2.651130418026521,0.00017632656,23.438450139177007,0.0806359500997951,1971.9426612797783,-0.8968685910118033
methanol,ATRCCS,DAC,wind,ATRCCS_H_DAC_C_wind_E,Austria,1,2024,191.31038082404632,1546.8519162498717,1738.162297073918,-1.0078576019688943,9.69360858844435,0.0250496776443731,2.747006911612064,6.3061235e-05,23.438450139177007,0.0806359500997951,1774.041362713151,-0.9021089129897262
methanol,ATRCCS,DAC,wind,ATRCCS_H_DAC_C_wind_E,Finland,1,2024,198.668472394202,1615.526469137821,1814.1949415320232,-1.0078576019688943,18.67936439460148,0.0469704195380984,2.7447410684048363,4.408164e-05,34.80119959123365,0.1197275321955337,1870.4202465862631,-0.8411155685952622
methanol,ATRCCS,DAC,wind,ATRCCS_H_DAC_C_wind_E,Portugal,1,2024,167.39658322104057,1434.7921658919206,1602.1887491129612,-1.0078576019688943,9.118529180062064,0.0236467720289204,2.338503485785557,6.857144e-05,26.641404839611052,0.0916551639924579,1640.28718661842,-0.892487094507516
methanol,ATRCCS,DAC,wind,ATRCCS_H_DAC_C_wind_E,Germany,1,2024,189.47085793150745,1479.0841253150109,1668.5549832465183,-1.0078576019688943,13.85107818025421,0.0351918203665945,2.718032551163871,0.00021061228,31.450904768439617,0.1082014199933082,1716.574998746376,-0.8642537493289916
methanol,ATRCCS,DAC,wind,ATRCCS_H_DAC_C_wind_E,Greece,1,2024,169.23610611357947,960.28089426117,1129.5170003747494,-1.0078576019688943,8.034570812196023,0.0210024567238846,2.4189064262337494,0.0001959184,20.836858989681684,0.0716856239107726,1160.807336602861,-0.9149736029342371
methanol,ATRCCS,DAC,wind,ATRCCS_H_DAC_C_wind_E,France,1,2024,185.79181214642963,1588.5596745554494,1774.3514867018791,-1.0078576019688943,16.01757606052169,0.0404769896802436,2.609879740267486,2.693878e-05,30.04770400727699,0.1033739494956759,1823.026646509945,-0.8639797240129747
methanol,ATRCCS,DAC,wind,ATRCCS_H_DAC_C_wind_E,Brazil,1,2024,169.2361061135794,1501.4650397748642,1670.7011458884435,-1.0078576019688943,68.96650800287952,0.1696458537908778,2.3503349862337486,6.3061235e-05,33.11981038844558,0.1139430022863768,1775.1377992660023,-0.7242056846566397
methanol,ATRCCS,DAC,wind,ATRCCS_H_DAC_C_wind_E,United Kingdom,1,2024,195.9091880553936,1250.301685712231,1446.2108737676244,-1.0078576019688943,12.915972819599244,0.0329106318170113,2.899953030232547,0.000129183695,29.838823491365517,0.1026553320633012,1491.8656231088219,-0.8721624543935818
methanol,ATRCCS,DAC,wind,ATRCCS_H_DAC_C_wind_E,Spain,1,2024,171.07562900611833,1247.2718194094816,1418.3474484156,-1.0078576019688943,21.385807864799265,0.0535727855538221,2.3805338366819417,8.938776999999999e-05,25.6956650825948,0.0884015092754728,1467.809455199676,-0.8657939193695994
methanol,ATRCCS,DAC,wind,ATRCCS_H_DAC_C_wind_E,Sweden,1,2024,202.3475181792798,2195.9287346022675,2398.276252781547,-1.0078576019688943,22.56440133074008,0.0564479630816619,2.759498200469972,2.204082e-05,32.381349438995656,0.1114024546001217,2455.9815017517526,-0.8399851434671107
methanol,ATRCCS,DAC,wind,ATRCCS_H_DAC_C_wind_E,Czech Republic,1,2024,167.39658322104057,1263.0345778212702,1430.4311610423108,-1.0078576019688943,20.192921188248224,0.0506627397536433,2.3880953307855566,0.00025346943,23.438450139177007,0.0806359500997951,1476.4506277005216,-0.8763054426854558
methanol,ATRCCS,DAC,wind,ATRCCS_H_DAC_C_wind_E,Japan,1,2024,198.668472394202,1405.3523739531513,1604.0208463473532,-1.0078576019688943,9.224572746193816,0.023905465197621,2.793108423404836,0.0002951020899999,10.92443852443044,0.0375836488544879,1626.9629660413823,-0.9460733858267854
methanol,ATRCCS,DAC,wind,ATRCCS_H_DAC_C_wind_E,Belgium,1,2024,188.55109648523796,1107.7376847430137,1296.2887812282515,-1.0078576019688943,3.4214706685224665,0.0097488037467934,2.690994348439774,8.448981e-05,30.686449491618188,0.1055714433016215,1333.0876957368318,-0.8924528651104794
methanol,ATRCCS,DAC,wind,ATRCCS_H_DAC_C_wind_E,Poland,1,2024,170.1558675598489,1357.1152158490024,1527.2710834088514,-1.0078576019688943,11.233270499248109,0.0288056812659274,2.5365568889578465,0.000376530675,33.72534462020336,0.1160262384989164,1574.7662554172607,-0.8626491515290505
methanol,ATRCCS,DAC,wind,ATRCCS_H_DAC_C_wind_E,India,1,2024,162.7977759896933,1014.4242011370246,1177.221977126718,-1.0078576019688943,29.393763775113616,0.0731081856240144,2.2627002371650744,0.0004334694599999,5.7104748980090205,0.0196459051766533,1214.588916037006,-0.9146700417082266
methanol,ATRCCS,DAC,wind,ATRCCS_H_DAC_C_wind_E,Indonesia,1,2024,148.08159284938202,1425.594727463343,1573.676320312725,-1.0078576019688943,14.675222299770391,0.0372023190844393,2.0309053535795303,0.00039551027,4.197174123187385,0.0144396545483093,1594.5796220892623,-0.9558201180661458
methanol,ATRCCS,DAC,wind,ATRCCS_H_DAC_C_wind_E,South Korea,1,2024,172.91515189865726,1147.9560335424571,1320.8711854411144,-1.0078576019688943,7.503288733588453,0.0197063946486234,2.3917530921301347,0.00025346943,9.500245533720006,0.0326839582073043,1340.2664728005532,-0.9552137796829665
methanol,ATRCCS,DAC,wind,ATRCCS_H_DAC_C_wind_E,China,1,2024,168.31634466731,991.0135564602706,1159.3299011275806,-1.0078576019688943,78.31080589228577,0.1924412587218022,2.315337598509652,0.0003428572,8.004084356420046,0.027536673411696,1247.960128974796,-0.7875368126353961
methanol,ATRCCS,DAC,wind,ATRCCS_H_DAC_C_wind_E,United Arab Emirates,1,2024,175.67443623746564,459.83031207919834,635.504748316664,-1.0078576019688943,10.915758228841952,0.0280311104142585,2.425112590302424,0.000234489835,12.367972595646318,0.0425498791573762,661.2135917314546,-0.9370421225622596
methanol,ATRCCS,DAC,wind,ATRCCS_H_DAC_C_wind_E,United States,1,2024,183.9522892538907,818.2262157943655,1002.1785050482564,-1.0078576019688943,77.51788024031099,0.1905069174228829,2.558864559819293,0.00023510208,28.546969303384355,0.09821093026968,1110.8022191517712,-0.7189046521963315
methanol,ATRCCS,DAC,wind,ATRCCS_H_DAC_C_wind_E,Turkey,1,2024,168.31634466731,778.7663584375067,947.0827031048168,-1.0078576019688943,10.146640984986664,0.026154849702053,2.3502355635096523,0.00028775515,20.122370978977905,0.0692275509905964,979.701950632291,-0.9121874461262449
methanol,ATRCCS,DAC,wind,ATRCCS_H_DAC_C_wind_E,Australia,1,2024,188.55109648523796,943.0229437354714,1131.574040220709,-1.0078576019688943,78.8034842059262,0.1936431469527896,2.673851488439774,0.00033795924,6.415478997478705,0.0220713503339662,1219.4668549125538,-0.7918051454421384
methanol,ATRCCS,DAC,wind,ATRCCS_H_DAC_C_wind_E,Malaysia,1,2024,160.9582530971544,761.1441087009185,922.1023617980728,-1.0078576019688943,15.45206399926973,0.0390974235981119,2.238623836716881,0.0003697959799999,0.0,0.0,939.7930496340595,-0.9683903823907826
methanol,ATRCCS,DAC,wind,ATRCCS_H_DAC_C_wind_E,Canada,1,2024,187.63133503896853,651.0426446405603,838.6739796795289,-1.0078576019688943,78.99871720537578,0.1941194176508137,2.5837520507156784,0.0001071428749999,26.728083276427434,0.0919533662227398,946.9845322120478,-0.721677675220341
methanol,ATRCCS,DAC,wind,ATRCCS_H_DAC_C_wind_E,Mexico,1,2024,161.87801454342383,586.801625627281,748.6796401707049,-1.0078576019688943,47.45549617804119,0.1171697629358324,2.301784494440977,0.000321428625,34.96233083444379,0.120281876480666,833.3992516776309,-0.770084533927396
methanol,ATRCCS,DAC,wind,ATRCCS_H_DAC_C_wind_E,Thailand,1,2024,163.71753743596273,775.2923293888782,939.009866824841,-1.0078576019688943,11.669272719816664,0.0298693082271259,2.276269049889171,0.00033918373,2.9394227465052256,0.0101125776022714,955.894831341052,-0.9675365324094971
methanol,ATRCCS,DAC,wind,ATRCCS_H_DAC_C_wind_E,Russia,1,2024,173.83491334492675,583.041948184684,756.8768615296108,-1.0078576019688943,144.64368452298004,0.3542602467845441,2.3881790448542315,0.000274898005,11.710768464281813,0.0402888815561095,915.6194935617269,-0.6130335756232406
methanol,ATRCCS,DAC,wind,ATRCCS_H_DAC_C_wind_E,Saudi Arabia,1,2024,175.67443623746564,458.8227445057321,634.4971807431978,-1.0078576019688943,26.333902875522575,0.0656436581588147,2.3993983003024244,0.00033795924,13.729628827558608,0.0472344228587547,676.9601107465813,-0.8946415617113249
methanol,BG,DAC,wind,BG_H_DAC_C_wind_E,South Africa,1,2024,177.1915221413973,660.4605903539477,837.652112495345,-1.034987963182265,24.53851842343582,0.0612638196651808,2.3634903994060386,0.0004340817049999,18.087125459571656,0.0622256393808624,882.6412467777585,-0.9110644224312218
methanol,BG,DAC,wind,BG_H_DAC_C_wind_E,Taiwan,1,2024,174.34887740116096,657.867125462951,832.2160028641119,-1.034987963182265,6.525622092765043,0.0173213779005709,2.3754370312337483,0.0003893878199999,6.187684866182444,0.0212876638659976,847.3047468542932,-0.9959895335956965
methanol,BG,DAC,wind,BG_H_DAC_C_wind_E,Switzerland,1,2024,209.40816253074223,826.7609610452231,1036.1691235759654,-1.034987963182265,11.96100749459355,0.0305809949051598,2.9013606570253185,2.2653065e-05,23.89291933624232,0.0821994730835609,1074.9244110638267,-0.9221848421285441
methanol,BG,DAC,wind,BG_H_DAC_C_wind_E,Singapore,1,2024,175.2964256479064,789.7315497032856,965.027975351192,-1.034987963182265,1.0509671989197895,0.0039659630112667,2.4600262639578463,0.000305510255,0.0,0.0,968.5389688140697,-1.0307164899159982
methanol,BG,DAC,wind,BG_H_DAC_C_wind_E,Hungary,1,2024,170.5586844141792,681.517760318409,852.0764447325882,-1.034987963182265,18.611567505354483,0.0468050290976679,2.344427090337363,0.0001120408349999,23.265519221402705,0.0800410110669854,896.2979585496828,-0.9080298821826117
methanol,BG,DAC,wind,BG_H_DAC_C_wind_E,Philippines,1,2024,169.61113616743376,667.5224718052318,837.1336079726656,-1.034987963182265,10.107765430778445,0.0260600128282098,2.301470517613267,0.0003753061849999,4.77723291213275,0.0164352468883576,854.32007683319,-0.9921173972806977
methanol,BG,DAC,wind,BG_H_DAC_C_wind_E,Netherlands,1,2024,194.24739058281517,748.2271389117068,942.474529494522,-1.034987963182265,5.11922627434319,0.0138904767720408,2.673239243439774,0.000154897985,30.748135543443095,0.1057836635366315,981.0151305557481,-0.9151589248885929
methanol,BG,DAC,wind,BG_H_DAC_C_wind_E,Norway,1,2024,215.09345201121488,762.8879319775647,977.9813839887796,-1.034987963182265,21.57408582181769,0.0540320894331074,2.878079638369897,1.8979595e-05,32.62999337783025,0.1122578712392522,1035.0635428267974,-0.8686790229149053
methanol,BG,DAC,wind,BG_H_DAC_C_wind_E,Oman,1,2024,180.98171512837908,663.562039248256,844.5437543766351,-1.034987963182265,18.344062311311852,0.046152450456501,2.4808268853024247,0.000333673525,11.866993217987575,0.0408263459093141,877.235636791237,-0.9476754932914498
methanol,BG,DAC,wind,BG_H_DAC_C_wind_E,Italy,1,2024,181.9292633751245,754.2636754376831,936.1929388128076,-1.034987963182265,11.7952928886772,0.030176734297296,2.651130418026521,0.00017632656,23.438450139177007,0.0806359500997951,974.0778122586883,-0.9239989522251737
methanol,BG,DAC,wind,BG_H_DAC_C_wind_E,Austria,1,2024,197.09003532305152,757.632032480438,954.7220678034896,-1.034987963182265,9.69360858844435,0.0250496776443731,2.747006911612064,6.3061235e-05,23.438450139177007,0.0806359500997951,990.601133442723,-0.9292392742030966
methanol,BG,DAC,wind,BG_H_DAC_C_wind_E,Finland,1,2024,204.67042129701508,757.7896240647995,962.4600453618144,-1.034987963182265,18.67936439460148,0.0469704195380984,2.7447410684048363,4.408164e-05,34.80119959123365,0.1197275321955337,1018.6853504160545,-0.8682459298086328
methanol,BG,DAC,wind,BG_H_DAC_C_wind_E,Portugal,1,2024,172.45378090767008,704.587764148082,877.0415450557521,-1.034987963182265,9.118529180062064,0.0236467720289204,2.338503485785557,6.857144e-05,26.641404839611052,0.0916551639924579,915.1399825612107,-0.9196174557208867
methanol,BG,DAC,wind,BG_H_DAC_C_wind_E,Germany,1,2024,195.1949388295606,768.3505387914756,963.5454776210364,-1.034987963182265,13.85107818025421,0.0351918203665945,2.718032551163871,0.00021061228,31.450904768439617,0.1082014199933082,1011.5654931208942,-0.8913841105423622
methanol,BG,DAC,wind,BG_H_DAC_C_wind_E,Greece,1,2024,174.34887740116096,690.9420329282757,865.2909103294367,-1.034987963182265,8.034570812196023,0.0210024567238846,2.4189064262337494,0.0001959184,20.836858989681684,0.0716856239107726,896.5812465575482,-0.9421039641476077
methanol,BG,DAC,wind,BG_H_DAC_C_wind_E,France,1,2024,191.40474584257888,757.5781963011987,948.9829421437776,-1.034987963182265,16.01757606052169,0.0404769896802436,2.609879740267486,2.693878e-05,30.04770400727699,0.1033739494956759,997.6581019518437,-0.8911100852263454
methanol,BG,DAC,wind,BG_H_DAC_C_wind_E,Brazil,1,2024,174.34887740116096,681.024559422185,855.373436823346,-1.034987963182265,68.96650800287952,0.1696458537908778,2.3503349862337486,6.3061235e-05,33.11981038844558,0.1139430022863768,959.8100902009048,-0.7513360458700103
methanol,BG,DAC,wind,BG_H_DAC_C_wind_E,United Kingdom,1,2024,201.8277765567787,716.9803434362024,918.8081199929812,-1.034987963182265,12.915972819599244,0.0329106318170113,2.899953030232547,0.000129183695,29.838823491365517,0.1026553320633012,964.4628693341784,-0.8992928156069524
methanol,BG,DAC,wind,BG_H_DAC_C_wind_E,Spain,1,2024,176.24397389465182,709.1353283435943,885.3793022382462,-1.034987963182265,21.385807864799265,0.0535727855538221,2.3805338366819417,8.938776999999999e-05,25.6956650825948,0.0884015092754728,934.8413090223222,-0.89292428058297
methanol,BG,DAC,wind,BG_H_DAC_C_wind_E,Sweden,1,2024,208.4606142839968,785.6228767741397,994.0834910581366,-1.034987963182265,22.56440133074008,0.0564479630816619,2.759498200469972,2.204082e-05,32.381349438995656,0.1114024546001217,1051.7887400283423,-0.8671155046804814
methanol,BG,DAC,wind,BG_H_DAC_C_wind_E,Czech Republic,1,2024,172.45378090767008,700.2795353364032,872.7333162440733,-1.034987963182265,20.192921188248224,0.0506627397536433,2.3880953307855566,0.00025346943,23.438450139177007,0.0806359500997951,918.752782902284,-0.9034358038988265
methanol,BG,DAC,wind,BG_H_DAC_C_wind_E,Japan,1,2024,204.67042129701508,784.9811630151574,989.6515843121724,-1.034987963182265,9.224572746193816,0.023905465197621,2.793108423404836,0.0002951020899999,10.92443852443044,0.0375836488544879,1012.5937040062016,-0.9732037470401561
methanol,BG,DAC,wind,BG_H_DAC_C_wind_E,Belgium,1,2024,194.24739058281517,757.5780079658446,951.8253985486596,-1.034987963182265,3.4214706685224665,0.0097488037467934,2.690994348439774,8.448981e-05,30.686449491618188,0.1055714433016215,988.62431305724,-0.9195832263238499
methanol,BG,DAC,wind,BG_H_DAC_C_wind_E,Poland,1,2024,175.2964256479064,695.5884561252078,870.8848817731142,-1.034987963182265,11.233270499248109,0.0288056812659274,2.5365568889578465,0.000376530675,33.72534462020336,0.1160262384989164,918.3800537815235,-0.8897795127424211
methanol,BG,DAC,wind,BG_H_DAC_C_wind_E,India,1,2024,167.71603967394287,666.3123205658067,834.0283602397495,-1.034987963182265,29.393763775113616,0.0731081856240144,2.2627002371650744,0.0004334694599999,5.7104748980090205,0.0196459051766533,871.3952991500372,-0.9418004029215973
methanol,BG,DAC,wind,BG_H_DAC_C_wind_E,Indonesia,1,2024,152.5552677260158,706.057991720494,858.6132594465098,-1.034987963182265,14.675222299770391,0.0372023190844393,2.0309053535795303,0.00039551027,4.197174123187385,0.0144396545483093,879.5165612230472,-0.9829504792795164
methanol,BG,DAC,wind,BG_H_DAC_C_wind_E,South Korea,1,2024,178.1390703881427,725.7671282205707,903.9061986087136,-1.034987963182265,7.503288733588453,0.0197063946486234,2.3917530921301347,0.00025346943,9.500245533720006,0.0326839582073043,923.3014859681521,-0.9823441408963373
methanol,BG,DAC,wind,BG_H_DAC_C_wind_E,China,1,2024,173.40132915441552,655.8082203722983,829.2095495267138,-1.034987963182265,78.31080589228577,0.1924412587218022,2.315337598509652,0.0003428572,8.004084356420046,0.027536673411696,917.8397773739293,-0.8146671738487667
methanol,BG,DAC,wind,BG_H_DAC_C_wind_E,United Arab Emirates,1,2024,180.98171512837908,663.0524235149561,844.0341386433352,-1.034987963182265,10.915758228841952,0.0280311104142585,2.425112590302424,0.000234489835,12.367972595646318,0.0425498791573762,869.7429820581258,-0.9641724837756303
methanol,BG,DAC,wind,BG_H_DAC_C_wind_E,United States,1,2024,189.509649349088,724.0493503893716,913.5589997384596,-1.034987963182265,77.51788024031099,0.1905069174228829,2.558864559819293,0.00023510208,28.546969303384355,0.09821093026968,1022.1827138419743,-0.7460350134097021
methanol,BG,DAC,wind,BG_H_DAC_C_wind_E,Turkey,1,2024,173.40132915441552,688.4974880938552,861.8988172482707,-1.034987963182265,10.146640984986664,0.026154849702053,2.3502355635096523,0.00028775515,20.122370978977905,0.0692275509905964,894.5180647757448,-0.9393178073396156
methanol,BG,DAC,wind,BG_H_DAC_C_wind_E,Australia,1,2024,194.24739058281517,731.0075527737065,925.2549433565216,-1.034987963182265,78.8034842059262,0.1936431469527896,2.673851488439774,0.00033795924,6.415478997478705,0.0220713503339662,1013.1477580483663,-0.8189355066555091
methanol,BG,DAC,wind,BG_H_DAC_C_wind_E,Malaysia,1,2024,165.820943180452,686.5852600698743,852.4062032503263,-1.034987963182265,15.45206399926973,0.0390974235981119,2.238623836716881,0.0003697959799999,0.0,0.0,870.0968910863129,-0.9955207436041532
methanol,BG,DAC,wind,BG_H_DAC_C_wind_E,Canada,1,2024,193.29984233606976,700.4927329045402,893.79257524061,-1.034987963182265,78.99871720537578,0.1941194176508137,2.5837520507156784,0.0001071428749999,26.728083276427434,0.0919533662227398,1002.1031277731289,-0.7488080364337116
methanol,BG,DAC,wind,BG_H_DAC_C_wind_E,Mexico,1,2024,166.76849142719743,655.3134111557737,822.0819025829711,-1.034987963182265,47.45549617804119,0.1171697629358324,2.301784494440977,0.000321428625,34.96233083444379,0.120281876480666,906.8015140898972,-0.7972148951407666
methanol,BG,DAC,wind,BG_H_DAC_C_wind_E,Thailand,1,2024,168.66358792068831,676.8354956346672,845.4990835553555,-1.034987963182265,11.669272719816664,0.0298693082271259,2.276269049889171,0.00033918373,2.9394227465052256,0.0101125776022714,862.3840480715666,-0.9946668936228676
methanol,BG,DAC,wind,BG_H_DAC_C_wind_E,Russia,1,2024,179.08661863488817,697.9764209976075,877.0630396324957,-1.034987963182265,144.64368452298004,0.3542602467845441,2.3881790448542315,0.000274898005,11.710768464281813,0.0402888815561095,1035.8056716646117,-0.6401639368366112
methanol,BG,DAC,wind,BG_H_DAC_C_wind_E,Saudi Arabia,1,2024,180.98171512837908,661.5308091773725,842.5125243057515,-1.034987963182265,26.333902875522575,0.0656436581588147,2.3993983003024244,0.00033795924,13.729628827558608,0.0472344228587547,884.9754543091351,-0.9217719229246956
methanol,LTE,DAC,wind,LTE_H_DAC_C_wind_E,South Africa,1,2024,204.03355600716057,904.1260877656952,1108.1596437728558,-1.170235155909113,24.53851842343582,0.0612638196651808,2.3634903994060386,0.0004340817049999,18.087125459571656,0.0622256393808624,1153.1487780552693,-1.0463116151580698
methanol,LTE,DAC,wind,LTE_H_DAC_C_wind_E,Taiwan,1,2024,200.7602904027676,645.7889933535474,846.549283756315,-1.170235155909113,6.525622092765043,0.0173213779005709,2.3754370312337483,0.0003893878199999,6.187684866182444,0.0212876638659976,861.6380277464963,-1.1312367263225447
methanol,LTE,DAC,wind,LTE_H_DAC_C_wind_E,Switzerland,1,2024,241.13056619028063,1031.0109198066425,1272.141485996923,-1.170235155909113,11.96100749459355,0.0305809949051598,2.9013606570253185,2.2653065e-05,23.89291933624232,0.0821994730835609,1310.8967734847843,-1.0574320348553923
methanol,LTE,DAC,wind,LTE_H_DAC_C_wind_E,Singapore,1,2024,201.85137893756524,1305.6456931566036,1507.4970720941687,-1.170235155909113,1.0509671989197895,0.0039659630112667,2.4600262639578463,0.000305510255,0.0,0.0,1511.0080655570464,-1.1659636826428463
methanol,LTE,DAC,wind,LTE_H_DAC_C_wind_E,Hungary,1,2024,196.395936263577,862.4202597428574,1058.8161960064344,-1.170235155909113,18.611567505354483,0.0468050290976679,2.344427090337363,0.0001120408349999,23.265519221402705,0.0800410110669854,1103.037709823529,-1.04327707490946
methanol,LTE,DAC,wind,LTE_H_DAC_C_wind_E,Philippines,1,2024,195.30484772877935,985.5555799167616,1180.860427645541,-1.170235155909113,10.107765430778445,0.0260600128282098,2.301470517613267,0.0003753061849999,4.77723291213275,0.0164352468883576,1198.0468965060657,-1.127364590007546
methanol,LTE,DAC,wind,LTE_H_DAC_C_wind_E,Netherlands,1,2024,223.67314963351825,861.6771044161736,1085.3502540496918,-1.170235155909113,5.11922627434319,0.0138904767720408,2.673239243439774,0.000154897985,30.748135543443095,0.1057836635366315,1123.890855110918,-1.050406117615441
methanol,LTE,DAC,wind,LTE_H_DAC_C_wind_E,Norway,1,2024,247.67709739906655,867.4340893655419,1115.1111867646084,-1.170235155909113,21.57408582181769,0.0540320894331074,2.878079638369897,1.8979595e-05,32.62999337783025,0.1122578712392522,1172.1933456026263,-1.0039262156417534
methanol,LTE,DAC,wind,LTE_H_DAC_C_wind_E,Oman,1,2024,208.39791014635117,936.9601172972284,1145.3580274435794,-1.170235155909113,18.344062311311852,0.046152450456501,2.4808268853024247,0.000333673525,11.866993217987575,0.0408263459093141,1178.049909858181,-1.082922686018298
methanol,LTE,DAC,wind,LTE_H_DAC_C_wind_E,Italy,1,2024,209.4889986811488,950.1757208835904,1159.664719564739,-1.170235155909113,11.7952928886772,0.030176734297296,2.651130418026521,0.00017632656,23.438450139177007,0.0806359500997951,1197.54959301062,-1.0592461449520219
methanol,LTE,DAC,wind,LTE_H_DAC_C_wind_E,Austria,1,2024,226.9464152379112,913.4612651494004,1140.4076803873115,-1.170235155909113,9.69360858844435,0.0250496776443731,2.747006911612064,6.3061235e-05,23.438450139177007,0.0806359500997951,1176.2867460265447,-1.0644864669299448
methanol,LTE,DAC,wind,LTE_H_DAC_C_wind_E,Finland,1,2024,235.6751235162924,880.8941397103916,1116.569263226684,-1.170235155909113,18.67936439460148,0.0469704195380984,2.7447410684048363,4.408164e-05,34.80119959123365,0.1197275321955337,1172.7945682809238,-1.0034931225354808
methanol,LTE,DAC,wind,LTE_H_DAC_C_wind_E,Portugal,1,2024,198.5781133331723,934.4017552824816,1132.979868615654,-1.170235155909113,9.118529180062064,0.0236467720289204,2.338503485785557,6.857144e-05,26.641404839611052,0.0916551639924579,1171.0783061211127,-1.0548646484477349
methanol,LTE,DAC,wind,LTE_H_DAC_C_wind_E,Germany,1,2024,224.7642381683159,1005.5953477272424,1230.3595858955582,-1.170235155909113,13.85107818025421,0.0351918203665945,2.718032551163871,0.00021061228,31.450904768439617,0.1082014199933082,1278.3796013954159,-1.0266313032692105
methanol,LTE,DAC,wind,LTE_H_DAC_C_wind_E,Greece,1,2024,200.7602904027676,881.1440219041259,1081.9043123068934,-1.170235155909113,8.034570812196023,0.0210024567238846,2.4189064262337494,0.0001959184,20.836858989681684,0.0716856239107726,1113.194648535005,-1.0773511568744558
methanol,LTE,DAC,wind,LTE_H_DAC_C_wind_E,France,1,2024,220.3998840291253,940.1941724602258,1160.594056489351,-1.170235155909113,16.01757606052169,0.0404769896802436,2.609879740267486,2.693878e-05,30.04770400727699,0.1033739494956759,1209.269216297417,-1.0263572779531938
methanol,LTE,DAC,wind,LTE_H_DAC_C_wind_E,Brazil,1,2024,200.7602904027676,628.0869487886898,828.8472391914574,-1.170235155909113,68.96650800287952,0.1696458537908778,2.3503349862337486,6.3061235e-05,33.11981038844558,0.1139430022863768,933.2838925690163,-0.8865832385968584
methanol,LTE,DAC,wind,LTE_H_DAC_C_wind_E,United Kingdom,1,2024,232.40185791189944,741.0739535367481,973.4758114486476,-1.170235155909113,12.915972819599244,0.0329106318170113,2.899953030232547,0.000129183695,29.838823491365517,0.1026553320633012,1019.1305607898448,-1.0345400083338006
methanol,LTE,DAC,wind,LTE_H_DAC_C_wind_E,Spain,1,2024,202.9424674723629,778.1799569423551,981.122424414718,-1.170235155909113,21.385807864799265,0.0535727855538221,2.3805338366819417,8.938776999999999e-05,25.6956650825948,0.0884015092754728,1030.584431198794,-1.0281714733098182
methanol,LTE,DAC,wind,LTE_H_DAC_C_wind_E,Sweden,1,2024,240.03947765548304,896.6225527973764,1136.6620304528594,-1.170235155909113,22.56440133074008,0.0564479630816619,2.759498200469972,2.204082e-05,32.381349438995656,0.1114024546001217,1194.3672794230652,-1.0023626974073294
methanol,LTE,DAC,wind,LTE_H_DAC_C_wind_E,Czech Republic,1,2024,198.5781133331723,955.039528194444,1153.6176415276163,-1.170235155909113,20.192921188248224,0.0506627397536433,2.3880953307855566,0.00025346943,23.438450139177007,0.0806359500997951,1199.637108185827,-1.0386829966256748
methanol,LTE,DAC,wind,LTE_H_DAC_C_wind_E,Japan,1,2024,235.6751235162924,1760.9641325726045,1996.639256088897,-1.170235155909113,9.224572746193816,0.023905465197621,2.793108423404836,0.0002951020899999,10.92443852443044,0.0375836488544879,2019.581375782926,-1.1084509397670044
methanol,LTE,DAC,wind,LTE_H_DAC_C_wind_E,Belgium,1,2024,223.67314963351825,955.8328299067006,1179.5059795402187,-1.170235155909113,3.4214706685224665,0.0097488037467934,2.690994348439774,8.448981e-05,30.686449491618188,0.1055714433016215,1216.304894048799,-1.054830419050698
methanol,LTE,DAC,wind,LTE_H_DAC_C_wind_E,Poland,1,2024,201.85137893756524,904.1536605011784,1106.0050394387436,-1.170235155909113,11.233270499248109,0.0288056812659274,2.5365568889578465,0.000376530675,33.72534462020336,0.1160262384989164,1153.5002114471529,-1.0250267054692692
methanol,LTE,DAC,wind,LTE_H_DAC_C_wind_E,India,1,2024,193.122670659184,857.198957183912,1050.321627843096,-1.170235155909113,29.393763775113616,0.0731081856240144,2.2627002371650744,0.0004334694599999,5.7104748980090205,0.0196459051766533,1087.6885667533838,-1.0770475956484455
methanol,LTE,DAC,wind,LTE_H_DAC_C_wind_E,Indonesia,1,2024,175.6652541024216,1262.205052553902,1437.8703066563237,-1.170235155909113,14.675222299770391,0.0372023190844393,2.0309053535795303,0.00039551027,4.197174123187385,0.0144396545483093,1458.773608432861,-1.1181976720063647
methanol,LTE,DAC,wind,LTE_H_DAC_C_wind_E,South Korea,1,2024,205.1246445419582,1121.6159144780584,1326.7405590200165,-1.170235155909113,7.503288733588453,0.0197063946486234,2.3917530921301347,0.00025346943,9.500245533720006,0.0326839582073043,1346.1358463794552,-1.1175913336231855
methanol,LTE,DAC,wind,LTE_H_DAC_C_wind_E,China,1,2024,199.66920186796995,637.5606530199703,837.2298548879403,-1.170235155909113,78.31080589228577,0.1924412587218022,2.315337598509652,0.0003428572,8.004084356420046,0.027536673411696,925.8600827351559,-0.9499143665756149
methanol,LTE,DAC,wind,LTE_H_DAC_C_wind_E,United Arab Emirates,1,2024,208.39791014635117,935.7272352513514,1144.125145397703,-1.170235155909113,10.915758228841952,0.0280311104142585,2.425112590302424,0.000234489835,12.367972595646318,0.0425498791573762,1169.8339888124935,-1.0994196765024784
methanol,LTE,DAC,wind,LTE_H_DAC_C_wind_E,United States,1,2024,218.21770695953,832.095966624745,1050.313673584275,-1.170235155909113,77.51788024031099,0.1905069174228829,2.558864559819293,0.00023510208,28.546969303384355,0.09821093026968,1158.9373876877896,-0.8812822061365503
methanol,LTE,DAC,wind,LTE_H_DAC_C_wind_E,Turkey,1,2024,199.66920186796995,1204.964354426544,1404.6335562945142,-1.170235155909113,10.146640984986664,0.026154849702053,2.3502355635096523,0.00028775515,20.122370978977905,0.0692275509905964,1437.2528038219882,-1.0745650000664637
methanol,LTE,DAC,wind,LTE_H_DAC_C_wind_E,Australia,1,2024,223.67314963351825,875.0302885776873,1098.7034382112056,-1.170235155909113,78.8034842059262,0.1936431469527896,2.673851488439774,0.00033795924,6.415478997478705,0.0220713503339662,1186.5962529030503,-0.9541826993823572
methanol,LTE,DAC,wind,LTE_H_DAC_C_wind_E,Malaysia,1,2024,190.94049358958875,1266.6231528545177,1457.5636464441063,-1.170235155909113,15.45206399926973,0.0390974235981119,2.238623836716881,0.0003697959799999,0.0,0.0,1475.254334280093,-1.1307679363310013
methanol,LTE,DAC,wind,LTE_H_DAC_C_wind_E,Canada,1,2024,222.58206109872057,797.0162589287748,1019.5983200274954,-1.170235155909113,78.99871720537578,0.1941194176508137,2.5837520507156784,0.0001071428749999,26.728083276427434,0.0919533662227398,1127.9088725600143,-0.8840552291605598
methanol,LTE,DAC,wind,LTE_H_DAC_C_wind_E,Mexico,1,2024,192.0315821243864,869.2548125195896,1061.286394643976,-1.170235155909113,47.45549617804119,0.1171697629358324,2.301784494440977,0.000321428625,34.96233083444379,0.120281876480666,1146.0060061509018,-0.9324620878676148
methanol,LTE,DAC,wind,LTE_H_DAC_C_wind_E,Thailand,1,2024,194.2137591939817,1145.7723431452775,1339.986102339259,-1.170235155909113,11.669272719816664,0.0298693082271259,2.276269049889171,0.00033918373,2.9394227465052256,0.0101125776022714,1356.8710668554702,-1.1299140863497157
methanol,LTE,DAC,wind,LTE_H_DAC_C_wind_E,Russia,1,2024,206.21573307675584,1514.3401415876283,1720.5558746643842,-1.170235155909113,144.64368452298004,0.3542602467845441,2.3881790448542315,0.000274898005,11.710768464281813,0.0402888815561095,1879.2985066965002,-0.7754111295634594
methanol,LTE,DAC,wind,LTE_H_DAC_C_wind_E,Saudi Arabia,1,2024,208.39791014635117,934.513246003458,1142.9111561498091,-1.170235155909113,26.333902875522575,0.0656436581588147,2.3993983003024244,0.00033795924,13.729628827558608,0.0472344228587547,1185.3740861531928,-1.0570191156515438
methanol,SMR,DAC,wind,SMR_H_DAC_C_wind_E,South Africa,1,2024,133.69110276099715,506.86800737287575,640.5591101338729,0.8742879028122936,24.53851842343582,0.0612638196651808,2.3634903994060386,0.0004340817049999,18.087125459571656,0.0622256393808624,685.5482444162864,0.9982114435633368
methanol,SMR,DAC,wind,SMR_H_DAC_C_wind_E,Taiwan,1,2024,131.54632571135548,726.4601989860316,858.0065246973871,0.8742879028122936,6.525622092765043,0.0173213779005709,2.3754370312337483,0.0003893878199999,6.187684866182444,0.0212876638659976,873.0952686875684,0.9132863323988619
methanol,SMR,DAC,wind,SMR_H_DAC_C_wind_E,Switzerland,1,2024,157.99857599026936,2032.672663614385,2190.6712396046546,0.8742879028122936,11.96100749459355,0.0305809949051598,2.9013606570253185,2.2653065e-05,23.89291933624232,0.0821994730835609,2229.4265270925157,0.9870910238660143
methanol,SMR,DAC,wind,SMR_H_DAC_C_wind_E,Singapore,1,2024,132.26125139456937,2145.799201303008,2278.060452697577,0.8742879028122936,1.0509671989197895,0.0039659630112667,2.4600262639578463,0.000305510255,0.0,0.0,2281.571446160455,0.8785593760785604
methanol,SMR,DAC,wind,SMR_H_DAC_C_wind_E,Hungary,1,2024,128.68662297849994,991.1943856400544,1119.8810086185545,0.8742879028122936,18.611567505354483,0.0468050290976679,2.344427090337363,0.0001120408349999,23.265519221402705,0.0800410110669854,1164.102522435649,1.001245983811947
methanol,SMR,DAC,wind,SMR_H_DAC_C_wind_E,Philippines,1,2024,127.97169729528603,728.3916567524467,856.3633540477327,0.8742879028122936,10.107765430778445,0.0260600128282098,2.301470517613267,0.0003753061849999,4.77723291213275,0.0164352468883576,873.5498229082572,0.917158468713861
methanol,SMR,DAC,wind,SMR_H_DAC_C_wind_E,Netherlands,1,2024,146.55976505884712,1485.9389313570175,1632.4986964158647,0.8742879028122936,5.11922627434319,0.0138904767720408,2.673239243439774,0.000154897985,30.748135543443095,0.1057836635366315,1671.039297477091,0.9941169411059659
methanol,SMR,DAC,wind,SMR_H_DAC_C_wind_E,Norway,1,2024,162.2881300895527,1209.9990279909962,1372.2871580805488,0.8742879028122936,21.57408582181769,0.0540320894331074,2.878079638369897,1.8979595e-05,32.62999337783025,0.1122578712392522,1429.3693169185667,1.0405968430796533
methanol,SMR,DAC,wind,SMR_H_DAC_C_wind_E,Oman,1,2024,136.55080549385272,434.1068602988333,570.657665792686,0.8742879028122936,18.344062311311852,0.046152450456501,2.4808268853024247,0.000333673525,11.866993217987575,0.0408263459093141,603.3495482072879,0.9616003727031087
methanol,SMR,DAC,wind,SMR_H_DAC_C_wind_E,Italy,1,2024,137.26573117706658,1615.9141376874998,1753.1798688645663,0.8742879028122936,11.7952928886772,0.030176734297296,2.651130418026521,0.00017632656,23.438450139177007,0.0806359500997951,1791.064742310447,0.9852769137693846
methanol,SMR,DAC,wind,SMR_H_DAC_C_wind_E,Austria,1,2024,148.70454210848882,1428.6841238780555,1577.3886659865443,0.8742879028122936,9.69360858844435,0.0250496776443731,2.747006911612064,6.3061235e-05,23.438450139177007,0.0806359500997951,1613.2677316257777,0.9800365917914617
methanol,SMR,DAC,wind,SMR_H_DAC_C_wind_E,Finland,1,2024,154.42394757419993,1493.8020179425464,1648.2259655167463,0.8742879028122936,18.67936439460148,0.0469704195380984,2.7447410684048363,4.408164e-05,34.80119959123365,0.1197275321955337,1704.4512705709863,1.0410299361859259
methanol,SMR,DAC,wind,SMR_H_DAC_C_wind_E,Portugal,1,2024,130.1164743449277,1320.5703184550216,1450.6867927999492,0.8742879028122936,9.118529180062064,0.0236467720289204,2.338503485785557,6.857144e-05,26.641404839611052,0.0916551639924579,1488.785230305408,0.989658410273672
methanol,SMR,DAC,wind,SMR_H_DAC_C_wind_E,Germany,1,2024,147.27469074206104,1367.4426069387096,1514.7172976807706,0.8742879028122936,13.85107818025421,0.0351918203665945,2.718032551163871,0.00021061228,31.450904768439617,0.1082014199933082,1562.7373131806282,1.0178917554521962
methanol,SMR,DAC,wind,SMR_H_DAC_C_wind_E,Greece,1,2024,131.5463257113555,889.9272404415739,1021.4735661529294,0.8742879028122936,8.034570812196023,0.0210024567238846,2.4189064262337494,0.0001959184,20.836858989681684,0.0716856239107726,1052.763902381041,0.9671719018469508
methanol,SMR,DAC,wind,SMR_H_DAC_C_wind_E,France,1,2024,144.4149880092055,1465.571241588853,1609.9862295980583,0.8742879028122936,16.01757606052169,0.0404769896802436,2.609879740267486,2.693878e-05,30.04770400727699,0.1033739494956759,1658.6613894061243,1.0181657807682132
methanol,SMR,DAC,wind,SMR_H_DAC_C_wind_E,Brazil,1,2024,131.54632571135548,1388.1282147045836,1519.674540415939,0.8742879028122936,68.96650800287952,0.1696458537908778,2.3503349862337486,6.3061235e-05,33.11981038844558,0.1139430022863768,1624.1111937934977,1.1579398201245483
methanol,SMR,DAC,wind,SMR_H_DAC_C_wind_E,United Kingdom,1,2024,152.27917052455825,1163.5333930433794,1315.8125635679376,0.8742879028122936,12.915972819599244,0.0329106318170113,2.899953030232547,0.000129183695,29.838823491365517,0.1026553320633012,1361.467312909135,1.0099830503876062
methanol,SMR,DAC,wind,SMR_H_DAC_C_wind_E,Spain,1,2024,132.97617707778326,1158.016453046735,1290.9926301245182,0.8742879028122936,21.385807864799265,0.0535727855538221,2.3805338366819417,8.938776999999999e-05,25.6956650825948,0.0884015092754728,1340.4546369085942,1.0163515854115885
methanol,SMR,DAC,wind,SMR_H_DAC_C_wind_E,Sweden,1,2024,157.2836503070555,2021.53232154465,2178.8159718517054,0.8742879028122936,22.56440133074008,0.0564479630816619,2.759498200469972,2.204082e-05,32.381349438995656,0.1114024546001217,2236.521220821911,1.0421603613140773
methanol,SMR,DAC,wind,SMR_H_DAC_C_wind_E,Czech Republic,1,2024,130.1164743449277,1166.5057729626767,1296.6222473076043,0.8742879028122936,20.192921188248224,0.0506627397536433,2.3880953307855566,0.00025346943,23.438450139177007,0.0806359500997951,1342.6417139658151,1.0058400620957322
methanol,SMR,DAC,wind,SMR_H_DAC_C_wind_E,Japan,1,2024,154.42394757419993,1267.6450829345972,1422.0690305087971,0.8742879028122936,9.224572746193816,0.023905465197621,2.793108423404836,0.0002951020899999,10.92443852443044,0.0375836488544879,1445.0111502028262,0.9360721189544026
methanol,SMR,DAC,wind,SMR_H_DAC_C_wind_E,Belgium,1,2024,146.55976505884712,1030.6059709582537,1177.1657360171007,0.8742879028122936,3.4214706685224665,0.0097488037467934,2.690994348439774,8.448981e-05,30.686449491618188,0.1055714433016215,1213.964650525681,0.9896926396707085
methanol,SMR,DAC,wind,SMR_H_DAC_C_wind_E,Poland,1,2024,132.26125139456937,1250.1210916568705,1382.38234305144,0.8742879028122936,11.233270499248109,0.0288056812659274,2.5365568889578465,0.000376530675,33.72534462020336,0.1160262384989164,1429.8775150598494,1.0194963532521375
methanol,SMR,DAC,wind,SMR_H_DAC_C_wind_E,India,1,2024,126.54184592885824,935.3069400320107,1061.848785960869,0.8742879028122936,29.393763775113616,0.0731081856240144,2.2627002371650744,0.0004334694599999,5.7104748980090205,0.0196459051766533,1099.215724871157,0.9674754630729613
methanol,SMR,DAC,wind,SMR_H_DAC_C_wind_E,Indonesia,1,2024,115.10303499743604,1296.3718632787604,1411.4748982761964,0.8742879028122936,14.675222299770391,0.0372023190844393,2.0309053535795303,0.00039551027,4.197174123187385,0.0144396545483093,1432.3782000527337,0.9263253867150422
methanol,SMR,DAC,wind,SMR_H_DAC_C_wind_E,South Korea,1,2024,134.40602844421105,1052.806071789218,1187.212100233429,0.8742879028122936,7.503288733588453,0.0197063946486234,2.3917530921301347,0.00025346943,9.500245533720006,0.0326839582073043,1206.6073875928678,0.9269317250982214
methanol,SMR,DAC,wind,SMR_H_DAC_C_wind_E,China,1,2024,130.8314000281416,921.9568657504312,1052.7882657785728,0.8742879028122936,78.31080589228577,0.1924412587218022,2.315337598509652,0.0003428572,8.004084356420046,0.027536673411696,1141.4184936257882,1.0946086921457918
methanol,SMR,DAC,wind,SMR_H_DAC_C_wind_E,United Arab Emirates,1,2024,136.55080549385272,432.6857867389545,569.2365922328072,0.8742879028122936,10.915758228841952,0.0280311104142585,2.425112590302424,0.000234489835,12.367972595646318,0.0425498791573762,594.9454356475978,0.9451033822189283
methanol,SMR,DAC,wind,SMR_H_DAC_C_wind_E,United States,1,2024,142.98513664277772,768.9693425754242,911.954479218202,0.8742879028122936,77.51788024031099,0.1905069174228829,2.558864559819293,0.00023510208,28.546969303384355,0.09821093026968,1020.5781933217166,1.1632408525848565
methanol,SMR,DAC,wind,SMR_H_DAC_C_wind_E,Turkey,1,2024,130.8314000281416,711.4749192367466,842.3063192648882,0.8742879028122936,10.146640984986664,0.026154849702053,2.3502355635096523,0.00028775515,20.122370978977905,0.0692275509905964,874.9255667923624,0.969958058654943
methanol,SMR,DAC,wind,SMR_H_DAC_C_wind_E,Australia,1,2024,146.55976505884712,882.5720671333063,1029.1318321921535,0.8742879028122936,78.8034842059262,0.1936431469527896,2.673851488439774,0.00033795924,6.415478997478705,0.0220713503339662,1117.0246468839982,1.0903403593390495
methanol,SMR,DAC,wind,SMR_H_DAC_C_wind_E,Malaysia,1,2024,125.1119945624305,692.3218892862548,817.4338838486852,0.8742879028122936,15.45206399926973,0.0390974235981119,2.238623836716881,0.0003697959799999,0.0,0.0,835.1245716846719,0.9137551223904053
methanol,SMR,DAC,wind,SMR_H_DAC_C_wind_E,Canada,1,2024,145.84483937563326,616.4794774836043,762.3243168592376,0.8742879028122936,78.99871720537578,0.1941194176508137,2.5837520507156784,0.0001071428749999,26.728083276427434,0.0919533662227398,870.6348693917565,1.160467829560847
methanol,SMR,DAC,wind,SMR_H_DAC_C_wind_E,Mexico,1,2024,125.82692024564436,547.4756530969397,673.3025733425841,0.8742879028122936,47.45549617804119,0.1171697629358324,2.301784494440977,0.000321428625,34.96233083444379,0.120281876480666,758.02218484951,1.1120609708537919
methanol,SMR,DAC,wind,SMR_H_DAC_C_wind_E,Thailand,1,2024,127.25677161207216,709.2963679802651,836.5531395923373,0.8742879028122936,11.669272719816664,0.0298693082271259,2.276269049889171,0.00033918373,2.9394227465052256,0.0101125776022714,853.4381041085484,0.9146089723716908
methanol,SMR,DAC,wind,SMR_H_DAC_C_wind_E,Russia,1,2024,135.12095412742494,523.2000063731704,658.3209605005953,0.8742879028122936,144.64368452298004,0.3542602467845441,2.3881790448542315,0.000274898005,11.710768464281813,0.0402888815561095,817.0635925327115,1.2691119291579473
methanol,SMR,DAC,wind,SMR_H_DAC_C_wind_E,Saudi Arabia,1,2024,136.55080549385272,431.6782225775568,568.2290280714095,0.8742879028122936,26.333902875522575,0.0656436581588147,2.3993983003024244,0.00033795924,13.729628827558608,0.0472344228587547,610.6919580747931,0.987503943069863
methanol,SMRCCS,DAC,wind,SMRCCS_H_DAC_C_wind_E,South Africa,1,2024,189.57875801038116,560.6719993040043,750.2507573143855,-0.8906110130238067,24.53851842343582,0.0612638196651808,2.3634903994060386,0.0004340817049999,18.087125459571656,0.0622256393808624,795.239891596799,-0.7666874722727636
methanol,SMRCCS,DAC,wind,SMRCCS_H_DAC_C_wind_E,Taiwan,1,2024,186.53738756101671,839.1095864359123,1025.646973996929,-0.8906110130238067,6.525622092765043,0.0173213779005709,2.3754370312337483,0.0003893878199999,6.187684866182444,0.0212876638659976,1040.7357179871103,-0.8516125834372384
methanol,SMRCCS,DAC,wind,SMRCCS_H_DAC_C_wind_E,Switzerland,1,2024,224.04762310317773,2504.9329453029136,2728.980568406091,-0.8906110130238067,11.96100749459355,0.0305809949051598,2.9013606570253185,2.2653065e-05,23.89291933624232,0.0821994730835609,2767.7358558939522,-0.777807891970086
methanol,SMRCCS,DAC,wind,SMRCCS_H_DAC_C_wind_E,Singapore,1,2024,187.5511777108049,2663.8062365285514,2851.3574142393563,-0.8906110130238067,1.0509671989197895,0.0039659630112667,2.4600262639578463,0.000305510255,0.0,0.0,2854.868407702234,-0.88633953975754
methanol,SMRCCS,DAC,wind,SMRCCS_H_DAC_C_wind_E,Hungary,1,2024,182.48222696186423,1181.897382747454,1364.3796097093182,-0.8906110130238067,18.611567505354483,0.0468050290976679,2.344427090337363,0.0001120408349999,23.265519221402705,0.0800410110669854,1408.6011235264127,-0.7636529320241535
methanol,SMRCCS,DAC,wind,SMRCCS_H_DAC_C_wind_E,Philippines,1,2024,181.46843681207605,847.0679959742738,1028.53643278635,-0.8906110130238067,10.107765430778445,0.0260600128282098,2.301470517613267,0.0003753061849999,4.77723291213275,0.0164352468883576,1045.7229016468746,-0.8477404471222394
methanol,SMRCCS,DAC,wind,SMRCCS_H_DAC_C_wind_E,Netherlands,1,2024,207.82698070656755,1809.485504364322,2017.3124850708896,-0.8906110130238067,5.11922627434319,0.0138904767720408,2.673239243439774,0.000154897985,30.748135543443095,0.1057836635366315,2055.8530861321155,-0.7707819747301344
methanol,SMRCCS,DAC,wind,SMRCCS_H_DAC_C_wind_E,Norway,1,2024,230.1303640019065,1450.081918508469,1680.2122825103756,-0.8906110130238067,21.57408582181769,0.0540320894331074,2.878079638369897,1.8979595e-05,32.62999337783025,0.1122578712392522,1737.2944413483935,-0.7243020727564471
methanol,SMRCCS,DAC,wind,SMRCCS_H_DAC_C_wind_E,Oman,1,2024,193.63391860953368,466.8060210436338,660.4399396531675,-0.8906110130238067,18.344062311311852,0.046152450456501,2.4808268853024247,0.000333673525,11.866993217987575,0.0408263459093141,693.1318220677693,-0.8032985431329916
methanol,SMRCCS,DAC,wind,SMRCCS_H_DAC_C_wind_E,Italy,1,2024,194.6477087593218,1977.5863807314165,2172.2340894907384,-0.8906110130238067,11.7952928886772,0.030176734297296,2.651130418026521,0.00017632656,23.438450139177007,0.0806359500997951,2210.118962936619,-0.7796220020667157
methanol,SMRCCS,DAC,wind,SMRCCS_H_DAC_C_wind_E,Austria,1,2024,210.868351155932,1734.4059610775248,1945.2743122334568,-0.8906110130238067,9.69360858844435,0.0250496776443731,2.747006911612064,6.3061235e-05,23.438450139177007,0.0806359500997951,1981.1533778726903,-0.7848623240446386
methanol,SMRCCS,DAC,wind,SMRCCS_H_DAC_C_wind_E,Finland,1,2024,218.97867235423703,1818.5102707768776,2037.4889431311144,-0.8906110130238067,18.67936439460148,0.0469704195380984,2.7447410684048363,4.408164e-05,34.80119959123365,0.1197275321955337,2093.714248185355,-0.7238689796501746
methanol,SMRCCS,DAC,wind,SMRCCS_H_DAC_C_wind_E,Portugal,1,2024,184.50980726144044,1605.4843004672489,1789.9941077286892,-0.8906110130238067,9.118529180062064,0.0236467720289204,2.338503485785557,6.857144e-05,26.641404839611052,0.0916551639924579,1828.092545234148,-0.7752405055624284
methanol,SMRCCS,DAC,wind,SMRCCS_H_DAC_C_wind_E,Germany,1,2024,208.8407708563557,1655.4784779087183,1864.319248765074,-0.8906110130238067,13.85107818025421,0.0351918203665945,2.718032551163871,0.00021061228,31.450904768439617,0.1082014199933082,1912.3392642649317,-0.747007160383904
methanol,SMRCCS,DAC,wind,SMRCCS_H_DAC_C_wind_E,Greece,1,2024,186.53738756101671,1049.335187917611,1235.8725754786276,-0.8906110130238067,8.034570812196023,0.0210024567238846,2.4189064262337494,0.0001959184,20.836858989681684,0.0716856239107726,1267.1629117067391,-0.7977270139891496
methanol,SMRCCS,DAC,wind,SMRCCS_H_DAC_C_wind_E,France,1,2024,204.78561025720316,1782.683128384855,1987.4687386420585,-0.8906110130238067,16.01757606052169,0.0404769896802436,2.609879740267486,2.693878e-05,30.04770400727699,0.1033739494956759,2036.1438984501244,-0.7467331350678872
methanol,SMRCCS,DAC,wind,SMRCCS_H_DAC_C_wind_E,Brazil,1,2024,186.53738756101671,1690.6909142451232,1877.22830180614,-0.8906110130238067,68.96650800287952,0.1696458537908778,2.3503349862337486,6.3061235e-05,33.11981038844558,0.1139430022863768,1981.6649551836988,-0.6069590957115522
methanol,SMRCCS,DAC,wind,SMRCCS_H_DAC_C_wind_E,United Kingdom,1,2024,215.93730190487264,1396.2372901739932,1612.1745920788658,-0.8906110130238067,12.915972819599244,0.0329106318170113,2.899953030232547,0.000129183695,29.838823491365517,0.1026553320633012,1657.8293414200632,-0.7549158654484942
methanol,SMRCCS,DAC,wind,SMRCCS_H_DAC_C_wind_E,Spain,1,2024,188.564967860593,1390.9305922519222,1579.4955601125152,-0.8906110130238067,21.385807864799265,0.0535727855538221,2.3805338366819417,8.938776999999999e-05,25.6956650825948,0.0884015092754728,1628.9575668965913,-0.7485473304245118
methanol,SMRCCS,DAC,wind,SMRCCS_H_DAC_C_wind_E,Sweden,1,2024,223.0338329533896,2496.2363834985995,2719.270216451989,-0.8906110130238067,22.56440133074008,0.0564479630816619,2.759498200469972,2.204082e-05,32.381349438995656,0.1114024546001217,2776.9754654221947,-0.7227385545220232
methanol,SMRCCS,DAC,wind,SMRCCS_H_DAC_C_wind_E,Czech Republic,1,2024,184.50980726144044,1408.053474873307,1592.563282134748,-0.8906110130238067,20.192921188248224,0.0506627397536433,2.3880953307855566,0.00025346943,23.438450139177007,0.0806359500997951,1638.5827487929587,-0.7590588537403683
methanol,SMRCCS,DAC,wind,SMRCCS_H_DAC_C_wind_E,Japan,1,2024,218.97867235423703,1538.1374972290223,1757.1161695832593,-0.8906110130238067,9.224572746193816,0.023905465197621,2.793108423404836,0.0002951020899999,10.92443852443044,0.0375836488544879,1780.0582892772884,-0.8288267968816978
methanol,SMRCCS,DAC,wind,SMRCCS_H_DAC_C_wind_E,Belgium,1,2024,207.82698070656755,1220.2409240154834,1428.067904722051,-0.8906110130238067,3.4214706685224665,0.0097488037467934,2.690994348439774,8.448981e-05,30.686449491618188,0.1055714433016215,1464.8668192306313,-0.7752062761653918
methanol,SMRCCS,DAC,wind,SMRCCS_H_DAC_C_wind_E,Poland,1,2024,187.5511777108049,1515.4820716002073,1703.0332493110122,-0.8906110130238067,11.233270499248109,0.0288056812659274,2.5365568889578465,0.000376530675,33.72534462020336,0.1160262384989164,1750.5284213194216,-0.745402562583963
methanol,SMRCCS,DAC,wind,SMRCCS_H_DAC_C_wind_E,India,1,2024,179.4408565124998,1112.1102988503897,1291.5511553628894,-0.8906110130238067,29.393763775113616,0.0731081856240144,2.2627002371650744,0.0004334694599999,5.7104748980090205,0.0196459051766533,1328.9180942731773,-0.7974234527631391
methanol,SMRCCS,DAC,wind,SMRCCS_H_DAC_C_wind_E,Indonesia,1,2024,163.22021411588963,1579.8149428827976,1743.0351569986872,-0.8906110130238067,14.675222299770391,0.0372023190844393,2.0309053535795303,0.00039551027,4.197174123187385,0.0144396545483093,1763.9384587752245,-0.8385735291210582
methanol,SMRCCS,DAC,wind,SMRCCS_H_DAC_C_wind_E,South Korea,1,2024,190.5925481601693,1257.8745411363143,1448.4670892964837,-0.8906110130238067,7.503288733588453,0.0197063946486234,2.3917530921301347,0.00025346943,9.500245533720006,0.0326839582073043,1467.8623766559224,-0.837967190737879
methanol,SMRCCS,DAC,wind,SMRCCS_H_DAC_C_wind_E,China,1,2024,185.5235974112286,1092.4504204882758,1277.9740178995044,-0.8906110130238067,78.31080589228577,0.1924412587218022,2.315337598509652,0.0003428572,8.004084356420046,0.027536673411696,1366.6042457467197,-0.6702902236903086
methanol,SMRCCS,DAC,wind,SMRCCS_H_DAC_C_wind_E,United Arab Emirates,1,2024,193.63391860953368,464.8107816298457,658.4447002393794,-0.8906110130238067,10.915758228841952,0.0280311104142585,2.425112590302424,0.000234489835,12.367972595646318,0.0425498791573762,684.15354365417,-0.8197955336171721
methanol,SMRCCS,DAC,wind,SMRCCS_H_DAC_C_wind_E,United States,1,2024,202.7580299576269,885.587744470853,1088.34577442848,-0.8906110130238067,77.51788024031099,0.1905069174228829,2.558864559819293,0.00023510208,28.546969303384355,0.09821093026968,1196.9694885319946,-0.6016580632512439
methanol,SMRCCS,DAC,wind,SMRCCS_H_DAC_C_wind_E,Turkey,1,2024,185.5235974112286,825.5714978297863,1011.0950952410147,-0.8906110130238067,10.146640984986664,0.026154849702053,2.3502355635096523,0.00028775515,20.122370978977905,0.0692275509905964,1043.714342768489,-0.7949408571811574
methanol,SMRCCS,DAC,wind,SMRCCS_H_DAC_C_wind_E,Australia,1,2024,207.82698070656755,1032.5968992221578,1240.4238799287257,-0.8906110130238067,78.8034842059262,0.1936431469527896,2.673851488439774,0.00033795924,6.415478997478705,0.0220713503339662,1328.3166946205704,-0.6745585564970509
methanol,SMRCCS,DAC,wind,SMRCCS_H_DAC_C_wind_E,Malaysia,1,2024,177.4132762129235,802.2300323430931,979.6433085560166,-0.8906110130238067,15.45206399926973,0.0390974235981119,2.238623836716881,0.0003697959799999,0.0,0.0,997.3339963920032,-0.851143793445695
methanol,SMRCCS,DAC,wind,SMRCCS_H_DAC_C_wind_E,Canada,1,2024,206.81319055677943,692.4290002016132,899.2421907583927,-0.8906110130238067,78.99871720537578,0.1941194176508137,2.5837520507156784,0.0001071428749999,26.728083276427434,0.0919533662227398,1007.5527432909116,-0.6044310862752534
methanol,SMRCCS,DAC,wind,SMRCCS_H_DAC_C_wind_E,Mexico,1,2024,178.42706636271166,612.8349167575334,791.2619831202451,-0.8906110130238067,47.45549617804119,0.1171697629358324,2.301784494440977,0.000321428625,34.96233083444379,0.120281876480666,875.981594627171,-0.6528379449823084
methanol,SMRCCS,DAC,wind,SMRCCS_H_DAC_C_wind_E,Thailand,1,2024,180.45464666228796,823.7870195380432,1004.2416662003312,-0.8906110130238067,11.669272719816664,0.0298693082271259,2.276269049889171,0.00033918373,2.9394227465052256,0.0101125776022714,1021.1266307165423,-0.8502899434644096
methanol,SMRCCS,DAC,wind,SMRCCS_H_DAC_C_wind_E,Russia,1,2024,191.60633830995744,586.7050243756237,778.3113626855811,-0.8906110130238067,144.64368452298004,0.3542602467845441,2.3881790448542315,0.000274898005,11.710768464281813,0.0402888815561095,937.0539947176973,-0.4957869866781531
methanol,SMRCCS,DAC,wind,SMRCCS_H_DAC_C_wind_E,Saudi Arabia,1,2024,193.63391860953368,463.80321405637943,657.4371326659132,-0.8906110130238067,26.333902875522575,0.0656436581588147,2.3993983003024244,0.00033795924,13.729628827558608,0.0472344228587547,699.9000626692967,-0.7773949727662374
methanol,SMR,SMR,wind,SMR_H_C_wind_E,South Africa,1,2024,133.69110276099715,174.45058357287564,308.1416863338728,1.0941010998940903,24.53851842343582,0.0612638196651808,2.3634903994060386,0.0004340817049999,18.087125459571656,0.0622256393808624,353.13082061628637,1.2180246406451336
methanol,SMR,SMR,wind,SMR_H_C_wind_E,Taiwan,1,2024,131.54632571135548,394.0427751860318,525.5891008973873,1.0941010998940903,6.525622092765043,0.0173213779005709,2.3754370312337483,0.0003893878199999,6.187684866182444,0.0212876638659976,540.6778448875685,1.1330995294806587
methanol,SMR,SMR,wind,SMR_H_C_wind_E,Switzerland,1,2024,157.99857599026936,1700.255239814385,1858.2538158046543,1.0941010998940903,11.96100749459355,0.0305809949051598,2.9013606570253185,2.2653065e-05,23.89291933624232,0.0821994730835609,1897.0091032925156,1.2069042209478111
methanol,SMR,SMR,wind,SMR_H_C_wind_E,Singapore,1,2024,132.26125139456937,1813.381777503008,1945.643028897577,1.0941010998940903,1.0509671989197895,0.0039659630112667,2.4600262639578463,0.000305510255,0.0,0.0,1949.1540223604547,1.098372573160357
methanol,SMR,SMR,wind,SMR_H_C_wind_E,Hungary,1,2024,128.68662297849994,658.7769618400544,787.4635848185543,1.0941010998940903,18.611567505354483,0.0468050290976679,2.344427090337363,0.0001120408349999,23.265519221402705,0.0800410110669854,831.6850986356488,1.2210591808937434
methanol,SMR,SMR,wind,SMR_H_C_wind_E,Philippines,1,2024,127.97169729528603,395.97423295244664,523.9459302477327,1.0941010998940903,10.107765430778445,0.0260600128282098,2.301470517613267,0.0003753061849999,4.77723291213275,0.0164352468883576,541.1323991082571,1.1369716657956574
methanol,SMR,SMR,wind,SMR_H_C_wind_E,Netherlands,1,2024,146.55976505884712,1153.5215075570177,1300.0812726158647,1.0941010998940903,5.11922627434319,0.0138904767720408,2.673239243439774,0.000154897985,30.748135543443095,0.1057836635366315,1338.621873677091,1.2139301381877625
methanol,SMR,SMR,wind,SMR_H_C_wind_E,Norway,1,2024,162.2881300895527,877.581604190996,1039.8697342805488,1.0941010998940903,21.57408582181769,0.0540320894331074,2.878079638369897,1.8979595e-05,32.62999337783025,0.1122578712392522,1096.9518931185667,1.26041004016145
methanol,SMR,SMR,wind,SMR_H_C_wind_E,Oman,1,2024,136.55080549385272,101.68943649883326,238.240241992686,1.0941010998940903,18.344062311311852,0.046152450456501,2.4808268853024247,0.000333673525,11.866993217987575,0.0408263459093141,270.9321244072878,1.1814135697849053
methanol,SMR,SMR,wind,SMR_H_C_wind_E,Italy,1,2024,137.26573117706658,1283.4967138874997,1420.7624450645662,1.0941010998940903,11.7952928886772,0.030176734297296,2.651130418026521,0.00017632656,23.438450139177007,0.0806359500997951,1458.647318510447,1.2050901108511816
methanol,SMR,SMR,wind,SMR_H_C_wind_E,Austria,1,2024,148.70454210848882,1096.2667000780557,1244.9712421865445,1.0941010998940903,9.69360858844435,0.0250496776443731,2.747006911612064,6.3061235e-05,23.438450139177007,0.0806359500997951,1280.8503078257777,1.1998497888732587
methanol,SMR,SMR,wind,SMR_H_C_wind_E,Finland,1,2024,154.42394757419993,1161.3845941425466,1315.8085417167465,1.0941010998940903,18.67936439460148,0.0469704195380984,2.7447410684048363,4.408164e-05,34.80119959123365,0.1197275321955337,1372.0338467709864,1.2608431332677226
methanol,SMR,SMR,wind,SMR_H_C_wind_E,Portugal,1,2024,130.1164743449277,988.152894655022,1118.2693689999496,1.0941010998940903,9.118529180062064,0.0236467720289204,2.338503485785557,6.857144e-05,26.641404839611052,0.0916551639924579,1156.3678065054085,1.2094716073554685
methanol,SMR,SMR,wind,SMR_H_C_wind_E,Germany,1,2024,147.27469074206104,1035.0251831387093,1182.2998738807703,1.0941010998940903,13.85107818025421,0.0351918203665945,2.718032551163871,0.00021061228,31.450904768439617,0.1082014199933082,1230.319889380628,1.237704952533993
methanol,SMR,SMR,wind,SMR_H_C_wind_E,Greece,1,2024,131.5463257113555,557.5098166415739,689.0561423529294,1.0941010998940903,8.034570812196023,0.0210024567238846,2.4189064262337494,0.0001959184,20.836858989681684,0.0716856239107726,720.3464785810409,1.1869850989287476
methanol,SMR,SMR,wind,SMR_H_C_wind_E,France,1,2024,144.4149880092055,1133.1538177888528,1277.5688057980583,1.0941010998940903,16.01757606052169,0.0404769896802436,2.609879740267486,2.693878e-05,30.04770400727699,0.1033739494956759,1326.2439656061242,1.2379789778500099
methanol,SMR,SMR,wind,SMR_H_C_wind_E,Brazil,1,2024,131.54632571135548,1055.7107909045835,1187.257116615939,1.0941010998940903,68.96650800287952,0.1696458537908778,2.3503349862337486,6.3061235e-05,33.11981038844558,0.1139430022863768,1291.6937699934977,1.377753017206345
methanol,SMR,SMR,wind,SMR_H_C_wind_E,United Kingdom,1,2024,152.27917052455825,831.1159692433797,983.395139767938,1.0941010998940903,12.915972819599244,0.0329106318170113,2.899953030232547,0.000129183695,29.838823491365517,0.1026553320633012,1029.0498891091352,1.2297962474694029
methanol,SMR,SMR,wind,SMR_H_C_wind_E,Spain,1,2024,132.97617707778326,825.5990292467349,958.575206324518,1.0941010998940903,21.385807864799265,0.0535727855538221,2.3805338366819417,8.938776999999999e-05,25.6956650825948,0.0884015092754728,1008.0372131085941,1.2361647824933852
methanol,SMR,SMR,wind,SMR_H_C_wind_E,Sweden,1,2024,157.2836503070555,1689.11489774465,1846.3985480517056,1.0941010998940903,22.56440133074008,0.0564479630816619,2.759498200469972,2.204082e-05,32.381349438995656,0.1114024546001217,1904.1037970219113,1.261973558395874
methanol,SMR,SMR,wind,SMR_H_C_wind_E,Czech Republic,1,2024,130.1164743449277,834.0883491626765,964.2048235076044,1.0941010998940903,20.192921188248224,0.0506627397536433,2.3880953307855566,0.00025346943,23.438450139177007,0.0806359500997951,1010.2242901658151,1.2256532591775287
methanol,SMR,SMR,wind,SMR_H_C_wind_E,Japan,1,2024,154.42394757419993,935.2276591345974,1089.651606708797,1.0941010998940903,9.224572746193816,0.023905465197621,2.793108423404836,0.0002951020899999,10.92443852443044,0.0375836488544879,1112.5937264028262,1.155885316036199
methanol,SMR,SMR,wind,SMR_H_C_wind_E,Belgium,1,2024,146.55976505884712,698.1885471582538,844.7483122171009,1.0941010998940903,3.4214706685224665,0.0097488037467934,2.690994348439774,8.448981e-05,30.686449491618188,0.1055714433016215,881.5472267256813,1.2095058367525053
methanol,SMR,SMR,wind,SMR_H_C_wind_E,Poland,1,2024,132.26125139456937,917.7036678568704,1049.9649192514398,1.0941010998940903,11.233270499248109,0.0288056812659274,2.5365568889578465,0.000376530675,33.72534462020336,0.1160262384989164,1097.4600912598492,1.2393095503339342
methanol,SMR,SMR,wind,SMR_H_C_wind_E,India,1,2024,126.54184592885824,602.8895162320108,729.4313621608691,1.0941010998940903,29.393763775113616,0.0731081856240144,2.2627002371650744,0.0004334694599999,5.7104748980090205,0.0196459051766533,766.7983010711567,1.1872886601547579
methanol,SMR,SMR,wind,SMR_H_C_wind_E,Indonesia,1,2024,115.10303499743604,963.9544394787606,1079.0574744761966,1.0941010998940903,14.675222299770391,0.0372023190844393,2.0309053535795303,0.00039551027,4.197174123187385,0.0144396545483093,1099.960776252734,1.1461385837968388
methanol,SMR,SMR,wind,SMR_H_C_wind_E,South Korea,1,2024,134.40602844421105,720.3886479892179,854.794676433429,1.0941010998940903,7.503288733588453,0.0197063946486234,2.3917530921301347,0.00025346943,9.500245533720006,0.0326839582073043,874.1899637928675,1.1467449221800181
methanol,SMR,SMR,wind,SMR_H_C_wind_E,China,1,2024,130.8314000281416,589.5394419504313,720.3708419785729,1.0941010998940903,78.31080589228577,0.1924412587218022,2.315337598509652,0.0003428572,8.004084356420046,0.027536673411696,809.0010698257885,1.3144218892275885
methanol,SMR,SMR,wind,SMR_H_C_wind_E,United Arab Emirates,1,2024,136.55080549385272,100.26836293895448,236.8191684328072,1.0941010998940903,10.915758228841952,0.0280311104142585,2.425112590302424,0.000234489835,12.367972595646318,0.0425498791573762,262.5280118475979,1.164916579300725
methanol,SMR,SMR,wind,SMR_H_C_wind_E,United States,1,2024,142.98513664277772,436.551918775424,579.5370554182018,1.0941010998940903,77.51788024031099,0.1905069174228829,2.558864559819293,0.00023510208,28.546969303384355,0.09821093026968,688.1607695217165,1.3830540496666532
methanol,SMR,SMR,wind,SMR_H_C_wind_E,Turkey,1,2024,130.8314000281416,379.0574954367464,509.888895464888,1.0941010998940903,10.146640984986664,0.026154849702053,2.3502355635096523,0.00028775515,20.122370978977905,0.0692275509905964,542.5081429923621,1.1897712557367397
methanol,SMR,SMR,wind,SMR_H_C_wind_E,Australia,1,2024,146.55976505884712,550.1546433333062,696.7144083921534,1.0941010998940903,78.8034842059262,0.1936431469527896,2.673851488439774,0.00033795924,6.415478997478705,0.0220713503339662,784.6072230839981,1.310153556420846
methanol,SMR,SMR,wind,SMR_H_C_wind_E,Malaysia,1,2024,125.1119945624305,359.9044654862547,485.0164600486852,1.0941010998940903,15.45206399926973,0.0390974235981119,2.238623836716881,0.0003697959799999,0.0,0.0,502.7071478846718,1.1335683194722022
methanol,SMR,SMR,wind,SMR_H_C_wind_E,Canada,1,2024,145.84483937563326,284.0620536836044,429.9068930592376,1.0941010998940903,78.99871720537578,0.1941194176508137,2.5837520507156784,0.0001071428749999,26.728083276427434,0.0919533662227398,538.2174455917565,1.3802810266426437
methanol,SMR,SMR,wind,SMR_H_C_wind_E,Mexico,1,2024,125.82692024564436,215.0582292969397,340.88514954258403,1.0941010998940903,47.45549617804119,0.1171697629358324,2.301784494440977,0.000321428625,34.96233083444379,0.120281876480666,425.60476104951,1.3318741679355885
methanol,SMR,SMR,wind,SMR_H_C_wind_E,Thailand,1,2024,127.25677161207216,376.8789441802652,504.13571579233735,1.0941010998940903,11.669272719816664,0.0298693082271259,2.276269049889171,0.00033918373,2.9394227465052256,0.0101125776022714,521.0206803085484,1.1344221694534877
methanol,SMR,SMR,wind,SMR_H_C_wind_E,Russia,1,2024,135.12095412742494,190.78258257317032,325.9035367005953,1.0941010998940903,144.64368452298004,0.3542602467845441,2.3881790448542315,0.000274898005,11.710768464281813,0.0402888815561095,484.6461687327113,1.488925126239744
methanol,SMR,SMR,wind,SMR_H_C_wind_E,Saudi Arabia,1,2024,136.55080549385272,99.2607987775568,235.81160427140952,1.0941010998940903,26.333902875522575,0.0656436581588147,2.3993983003024244,0.00033795924,13.729628827558608,0.0472344228587547,278.27453427479315,1.2073171401516596
